pca_00	pca_01	pca_02	pca_03	pca_04	pca_05	pca_06	pca_07	pca_08	pca_09	pca_10	pca_11	pca_12	pca_13	pca_14	pca_15	pca_16	pca_17	pca_18	pca_19	pca_20	pca_21	pca_22	pca_23	pca_24	pca_25	pca_26	pca_27	pca_28	pca_29	pca_30	pca_31	pca_32	pca_33	pca_34	pca_35
-0.1256908397404527	-0.1477272815318464	-0.05643709935145072	0.20027432120905844	0.11680818749526678	0.20755576458458522	0.060813842272742245	0.039465937973418984	-0.15717039292548304	0.14142210283714213	0.009153099299168405	0.10386392883822787	0.0014614656656138428	0.09016293634777872	-0.09499153898678067	-0.2085845372832075	0.07463016470272293	0.2141345973430634	-0.0018360872595307462	0.1930306501505414	-0.1728171192407523	0.041534755120149	0.0781730912894208	-0.011510417235843989	-0.04327436379286883	0.13236768048978453	0.04831775977676868	-0.15546841834204544	-0.011936877604824312	0.010603323760724684	-0.11131808784546131	-0.20902078017018175	0.062851504167566	-0.13563170184460374	-0.19154237535823862	-0.04093964180195244
-0.11458511860849441	-0.1304226779363534	-0.09750025096726846	0.1815673573891906	0.05641221514459821	0.14999531948944297	0.011292268173108076	0.008739131169361125	-0.14523436424128805	0.07935245066803419	0.02472632921119986	0.0697272320642817	0.0037316513115104805	0.055031903732760304	-0.08498700833755457	-0.2065763726483387	0.0689362334666513	0.1672075472151242	-0.01771566270665288	0.08039131920689886	-0.11243101484253591	0.006214424936170369	0.12037390800989387	-0.0027150574774415233	-0.02421935191950135	0.06831875434861356	0.03452721423516329	-0.09415063944395223	-0.00014858441974463727	6.129595269074037e-05	0.021922537871162894	-0.12149230115863302	-0.05993656971270762	-0.08970816378507847	-0.030705695203081952	0.007021677167972487
-0.09658145667831997	-0.062837509099961	-0.05960911414190914	0.1327715026465182	-0.01602656069885447	0.14052134502999208	-0.017980518358931954	0.14318773199589663	-0.20744553853953177	0.1568801529143301	-0.06148536494471004	-0.055516759606277166	-0.16048578181134793	-0.046349801915587435	-0.056554855961121475	-0.12830378481507557	-0.16223255257794902	0.15343371086358817	0.05422771492151914	-0.35829272119242944	0.13315706744202932	-0.21529203432933317	-0.10879617729698984	0.2175542658775014	0.11507090104460209	-0.09529343501823512	0.14784869616605187	-0.20343219888308753	-0.19163127365362312	0.26226696164851737	-0.11409267320650518	0.13215613813276	-0.08885160667213324	0.11140490201778863	0.022495794266432292	-0.015463954707403839
-0.06212838984044794	0.4030684442675496	0.004711802866162056	0.26196492288687767	-0.2898879164988265	0.006077701832604254	0.07342083591915803	0.5919366634617014	0.13626036916231057	0.04990634420219142	-0.3783207786755134	-0.1728068290720593	0.03434379203640596	0.14706205693581376	-0.1354964742442146	-0.014292337309200681	0.0717296668228607	-0.02681238200074962	-0.01989982094281648	0.09832676113531133	-0.03903347889950262	-0.025520055114408836	-0.0010529109817969846	-0.020462270904220276	-0.095532756096071	0.04418609875061605	-0.012951189446759227	0.003201365409453663	0.07920630137143388	-0.0701699249871501	0.0719460971497313	0.022186124755087862	0.08453695641375295	0.07164785572479401	0.011196332646101596	-0.055954635149822976
-0.05937323314677238	0.1951733291900012	-0.061346843853038874	0.24393956799417832	-0.0641224777763193	-0.07952985295074563	-0.07189761696685584	0.03284963257033976	0.3478423684531734	-0.30293288016252906	0.4118545850458713	0.1365306561937677	-0.3077896364482801	0.011185264701619818	-0.11996388959359655	-0.10489225624679549	-0.009198898712546089	-0.10905152725128395	0.00838471593768657	-0.14675881713818642	-0.11108422682231635	-0.09587559009984045	-0.18738037682683634	0.07758975634325471	0.18041757864277005	0.1583392034553241	0.133627386237347	-0.15031044868004434	0.06691278162649479	-0.15982727006016278	-0.09051593333522522	-0.019701828684286847	-0.06636239341706178	-0.22601766979585602	0.020461170224048246	0.032189493030879666
-0.11523202753945688	0.05644488697492471	-0.1315360791709692	0.13880024670669278	-0.009333799376586537	-0.0012379160319259397	-0.03634037932766725	0.07030197046744688	0.08313646460070251	0.09521731795880883	0.38723084839790317	-0.0025107034980416804	-0.019604866903278385	0.0464857965377858	-0.012323911388556425	-0.023638813718894338	-0.008716079807926758	-0.18658081581401736	-0.04254167931878691	0.10410824937559471	0.04352280017370931	0.16583440065504781	0.03621237101309492	-0.14172005737442578	-0.11711482000085721	-0.04319338054685558	-0.0050657484416673434	0.21697443437458178	-0.06863808752886658	0.22659100831217574	0.07089825736997309	-0.06279451011579773	-0.03167123015294725	0.0961054619254804	-0.02818247788018796	0.14121861651640133
-0.12046328377060685	0.012576353256734361	-0.2380396599455301	0.024558628181724468	-0.040942280535173944	0.008657298437451943	0.02445129438053527	0.042323561395584026	-0.07471296865536581	0.1140939914961952	0.16785541390627517	-0.04352178943132898	0.020617526297331705	0.10330326234961205	0.007630447030787232	-0.052234402130283436	-0.0046953264970030495	-0.28540320646961714	0.07398315321546665	0.0763857054057285	0.03580514939753643	0.1584963061795168	-0.007718725063628005	-0.0693924429646915	-0.10978705898098033	-0.10595968097605088	0.04667107919338885	0.05762398671790171	-0.10575217752110563	0.19414841277127254	0.052932122614501954	-0.030829599092223374	0.012985216371203761	0.05811408248467685	0.07948492421803632	0.07308249554302992
-0.12887600531396334	-0.09058923037879152	-0.45030434941639474	-0.03522514614736533	0.053813166568902754	-0.04961855932438147	0.05622205137674318	-0.03691025582943118	0.18137617286074692	-0.2074979689740381	0.06114962421569377	-0.3452640672289971	0.5354347815567329	0.198931359431832	-0.035015087766413815	-0.05254236557864861	0.12478072845714928	0.2145538312832368	-0.002751822052302463	-0.14867826007692292	0.15462087619347256	-0.15201959108443355	-0.07874205684233809	-0.02529365848474848	0.1384080165680659	-0.05469528256634372	-0.06325545674623506	-0.0029174645526617304	-0.06117354593678007	-0.08186473178824286	0.019285214459606348	-0.06192321570504435	-0.08511326320039425	-0.058283188490651394	-0.07314900739334419	0.024062112983433262
-0.1288196426556563	-0.10322194926531228	-0.30451370321707005	-0.029816594076596092	0.09582138250738731	-0.0779985063056573	0.025097523860577647	0.016998874431564177	0.03007319875849898	0.1520874644490869	-0.16816932534233897	0.029121377008014343	-0.21440715070562225	-0.1479938350867363	0.09838026440242632	0.07009859731573101	-0.02908833960125287	-0.11798578769601853	0.01592562392680192	-0.08436441194307424	-0.10924676257258525	0.11515048200380767	-0.11374567663478577	0.027177477541525552	0.00211922719500688	-0.004313884712858124	-0.10110688358087053	-0.12727807598934213	0.18825055348989733	-0.05601835983291442	-0.12101330605541401	0.02842597480521597	0.0017989485357375393	0.07384199898640306	-0.07673031036339312	0.1175195935107779
-0.12318216800420874	-0.05162303699138419	-0.22282039709222698	0.004923237938081859	0.1305262943643853	-0.06520794689782666	0.08831458896099043	0.023341588296582907	0.08928308753013023	0.10816675298786463	-0.08268289124939332	-0.0043800695474538465	-0.05749713474568764	-0.06733241205771492	0.10912642217971336	0.16445189434468882	-0.08531712252666383	-0.06107735615864751	0.04727922352782684	-0.12527045874617565	-0.07399488179154037	0.1435488294968681	0.06714295789237411	0.05366897608822082	-0.013904685882161719	0.006044040893197322	-0.05830773717111107	-0.0544742556677017	0.05924180057945533	-0.12577411981816403	-0.017897481298853074	-0.007010400587860038	0.06184556927946328	0.0659386155973057	-0.009414572822094708	0.03960416447048901
-0.12410719819738937	-0.024984469935366037	-0.18621871653566366	0.03823441777895928	0.09868990983665216	0.059088315127259594	0.11853694451615204	0.009600775607648632	0.054803231021828935	0.05714298413584745	-0.07252780364764241	0.019836517917438734	-0.012315622886477133	-0.04312168053664561	0.1536579278269564	0.20740431902905623	-0.04763879631951878	-0.001143386953634834	0.00677471319642425	0.025909728266739207	-0.03652726072268736	0.14181346828241803	-0.046262957292092725	0.09717473381375108	-0.002056608376233761	0.0018721837686221238	0.03533895560485231	0.03937010713139945	-0.04976809785708488	-0.052112972266961245	-0.07872597287135041	-0.053856019046704895	0.1435079836669713	-0.05777994823281844	0.017015868608664844	-0.041189348030629395
-0.11337139592755158	-0.0013784025548117056	-0.14704268529231534	0.08319013866487364	0.015120355020877385	0.06670969352458656	0.005092760977303434	0.00015018630623007652	0.07323669532836447	0.03113169445048758	-0.11454539010549121	0.06630645860802425	-0.04940195180490034	-0.06414377083167422	0.12342880100373177	0.20871855867297512	0.01450852360340843	0.030392941844933505	0.018684478693734616	0.002687222341134443	-0.08302510463092935	0.02716320458894511	0.10649485660675112	-0.007584545853680244	0.14231284570671643	0.04323866386504527	-0.015194673857680599	0.12992917517231078	-0.05567956602519745	0.06923173911385067	-0.06515419365407586	-0.03825060026390544	0.039357791823250166	-0.12755962391591633	-0.00454297630575199	-0.004326789424069777
-0.10046072898407982	0.010524254989027572	-0.0740726798015743	0.10179997628973975	0.048933795915188594	-0.05462703172894606	-0.05435753531366652	0.012732234560399236	0.05986727234441758	0.04491441635089888	-0.06100424750137268	0.03191525637181625	-0.011151371256848227	-0.08752915237604568	0.04922068899062358	0.21643890255012763	0.02809366811029513	0.029859161253168662	0.05094731843553084	0.09932265356502144	0.08208688581947088	-0.03992557355945047	0.02166644293600055	0.0836767399936206	0.026729401233268744	0.057230075444306305	0.05970930750090057	0.11331313082748137	-0.046074797834169096	0.16291210934846603	-0.12461719786490584	-0.10424892063138544	-0.04707143025683341	-0.07574599859749313	0.046676012093890176	-0.022756071572642388
-0.0871326938186005	0.033666206002474525	-0.030170921591547717	0.06380732761351507	0.08332029480604808	-0.0829902408694225	0.05706429531229518	0.027593258242282703	0.037955748605370696	0.0068397515747171955	-0.037710675506571804	0.013155298918153757	0.005057955968317781	-0.06698140103949105	-0.02654012042343666	0.2399799245122063	-0.01061743535288559	-0.021924715289444563	0.0504382203683503	0.026115814213699517	-0.014722871461765097	-0.03530706477525009	0.05985157710207352	-0.047475937161101024	0.14961276310246363	0.0650566884014453	0.053722427788072846	0.03450903070447346	-0.06849792305116972	0.20575954863381898	0.05060063926155306	-0.05359895539650389	-0.04329076155993369	-0.04340213834918938	0.03954779140282494	0.04129310827731296
-0.08457381230059605	0.05673859872677094	0.013621311476847121	0.04858264473876105	0.04475212762319075	0.023560225839405938	0.10378344788959137	-0.034842127399648315	-0.01427076848497466	0.07958431029206953	0.0672787432193759	-0.0028066282297598277	-0.037142887894752154	-0.044054131654039735	-0.08393070276826503	0.18732972810035226	0.011048916934674104	0.028094953889587146	-0.091793167234704	0.09820074211909804	0.0003719684996037753	-0.11582019158539161	0.013931845985904606	0.11810233945134964	0.037435244867715954	-0.045577219220708565	0.04439821461536454	0.12659005735699	-0.09786503963426214	-0.06491493460388587	0.14884723607979297	0.06057172566780879	-0.07949544881063342	0.00022648853734472119	-0.10865136255974438	0.15209131831063571
-0.08215907028636424	0.06149241691012472	0.040298351028804025	0.0696038577605999	0.028685674335301975	0.08054394503146527	0.006032681623528269	-0.07460089032675815	0.02098093990125377	0.11583472557862284	0.060062254690666464	0.009878635871743646	-0.028018518092628997	-0.020016986642055867	-0.0499383057916016	0.10330838468169207	0.08429203096973763	0.03859528785869329	-0.020649279351856953	0.1054428765834823	0.008283770266310317	-0.044843540026014046	-0.001403209627758556	-0.025721972476929658	0.14453287680821808	0.07637917506587835	-0.06193535019997262	0.09527863436816872	-0.042429762364868714	-0.07896717871746667	0.09146819689466573	0.12462657535739653	-0.09275451244768428	0.029489543702144357	-0.1356980538666984	0.05316665392641501
-0.07645272015534843	0.05366113535052243	0.05036496350591389	0.05640890007567488	0.029960151592781325	0.011805258557066945	-0.10086194080159125	-0.05879793297629993	0.01116069990863126	0.11993431375004113	0.05299231104829475	0.004005772951702957	-0.004698926021171176	-0.01345376739262319	0.010986530416809415	-0.024798950481132842	0.11099450940554662	-0.04064690663096826	0.023494854805528386	0.14010153526718958	0.1232679245978556	-0.07108889164797239	0.1121617510003569	0.10546468487709684	0.07582921223989979	-0.003273074495578704	-0.10268983761950212	0.0018709156383864833	0.018753227402370367	-0.10844178405597339	0.06406886824398655	0.06136612302865152	-0.055789285262226845	0.010700712388363613	-0.06701529159777549	0.07882158424035207
-0.07083834808708349	0.05863802918823793	0.09045598089445003	0.02644269398274515	0.07823779672354568	-0.08736769753429524	-0.039723842922442	0.0013152622276907389	-0.0012657435088467839	0.10042066165060784	0.05336906093696252	-0.005000678257820036	0.04108984225874972	-0.06163820300635747	-0.06469797602744162	-0.03169724887028372	-0.015968366915684623	0.0060021214534033696	0.029808598243891232	0.045773595182387994	0.1609433074271568	0.03079963413040924	-0.00646138493661802	-0.003270460191295208	0.0751424625930811	0.13918304110330493	-0.10385436473255079	-0.03658581774937881	-0.011770156199968	-0.055483292313493325	-0.00999610454646601	0.09841021662470445	-0.0507596317529738	0.05843753095632892	-0.11524867876489586	0.023489045053329997
-0.06841028617002795	0.07325772638478249	0.12167859482221907	-0.004885589803462281	0.08653393586233418	0.003943520843643696	0.058158696678741434	-0.005598486055234164	0.03414055903958785	0.1101687591860008	0.05963325200754691	-0.013810779508000748	0.06755231997054734	-0.06350099499390369	-0.05968420797966792	-0.009100520130869677	-0.04494868930813986	-0.03301756219745655	0.04436105549058709	0.005302230364787525	0.09468065154097338	-0.044799606362131136	0.07411964065171026	0.11638094881923321	0.041140785366157485	0.038820470124170586	-0.0827774898588696	-0.06566538652849699	-0.0003013952696567816	-0.1369662587255843	0.12249099167512675	0.012608489644796425	0.00709205305906821	0.052683949004770095	-0.09520635440049655	0.12445217591531331
-0.06909891942686912	0.06545796745907922	0.10235513923810341	0.05106279395842584	0.06882215122869167	0.0841366359431414	0.0064829056920854815	-0.08636361858696726	0.11924546858870982	0.04725920435333932	0.01172682341525813	0.05519233353707775	0.08242259543144627	-0.016262053537900445	-0.01689610310898662	0.014841188377717446	-0.061418314511115665	0.05573708011576227	0.16602842608192867	0.02744652566019351	0.12122866297708665	0.07878669605764513	-0.10014240237669056	0.04900513598814923	0.001699080756785161	0.08979474889422837	-0.05741613270031093	-0.12080869327213617	-0.018868174174363633	-0.03064874036373881	0.059587234148980664	-0.0060886927329653895	0.07231971236598841	0.08865081470405944	-0.11448769201695046	-0.05408864173697836
-0.06443359939935779	0.061859354584374776	0.06940290044558829	0.05130003398522405	0.026553814114527997	0.051162091324403865	-0.09144151323575059	-0.08238522803017453	0.07857393619753007	-0.026097205692321622	-0.0340337831583033	0.13319809241971825	0.06246240617999056	0.06316820286579328	-0.017709919462848223	0.04010851824882483	-0.09486989692428477	0.0458128092441723	0.1886737954207822	-0.04171671216818593	-0.013939354477713634	0.07060054801397227	0.04349086373007194	0.04558052648711562	0.02181333046537319	-0.02960414352421531	-0.027412065724601906	-0.042278808464419074	-0.03015261519292725	-0.037614693135331244	0.11073553231596216	-0.0510132214633397	0.0972737651077978	0.01761114294856833	-0.09323798095254135	-0.1809464145570479
-0.06536715405990669	0.0643624512165078	0.0770785300870625	0.05516858671935961	0.07148308022119484	-0.03464620751012477	-0.10549334180464577	-0.034931608448103765	-0.010018479920612547	-0.07039669114628298	-0.07161386146298376	0.13954829615793274	0.08034032370901122	0.09585733595414447	0.010218369916908707	0.0545884980138069	-0.07369389331295337	0.037516334710111815	0.11357142996808388	0.04418444375010416	0.04726862706731841	0.002938447377272564	-0.05520126074296664	0.10075539697021323	0.007184275127304549	-0.05933049660629565	-0.031886991561064705	0.09751350470953787	-0.00989110984442	-0.04305575577630017	-0.06179142708740478	0.042147213078176524	0.056650692211598186	-0.0018352209073455444	-0.18504115885597522	-0.06041523704519683
-0.06389759088377293	0.06658523859163502	0.06784189695808808	0.014517324507144082	0.07822126305111624	-0.0037836338023422736	0.07425375915752008	-0.08423388456107281	0.03111092464378764	-0.06602877881026552	-0.04609478162381775	0.08408802206502115	0.07460576847309285	0.024975289946148893	0.015396982533943906	-0.05644630058182076	-0.05938793115846197	-0.04447850711805895	0.17214109888956358	0.09049451923563892	-0.021743060465648917	-0.10215888813176155	0.014867966131774324	0.07264864627285049	0.014836426761893912	-0.010848752003276375	-0.03855378651836487	0.022045057696128134	-0.07875420170021008	0.0029530615646756898	-0.07047337396854442	0.09546439799754874	0.05256634810648425	0.06977975004325734	0.04260678376285376	-0.0035544085526847888
-0.06431082296186022	0.06301854884134574	0.0033658445903507455	0.02632489441191113	0.001831008057226872	0.009728790039808656	-0.04058973981787358	-0.17346992561542995	0.05495925761701206	-0.04522201309870894	-0.09262667773147637	0.05528141946689088	0.013285885494206524	0.020955353800354654	-0.013167078881220318	-0.0681932909048377	0.027396414988087175	-0.042896914836217936	0.15240070215303925	0.13765461858305675	-0.08652220732162494	-0.1004403926456443	0.023246641797063525	-0.030860113300275917	0.04353693871236686	-0.030856608066986535	-0.04196026781651392	-0.014454772961687429	-0.05057513375659707	0.06838807819858322	-0.05915108871496946	0.07843855187047724	-0.03432751215744963	-0.021622647403395617	0.1162368201627903	-0.0818132397894018
-0.06577827182094008	0.05432956891501343	0.005582388080041581	0.03924030598860263	0.05560301450588308	-0.11985980031770466	-0.021677764661931283	-0.12898326532958473	0.026768338612417984	-0.058465232148149325	-0.1253525322669506	0.003082227581343676	-0.019764384951998254	-0.016068999889574748	0.007906054969543885	-0.054146033510887495	0.029788513097527614	-0.00032517235808161155	0.0360947114766658	0.06797582204734387	-0.027306246359373506	-0.12623307458073535	-0.11303641788524382	-0.03648607179873219	-0.052752296843807736	-0.03896350808397728	-0.03815232240924423	0.001989533050279657	-0.02938493023854961	0.09957578143497449	-0.1256252974578081	0.09632239451053393	-0.12300993174175424	0.03300295393158775	0.054622899175483575	-0.07683236648432816
-0.05808418156795688	0.07530816266489149	0.06046146231152814	0.04465312043036347	0.08007198384462023	-0.06832788971988374	0.07918795608221509	-0.11501353755731869	0.056685955037294115	-0.05227450545877712	-0.09816176723939506	-0.014501667662423938	-0.022949163151868235	-0.05023852895431493	0.039371649255174224	-0.043589382272374244	-0.004799702290908314	-0.02917018158966972	-0.011844369513066319	-0.08965504452180299	-0.0859059161109142	-0.1593552103262973	-0.0020123530990215077	-0.025773941404802367	-0.057711235625389865	-0.05805438234630113	-0.04283191184615068	-0.007076975447316752	-0.010770226902203365	0.13238180676240893	0.09543528684605879	0.013573837217530998	-0.15241007407551718	0.03192932233309233	0.030643439822970454	-0.0081984686648777
-0.057826928501457195	0.07429454722235523	0.08962423722626604	0.06778708044499188	0.06467338503520134	0.025850129420769044	0.0714321833791748	-0.11729488719190921	0.11659410252348296	-0.06973937035970286	-0.07397899733911432	-0.03411907654239058	-0.020136029980166392	-0.00926812047114946	0.09490220445996098	0.009536836971814469	-0.00688161748246785	0.020973622245138004	-0.05612203504975091	-0.03448433558254582	-0.015639120780393197	-0.05597935210121359	-0.0641560593501384	0.028228035094819547	-0.16435859259603958	-0.06678860169459797	0.03686557253154666	0.05992009566144965	-0.022431228576325464	0.06869952213114301	0.0835739321074509	-0.04160218183070914	-0.16785877575528907	0.006931482565975575	-0.03645467450552686	-0.04666786991866527
-0.06467538033771221	0.061760356802074624	0.09210005535691329	0.021734120494370356	0.050129987822328484	0.10731517576332475	-0.01305498264473935	-0.04272111157566636	0.014972059746675417	0.029226567359830986	0.0911228521798839	-0.09802380280477874	-0.021120447670715303	0.025345650320145637	0.07266878859348791	0.08554484598555831	-0.02239167966712044	0.14320446099247308	-0.05122168422370266	-0.05990594768068831	0.04796537421148028	0.0689058242825832	-0.015307589264001543	-0.04429145620159726	-0.10748148115965164	0.06426560068560191	-0.01514914601191001	0.03099969466985865	-0.017223293053073407	-0.08142954542616472	0.050545680353045824	0.1094830629930206	-0.14135063623501218	0.019644290539198382	0.054009966632772397	0.0371502646651416
-0.07211708219977235	0.0652965946532782	0.06697297645264036	0.028455574462007107	0.00030586641970943915	0.12807347818167364	-0.05700383987236092	-0.00410040223644221	-0.11050620751463883	0.007595664779076656	0.08867040774322765	-0.04144583953421774	0.008429907746389131	0.03291170485316846	0.0955205314521721	0.09256540585764231	-0.05467511119365606	0.025728939427988054	0.05805300995394684	-0.13113702507275493	-0.004881800065717444	-0.00783567349466921	-0.03221620384151008	-0.009265214486507134	-0.016177319284798444	0.04479619946048884	-0.11642166116006625	-0.017075189940208513	-0.048012183520874926	-0.04438783077497396	0.06275168166979736	0.12092755403456854	-0.024684958400828398	0.01354630927706113	0.10293400946504655	0.05791611058384338
-0.07647371209631018	0.09316262759597457	0.023498869422422578	0.047539403241260755	-0.04086401177577368	0.07837323330428905	-0.08745505019117047	-0.00886289012618239	-0.15999336872571468	-0.0796389552129027	0.05779628489044549	0.031911225259301956	0.05406185652103494	0.037703787809963765	0.070228627957867	0.060800937693333224	-0.04413520798895132	-0.06316609195772915	0.026205090060213772	-0.10578127537856938	-0.0808587698541759	-0.053126905076436956	0.018492094300035095	0.06165495749165307	-0.06685620477187654	-0.03355321993605312	-0.1032535175936222	0.04809995886111709	-0.04201513720972691	-0.08316515942110025	0.0660942530062069	0.04544018724944969	0.028289598744435707	0.026732254603192257	-0.046238749666839274	0.0728675363936149
-0.07635761458981535	0.10568087479085349	0.010398719964531369	0.025489144717864908	-0.026249935079384012	-0.02354904332498886	-0.07863707000725989	0.0002915376772542454	-0.18288928493669548	-0.05084242397721471	0.04177323799909878	0.020657575129129722	0.06563485597715443	-0.017943151296259372	0.05540326801373778	-0.006974308066694593	0.014303444783628327	-0.05856860508155037	-0.03116640762435365	0.018761481590364837	-0.008682519354105078	-0.048540556148693945	-0.07294912793821001	0.08425250297624343	-0.10043616116093015	-0.03461407718917433	-0.05395680604581109	0.055196838836883366	-0.05834967915123472	-0.08771944995218146	-0.02193493015222879	0.025062888260247385	0.019662282395218077	0.009230985001640525	-0.08315528995160701	0.11326763146636445
-0.07305131652783353	0.08848541252515542	-0.013089581585596703	0.030634287128989954	0.030787009223995677	-0.08238670015053706	0.02775596941115393	-0.02504733505434407	-0.07276786015062216	-0.14493829650973902	-0.05794675873834884	0.09228487131080425	0.021601145024961375	-0.00031344454787671466	0.10687431614206837	-0.07414844101051449	0.03668017114449873	-0.06483502985603297	0.12237312246146705	-0.012203600001751802	-0.07105296691168214	-0.01736593988313856	-0.08605875828558632	-0.03855904666897002	-0.0889280452997786	-0.0190018228289493	0.017847600996747336	0.007672396479631471	-0.15543519399970232	0.05407980311339859	0.02040589919542138	-0.06582378223258244	0.04385616316810213	0.11296779787452615	-0.00925715638588645	-0.03634846196612809
-0.06970475306409016	0.10167535375456305	-0.046675586466249	0.0060591745097892105	0.010503017636462888	-0.02510226064547909	0.11414653564497908	-0.09236365588963782	0.023920880313194427	-0.12304001378321956	-0.028142518442368987	0.07329722174502312	-0.040003256001001984	-0.007259445655544473	0.05692261379986954	-0.06278210971291406	-0.004675761352983782	0.0671063096714658	0.1190665806179702	0.06532116497827495	0.0113484773465925	-0.08022398974188263	-0.029494484944925833	0.027432121956614562	-0.1845612691953215	-0.03422011135322839	0.07105794441917372	-0.008707266186289697	-0.048987403132948776	-0.02582619975448005	0.02703093736125025	-0.08898228241039935	0.07095920937878822	0.06182340300754207	0.08120333466225506	-0.0028600031948129087
-0.07154667683637166	0.1050747259300295	-0.06919074363022197	0.020963358449895466	-0.05608379826326547	0.0008133921694778027	-0.007493004270176172	-0.1468008059278189	0.04500369863093141	-0.04086536430793168	-0.07167877818474043	0.07214533363836487	-0.0439028684658473	-0.03660934975583094	0.006775315369410574	-0.03320317276753381	-0.008163114423786077	0.067313603338323	0.1403454253930794	0.023976569061220056	-0.01620560474595885	-0.07072063130666999	0.018644331104725125	-0.1006828626036566	-0.07170928485785617	-0.042587364058651725	0.00543654901447858	-0.027999790209399727	0.014123499738482224	0.0122720214773902	0.11760015229204178	0.04286045428859956	-0.010403006973211526	0.028463529675754023	0.08918691307080195	-0.044987453181346254
-0.07555157599749301	0.049329000967544355	-0.04024972693297214	0.059019832134601394	0.04533271592365792	-0.09572574352964637	-0.0751990083343985	-0.11512983195624207	0.01687309381971746	-0.029750953572724167	-0.07704594829078543	0.033126507998589676	-0.08056366771776309	0.001224093959549641	0.020539516679201446	0.07046632140451929	-0.06417590413078128	0.14746804543731817	0.09780300209975464	0.03901243508200138	0.07686001255503232	-0.07677263353884442	-0.07911567541973946	-0.04914201923585887	-0.19335230344086793	-0.06394157313664618	0.0065453643445037395	-0.0200030618373631	0.07326156217189717	-0.013321298195168956	0.01838249417274032	-0.057404373423213584	-0.037504087251366364	0.004439631719401442	0.10022531292382919	-0.13084756348377227
-0.07750477213983738	0.03327663900500433	-0.0041244112319724375	0.0360511580391863	0.059796464123850986	-0.09081081876145457	-0.043922678863185724	-0.03302558513404645	-0.0967926820415462	-0.012814230152248576	0.10740795896541525	-0.03535505293816655	-0.011542682077772422	0.01731863586926293	-0.12706144533310804	0.13829234814637997	-0.13632326755815027	0.19516374714729118	-0.0880667538889348	-0.05407316492621178	-0.1113301587129567	0.04992604143868562	-0.025294005916948723	-0.05091805600488704	-0.14186918617457572	-0.026597894597375285	-0.001723740857629441	-0.024259244950145233	0.10875802515257774	-0.03168240448254049	0.13791681081925877	0.12916950214068584	0.08861720518492594	-0.00236584816129223	0.06291964337569941	-0.012754920168244038
-0.09169407531647153	0.01214617816043582	-0.002407831958056422	0.06225930080338595	0.07136945162177193	-0.05287783823393851	-0.012298596170500872	0.01106264385070239	-0.1527580089379655	0.055085180910198296	0.06571029639224725	0.0016209308252561803	-0.007687930565295033	0.01404087626064337	-0.022069123742374314	0.0848976636840433	0.05285456513359713	0.08181271986270121	-0.12162978627978371	0.02370325476528181	-0.09628859663593199	-0.0036829893046364005	-0.06339188705812804	0.05432514194405587	0.03932174356907995	-0.06999733386980313	-0.017347961395742916	0.07718660271844956	0.08240517458235921	0.03628350085583708	0.14175991373130423	0.06823568498823022	0.04536771162686357	-0.06887328443238457	0.05353010866479514	-0.0013421210365483903
-0.0733910242686941	0.01213903318333664	0.03000225311362454	0.030277424592852407	0.0766367562652169	-0.060587153189986614	0.00995558018706487	0.024797239230725396	-0.14258168365647347	0.010306983017790433	0.050393977028949516	-0.015305074295745335	-0.002908373762522109	0.021950153058677622	-0.003056310187116621	-0.02306320441884642	0.07513005640545939	-0.002642584607135211	-0.01812486642874546	0.037523693795435235	-0.06870307876892903	0.030092599211658244	-0.04070446916600741	-0.008036863524483458	0.11290551852049324	-0.07962852784455754	-0.02292543813141329	0.11250047703418646	-0.02765800858042421	0.025955200115375374	0.004289582813496798	0.11962229185032401	-0.016315259211449974	-0.02593210060529256	0.11677167954789898	-0.08874513463723445
-0.06797961096272293	0.045522524189166885	0.026482629812017506	-0.0037765090473954937	0.03316625902889703	-0.007650489229579605	0.118781385672848	-0.032393725382946284	-0.08059212854784888	0.027553991311020817	0.06254774017325421	-0.060727050102717464	0.01423107877699106	-0.01988592116980237	-0.052141519675033096	-0.09569440219881366	0.009692079252855059	-0.08510842269613816	-0.026888545248220243	0.045119679765941	-0.01177679762495823	-0.04582504948851015	0.05824262585728037	0.05163206863767573	0.03407128562898917	-0.09929626953613421	0.01596301583487846	0.06912357035618247	0.021143731218727986	-0.05089265817231784	-0.03736532195233893	0.0742689773499452	0.0030356624981766264	-0.024109556181128255	0.1815977412401001	-0.03202786148538528
-0.0738830105458384	0.04840789312805758	-0.003848326533335945	0.004541644182358301	-0.0193100358091199	0.06525527550713647	0.07798722130095426	-0.10142755088204972	-0.039607974286532836	0.05627126627929391	0.01256233522158395	-0.07136236271766863	0.012945033315499583	-0.05903904174552738	-0.05915347538014042	-0.11578742143244897	0.009515226887076051	-0.0863595357856614	-0.10978156500612875	0.048044704219421724	0.0003052109732032057	0.0679099552205441	-0.07885878774000495	-0.05574963998725827	0.07108478949862117	-0.024536755107575185	0.02051625269855739	-0.003136251536433047	0.009234310668017505	-0.03718141962997097	-0.05844265034455652	0.04220917415191164	-0.002392006693545355	0.0011892984190949307	0.12998239153063715	-0.08493316119767716
-0.071340177304684	0.04502159001849782	-0.006065159986459066	0.017695051753302233	-0.042711318452599435	0.07680777794908324	-0.016160645795607467	-0.09495466943643725	-0.05091367779862493	0.0197629318741062	-0.03830495875241465	-0.026802548486438132	0.038470532081669576	0.008112286241917803	-0.00682754237122992	-0.10737840947834529	-0.009494139334231	-0.1401418027149392	-0.11020930313753141	-0.08075582424614398	-0.04826817405885475	0.1285724782291887	0.034451955269349736	-0.05541771567887016	0.07718515862589068	-0.003517765898467383	0.09289018901893424	-0.01176334565413062	-0.010828150430919663	-0.024274007466805456	0.061210782032930254	-0.008047261638656378	-0.10199012758412583	0.030811454374061034	0.01736761141784121	-0.14490585351593124
-0.0730663398633078	0.04873221628454488	-0.018143811432893883	0.01150386314234733	-0.037380178763678676	-0.01283304864369015	-0.082461333744286	-0.06000935493761815	-0.09613308902733991	-0.017353296629645982	-0.04334568096096554	0.02834926533255759	0.03867671127150688	0.039230324223056126	0.03319200840244315	-0.1016819294145138	-0.03954618377801839	-0.11422797770926903	-0.13142255815742143	-0.029418586734575092	0.047194130530153894	0.06434786062701271	0.06643300175156283	0.07884157600872385	-0.024127437943551967	-0.08249257760065214	0.12168875406432875	0.029839988043815054	0.04096345113560212	-0.1467791680512492	-0.06082993592315762	0.02479873043670724	-0.06098697412507292	0.010325512715213661	-0.12262448473748647	0.03297153389115913
-0.07036569282699967	0.023346250859298194	0.03370925534247411	0.07222117496488797	0.08499187785770923	-0.1085430689129625	-0.015172097468257817	-0.055893085341993554	0.012819082281921126	-0.0761814113963749	-0.0880224014436315	0.06695855291873737	0.020248923283614675	-0.06344378572174748	0.038696189465411014	-0.10507860622040235	-0.03171730313895249	-0.006349217320681144	-0.09906588568415979	-0.023393976994715862	0.048010734999996606	0.13947775816637958	-0.022693513247961816	-0.10319256765685259	0.07205914407148273	0.06556162922818956	-0.08510462844359298	-0.0005673539135945677	0.14986338291925597	-0.0576223770437917	-0.08263490888211403	-0.1418988588679399	0.12809522900854253	0.03763450763288684	0.04449201610133408	0.131927487206661
-0.06904752247410309	0.027593490525702077	0.0861765166177132	0.06721938178159212	0.11439731648715575	-0.032012682029927145	0.06465258799475755	-0.006074226168458526	-0.022023444905224288	-0.04733363358940897	-0.064119719666287	-0.0004616763699587302	0.0315811485221958	-0.03866528807787923	0.05367840155175959	-0.0821039679738329	-0.02619057559094929	-0.00229801795781714	0.02716923696155535	-0.07509911176521655	0.1285600014259541	0.0938655641207018	0.1329144662373158	-0.04522251034808221	0.03528229145241489	0.038810196718306406	0.04102256852694983	-0.12105078109200448	0.046413131022770164	0.03949091590678206	0.06007413515704035	-0.11332655609790193	0.09353467063862579	-0.07058965810223185	0.128643208481644	-0.018655221343825214
-0.06768855017022382	0.05164057466750614	0.03597074418868561	-0.007421814134722286	0.0018637514859557328	0.07111924713726742	0.0919139254225243	-0.027789593790179968	-0.05745436345580501	-0.05325687594398546	0.0005994931071127644	-0.060292835493052054	0.006553930345206462	-0.02527732124014883	0.05041981966059748	-0.06429763156591964	-0.01646372551764949	-0.012667258920593276	-0.05838724751956276	0.0689929243579708	0.14965852813214395	0.043647152136667935	0.02894027802420793	-0.04141789161009269	-0.04033064303605396	0.023243471384681753	0.03968870844534574	-0.039336190760796724	0.04300439765201992	-0.012578612384392365	-0.04800565509850391	0.010591235889543436	0.1839785060179569	-0.16103044148121307	0.12783561157329534	0.03716507094203609
-0.06745269510924347	0.05623370104741699	-0.025553761392232782	-0.023640956016282893	-0.06344323095945914	0.07700070643533001	0.025875332609968826	-0.06603740402736127	-0.060467452210299394	-0.028632882268865796	-0.02649199540628289	-0.07022162969904566	-0.03518024626999225	-0.04595434428607717	0.026625520102349195	-0.044741637761585705	-0.013950016245667381	0.014177074405652015	-0.037184560679217264	0.00861466559226173	0.06659299581385052	0.03992438582719758	0.048001337514641	-0.20202692279200743	0.02028366145553493	0.024819588444768996	-0.02078979661396437	-0.022230003546669156	0.035921831996552106	0.021725850759898024	0.004140059674387651	0.09289035853280858	0.12319536412140585	-0.09693867061735141	0.07558654521545727	0.0306063686189231
-0.0662130373557899	0.054084275278263566	-0.02764132545322381	-0.008653896465393085	-0.06481188309440264	0.044086061490623614	-0.0415925230704405	-0.052617367484344	-0.03385311356970929	-0.012726502925020625	-0.0433304578260007	-0.07417020218882409	-0.06746093267572163	-0.03548967479190265	0.015011954207190606	-0.007697436281700697	0.016491253298425414	0.011148832748747475	-0.07514069285344639	-0.05306606188175769	0.036142814074101	-0.030895515218485436	0.1053951998008951	-0.15400070924636938	0.04468060650549081	-0.04186052092748925	-0.04730903748904555	0.043231224283239625	0.11049617609121506	0.0029255467174455624	0.03848947579156714	0.04710434674325281	0.026395449320342275	-0.09671203129589766	0.015788999210885342	0.0015162650712891674
-0.06355679378579619	0.039231022069762575	-0.005529205536113426	-0.004683901053261542	-0.027396046058421736	0.027716031198434056	-0.0882782373923191	-0.04310140888311848	-0.022012825665825353	0.0013708283473829912	0.007290925156748172	-0.08559727391256865	-0.058337436831363325	-0.015904702233414166	0.03363038165484881	0.006016451348825704	0.0427994505769926	-0.003944771157644932	-0.02015975227450509	-0.03358996111584944	0.10833962593864929	-0.025993377245638015	0.10707404415391453	-0.065971252617198	0.025057036719447524	-0.032604282764274996	-0.012667934630995827	0.03051683534607824	0.14584788378609706	0.03630868498216132	0.0824072046031184	0.014914425533518037	-0.0044264590711257795	-0.045535536024510916	0.044709169945474976	-0.04123803092086642
-0.0674884898986806	0.025344844802094695	0.002979530707749189	0.004496776798336898	-0.00414136592917181	-0.02935350521879738	-0.0980097471364127	-0.03741447093092597	-0.10315521837185325	-0.021005673926527458	-0.003755853685257297	-0.029107652775240283	0.0073408030508961015	0.012903491331120873	0.011892576625334238	-0.013333277445924876	-0.02301508264712506	-0.022490646242921745	-0.051598773063003256	-0.000758144860428505	0.13343679927820373	0.02017179002929582	0.046396471988561276	0.03629510053177795	0.022683520422711167	-0.023810723750882914	0.03443306396565974	0.07186672264087426	0.13282111525212223	-0.06148523548823725	0.030299916428377354	0.014765933682984437	0.03742867546696174	-0.013823630375001329	0.007932803788060036	-0.035790469959284005
-0.060921483643011975	0.03650572186216222	0.04211983150194889	-0.02580140505065815	0.04345276434721053	-0.08201616676209052	0.03774965944949272	-0.02265203295989616	-0.07737827736495122	-0.014883786988766788	-0.01545809205725685	-0.00012227963196447664	0.05302710483360417	-0.042175120218761665	-0.04623903764671944	-0.08636709135082485	-0.07027529109873816	-0.052757166903084025	-0.005211565954875316	-0.033888019804318985	0.04896332917557597	0.008764844675954599	0.0680841825023874	-0.052728364847685345	0.1212231708934638	0.04778930889080034	-0.027909568676060044	-0.031815415536267384	0.060379604966404855	-0.06770038068915107	-0.012240734322920908	0.033285960905554635	0.028659349199303866	0.04969214035221875	-0.013853575802072578	0.06323320815826164
-0.06309777492931162	0.051514343921308645	0.021940786715790184	-0.04184188205087398	-0.023584131390109023	0.056658802210723884	0.05098512085013908	-0.09423498389368809	-0.027015584567007422	0.04437327853569022	0.008168995166462146	-0.060787915476821684	0.03773027899582237	-0.05334659530734089	-0.09369282570726344	-0.07505262181675663	-0.10663039514750641	-0.010867906355848908	-0.04733801007208843	0.053280199931922005	0.049035957847159146	0.05732487424599189	-0.046306970047648055	-0.025165526460236596	-0.0076245453650567105	0.018700960717965252	0.053235570657611433	-0.05785178027537351	-0.021157657200829037	-0.09160514753932675	-0.05517472610266763	0.04323403107203993	0.08603914213095587	0.04390250510420968	0.028455504271706074	0.013290129628621326
-0.06671330280966514	0.0395926058327741	-0.0029678756095780643	-0.03875893119409885	-0.03965094690613585	0.015500677098301809	-0.08392787567930637	-0.11238190561476152	-0.03456551019379407	0.024025599599145353	-0.045070879196088195	-0.050000115618728753	0.04609425681135415	-0.034557426865020786	-0.0687356768294483	-0.05125883101728862	-0.06830639766730107	-0.0744903161427395	-0.09688933201225952	-0.03148321744121338	-0.08204172712476616	0.009688018526736987	0.100048763492782	-0.003108582567946251	0.013850354917034138	-0.08205421715135858	0.018759566778402525	-0.09703672197704559	-0.04032539836485651	-0.06725099666309695	0.03721988977893146	-0.031761239173265746	0.05313227878850856	-0.05842290224333273	0.04066703854247235	-0.05134217190699892
-0.07223603434462307	0.028374655794025896	0.028458462742317017	0.004893802512563873	0.024534309494574604	-0.05278688347073156	-0.0878187383981861	-0.060027189168348205	-0.07123552162302334	0.010139119400464924	-0.06132245785013153	-0.036057303840616624	-0.005869648549829181	-0.00382841804891597	0.003564110530950386	-0.07833645630953984	-0.002507679337051809	-0.036022699537256814	-0.23968055792662624	-0.042343034845325325	0.008458582591579262	0.010623598633998123	-0.024709797047328605	0.06585824808794895	-0.03438204847157515	-0.07883165311390909	0.022168380438874147	-0.049601750113799116	0.032917640552352564	-0.08211310850304573	-0.06485737429270229	0.0024282471587649887	0.007706282228655548	-0.02944133944949106	-0.06013484457758908	-0.05988339713677701
-0.06716589018033818	0.03326424835799094	0.07008651648305779	0.03984257669355507	0.08792922098132742	-0.09069079139592527	-0.017126759512661335	-0.03524144956353612	-0.027179862671060193	-0.07173660231488435	-0.10656941278228559	0.0037877775564439235	0.02624140101847721	0.009404148178688319	0.04092604660862344	-0.08378492717673033	0.021818684374375927	-0.008669017870480814	-0.08327077382849422	-0.058832099510761925	0.015283139951142973	0.1124027840280116	-0.04617549042107303	-0.044544571746840636	0.05307012635297121	-0.036693216469999256	-0.01678579102778424	-0.02415719521122739	0.0823357686740072	0.02330190696909812	-0.046477522842263946	-0.0521261567113681	-0.05803301772937333	0.07456058275173631	-0.0055214961081174775	-0.08140474972976101
-0.06569311555020702	0.036492796222365724	0.0912332958871721	0.0353266706597074	0.11742319022231772	-0.04093539883753994	0.05914075829276375	-0.020762001245659925	0.015138272202780991	-0.07466579168992682	-0.05610932234521925	-0.028653873601025184	-0.009749222913160471	0.0470003961796626	0.09375308979814417	-0.02729799574388244	0.010653078957690278	-0.005796352189884869	-0.0006406440240402942	-0.09167192127420293	0.0073572977309633615	0.03926028210322885	0.13358198644002683	-0.0509557012265833	-0.007998199735063341	-0.05491466349612566	0.020593257001215528	-0.014386535815732928	0.07924551078959548	-0.010856968860062967	-0.0444107993589033	-0.06262933518487038	-0.0816818448511763	0.1221277438401934	0.04920084228675292	-0.006725601812039239
-0.0727799865302327	0.0009632214863787843	0.073578374931728	-0.04900151903353613	0.10958416062891475	0.03359670785871597	0.04901843296007679	0.03817899119668567	0.06402797558598125	-0.0011910233275935435	0.11900764437997612	-0.09274692180897003	-0.1055516602482519	0.1171437017290691	0.09968176294939565	0.037812712049076776	0.1390104419420927	0.06224837638630409	-0.11414022615580821	-0.04253735699072296	-0.07418423471185823	-0.0672370025662333	0.08097745752782859	0.11685462897242946	0.006533895554765301	-0.03227565140856785	0.09521090567157492	-0.031099312589550114	0.20023836322350902	0.048562687802804344	-0.1857096023698462	0.13695055279275184	0.0470502437384092	0.021657627278660337	0.011108445209735404	-0.06560258937472958
-0.05908529829908832	0.009020365351115842	0.09905931502252655	-0.11192849706795562	0.0670947663019476	0.07019143189340886	0.04065559045315809	0.10133517475316739	-0.048403362965306805	0.08148036697102352	0.08405436921809005	-0.1083247996579668	-0.040728245104376753	0.13506783050442087	0.0892225552864641	0.10437481528472924	0.08290859540466766	0.015031126314338023	-0.015829158695476783	-0.0482276280475803	-0.0592591337687271	-0.08079954556839164	-0.007683564966911596	0.10038666906960042	0.07588884668530235	-0.04420234564380811	-0.05187146878045382	0.041375344998817586	0.09191331034240123	0.06691872576337615	-0.10586664399963722	0.016948139795798338	0.00890118059036394	-0.02783360688527515	0.057853477346161475	-0.03681659184299956
-0.04116838803884911	0.06904512646530334	0.053294948071051514	-0.16108846675357524	-0.041527063140057274	0.08460122091818256	0.018024387477911574	0.01647174709999914	-0.02282471292870434	0.09344396761260083	0.08038655743631651	-0.07232392105718792	-0.021859436709403175	0.13567215462859525	0.07439829100304698	0.0031241615029153824	0.038343718644952854	-0.02323753491965979	0.13855132209315102	0.07664084026030382	0.010276145585319224	-0.028289733477489948	-0.09773506843962922	-0.025155746108314926	0.07073233526476301	0.08821362170542986	-0.09404527166163067	-0.041551529607160936	0.07733376157889382	0.10485666592367955	-0.1359368645384888	-0.01587970794320591	0.0052084074875421915	-0.020361126289219423	0.018124193216601886	0.02626394967273455
-0.03886781197500446	0.08548383799468633	-0.03628208351360067	-0.19638307167909747	-0.10903028996297418	-0.03186540421982929	-0.08649997180439542	-0.018962686137901762	-0.004042989413989671	0.12731570190740427	0.06685046511319495	-0.033587859655291374	-0.022683119600353397	0.13873394448820398	0.01624510409193356	-0.03074117986323118	-0.018147442086797975	-0.04664010680077462	0.11444121032083156	0.07651252565053981	-0.05935135873740906	-0.05547203594094265	0.003047949419199534	-0.00934943632715668	-3.803807762581962e-05	-0.01562936492290855	0.01270859486431103	-0.03409791472027495	0.006008053125653168	0.10455413733948263	-0.02778848809570109	-0.1321232425208353	-0.05743234773179823	0.03383766476366916	0.060930604908912125	-0.032936848031583005
-0.036757927384507436	0.08420257377464162	-0.04962034463776498	-0.2042696027617345	-0.07025511701900308	-0.15345583867268955	-0.04208497367714745	-0.000398073421871862	-0.014875009454795774	0.11851184022698513	0.02470759678786679	0.02407837316436583	-0.0169025217677476	0.09622571456998867	0.0006494430790787584	-0.016854141265033155	-0.003993212239554504	0.04941165794341773	-0.060873167882827886	0.0015702121181705025	-0.08939379404445606	-0.04676043409115391	-0.16035281108679197	-0.012779732809441419	0.03401502709183041	0.005331745231356766	-0.004208310160013558	-0.057541740677311874	0.015825869619299757	0.005882786897504502	-0.038942097792581426	-0.11545344511708942	-0.03148099201110441	0.10377370233461872	-0.011633383762038003	-0.012557403645125493
-0.031590560570063174	0.08466521052149525	0.004133619405931377	-0.20140670948586525	-0.01995937244059192	-0.13907671210637798	0.024328135381751045	0.023886153575185264	0.01079794416719906	0.12365941966744429	0.043664354989825495	0.044537334945039204	-0.023051331057150463	0.07332945987333249	0.05693840006182111	-0.016690040286918183	0.02731750416011489	0.07877309962374533	-0.06835681610065539	-0.05914141235316646	-0.14186212746832572	-0.05872165800536337	-0.029942712958808952	-0.024172146620471437	0.048023221301307394	0.04378808026075466	-0.024443942285481475	-0.04685939302213078	0.006029215893156791	-0.001352481108397868	0.035010988949301616	-0.10953023314413392	-0.032286103963479494	0.13229581936711868	0.010873580767853604	0.020260468568181617
-0.030920463150741186	0.08715200456419031	0.04755423032872964	-0.18418237854877986	-0.003937804849901573	-0.0656142931942399	0.07717014348273106	0.01846221738807654	0.04111454807285084	0.1233357685132751	0.055799759613134985	0.03384473656191846	-0.02509658730925321	0.0685485037631292	0.08428957407160231	-0.02857908227551106	0.06200751019757464	0.08314437846558166	-0.058979304425076366	-0.004634672581967161	-0.05219476369146923	-0.07922558784913973	0.03919383177757443	0.07630323039325644	-0.007483907589886207	0.030095793733206495	0.004722596761837734	-0.026195094996441258	-0.016973123031689654	-0.04199547576088926	0.0488319859153115	-0.17621432223922479	-0.0016055511056396535	0.05173591796903741	0.08991167428458305	0.01914315373343243
-0.027897512834335253	0.08284843144232719	0.05319239429904516	-0.16771283896039668	-0.0235385126815283	0.039245404364827124	0.058930465127092456	0.006500562719870374	0.036071664379444854	0.02867591464356184	0.034948067696833236	0.020884821482491645	-0.02984083420530378	0.11091946027478046	0.14204299456268077	0.004460745854682886	0.010838608029854245	0.13734096090682466	-0.056325171246252484	0.014573560627184547	0.01587397155580647	-0.011746942107482394	-0.027393472050705428	0.011630729101494028	-0.037744717278815884	0.10277011242131487	0.05843568117295046	-0.03302615075556224	-0.0036945566251319444	-0.014796311842327204	0.02072299516695427	-0.1394525070463021	0.03191764739808063	-0.005346774598231699	0.04067896968149953	-0.029583309539319452
-0.025401199198429102	0.056535578934000776	0.03795569036471448	-0.12941859050769738	-0.07531882460445072	0.10003578581135177	-0.025439773459870026	-0.012590296256775605	-0.02044589938963987	-0.029497667783375932	-0.011635906073936825	0.07539456936689863	-0.011215295693138793	0.14558063570697627	0.1223888414645682	0.02986905963260933	-0.05440340473508649	0.11690371899321014	-0.034605379926818676	-0.08281621309668685	-0.044700263476054075	-0.007144561658385562	0.0007311743661211605	-0.13819698520868695	0.06702365481028862	0.07655106690833471	0.07278100668545419	0.07458838019302952	0.05132062375630068	0.012439012600314846	0.030613363332410968	-0.043607560657970834	-0.019874897230551948	-0.03495307468816902	-0.08804752577864516	0.00029965666833107335
-0.013369180109387367	0.03666660915222181	0.038248531786999974	-0.11658094078243607	-0.08234057522962406	0.0288827533448522	-0.13387728330721937	0.02004337945345318	-0.05603039674711837	-0.0006726296500885347	-0.031777386708088	0.0492327895805237	-0.006725632044268768	0.04686482193164851	0.0870105812735804	0.03900856130701497	-0.07442704756149524	0.06967914473218202	-0.016487090596216135	-0.07463758294562649	-0.031867462610336766	-0.11272772884213776	0.03570146234695825	-0.0027162106018882998	0.06059324295715052	-0.014860637020344342	0.0998467166849845	0.05612122507475369	0.04662433969822639	0.09464504453120842	-0.021807724408389403	-0.14483843468894864	0.04641336202713261	-0.1114983794287547	-0.007047009143049463	0.06663858125796682
-0.024991685997870574	0.06959306791813473	0.08324664131112985	-0.07933614594904362	-0.020176284625818997	-0.060305499156437806	-0.11158041892507364	0.0362757112376427	-0.09113783123733117	0.003894853513726825	0.02331129063110754	-0.04682029691379165	0.04245275318377887	-0.03749019623444934	-0.02246183705556462	0.08863746786245402	-0.026334449134862922	0.12111834028944037	0.04252774702498842	0.04230583042332933	-0.02967059403917935	-0.022268941757435656	-0.056248693088439064	-0.06755963791883733	-0.08005622013783863	0.07390451771981536	0.04244996509125667	0.09412851830398283	0.10870164449715439	0.01793050465325434	-0.0335441990199751	-0.13094939162082428	-0.051102986887313	-0.1391574815620047	-0.007315721755090987	0.10374197574751554
-0.03569186526311814	0.059265870499330436	0.07887291538808122	-0.05782869226749573	-0.0062016027738334275	-0.07003720343582637	-0.05898189636279934	0.040662388905951016	-0.1557954318700566	-3.087586468449104e-05	0.07745867919812244	-0.06908002597440943	0.06115123040155757	-0.10695050198265466	-0.07560301494178405	0.05911439994572119	-0.011048116382294634	0.060532833277023246	0.07574876161071058	0.024273881743573825	-0.07448132924565751	0.028861524301511017	-0.11876039302168839	-0.03368261465975815	-0.07336009173180752	0.11216884128800438	0.029036849045541907	-0.008836462135971331	0.0370845041385207	0.06272629406215893	0.07413574028626596	-0.1115197506814947	0.003885958810431203	-0.05639694648988433	-0.04863392345142602	0.033335334747077984
-0.03788419462790826	0.03522378241064406	0.041644812263039684	-0.07561622604826375	0.0004052181289957867	-0.0747691758803488	-0.015654493333570812	0.023025406753650144	-0.1569091392977496	-0.0642472892287733	0.06255478155872832	-0.025233127351424207	0.06520394379437332	-0.09265393682164909	-0.01801888186577609	-0.03265467287477573	0.07603053850397748	-0.016834226184855174	0.02026258265313394	0.019372031703506515	-0.10132233046105757	0.03849997502299924	-0.08576318095644198	-0.00201611464058047	0.0070895873084859395	0.10638927904533706	0.100020378616561	-0.0030192719745698315	-0.004341755059719361	0.0625301706017069	0.07016352815178041	-0.06237108937898596	0.05172239627289599	0.0003990133982381891	-0.127264925857448	-0.05238982940848359
-0.04577732249188067	0.010948501754246113	0.024627695680523334	-0.11486549838205101	0.05246885312275998	-0.06926902732712344	0.026642589091389075	0.061970727411729716	-0.003941743694934216	-0.08277966973199243	0.13462989571330192	-0.1277216727137142	0.11620582918285763	-0.07813142542201892	-0.19311179452936303	0.09512509851346572	-0.012933162699659138	0.09328125521306835	0.11793122443593268	-0.025758564542585457	-0.2708043143729805	0.14307812874587958	0.2575391178083469	-0.02508094095850195	-0.19833112419170212	0.16001236536151536	0.27487494104698296	0.03800766821320288	-0.01763250844549469	-0.09654981913920425	-0.29659564742879574	0.1754240269324516	-0.12325599521985241	0.11477847538074772	-0.011880790799751809	-0.131608840045024
-0.06516511355344498	0.0007993750035350705	0.025001822308449405	-0.07731656870519485	0.033042006713525425	0.03842805584079191	0.07719447546399318	-0.030196502285060673	0.03240165926115567	-0.03186950882765847	-0.018698683314376695	-0.1020428985245035	-0.06618179487361316	-0.09482046471656679	0.02196974833069008	-0.09704472180387382	0.1055475035531755	-0.11736117956455605	-0.14629609948929392	0.08715393293599652	0.00016394483246641315	-0.016066993235162693	-0.014721790093816894	0.04173743719721058	0.02178319176104011	-0.013074181911063444	0.06658019049792155	-0.009630614336212949	-0.041572026895201626	0.05857225432524337	0.003612499933234703	0.0556455207558424	0.06010043158379674	-0.05370431722747067	-0.041499032522909374	-0.0017365769566267675
-0.04869856331755736	0.02772318248403185	0.05417814373037236	-0.07896338721893807	-0.014068004828061653	0.08432067822016154	0.03975608125938625	0.0024690144665933033	0.034129134103055264	-0.011853701879471877	-0.05643250551618882	-0.07880537572753099	-0.04390154797488806	-0.06373195616463423	0.06367664246945848	-0.07628196989545606	0.03135391136472419	-0.005019483375910214	-0.044281380808785194	-0.0292752923783751	0.08564301322959038	0.06714193732545873	-0.043636691007652856	-0.01158306296273474	-0.018279790827852593	-0.03567728561666825	0.07293251855539429	0.02941402597780712	0.006927508185690965	0.04450631228772892	-0.02780819446872165	0.0578231076209689	-0.040718287012761964	-0.039189035672798404	-0.12014861016064188	0.05822609073872809
-0.032493400187689835	0.06978079492620833	0.03804611359517956	-0.10704339718378515	-0.092870262059761	0.09261472055907789	-0.013063357775964428	0.01639316764952631	0.02060833101188482	-0.042447265908303236	-0.01740343650153837	-0.002604753562978452	0.023919836684128414	-0.0761566501947673	0.07561078692137399	-0.020197844562908875	-0.0009729756782397034	0.010570009279672618	0.024285963811385453	-0.05690104226577275	0.024664558619760437	0.03498721900247693	-0.03969012732269055	-0.059880508048224965	0.07987041151514061	-0.006009711738807306	-0.0032421989446717453	0.04184846407009417	-0.005068113806085333	0.06107066900759821	-0.030830739572901975	0.11641946666173658	0.04162298635965525	-0.04829672873498232	-0.08631815141913751	0.03906204742960021
-0.028378114730673264	0.0713825226334086	0.00447569196625078	-0.10705614652805633	-0.10371400770931702	-0.016812944261078027	-0.10318591234109964	0.007063206045325692	0.016837163708591948	-0.0013057704828855876	0.003965245993379991	0.036501261805036225	0.06453091305636177	-0.07023883168273652	0.015467373203846809	-0.013073552162033188	-0.043185406357542665	-0.010660974673235877	0.05227211453479148	0.04678321551235082	0.04088280472809312	0.01821247724909917	0.0809897354610206	0.06671956118502512	0.07759765467536198	-0.08400636749159984	0.00886286653449879	0.039143590009113646	0.00021763510644812883	0.03402288864132461	-0.09396578204786307	0.045123677428296635	0.04661475199315353	-0.11619491773886745	-0.04402770731610513	-0.009966658780434257
-0.02802683749995215	0.07424633976769594	0.004160419195469649	-0.13108776108109785	-0.04275473890639553	-0.13720770476800023	-0.013260041668431732	0.03137824391115476	0.003667913396654992	0.027161561039353202	-0.00835230140406787	0.04033720025814651	0.039407895838754786	-0.06876232551300156	-0.030655699271771003	-0.056606181298156935	-0.032466570102121825	0.017194057175398385	0.0020430953209499697	0.0726353620856224	0.02265873033569696	0.058702397514176746	-0.025799366946812646	-0.0020569312629631353	0.16119944799285302	-0.024229436913864425	-0.014771979675640687	-0.03116502934942009	-0.057537350234655185	0.07350361935923314	-0.019021546653889602	0.058019500141763866	0.03635157184321685	0.014738586309913891	-0.0687101288455108	-0.07557381902246364
-0.026574571257625388	0.07001951942285073	0.019794427836750245	-0.13566843484130828	-0.024233108944877964	-0.06965079357945936	0.0685850911492289	0.047347353235932726	0.05794880368159181	-0.06735193599497664	0.009734114015605264	0.01927862965292713	0.002516598561858761	-0.0415430224454517	-0.04542685128754226	-0.017737938180467906	-0.0910481150801543	0.026538655034880485	-0.1007694282278111	0.010380263432137226	-0.06339668679855268	0.059837636025817494	0.16163624258327844	0.05921883949512233	0.060772419520446486	-0.05709583575725603	-0.0332932868628764	0.009437199194702428	-0.13183930141479341	-0.016711414900294146	0.03168807197406141	0.014905196760374939	0.051819292933947166	0.024544163723839926	-0.14629187458065668	-0.026768319641014622
-0.029370751922918378	0.018500886722605553	0.028237968651441313	-0.12541140036734053	-0.04163253821483414	0.07641570803867356	0.03423276134155024	0.017877478311220548	0.09018580340084079	-0.08099832103227118	-0.019665202632118812	-0.031175651911086434	-0.06686629666728079	-0.06365659424296714	-0.04151182201770395	-0.024024834325845023	-0.0251345160159837	0.10770729706696869	-0.09807218567794093	0.08298300899432552	0.0498679122017628	0.05746998779852132	0.0256636119823199	0.016920496218192523	0.04027289047114392	0.002765315248962766	-0.07839144599411463	-0.027430780759189803	-0.2065205315206612	0.009543508671060977	-0.09347123020974249	-0.0029078926321533805	0.14832275606668688	-0.0276248091575456	-0.13099864627724084	0.04707861364187121
-0.037081680815289605	0.056212041579972616	0.019676451702655046	-0.09707437228536177	-0.07619085223239247	0.045899594735582555	-0.11264018072470589	0.030777935325649597	0.036450377633811835	-0.018354167219783106	-0.04933088716069009	-0.0700135789016195	-0.19097855253634918	-0.0674404486702606	-0.05023266297161557	-0.0026225473345295024	-0.05183412177891121	0.10095019275326744	0.049067889762795136	0.0495864624385743	0.035711619808968725	0.017483470970937526	0.2195406133244345	-0.04713051155412565	-0.0036577577781283753	-0.06674769294922123	-0.15605077015716087	-0.11276860305203999	-0.33853462323788197	-0.06729757413735094	-0.14413443321111724	-0.052461948054743225	-0.14199073111291088	-0.05748984627676958	-0.08885192029531898	0.11448785030430521
-0.05828461282586842	-0.11321496147224001	-0.005648621380621151	-0.023254012658778495	0.028685321102985755	-0.0010148003684445884	-0.18158835789570843	0.03199946147067623	0.1327457192972455	-0.12472990464450584	0.11251388155814344	-0.10821573840732339	-0.19882289523465252	-0.04022787751841086	-0.12548985978888463	-0.0008332585215950044	-0.10256757512850359	0.02306071086520934	-0.2527499392613257	-0.07807981408962009	0.18751588875156727	-0.11055631212731681	0.08188160800155905	-0.0572640399214779	-0.08657333783144516	0.09797350638788078	-0.14594093309504896	0.1569971575263335	-0.17274854877857165	0.14387041700037617	-0.05204129970551976	-0.1524974810577489	0.3071850556151679	0.1796795693714103	-0.043163595832783966	-0.23914483180479243
-0.059976273636599006	-0.1376726792348977	0.05614695431610833	-0.022142622725221713	0.051663907817098315	0.09513071683824195	-0.12142925326679353	0.08022478533346372	0.019318964604573274	-0.05251297124409069	-0.042959570016537545	0.00464636264578883	-0.06479307098344986	0.025815386907039398	-0.15857308925244115	0.06884870111379712	0.006362471246846491	-0.001375209640421978	0.022697907443357396	-0.07398470991851157	-0.018586284242467385	-0.04800871061618871	-0.004065878931325529	0.05838364572617856	0.027028488036349482	0.022065909980359396	-0.10096577094109183	0.040019455728723105	0.03962486563675657	0.015225709907269475	0.16817431722535692	-0.09389546943279889	0.04075067250841938	0.10167576267105045	0.09107029287601986	0.02381850069710665
-0.05895567645132237	-0.13527183642690463	0.03721450770656964	-0.047585204597039896	0.06791673131928203	0.03758444899064486	-0.1505702258684484	0.07757561333283798	0.029702362661442508	-0.05466249302924328	-0.05244239015261997	-0.01859858286569652	-0.04400943493621939	0.060105571172588905	-0.08904734294332788	0.013972211539613227	0.09460319069971526	-0.07081600013899057	0.06396875174854375	0.07207306463834268	0.10066865071937518	-0.044120898240967744	-0.013146161533929356	0.09815890758626104	0.015274422035151388	-0.0378390754293933	0.029627022836909173	0.09051326981517854	0.0779347747885	0.05142605798705173	-0.0034608957712949583	-0.07689091868842386	-0.026566032151688887	0.05830469067423823	-0.03513115618000351	-0.05300470400761141
-0.05589545015328345	-0.12078422329976268	0.04210103914717501	-0.07606733464393882	0.09743186573166181	-0.049333699101494585	-0.06098824852537427	0.07528851814845786	0.03446328224820283	-0.008932866969413596	-0.059003583080534446	-0.023300573136936252	-0.04723793309392695	0.00875502316291955	-0.12368700955030626	0.02804882336846546	0.05529163782064066	-0.08632686666892532	0.059481708502877845	0.0558832188718515	0.09388824774483874	-0.00803054051339687	-0.06210245001494545	-0.04518977308662867	0.0509574858277922	0.07756423129435357	-0.012543652477285045	-0.03683204843046584	0.09934909108671769	0.02572355130824592	0.009028298990355427	0.02565763470732297	-0.0962545364321194	0.051080348954146086	-0.06215549768030892	-0.0502279058335931
-0.052668243570166653	-0.10992823165392714	0.04849745847917549	-0.10186123329294626	0.09926284133201535	0.003727941714304858	0.04274919886746829	0.05770193933840533	0.03304439905482321	-0.03687518555050297	-0.050873756485924605	-0.047614825502778096	-0.014535002420936697	0.03506271346691895	-0.08515097452756412	0.05620015069558432	0.0042654211413916945	-0.16594097588188234	0.04707432695243882	0.007806796905942149	0.0555762017097783	-0.019539211735870764	0.055077848227037346	0.02711275332130576	-0.010241486432663045	0.08421320783872319	0.04875910683530296	-0.10624933594352365	0.02699593263083236	-0.03248952262316045	0.1876011277294956	-0.009616558427851862	-0.0593747158134897	-0.033631258077146294	-0.024682103683829275	-0.07502081884604869
-0.04969100949708421	-0.11600424427114739	0.01059315401441466	-0.10688242232782541	0.024000389627567224	0.11648609235003092	0.02902824114403855	0.003933666164329735	0.03925512277700835	-0.05163274286051802	-0.086213881778656	0.0215992670574356	-0.03602338342827969	0.14476370262276378	-0.10447386527962677	0.07101775586172303	-0.08708047203377539	-0.10510443197370503	0.0012833230551968985	0.05072290199687966	0.036059664374518005	0.06435095056652929	-0.14414085627561146	-0.01182412809839	-0.05104295589320182	0.06035922610627311	0.17536330983341902	-0.030676645266050337	0.015528058881115138	-0.07322851329083772	0.056263566063190974	0.0806187985326079	-0.014809465910678644	-0.03120678843900994	-0.05183129248467979	-0.07005232748194747
-0.051009374052195605	-0.11585873837557567	-0.025005173854758072	-0.08962586144116313	-0.026999612789232366	0.06827277840838365	-0.08849783876378335	-0.01004319808539806	0.051444903305458686	-0.008373361565017307	-0.1007481541536442	0.06531211495952627	-0.03873587781320026	0.18175826027637068	-0.13828318144348148	0.056369283550914265	-0.06554951028944897	-0.1116773464359989	0.021866597832104658	-0.006079350954091126	-0.06913901388111943	0.024836646749444143	0.035783921227990984	-0.051386082084359394	0.0225307922900006	-0.07260256732394393	0.06828681528642883	0.024535983698668832	0.009290066828760936	-0.060382735243394964	0.03220039671469873	0.08183270271944484	-0.038466274807248665	-0.07435407852921583	-0.014328998893877218	0.006299022493126751
-0.04768928540338607	-0.12778484052446198	-0.003330377584862384	-0.07680774779670348	0.017449193485412174	-0.037311644404957926	-0.10900190142601154	0.0310026735011374	0.01852989168333515	-0.003262366875381991	-0.07832931363773188	0.017756666728304636	-0.008192515152844897	0.08592655040940192	-0.11556122489965544	0.034786919736903156	0.04887321974901937	-0.0424972711889652	-0.02779021502330516	0.0716222211276495	0.0044914611764736555	-0.03567104167414726	-0.1012289355969419	0.061254191464154756	-0.035250901486296116	-0.06237429346552799	-0.040596453935191526	0.012420535998540386	-0.007373967588961514	-0.10625609877392715	-0.08637011151593266	0.0879026351163938	0.028410609685120797	-0.08393073299505906	0.06041214745236599	0.043713213174628895
-0.04998996183295853	-0.12536271729670778	0.038048332501037944	-0.06448452961783892	0.08212018630491516	-0.046946546082359694	-0.05097146600158501	0.07267893981696912	-0.021256782550660706	-0.02575649443525093	-0.06705881142437994	0.0314547245162549	-0.04368517875745219	0.051064281476922234	-0.032575528189954184	-0.021233707378721545	0.11990898611099607	-0.04604764029554032	-0.011882822538602608	0.03198948152966072	-0.035833362049780305	0.018765327456639162	-0.11666716634355756	-0.04224806763934739	-0.007174161941401984	0.049584093508616006	-0.07436544817983924	-0.0006567814755161355	-0.1424116975540195	-0.0896085188548354	-0.05227987012276353	0.06396105384608478	-0.031560676898985125	0.013605580782230065	0.11286107185398397	0.0359048038157421
-0.04831514745221443	-0.10209219617675426	0.047228455157512464	-0.06737135660717065	0.07212657988621929	-0.023327518474779985	0.005707094442901302	0.0903587897281561	-0.022558888913137162	-0.08807226218065188	-0.04224539386546867	0.027883151865874183	-0.03307465206633427	0.061160520863309795	0.009353260932991991	-0.042299487200341775	0.1263433085541808	-0.08525249611886636	0.0009247594688319913	0.008605428223605757	-0.04930594783440114	0.012262793668567223	-0.010450390707445367	-0.09565863492696774	-0.04891320842525529	0.022965734885379993	-0.056055605085105056	0.04018106468147131	-0.14741119040413794	-0.031106185375125734	-0.026599784630269307	0.056566805096947156	0.009680581740934908	-0.024997347865253747	0.10403994785706773	0.030476996636971405
-0.04607910721026023	-0.12160805200493721	0.04350529709911462	-0.07604701704129438	0.06829163367490189	-0.00652830571589438	0.01850466767680544	0.10109197168807968	-0.0038801989099585374	-0.0756947311454909	-0.06099092027625396	0.02634924239801341	-0.07504912111968243	0.06603194868559059	0.009276830877030698	-0.04126662821201	0.12148266891532307	-0.04381392233237252	0.015214385631322866	-0.0217715428571765	-0.0196578786056817	-0.036231932435041816	-0.0018322185798163946	-0.09331433394798744	-0.04170595453776706	-0.00418543814742336	-0.039553937524099726	0.05424647592627415	-0.08319698561698971	-0.027626845351464237	0.006683996358357671	0.08734062739399251	-0.04022074948773141	-0.07134314556692076	0.09582771687053519	0.023337037989696132
-0.037973426720824044	-0.10623351144120709	0.05420433587570657	-0.0849671627642027	0.05916967084012068	-0.007375483320675229	0.03712067111107055	0.07777758284441981	0.020727127377889266	-0.08842449877391016	-0.04602931618753549	0.05017429536104666	-0.03972487585654071	0.04978038685342426	-0.0050770211641883315	-0.05157604136124617	0.0786644142022985	-0.05162872330136871	0.07515771983485255	-0.01108076269795032	0.0250313016112855	-0.08040954275579523	0.07320159740569612	-0.06638585629170582	0.023320650213867804	0.02688886810955865	-0.061696719883518575	0.06156143663890922	0.013045207391153588	-0.006735483028279407	0.0035749707143339013	0.007708612527583642	-0.028907266287721837	-0.10814043891043525	0.09741127203620817	0.09695464657480365
-0.038354787222906105	-0.09644973224161686	0.03482969841568374	-0.0988486191873918	0.026821191872428086	0.04497458567835448	0.07548459783233752	0.03931348123457092	0.026687678166059475	-0.06855089339460772	-0.0019243270245327504	-0.01300792541016848	-0.02196304343267521	-0.02330688092578377	-0.0801010408001814	0.017528255361136995	-0.012601765671236791	-0.05245345094294215	0.05286024466934592	0.06759948633020435	0.09342600455350501	-0.07878328177135144	0.0054902839414084845	0.008662306021463867	-0.1004514202514113	0.03230388337482624	0.05221190236330444	-0.03458105297007362	0.056064643251069406	-0.06303962354166924	0.013874112345198631	-0.03129985823943567	-0.04272713071616713	-0.08109651757697772	0.06841093462711204	0.08721384221783397
-0.03826231992343004	-0.0934320730562544	0.013281429029628745	-0.09300517694068106	-0.017960982966984507	0.10111531462249312	0.05056690211166088	0.0010529063917345477	0.014969677482996694	-0.09007627745850816	-0.048763831371915145	0.007835135756816151	-0.0010880546354269545	-0.050587708804565285	-0.11618336640639997	0.05648241298376804	-0.02054594682834922	-0.05448086600520566	0.03198569377285715	0.07095776639089738	0.038139597049407115	-0.002165714313493529	-0.1489288369103717	-0.04089451042314321	-0.0474043786649402	0.005333011671583791	0.09883123008498634	0.008566317371566174	0.016781989618164343	-0.012928983463103862	0.06935060751595937	-0.04177204039365648	0.009431859490801768	-0.03466186026007409	-0.01810617241320514	0.07615933644951542
-0.03411415591873296	-0.08241172004598328	0.008247777821957965	-0.058695608588939636	-0.0599380291542699	0.11123997858752292	-0.0006159565792225063	-0.00796774905350934	0.00200050862972401	-0.07550066472276208	-0.05009329352849201	0.07039995995018944	0.005866907363355988	-0.0944826450316037	-0.08096758077720215	0.03255715979344261	0.03734130336602225	0.002161746370841152	-0.007537416340169788	0.005075454357476972	-0.02757715253886099	-0.008156578192119214	-0.1039110173418536	-0.03088380401536542	0.029946915032573043	0.03979092835945534	0.04618409233873334	0.01759040014680828	-0.029881757430399534	-0.05335866270940855	0.11235805307691593	-0.03373199745168742	0.057059622367187306	-0.014980562499265472	-0.022169955672703186	0.07879958787043576
-0.015112833545160246	-0.10971363216096573	0.0097716643629315	0.030866092998328883	-0.08982895940703063	0.06807428491748535	-0.05867015780252154	-0.02984126151100335	0.018095285503569942	-0.0729559094802128	-0.031359498159317406	0.13295285496759587	0.05851645269436674	-0.04317085664865337	0.04718080137152724	0.003631331870535064	0.03687239971216687	-0.02039843790264068	-0.028126866255883853	0.02528392180503953	-0.13821529246606296	-0.08756458256253191	0.0449615992757767	0.030397231135049566	0.08997726435501338	-0.009713623443470584	0.008450424533474742	0.024501128877925257	-0.012038164192784653	-0.043310789715061894	0.08651487968577337	-0.075006179738954	0.11959905366474434	0.031756423457454684	0.03233329246400881	0.0718838282371944
-0.017194992487745656	-0.07882995517987752	0.010913164766704208	0.09987906228245612	-0.10219096498402674	-0.05775558302959384	-0.033586812387981994	0.040671838765837916	-0.009787617832285711	0.01347190030143257	0.0013371335175587922	0.08620571822148235	0.07803056934661193	-0.09951244643288598	0.08330602896960604	-0.10413913571632681	-0.0014848948593530996	0.03707343952793758	-0.029731991582629846	0.0834397556733213	0.08019062897403409	0.004815826120486796	0.019148686877619347	0.016162839213438005	-0.11515470004798414	-0.04673283253079991	0.0822773832641851	0.009283600254669296	-0.012174887006383986	0.03927743475616637	0.004841625037041327	0.011089191437854345	-0.0554480398491776	-0.03610760060465989	-0.011439593110472372	0.05452986086929259
0.012908609552231217	-0.11663218823867057	0.0001529671057349626	0.10426706583732162	-0.059936761014506346	-0.1200112958217272	0.01576865969372777	0.025421879170864536	-0.005415545380622379	-0.047430758005824136	0.022867913234906254	0.06750302227132832	0.06920412097737852	-0.03577562530490729	0.03271174636860635	-0.05234251229000913	-0.07236690400070322	0.11244538014018451	-0.06551399793701845	0.05554615325263444	-0.03928953622637459	-0.028274286659227873	-0.03973950551427004	-0.056618816590043385	0.0903143426002016	0.009872408362918382	0.04584984408943264	0.10321343532037375	0.07343341189244361	0.07246075939655779	0.06902279072493894	0.08725912479411913	0.12472296509905234	-0.00445107410744517	0.0532545259081828	-0.0793793180754948
-0.01756873117336848	-0.07096629308068295	0.039133546715586866	0.008827193492503119	-0.02341620388478343	-0.10425054804920048	0.023323800448487583	0.07587526860051645	0.047036865457525064	-0.04443939936039355	-0.03488437444147452	0.09137647628293133	0.0255078496283004	-0.08016463725182321	-0.035102216733054734	-0.0788038181278704	-0.016996454256314505	0.10839984576238042	-0.02210105947943375	-0.07987501310316467	-0.0016726213145638325	0.048401374095205035	0.024970186245662603	-0.10344402657987621	-0.05139778190695553	-0.023909234269160376	-0.014484502410500243	-0.0030344472016064807	0.09768821681433018	0.10351422594929	0.010965743596000013	0.03897830681676494	-0.07394705599508822	-0.03202913174620729	-0.07852059191330127	0.20149268991445235
-0.005522092317671932	-0.09220269725177682	0.08168794817120954	-0.009871507637449359	0.002936112250018329	-0.07308493226264966	0.04828096298943164	0.08218149276663764	0.060139217525324466	0.017700014204835163	-0.0024654502430048043	0.07353223741079795	0.03645121354521405	-0.06887118404366821	-0.024869404205545256	-0.04740153655279236	-0.04038523843949991	0.0023292425244789833	0.021592767683680604	-0.06596921381830656	0.0185836459427927	-0.02708352667048268	0.03163502975933489	-0.09022760015908597	0.025373040161074563	-0.04782766626965768	0.01867748132924176	-0.04074091797350226	0.10290223972303245	0.13688189287938135	0.08229023403997567	-0.04118663937180636	-0.024232984567441655	-0.08804156616630737	-0.07798914900632464	0.0667931536234875
-0.002676764874465606	-0.06321354779883197	0.08408306493394288	-0.039315333517618685	-0.008622904759445852	-0.023719934509398317	0.10150669637569322	0.058595039429248354	0.08714422120379901	0.027385818750121308	0.013552079718463327	0.04974600192552079	0.0368912320963323	-0.0611821647314708	-0.06513049946852645	0.007693493888722883	-0.07817133662542727	0.016646582977443106	0.034185898103848075	-0.07361272462280632	0.04049113769502257	-0.003912070165601876	0.04764703695938095	0.010297156450110943	-0.0596418920274427	-0.19108600891540833	0.09923487175719634	-0.060993725617534224	0.04349663711096717	0.07454866555385367	0.01542722135470953	-0.07404258673443433	-0.05976246003017099	-0.04791119037421579	-0.04823108510126937	0.058441419780274576
-0.0042250133539057854	-0.016846639860875465	0.09348878203669983	-0.036104307920935705	-0.027171087295205138	0.02294428903434342	0.09172845538867215	0.03415970616276669	0.10561398919901173	0.035956248646538215	0.0484769497276936	0.07253505956388763	0.061288888879770194	-0.10376157054034459	-0.07597638703384055	0.032948520538187615	0.005510255906120259	0.01386325639711766	-0.03238042181161187	-0.07715838816537376	0.027106998201033572	0.06747181850839724	-0.06356145047075273	0.07898049496468781	-0.02570380354100439	-0.24000645671216803	0.07408685804608849	-0.016593908170793044	0.04456279154874411	0.061459697097011295	0.03589514518680781	-0.06387933983407644	-0.03586167595964258	-0.027244820256044675	-0.02834505969454474	-0.009277050638855602
-0.0015025759375955565	0.0022337192483912315	0.10235142781059922	-0.027483733904955333	-0.04285640212730534	0.06747672758310301	0.07688278024268694	0.04462589988155807	0.07719654132420772	0.0030121968253590896	0.05740763980242707	0.07127793367190231	0.09995634186159538	-0.1216214350623387	-0.04266276812468635	0.056662376445977894	0.07032743119709285	0.022941052601525864	-0.00661031251451004	-0.03812441291018735	0.03086564482922907	0.12901293243387357	-0.10906909738571136	0.07519989049578944	0.0021362204315647573	-0.19120427930302136	0.009169272590525836	-0.013797021437282994	-0.04112883385500549	0.023726356654767935	-0.05924027714014199	-0.07711962038921077	0.0034112514271798285	0.03081768244180677	0.07239899125536522	0.03271739186257035
-0.0034597930673995756	0.0006945303061627917	0.07548492496824442	-0.027771649603250462	-0.08414602296921246	0.10002682973645902	0.04218083976881475	0.033395291689502504	0.058919111900591695	-0.03792356636105947	0.029828060744472088	0.09333193315574202	0.1169057828897877	-0.09950846334840412	-0.0009498262618765751	0.06201981471511271	0.10701096504423399	0.012112880827315615	0.029903007902599442	-0.03339751526692204	0.0017741740860191535	0.1446040706171818	-0.1128640244873027	-0.026879228270301737	0.051431651496216785	-0.09053790627835606	-0.025304700678411462	-0.08080779048396969	-0.053572164484553916	0.06739600560394172	-0.08128067305631878	-0.06518070824098778	0.0332049463688228	0.05428979208463788	0.09264941360578996	-0.013304631754533235
-0.01137036254735913	-0.0025499106065751077	0.038199055528758935	-0.043568049450270104	-0.11250983770356333	0.07501517526531475	-0.041618902987384875	0.04372623927404952	0.06145391700249577	-0.032871116075810246	-0.003958796601722759	0.10175150218782272	0.09152197457887491	-0.07946000400901714	0.002788256673615577	0.03696872884970043	0.11175166160939805	-0.010243167446192874	0.017622884629938315	-0.0810962154159316	-0.071743014564779	0.0915390573888687	0.021728900809081096	-0.0546363181534615	0.10076924613773373	-0.12740165059555023	-0.023116751209390534	-0.03584812011287428	-0.03225943706211552	-0.008022892763475701	-0.09397439039213992	-0.045103726967211516	-0.04084680445270289	0.07064054042699139	0.015065738160728676	0.017348012123454045
-0.02459904725864442	-0.0744610623059587	0.025307155027184246	-0.04058590852509222	-0.07070109235189222	0.034951105097374764	-0.11874862374936686	0.04463665238070924	0.10473565229635844	-0.04117464074692538	0.08944041789086235	0.030758381542329502	0.10183663152354185	-0.057345803723546675	0.001189195174841466	-0.00958362366771216	0.0316859828129747	0.022368911486923423	0.044860421272733556	-0.007008497795114584	-0.10224809267760322	0.07629959571313481	0.10776526275074541	0.04346676396813569	-0.14531082177428542	-0.09763629977577021	-0.09723134164015985	-0.05066625509995683	0.0008804855300720699	-0.04415070258368263	-0.05780271383680735	-0.0033354212111254312	-0.003768534314493293	0.11015672299807552	0.01588146145825603	-0.010645907171242718
-0.0640316260610504	-0.18365951609172537	-0.005216151434892585	0.05662783145543331	0.0035013670783487468	0.08947499105193482	-0.08425251083258554	0.08635085294296072	0.02270543786258742	0.014166920638782056	0.059535436867658595	-0.008657290096791519	-0.07522481729302866	-0.008990443165892259	0.04349744887084765	-0.07914605597306011	-0.0802986634622851	0.05500052819722117	0.010861215760677579	-0.08550136269208682	-0.026843338903041677	-0.027342153624552352	-0.02655595099191249	-0.08797436372332436	-0.19124621377203105	0.01616176234120246	-0.07553220997385268	0.148255743683649	0.020014933674410082	-0.13619511992257438	0.06659998576844031	0.0016900626536088537	-0.06379666740405852	0.23666816736628937	-0.02134263731007051	-0.15176277654847245
-0.04077569857821236	-0.09581714008962615	0.061382938924720847	0.018541902947531226	-0.06379872933057094	0.10551296776352882	0.009236792831500185	0.09386914779716503	-0.05138669117575705	0.03179272124310675	0.021700598209528982	0.049004784976856224	0.04947128591261405	0.0046824566718204575	0.030641352695281794	-0.07842585712322046	-0.01845672513800315	-0.04742533573836702	0.06863845132894426	-0.10912378478670345	0.08173677650990067	-0.04079327910294127	-0.08895147081770893	0.03354230725403189	-0.022631036205710064	0.09444921551024191	-0.07598991047776214	0.03896039162808701	0.11772449732499109	0.05853193740636921	0.014252393458664962	0.08388679399374199	-0.03547018680628598	0.02289554812643979	0.004513383803063426	0.12627443043323727
-0.03212648289457336	-0.06253271875244686	-0.0032166936613393436	-0.018416224768144293	-0.12106544023677587	0.05297566665340075	-0.024955974435468806	0.029188762011966223	-0.00726354459538316	0.02172975850057961	0.0759772542897845	0.028750856369248307	0.11005602444428558	-0.017575869023688708	-0.03279877892605512	-0.08705498648207129	-0.07096674166932494	-0.06462895509971131	0.1360386523328989	-0.051021201860768674	-0.0021222235876924545	0.02932963446545728	0.012637325801488075	0.01621280122930313	-0.09563952744945181	0.04243419842432543	-0.07832043202896422	-0.09009233108689327	0.021774968398461794	0.06738353335314394	-0.0015316381024173369	0.011419579753894595	-0.06265521848156054	-0.024214710394517558	0.06999611809980572	0.05547103301032228
-0.03126153800578823	-0.07310687767193079	-0.062424345383241577	-0.042977269032210885	-0.1515241978843409	-0.0030531235635258753	-0.0292542204232288	0.017273384927800544	-0.023295475579342285	0.019067053082048105	0.018584378508868387	0.05690030143667282	0.061139664619916184	-0.037106089489627764	0.001273989415370002	-0.07852931747725617	-0.05130724396088355	-0.1161763330246298	-0.019723940855444072	-0.0964177434704199	-0.054120107849515	-0.025073177145114096	-0.019937243103179063	0.05513261064628984	-0.07750017483409552	-0.010239974861200148	-0.050767177781249916	-0.08322630821512411	0.01669734996044988	0.0029416149498781713	0.08069663487990436	0.006086499521634207	-0.0018903148281745913	-0.043841013665070164	-0.0062172370222210865	-0.04115741054193753
-0.01876099732464826	-0.08796099385893075	-0.05347188864734149	-0.017272354608556813	-0.14472459462021653	-0.047469725963682936	-0.04112695924453824	0.02269414259443242	0.03066063051833426	0.02666556929005724	0.006509464646106925	0.09703253238023395	0.07582798310643567	-0.059246393729966006	0.036775272350584386	-0.02848666670568158	0.00746629582874865	-0.050196719802383674	-0.07939090451111497	-0.05274534270396175	-0.0391031707347767	-0.07918339881594162	0.03173477901157392	0.09300866317434407	-0.023438065202074185	0.026458578505644093	-0.07062135123486908	0.016020116913278912	0.11246749348214943	-0.07633012773963974	0.009304753364204065	-0.020222260538647424	0.006638302810737122	-0.02663406302134943	-0.03708709073198406	-0.056828959835818045
-0.01417524195315876	-0.09873535301918952	-0.02091277769082688	0.011706117351140822	-0.11571686237186701	-0.08246087470005303	-0.04476101463193415	0.03612556743053854	0.061722170598902996	0.07639577025617925	0.001999970796959158	0.08057806193417347	0.06646398252124143	-0.07911030691910227	0.13498689697893196	-0.06965842679965825	0.04464117658606841	-0.011331640070120214	-0.0766855727622294	0.03075245926397403	0.07355788705362509	-0.03452402953456048	0.024859957335788142	0.12361785330013846	-0.07991508461207888	0.0924692971719481	-0.034327709760642464	0.003654341191650729	0.08514217312425038	-0.05318752243436067	-0.029274641558020016	0.006626477236530027	-0.04282549005283977	-0.025067636606516612	0.017934084373443814	-0.02249665504388652
-0.0018459156346772871	-0.0998622844130355	0.01933447428340548	0.0012723492384151772	-0.06917563207037555	-0.12699998702419318	-0.0019768028540139817	0.07472272818097381	0.04869240467158554	0.09439501227891324	0.03830892013875387	0.07543183230269407	0.0824188971695003	-0.09609401365556976	0.10925892697031035	-0.0370991700900524	-0.05469318265890353	0.03837305548735185	0.013300418286480854	0.02769999430490143	0.10657778119721671	-0.01330018462155931	-0.005137268919780908	0.01304197083364457	-0.014769397145415836	0.2364138909387667	-0.05297071346854566	0.023011331860952423	0.00670902824818095	0.02210430940647615	-0.08772632022368393	0.07403829467869034	-0.0163439108188564	-0.03686800961478358	0.07936666154282973	-0.10909776501545781
0.0050100669964847295	-0.07830865227982466	0.007219573256696731	-0.037136282970099674	-0.07264825126828618	-0.10124313125294644	0.12274053152532348	0.06789652948176929	0.055041606374961784	0.09406014728033503	0.06231330472591019	0.06800490199339324	0.09593418667089544	-0.0804258093748752	0.06410392280017634	-0.014256300350160192	-0.058857890115590485	-0.030692412584532317	0.01266826393640419	-0.0016215672323732187	0.0008435025152039727	-0.0644702861116862	0.12042368930746156	0.09100103131065719	0.011740520554214429	0.12316717039950902	-0.07600925440591574	-0.031436336750755356	-0.034735903875727114	-0.052929944865362955	0.04728638742868038	0.11236389969885459	0.01617211345847592	-0.05309384188050556	0.13537709286449298	-0.11841488695832926
0.011185168454017146	-0.06903788643480097	-0.0029547819521125924	-0.014468299070064312	-0.10868047484034088	0.0070048072635625885	0.13040727210788441	0.016357919986426803	0.06222717279848585	0.05185946427366771	0.017334702349408607	0.10706230388115894	0.05272076308453798	-0.06335156758655831	0.09964561211310195	0.017324082235349855	-0.01866110547874135	0.003809405059315652	-0.10479532325558674	0.0374355007666492	0.04100300562723917	-0.036608515032176714	-0.045972345807596196	0.0640069350277688	-0.058754156393256686	0.1070259816662989	-0.011170601713873761	0.04550817499910999	-0.1081188863955239	-0.037864262260907125	-0.02692888138329609	0.10840554519331763	0.01619197403200377	-0.043898786576164014	0.07183727395534648	-0.13064624494777205
0.017204372176987903	-0.055856339569547914	-0.006821091179584106	0.023793737451123533	-0.14572738942660446	0.06710518449556276	0.05072356973328693	0.012341825488008799	0.03922295016494373	0.007924340282928313	-0.014145186718413616	0.13678750129521658	0.03895910171191568	0.021509872493932283	0.11773755740269967	0.0362816076806099	0.01124871346501886	0.04824321699471693	-0.07857746008343305	-0.06202419502452468	-0.0024059105846210536	0.01231718144304492	0.023334960038521178	-0.08999719286712723	0.021117267079807156	0.07341977283532544	0.03540756266880906	0.052050920036449344	-0.053135920046001914	0.029076361517660212	-0.0034807793441423984	0.16777976012668344	-0.08958560962847517	0.004956383217242864	-0.04516022408057929	-0.07481400509176074
0.031076206376932685	-0.06796586126054216	-0.018719780769532228	0.03575893279972987	-0.12714325222836892	-0.029101232453092787	-0.055211222613149084	-0.014409830177501502	0.033759571665468495	0.03289564385568924	0.03191729866211553	0.108576347461828	0.02137452305065945	0.060718030334873885	0.03037733190834662	0.06712481228945893	-0.02169643111770362	0.011786913961535481	-0.03389947203983987	0.058387411268878975	0.0609589790826323	-0.0695560124042797	0.0982879934468186	-0.0021727868596042067	0.010410875926209068	-0.05711785582856739	0.07594607807916909	0.02595040677577455	0.030174254859054225	0.031089356597586187	-0.031758740808879436	0.07792236569168806	-0.0019312232882792435	-0.0422256298828526	0.03528787419814489	-0.07616625539608456
0.03076140065358425	-0.07620671106069529	-0.016777694984733613	0.030389865625431504	-0.0716135135664993	-0.12148534578690914	0.007709544007402657	0.015606052133237425	-0.02292445152097323	0.03360123936063896	0.01534018344560116	0.1061973402201698	0.013174956076360593	0.08873878157603933	-0.05090780465530686	0.08893722451398352	-0.09853044591422094	0.05086820076197569	-0.048055333933073485	0.07392216057311207	0.04902049777964861	-0.0016400846398597069	-0.03993500228237865	-0.13629483322149072	0.04690966585779946	-0.06092590449874809	0.10156465497664302	-0.032396982550055915	0.015599077106919282	0.03839987246215872	0.019771353485926894	0.05553777043248537	0.010913655602084325	0.021013542801681682	-0.04931158634557833	-0.110111876709163
0.030784112019637478	-0.0759374922378383	0.012192668499931513	0.03698467143824232	-0.03836388370735654	-0.11612314157677363	0.10091994329846024	0.0003327339883157186	0.008285202297022558	0.07201390810617801	0.006455671014715126	0.07734703987193127	0.012019220659390172	0.036694259984139825	-0.10810184798977442	0.0691662967305063	-0.0771364958815508	0.06197898038755442	-0.06358464958597511	0.02223116941384308	-0.08573093682555769	-0.08771462631487162	0.06215240120534203	-0.09657593436404315	0.0981801849047273	-0.1118070751411894	0.06143603337968664	0.022277921219223312	0.014692508364100354	-0.024586689531782654	0.08356866830542148	0.028905986471798394	-0.036196295903149926	0.08157566834424729	-0.01928094737561007	0.04097567877967197
0.031083389028209358	-0.06682132738398391	0.06292804468230648	0.05785930379094479	-0.022957389775081403	-0.02762997128586357	0.1346389332282941	-0.033812748614276335	0.06600922278235945	0.07702821145304077	0.02916520634732169	0.0517031359127431	0.01621875473882707	0.0025900429259475754	-0.05920075064766613	0.02157969058891413	0.0244450182135139	0.030443793853906952	-0.08573317832063791	0.10214396515989715	0.0013534833365306531	-0.09808164995171369	0.039162849792353564	0.032981453655695506	0.03740901416644192	-0.05579062978944109	0.08312376264646143	0.04085255174609501	-0.03593962620853606	-0.013064928808736997	0.03958255677552555	-0.04613091252383816	-0.031433294839397684	0.05286220216809112	0.07265118859634649	-0.03945896151266541
0.03887228161458807	-0.055331719176109996	0.0547468605694985	0.07585018836354211	-0.064858712164107	0.06668107572924192	0.08374924998179636	-0.07213652619495509	0.03987905109707658	0.047524663612777254	-0.015490380870890498	0.037879364516933876	0.04642790819311137	0.054609267756261355	0.00592977761470615	0.036086855870200676	0.010563650030387166	0.010670641285170904	-0.08065534011323466	0.07386785363222628	-0.008322256445533725	-0.020195304042692208	-0.06741417950356086	-0.06803575682119566	0.10394878458382409	0.055698905117612454	0.040099303773209846	0.02043143025479279	-0.08507260022258216	-0.017587437653493194	0.0024871848683957268	0.015971256225185682	-0.016595212969699	0.06420065911922523	0.03039512504120179	-0.03440691976380258
0.044929115112301174	-0.052448478729430176	0.03996650093643484	0.09645367281681455	-0.07439056566288652	0.03806011975187704	-0.03939526775305262	-0.07883596650383716	0.018827590096647445	0.04019102903077281	-0.03938043660170261	0.017622895127826964	0.018090032709567584	0.08804521780709912	0.05150104635526135	0.0366818577473261	0.04128826028577665	-0.04675256119171673	-0.07592733468980266	0.0012574591630480636	-0.05705994042616073	-0.0893730549776855	0.09724109449285967	-0.069119764865592	0.07534972319969982	0.02476312578335075	0.06859001571169812	-0.01975797437273817	-0.08946408491010913	-0.04996153834159301	-0.015387051468237427	-0.042984519679901384	-0.07971598060017214	0.061028884976368034	0.0314704613495463	0.10967385650069646
0.05701158082674183	-0.041314303177882046	0.06334629312304359	0.1089484994134461	-0.027431803930647494	-0.050973945697059334	-0.07899354645401803	-0.04878770733443667	-0.0014607039840986097	0.03945155344348617	-0.02482636792860772	-0.01481131885228185	0.038386243436702945	0.10116020417643448	0.04404811770712026	0.062352674532102303	-0.04815400313440354	-0.055364659985303225	-0.1255385113022707	-0.006084608999723376	0.07490051511004236	-0.08235183831891202	-0.012361987415147383	-0.0004843128266981897	-0.006071411642057574	0.05253018243085253	0.0891453437555415	0.0028739599193667448	-0.04220172731444773	-0.041342509486822915	-0.1435352612114477	-0.05571561022867487	0.040009683944298206	0.08219739695776551	0.056090792862358324	0.15546185775584737
0.06372866195533053	-0.038089080752467266	0.10977867895341126	0.10956972042906404	0.03810792519634241	-0.07911241366563697	-0.03143400112226106	-0.004854470034055034	-0.016107425370374653	0.05249149383382963	-0.009012886006516495	-0.002815445194774449	0.08586606035819032	0.12948540111576107	0.02196610837326102	0.07653301322879083	-0.11984042512043486	-0.045290752215331465	-0.055767772560321366	-0.06613469756324555	0.008714894661796792	0.0011678851210412313	-0.06977799074109499	-0.0627533315364265	0.029312347999399288	0.1214313435623096	0.014687338833784556	-0.018797418925831713	-0.051129521599333566	-0.05823623965190213	-0.10592503770141637	-0.08401452497322609	0.06509991648979686	0.09265672190859692	0.051027815200274836	0.15494373343479642
0.06217753824267239	-0.03133472635165165	0.09601442895200282	0.08487050471690498	0.029584280429941236	-0.034961691523061666	0.08902654831397082	0.004946912402301579	-0.04475601552752021	0.003481061344319807	0.009358919612276547	0.006010940354034466	0.10012114572041898	0.1748682708938467	0.04320659920206273	0.07395201749101711	-0.13633975079114938	-0.134355856099661	0.01842081189939864	-0.08396940634624302	-0.0019286135696406567	-0.0048383942248792135	0.04653403141130786	-0.02294267954302271	0.03414531572770975	0.06273954638924542	0.08897160834690998	-0.07605303042861343	-0.11810576067650982	-0.06207832777620464	-0.04146370928591835	-0.07675845352405442	0.047368562568897245	0.06137571025224346	0.037388705619326855	0.04786436940264458
0.061102411660531264	-0.020758163754553107	0.03977264328381438	0.057430430865164285	-0.03555018555245395	0.05121715656279471	0.11578529290964319	-0.05058984576669512	-0.047463667651610184	-0.045738268945878596	-0.002166868453343256	0.004045839196451505	0.07039525364469834	0.13968004254625802	0.027976637856577898	0.0690196345168222	-0.10799255219641082	-0.10847648905378925	-0.04656933718111245	0.003990755272273931	-0.0014663873859239764	-0.019060528252213927	-0.091757940441487	0.028199204714071426	-0.04163889760013692	-0.001078272941492292	0.06677927085289936	0.002065717148204471	-0.06748858351971496	-0.05953097906800688	-0.1467735776001418	-0.014697180169075622	0.06017398735281685	0.05022285789570324	0.012670185191534507	0.11486044803078489
0.060941770548648605	-0.033659745022083354	-0.02292934930372978	0.0513386304513936	-0.09923603526552909	0.05900900555718879	0.04743253226181755	-0.0907151071740951	-0.03807132920002894	-0.0017721281470351319	0.0021438029785756196	-0.048534987434216394	0.014084456838086557	0.013809763513767582	-0.006514902933733073	0.03524398903322435	-0.008915602727652364	-0.03755434355553377	0.040142801820524904	0.012011845387361744	-0.11103135652872413	-0.03186002755074385	-0.06684829330873494	-0.10311470683677379	0.014194237164909668	0.043359575459311114	-0.05280275991290852	-0.004314782317426585	0.019954308610584105	-0.0007624098968166473	-0.09202856134011346	0.08675586495610298	0.05879274261468328	-0.026943051934592687	0.010003499589694589	0.02696155498744561
0.05821000082783012	-0.04430690064945796	-0.021890208171686354	0.06673659675853641	-0.1087869424216484	0.005671460547190451	-0.050187990229386484	-0.077095105491946	-0.028038685390282796	0.016141122558794487	-0.011492828678315341	-0.12172161904018923	-0.005856032290272684	-0.09017440178688547	-0.016596365765330117	0.06950207261530902	0.04294689824914706	-0.049986919484961055	0.016015588316933102	0.0022171052170414166	-0.10285233893176934	-0.08931217680557793	0.07373188375397295	-0.005563974688141786	-0.052370814141542515	-0.02054834945195	-0.051956628256255195	-0.06479484021634707	0.011484907296683004	-0.012668185349504785	-0.00798947623673766	0.016944496341711038	-0.011485191703722336	-0.08907969710377801	0.03387383831321008	-0.0321361917630648
0.05003747640211841	-0.04049982702163667	0.01117415290796673	0.05512587493439706	-0.07885676346418215	-0.05272849920552154	-0.07551087794717078	-0.006656525203940605	-0.06799638982806588	-0.017564731734874446	0.03321396580474967	-0.152608189998263	0.0333074204001833	-0.1499395737987689	0.01688417641547268	0.12892604852115006	0.08572686235261379	0.009859234580476519	-0.004024750583639332	0.02957376481184979	0.011962179336222628	-0.03592535946347474	-0.024662890647680014	0.06276431388888518	-0.10794143467803465	0.010278132333814333	0.024345207629153633	-0.12813215161734373	-0.0371195315093766	-0.021445660843917448	-0.036322617734634376	0.030526360378598773	-0.060591462346388514	-0.037034560584786075	0.026644245170324512	-0.040647249450755
0.04327556976315426	-0.03446569216890121	0.005180882953849664	0.028943192289169382	-0.05243073170008241	-0.06922220504759363	-0.041996069421895724	0.02238809775059157	-0.11077422949332606	-0.09939123370696162	0.035655607090918376	-0.04968599756224253	0.014190618595705558	-0.14672652042254605	0.07228002149385096	0.11363994802205803	0.2001695254517013	0.006569008505668325	-0.05136615793005383	0.038617166063619784	-0.00418036863359043	0.008071150005365145	-0.10081886481727856	0.054777614941976055	-0.021942906182852107	0.06282196236206646	0.03600739414186898	-0.15525200930356975	-0.045185198177264636	0.022353467940707313	0.11527165847459629	-0.0037381467807036522	0.001992713699208476	0.01690904062530539	-0.045869004967556935	-0.07321614752739711
0.05295839783700094	-0.04029933450111893	0.019795177658809438	0.04595337266829561	-0.02513337253535771	-0.09490588618265212	0.01864467473472886	0.034546477966477	-0.10378492446284938	-0.09190544504950009	0.018149327959789924	0.002069757888999287	-0.028372054341195344	-0.06439003694444483	0.07682978383291145	0.054147314278447475	0.18394581361022722	0.021173364189215754	0.0025620464619201325	0.02426400575526738	0.004079458864760904	0.017730714429905398	-0.03216934701095569	-0.009188902396900997	0.0330508243187983	0.06630605017292046	-0.044666095599688344	-0.033457480232435076	-0.020776573234543697	0.006449314165494671	0.004585317855803024	-0.026834164183078744	-0.014636997432800516	0.08205759073622088	-0.05792270920814834	0.007948522475273065
0.06319481936266394	-0.02317552602885721	0.026890118756326388	0.037888314687160723	-0.017095907652232362	-0.029363729687983803	0.125421152194899	-0.01593421396512063	-0.030963938127285213	-0.04151284438292539	0.036027485797370216	-0.08699741476594873	-0.04996181597558804	-0.07931062510819992	0.003405952219142646	0.03901862376487556	0.10642910168778641	0.0018493926906835104	0.08241201040069934	0.04005618583606076	0.09534330427177182	-0.061917463914458126	0.10463473089141256	-0.007935134801336691	-0.044644042440743825	0.04681442968055019	0.008196493299700847	-0.07354532281260229	0.047302617702139435	-0.010876737314592134	-0.027146420091540543	-0.1009884059992465	-0.006620746545067488	0.03321704376088295	0.04255360180509862	0.04518087947849565
0.0579360486769719	-0.003054522165681784	0.0003475069702097912	0.042911985182542585	-0.08444351980341212	0.04991816343261412	0.04830039251296082	-0.0818147193327441	0.008286128027107889	-0.014345500933560414	0.01415911885567453	-0.09649602485640354	-0.04728350952124621	-0.07292070543160795	-0.031954123504544976	0.09801765602234164	0.08042441045752145	0.03328717032889919	0.016977018513524903	0.003916641986546891	0.08906633101790401	0.06953219445967893	-0.021953991627451888	-0.15968578757048987	-0.05457980197564924	0.102778300767236	0.02063305611812642	-0.16390613151691216	0.016186877699592084	0.04538527059739991	-0.016806560995686944	-0.01807209382185214	-0.04499387460286386	0.06147176667426849	0.03413996347443801	0.03651506508773089
0.06272221336961321	-0.012678689670120459	-0.008802727108530379	0.05652788926445743	-0.09410538910482225	0.026080253913648516	-0.04826448834426354	-0.06284412293899953	-0.06281750605969869	-0.06056158349341713	-0.007787646188985087	-0.06579604984243101	-0.011798339032304917	-0.018889086456291407	-0.04453939146523806	0.14174738403977682	0.016379168805157534	-0.05483387868885552	-0.010947187752241575	-0.07593228970308533	-0.00863644105351483	0.020999299378672537	0.01703602018842234	-0.020159799426797183	-0.05170689402693265	-0.027074378034346883	0.024585089663535627	-0.07889786227615553	-0.009056499410882905	0.0485558119966753	0.059183106678259254	-0.09761052358987653	0.06844472578301344	-0.01592067987615406	0.07842714975763264	-0.014071408944435792
0.06386658441882259	-0.022150502778974162	-0.004855165550229303	0.05640173534057302	-0.047088263797191776	-0.07992842973069925	-0.04758669327439335	-0.030651210339532692	-0.09564804150085474	-0.05576677430650303	-0.027907018521186436	-0.04669570241275035	1.6888355284546905e-05	-0.012469272598908591	-0.07490440464390584	0.10050420663747664	0.027442391015179	-0.01972398926850867	-0.01778920029429567	0.021253988072007502	-0.021981722302381917	0.015610605552402616	-0.0698146622976017	0.013631939717214986	-0.02349772698597343	-0.04336533412836343	0.0047246369962078314	-0.04235452064411136	0.04649520514151711	-0.0014024324937155566	-0.06633726141251002	-0.03707027151210962	0.05686019329287684	-0.032780653048459195	-0.046803384979277905	0.0268503269409091
0.06425459201785558	-0.01629762864589628	0.018230852436912314	0.05180833702432886	0.00018631614223433267	-0.10391880583376206	0.050580345551887264	-0.014858986807988245	-0.032201594094339064	-0.016428187248643488	0.010930053434026034	-0.007057544822086157	-0.0317218242266899	0.011280616939283684	-0.010299189039536513	0.01766466784789551	0.10957156537793111	-0.04062673393990302	-0.029821318765132058	-0.002120217780536421	-0.012336994610084188	0.028830910723276766	0.012514261636064013	-0.04770491153975089	0.0021134624462340254	-0.013509444541282426	-0.024593202977641657	-0.07414137289493533	-0.0378834791727142	0.002836676626965559	0.00533570118335343	0.010321312778393758	-0.03610837333324796	0.054886210806429456	-0.13552098974678947	0.005283407107500911
0.06465397574498781	-0.020395476203540906	0.04755794582791018	0.05135381052753336	0.010458932124310379	-0.0359833532568336	0.11350759408366673	-0.008749000891475773	0.01567471843917567	-0.018115010022588748	0.017378738885692094	0.010855289700925894	-0.06794948746445005	0.05170258294392336	0.03986881809321295	0.034427970209203324	0.06843183893270866	-0.015688209954780118	-0.029668139921839032	-0.04974133291327987	0.03761533702734924	0.009173853767216508	0.12041683654171971	-0.02160879157728979	-0.076620902252851	-0.07157656305943037	0.0050771601611106325	-0.016792905341940622	0.03442101158187856	-0.04231779617536515	-0.008271056237392868	-0.02225209816477107	-0.03629517974812185	-0.014911945282280127	-0.11799329652869384	-0.001875100863661688
0.06226628159296064	-0.036782411411319466	0.04058716663105816	0.05834913745860071	-0.027690269625769114	0.05137432208852261	0.11725216129223826	-0.007287515883886348	0.005932068684352318	-0.024115514191734303	0.04284191164168207	-0.015892278624999753	-0.038754111854300825	0.038282922069986916	0.04950878617247101	0.043739893338559654	0.041603761706985	0.062116258085465746	0.008760693504862433	0.0036361271147130267	0.1101220150508358	0.029370950347845284	-0.0009747456355676115	0.009309006954186424	-0.04758322882045085	-0.04851265384646089	-0.026959989151992613	0.00886710597758348	0.0945313961657089	-0.020242291107661577	-0.04689374970995894	0.01055955111262466	-4.01191029136994e-05	0.023137779603353375	-0.013992869434394716	-0.026591893000073422
0.06966659737264266	-0.023126721718096405	0.010895814072470597	0.031068944715587327	-0.0689772115469342	0.096322005336687	0.03203460842450427	-0.03523421033416774	-0.03163924172811422	-0.07459915889402431	0.01691163961996093	0.012204075166614752	-0.017009831326056622	0.034865377561327605	-0.037860073857475605	0.07696725872461971	0.0054134001698897555	0.062388875176619965	0.10056510139108578	-0.04352195390557606	0.05782924253830457	0.059086452638437134	-0.004925755435787622	0.003910461520218263	0.10930397488426899	0.0040364188921970245	-0.04616189216459676	0.05946308978151246	0.14593314032484078	0.0005924885574141586	-0.06946941215146495	0.042400074570375895	0.03511373653846286	0.18940321524423695	-0.019053150490556232	-0.004214516589351085
0.0672631350026246	-0.038073955902466636	-0.009083662005280569	0.03754089682204577	-0.049606353573019235	-0.03484091844604003	-0.06080939458965653	-0.054502690061491464	-0.05561897334767633	-0.028872118006785553	0.007805698577572325	-0.020199228869262897	-0.02437247842439083	0.02045745221868578	-0.08213764080024201	0.011382809891835616	0.02584560561792571	0.008269072102240326	0.1250409445555927	0.14233013143054002	0.04009581020463283	0.0029563140375788687	0.0867102656260543	0.09347040192406217	0.10686022688445862	-0.06316936419386951	-0.009035876592544156	0.02527718862188053	0.14584461355759143	-0.0047320401938600876	-0.10997574671703765	-0.07725204925209163	0.034193726454343584	0.12803006413866916	0.013972268891508065	0.003209888659103311
0.06877707290777273	-0.029978720818795178	-0.007942798042912503	0.01625213286044423	-0.01114910371796301	-0.09565935318847489	0.0920811547688556	-0.04202996312864138	-0.030335609168348078	-0.015809316806670675	-0.01732937548026025	-0.07644320137549616	-0.04269679004891798	-0.023044582826243946	-0.15139300503860792	-0.03285201348568072	-0.02939356362514408	-0.009359998144200847	0.0643775947102186	0.05012716505668846	-0.017524283426560275	-0.0352774135830559	0.10794209099053381	-0.017386590806977742	0.12398718014799368	-0.009931321860525262	-0.04179326314359105	-0.01983454223919895	0.023719447286771576	0.04485324678692212	-0.02503956679877672	-0.030850763765959664	0.029051384957217118	0.14167981354888953	0.014505559715832363	-0.0013431573527379892
0.06605568969460733	-0.01738479080379904	-0.0014875242559137282	0.017913646196206504	-0.04672451624869705	0.01363380939986461	0.10392005859459566	-0.08586668670513388	0.01129124795233505	0.031135230227135366	-0.02414414627517011	-0.10270599680171505	-0.04586622328299316	-0.051335130345169594	-0.14222836490611065	-0.0059867786262926565	0.009389661455216641	0.015435488162301883	-0.05556977128934478	0.06613672891000753	0.0066218243650210465	-0.035964779613592575	-0.04631699816770518	0.027120146674099826	0.027629386136390648	-0.0392008393647478	-0.02400845421585065	0.03889773768088263	0.0023994195826896603	0.006371062180777487	-0.06562684563898973	-0.04157426931272095	0.01723733964575808	0.08025441604174652	0.027896446665353555	-0.022516250106948493
0.06811029668920453	-0.014268712543291278	0.024120723271014992	0.03740331707211245	-0.05178859937326811	0.061010252136106995	0.02325041679312182	-0.09675657075478067	0.03666099759713092	0.017691966445545614	-0.06145259595572109	-0.09369351404528722	-0.03259556729384157	-0.03623042824595478	-0.06377183842406352	0.006603307096578663	0.11411351961070759	-0.005720609679237196	-0.06305124121485327	-0.03553141226539044	-0.0436220699851311	0.034837841295741155	-0.026794332629947366	-0.030907702602334206	0.08641536024503177	0.04779687920030433	-0.030756699642524164	-0.001675180898444711	-0.0009194143681821431	0.03702269616066312	0.00971452820726302	-0.04744569173890864	-0.057572204229490234	0.04248707021696584	0.009913808459074695	-0.09942614254929988
0.07210825321875595	-0.017163426337319262	0.04197287303050879	0.054146969664494844	-0.042155505090635724	0.04178955536586961	-0.0751926784674914	-0.07913654674686568	0.035267745650824675	-0.0034252228204990683	-0.08173554700336072	-0.07333706018480479	-0.019997591215271147	0.03188385938302191	0.038350506462378	0.01256634809632406	0.10910035842640306	-0.0855189873721975	-0.03929063248486426	-0.08845341316723443	-0.03757263673573827	0.06052116951584346	0.07248446446144512	0.03940500235933661	0.04079544789507431	0.02974953514755531	0.028057893892054195	-0.009362140436889502	-0.004132214528598016	0.025886671892663318	0.0041180715395738	-0.10079072861202602	-0.11854170040778572	0.02050630203678797	0.005777119284209452	-0.05165391730857338
0.07600329680910749	-0.019783073445159456	0.05424872582861961	0.05577873193619334	0.007516008054160375	-0.042727614350842456	-0.10291407199711712	-0.04263341702976213	0.020036468212183637	0.010537881046673279	-0.060844516772737146	-0.05573330046037281	0.0007646493213716709	0.09502926769114804	0.08149558496211201	0.012724088025396322	0.03956252095241809	-0.05737396697244582	-0.04646837797543278	-0.002050530236378901	0.08701160300503068	0.08749509378670599	-0.0194716070262782	0.08665340043819028	-0.02630164830425916	0.021717828731329863	0.09190085474966038	0.02072131497034779	-0.02072094951674802	0.025809405237653946	-0.045798406556009225	-0.07575658927440657	-0.09338657965239489	-0.058843020743862995	-0.046836436769616685	0.01784022996525968
0.07216239683619469	-0.016171031042305453	0.05963828153459985	0.052293077222457865	0.028526648167344067	-0.0856836009267501	-0.017315006473105243	0.0003753478901786538	-0.022357241950676503	-0.010364938888793045	-0.041917975952267934	-0.02264123996826222	-0.011395892308161286	0.11630707887539121	0.04873391839542302	0.025866807216859748	-0.03337593334743007	-0.03731210328461809	0.00022292085658916997	-0.03106910219263836	0.07366377738282562	0.1285401693748719	-0.02507721227313723	-0.06210743650498428	-0.0020159789122481953	0.03977428942213525	0.09853703483077453	0.013134479677097567	-0.08449842886796242	0.041437852621001164	0.007857235748823771	0.006601183001770202	-0.13231246740527874	-0.06437947903096608	-0.1383180576980073	-0.05896537718258331
0.07030790913338748	-0.006772316273641097	0.043937453816346075	0.0037352903954643757	0.016224335857119913	-0.06179918221822376	0.08749189907780447	0.012425285010681141	0.0004425203550512454	0.01347443593377244	0.03796995503641172	-0.03607013269157283	-0.024049476438173883	0.1132657724565928	-0.011728357472859025	0.07749443038042038	-0.059455461381911094	-0.03363717966636981	0.04825777238747864	-0.05769967367979028	0.05657634477584336	0.01887995176199608	0.09909306594057873	-0.01999485416482486	-0.010543291818178896	-0.08083409713834806	6.222631985867196e-05	-0.0675273036980808	0.02529656486245826	-0.0012814486197106206	0.03042099913175277	0.012286759184168987	-0.018722735654464744	-0.1320604547744661	-0.0749481248858394	-0.0171007236665335
0.06920574795674843	-0.0023213001257559422	0.002984767068971193	-0.011280315376232995	-0.05518934779260842	0.03220812040936296	0.0825768160280245	-0.05975143041473866	0.03442835278365166	0.07655358167251987	0.06057363902949043	-0.01731197316842898	-0.05456233439833395	0.10868929804353734	-0.05166789200536451	0.06802874682352938	-0.0038591665984257957	0.020559493577207346	0.02833401146366067	0.02520326863618051	0.031243130624831257	0.06977416103199131	-0.12654307436419726	-0.023287961799045284	-0.03133021345667346	-0.11179191569642341	-0.08216012834756502	-0.08451362226691453	0.03354388127277763	0.012953444398709074	-0.040234921243193396	0.04328689742134522	0.09953273799765736	-0.06822279284763047	-0.048990698561087065	-0.07193380362084432
0.06609196446803818	-0.011039183998873355	-0.037530247890980174	0.00017001144315542902	-0.08169506202877568	-0.02870897969320104	-0.04464810386588918	-0.07818803110628894	0.05750099606029454	0.100233533532124	0.04254645433365841	0.01638295437256606	-0.06682278425744766	0.15373166295918436	0.006209847161576503	0.015249992985905066	0.11089581052479698	-0.020234891063179158	0.02663128694979856	0.021575088013191985	-0.027515763075660234	0.023493743583155303	0.05288927001457146	-0.015244980639957481	-0.02135532990517159	-0.16129344845183477	-0.12617508892700172	-0.14383787597769143	0.030528639225837484	-0.005869098775384206	0.04419967315913048	0.017324005183298345	0.026880571116076248	-0.07506868870667742	-0.07334536930064373	-0.030477392894380426
0.06529359029393685	-0.022396627813138746	-0.02673141176793381	0.020284153818550504	-0.027719366904153594	-0.12853047380368365	-0.016779341128725575	-0.03142155127361712	0.028864406955483573	0.07319803281293316	0.03535963495780796	0.02265297078125591	-0.08357629255335382	0.13350676186292454	0.07876434340854646	-0.017192181488311108	0.08449980021691901	0.03763709971026252	-0.006692507312559244	0.03891072235610607	0.06973599510682506	0.07779254474209046	-0.05149776795348233	-0.041561669178032674	-0.09650513901399568	-0.11937685046910826	-0.08878995852620815	-0.10905821411282351	-0.021564954271567655	-0.0263332696132656	-0.004087999412822077	0.07439365442440868	-0.018110367710802804	0.0146085277813152	-0.15528002460786278	-0.07725872252177308
0.06952068985710592	-0.017865711046457632	-0.0026468782185943376	0.013965652727768106	-0.0016093158311623256	-0.11437941158717933	0.0761903906088315	0.019014110517782293	0.009780979299822518	0.03629315931330299	0.03516747039804676	0.02199713204683179	-0.09081354181753314	0.1262285984782452	0.05270611996221578	-0.01693977881199523	0.03772037204648371	0.04065868764103285	0.02025409735411918	-0.08492910421210396	0.06873212034545548	0.05983496202920309	0.08943500601562067	-0.07619171686054062	-0.004231697028983237	-0.03020777794273588	-0.1332055813018314	-0.069904931292775	-0.00482130218197924	-0.03382430773302054	0.06601372181522357	0.0029474238203327854	0.029954063828936155	-0.03071603156346362	-0.01333100624207774	-0.02055696687982036
0.0710470060024928	-0.011834104072141421	0.0011373284896249898	-0.001252112264247253	-0.022295367576362326	0.022354404139218617	0.11717224137246071	0.019469614182121342	-0.05835422525254803	-0.0535501084673362	0.0661761383763744	-0.015668651994896206	-0.06679057743239009	0.13463556949128502	0.024402466750742147	0.01155745324201973	-0.07594425411443878	0.07578926876006233	0.018294036755410793	0.013664392367589664	0.11076648790359993	0.055095369310366266	-0.007870339642565238	0.10795069251382161	-0.03626881554575976	-0.009106806624733265	-0.11493896884264897	-0.08003884130470228	-0.045776882093559665	-0.08438694720519538	0.03173277089449752	-0.04762020507040854	0.07315377219641693	-0.06020266333221168	0.13848957383313612	0.007399676815964545
0.0652245672250268	-0.02574192335261491	-0.07191540924869039	0.012515352528642597	-0.11275290753669479	0.048583754743509185	0.01898020948778334	-0.05049884376582904	-0.08179417210177246	-0.08088775003812143	0.00849101436071415	0.0322443920540798	-0.07270481988083362	0.10297481385441269	-0.04037701483142269	0.021664769476108056	-0.02973412600380275	0.09074208538482965	0.12048294913391697	0.0028824293401352938	-0.024230762045991786	0.049497820982220456	0.028418191528056608	-0.0291718947134786	0.036382387225797744	-0.010927990770435797	-0.05696814754190042	0.009470598956799683	0.01722234049813911	0.014758168068009721	0.011584966677662411	0.0658512456684497	0.08074797960037254	-0.02199570929078919	0.03054146226500476	0.006793109295473956
0.06731218687439194	-0.013615889906071182	-0.07179707563913812	0.034377349518364964	-0.08873894358238608	-0.07880174245566883	-0.04091279655077123	-0.03880578099903308	-0.08515994625071785	-0.04089873626039543	-0.017902511131497267	-0.016281743804603656	-0.05233351106943501	0.0210844487911375	-0.09812619260137574	0.046524111995194586	-0.045805753675220925	0.09303062328630778	0.030111235711686966	0.033723832902097815	0.04384152559496285	-0.007523832495053916	0.010282079929636138	0.06651561769734653	-0.04618556576689157	-0.06420986297391644	-0.03973031093904268	0.002877123129820733	0.0024655285237226475	0.005093024853911068	-0.03316935981592653	0.05811555330423285	0.06583262948128674	-0.09650615309342843	0.011213937580724594	0.05572076510782673
0.07698343566564539	0.004796705121493667	-0.03422680024013717	0.012930851588028999	-0.014702016574327976	-0.10083432608381888	0.03288262473166756	-0.005549112864330263	-0.09491055015660542	-0.08020821865773861	-0.057470675987950005	-0.00719487982338517	-0.028417152265952258	-0.014195496601034382	-0.07694667149213379	0.024695767814138982	0.007088593015876285	0.02419120463550724	-0.03004930740570985	-0.07090615125034885	-0.09718997706958515	0.028408288592433144	-0.05368705462658525	0.002962844535550964	0.011757021732626775	-0.0024004661349085604	-0.11803035758623245	-0.016760288403049935	-0.1120625647839833	0.04923241089823718	0.03434702034310943	0.0492233366117943	0.04036951507344368	-0.0358050553086951	-0.024285713026677785	0.09308436732267932
0.07888042873683322	-0.005179148706766715	-0.0044645696090094555	0.013078511422107671	0.0069873142135622734	-0.03588526607421333	0.08842697703442931	0.003550985641528419	-0.04236292762837171	-0.10283910875036936	-0.05156937906143198	-0.023250095177281205	-0.03544268764610723	-0.026896003220625894	0.03593768826448663	-0.003496954156906326	0.05780941736418688	-0.03034033097594343	-0.02992472874348767	-0.08494331508932268	-0.09442308440657421	-0.047847514155513235	0.03697112312458453	0.02026043077823131	-0.09446129087401405	0.0006657875929729131	-0.08965133763761657	0.06792834092445206	-0.1062410959700093	0.03671112253964476	0.002973000960455975	0.01072480436767853	0.03580492835175416	-0.06902286255661158	-0.08446403546419219	0.12909785364434923
0.08861816478929757	-0.00145191570574073	-0.007830945954540801	0.002332659796368839	-0.005482406992299359	0.03459530932058624	0.09652836485582089	0.000604701553754645	-0.0020137875288610847	-0.07786434351573872	-0.014038396573982414	-0.02127337328451787	-0.0557273000271662	-0.021286934813597214	0.08862374634127237	-0.019621922585622252	0.04509936617640318	0.07432393090619602	0.010820655780695264	-0.02573925661684368	0.009085393694072505	-0.043420243818428836	0.024499154315563185	0.04848020544727533	-0.156530710414313	0.005315224931002643	-0.05406448276536328	0.1423545790441049	0.032908267341879315	-0.006335423581016894	-0.01967779697756525	0.0181476265030991	0.010142988244069895	-0.07176702213668879	-0.10593492496941384	0.11649416671758467
0.08905082141991118	0.007683906829282739	-0.018525868415782444	0.010866561716083373	-0.042636668572840423	0.0692854286289664	0.015591330592953163	-0.048812325658991296	0.04257644607361563	0.020283232575314215	-0.0006284248145078076	-0.02502313173975467	-0.02708394654929847	-0.0006252430324226967	-0.00655438193845487	-0.04406232061852902	-0.012159959362373414	0.07006361510916004	0.11056057451040364	-0.039475045272468944	0.03445357320950032	0.05962206360487461	0.0013976417260823798	-0.04282362797048712	-0.018531459895294682	0.07991318292574436	-0.08148767602549621	0.10466345767067971	0.0590017667842017	0.03252939346887352	-0.04802609584654133	0.08841779034431455	-0.06979166214814564	-0.023744117725882974	-0.00044342579048449113	0.051535607105169065
0.08771029829673302	0.01360894399676899	-0.02927803451838218	0.022998238882001223	-0.04202389637192136	-0.0347399405783439	-0.07689252694752323	-0.05977997599344052	0.027337122035574767	0.05134918344571014	-0.01729896680185266	-0.027377016212541988	0.009890070164387555	0.02997927187534063	-0.07439566533159425	-0.04450225185514088	-0.04692999906338517	-0.02892533223008649	0.07965384555912294	0.010137960277976685	0.022848801249172882	0.044540169694460736	0.03486686933288003	0.1022552663618356	-0.034383342707358856	-0.010854675150509974	-0.02908704770790444	0.08648048111775322	0.037504701515921245	0.05468737312570442	-0.06430136316955962	0.0020136512361889963	-0.021891150628557163	-0.08721897402598944	0.06743648103704375	0.0036270015439912456
0.08850075233333128	0.00519463879504476	-0.012063023337523428	0.015224276325161962	0.03126733124142772	-0.11850152012340626	-0.015469115066268057	-0.026866692157674794	0.012473709000376134	0.07347791692604315	-0.013046252692408335	-0.02449149251638327	0.025498348739901935	0.006878899703834644	-0.10057351613951214	-0.07640210322208875	-0.03702123881812309	-0.01167569037134017	0.01800340565248144	-0.0036237733932446316	-0.06402672083380274	0.0529544499818493	-0.1026016928982689	0.013758549810905943	-0.0004438556113520002	0.043858017573774735	-0.12139254753860218	0.06489752636245669	0.020849035188957594	0.0648630490942823	-0.03848298634252523	0.07064810745017722	0.028389277738255222	-0.06684992157815495	-0.03617927640649396	0.0015955477446593456
0.09132398907257301	0.00655935745304399	0.013088437511421473	0.009148993425030718	0.06300908643281859	-0.07852655825277198	0.06713446327760518	-0.0234114117331743	0.04694221702868081	0.0850517891956644	-0.0016743379646558972	-0.02503504088805209	0.014951310821413325	0.00985691365093585	-0.08006511454553476	-0.1126909251229043	-0.027264168557521826	-0.031070202330464588	0.009705179753548024	-0.05381989477813947	-0.1161000298093845	0.011247749041100631	0.008804681682906774	0.055677957416837245	-0.039978230206017415	0.008836494810673334	-0.11278952976013755	0.059967635111913956	-0.02505819237181924	0.08900491226494765	0.03597452814330401	0.0044443081680540335	0.036294009451578416	-0.024787375953040435	0.0008644734062790496	-0.013612310261953814
0.09478939485723112	0.006178145596574064	0.010897563256789944	0.006655099329905595	0.050363576313367596	0.02431407535019623	0.09253838371499429	-0.04527510043248623	0.07616505374163741	0.05468462720354668	-0.0056068467832250226	-0.0037907746190582697	-0.00773490049852226	0.027630540722445945	-0.017211808966362572	-0.11370920863150266	0.010960488595034505	0.004935180807562393	-0.010492888896765126	0.009637143266236041	-0.05370106403247511	0.015694481485452584	-0.062462825809906516	0.10790168126698164	-0.12159710310762009	-0.0010220258831949262	-0.03867141860767988	0.09528782132182782	-0.014134826259616142	0.022549753841637182	0.03845966723371297	-0.03609694435818643	0.010717997443885827	-0.06814902971790758	-0.019847074623837634	-0.0888999685185967
0.094583895602803	-0.006286279529582424	-0.004899782029955923	0.027230220245786422	0.0013153636383645298	0.08614550092572786	-0.0070264046041460726	-0.07340034466126485	0.07789570552072288	0.028477819246276254	-0.06573689439174318	-0.021684564377827842	-0.015116766109625292	0.06426399566665954	0.009364728393503757	-0.0956249091995567	-0.032314556515650655	0.03544111932239203	0.0157280401899851	-0.04018086984415912	-0.07940095867350412	0.06652967480679325	-0.016941762030195	-0.04306682770909845	0.020229247614768662	0.07591530073898525	-0.002261943016181364	0.1431348216193798	0.02072061455772676	0.060023699320064794	0.017446016626496696	0.021796995828825	-0.042573445813219646	-0.012177305947153244	-0.08190690868764755	-0.025421762149184013
0.10117105812118604	-0.0015119918167209956	0.0159163022979363	0.05237976904510592	0.025886148738090375	-0.023425745563529474	-0.10423102398727274	-0.04061184113620158	0.039941400135040286	0.051636899324735364	-0.06048130504349324	-0.056574906052668864	0.02739410732306241	0.009556184549270538	-0.0156395610605642	-0.06849211957114815	-0.07505947681879438	-0.008862033108550018	0.028055356821313725	0.03664365575570229	0.029471022812499907	-0.006236448091780804	0.020682293573033014	0.05407674536802326	-0.016508713946654464	0.008319951960820998	0.052914878059792225	0.12976664472066007	0.05940771123453568	0.03584140964807223	-0.07662501969971369	-0.05025848023794071	-0.03327709952996271	-0.0973763747447777	-0.03749542575386061	0.041165883741595535
0.10084589197587865	-0.0009757245821866558	0.046534378578771095	0.013621788668792104	0.09542689861126812	-0.06795367539546399	0.011910406383266667	-0.013100501577362067	0.041441772913839235	0.055252624991206804	-0.042726612021805575	-0.0769053587431992	0.05108651607109174	-0.026330315845376	-0.06172558094439854	-0.0760687162291502	-0.12196752029770616	-0.037114161909815487	0.04760369519444746	-0.04523304792960752	-0.06629693017845222	-0.05174982719600589	0.016785145865864663	-0.031385514770844745	0.036627707983478364	0.09832958673254945	-0.04742448879555548	0.04376293000513924	0.0174252063656477	0.08809686898090752	-0.028084069689091194	-0.007784042653141934	-0.03043106375225529	-0.04664656989630011	-0.026503777617486658	0.0712060193582048
0.09877241113312397	0.007298336548273167	0.040414914228493456	0.002750969148135308	0.058114130232983875	0.05471171421660063	0.05104019219796532	-0.05383241383318265	0.09038720572107382	0.08929661427843816	-0.0341410495943296	-0.11977421343636643	0.047364174097164806	-0.061063540629486886	-0.05335525221686564	-0.050620659557630884	-0.11371510417136596	-0.04937947309145954	-0.0458755169499476	-0.002039324740786684	-0.09097202072038992	-0.06805716730974565	-0.09737850860343525	0.07344402438212186	-0.05584062598037356	-0.002858947599292505	-0.021198887430884605	0.08225793369471215	0.0122735126850993	0.028855238027877386	-0.011671877968640408	-0.05118727034598859	0.05489993358335758	-0.06091948632103165	-0.02356704280233643	0.052365829391712235
0.09754424126026412	0.006102465735868815	0.05126996886745134	0.020146618814754727	0.02412383141049448	0.0840772310154484	-0.05120785913281545	-0.07101695440696727	0.1095926353578425	0.09826144329773888	-0.06574276167227787	-0.12387937349752949	0.043046860702168295	-0.05581537368522423	0.0036000216335519974	-0.010794551384099373	-0.031885139845769336	-0.04141333104736118	-0.026921825538521703	-0.08483013631277397	-0.1501088421410074	0.012710227887764918	-0.06551088652165768	0.004287320043114655	-0.0021892476042616217	0.12011686023245732	-0.072658340901507	0.049782620931719	-0.007220275657508584	0.0372710511755635	0.02028342608211814	-0.01769933739804212	0.015808927285293952	-0.08057281624517182	-0.03451822117004489	-0.0275751868856032
0.09400581789972763	-0.013729658856307687	0.0673226347838754	0.03192681612050207	0.02577498716679366	0.05365664914944838	-0.13144475994895596	-0.0418262148417029	0.08114282776240163	0.057141495681440564	-0.015077040594853946	-0.13639944391640427	0.0908731801408976	-0.014044129425781562	0.04777426873986306	0.03134173530599922	-0.060105184800798094	-0.06926643440946012	0.012812761847382486	-0.07566374957026577	-0.16779775654070267	0.06384662701010103	0.03249512537651754	0.14078267084591287	-0.028263846099938324	0.06372628365213856	-0.07732432984454798	0.00999695738367656	-0.015278387183752767	0.009841873897635488	0.055846415356071794	-0.057422453263866205	0.0571892087213881	-0.06571204288955858	0.03523942426288966	-0.052389547096340354
0.07900328242419125	-0.11501272969485596	0.0570855653269333	0.032950989785606205	0.08990779014626654	0.028647905001207924	-0.17362845329576174	0.0739924001992159	0.21613876050031192	-0.16700590865985257	0.014908132012774935	-0.21702364035780541	-0.007283590846405977	0.041963597538608934	0.2570670770470753	-0.11450842045092481	-0.08748740756795892	0.14468087823595294	0.007808256930318298	0.2419106648891172	-0.16443993833661075	0.1558833008097208	0.0473468053343042	0.15461364677089634	0.0987821943405763	-0.08335379184314207	0.17084017851915456	-0.16469100974344342	0.05709112206619685	0.18299461850629706	0.1799761030895164	0.24998367021500084	0.1502219788098842	0.1882652859134271	0.06213539175982119	0.2242043403409451
0.060668842876914965	-0.13132514397233377	0.06388823560850249	0.06277069488735512	0.009755195800230826	-0.037793467635777386	-0.06811899896546433	0.19513222135971328	-0.009426534332131913	0.06730824242104388	0.057158673914056005	-0.2344993068242551	-0.1167651019280013	-0.18465169049813906	0.21605794206626097	-0.0972760286929095	-0.22664901072245663	0.08926294842827394	0.16351349184825492	0.120842770138694	-0.07446515057806043	0.00046217634865821505	-0.16692623641080181	-0.21664820625553094	0.17929327096576306	-0.28265139314235116	0.0387212874010667	0.1374810273039096	-0.10570345469331324	-0.3653277818723965	0.0015095526000965115	-0.17049947260263834	-0.12436269462416058	-0.08787192746837323	0.06411225486474159	-0.07367582057610489
0.0584093932997892	-0.05343655922420926	0.026247326260216978	0.05438264769537464	-0.005047807913657327	-0.026378276701684602	0.08293253302095181	0.06950325124390641	-0.11724949295869372	-0.00466065048866248	0.12164502766456359	-0.15021872760706528	-0.01839818246635909	-0.07142963861430066	0.1284416056182666	0.004841087417524439	-0.05828683588945369	-0.13423129516901616	0.1454400611308848	0.043988747207441455	0.00029640562237581713	-0.11050220788774652	0.022457409475543727	-0.005465967675027042	0.14417237546420508	0.035126821339665	-0.029896598914984276	-0.027248745923963303	0.01657268666417575	-0.05331129837479552	0.08233481621586983	-0.06642726977897134	0.03387193287019832	0.01892882941866548	-0.0790453668245932	-0.14892528776695246
0.06502624168054046	-0.022046553582665582	-0.06515973356193534	-0.04601664101909662	-0.03683869851501957	0.019471848950412464	0.1055896241230004	0.016989459868462585	-0.13194017069192257	-0.10962416659689844	0.041088370274241136	-0.08019640197762415	-0.05404057143095495	0.025064439863553035	0.1434332442166747	-0.03753534292793531	-0.026999192693636126	-0.16915939825857856	0.10928231700361167	0.029393151884259183	-0.037520307238613465	-0.09463754072991107	-0.012980259567860239	0.10694171761844846	0.02881868457702715	0.02860136338993559	0.07001142624152815	-0.00521251394314106	0.003282895991006049	0.04598994300060126	0.0664367954129078	-0.008651528209614488	0.06011312033179512	0.04425528289989358	-0.21152534016496558	-0.11559922702800793
0.08037890971744485	-0.003761768181655536	-0.14846416236427895	-0.11275027716030608	-0.0504602938930177	0.016101759844511836	0.10020315687676047	-0.03594895052094689	-0.028288532831940806	-0.07182488436063174	-0.024703093374274045	-0.015874302890269847	-0.10476859755689119	-0.03295955894662193	0.07841107665429144	-0.08143482533142772	-0.0635926834846642	-0.039595402586588765	0.053379632781381046	0.08318558541872392	-0.01723986374273418	-0.12258542096676617	-0.01969157174793075	0.03593982249033679	-0.04106251228410246	0.059785599149058566	0.09969851441988964	0.07079010361084842	0.08097618601580421	-0.03365912712783403	0.02688191480910206	0.0024411862758762764	0.04100085084768665	0.07839638440172941	-0.1597887232474557	0.0070973169750051576
0.09017302731245376	0.03519455971909785	-0.171528501903191	-0.11554201948087708	-0.06119653396268339	0.03539223561797707	0.056234028445467564	-0.07006967685702377	0.02668353877159398	0.04647099354410609	-0.05561186298799261	-0.010743252478121738	-0.11612567254353197	-0.047863983304453225	0.0178641317257327	-0.07398868933427093	-0.03654642634655218	0.06373140786240761	0.015163920931975699	0.04134170110644144	0.06510741135543803	-0.023456029950388837	-0.0035551829106826686	-0.06856826686301254	-0.010411336071599456	0.11536098845979519	0.12408036050566894	0.022368894811865978	0.02347102050360009	-0.05660550521322749	0.09479097248494411	0.03399603061661421	-0.02646987264450609	0.10491099886030034	-0.02741326372590015	0.07651150924615695
0.09604548461622804	0.05759005525303185	-0.15926589025914464	-0.09069904774066889	-0.057386472716830804	0.017427957534036472	-0.05539073911006716	-0.06670209308778191	0.026929520055451694	0.05419402997926684	-0.056355380389991494	0.02429878437499192	-0.06809483718069215	-0.03876593476252531	-0.022907735691378887	-0.019152657731767473	-0.015482126723901816	-0.003989092431631036	0.00979645618916248	-0.03889911003005517	0.06669299475674513	0.011330645084991696	0.11701712622463795	0.015842838467944476	0.012995912540416349	0.10385257435610384	0.13721954043497234	0.014555983938106152	-0.04971588052192559	-0.06649051612780345	0.15875734893308072	-0.015051034627062101	-0.05874453431685672	0.06999212224378962	0.10329780952405887	0.07439092470075133
0.09740859226376627	0.06501593863239861	-0.13603498912554832	-0.07838182952313619	-0.028301088838402724	-0.06574533828731641	-0.09528169978239942	-0.029769891215212372	-0.009716057048717275	0.05892665419197107	-0.05470298739449365	0.008874364453189211	-0.035942798906280715	-0.019579298497227744	-0.0699616711986676	0.009953092848453922	-0.079571674223045	0.026444430374581322	-0.013309781651305048	-0.006084502820429945	0.10792295567109464	0.09306550144856199	0.010353260215238459	0.1455153432960224	-0.026790204493011886	0.08388305650943763	0.14169513722115612	0.00299482382475464	-0.07811454590230668	-0.04957261229244466	0.056214070711815015	0.017892010674010583	-0.04840660279505085	0.012895964955021058	0.12235054528924282	0.059279254316869694
0.08801030229643898	0.020293435112513462	-0.07755735902832721	-0.038640378605603536	0.010388471026031009	-0.10556817191989876	-0.05158712214768205	-0.017088579178561752	-0.04875221567273354	0.019549233663492427	-0.0475004505567063	0.007187235157113479	-0.04903539602454973	0.03761180642591128	-0.06864570988475732	-0.03198699759240822	0.0663337339456752	0.1290411298321521	-0.013092339548696456	-0.007058340100482334	0.037519944709598414	0.16110101405233637	-0.04559925870831784	0.1712777830156068	0.06459897150071464	0.08764165789999077	0.05395912710627049	0.005417282199853948	-0.07554012158315972	-0.03899297258622579	0.15528528062881908	0.008043449568390523	-0.03420961591901417	-0.039073298280403526	0.14288504868214483	0.006224416456840055
0.0917220522208061	0.009640990924215633	-0.018655753568777658	-0.01180928229593024	0.04797459913760804	-0.06980950329800559	-0.01200135937000794	0.04504433005579473	-0.08667963367282545	-0.05395143790818991	-0.027979453489033152	0.08258760302121068	-0.07948907705435926	0.08201332865628529	-0.015697346506077254	-0.07381458770001406	0.10999065592554008	0.09170736770234694	0.003113557196357794	-0.03710010276409757	-0.008702136066426044	0.18360592457925357	-0.06103798412671667	0.12642852804379148	0.09482402463791109	0.02230922031115956	-0.0007281174245359588	0.07311919314099717	-0.11710525518651992	-0.008543404007256075	0.09890211014871142	0.02951524779955199	-0.036817607830067524	-0.03416498968776545	0.0750357680353393	-0.010996705457108727
0.10255878272735343	0.02051852878248374	-0.026250401242623754	0.0034129550794024448	0.06643628558536202	-0.045690344294573755	0.04630805061139637	0.0610763682091411	-0.0634889007441331	-0.06683010959275094	0.005940074984546557	0.07953162086177755	-0.03779057575775661	0.07099515321280353	-0.01051304540694681	-0.10474806713893124	0.10430716441254168	0.0439051909677306	0.054722035962305016	-0.09170663435823474	0.0026669608504762883	0.11325779700872629	0.06017804573390578	0.07569023844056458	0.06576462041112995	0.008500047109529632	0.0023191936306321747	0.16683437787376898	-0.07433065543722761	-0.018908603128233715	0.004607735010870896	-0.02960886490651562	0.007401570733403667	0.017329120788240678	0.07467794430569301	0.0285492287069634
0.10917151705920902	0.04367699076732113	-0.03283722660813622	-0.01340419460600899	0.06419710778514591	0.0327280347578805	0.09224446272541931	0.03503317084854116	-0.010626734109593179	-0.01610084646652983	0.03411185660833733	0.05191855031722562	-0.04922359304969554	-0.02981585046630325	-0.06209306618659815	-0.07370883044174448	0.06255162101651014	0.05948467661432796	0.045536483787033274	-0.04207380309240513	0.047860895294760286	0.04380220488648076	0.03748844951268153	0.12087967648925993	-0.04576762036814272	-0.06029448071743487	0.016917232474585098	0.17704341761477402	0.06439347167672468	-0.07369458608500276	-0.04822934773211787	-0.09234887032059504	-0.01513222232397498	0.03414230905074087	0.08597277807572477	0.03347852055716145
0.10632892789539426	0.08620001469184442	-0.04349974816027413	-0.008876733365339298	0.021209131504904163	0.11205741988151306	0.05064385079000984	0.007703571883060166	-0.03461524672469736	0.013353216425062087	0.018422366940907608	0.031480218256285074	-0.011185106321195548	-0.09128669904628056	-0.07994339910014792	-0.011648503706664471	0.04234814442701253	0.04133277084164529	0.020541922794284455	-0.0770672564588523	0.07908941065056707	0.11181571853185267	-0.08248339870823242	0.03262645554458964	0.05717837815666013	-0.04738498383005742	0.016183259327520336	0.15245266524457107	0.06458704873813204	-0.0408443674323406	-0.052996157656351295	-0.029388464214611887	-0.09163586283361884	0.07911245669371586	-0.000280008861149289	-0.06121560086828559
0.11195678806885954	0.07972614168109397	-0.06211626366708525	0.011644206620649468	0.02948823020603395	0.14404850840336675	-0.03207341080781613	0.018219923093731494	-0.04090353772913247	-0.0031341843044835034	0.036870520802058084	0.073162616280232	0.05102848638117164	-0.09299212244117908	-0.051169597824766946	0.01544692958136438	0.10268854305833029	-0.011342761893924675	0.020338247108832582	-0.07373088557719704	0.0021717959583247848	0.04575538932352799	-0.018722161425309088	-0.014456252108615245	0.10001240173850034	-0.0032815824223121556	-0.026832842938358654	0.06818363709786082	0.08617923327727532	-0.04002421885418554	0.007065610554756149	-0.013013806239863621	-0.006309968330433048	0.087541275316948	0.011844562736781396	-0.07910131588755563
0.11527628521821903	0.07406914129386608	-0.09995221634934555	0.010367868774893213	0.020583448550209646	0.10668109163495439	-0.1022922674708581	0.034023582336595165	-0.07643150430492243	-0.05782305872844575	0.017780706664129436	0.11132415042780984	0.07250560687599832	-0.05957954747135825	0.01673162461344888	0.003924083818046786	0.10059874826145263	-0.05664489493834212	0.021968991752641446	-0.00859448285967758	-0.021090588448676444	-0.09294573896863213	0.0950622137857348	-0.0003787248101279339	0.0301897706066055	-0.03359101730872638	-0.002706271972292427	-0.011961758886832485	0.04722354036912422	-0.05329881674744595	-0.005076199228682821	-0.03615378568919452	0.009354553914121967	0.13320481153345187	0.01026333663025826	0.008424833474615874
0.12158195577293307	0.05841123617552771	-0.1017444106735931	0.0007988321213296576	0.08815143246482172	0.002580258287845422	-0.11427224634714214	0.0662858202662753	-0.056081211560912836	-0.032094812690170886	-0.00927511636103494	0.09686846242228142	0.03875463308880968	-0.03616142419819659	0.04572855701936386	-0.02852340448494178	0.04492918043608252	-0.0028949829843182163	-0.05611111520489483	0.060906533535486744	0.06031026149153999	-0.13958852696835555	-0.02390174506693614	-0.07262221202997432	-0.040712534459552634	-0.026928408079895966	0.0714124982053379	-0.004199903812663046	0.011527512385648801	-0.022775522652857837	-0.1323438992026887	0.07728132893898201	0.03851516406984894	0.1142176600827141	-0.057057689533599285	0.07877350845196793
0.1248041502364932	0.061924439500985244	-0.0644107982560064	-0.025237477943225534	0.15077943735623908	-0.026866924845957773	-0.018792876490308003	0.07692154174905626	-0.009903073273720185	0.03212704375746078	0.0328074037058897	0.08230180669942702	0.03382303228382379	-0.030461348468364485	-0.0666253408537038	0.0015048738988694917	-0.058148260085718134	0.001884076096449898	-0.022952436626727336	-0.06029190294324607	-0.02548201676152354	-0.132823716721432	0.035290792212712224	-0.18212693300359448	-0.00963418131746191	-0.013250521128631568	-0.00642732760375106	-0.06335615518654929	0.02168146064965399	0.006465377291470176	-0.07382674630102812	0.06950654556846568	0.08691801681523151	0.06298300214990696	0.024617254740515303	0.08136408594318666
0.12258095940429253	0.06429766365905741	-0.03351379745723974	-0.03498914302743406	0.1489303980786192	0.07185035855273113	0.01917269689132414	0.021400540189598465	0.05469920293367022	0.10735194173636113	0.031027589085907664	0.06603070365231788	0.03370170062074466	-0.03877756682972238	-0.08069166098512079	0.018482980881380836	0.014671137236022105	0.001876072177154668	-0.06642551315414177	0.017229083313971265	-0.041871284579225544	-0.16843597319887213	-0.07521614429047345	-0.04425746643101636	-0.08261190144219334	-0.14596471756684853	0.021564672212251876	-0.032529914840540824	0.018363260574098463	-0.045485074958423716	0.007870666130633308	0.011801628815808502	0.10056660852995991	0.033610658931516824	0.005830047356664694	0.044853531483699416
0.12463184440546214	0.05699249341594921	-0.03092954724149456	-0.01667885398831728	0.13042671645685838	0.12554776688630645	-0.06687930298579402	-0.014499766590668109	0.09567647984802463	0.1176968367538284	0.008039123477776347	0.04986053903878904	0.02427886980452825	-0.03632496945962813	-0.000522236142961239	-0.016901022966602917	0.11148887454443435	0.022013080002094225	-0.04421524321705833	0.022730792527180594	-0.045437482543909676	-0.08000750027804718	-0.08352887375212663	-0.1270426122073084	-0.009714514540163244	0.004507230458342561	0.006003426034927636	-0.07744439472433146	0.001329393925031546	0.001968109089673327	0.018226438998095288	0.05259270969889543	0.07008376141178761	0.01877959092072935	5.691137096369486e-05	-0.018981624219212637
0.1264613669609587	0.05244436914472991	-0.024623025640991593	0.008220326576845191	0.1429866875201549	0.08412973313943928	-0.15807718182561	0.0018118995397512652	0.08979929158637114	0.12191758913710138	0.011513706280061261	0.03841597494241297	0.037734126120917595	-0.03173190453852161	0.04167650827332527	-0.013335626301219693	0.12472799385529794	-0.01894257531470333	0.013247539586755584	0.00810029253247815	-0.003611534416979278	-0.07962976711155792	0.04252708846356903	-0.041161437277720515	-0.05982395183598493	-0.02109846356307299	0.03258015758920962	-0.12459767064464286	-0.019193673264518582	-0.05056981460062665	0.041114571348966227	0.0026362491299867195	0.02512771658630368	-0.014532463551356442	0.06130506437997526	0.025656008644070676
0.13259647966465657	0.05554159835381965	-0.019078986536545522	0.003671992752874527	0.17623404992709066	0.020678147897899783	-0.158596297824411	0.06958009241405284	0.037955086942221834	0.11448042797476288	0.019699150309060554	0.02724944700328508	0.06902808654349649	-0.013207761665604395	0.0530621181317108	-0.008757448779683204	0.08066670131234548	-0.011184571248474988	0.0015922362083943473	0.047710534979759626	0.10725099165326239	-0.005258414570396025	-0.0688907895720266	-0.06785918276390837	-0.0611519756422826	-0.005226938951531923	0.08500053458748588	-0.07745147528409971	-0.06298011863226724	0.009790326470549768	-0.0023651844323778273	0.010811388645720194	0.0574915081332598	-0.05774377835735192	0.04209629582503452	-0.03236890112410473
0.13146682077891975	0.08197390680381253	-0.038255359959411976	-0.01733960100477229	0.1782874230077715	0.011093931137870322	-0.06200266427597379	0.10798151734118429	-0.022947511474504884	0.027288931302946788	0.0342790825138745	0.06147831668680309	0.05650031749359425	-0.026968989699388567	0.05496344513972683	0.014889566365117126	-0.00988414820776463	-0.055301953694273376	0.02822757830499513	-0.04416605379139837	0.07199486389257093	0.0199888340460031	0.0026613310409032247	-0.13296230609675924	-0.028552534385571336	0.012219065830702674	0.050145720821144046	-0.05020564532420755	-0.1116702337635115	0.017337369548499	0.03495180668116116	0.0908256110790283	0.017133857405869132	-0.08779973126991236	-0.045559425620001	-0.09662951355220274
0.13154728568645088	0.07718049631766201	-0.061513398131313166	-0.038469526265603675	0.16813116799213274	0.03957321216249271	-0.010886492334161923	0.11090306828951214	-0.03479971494520773	-0.021992666592894505	0.025454708862697715	0.04639260931200396	0.029018412249029485	-0.04974709852838294	0.002246076204342455	0.018410195191636187	-0.00634588839093087	-0.04722761418723157	0.00028736432483779037	-0.04147841609026621	0.04433423069005717	-0.02843780756913088	0.10628012666750034	-0.06564393406526364	0.019480384532833822	-0.03903100781029301	0.036225622061806455	-0.01349988659054542	0.003573042173250762	0.01668998610741934	0.042698087630736375	0.04793167237183464	0.04970211901515051	-0.14854487820533316	-0.009999401710966777	-0.12008740697895154
0.1328802570997063	0.08037842363749004	-0.07778068034839779	-0.04117931073217946	0.14588614809281167	0.09262558113219743	0.023055279025734097	0.12670677631050017	-0.07941006574130269	-0.08927578152273302	0.0011701218835277367	0.07270700673662758	0.04543691405279527	-0.01952778429930005	-0.007084748017306485	0.06110377606310246	-0.06926267239006301	-0.05914014120112519	-0.024876207997793116	-0.040909001970650144	0.020830992749438768	-0.047756458272783006	0.07487709223455913	0.011804061489400233	0.02488962051654838	-0.03364606184164912	0.03980639007169291	-0.004934402644207117	0.032821535364424746	0.0005023464306451522	-0.04276050850440184	0.0003546853871496218	0.017574691535422397	-0.10570603536601256	-0.012217438694421323	-0.11955750011730157
0.12888116519277662	0.08233029581479767	-0.12289901391939655	-0.044430191892291644	0.10058951953373309	0.17458063258350454	0.03399968037595579	0.11842318289628655	-0.0851628781318946	-0.2670186508031545	0.012075331558325516	0.10266216261378205	0.04639656985553115	0.018716883176979476	0.02989151556106986	0.0752275178328188	-0.3394342657278279	-0.01843146888727441	-0.2968071824114272	0.31096716058001794	-0.030934647949832195	0.045891219027108694	-0.009264644952992618	0.07166907585323594	0.023748545766056006	0.03170484076015795	-0.3216057207346815	-0.16842685647088393	0.10380134282840991	0.1293345600557098	-0.015108141124491381	-0.07847396886444905	-0.41029376642986254	0.028006811466948445	0.08638852473073719	-0.050630397460646036
