ICA_00	ICA_01	ICA_02	ICA_03	ICA_04	ICA_05	ICA_06	ICA_07	ICA_08	ICA_09	ICA_10	ICA_11	ICA_12	ICA_13	ICA_14	ICA_15	ICA_16	ICA_17	ICA_18	ICA_19	ICA_20	ICA_21	ICA_22	ICA_23	ICA_24	ICA_25	ICA_26
1.9220386506933067	1.5233717315093729	-1.2539614811963045	0.27489229051563796	-0.5798340330115042	0.10324995508654224	-0.791166654276949	2.400807663733683	0.48280293920400763	-0.26790239306610253	0.2393894372332823	2.053339300775342	0.5272610109495428	0.7608660798745766	-0.26087099614325326	-0.3102450868638987	-0.6075463642088642	-1.1481326424080043	-1.2358320475030695	0.7742304876155724	-0.2462795466694062	0.06699523690207446	0.6946235456217428	-0.7218105372878587	-0.6129093679236102	0.6548777511421046	2.393304882717711
0.7059224875278165	1.4670325245654463	-1.1935866657946501	-0.3560343092097873	-0.057962729021030154	-0.583628762293215	1.0940153878154446	2.245692039486565	0.8974261194491228	-0.27992216484324095	-0.3121344301475981	2.46446531909816	-0.1537655708851712	-0.11721031221647807	-0.8966174889563042	-0.559337886338623	0.7039658579935465	-0.90631499142003	0.9461969880336073	-0.2419935905621594	-0.4651792064081594	1.0135862001738951	0.6170904360240322	1.8328385117880388	-0.44647913667879224	0.5555752051137128	-1.6091051806644379
-0.07902300909830212	0.08411827280177502	-0.06376284318290447	-0.9051495046204544	-0.27981248538250836	-0.3664695987218711	1.0220110427739433	1.9858653982579686	1.278960755433697	0.9001739996313752	-0.8934251178853903	2.078764556271677	0.973618620247604	1.1117238956835775	-0.7853381146831101	0.030300195693139315	0.5622862908555784	0.6856278507361384	0.8155859162790166	1.0124921551567263	-0.11866076632712332	0.43081630736133764	0.25011267350055283	-0.42199599252007797	1.561999127379962	-0.023358706161898148	-0.5395701535914232
-0.6924426123252765	-0.04633435818696091	-0.20297163603319432	-1.3849833572372396	0.5786149440343481	-0.11687990455578635	0.521923308675624	0.5479383756934897	0.36364984050546323	0.7825630453495351	-0.5716020387209494	1.6168255206076425	0.8647174080658144	1.3092589573598463	-1.0174993426435923	-0.24507796700447412	-0.37262977399513525	1.1775996398188389	1.0523120205106435	-0.7881075750240852	-0.19362214743501174	0.8373510783142613	0.3879826203656796	-1.1167523367634224	1.854437927904368	0.6612395376073783	0.7873046694842892
-1.4925422835344049	-0.10717841706229045	-0.6301781021231522	-1.1769679578682728	1.415322356844892	-0.2902566247684426	-0.2312983152202313	-1.0890150476670348	-0.28485328004147653	0.5745245620451217	0.26672474455842166	1.7340389181955216	0.16907783808874177	1.4605828843467923	-0.37195879267212656	-0.23910151500746518	-0.569318296544808	1.391831417665142	0.6894411039745056	-1.5767232862851255	0.7959400610030372	0.7137693267614377	0.982468604000312	-0.059903201247200624	1.783407400063412	-0.5565434431704245	0.9477025368882614
-0.4788811678503689	0.2891161298011023	-0.17216221185671438	-0.7022909159831816	1.6098064340828353	-0.08026680041424461	-1.1839462166020829	-1.4267155808479592	-0.0793110759835837	0.9353803428894333	0.8297266933446268	1.554723318134434	0.1839247235028529	1.190471575001675	0.621211629213779	-0.04741058235302736	-0.07536426535193574	0.8893350593863194	-0.05437479842218712	-0.8976329217782522	1.4477361106481412	0.40057499471149405	1.6018542991029694	0.8951424347935906	1.6710199240803356	-1.7725943713262702	1.0393848251938385
-0.2716350991350959	0.24253871866187726	-0.4767928624978105	-0.8327422574203538	1.1786882287934046	0.1755736788222169	-1.3401163595393015	-1.87302698999965	0.6190604713347452	0.9133070488534093	0.41244022230246297	1.132386606078686	0.8712331027304755	1.1808172659650653	1.3463466519921288	-0.2914229293854961	-0.49198019879965305	-0.3901230394946943	1.1777995159578505	0.5635534308864483	2.083684698999597	0.08967305373623309	2.1654388584310538	0.29731484422448656	1.733225001537283	-0.6088521346849282	1.6947623143128834
-0.4414276869527532	0.7371835688199928	-0.5850535006555391	-1.7039354496504984	0.43239406683428616	-0.33411870277831307	-0.7885715973825597	-2.6387918928779834	0.31130768140345527	0.7011697649157679	0.9098475236663031	1.2149741324531467	0.6333024167954276	0.3696779119793268	1.2005098085589452	-0.5942682227965906	-0.48833676872542287	-1.1374784436877836	0.4515415769926999	0.5679662260220169	2.3670639256104296	0.1442479341328117	1.5800073488699498	-0.5538638649667872	1.7149095335193465	-0.07903711797807011	2.318449692683283
-0.5268118339668084	1.2144914012740846	-0.3143078148249186	-2.751622386924423	0.7417166674178687	-0.20052191276112352	0.16922361941870856	-1.7332721603810048	-0.15650238386703583	0.5588412703037313	0.6023105200434811	0.6985330186194791	0.6187172671583233	-0.3053762168313724	1.192231038299949	-0.23439987895521933	-0.28750423796236657	-1.4820184133971814	1.1209447732731317	-0.616649383415449	1.8931193112878142	0.5080770221664541	1.8054633247881315	0.8626627645105477	1.276333269547664	-0.7530679139790868	0.7780561754840686
0.014613268553601273	1.8445990055817891	0.20202063225607134	-0.2714411720194162	-0.3553672252769592	0.4562864537809244	0.9881633323755178	1.4997623066415442	0.22018528258696482	-0.5818578326694165	1.1151203224156148	-0.36657598160827576	-0.26387579043168136	1.111492287339371	2.696563666607808	1.3448393014131	1.1623013945018574	-1.227936234026281	-0.15570748913823573	-0.9339045876375284	1.4003801271922645	1.53280056630405	0.39829189644499274	1.61430052618096	-0.5018263460361695	-0.921448190005893	-0.10549796436608253
0.36655252793466425	-0.01855045393816222	0.4500988617405499	-0.721228745239319	-1.716810269227527	0.6116240145861126	1.3216491717586558	2.30346764677731	0.01776795416016219	-1.7746215070565468	1.5624607932019139	0.5697882400728628	-1.0373900959164775	0.9949979331544049	0.5698036624115385	0.9966744971328573	1.7518949581897219	-0.8024591455412877	0.1839523202584706	-0.09882716843484717	-0.5869151770407011	1.5798552314497067	-0.47567234072252684	2.0120852129987856	-0.010198631091407373	-0.011999133083689127	0.3747223043905709
1.2119071132413863	-1.4159389588482052	-0.4860372757291953	-1.2278786799846118	-0.2581349646988784	-0.20438224001379376	1.4144294011585894	1.1007001989910006	-0.37748500540056046	-1.5461099987796423	1.0539085316833263	1.1141494088990151	-1.0671966438712324	0.7972359952645274	-0.18126286886058235	0.9648365229694718	0.14889488307479037	-0.32078849078157834	0.39192998341446283	1.0967145417833806	-1.7368566043010403	0.6606849948949041	-0.24417309898976608	2.6643903541884275	1.5357415748784196	-0.3258036510589938	0.21696412147252078
1.6125510222652346	-0.3916490215257467	0.36877132490394965	-0.7564527874686926	0.7534633193355427	-0.713179341821266	1.316090759468297	1.1483911758522782	0.20948254391874566	-0.5811694283470287	2.522347168007499	0.7981699230578602	-0.03574787179705909	0.2839408079224222	0.7310182681607238	0.8891435897092799	-0.20051891983818484	0.2887134359370003	-0.5177558717042329	1.8476502831957984	-0.6446839110933146	0.5041067808658124	-0.18796901477804023	1.895291583748208	0.8390160362218708	-0.8853367725220753	-0.6728431525885005
2.6565356552907935	-0.05584331598534178	0.9330866079154059	0.48477484436529317	1.2574156202267255	0.16328371489476384	0.5173375188955787	1.6086368425078246	0.7609588948507557	0.670466813255336	0.7265355499211505	2.8046849664423585	0.36790976229920563	0.572567597677027	1.6319014686890856	-0.8325201904749353	-3.5324511066592823	0.9332664643639091	1.671370857037599	-1.8192859345088692	0.29348840567980605	1.8315961348687084	-1.4787830755032971	-1.6323408220795095	2.44518735214422	0.3419093326470031	-0.3783167763008646
0.6393488456782028	2.084697828973242	3.1453322535845203	-1.50170695113623	-1.614946210606993	0.3955517107159408	-1.217742289002923	1.9260772598065123	-0.3018018901960884	-0.302144248125353	-2.959017621527033	2.114641474269394	0.523529803887049	0.9800377041336229	0.0834773046086408	0.4449815255229967	0.28429598683517765	-0.10598925773650848	0.008829601457047262	0.3400047770896564	1.174587876778406	0.5168021411421976	-0.8194006681669411	-0.1806829058057466	1.2798081441855085	1.7509763173781143	1.4788828690268288
-1.1082933075642758	-0.6769596865449253	1.8019438909519085	-1.0586378130868155	-0.5437070397156674	-1.4814471228909407	-1.3786401349138255	1.3361346759358943	-1.577989094914182	-1.2074223120620209	1.5099600821650596	2.2408519915614513	0.14674635968623875	0.43193321157113457	-0.8530274500640121	1.2525236117131846	-0.4724861845936607	-0.6020385520727378	-0.19661344032346373	0.9839225492316868	-0.8603110773511624	0.004674023079967516	-1.4066741788413446	-0.09736053305732928	0.4317659987817964	1.3602623355865546	0.02935525194258995
-1.2257590340153022	1.8522835636589863	-0.4020907846093281	0.7038879021992972	0.45483259822768063	-0.781930643919522	-0.603051426123451	0.38405349917514464	-0.4243305974132058	-1.4404315147490452	4.053662535097122	2.970040892303002	-0.06677969950365636	-2.1543108512160276	0.7831024628483182	-0.7707009182828208	-1.3109612559232613	-1.4877444135264228	-2.7769377716828774	-0.6883781427677941	-1.5545817270672084	0.058795275783063046	-1.7655934217717393	-1.6415057245333915	0.41304859923954695	-0.5948759308172477	-2.9272962475330444
1.0818197732764858	0.36870303660961684	3.420844462365539	-1.96983567902854	-1.0482114240207858	-0.10138609056500798	0.9869516785488404	-0.43228505228411973	0.6250892292537857	0.1369911081527785	-2.0148448362114375	1.745264097644403	1.1405216704767496	1.220833055527093	0.9214068648638634	0.6936221510726756	1.7049615189608414	0.07098428511227213	-0.15510140540789802	1.6875684716889776	-0.359986710837617	-1.1280902010967533	-0.7595932449647212	0.9846879772897217	-0.20735993050168083	-1.2181907269702235	-1.6087903171618254
0.9103220815516411	-0.5862516566324953	2.6021437542687256	-1.1744130743155046	0.6633101696841439	-0.24289293908217238	0.8412214374540936	-0.8263547438962504	-0.37447346460014824	-0.038201810671013324	0.32877163515644775	-0.4611399444709806	0.4494347675152191	0.11931437226294682	0.10514613479026011	1.0724793878539227	-0.8847852120133068	0.8627386726190973	0.1747563278856144	1.7886078365951992	-0.6005200361303696	-0.39793616810243204	-1.0993150827684206	-0.7604790190994607	-0.4829060941931344	2.460186295704436	1.6202210400638564
-0.5601861230056113	0.03746794651524869	-0.5104928614370242	-0.6546587065531321	0.6613155777772113	-0.8532832365973273	0.9818339949795373	-1.8491852083513152	-1.7935188067880594	-1.1315973773164638	2.4907302667285727	0.8117089680013369	-0.8867385256725299	0.15390367765016857	0.13951909696435097	0.9902312560651002	1.2190669512898882	0.8617413282675555	-1.4920166167328082	2.4750016536591026	0.2751361556774938	-0.21114978677848906	-0.154819541555351	-0.10935494287836624	-2.007784532447218	1.1813164982133035	0.7181669009158892
-0.1321015394659716	-0.7113974376450443	-0.6439561821246816	0.061063228219372954	0.9756609291574296	-0.2716315890532355	1.1041942305326164	-0.9624336128209096	-1.7711377264837969	-0.6783687856591643	2.043122914929347	1.2621197223121954	-1.0859265700078362	-0.19219528395788688	-0.08662573990453908	0.7839402102134854	2.900122715626812	0.49941556952290794	-0.47503083783101585	2.319576620950424	0.18748218011802895	0.23105194258569262	-0.49865215668139773	0.5338506074312442	-1.8976306532014133	-1.344824639627896	0.38560283115117944
1.2720599476324848	-1.483479764540592	0.3774027408337982	-0.17462787303207855	0.5212910313317065	1.5239700688482012	0.9348429091329723	0.7723680685378583	-0.9421060376284855	-0.2111730590072472	0.974923953170786	1.1680144815841518	-0.7677239466132035	0.615639957508848	-0.7479512889008824	1.4820498737678862	3.2645388546744716	0.7093270925621857	-0.804025647009505	0.9279033936916282	0.9314597474606966	-1.087113687823344	0.768955645450777	-1.2045788267462607	0.0072197510618505056	-1.6962494026511479	0.9418263480528618
1.0575358046104097	-0.955497094759311	0.7263034867774102	-0.3382680021752824	-0.47513583016985017	1.571827034847906	0.6432952134792704	1.434456029548423	2.193677526139918	0.41767858301594524	-0.304223861565302	-0.2970674168438963	-1.6359960565348248	0.5728211848086868	-0.30107074754470814	2.208250313959542	0.8337967126359422	1.0964583795642633	1.5288478702280157	-0.4350852950140274	0.46787503704216116	-1.5966810079210094	2.2952517449544367	-1.4296860635482576	0.31323347666884377	1.9799838774464944	1.2195903846785756
-1.0137035355331712	-0.9229198485514305	-1.0679473164671984	-0.5639600402227161	-0.9785567303807109	-0.4736601619488743	0.5572978913064913	0.7471052746312122	2.2571757964209915	0.9759271508049706	-0.053820536821395974	0.23804341867184353	-1.9276477949661495	0.288177611453338	0.37244761279169186	1.9608281092128397	-0.5688062540425958	1.0492672925547788	1.8947704167605892	0.4739994540566426	0.5694703096332575	-2.140119039380791	-0.10903609656265532	-1.2818727624978907	0.3880305459068905	2.2720411088278767	-1.1549738769366258
-1.5397078001515412	-0.33532207832818706	-1.0459695908863949	-0.9960907752383499	-2.1367481664367944	-0.3447929132422938	0.47579071264584105	-0.4530646096005308	1.913005599986995	0.9040781846645237	1.0409082941435461	1.1074692626467653	-0.9442057111850819	0.5539586728949447	-1.025340661205657	1.567760135477199	0.4128374530195398	1.1674346875570674	1.057315827151802	-0.3638773189537699	-1.5234387498127275	-2.2421547675255793	-0.6056927413030025	-1.421332890767286	-0.10268614249412587	-0.3072197603406759	-1.6993032313859189
-0.6291652886669099	-0.5871528253652101	-0.17665240827721143	-1.2546626468371487	0.7012391971622423	-0.06270590364398898	-0.046416537293157804	-0.3430417420433503	1.8133758408575078	1.6017585745100622	1.9040463395957823	1.32006521115906	-0.9333366853601072	-0.058383111153683706	-0.8329127640231853	1.1946809588799348	1.2413618079196655	1.2551930718619464	-0.8132258333532153	-1.6010558669407753	-2.098239767485069	-1.2442940030484262	-1.068628362044263	-0.7392999836758383	-1.2240155621030937	-1.791281310981916	-0.1570188743420382
0.03167416880607339	-0.45651710085199254	0.19016713560207874	-0.6897106309256006	1.578742179316545	0.46701412704181416	-1.0284667067429114	0.20932948603314114	0.9553068474259848	2.1838994247309103	0.9541295422767441	0.9013836562835446	-0.47157221720263137	-0.3309491986907624	-0.42452792435055825	0.9621182536947883	1.5996097950492951	0.912508250608158	-1.5800449195763275	-0.671924990790942	-0.006524930182109556	-1.2610737966786945	-0.8110302328173324	0.5708310867040469	-1.6206407357370887	-0.7855145434960504	0.14653081543563384
-0.06310841248747259	0.3809188941686984	-0.7439612146771365	-0.2360730692096064	1.209389599235438	1.0774399353593271	-1.4237017921888027	0.5862884036912295	1.1189848149975958	2.078658587537177	-0.8898800441200465	-0.4274619981573693	-1.4402013459758456	-0.7415404970973465	-0.45525571756161937	0.7000412887276501	0.03455172511271701	-0.44262399869111213	-1.8092185255076771	1.3465164975222994	1.2799529794200306	-0.8365111469635321	-1.2785796847766435	-0.3898829709216641	-1.6222182208959282	-0.75653111288069	0.9243012965060824
0.3852178245793402	0.5961410359251927	-1.0019682877184752	-0.4184093487018305	0.7068290152170762	1.119172899169354	-0.1544780454147249	1.2284014506107268	1.4232651211745544	1.3327743991268046	-1.342368354349797	-0.7883960673189608	-1.093294430323366	-0.5601852260331609	-0.5806594607108553	0.7212287877488828	-0.7472020296887597	-1.6206338216584364	-0.4866614831832494	-0.19439371876047568	1.139653195870083	-0.6627142534714886	-1.0707220014711045	-0.6028687113196258	-1.4569440715482567	-0.5361794823218433	-0.3231886390216241
0.8806294099060875	0.686831505516992	-0.943914846815345	-0.4208013371124597	1.0977994549604515	0.42067033485625044	0.9708888728509282	0.7393973295007351	0.8141007182411759	0.18360583570642583	-1.5333030895672224	-0.9218856730561975	-0.4192678461184645	-0.4980403712214938	-0.38268354906877167	0.7002628128355303	-0.0027992693423056865	-1.310653249415296	-0.03026235314752291	-0.8545082527474762	0.6423283046759171	-0.20155905522934525	-1.5922266599011368	1.5990944980014548	-1.433321597659498	-0.17772452162662797	-1.7395536481053553
0.8773752414060607	0.17179324029328394	-0.3806903844619452	-0.24638090862807918	0.5924758938063079	0.03522315309557736	1.2580602049591374	0.1327918084408263	0.18589942292860812	-1.215587229518115	-1.4288655776558494	-1.1858227540280175	-0.2891405020074431	-0.4854617730867711	-0.01848183742540347	0.579056352128327	0.4872848759960507	-0.09444875307760581	-1.1691032383183106	1.6004218558442027	1.1001204566765381	-0.060610028663703464	-1.973780642498436	1.7340711832380127	0.10744883092552537	-0.6548503445003716	-0.4890657414272432
1.3481410908793665	-0.8984950733741676	0.5377570621618695	-0.1503598688982876	-1.1027922955973877	0.17866637906918084	0.840010664771037	0.7710102071723375	0.4969768429422119	-1.1944958295928045	-0.9579830016464229	-1.3589755382673145	-0.6861463977905164	0.2794807263835396	-0.4096440551437914	0.6523520786311053	-0.03918431227942392	1.0493065776333472	-0.8230906144988234	0.2265529634258047	0.7531253595274835	0.2157157118615632	-1.1378326966896686	-1.3291907498572462	0.37459865873678666	-0.8596627707901003	1.4443212882569902
0.43601043951584	-0.9958118531792716	0.31225830079184	-0.8748598316122344	0.31635326715718465	0.44222848153151967	0.04274059956404753	0.9003723146256347	-0.37987323814121654	-0.830084984857618	-0.7152974658410017	-1.1343696648647499	0.057069502832824894	0.3350015295948391	-0.12842794442648708	1.094253470556107	-1.369431697835521	1.3741527049642235	-0.5099718012777569	-1.5814084730134739	-0.6869043379807335	-0.18887998314094634	-0.18352043739308693	-0.40797216626147176	-0.012264379666501042	1.3813044598278819	1.445699055527545
-2.241935864145065	0.12158073624185163	-0.3978032453915848	-0.619511307613317	0.0862240573413574	0.20641313643333223	-0.11703986817815151	-0.4239460343941003	-1.6079336936809907	-1.495120551655356	-0.17466688281976203	-0.6731904146835581	0.06638003344678085	-0.35521486277221825	0.4813450830612272	1.2316497927076269	-1.6008950180422286	1.4176096685441513	-0.19294156885783667	-1.9249392367921627	-0.06307661605957525	-0.862434084075373	-0.07717909758123602	-0.7637023311961092	-0.22478356175195735	0.6400424546392628	-0.09350857408071116
-1.906783082032833	0.12400754206760842	-0.2959253988356575	-0.47125311435005646	0.021131445256325376	0.1152360818629373	-0.5276899100135113	-0.6163014985574304	-1.2562202127804583	-0.5962080189190896	0.20371967185065173	-0.03720412578290235	0.2006605256374914	-0.5696990380359869	1.3870821261379669	1.2000633608106865	-0.5042772912659277	1.2554987767997654	0.023736685458634603	-2.117885540211184	-0.6936792864762522	-1.1637311833485322	0.1328692372369949	0.06363697107019992	-0.2862679199580237	-1.879869443815094	-0.22515246111313675
-1.1292804526010838	0.7716464067419287	0.6096479953835393	-0.40875120737385595	0.5939378705811421	1.0704282491530481	-0.9750876737111874	0.4024318721541636	-1.522164063131666	0.27513642968845325	-0.8966458251200273	-0.9537366087584538	0.8926892426156763	-0.44067295986517796	1.818906967111551	1.0442470781439255	-1.1010000892329792	0.8856795457436604	0.06852649770578549	-1.2898629477876213	-0.3951455685944088	-0.9345298020586656	0.5532156097561552	0.63088216284561	-0.9354007147242795	-1.3301243691013451	0.6444382984705568
-0.30012937968706443	0.8171597557329858	0.021231760750170966	-0.3687448418522506	0.3749904955493311	0.9550741112241794	-1.2108127209526722	-0.10227527561786008	-1.0279501918828524	-0.48682488820189534	-0.7812133206633243	-0.9337497560912291	1.4163072357415873	-0.9264756791452697	2.242820799130413	0.829603551075395	-0.5092929941160954	0.7471261919750757	0.8686365654886268	-0.4665977744114741	0.5820918413805367	-0.43062246231958135	-0.05105202071179461	0.8743931781418944	-1.6405971904242536	-0.3379455658713619	-0.044864489860431525
0.014805021933426133	0.7908439931752159	-0.6434292033726133	-0.6130194894334056	-0.2402506269385464	-0.3096300926679094	-1.1885405671305886	0.16392248540087212	-1.0658093421865422	-0.22646406254929982	-0.7229523559560386	-1.2369609188721145	1.7125674108782876	-0.09093973599171175	1.244720848506098	0.8806795485908429	-0.26851217424733304	0.9270055134583687	0.3034619598836068	-0.15479298038430384	0.8575703036253262	0.12736103901901766	-1.3164208133022004	1.3259924688597586	-1.6304982540764965	-0.18211926850532267	-0.8969044246567552
0.401324402369191	0.34268731010729325	-0.6430353962049404	-0.6395345454775716	-1.4697757661147794	0.6019892428327922	-1.2784193954661083	0.013090778179193886	-1.3086879112100285	1.0310846499379327	-1.2969337252442767	-1.4311207620478041	2.255320311522205	0.06681696263938654	0.027932713551938992	0.7700344962854625	0.29452994133896404	0.6427137139340244	0.8969294261048313	0.1721975014905345	-0.5932769473055021	0.4868391247457412	-1.2247661758314845	1.2004509049798868	-1.2127484760312266	-0.10290806084750473	-0.09123921966258107
0.3003186117525418	0.18336804254830358	-0.11103175393856432	-0.13443190045200817	0.6874218670252573	1.7108849785390956	-1.3631973591535238	-0.681034491895265	-1.4364423042077492	0.759297062985213	-1.1571331421271258	-1.6516385261791615	0.8086846012572092	-0.4456469100400017	-0.012484881313036314	0.5617707325977183	0.6189836903101216	0.3980708303759003	1.1671892500027845	0.6596674953440137	-0.9314335612288431	0.3567295454845928	-1.017979985291038	1.3391823014532491	-0.9151695793604888	1.6129795403864031	0.4453571167226848
-0.8012737659547331	-0.4494578184602496	-0.49216231571148417	0.0005435474913618317	-1.4492337360828766	1.2742689777480494	-1.2954773592215119	-0.8327236309600351	-1.6039329536724252	-0.32542257901672234	-0.6591217333719702	-1.290009957557544	0.1591972573391389	-0.5083180791812075	-0.33149467332822646	0.4145419651551571	-0.5480945750091464	0.6894336916745603	-0.3187309135493437	0.07448821347804054	0.3448441576322923	0.3798449966619873	-0.32054349722200637	1.5698066869356528	0.026720588440804022	1.0105451584581058	-0.4381128428050978
-0.6078254308038984	-1.4098340578148167	0.11445455771765504	-0.2755354771732561	-0.3022010341153062	0.5026478894344537	-1.4027546415671293	-2.293036697230226	-0.1763394294893558	-0.0558946818172436	0.35583665759752575	-1.1704050350622124	-0.12658718603826447	-0.13896264346035184	-0.8163881870688241	0.8138924132094197	-0.5933675973886899	0.10772475198698937	0.5581819002779439	-0.0712145064571408	-1.3289854033069217	-0.310138151517669	-0.19386016730658434	0.900328259161688	-0.3238178351075282	-0.5435757913539074	0.611026067305314
-0.7202592875211601	0.3366480025076006	1.3585623024539506	0.46183047726443566	-0.1360927636337193	-0.966352888392086	-0.9421896410152337	0.279347641036033	1.7308462345809255	1.4704100155188886	-0.024210617620047715	-1.7005120115978385	-1.4910651661641803	0.3727379478438673	-0.7473412636030308	1.139956579601776	-1.3216462928369437	-1.1863813082939667	-0.5228462499048119	0.29123249555898556	0.7096673732238379	-1.1796649477318037	1.2788232078097035	-0.8224405904692854	-0.2986547502250847	0.23027266297071491	1.8642354197593676
-0.21048654346895412	0.6522614264220159	-0.3152659903274985	-0.4150173583257155	-1.3791374180133498	-1.132432363215978	-0.9834878152699706	0.17790236108351706	1.2522354446778345	1.7385091076794978	-0.2896786430875507	-1.4718422218424425	-1.3088483987752662	-0.350945522373283	-1.408163285181565	0.5410188076200861	-1.0265606792122184	-1.0524075195805316	-0.021312777652997418	1.0214035204446963	-0.039346146309854904	-1.0941951807614665	-0.09426627545212601	-0.35079727693010543	-0.9318362023685152	0.9973736721615133	0.4222916119047728
-0.05762414457151901	0.5282552029685178	-1.2477585544233707	-0.24195508814237512	-0.13168155840147033	-1.5164538109137184	-1.227205493712555	-0.7647066034667107	0.6945443562787178	0.8032302087653871	-0.6906022624689503	-1.30614808786166	-1.9151969079686806	-0.9750466737761018	0.33762727964364914	0.4086618602141887	-0.2093279211421432	-0.7437855592067648	0.5808997306741077	1.0990874008517557	-0.8902436903061558	-0.3832732322693508	-0.881466020531883	0.4487591884879156	-1.1294242279572086	-0.7911635129663938	-1.0814213945360587
-0.09318654499341483	0.256312282473036	-0.5948621168429926	0.11836824945858523	-0.7645623120797872	-1.3860299169280392	-0.8406658494879348	0.22281759115265476	0.6759547632394342	-0.07092232279301566	-1.3673240553676955	-1.3887011537666916	-0.29477755624004454	0.20790098203416252	1.3618238716707298	0.6506605499602083	0.9636751885921256	-1.2457676418805328	-0.5185366415579943	0.5338133507400302	-0.8599906470386199	0.12534421732702947	-0.8518064242212425	-0.5198090427770261	-1.0687624291289843	-1.6711242386495069	-0.1283080693762042
0.5737774724832257	-0.40240942190919876	0.8882399208141445	-0.10445571523765575	0.06344956272140531	-1.6041519426128144	-0.167052647848736	0.24868578046484188	0.40654756399492975	-1.301416032678875	-1.172917801124005	-1.7148833828948635	0.4378731067531744	0.5164507515578116	0.4596442374050608	0.8118802025847487	0.7677995436172901	-1.6484674806394293	0.1363301343930285	-0.5296467327047506	-1.1664041886473302	0.18864137040353585	-0.7037303469678934	-1.3427529102588895	-0.6405232539477062	-0.20104923243201617	1.1720871528276264
-0.34721717730078233	-0.5445237335076772	0.36260348571797507	0.18271797205278797	0.5758764097906446	-2.1251897878932824	-0.4405794658448716	-0.750053611139874	-1.42701253819486	-1.7423647467777457	-1.3862332288584756	-1.6391123045207314	-0.3842050374168077	-0.4146928782598529	-1.088383213314108	0.5797564574001167	0.5061070698010325	-1.5064167984685355	-0.32431448089745596	-0.20598419700041828	-0.016697883706292965	-0.07187409889698776	1.0736091581552039	-1.2307003629023403	-0.11442240042869688	0.5662592883403216	0.35289333714254323
-0.327880960918767	-1.086825459626025	-0.35292891932007187	0.38487740109683105	0.28945524856217986	-2.405563850144985	-0.9571528621533388	-0.9890444422986234	-1.8320445894537691	-1.704261957064603	-1.2297654889599736	-1.3863503437797664	-1.2928830957994928	-0.43953732961085934	-1.6138775388491868	0.6194024923361119	-0.5590030520187377	-1.1678646537353605	-0.23738518537947087	0.3671152303804761	0.3253293662015812	-0.25546318522072475	1.811105283093882	-0.4815681630102564	0.1456181787937053	-1.0843765705159607	-0.8915480994134435
0.4484609011958006	-1.5716110707249697	0.22245648403281276	0.2162669448435006	0.9665820966173616	-1.9610411854745557	-1.0490427551081964	-0.4248728757587013	-1.3734879265133308	-1.6071155433877848	-0.8034761788590231	-1.3292921966264588	-0.4012981353384481	-0.3494287092067804	-1.6995949357743108	0.7300963262762293	-1.128328951643889	-0.9974970646565385	-0.1952470143402536	0.33732900441912783	0.28249794821449614	-0.539981306687607	2.1003361681587744	-0.24635881590877345	-0.24570039522801954	-1.632368408121342	-0.7682861603871944
1.4665371831511766	-1.1554704590277383	0.403969995520704	0.8108338947801184	1.5476296732342274	-0.8647238974992466	-1.0507430136452183	0.3532163278895505	-1.371827231911272	-1.3534837846648187	-0.5097823907113573	-1.1359915585579143	0.05059229397753432	-1.1268714284893109	-0.9664941560685432	0.5600569873439867	-0.8476906276504025	-1.079674809138993	-0.05090626691324536	0.645486956975209	0.7342986241407684	-0.7052271652629063	2.8440027057028963	-0.30648551104319255	-1.3048564925158563	-0.7019973895952221	-0.6111219000524698
2.716892056418119	-3.055533564714686	-0.0003196216531947102	-0.9800073438946173	0.5384255472156482	-1.0309039410760992	0.24177551098996908	0.5625557055719385	-0.91997090242509	-0.864084337047743	-1.3403719423015068	2.7819213077495855	0.6590910835640864	-2.2968323691480768	-0.19998338863091222	0.3659043033487665	-0.7437894832533344	-1.3037288655981782	1.3192885110421946	-1.1169514194757368	1.8818921399836566	2.146155103371646	1.6320545400121778	-0.39734520009034163	-2.7006974479319172	0.914611391033231	-1.40364154172615
1.767311525854112	1.5391456158023737	2.913605165029437	-0.9503014757384415	-0.9865427697978385	0.28237796914458085	1.3319514921317712	-0.4250803877415526	0.7927858676613643	-0.8900830294378429	-0.31318384044928227	0.23738021055255137	1.9858665061039635	-0.028830002614394973	-1.8807173864271973	1.3236137125662122	2.0918245659412307	0.320489707659216	-1.0726947428876266	0.6307911471387694	0.4393541605759819	-0.30064138012140307	0.5881374671631041	0.7402265624964796	0.016104558754941406	1.65593902782162	-2.0815583397333355
-1.0352885390812503	-0.7335258919403151	1.6500014828717986	-0.49178958419881563	0.6980650946892596	0.8970948096963056	1.113594943966453	-1.6150255202499144	-0.23596779057204206	-1.1684775557636997	0.16092956046042348	0.10633175019320878	0.08310529273917704	0.10786690503486972	-0.07799201020640231	0.8011185950213361	0.8924281003211686	1.0189994271688776	-0.4556450560783699	1.4835234131295245	-0.5630209005105329	-0.09856097953791956	0.7621876973961392	-0.9371188488785334	0.19467836233208566	2.4043504624658762	-0.6592030350225992
-1.8397816018842614	-1.0701256062287996	-0.4601848684664748	-0.10542115566281184	0.15045473027110426	1.4549230908937871	1.262528082487645	-1.4316765852736761	-0.7145246922992992	-0.7210370155271805	1.0043052660442113	0.16887724733590792	-0.6171067673589619	-0.300744694462464	0.8690936572730323	0.38376950309197533	0.27561685700646554	0.9741867751130467	0.18253925157529405	1.8916790182637275	-0.018109877031243712	0.6592166155754019	1.2088019137814368	-0.08289209366466838	0.41477304990735897	-0.17760959642227414	-1.4077852568350564
-0.787175675037269	0.039669468227250065	-0.20484503201095952	-0.20195722520407094	0.5220743321966002	2.1859443349960292	1.2210638486920826	-1.0886202022545168	-0.3513228769845459	0.22461732877078686	0.3691950707724018	-1.627024729922792	0.38205280014157583	-0.25655713774605776	1.5723029134491433	0.5712704195971249	-1.5874339623803913	0.9752827551963924	0.3138266874757425	1.3121662295321437	-0.05763312968371056	0.2745616001347231	1.024535910134088	-0.240071490406998	0.7612936879825524	-1.2789973133975117	-1.1711308144893355
-0.12621914677642984	0.5545581063807334	0.0028124975680404846	-0.21629748065942034	0.6884444573664438	2.7871702111284535	1.0418455526557977	-1.6269867340209172	-0.04708696231165049	0.3958469753661935	0.7013285121794355	-1.657577242515565	0.3946817330933366	-0.7184410128046913	2.102109573220556	0.8255423452639452	-1.149933155298217	1.1664890702810156	-0.07377377312246093	1.0817794739502233	0.5353653571976916	0.2328786093350985	1.2926776908864208	-1.0124364219098436	0.5681307583683488	-0.26632773181865393	0.12257754982772905
0.0710372022844274	0.8180735609383706	-0.549013544076946	0.568455969109584	-0.10747966728458516	2.568618933169859	0.9155041531124214	-1.7405145175085766	-0.265943820500768	0.21465716319492312	1.2944963237590723	-0.7588705377435825	-0.5124703761741679	-0.481589274064373	1.965290866672299	1.1255377272708509	0.6382241097856887	1.2978701607414787	1.0452854028349465	1.3346443556857885	1.260547968058062	-0.0886197182298909	0.6507495866283892	-1.6414572067895994	-0.5468451475571701	0.10488642666358675	0.3430337414967846
0.23690661758600554	1.0428699678925648	-0.1360261817501247	0.03313761803906536	-1.3760246834386436	0.9566706952865455	0.41633836973734023	-0.4636580340243764	1.1471418354647487	-0.4809376590462599	0.5623937046365199	-0.8163458741492936	0.29861529512198975	1.1538226162717784	1.3114814346442774	1.8481154054919753	1.3470781221686041	1.3668945581547498	0.01939701100227822	-1.7581837114459768	0.1413727764383014	0.9796167905973743	0.3585685869777266	-0.9085644230923267	-0.07047659995370573	-0.6347303053450204	-0.6920174861309555
-0.42425665238275934	0.8483080783587414	0.7737076881988318	0.04723935876953891	1.2458589089687304	-0.014632802780447497	-0.06024049487611619	1.6498278115260208	0.9238396787546695	0.2576893991174154	-0.8290544592420899	-2.132832809883799	0.6248483257732645	0.18462765865179234	-0.23511797933439926	1.0661455619049085	0.6543396068428994	1.4118449875219234	-1.461106759468002	-1.7075518993683791	-0.34205202311648886	1.8545779302070096	0.7960197418172834	-0.24911126388124158	-0.5863305872723584	0.8770775417526452	0.8242700810748571
-0.8239955426522446	0.3173134571997396	-0.6314025560152043	0.2693369170336203	0.8132423411430223	0.32862438780645475	0.5835711235397241	1.1904939969012338	-1.3689324630264128	0.09263084950242054	-0.6851274389185061	-1.7386428212641951	-0.5421854636898911	-0.9027926510111752	-0.33586829645939037	0.8315159449861247	0.2263562667284842	1.365271805238792	-1.2028650565156986	-0.023593619682425602	1.1527196435120433	1.3317958128730436	0.8973179548033025	-0.9246742150271716	-0.18438334849252896	1.5189759981004423	-0.9482452865199235
-0.8548652818643973	-0.7492555579045517	-1.425379533667775	0.22663560856494655	-1.10543536212411	0.365568384399064	0.9631545975874174	0.6024286129663049	-1.5338184451531578	-0.23184493443796836	0.11816176105275727	-0.7289956838602518	-0.6409233250788966	0.15833676514941353	-0.8917152601156848	1.235804694274136	0.677136312506753	1.2330572811419678	-0.4788692809689377	0.5522446006642848	0.7108210389028079	0.4898537049876668	-0.007321894775440568	-1.2237975684943359	1.0817864636320471	-0.16735973806418572	-1.6605104680372398
1.1515835006126955	-1.6448760426392914	-0.1826788191067009	0.11151831974268127	-1.4725611394477218	1.1258530431800973	0.3762581986992861	-0.8572890983890412	-0.5958834434029812	-0.39580700854790896	1.3163842276910356	-0.6244383701688008	0.09408109202940916	0.49411373671657716	-1.1127873098416667	1.177844053039452	0.38795540817934887	1.2368640554201942	-0.5725691674331295	-1.6790304658971085	-1.4222644335474275	0.0210338092988651	0.4775147279726967	-0.9952482237720527	0.5799006134008735	-1.5902957444247798	0.46478585548104784
2.039136785192139	-0.2862172573428822	0.9601159665168181	0.4943303752951498	-0.698076258194559	0.46341167192248545	-0.9642965879332197	-0.3539536766823904	1.797970865818077	-0.4478399109893984	0.284510876313146	-2.0180737086287857	-0.7685235078519144	-0.779710500860551	0.8729819657440482	-1.033777304187508	-0.692974064746554	0.9817750885644676	-1.5625962414107575	-1.0764134996726435	-0.9117310137508756	0.2659754433018882	0.5975966345984836	1.2124824652335835	-0.21631782250252046	1.0326455258636509	1.9333124102434287
-0.42767488427612366	-1.0268528918059523	-0.09657777256307813	0.3408768432816245	0.34930778985850147	-1.3711775755221058	-1.0012325118420675	-0.5697783029049253	1.4835815860381227	-0.5238745056807144	0.8540928398380108	-0.7325327769327798	-2.283970280221523	0.1611754844348798	1.121031956894408	-3.7327452641334404	0.43615318538300674	1.217893895147394	0.9766272702791415	-0.5468925136444489	0.10124804134989024	-1.0178494590972234	-0.1467312196497329	1.0250654812531486	0.5657552624016168	2.194323732325444	-0.02883295308053096
-1.9139553895637689	0.08638122926323182	-0.6510677763742094	0.5336318646009448	-0.7769409060024095	-1.7238362701033796	-0.7925229106088949	0.252757588817719	-0.6168741519434067	-0.5985565613769714	0.7413816202537137	-0.7620319987668295	-1.1910677368968912	0.5880292431374899	0.9985190647355288	-3.1547051794159855	0.4278752740668149	1.2202376672820954	0.8217138199250501	-1.0119545740036155	0.1316886907685709	-0.6655303299529226	-0.5564894416036258	0.911223643038153	-0.4103320462780994	-0.5159846022598799	-0.8889982132097654
-1.153554213644865	-0.4147623434465325	-0.8373329967072338	0.7539990875697654	-2.034460569175189	-0.1453541901172988	-1.1661627393841607	-0.3528504802003517	-0.48558241345679554	-0.6001059276791472	0.6943194298944487	0.05528630901977729	-0.29926376406334554	0.07982725802970572	0.10843212778728215	-3.0382025802673356	1.6969503093037668	0.41733469911407994	0.3442075435229595	-0.20998982648500744	-1.7802753235640731	0.23573261871648002	-0.2849028300958171	0.5147679959697602	-0.9122399699867128	-1.8761595350865523	0.6860348040698419
-1.3629206700358616	0.2738839328085784	-0.2654883381033135	0.21259441273186525	0.5483129874571889	0.9759416416869223	-0.20514175947085014	1.0245371098799223	1.7922546297451665	0.2153297679354658	-0.9154992793718414	-1.0325725397471672	1.055507590861915	-0.17013616291520423	-0.3631084186880505	-2.312629239917442	0.5021005438023107	-1.4515820161492161	0.4633974335005651	-0.6476727848145039	-2.5563906911802725	0.46832971786833744	1.2161298944920063	-0.40162901577065074	-0.776339458080666	-0.8697614677871394	0.7792515028742371
-1.6191835661244944	-0.3935115481159896	-0.5845863772859388	0.4026866563900958	0.7516172700150984	0.5734867877723387	0.4541521099441874	1.2700853146749451	1.1645804026471722	1.5047550904622957	-0.6820760974298591	-1.2053886903852258	2.178462429395955	-0.9108495659142237	-0.024344595268797252	-2.245839227163299	0.7765546518904135	-1.5846427811152115	-0.21743552673091004	-0.6037693865096468	0.21650271793964473	0.7729136710676979	-0.2229055329437739	-0.06921707204137699	-0.30952945821369965	1.09535075792375	0.023463931943284357
-2.0612981903950636	-1.8347611700349604	-1.095698610945178	0.3555872978520574	0.08400750971894737	0.6911106477468483	0.3294542777136704	0.8401619666060082	-0.20410226917055832	0.677187698907322	-0.03892005319201875	-0.39968686695750216	1.1459724342291093	-0.686725834023984	0.47394269462134375	-2.0863653241679496	1.2460576575058668	-1.5708554276660764	-0.8227138376365853	-0.3005221980809277	0.32438479491819866	0.5104775378921002	-1.8929673675998635	-0.7258904979390904	0.35003153819497446	0.1406317630962715	-0.07834991313231168
-1.5828489545682392	-2.036022241370186	-0.556354198086899	0.3142298642145477	0.7943867586518766	-0.14724659211449712	1.0346555826336818	1.3255303392177107	0.6844249702493025	0.4637584647549865	0.4362871625652584	-1.4518353663136963	0.20694303581534604	0.6442814189606021	1.366177710403089	-0.24630829902112175	-0.5996526897885618	-1.1118497826634088	1.229332683135765	-0.13554925804512216	0.02068650004589287	-0.7695362767917274	-2.2232717367226607	1.6525962542242219	0.9893591140058179	-1.4151437345780085	-1.1870434521199804
0.42882124858596465	0.028739794468388678	0.7416928589099174	0.8217840342966255	-0.553421508165153	-0.5458379621194481	1.293140746630644	1.7518740415391754	1.1118100129938924	0.44796116245288164	1.6943270746404981	-1.0955755991412885	1.1631478710092154	0.5596630915161244	0.9606591536413482	0.26687340935589543	0.06497246421745623	0.4282547397550222	0.11599728220800694	1.2724234851339482	0.5530403857711481	-0.6004057612725803	-1.7826747779126637	0.40334236738137325	0.5024739960769261	-1.3983985941599542	-0.38932267458137654
0.8381615377008979	1.081713025227973	0.1722699498958075	-0.005045348513274642	-0.20653573449141865	-1.379457786509458	0.6126147594232032	0.4504698320900867	1.1468867325898529	0.25843453949451295	1.2079808174949809	-1.1789147168514298	1.7295016523432276	0.48648695579680407	-0.6791462119627206	-0.009741733151014075	0.5065127458694021	1.417613575029132	-0.18483745112637553	-1.2045208820731848	-0.6428329589137811	1.053522317583146	-1.0385302474563494	-1.1374943154498998	-0.30919854226187565	0.4768147323381332	0.38443042987462306
-0.7190162140612095	0.22734597045942134	-0.24539188503634304	0.642867193346949	1.0236708559987964	-0.5635263670913396	-0.2214684338475189	0.49848002826271476	-0.05295589738369773	-0.013749630594742076	-0.12741959160827518	-0.9070122278195618	1.166553950844717	-0.4592349341809673	1.5885353716710695	-0.47740714919475136	1.6909734032244714	1.3727654264320226	-0.82175552991491	-1.5907387703883817	-0.16448086869390227	1.096114680199565	-0.017896456130954964	-0.5489253569977431	-0.9215906008418249	0.6258833110296327	0.7568375590724322
-0.20325255395744588	-2.8981683182706544	-0.0011944927102375236	1.1760497369953267	-0.1896654680351948	-0.24148310101110726	-1.0446346905810022	-0.06007204480976278	-1.492970038271541	-0.9567291272559694	-2.998704733988991	2.1685846125944988	-0.8352699722670807	-1.1969576488267606	3.2732593464845925	-0.5812532627432051	1.6688186770432856	0.39534702068282557	2.602260683082676	-0.9515040018617116	0.523663993714777	-2.2259671744266156	-1.46727770280903	-1.4276621027628833	1.3783212973082497	-0.21020798727935733	1.4984678320093392
0.06369530410616242	-0.6991063240092991	1.3472661927711465	0.8053604319915918	-1.518892637026931	-0.5550558455408665	1.031254686455229	-0.2943900861153295	-1.2745953766484541	-0.7908976135685563	-0.3472674524059991	-0.03751929872978044	0.15414122577294795	0.22078425319141026	0.5610071231811566	0.6822703299718299	-1.3917915533417877	-0.9149982073758215	1.5449216512123718	-0.4470445810657869	-0.3243639914944261	-0.7415260773300123	-0.7573688497815372	0.4771334698978201	0.8232006416663097	-0.332999013464096	-0.41049684363072925
-0.07673843987133988	0.23966813002081597	1.3806965904093262	1.1112268973783055	0.2876926419497006	-0.33598102427475424	1.3219339557029683	-0.02113691513811522	-1.222274023678753	-0.3380713158508906	0.8609310471682418	-0.36400322836109755	0.2818835091742085	0.394525405717737	-0.8929127008745628	-0.47257955948055097	-0.6879719268874482	0.6128902706255118	0.4918423281098966	1.309974328227441	-1.2704230308733595	-0.7341228517206875	0.05563333771095327	-0.20156697114977143	0.4594254211594647	-0.21100154117174633	0.2478258672840199
0.39278830360603345	1.0206873856815526	-0.3761767798346039	1.1405631484485872	1.054321598837542	-1.2942780307579658	1.1668518416973972	0.0825864886677312	-1.4555834011420714	0.1753349084894373	1.3837118238144186	-0.33161054605559503	0.498821231855624	0.22802651272480295	-0.8364123582435206	-1.4454523726005428	-0.08045819919263482	1.2273410710047825	0.5344178630748705	1.0222279118866497	-0.29520752232340325	0.008119003077926375	0.7356200797629896	-0.9954553099832035	-0.7543242477837426	-0.2070672458090649	-0.17242581218765105
1.0472440323717365	1.2136801849702177	-0.8231918999535133	1.6682340301269991	0.8424557792704409	-1.3375799413921348	0.6112977488702639	0.5711657472192169	-1.8728220328109462	0.41713359702779934	0.1353462375810174	-0.7471579147194595	0.7950900592452766	1.7086054553709373	-1.243792520156818	-0.890355245945234	0.8966140399561633	1.4057478189748016	0.7389596018168446	-0.708287498844319	0.8880165021366729	0.5986646883568288	0.2711728879577377	-1.4012951072295947	-0.5309711128288147	-0.9240401854993204	-0.2593752489520618
2.0911049828336155	-0.211850684555932	-0.1934682936282119	1.3247963432135348	-0.3681367843147491	0.3604737023027428	-0.6436072134407549	0.4806480822186471	-0.9932217568882472	0.6656930456844077	-0.29600847463466595	-0.5041776304866061	1.174390291298479	-0.09439307284896235	-1.6725644249004883	-1.0302545959193516	2.1385975090003773	1.1851032879860381	0.05189058088200293	-1.3016507850444579	0.5396981456781377	0.5973198309380952	0.4399310972190246	0.01658391515240893	0.3395474116257728	-0.14962249124579682	0.8223435260063833
1.9142276476281106	-0.6066322451538364	0.2954526448453532	1.0556603051788753	1.0155700312371951	0.7805581351239705	-1.360789147092491	0.38657238193179894	-0.20944914702839929	0.06722265491393414	0.17550438150570488	-0.39146824785791556	1.3814607813745792	-0.18379582149165263	-1.3948746847805003	-1.1640751320878138	1.8591162980476947	0.19243011768303156	-0.6455306207888634	0.288635508765723	0.15109677606362937	0.051676597147503445	0.9924127896567999	0.9217972561405972	0.20994985006200725	2.1076220690302025	0.3752068620865397
0.6210248916047689	0.0439720428856949	0.34258821123233685	1.0760149851179468	1.2729513873214344	0.9702722161617586	-1.3267444595732143	-0.6711902000461293	-0.7404004457038891	0.05802736088106335	0.22352225821412808	-0.5081506513342969	0.5658338285842639	-0.54187180641054	-0.8205916033848396	-1.5073111687241614	1.5958873494351984	0.5506603073920827	-1.4704680490903579	0.34459343630979933	1.2287202634253562	0.7300271533724954	0.6560457484441441	1.3453408778369593	0.5662451973698395	2.1440468144342217	-1.2363458983600952
-0.5382291891224781	-0.6263047322666908	-0.2912260810512796	1.2876530894388396	-0.11852120384990868	1.770353731429869	-1.0283544761845003	-0.014578109546498127	-1.8062918705485962	0.005143418311942105	0.39942851149471303	-0.04152122702035113	-0.6866389267637774	-0.4555328533380416	-1.124459386625224	-1.58007805732448	1.2530990478165367	1.1627083095435409	-0.7418072156228003	-0.6278186361530632	1.3170551392309668	0.5922034058188843	0.23282280876152328	0.9310900082576438	0.8990774890685913	0.49586867103315496	-1.4843838737818322
0.3471383734762395	-0.7442270587874155	-0.021376264728214717	1.066910986157939	-1.075473784688292	2.6412160993026776	-1.171360763443973	-1.2310318172048729	-0.8803199860003049	0.04953741417584556	0.10115545283630763	-0.4855253464578691	0.19320329905397232	-0.5000539616011862	-1.2708195725421654	-1.6859810528760535	0.6683144162667178	0.8287188721226688	-0.8219080633669638	-0.3006629149904841	-0.7180734176346004	0.44783429569498756	0.7857620986401517	1.120631911737188	0.9044629513985409	-0.6690048488803705	-0.4464703450772429
1.3772336296529366	-1.4917616178971185	1.3520939528628362	1.4292493217561322	1.043988422901108	1.4048363923415856	-1.3436676293465126	-0.10311093431250884	0.43289056868431663	-0.3365022685256363	0.8522589897111298	-0.7938009679469942	0.15896964225184543	0.15672444591398776	-0.41855243851995677	-1.1529567567560426	0.23557793997205845	0.3342601399005162	-1.108944554530864	0.27101291930457777	-0.5793566994924885	0.5580832544112739	0.8315828401145816	0.7973747447370167	0.7122175767378377	0.9481463942783672	0.9452637048780083
-0.23052241147148664	-1.1257327110941995	0.2593491814196848	1.7348240484453363	0.8022736270034999	0.08369112411032548	-1.3404363448304646	-0.17141089654077596	0.5011981644915595	-0.322529625666096	1.9540188797848226	-0.7501621176155976	-0.5413018414412538	-0.02068325071435797	-0.6121325030264876	0.6931095821724711	0.017941835146468788	-0.3178899726416375	-0.3299479657327943	0.5082367887369036	1.2630916534784775	0.4127845915233349	1.3984674426541965	0.2515323493691284	1.2097219254000744	1.5021478767059084	-0.25664135528930054
-1.0779579197738502	-0.5660018280706912	0.07232339008115869	0.9521776970186769	-1.5781420562727504	1.0740789094171266	-0.32725922490429427	0.39533574346050737	1.8415366950026517	1.236345198460553	0.9971900049487874	-0.9065900400191181	1.229453766219028	-0.0903781586159072	-0.4871762607347116	0.15199575926224	-1.1112963096624149	-1.4432835101515884	-0.4315648115546638	-0.09318974998151955	0.3649743817847587	-0.08767265315893076	1.3297201096295899	-0.9206889327944799	0.8409752891402372	0.49566078958018606	0.7234849117888614
-0.47433345072424227	-0.34273778387449877	-0.137777929421156	0.5873454067944989	-1.7984818149458321	0.34678974332384493	0.3947316997182427	0.16235332909868871	1.4234863608788408	1.744904400013746	1.5830984660325829	-0.6492553028555182	1.4802030561064838	-0.054941162878191806	-0.5737091430692733	-0.5538853640430753	-0.7508557849329429	-1.6164797753548288	-0.5843515279035602	-0.25231188184302306	-1.490569135837531	0.11886107476906044	-0.029353022970893657	-0.6346423862910496	0.3874439701407305	1.3197824699974863	0.8486894626424867
-0.6051014495676968	0.17092372389764646	-0.203053112206051	1.3330762684370285	-0.2899192876625753	-0.2854381895186021	-0.023853533209168633	-0.6389796581316083	-0.25304996828117077	0.5885505159487103	1.5179571135426757	-0.3498015229633135	0.16729949958809726	0.5552181692304623	-0.27861343515265913	-0.6935549925621205	0.10576374895953643	-1.462070664383667	-0.514408354736126	0.04255068945093583	-1.1872554584787303	-0.0028675350965846388	-0.2876524867574292	-1.0182937118985278	0.029551777214786107	0.32386110704415905	0.3569076219359421
-0.2960281305015073	0.5785495194426857	-0.9628602892112911	1.6046907008369033	-1.880574362882445	0.32664915271467476	-0.2600787819291728	-0.9020427770612157	-1.1973623868667118	-1.137021321473095	0.6886746660745456	-0.3450495645478985	-0.8717930629700607	0.6546048014573428	0.23638541442038935	-0.6891190406424875	0.09915301066141297	-1.4746831734305106	0.07119414735607467	0.10023153810704666	-0.9774795784672611	0.4259019039078481	-0.5151100812888237	-1.6666261526416213	-0.23337929135941735	-0.9670105977319358	0.005355965995031497
0.518704043758392	0.42474113116606194	-0.47113869153972643	0.5501300758408949	-0.38701790574860695	1.3617083898702937	0.4169528881998807	-1.7826004434157143	-0.4519435909291822	-1.0319343701609531	0.4380246492740868	-0.0281435733504206	-0.4256113524171954	0.36958011082224596	-0.21387059261057487	-0.8145080778352733	1.329652284416433	-1.5846734686735293	0.050138533627590076	-1.2307294709905268	-2.1608748411356147	0.8937772426016563	-0.03573980638592997	-0.5352159912057995	-0.5132607383588088	-1.4647892507829545	-0.16590980565402746
1.1540389968317788	0.044208365437024055	-0.08843545458286498	0.9134869665576753	-0.030892671756832264	1.9528251074218823	0.8692630330878165	-1.980298819715806	-0.2655831939045536	-1.0175993023311207	0.01485524022560407	-0.4654645825600716	0.18521560863391312	-0.32016117452270276	-0.529248503562659	-1.0295089970958604	1.2052596294884392	-1.4184172481856079	-0.39864364305654054	-1.3176277463352166	-0.4558929661127941	0.6849001281254259	0.13867923344412963	0.28520187388681234	0.1454038556509394	0.012984388658267511	0.26158326024228723
1.1990376476031097	-1.0624362797956837	-0.27772505365794686	1.0890034293554092	-1.4238244068187131	1.2913899916625635	1.2143007928134948	-1.3304374134762758	-0.20041229746370762	-1.93606858132206	0.3547692365643386	-0.349183120179024	-0.23929390344799686	-0.2275988038266796	-0.5505719275383217	-1.0755486771467553	0.02042604019829164	-0.9636088846009858	-1.5729047324704324	-0.8724478378347456	-0.032050359797468245	0.5194741819020078	-0.1691735125626984	0.9417215481540994	0.825443861928831	0.3218815373001376	0.7838470061576897
-0.026170618006925227	-1.2073610710559515	-0.6281116729705316	1.218840529520837	0.33556626466436257	-0.8618567428875631	1.3736284778419494	0.7225446964341139	0.34934936893481694	-1.2905972529039706	0.7990434572632702	-1.0756830085290283	-0.8541457920529713	-0.26349264450669285	0.47357052567882885	-0.9677188020309472	0.41156612009424387	-0.3882068159379399	-1.6532912770305699	0.3950979219014458	-0.9030968116876653	0.189793453999752	-0.6092158161796352	1.8097511345062591	1.4829213049944832	0.8092378762464777	0.2173072465141541
-0.6806820777282128	2.5154806242782852	-0.4528146217139804	1.1754003202660628	0.3921077106896322	-1.197207552651655	1.4020804126607946	-0.05282264345364717	-1.1358902584396648	0.38892705755527596	-3.1009005215334366	1.103659771868557	0.13647690777733298	3.371601212378605	1.975571198621986	-1.5811059816863786	-1.0086758449232496	-0.23525868920083595	-5.379511146285411	1.596710862298369	-0.12242542931952166	-3.8923578496245805	-0.32559514105102333	2.0003399169215874	3.1090723454400364	0.19779861846616273	-3.195567159473859
-0.4980349319438166	0.8639289287095808	3.757657941959669	1.5543685970066954	-1.157237953064438	-1.326717166990819	-0.02230894133280165	0.3550477678517716	0.291604203683719	0.539615210412897	1.474938864600634	-0.14978973349400956	-0.9176958964335661	0.19523684543941752	0.5583483720043756	-1.674496278872679	1.2540859991688533	1.1191610201260445	-0.11537704810375174	-0.8326672552281025	0.5364588649818495	-0.9378095065416667	-1.3931554411998706	-0.7574082378567755	-0.05666690556747276	-1.927767741672171	-0.05502014779082651
-0.41475261507238304	0.4260759586281184	3.7703004063937766	0.6714391755236006	0.4367354748665046	-1.1438769728488014	-1.307509535166044	1.5306565347605465	-0.020091612136130588	0.1626245933313678	1.6108385617579664	-0.875225221589109	-1.2100873685920397	0.29159029039227674	0.5968915710957814	-1.7614454149725123	0.8443074501861636	0.5278366923580582	2.233260738288677	0.7568429302882196	-0.1627738316417386	-0.8097381685320502	0.3357115797468954	0.7525783525137584	-0.8643906836744869	-0.028971972255466	0.555375467765658
-0.1709255877025437	0.6873613765898745	0.10815109754677896	0.2845936952058508	-0.319895126358801	-1.469090573456358	-1.4097603847557674	1.660250547187263	-1.4830016064188989	-0.43483968082061586	1.3530854507797705	-0.6632408045050733	-0.06621442135206589	1.0274248850991121	0.4387389334641706	-0.47506710906012833	1.148943699574146	-0.26314849262853707	2.7460953606604814	1.606168808664134	-0.3495496193791029	0.8839640874759062	0.9941222717917081	0.36419120762142404	-0.8672153924984233	0.38429260143229493	-0.6926057186995093
0.2020631792083671	0.32346745307888264	-0.6669786010289558	-0.21956007060541174	0.731342130341682	-1.3245700073698032	-0.8133515514782841	0.09288885222635092	-0.07280138278882568	-0.5862257839219074	0.662811573453969	-0.6072150527642632	0.6144211376926333	0.895572604465997	1.2137645444440381	-0.3764350368439553	1.8092184385218124	-1.1502343003741546	1.7047001746562698	0.6210890966282502	-0.7157782277965421	0.823932238644849	0.39169944632137954	-1.116136763483842	1.2629397836059864	0.09590477585024566	0.14827852852885776
-0.4483554617135922	0.08121955998660169	-0.46259377458924567	-0.18430205262326388	1.4138445100635166	-1.815521032464917	-0.3080240994252152	-0.25851545860416075	-0.1374097688097739	0.3835530767981881	-0.08662950331564927	-1.0128947361924412	0.48796327951914353	0.8597230965533887	1.7361404051658988	-0.3278810566880159	1.3420511383131188	-1.5759729096713742	0.7989402250798111	0.2769471375645808	0.7428563472174259	0.15786673443563043	0.9058749942493943	-1.1164641043126777	1.969880914929379	0.9867866015143609	0.9927738806349555
-0.20716738160255546	-1.185903373785825	-0.8000853077930256	0.14682010689124197	-0.938099317985576	-1.851779794181133	-0.003146754799392712	0.37876171253075913	-0.11859220869986778	1.3021601759350447	1.1733593813233827	-0.8933774857255976	-0.02792120968072643	1.2839594396062848	0.4888359245712482	0.00950453708587376	-0.4297462842083203	-1.5443479787105223	0.4543607076690803	-0.4663912480011623	1.7373523397794965	0.11780630137412594	-0.5657669669883442	-0.6529589270468993	1.924727473270338	0.591612534012145	0.6322514069029981
0.5178149243587115	0.48775597640038537	-0.4446804133694944	-0.27680196046541916	-0.046607615924716864	-1.125414695628412	0.32788712599703584	-0.32783214133718835	0.12866603292424478	1.8391793645760246	1.56669356943836	-0.8918505993689289	-0.8306751028505468	0.5432889835264657	-0.8893697420300399	-0.015247330880855248	-0.6154398441178853	-1.4569931902023971	0.4338225514131945	-0.9298126090331168	0.12607320778418615	-0.3868194223301673	-1.2387826999022	0.08727386846991522	1.582535627218114	0.01890553672402636	0.17110502479191858
0.5261612230274273	1.8453401997546077	0.08053345649629887	0.13522675967623887	-1.1394220160011268	-0.7208027390871484	0.744028574324958	-0.6847167046411716	-0.1043624299383175	2.9478136597932783	0.9301994498178767	-0.9181563677957696	-0.8390280702612593	0.34268140119419627	-0.9907132151947541	0.20871276999924476	-0.2299008930693948	-1.2709493570780526	-0.7942385905638953	-0.8786175556910607	-0.3622297223261737	0.5616554790577857	-0.457080590994103	0.3415559513584638	0.22866639290747898	0.06540946581063567	-0.13238276733503218
0.33395150492888964	1.2286364879613223	-0.7277856068679311	-0.2483637809537115	0.024902787561074922	0.14688598827393046	0.4962569771071804	-1.2324024985657474	0.12162927039013267	2.4634442878149194	-0.042377939671502	-0.4346165936993714	-1.367852866446301	0.5003429303010427	0.4842113901252817	0.7760924008944899	0.44981993714013346	-1.440382432073897	-0.06220783413307429	-0.5935656498557832	-1.3936413694239858	1.8905317930690453	-0.42588593216340664	0.3034819793431218	0.49444169446245717	0.7009795646320349	-1.0808890995238782
0.030777601715612342	0.6816838130800367	-0.9466640503050415	-0.41640182201600334	-1.3727609176897742	-0.037649562081548384	0.2034189272174687	-1.5353643936004113	0.10201995370393502	1.8572419865450631	-0.340369720600305	-0.4232024591663014	-1.0180324395034501	0.05865476267370243	0.002143407786586389	0.8682440150566076	0.7461974781376084	-1.4371155568691423	-0.52730415764677	-0.6354474853772267	-1.3347481463714348	2.2460457579534943	-1.129729457705345	-0.13474723642396522	1.7908404715593227	-0.2879094871598457	-0.8406733715641908
0.39537544152598153	0.46367681273184386	0.17782260215169132	-0.5061495393371548	1.0488371396469331	-0.32260402923003134	0.15977689588159566	-0.9825996805061427	-0.27920596931306585	2.0233205992129264	-0.7629172788940801	-0.6138190403247372	-1.0207323487121076	-0.27791108659568087	-0.44974067152666525	0.9676968503980502	0.09441495834483131	-1.4395927888747735	-0.8910935434690733	-0.8496692382436236	-1.5531271677914564	1.5811857121117827	-0.5333124392248105	-0.025774246474006387	2.359161050741344	-0.33806877067334923	-0.004105722076673858
0.38302658816951596	-0.9045823313172338	0.2380984256962944	0.25902232083601356	1.7291707690650313	-0.31615431373686315	0.15538774121088586	-1.178542149459353	0.2410802884888007	1.42342685679305	-0.19126327816959138	-0.36107899477871125	-1.5178662103940186	-0.15089860561652535	0.8239297386282021	0.8975734363032842	0.09439286044237963	-1.3766473769432943	-0.6721958809146976	-0.5969493407747228	0.35260385227310587	1.2995639064533469	0.34447737323577143	0.10853402505199886	1.674310247766108	0.3948439477461337	-0.7550719019440919
-0.4848857057897491	-3.985485107504823	0.49313870390913145	0.06123911794635844	-0.6570530965513339	-0.48484640200703083	0.22437098710837186	-1.7483786739840455	0.6688789604099142	2.56694665217553	-1.013717820949908	2.017919839169095	-1.5441895481890515	3.898786707474418	1.0270530633241646	-0.21607811145074968	-1.9746319117168725	-1.1055847531620269	-1.4577398798435908	-0.02172126797759129	1.3506471209486883	4.910158309088146	0.01560331384248625	0.6956636731587434	-3.7417715304311123	0.5960668729457848	-1.3814595048059901
-0.3999473607372464	1.0247327933002404	2.9417012187095426	0.6678120076286564	-1.9659603617189219	-0.10014056523687397	1.1003166938488629	-0.42964369791032825	0.38863860773197195	1.6312357239984316	-1.723331565505085	1.0216164056907144	-0.7929199919956927	-1.677392915833552	-1.2175944326016364	-0.5195503139576761	-0.6320890551258747	0.34741284304763964	-0.7338217922165289	1.2377136955808306	-0.35839696599534854	1.2881164571988852	-1.409742568168945	0.7818171306716338	1.140948862190097	-0.6082497297990792	-0.4702468305462313
-0.49297443038351946	-0.3698037796397319	2.988910979743611	1.036858525303431	0.39199865236553694	-0.12418282481538254	0.14170768921645607	0.7313398636978349	0.11245058883258942	1.5601200268089463	-0.2902040035308623	1.1879790565480104	-1.49142579213644	-0.3085800827357337	-1.2689119691919235	-0.06362445237119181	-1.576810454738864	1.3770972542897597	0.7851891447118856	-0.814668078935198	-1.5242293552784667	1.1915428036939606	-0.34002540702384415	-0.5796627186892059	0.7226932781206219	-0.9777648000686706	-0.24529393718993603
0.547973088760946	0.5618484621983988	0.08601031285831742	1.260372533180288	-0.4170724118130394	0.19340223740096382	-1.1537669627367204	0.4920096454281851	-0.11148520380441174	1.7195004211177878	0.23396692356711604	0.8084240671567605	-0.6933179176057929	-0.3629020659199214	-1.034714248200724	0.26609009842319364	-1.706168180070801	1.0315382017176524	1.2414366299550486	-0.11678534209375027	0.2132217268368326	0.06647191410929572	-0.36469025608920225	1.2034397197024027	1.1486250285847417	0.19541069841775857	-0.30746274978094945
0.09042268776775284	1.96878373368297	-1.0268946459632864	0.9792225481220932	-1.4848446040543872	-0.05885864819928098	-1.5389266161767718	0.30741214423963886	0.12156679769975212	1.0694105846509714	0.15826250970308825	0.38866286546003825	-0.761560816491008	-0.7157386849061763	-0.598605153124398	0.3666960943399696	-0.9433743395791887	0.32396962806538576	1.2033777994035761	0.9525824740048136	-0.7904698920317778	0.5094619606053086	-0.8797909427854277	0.990363016057205	0.5045631701472253	-0.08964413646338633	0.55787075136687
-0.05485703219679018	1.7278297918438723	-2.0996670355649445	0.7055602549302832	-1.784993433272418	0.07730460655102651	-1.4283239235067862	0.29826752350133556	-0.19304001799478593	0.4721828248048881	-0.49962414819053624	0.642297866815489	-0.8868418199663953	0.38244978906709604	-1.0893612841761189	0.5448575744249398	-0.11668484637502828	0.007376667755502571	0.8554676753404946	1.0677723969711252	-1.6794309961062357	1.5675758322941449	-1.6910525407850925	0.3324103130548046	0.06681559857065786	-0.43976925903202396	0.06688258182097295
0.20184916263648936	0.5854472121735165	-1.8159572946632923	0.7897289673505532	0.08186693333188162	0.586751305477643	-1.3969188746172787	-0.2199822583334158	0.32026652571608727	0.29722130606087754	-1.1786387927157724	0.8180620038230391	-1.570108526128951	0.11078311583704299	-1.9685322302515913	0.22915342303920866	0.3902455682812801	0.008487211573965996	-0.27416804869836486	1.0093937066822194	-2.0659336277798825	1.5904880831505284	-2.1788817375613707	-0.34501943692653614	0.7350262424738302	-1.1976998322972165	0.8113467083752114
-0.7819820661044304	0.18739392851635986	-0.9074777060854649	1.1121399948328567	1.68902188781214	1.5937092119486236	-1.3052741156933183	-0.5379376201926293	0.350837553059799	-0.9686166239792162	-2.1055508035138066	0.4781346322897774	-0.9752063223845282	7.837228549542145	-2.2960204212434823	-0.30512720826119033	-1.1235706694391732	-0.06144882523593639	-0.7105809629087314	0.5132399135665147	-1.2418201248449632	0.716433066003214	-1.4928856623447884	-0.8877951016008999	-0.6084260767269256	-1.0797399296036467	1.095935901928626
-0.4291329249952834	0.8969713547089295	1.322341306020433	0.9405743287158584	0.6922295180467838	0.4114993444866734	-0.40399970130505514	-1.5246611696248595	0.7621078296314281	-2.086632221224237	-1.0051318976755315	2.3599552710368803	-0.0946128907288438	-2.1250443482936587	-0.9270030840895134	-1.6170503906263118	-1.008146666761808	-1.1808948286459353	-1.7444364203086657	-0.5048145585312761	1.364662484224423	2.6273410023075003	-2.186760457059287	-2.391925112168854	-0.049262096366226166	-0.7528053299431663	2.3944462915524927
-0.7111884656263177	1.5494180696442719	2.482503010531836	1.3204220551433972	0.08511693310779934	0.0681257728832683	1.0186407804203765	-0.6011803252803684	1.123979723045039	-2.1664152725108012	-0.48356649867215246	0.8456094264986281	-1.1812763962867252	-0.15412600465596943	-1.0671140679676216	0.00018994700375017215	-0.5992474603419035	-0.8115882001590558	1.186301080931526	-0.1535485813059585	1.3114510650515838	0.5452670854081192	-1.428411626953247	0.7109995429628118	-0.9279476716830543	0.21807521671690533	0.09934699925499059
-0.7461973178324326	1.2618153399451255	-0.21820721795847417	1.1439806501338332	-0.5624555242882534	-0.7595974454547887	1.254332120551759	-0.14316879486181053	1.0993892178950582	-1.4908665057661719	-1.2253697371794146	0.6845845923397131	-1.0151057543555246	-0.575633930877277	-0.9977935435930744	0.02206216080797853	-0.5669772171942504	0.2491616533523598	1.4621478587158032	1.9353870602295633	0.3054547921206366	0.7768824929631188	-0.635699569939963	1.3090523013512756	1.0419955618331702	-1.0708515783791213	-1.2444160079309632
1.5497841501264262	-0.7218655458437271	-0.9466892301528655	0.7485234960631147	-0.7559301428387271	-0.6082239302085173	0.9193686290402394	0.3900347382672669	1.5058402024459236	-0.17265450386611628	-0.8872612660595786	0.3527614974398379	-0.4947886593375952	0.16676473372815429	-1.0278753189071348	-0.2374731464447088	-0.8798804657121976	1.1069884198497102	1.1923289972023057	0.8347851136965989	-0.8743862889751866	0.43348532395000355	-0.39696802320426633	-1.0872634347288173	1.0208315352808501	-1.3439963101118657	0.04070330243369946
2.56381179183725	0.707265386452479	-0.9606724351603317	0.7368666834420984	1.872412354375234	-0.7084616168648293	0.29147570938319833	-0.194828835888071	1.1466644137719049	-0.4315227597073947	-0.11119175479997076	-0.24892499648298524	-0.5528425881731815	-0.6655322848638646	-0.5411838893419109	0.12582479820402157	-1.1856453911962825	1.552332612453641	0.6209162840078485	-0.6909744431285267	-0.11292481843897989	-0.07358231586025973	0.9491241386388155	-1.0443948969149415	0.5427164399764798	1.0626642935832464	0.07913522154436503
0.11940479240509513	1.8914725216395232	-1.3550227961640535	0.9862446854054411	1.3309161864753578	-1.668024992914169	-0.23407553687427676	-0.42851246982310315	0.08473072057704424	-1.5421683305346245	0.5411319229967838	0.18532559999665343	-1.076167413731638	0.5382212190361725	-0.32637176104778653	0.8555209301038293	0.39510076378224135	1.630517376124574	0.000764536114349511	-1.3901755095586898	1.64784706175244	0.5243164763980205	1.2528188419370891	-0.7405453583223035	-0.6943500880424681	0.8196657081424167	-0.8312652245649897
-1.7396193771218809	1.2573713891617497	-0.5863231552606558	0.8476699976705245	-0.04179787473663987	-1.1789698923694094	-1.048468447647738	0.41326090604367216	1.126927932851395	-0.34341219296919206	-0.49815036815835795	0.5304792156558341	-0.024910357126878956	-0.44033598120396367	-1.117773298875354	0.7865810690624043	1.5921011116647488	0.742292944463896	0.4103698969317159	-1.104985752650719	0.16103429805962857	0.791229768175306	1.4265812041186243	0.2474024967793198	0.47810332986844556	-1.8571257315036849	-0.6824985935037033
-1.090531178800933	-0.7008558274227609	-0.0019344802908435495	0.697121484565261	1.0347976956244749	0.03843903740262276	-1.4514812559400778	1.9923807807095848	1.1834077946988428	0.6877009563535244	-0.13878396807803756	0.3784482917685344	1.8107420057421684	-1.0025275156092894	0.10908604046728185	0.864347251623882	0.6435148300358338	-0.09189994032576408	-0.5419172634235455	0.556443403818358	0.7278537275749251	-0.018328767767873663	0.4711456501105408	0.32034114205905573	0.753983552033281	0.18282436603143107	0.07962093278039585
-1.0497033136272642	-1.2871871669869435	-0.7253554464421513	0.45150762905774033	0.315695006333708	-0.4717653093753203	-1.5938075090528705	0.4911922629639351	1.0931944055188672	0.09854570519433176	0.10654563553701432	0.1797794695493206	2.167071674902658	-0.3605278856417452	-0.41555925622190043	1.1831336881937244	0.2045140226160841	0.17637252213129836	0.41351803058977726	0.6609615629368564	1.3453205070052758	-0.23911059572973228	-1.6502157481031952	0.7994757538727842	0.3152920182996248	0.7126313634496035	-0.7799312283458063
-1.854852126123971	-1.033111341810024	-0.6380883682024284	0.23245673861210442	0.5475059672026669	-0.3743824517704557	-1.5499061482475474	-0.699817005720811	1.0685895588911245	-0.27956407980891584	0.8659245749233218	0.3905934681920265	2.1816800837955026	0.07527294846027156	-0.30733253010231965	1.2934627037952937	-0.27539257561586916	-0.0051949701970476604	0.23703928390825865	0.31543119545758636	0.6080823184065645	-1.3111141131177513	-1.5715513603710212	0.3563171003826669	0.1894151146909828	-0.8459193907313967	-1.3874350913198177
-0.7871843544569106	0.0343778228275779	0.4317399240604127	0.45141629491541274	1.1918078448993648	-0.19264855338013456	-0.8573216410240919	-0.05289635633935709	1.4569960308059784	0.48149447924769856	0.9504992853739815	0.38339966700489747	2.8474936487689435	-0.25632328608859256	0.13633174813761664	1.172778828439821	0.2819014441452734	-1.0981598430355572	-0.1949895934858894	-0.3523907843969109	0.4051754550775697	-1.6800184426929288	-0.34247379889877577	-0.8173614940922183	-0.4989012386159326	-1.3436409943609737	-0.6989847090408625
0.17545283160209027	0.3144764788207565	0.13051662785359602	0.6390866655012504	1.3501354200271176	0.1773386185343161	0.02926218236991972	0.6352940389503289	1.2281849842207104	0.8435370315821136	0.19609476366458584	0.17594620257005508	2.938207355775086	-0.09954919046236893	0.13319174836464126	0.7316154735779713	0.7647541730527053	-1.443968816864521	0.18451952331728194	-0.5400783395664414	1.8933921076391163	-0.3477899489249348	-0.5524876028965535	-0.489426647756923	-1.7505997950668295	0.9692382194606503	-0.4516613187484389
0.8104260410422851	-0.04568980588457777	-1.0989726969630131	0.5890616519075648	-1.2878380900078155	0.7517223997120674	0.5988553090907303	-0.19770452297756766	0.8442652682150064	0.23035256229697568	-0.3743755964529543	0.5583138285949028	1.7163004799388017	-0.009112880069038135	-0.35029841153939695	0.5350109405214131	1.017466075588059	-1.2617751037248448	0.8022716951384131	-0.8775773613789892	1.9382879288700363	-0.5081384642608293	-1.4543102353463917	0.10149656702230099	-0.8843006609229295	1.1758663234684215	-0.7429928198125176
0.35825630086495325	-0.36430051406279046	-0.9320600075279486	0.4216420437641775	-0.6586138098343025	0.6031124642425948	1.008537939633664	0.48286681131003645	0.8566020641526575	0.2797566901914298	-0.5296362488323395	0.5131169542532915	1.4225161488001257	-0.4668540042289502	-1.1698824741943974	0.3530327026455474	0.178783549970205	-0.8321830641963822	1.5083418520050065	-0.14114726394553745	-1.1596233688090842	-0.41307427497325455	-0.9471585205319066	1.8077610990551742	-0.07514166586327838	0.7521393227493988	-0.7429982303396324
0.4639557536918057	-1.254188315225425	-0.5979188705297304	0.736980802098892	0.8259761607241113	-0.12478049949403028	1.1892950996425984	0.3127014708311827	1.204959877917717	0.30919931560290287	-0.654562002651729	0.2755627907739276	1.696899095117568	-0.09410085233781153	-1.0155853150831808	0.5465253683082764	-0.2964869807502031	0.003118876704487227	1.223233622753653	1.2930595249146688	-0.5471517742650123	-0.6720159402804698	-0.9500390346641587	1.6550752533003645	0.2686611248676908	0.05796595144055735	-1.1239269503833589
0.9165578348115196	-0.9033212425964386	-0.7419730955227161	0.45473178237062817	0.9260372744178472	-0.33498388650746247	1.0093446686188152	-1.149218461928899	0.7764624149923863	-0.05939291850886432	0.050834161680044836	0.06758023894082496	1.7368724676894507	0.05859758988932353	-0.7915847638816224	0.5962290281792276	-1.010870790209433	0.9540984805253121	1.2784095204131931	1.1188763229015064	0.4911954516581803	-0.38115366764014497	-0.7149651293078267	-0.8900774026593257	0.07767029317806205	0.08235977102153032	0.1407192741211544
1.513489651858886	0.2712066903984721	-0.6531728895855985	1.3544615502003958	-1.3755557376501275	0.03030984814834641	0.0688219870958362	0.5227383389894683	0.460180508880803	-0.46136366852357574	-0.023061148449963067	0.1612825847498863	0.4910734866587324	0.25593833097010704	-1.1113409042752247	0.6317100440448213	-0.8378319393764132	1.3715705733405654	-0.27003124580614934	-1.325553705954376	0.862169127169174	-1.520748980704092	-0.29119220148339625	-1.7563284945804212	-0.1860133290258816	0.08855147864174324	1.2950310173453672
2.1414929164800287	0.8238643485427685	-0.5363368687731934	1.2570649873396986	-0.12103530977928448	-0.11805486182043819	-1.0801840416983974	1.1998013642458796	0.3744153832455111	-0.2037987166537836	0.014785641657942206	0.33625844293424834	0.7999183196791038	-0.620714294857378	-0.7478112309732451	0.01878329291062009	-0.07291986127448419	0.8290938784662746	0.31390953704531893	-0.15851482576026238	-0.9489895664077628	-1.1016094049337497	-0.4618777582646456	0.4239726883683976	-1.3518735847294656	0.36128115458685517	0.4545135853302125
1.7073971845248004	1.0069984319600125	-0.6796170526785715	1.3236238909442113	1.3606519486323798	1.3810509767890786	-0.5360454571242554	0.6784739497363104	0.6225081844347439	-0.32538988257912654	-0.5723725376654137	0.6990541315039025	-0.6673708625064112	-0.6410744872370837	0.6427478859177299	0.1563675910807005	0.5505169839869322	-1.0690058070012085	0.4054085699775332	0.051191355928575426	-0.19962974870559647	-0.8834444773860671	0.37273324840506267	-0.9996394570048707	-1.161503681903468	1.0817686425050688	-0.08305117990095076
-0.09147830904713322	0.4843765873890419	-0.1802470080503094	1.2501003990383583	-1.093114514057711	1.6165309814464432	1.0386949455863932	1.2753896891381216	1.3819720711221952	0.11648094466593867	-0.04969138816263758	0.7096465009636502	0.6233857551379391	-0.3639218323218077	0.22096329206209567	0.02838993477596634	0.39021353755308147	-1.1071318550043645	0.2129121743929733	-1.4827734048431314	0.16823712968370153	0.10533115438735745	1.7183845466062826	1.3202291382854445	-0.6552083813154111	0.8887104598506834	-1.242998963690986
-0.06648000384903055	-0.16951140720715335	0.22195484275752758	-0.14087326340518166	-0.9442265896654665	-0.7104900572346458	1.0778558739756572	-0.3681118105721811	0.7405996564381966	0.3020972299123162	-1.2834891563391604	1.1212850787773718	1.2107272568751632	-1.447030527914449	0.6139386242387559	0.16796687583383388	0.42877739584489943	0.14290651048314967	0.7996806604170112	0.9102775070958586	-1.1931394006946434	-0.3757576121934324	1.1018004215305783	1.116306373445821	-0.8311598306755855	1.0795379123416224	-1.1528262827479643
-0.5245360000114125	-0.3250139109553168	1.2014062514976516	1.0370155679523225	-1.010050235789351	-0.6563327498834063	0.4585228724426459	0.3428828629309785	0.7261735896491979	1.1833020279774489	-1.3171795636439059	0.7837433494096098	0.6586351460611373	-0.179633001082239	0.7151553831931285	0.14837593648456693	0.6161214200247911	1.204726879370786	-0.5832531785797229	-1.2189366469191814	-1.5468028505828233	-0.5932402779544044	1.9712926836327378	-0.8069801730539632	0.3010977663885759	0.25793250742091034	-0.6495268398341885
-0.5197810870260666	-1.3686361801731899	1.474849010238934	2.1062703400787157	0.4307350393629712	0.10554456745742005	-0.7834512968892602	0.035503937190392465	0.08154350446472164	1.6503545055521471	-0.5844259397003903	0.6841616624195243	-0.046589868817740646	0.00268548324940713	1.0864359077338852	0.3787126805222597	0.1399701759011517	1.2972133410742304	-0.6588110229876165	-0.9925950337277244	-0.35381555515489455	-0.4060629905690489	1.8800160864753508	0.3661763738913388	0.004253197198732005	0.9193314468243224	0.00014729150748603968
0.8506076096543925	-1.5143869003672203	0.0033247038681553003	2.3552698832229475	-0.33229978834247287	-0.04584671568676539	-1.5376974323263903	-0.8113572710488488	-0.18768172556963256	1.2018859617098214	-0.07795885090364171	0.6482806210951312	-0.31606528849449345	0.0214475569064428	1.6257045744702079	0.6565891503117324	-0.9648751331035041	0.63357812733711	-0.1414311042157079	0.4772172341496918	0.8095884828956408	-0.5562691568549819	0.7967450917224935	0.8942779498901984	-0.1795495930456045	0.4655292207167521	-0.5225638267175693
1.2416980402856514	-0.1742810475751193	-0.5009532637799141	1.1348708205345914	-2.0459217062239907	-0.44327037029799077	-1.1955523261680723	-1.2219232248511147	0.3728961669048042	0.9795060519449242	0.5190049874533648	0.747251171698628	0.05404806125516462	0.24703365288784662	0.5778287829332663	0.989983074756207	-0.9712213198242503	-0.6331920207431286	-0.5552199876341721	0.26817421945449793	-0.23159875220593834	-1.0058919278063316	0.029651691949712195	-0.5739667470919624	0.23364426936742114	0.39174975446574417	0.7249297988890742
1.0569833045736952	1.2212590067603994	0.006261153884977192	0.92682738011168	1.0437866340297535	-0.09716419941838367	0.39357193861540263	-1.5015289938025234	0.744721788108129	1.047680069956017	-0.023959286707899482	0.93521929632574	0.23025586924437672	-0.28410210617407267	1.0450570720034391	0.6829546901866158	-0.4878205852817647	-1.125859883853953	-0.7867808409378371	-1.5441534342478158	-0.8613986583029767	-1.3478465586935766	1.1566995946760958	0.1587994011609073	-0.928739232238006	0.7933986384596207	0.8535138373348409
-0.1751781372690375	1.457285118346081	-0.3682138635938715	1.8731087858999993	-1.1575789431720969	-0.5260426709274612	0.9288837280105876	-0.820886250753697	0.18364849875944872	0.36704090983167426	-1.031794927933586	0.6154550531199302	-0.1661211283241167	0.28866772195939777	0.8518360005067619	0.6909768191687655	-0.2976428638490416	-0.700708262820334	-0.41020961864898464	-0.9953173162055216	0.8970431473042992	-0.12968713485199704	1.4898623342239237	0.9387513316882758	-1.3850265327348852	1.9120954796866416	0.37404738946415184
-1.8226989768693607	0.6778921969162386	-0.7739559775462209	0.975043399483488	-0.477253676492819	-1.1332699858995705	1.038433715893965	-2.289076792771455	-0.7053788428305837	-0.15631653140869575	-0.6642486508170188	1.17191785346314	-0.3415496366491881	-0.016848260715988703	-0.6740520569252928	0.7577092707571786	0.22417433314661972	-0.7647486014490766	0.5093426709922225	-0.8672583023135779	-1.0314812478560795	0.37984140778633013	0.32913163475873763	1.209712566577763	-0.7005167019470552	0.4876820098252837	-0.2998821415895686
-1.693618557870153	-0.06763298260815101	-0.6991598510430287	0.9710552983092275	0.8278111587810386	-0.8680092190014466	1.066811503859218	-1.8594604016839675	-0.5222990411314936	-0.24089835372257817	-0.9110026336162206	1.0965846704674318	-0.3649243721821273	-0.5580823929629599	-0.791396979694741	0.5310403577499633	0.2381770288456068	-0.5305243245049146	0.32631822115538034	-0.3276768212848121	-0.7089959191568993	0.14955777239219398	0.04187623171196792	1.833683827578926	0.38798567899274083	-1.7159611895120235	-0.5861889884003267
-0.8587240359576335	-0.5956768217150283	0.2688415197754844	1.3064134279444868	1.0092652996660798	-0.8290977892584616	1.1256200775970344	-0.30269285936588336	0.5601876169353366	0.39055034519545617	-0.7788424596890706	0.8600827024059906	1.2378413201801457	-0.5980485194750431	-0.19951839561319418	0.7286376127507928	0.5806255480531649	0.12319544013869678	-0.9192037496446123	0.7473022646941951	0.40348635280252193	-0.2324292725327158	0.8756377718282847	0.8145000962719616	-0.021582026174199468	-1.525212115452242	1.1715862284285428
-1.4217617850615445	-1.2045201994474248	-0.2582401416299368	1.3735184450970537	-1.3652398635932455	-1.2587254941500343	1.294091804559765	1.4496825413059304	-0.20194168420183548	0.6890688091664512	-0.4054020237577746	0.3806600730001726	1.9347215093696917	-0.7997496371700401	-0.9790739281424282	0.49809021907305673	-0.606783026214239	0.20451426163272	-0.6024286768548985	1.0768843255459684	1.0313055360811598	-0.3834879893612467	0.30426694381190433	0.20534799673094623	-0.21835401423565903	0.9758530960341778	2.924935594966319
-2.010369738368722	-0.8178787590109108	-1.2482067897383957	0.7604890298056997	-0.761940409865253	-1.37469132120379	1.2981345508842768	-0.4401857305503397	-0.00022228890657350107	-0.12110847649318093	-0.14478590055370544	0.7122268718172339	1.2042922767989985	-0.34663039438492005	-0.8707532373858069	0.39650406530671006	-1.4681899872569497	0.0698411486439914	1.0322867103907898	1.1015549999018461	-0.8993977989489735	-0.045053604475605094	-0.2286489725047045	0.9710512817022587	-0.19307568592983204	0.3048182512104921	1.5449071573856814
-1.6140174433332504	-0.03862197257889324	-1.073338087211078	0.6322456924638623	-0.0937298750557247	-0.9568037849686802	1.302283854833812	-2.0529699596714934	0.6331347476416049	-0.19812131891684584	0.18488731626136687	0.8081559819222043	1.2059245538825538	-0.641495174660902	-0.1063479731537533	0.35327331038149457	-1.5740939459947065	0.22378005960599612	0.7437493513192286	1.1774795760206855	-0.9371862607377771	-0.9412870781183224	-0.30343021223481315	0.7878483904052834	-0.22388130620436275	-1.6640205435044029	0.7560752903422702
-0.44359476395674413	1.0208037054504935	-0.03122185964104836	0.83858500273728	1.071166031728028	0.012118223947278347	1.2511746723061854	-1.0830572250236616	0.6804853336063197	-0.36301139925627357	-0.3483945714268855	0.40966222000527447	1.4012521259415476	-0.09834186095694711	1.669356863219695	0.036321472052098805	-1.1762363751767781	0.4904260455253856	0.17334581271063418	1.1987112558073072	-0.4782986703268554	-1.1668226107777628	0.14201338527957455	-0.18823827164652943	-0.9316044067891811	-1.3129150134363836	1.4925475033459716
-1.1040167160739305	0.9738581695889102	-0.2829569079763937	1.18933033561627	0.6021547562372148	0.2140166226610038	1.3630458982293372	0.3938269438019774	-1.4260556280656058	-1.204057455147	-0.2813697808292539	0.2990046798351653	0.09216114390632818	-0.5516731915388207	2.8080212622566676	0.4533477302171383	-0.07790753970218187	0.04474646073953859	0.7021652475786218	0.7729205853198243	0.6276406984971485	0.012609445492111262	0.43339118064431803	0.1720467221917037	-1.7946392052406481	0.19542641577251418	2.110593613353373
-0.877989100750529	-0.6352506364773377	-0.8803129901156423	0.4535075368116425	-1.3389975946474597	0.10137675807306344	1.2207804419146262	0.5238592323113611	-1.2802147482346886	-0.966868922927171	-0.6612400454235215	0.770504530286102	-0.7191128438805192	-0.550978149679807	1.6275342910678205	0.6265652241883621	0.29500124695837854	-0.1661367375654296	0.06571769653770464	0.36882801787370734	0.6240072244196917	-0.0870579196347997	-0.9479373786151621	0.8480934754558891	0.3519539099571411	-1.313807782973815	1.550978844755417
0.9760039804522649	-1.6109298188814158	0.4286906473693399	-0.0065222298243482356	-0.22156477224687215	-0.1601653985384506	1.168162119824159	0.5581495350837885	0.2056427259740101	-0.6839365333194777	0.5362934588990045	0.5177150577378287	-0.3669651714725678	-0.0004962452395973761	0.6101496293454884	0.5620048920949605	-0.909010218452016	-0.355510805513915	0.031087795972604793	-0.13132458708984168	-0.9281625375265493	-0.8799268519152196	-0.8491275485707465	1.628577662297953	0.018343899979890384	-0.8769742134066149	1.1454783132747681
0.7555999867203573	0.26873276173270116	0.3208964507851164	-0.12552504435525783	0.5721306929743669	-0.8054660632710767	1.1797793204379077	0.18454999656977816	-0.8976092381692502	0.33343873331719476	0.6456838927898324	0.4832853861662248	-0.8354500089460295	-0.3673600436097207	0.4321833973985682	0.368105317076345	-0.9801795963375128	-0.6063134213851795	-1.0515417503752702	-0.706293873577742	0.014460656845180478	-1.350090960003389	-0.13297127457320665	1.036634889020701	-0.1451838588790147	0.30504611819410804	1.5331922258560462
0.18554035278952463	1.196631327735388	0.39993730977590164	-0.06318585032973928	-1.424756291637616	-0.8544477754375289	1.0645231995023563	0.5683288875297189	-1.5712784097979082	1.047585364506906	0.07076443546846867	0.47800211520697894	-0.276214758152269	-0.43302423714494387	-1.0006346024371393	0.26593580294495117	-0.21815163897171705	-0.9521424683363293	0.24640234610189876	-1.9460668748048906	0.3883731935839333	-1.1179731315475392	0.0744106320525164	0.6009226278233734	-0.9393560063585538	-0.16698495171168473	0.6111920739307267
0.7624078911857401	0.5834368522229135	0.9948312556903072	-0.45930249022572256	-0.178195373252589	-0.09592138365154261	0.6564890883321993	0.4609093304249895	-0.9854518214872028	0.5571722668352549	-0.8737120398540678	0.039248623708838436	-0.3093904833742532	-0.4225795252879853	-0.8540293579080688	0.20575540821168636	-0.016377483116788664	-1.3850277067128396	1.4620662707381962	-2.0015189374448794	-1.5711084688511112	-0.5600398640819837	-0.05567339112662469	-0.11536222421827948	-0.8058329287143221	-0.3140459750832321	-0.22583817925458835
1.3231272745334703	0.2072013619374349	0.9601477721665418	-0.16427491448797873	1.3790555030696698	1.3829305308548867	-0.18979012668231268	0.7333304118081679	-1.7653884031461098	-1.0074531727065246	-0.838073324524029	0.26831768734178857	-1.1697708912773925	-0.47789738303627716	-0.15438843246284106	0.4359971867628209	0.6924782793351318	-1.3159131958891876	1.1470588896113327	-0.8831575754117791	-0.6326335810520575	-0.401923011808648	0.9436519982992156	-1.2104399426866004	-0.4829009389628783	0.5341558274518448	-0.5432513040644962
0.8799985498643238	-0.4171801739036532	0.31608340497802534	0.2900302495087091	1.0411704454684014	2.0095935839432406	-1.037873163616863	0.8126541779657798	-1.5128095286777807	-1.908422831984324	-0.9225140299023985	0.5083642152164921	-1.150953101688612	-0.40838932016041746	0.3276096571787609	0.650271340595026	0.5697642926463558	-0.7941074724762944	-0.3130012964683279	0.02348175186863622	0.5662706335514164	-0.9864600229604633	1.656774180403785	-0.9585962316011134	0.4469598608618771	-0.22990804676662902	-1.628675210912254
0.8169082679801211	-1.449046570747491	1.6043333298113522	-0.5766386996527004	0.015516991662041504	1.8228448457907978	-1.16353549981425	0.7268212636353145	0.48839135723015226	-1.4107740666975233	-0.1972355105952706	-0.06274038887222662	-0.4550949540937642	1.129903789382145	0.5173059731097758	-1.5418529639793475	0.08484538104584997	-0.7703572211247494	0.01962618384485063	0.02214427751264276	0.795107073106316	-1.1675915342031653	1.3175184331209389	-1.1212937569279018	0.2909059672012587	-0.26421445266312094	-0.4695119257202392
-0.013708041335202321	-0.6987160205652443	1.9005963619229582	-0.4198656080200507	0.23469343553391325	1.4492680170770655	-1.5159957399138002	0.6516977248131303	0.6756782653259886	-1.686876090564625	0.18315888284199147	-0.6094442198838117	-0.35092715580651196	1.2079129213880866	0.8625742944591798	-2.1478874931352183	-0.649182257578992	0.18707970384795944	0.7265597641576546	0.35958988168992007	0.9714601929160188	-0.7787148518713986	1.7671556467189686	0.1529606240318941	-0.27690985790093436	1.6562056996104058	-0.4928162468547187
0.022130215956999887	-0.08297159177731328	1.1810668654453866	-1.794242053841381	-0.2877001435601514	-0.31565797192314093	-0.9717144986902018	-0.7688256513895498	0.5592505936804556	-1.6816254567490936	0.8033183805693888	-0.15036439180797762	0.20278892205396268	3.8485532069661508	0.3012485506388223	-1.938838324257528	-3.312168977068481	1.1723659727555735	0.671435742408488	-0.9384716091511671	1.152571822204447	-0.5928140260915766	0.4333215851370316	0.6249459979515741	-1.6716057040267571	0.6007763477633663	-3.0976574274533033
-0.020502535407939906	1.840237965806647	1.2548867154315306	-0.827724677400397	-1.347980315462672	-0.41302646711864843	-1.3459104702406262	-0.2568851564106488	0.9549299413417266	-0.8949211737939947	-1.0207461203029327	1.0256541162320405	0.4684873880090919	-1.631149057848803	0.013751242191560995	-1.1513173458229813	-0.09134547834333838	0.1771658052184305	-1.2965472804207576	0.5344724119766734	-0.22353187091881876	3.1091086255898484	-0.3382219052801965	-0.039156159802535444	0.36356137307710906	-1.0029932670504798	-0.7525556823509818
-0.37603901701723275	1.3288044364653526	2.748635952866823	-0.851569868275468	1.0322618361801503	0.4630923829259012	-0.8452321778017621	0.7274953318605882	0.21006369467411828	-0.03553749183915619	-1.2703727458752792	-0.09675437433653128	0.08272845367749393	-1.2796288048485311	-0.5442807005125079	-0.4856725352574674	-0.04582264764849057	-1.0021596267378867	0.21876790558346168	0.6426261145348885	-1.182458164984521	1.4544731523151797	0.7711743919240185	-1.345927300531365	0.8144018151145902	-0.021465040421679724	0.22589747839076207
-0.15038655473212564	-0.7138138061149828	0.04750521805720956	-0.15764772012751507	0.7765348890518874	0.673985029171183	-1.405923440165376	1.3607520475957915	-1.5094388918069823	-0.8320086581044887	-0.4731362799207437	0.050304085337418	-0.6838950362440204	-0.01108274507341597	0.312479044341818	-0.07115500340414338	-1.4810085999173843	-0.575986508961727	0.3919388460335257	1.559060732749443	0.47944932733884454	0.7648444391065607	1.4467826210251016	-0.45920177195282424	0.4991654512881056	0.6533422792148095	-0.4629910351882013
0.14262466509374347	0.3473345104207788	-0.7781231194300999	-0.6838483502743653	-1.4441104955251025	0.005069656170328846	-1.5345535732641424	0.9285715120899478	-0.39909868519873254	-1.5696507893444611	0.9815798388798841	-0.2740851598748917	0.13901132815506384	0.7156352667451722	0.003348651632304262	0.11669281509602096	-1.6703830898263645	-0.3856209423996671	-1.0269404892198286	0.973044723825181	0.5627997428972757	0.5020746284648163	-0.42795976939942454	-0.30331375962216317	1.1846117369869567	-0.510664322360901	-0.6180424267715815
0.470668430892731	1.5720793333789016	-0.09673381509746277	-1.276212898098723	-0.4358607250411659	0.18408928596626142	-1.4862223129044674	0.25008139887137537	-0.48380917182693817	-1.3510211599727286	-0.034364512352743605	-0.26064495056791315	-0.2234673619580878	-0.3611558654866478	-0.5100265703689979	-0.2779286534369351	-0.8203456159771144	-0.24664988404843222	-0.16512015138899303	0.5917486919633543	-1.6422702163262466	0.40094485641949107	0.4736292244470348	-0.44573349938626017	0.07841347432802279	-0.5974492827830011	0.338689383373687
0.10337649303639995	1.4995401957309793	-0.8561712377775416	-1.6144098117399663	1.1384353173558401	0.46853066451836567	-1.4511379822442079	0.2743455167485896	-1.052767405274648	-0.7402500572091127	-0.20290524647360864	0.05378560835118095	-0.8786136351620129	-0.5057882774910394	1.1403013119944765	-0.19437879423096496	0.7140556776053604	0.010399885698883124	0.8550877193396349	0.9230504196316395	-0.7704021165943449	1.4497575163675251	1.7717850915220876	0.11896010028779805	-0.2414720506842062	0.062428738475863804	-1.1169868516688295
0.3183991545901338	0.2591626861280087	-0.39105732590304904	-1.2115295818904834	-0.47293208575719803	-0.09742407245024774	-1.3610872078889578	0.5921703542165979	0.3759749172090089	-0.5164068394545597	-0.5878522818728223	-0.3786381803953407	0.15407587978974005	-0.1402629123791256	1.5996082874975273	-0.0984468397777592	0.19153435929253906	-0.49016299796651563	-1.3821628789640614	0.5009425668989732	0.4992977664305989	1.3564250695147282	0.7108617167827092	-0.5230249629267961	1.6139834802535111	-0.4741280898381399	-0.5675715974288791
-0.2323602613580709	-0.5532117237523902	0.48533240697206254	-1.8753052609293583	1.106905363411991	0.7434011625709631	-1.388854415272622	1.013038276556724	-0.006833272395934619	-0.47320555824026095	-0.1662211449668127	-0.43168897664556416	-0.23023242301616467	-0.0004865458252991962	0.4413812177761002	0.02715926179183604	-0.7911467102764107	0.3064181032049331	-0.5196635016228431	-0.08975237379743052	-0.1378898964360589	0.5991552577835669	-0.2630384412372304	0.6001389448833273	1.205221023653616	1.287370398275352	0.2296524893460266
-2.4296635503756305	-0.17905345127705483	-0.7481951327240817	-1.8062603719967691	1.1496684074735026	1.3666869091645337	-0.052086151141550345	1.0550977825362313	-1.4329201649487293	-0.6841878300067921	0.4938271780817483	0.03262621618113951	-1.4332122987208558	-0.5027109883740929	-0.0925944956163534	-0.09067557414940218	-1.3832090583178696	1.3931237705704562	-0.3166230163063407	-0.9425947464706179	0.49592947205685983	0.251324492727802	-0.07016236106476084	-0.6176119322678941	0.49917300270436543	0.4392468083463642	-0.8003059875133145
-1.7338695301811287	0.6737227776240031	-0.6437108101390894	-1.5907567549001367	1.0237726915894965	1.4020239939855403	1.0552077014768355	0.5080029816814912	-1.5057995398596162	-0.05963337302088408	0.9993451709852315	0.3665239008353045	-0.7788416763942296	-0.7908044753235213	-0.16609149436478668	-0.5991454347548089	-0.7474820261709884	0.7646141799124336	-0.1765260963794717	0.8005323078823404	0.31735766188407527	-0.8263194976121858	-0.3824816490265625	-0.4510529816840811	-0.5278088483130347	-1.9950495528654446	-0.3637571073734771
-0.4864506699930931	0.5828494610724323	-0.21295568768217155	-0.8493790521605182	0.9959488554647944	2.3955555305944016	1.1120119023751887	1.7938134413797004	-1.3524256329223776	0.4289624829067392	1.0163606830322574	-0.25540183788019705	0.4639381912073576	-0.1282745642775476	0.23207465971262886	-0.8834531908470639	-1.1507729580997565	-0.21679310855765388	0.07718916597211781	0.6800138864752013	0.9004414094107033	-0.9669007739979144	0.0024368963128443997	0.9700164905113025	-0.6185582110736847	-1.541312373726179	-0.03221774436650974
0.28517338242443613	0.7406956886853137	-0.2778096571576557	-1.597584560138114	-0.4613223525063429	2.7064943590053305	0.6428993161976041	0.855488988874923	-1.2840079768787833	0.4922415160668525	0.38887415475223924	-0.4276224563305945	0.8695044277556971	0.47062447906408333	-0.6532594924050694	-1.0735129962500642	0.385802259637782	-1.1775858381596924	2.1006367409728606	-0.6497445703350754	0.6258467660082639	-0.47640208511215504	-0.4942449301860384	-0.12600743235139397	-0.9804191182577796	0.22566229019552003	0.1824916641816779
0.2867142259828889	0.20289187476869922	-0.6110537653237635	-1.884999249061859	-0.303537493037514	-0.1593327504909083	-0.0719465234346723	-1.0310214828739712	-0.6005984708602516	-0.17871123353734059	0.2560359170073848	-0.2870841438862945	-0.014886978265452532	0.3117314647263747	-0.7119522681430319	-0.7126613476205796	1.678771749660551	-1.3118259908611403	1.6855825643197833	-0.5942365773190319	0.5520118783792837	0.03808658400583121	-0.6048578133210507	-1.2161680168466966	-0.04833258502069046	0.6439406224958049	0.20467889792066482
0.6430814667181118	-0.5394274861407943	-0.5475238978061409	-2.0320638888646996	-1.7608407303671911	-1.457502656606318	-0.7537539513611247	-0.8453209437604553	-0.44605952699487134	0.2527276015494556	0.05165864901807139	-0.20317807269236773	0.6353411484733935	0.48229525753640023	-1.4870702282950896	-0.5193751444802719	0.5943845951883463	-1.142970347807364	-0.08948037788109081	-0.11981735603612602	-0.5564246150557293	-0.6040216245655531	0.24709351634326732	-0.9076265320388913	1.1461950512385044	0.0928133477430911	-0.3390163997509321
1.0080699654823269	-1.3256551809526842	-0.4658717693902378	-2.0557427461321063	0.49669726723336916	-0.4018732438470147	-1.5194995634278143	-1.409441343222303	-0.4095517139110776	-0.10825578982425682	0.5814748110469421	-0.15662069703420572	0.369867927225656	-0.07541758232450475	-0.7752532165547862	-0.3851615595123502	-0.4038241118810677	0.03209954954196721	-0.05119904208131943	-0.03180974537681864	-1.3940570597188346	-1.048557668795885	-0.22197567879953883	0.5856053181998933	0.34745412984040314	0.7886131525513075	-0.46093379941605855
0.05390466860018236	-0.18969090885727624	-0.09817407980486843	-1.6214426568597893	-0.5921523422182873	-0.5110338607632195	-1.3246846335846119	-0.5510670170118848	0.3399760797973312	-0.4927071688702985	0.6879752461334958	-0.40625694101889837	0.40218627770649507	-0.29714931116236426	0.6113386947936488	-0.7336167787343042	-0.7506536331519268	0.998185045678125	-0.32877871539986464	-0.8942221867232738	0.35746618838310656	-1.0074629262257433	-0.9992485853988784	0.8750999293748816	-0.08451097294515839	-0.2172549858775466	-1.1676435901093383
0.8105819981653891	0.49417530441331087	-0.1242374361643963	-2.0326998064362054	-0.32395702151640304	-1.2179229709053392	-0.9271716950838085	-0.7661318235974163	1.1373355769616464	-0.08952088609661756	0.3099563327979022	-0.4769770994062678	0.365890901361884	-0.4825212282909396	-0.06642188602419283	-0.9357411169894468	-0.06484033548932971	1.2626245833236522	0.2251595404047491	-1.074824316023118	-0.474242661594159	-0.611239167642417	-1.567079108274396	0.0477421683176746	-1.0169112162736305	-0.7288417561281462	-0.11876672989195834
0.4617110966509204	-0.06493767883760583	-0.5177214682137303	-2.07954175742944	-0.12923198392163784	-1.0345414605503376	-0.4794142573635913	0.04028547107870043	0.503506518575618	-0.42111815244933537	-0.8653142996919374	0.024211051713638375	-0.012582903551935297	-1.015346772698902	0.6948283887572572	-0.5249727395189461	1.1312761663506854	1.3283983866049094	-1.4859116676432345	-1.783556474670915	-0.37453463823225425	0.032375561259083474	-0.5610072063053927	-0.9630794481016278	-0.5271725051841122	0.1823126974941662	0.5956782758565584
-0.32679039683302114	-1.3429152249453669	-0.23177572870173674	-1.7090062705874562	-0.8287535912280082	-1.0305911784063977	-0.2740589425849619	0.6123732130835234	-0.09591472447077275	-0.38354220754324686	-0.7455460101439408	-0.05480061726264995	0.29845352320657575	-0.29694494365268526	0.23548782351849118	-0.20665045294964085	-0.28754977734093623	1.4369015027746386	-2.245776444181854	-2.097081219619427	-0.9652545692584171	-0.531121374662646	-0.2543062288543931	-1.0714043455807705	0.13793407411917039	0.3851312346598495	0.0639917643724427
-0.8219873996669866	-1.1615000866911271	-0.03634327383514075	-1.3692199561046445	0.5488804898380933	-0.9969322596829595	0.3948462197953732	1.0659892007171685	-0.5795633939455287	0.4557467908360081	0.08145476875143028	-0.2902017244632533	0.38846469715190896	-0.40191016131272117	0.7850841226941461	-0.7720995269408222	-1.0676410334448339	1.4314190366111834	-2.032776994148269	-0.4635477130041338	-0.3788511167968967	-0.7067463385975353	-0.3759746865123753	-1.8345930270192605	-0.02533120809247952	0.16294104946357166	0.043830358196506644
-0.43918874050604506	-0.39813195095425913	-0.2458395133807125	-0.9465968947172742	0.5024878733672313	-0.5585948270968842	0.9366894823534945	0.45202912508663384	-1.2820362672148076	0.6837589848346904	0.7215420182387907	-0.08606913780799566	0.5828218685040996	-0.6824786945295729	1.5432252303254597	-1.393086092789809	-0.6133005176659972	1.0731501092022828	-0.9970241588496117	1.5236004415930513	0.3749947924483011	-0.9229108231686981	-0.12966486123870913	-1.8180943637645919	-0.8660123513468717	-0.4910443900928886	-0.2596578081037941
0.6855417957412072	0.09952660812334901	-0.3771478629896498	-0.5737537329675837	-0.6133749872403333	0.38238334092270854	1.0630307489529005	0.9567343888042467	-1.0225700310288177	1.4378992039595595	-0.058534963557196715	-0.4080271547470356	1.14483590443475	-0.24424985877738586	1.515498955234892	-1.5037461240606922	-0.13629661285265154	1.0199337844183862	0.12080970417461288	1.520928777259685	0.6580206720741896	-0.34984798258273225	-0.18213285990214073	-2.00404628500887	-1.4916023568499701	-1.0474194674284452	0.18987212800874562
0.7447521624895167	0.7021429187129286	0.07674864646956105	-0.9624910434343285	0.8847527858961576	1.1339139288256312	1.1752446414131856	-0.1857256754744948	-0.7084098251259463	0.6900646953047397	-0.06461171027434193	-0.685296303159034	1.2261665074889991	0.23735643861151232	0.6139571796524087	-1.0563390945437268	0.36092621248502954	0.8157016710595469	0.8059258253952827	1.5586291592718056	0.2207733929698134	-0.041464534874554405	-0.24619207970084964	-1.4407074400014825	-1.5144479428694413	1.077001593302631	1.5144803679429277
-1.01368086016729	0.3977330443975944	-0.8699591416425506	-0.21772500386853272	1.535907923682202	0.34166431051102814	1.2737162786833676	-1.0153656494207943	-1.190480099649179	-0.9013867905714533	-0.2401514609676531	-0.5616477129689552	-1.509988669713927	-0.18478832645605892	-0.7719961903858237	-0.8192932098108341	0.7295488763142188	0.2995397390117713	0.2238377072946615	1.022060792360541	1.6453943337454453	0.17958813216005945	-0.43401220204867624	-0.4862731447926308	-0.7082800204537076	1.6447160851441054	1.838892383366239
-1.1262863521299358	0.0022827455174821982	-1.1878375668435446	-1.0764362581171851	1.3324374364167293	-0.19603704468575203	1.2378410875135653	-1.1875742885300709	-1.046374726259079	-0.8904748649581311	-0.350461358331731	-0.09737239444429796	-2.4137193587528625	-0.7697239024755443	-1.6963030084653448	-0.7377655068625144	0.7137520818687075	-0.30059199079094434	0.32557618092117696	-0.15212753528759265	1.77379054062725	-0.36934348445008236	-0.36763135442827394	0.8925852507907429	0.7261110140002606	-0.9392002551201426	0.08158081227685775
0.22429020509424924	-0.7800387059791676	0.13055804327254103	-1.234467960264734	2.085104147217063	0.483065770746671	1.1412680452542532	-0.6498783216819575	-0.049275155166556374	-0.634292453842282	0.2502506030493779	-0.24480728091074305	-1.1974295771370744	-0.39753644308698927	-0.6709300919851481	-0.9378399562487021	0.1451467307420743	-0.5107018508349133	0.4499904183008241	-0.27035936245444897	1.6438389321475957	-0.6916974016982228	0.21669242979846756	1.243566847448577	0.3653446902545145	-1.3344595152489218	0.15332518834910838
0.3903271173147358	-0.7070920057937126	0.4346817224352537	-1.25396822281522	0.4330438761699067	0.584595195041717	1.1418763089833228	0.3131832083905029	0.09098226615763605	-1.0384644895658597	0.921831847584784	-0.49027867064589836	-0.970011847743276	-0.20744315002305186	-0.5822877999126398	-0.7032629412611797	-0.8041980113708977	-0.544462786079425	-0.6556195480325605	-0.5366695888293461	2.702850448691536	-1.0948141373896862	-0.10089068129843287	0.8923991766080004	-0.26149739419764273	0.7144380907770499	1.1741353183280587
0.20041882298508598	0.6372491378651503	0.25843222647020564	-1.5583181239308541	-2.451760448494913	-0.25362368643134864	1.205237372542386	0.4334778232058642	1.249625267264647	-0.25154165482616586	0.44936603074647447	-0.29154949456422424	-1.750775420638877	-0.6136567342980443	-1.2164330471879552	-1.2030136154952595	-0.21591115346111345	-0.11654401522624797	-0.29642196366211365	0.27153446902934714	1.125000043404944	-0.6583795594295428	0.04096713570409703	1.3595788767880803	-0.9377626515647547	0.08438488371872184	-0.21438714561744224
1.1613732240566865	0.5012121865509942	-0.21687706380973096	-1.8886590207741765	-1.5060448461498392	-0.6565682057013248	1.3233049956357523	-0.10280918821880275	2.0614318893787877	1.2814753544310307	-0.5926651795593897	-0.12640931617398668	-0.1370556929274903	-1.7145306186156166	-0.6832356612932916	-1.690190657011008	0.4713836186773161	0.4921926913130049	-0.07315662914201605	1.4464020485380293	-1.659543621661332	0.061983914982796366	0.8311677903760223	0.35834795396560265	-0.6472942994235883	0.2875010007686836	-0.8374193779829564
1.6941460532043089	-0.7742974138165033	-0.39808555864781126	-1.4026018888214873	-1.769904927801728	0.3755771670962669	0.979345111846667	-0.07284857928164766	2.2151034168951034	1.2123327521240854	-1.4245761454875934	-0.08699776484481174	-0.18420222898564462	-1.6182945553953465	-0.471758711278601	-1.8340062209239931	-0.3253016647140947	1.037927959699192	-0.5340620658120568	1.0191075799294413	-1.7456402668227902	-0.46308158294608315	0.9009788798170613	-1.2008097365198922	-0.44182931460776437	1.4485182866880009	-0.41080734872378005
