ICA_00	ICA_01	ICA_02	ICA_03	ICA_04	ICA_05	ICA_06	ICA_07	ICA_08	ICA_09	ICA_10	ICA_11	ICA_12	ICA_13	ICA_14	ICA_15	ICA_16	ICA_17	ICA_18	ICA_19	ICA_20	ICA_21	ICA_22	ICA_23	ICA_24	ICA_25	ICA_26	ICA_27	ICA_28	ICA_29	ICA_30	ICA_31	ICA_32
2.202235568064699	0.5994647959410957	0.14249188648480554	-1.8783985612439615	0.11726717758358993	-1.6059188084090643	-0.8349636475500222	0.46241666089607947	0.372130045654942	-1.0438580422903943	-1.0993729910046406	0.6490721199608476	0.11390189280452198	1.1717658949385472	-0.4900083400696357	1.1520638711548312	-0.23952369159993703	0.14019732454862993	-1.6158634632791378	1.2012899713912475	1.467378496840462	-1.1378932158899482	-1.358562860903535	1.3205056686807577	0.12340369762883495	1.1427911047332138	-0.6865051662657232	1.3345718449648207	0.0020710530788429975	0.9416363588675107	1.1495552889712424	-1.1037323666008618	-1.229539931150252
2.14124055437088	0.5303430683139493	0.15369268201123493	-1.9031730985670026	-0.19457788413316918	-1.6356005111808916	-0.32066348894780655	0.5603683398684367	0.5135293570871095	-0.9932169520547732	-0.8367648458539432	0.5324847174290759	-0.04550926261066466	1.147868743182019	0.3006263615572718	1.271811254142726	-0.04352188739391084	0.27307529508409095	-0.6060690967237079	0.460773628996604	0.4814745731717329	0.49825314541640126	-1.636626776948025	1.2272457033825406	-0.5040013067882795	0.9676938060439821	-0.2624869991431949	0.9149797309904567	0.061270742990654214	0.8530553406800939	1.5321229074929033	-0.7624467950439535	-0.15791659154335913
2.129825551901224	0.5588456002081564	0.15461736222086303	-1.9972200548063168	0.21357899270097885	-1.6017908375635772	-0.2638967020407958	0.7627991160948523	0.058044047033300315	-1.0553687641322829	-0.5412086850985541	0.33510972231462716	-0.09432530035114593	1.2759339968648113	0.6783332647618464	1.2233760574010786	-0.10435105761576755	0.378386072970994	-0.8385571472718573	0.49800795001614695	-0.6116225573673847	0.47452227778709705	-0.4301449874502124	0.8716197120778113	-0.3391384251941781	0.2505135428563328	-0.08917079756224411	-0.6211753107653707	-0.2681063877234535	0.2376515697701737	1.367487460900106	-0.9259404566929411	-1.699514526979867
2.1444645601736982	0.5807953884487796	-0.03559945170706953	-2.145198252200439	0.30115365651117354	-1.6110830221739578	-0.20317636290922653	0.6396976216254544	-0.02293578489197323	-0.9653395274683244	-0.7398588829473953	0.26077643468100975	0.7314477274264556	1.1658836996172495	0.2962228431192955	0.8338908275669059	-0.012108489182744674	0.40409738420611163	-1.2027867250915503	0.86151755487848	0.4819761473660347	-0.4303703460665601	0.28257736815912887	0.4444678982097732	-0.18310583082009244	-0.1649008184733899	0.01588758480310834	-0.3954551156831874	0.33237055776634594	0.16152682812935634	1.3680952968502411	-0.9612854335471657	-0.7234660542098754
2.0590096770883757	0.561274367564424	-0.27928812528488356	-2.217274194815911	0.595519497214659	-1.584676435980898	-0.15967969808849417	0.8122227049289006	0.6902236720154226	-0.921911461113961	-0.04918828275190322	-0.00446363493475417	0.5448363293756081	1.0321968220846898	0.9265906972650287	0.8755982446584666	-0.42789185226364157	0.32604441105906373	0.25868927586499685	0.7496537955950253	0.1503155927189904	0.5738340177790389	-0.7140865922820867	-1.2748702467160107	-0.41044271940809857	-0.6758687045062512	-0.1890719079105961	0.0857190765234365	1.0576967185412898	0.017632538797825687	1.4484078595981895	-0.3990235749683004	0.6235025146912438
2.0420372120311274	0.6012906031792902	-0.8155148812180475	-2.213957106852243	0.20547293003678702	-1.5551927705536785	-0.6180924261319966	1.0217793864602707	1.299463185810284	-0.9904173659957184	0.9055757769531774	0.08193774730093119	-0.3864714118053122	0.7819854033250719	0.5793407962914805	0.9037062551496126	-1.6863504836410812	-0.04783174051490675	1.6216522149989863	0.06064432849224186	-1.0223573289483228	0.3186657482336141	0.0769578422012219	-1.8865062980727463	-0.4129216598043798	-0.5840827829691188	-0.07025058120421022	0.7532278300073972	0.8368466625208425	-0.08750673565033805	1.2596803855056504	-0.4326267367392084	-0.21914432949086673
2.0697572277109746	0.820381343896432	-0.4240439681514282	-2.650112522943445	-0.1129734802902401	-1.4661930175318882	-0.04674842930412399	0.6694683133799763	1.3967487577925974	-1.2208853469071907	0.4468700793926052	-0.043616247028483185	0.062404482293636716	0.8314051726473809	0.5915201902747539	1.3467531728802682	-1.7665387475307897	-0.38841347798432835	0.8903874675784159	0.5965760137474504	-0.16405937207948879	-1.0889694581240035	0.7250526581000735	-1.7875525041054046	0.1336132067320012	-0.13811559066292725	0.7124661354179493	4.890386035703686	0.05935205329488141	-0.17308834257812067	0.4127696409938085	-0.0124027162971337	0.2898920444836525
1.6860534060225987	0.8815097173975422	0.8184347453189661	-2.5732961551491176	-0.18462987355899912	-1.4557404751244594	-0.427060739890966	1.6495302553010383	0.7494664949934468	-1.4612701823390806	-0.5428524538545708	0.8163637901826453	0.4546165519759153	-0.06764690624834917	-1.0949924942604967	0.6513760006188767	0.10174792960219572	0.2737756140761393	2.4006256192020103	2.1468038403360854	1.2284757776216362	0.10954406774653928	1.0453006911090976	-1.1091734846297325	0.7173644543009837	-0.48333064871576586	1.3138005277218971	-1.293675476547932	-0.24303467473433607	-1.1771540906633338	0.7686666167430611	0.05399893006172562	1.9603167110527158
1.7401584748568613	0.892278662305972	0.9472541887054384	-2.4028859525331008	-0.12273903357555388	-1.4134029256679852	-0.576733560011927	1.3040905805641838	-0.5083591841886889	-1.3917126603172314	0.5464172498127878	0.44914417955029434	-0.396083532449823	-1.1834438968971912	-0.5850248319406296	0.7658483613148103	-1.1708966763520459	0.0539692961267927	1.2382727239483693	0.9074853706234719	0.802413084029944	1.9986780608662338	0.15100439204014737	-1.1670370352353623	0.8381622563522348	-0.1281208765602822	1.6966399691841352	0.5830448587585065	-1.1909163495049255	-0.33348351107766755	0.8991332017841133	0.6015385518739039	1.4164963890907274
1.8623824109298877	0.8466948642763388	0.8383098758525317	-2.4096763240825627	0.7301983950295632	-1.4347391311491637	-0.4115762625174031	1.257605605704305	-1.0555936892369668	-1.3694101360980508	-0.25449550136312477	-0.10031250848010144	-0.9692330583653535	-1.444306288859221	0.06325284259339375	0.8319575878954119	-1.3580975654593694	0.02592126034528578	-0.08916261481986974	-0.2028009510190509	-0.6693937775449466	0.7850761152985435	0.2985470704945988	-1.805837207386722	0.9667386051467951	0.12394677881351344	0.024483023584908694	0.6344778183925008	-0.9124857513411663	-0.3894152575481708	0.9224213064877131	0.825793203277119	0.07835541986848488
1.789087881899045	0.8037090606948346	-0.544506831843858	-2.407535450370813	0.7882184356610774	-1.4284785297747713	-0.5386698907780442	1.284687525205837	-0.4514632035226633	-1.3256463544668775	-1.4413104779879242	0.08754550842673875	-0.5020179834943724	-1.3891235864461655	0.8014632465899498	0.9032794492373252	0.3310065857787033	0.0779753185413809	1.015948756279571	0.43293725911884057	-1.31481281934041	-1.4813353600886237	1.3332833298100975	-1.9976673420679898	0.949793431706214	-0.4781452358633445	0.1786477644994413	-0.9015919879790317	-0.10777088713380141	-0.6046596280772033	0.785031542561117	1.3870982307819963	-0.8702571069958148
1.6475255397597208	0.8153696757292952	-1.6230484477897897	-2.338474449027779	0.8444580594676653	-1.3868748841071763	-0.39746034911000083	0.9962809400262412	-0.470253149674811	-1.5028102148386684	1.18609447371657	-0.06071689393519158	0.45412173957061786	-0.33992952810824456	-0.39990656908492705	1.6823493987012932	2.806570429841857	-0.17478320740269188	0.9802864307654148	-0.29674863704958404	0.6040514580237997	-0.5681220696278656	0.7096752440641639	-1.2446084474987713	1.2798904265334086	-1.1579385191957792	1.294324945065999	-0.49727056726655466	0.5098183719252	-2.141948570458408	1.0008864797630943	0.47609786364117224	1.7142873956772138
1.4855193942970624	1.1640446266425633	0.008303094586016562	-1.664079821947054	0.014068409739901802	-1.2588783147956353	0.24628196142589154	-0.05910477062214986	-0.21739116942764242	-1.470114966752624	0.8674954000581496	0.09894002843025225	-0.048300839338612525	0.7173391361921682	1.2055093067847646	-9.607402152994139	2.4935832991948748	3.1958254375863024	1.0423435711868347	-0.21860603971941112	-0.07504254376161519	0.7619769085180278	-0.4520199735210286	-1.5557587028652986	-0.38594275531139716	-1.702924966498347	0.3137461205725352	3.343021859622044	0.6184683009714546	-0.4144682919158176	1.1532585612324693	1.1114817575490776	-0.7844510176125289
-1.7259111592034384	-1.4302721193976302	0.631764924853712	-1.3710685939112146	-11.622575569978842	-0.2340371184092647	0.6866065599109641	0.09718241328635426	-1.6295796302141299	0.9190042024580023	-0.8336861300855711	0.9059421301806337	-0.3834036299637953	0.42792800597763847	-1.1216439189759186	-0.209456936143971	1.3840276760014802	-0.9104562098076054	-0.32719585001147616	1.8165103015437385	-1.201005246641128	0.870428977805211	0.1616046940261166	-1.6110042669970701	1.0397810921152477	1.1213198950059622	-1.0617534497483947	-0.6595993462758688	-0.27310198948885556	-0.5979157588222017	-0.519369187727916	-0.5873316832482446	1.186295684716849
-2.2080080539699125	-1.4319391838117093	1.141792893641704	-1.1989226554115568	-1.6804394022229245	-0.3364861810683075	0.1401605936542325	0.4310483314176288	-1.3850536856024394	0.7298808585373889	1.3596886838967255	0.004523038739947037	-1.3112278570670153	-0.8575185826321647	-0.06239176046006137	-0.5210310823491922	0.9296994985211637	-0.371738109119047	-0.5594764890457095	1.6681041886587713	-1.620987097869434	-0.31402738164102484	0.6462410075209026	-1.993450822803573	0.7980854178965162	-0.5562204992676462	0.775903179135664	-0.828615695152761	0.28384837805382407	-0.12182937655868821	0.04122682366788244	-1.3864680606385764	-1.1714183453867253
-2.366942263164381	-1.4881029439079172	0.7785872670294836	-0.9085781442141402	-0.36845867945850885	-0.371138376519154	0.6009895242773591	0.21413910886847118	-0.4665285741684672	0.7217443376050002	-0.10825051312526975	-0.11391785152567457	-0.7783684785507294	-1.4625376185130914	1.5121809089223652	-0.3296416575956856	0.8216861921206293	-0.6441835329622557	-1.3078649644902962	0.5694701255628676	-0.8145403635703677	0.005074176238651723	-1.6307925015887972	-1.6560968865937618	0.993099407530787	-0.306332291195862	0.3149838291220292	0.7738795445117088	1.2320536578168784	0.2400599391843198	0.9047831028077397	-0.4138481272059941	1.7522978917686998
-2.42884736944241	-1.4412438356596182	0.6663143611471348	-0.9304043337436272	0.32439329664800165	-0.3831946939901571	0.4402100842898113	0.28020501260663333	0.10671625000724042	0.7833892521326773	-0.5374417402147674	0.1159585356213603	-0.7158443560160505	-1.346060524062671	1.5682004092087627	-0.3353106426576939	-1.784149348930815	-0.44749923516924955	0.372112515261146	-1.1327416160848907	-1.0996051126713324	0.0813894966844713	-1.8773198316824506	-1.5356089147627459	0.8072283084303815	0.4978939949287904	-0.7295530779451102	-0.0312525893272709	1.5225301120290233	0.40682275667103207	0.46614278415938565	-0.8123233162636654	1.9730900629176107
-2.2089239496378075	-1.3762991818174093	0.7298326757821386	-1.0891961822749945	1.5296409289540243	-0.4057243230756861	0.4928278144117257	0.0693448800579037	0.4160776387384403	0.8091308981571986	-0.009367963899182406	0.5294669833813316	-1.0371435239061386	-1.2416376199642045	0.5159028450039054	-0.6034624314336485	-1.9571524376819025	-0.5260860441316901	0.6178808994499009	-1.5736025914853455	-1.039436677052622	-0.9403734087225014	-1.5875495891324538	-1.1874115078696437	1.3765715156510347	-0.13910087360143936	-0.7427031144342576	-0.09246354570770243	1.4559283502756064	0.2762998631332728	0.4891522757558419	-1.263281674747441	1.1507720233946144
-2.0546669429195736	-1.3332022591964399	0.7458953029262009	-0.9487888032688984	0.616713550119262	-0.43611189941247575	0.7545122683973455	-0.3213406175700417	0.16467641929221813	0.9108245703683359	0.7310801583568957	0.49800830093806114	-0.026975123357539696	-1.2390641760990186	0.20347877271968945	-0.3646696841701079	-1.8555464992830577	-0.5551218899342978	-0.1466836388987065	-0.9737218692753846	-0.6418041800014843	-1.5633592386676374	-0.9608839782798507	-0.6594005553465193	1.446822487307415	-0.013116286864537852	0.3993746695726271	0.45190315936332043	0.7037590701398531	0.9267651203374698	0.7372675252687316	-1.1309898266444842	0.31857127601626795
-1.9183811688119476	-1.3263612894431422	1.0759104698986461	-0.8467488581854259	0.9199990397007554	-0.5016401905700507	0.7565150856846621	-0.36753848113662513	0.6720528322264466	0.9649832673840611	1.152052834230495	0.5067619852113053	0.023225125205202896	-1.2094943986950526	0.7473805842394647	-0.13884380491557988	-1.4908226592481415	-0.5137109634139344	-1.1715459418585807	-0.2303962262937809	-0.1328005210329362	-0.9089034841404613	-0.32121422766894003	-0.4729142834888618	0.6952394012731464	0.5502872514505581	-0.32896937634848616	0.8673689760245945	-0.16067822998100897	1.3350203816881272	0.7507678232444415	0.09791194001818472	0.8761896330006469
-1.7879119376899766	-1.3081126882409604	1.0731435637568785	-0.5327632627882813	0.8847457212499552	-0.5367355825952144	0.56859360322425	-0.20726467614566904	2.423262105221176	1.0105412504144573	1.138945813580389	1.0762931948147805	0.07617149023988745	-0.8710905312217475	0.19416786847327772	-0.2921937729128486	-1.4697573095872458	-0.3524846610982693	0.017399817406638436	-0.12952900699054576	0.29415398101511514	-0.26059689415462245	0.11114846833697585	-1.1677197721925145	0.6162858609014036	1.2246009888253249	-1.1217293646558226	-0.6163645257440356	-0.44122132439283224	0.6325092281717793	1.2036890231486823	1.0996945336784842	0.5001705405165342
-1.6316704864572527	-1.2465414164524238	0.9174009238300648	-0.6154784946103338	0.7973894395160519	-0.5279201909537092	0.8367882636287848	-0.10250505224351354	2.6945560248476608	1.0070025887205802	1.1723152732866204	1.0801558907074582	-0.2815341060592161	-0.26998747149508945	-1.314816375040408	-0.49526256840792365	-1.6249974689405104	-0.2875982570451578	0.4614479036700772	-0.6688022774842333	0.835965653564317	0.2619407012061967	0.651688169862152	-1.2903094077520019	0.4965932030709997	0.36419021304928806	-0.8286134009825741	-1.1682863493952647	-0.30437357702452933	0.6203880358342944	1.1622236164967659	0.5640654748496411	-0.8552200218060639
-1.6840624037801526	-1.220674918735595	0.6928523453967026	-0.7282394207275154	0.9465890020320371	-0.5704996392620665	0.979170200361875	-0.4832431579258139	2.99630030704379	1.0218374692562555	1.0283488234721005	0.8567327837323331	-0.14146771780872405	0.1985812285324738	-1.5356540789986977	-0.49895974363280404	-0.848580517751606	-0.27366494907766503	-0.038564498414876226	-0.3156892960161786	1.4139457890127636	-0.6924557573729864	1.573558907479153	-0.9629688887581573	0.9540850851046956	-0.5451147595503222	-1.0939948906664823	-0.8137722657869721	0.23669390817069388	0.5233812717893804	1.160979564168249	0.015128982727535547	-1.4986304819398746
-1.5978332656828973	-1.349219730877793	0.7762072296211312	-1.0899032876817767	0.5632869980485828	-0.6506072464143536	1.2195096088706434	-0.22660590920673537	3.5782514253083972	0.9985832415013977	0.9760723140286056	0.9602006796686126	0.6747280173132898	0.28026283341472924	-1.8827754572177389	-0.553865470721534	0.03614923450385576	-0.6605149121063881	0.5534797457681937	0.36027880081108454	3.027493193522777	-0.15391557903806022	1.8843172710172131	-0.7563918003240039	0.7376510194740097	0.35192188022963894	-0.857567584978697	-0.5932932865316569	0.33076623856694765	-0.5207664440604814	1.0363578697160516	0.5344387125128904	-0.8286505086362734
-1.63537921516375	-1.3425617976195237	1.0230189939243262	-1.1138133009670392	-0.16986230512211492	-0.6210907963360349	1.274296257445679	-0.07637803188042015	3.2894756643610306	1.0325721229640825	0.8454293178350379	0.7423152646435915	0.22529382975689732	-0.0421077799382697	-1.8060844608904978	-0.4034813285381366	0.5540751557402199	-0.8473746706000315	1.3560639599343436	-0.5058404846716876	2.6037165458291436	1.3204034979804282	2.521227286838127	-0.5301038513470585	0.476948566729079	0.6030784407185885	0.5878074155604808	0.4119550480189276	0.19167509990624543	-0.13590034117714292	0.5103357598079514	0.8478307253368325	-0.6985573400737639
-0.8786173538685568	-1.1061782012148984	1.2447260869548793	-0.7605425881631479	0.16800679561750212	-0.6774742503062412	0.8307623877481073	0.1667017973190588	1.1619453028639406	1.1301333751843445	0.7479751876815912	0.24869733615790526	-0.31012243730478095	-0.8597562407805924	-0.5433289608584332	-0.14686413909115528	0.19700657577289551	-1.0916522399687036	0.6168625631198776	0.007912650453595323	-0.24430183305286696	1.3833226401207122	1.7382060608408911	1.082802223704684	-0.43588663003050415	1.1356754881450049	2.7464849310938737	1.641386042700828	-0.6059292039243063	-0.6427503163175202	-0.9063720315621194	2.516069959860378	-1.0722744796269905
-0.8735531921975398	-1.084993900915477	-0.48731852190978636	-0.4107461207071189	1.0963284437435419	-0.7441408404246461	0.9777467486662231	-0.1897364574403262	-0.8775621624605477	1.0597158825483042	-1.2917552692285152	0.4453582104721315	-0.08225039444629047	-1.414282162746348	1.2092138648417619	-0.5183674346890621	-0.03824146936749906	-0.3524723613399311	-1.3216781813880545	1.9811936514046409	-0.5203866992659502	1.038474647347787	0.09846785324499542	2.41948240899183	-0.07547508561370206	0.16664509141730802	1.2004832099230553	-0.5536306179118352	-0.9976968170331231	-1.3890688670392317	-0.5742322120030621	3.218781178403683	-1.4769356984877833
-1.0304371782680353	-1.136877504882985	-2.355668317774456	-0.6344059458376181	1.5414978068728955	-0.7642233960696698	1.0982167103744964	0.08922246679727808	-1.2245697293610276	0.9977568854799196	0.2741358273781657	0.8889958650553159	-0.4889486810777002	-0.44385456118887834	-0.0673881428194916	-0.5143329842577117	0.7199036369525876	-0.42017627169026733	-0.09464694604990442	1.9269204861422187	-0.7345309503964342	0.8326376753128631	-0.03769522748396372	2.5168899105985028	0.5209764371459096	-0.9196478464882331	-0.6442608736261098	-0.37311136892140956	-0.6556430971602821	-1.2708668115808603	-0.3734798954249255	1.3895422314909125	-0.2778105077483332
-0.93698048861513	-1.0841380920920618	-1.9675275090893043	-0.6971453247320711	0.5708976991189119	-0.7143966360685433	1.1573835464546598	-0.08188059172676822	-2.006768776812536	1.0504421800297838	1.836913623149536	0.653281567513026	-0.015347617990035567	0.41876720890271857	0.3042287518338806	-0.5555382484897426	0.6968382246301229	-0.45104656973599494	0.6197223152141075	-0.16374378587666016	-0.29103414198300576	0.5299794556670627	0.14577430325598725	2.3607091038114274	0.623655854080291	-1.4874327703408197	-0.4311488682755178	0.5565308821674446	-0.6437150310781244	-1.5851277058176307	-0.11738235462742476	0.7990033585314396	-0.010579786038652285
-0.8307881663205466	-1.0628272060208894	-0.4587709455388482	-0.6096643774543453	0.44425682237033776	-0.7615431565148294	1.3011582133043578	-0.1020599389670409	-1.640924289072628	1.12623581447199	-0.6440732774314427	0.21391331120004986	-0.31455125752855617	1.367997755234979	1.1519724766890032	-0.30792293580663443	0.4414672591847947	-0.7046937573781149	-0.8707199800527626	-0.38082919429522855	0.6552451060130432	-0.5536456995301884	-0.28928302136712775	2.052428208163866	0.6591959146486754	-0.7173213642506283	0.2954253138836863	1.9914236921597244	-0.3529688024577376	-2.0293920441132194	-0.0949580920585554	1.0423772808211278	-0.6387529801854309
-0.8638055945701768	-1.089001942028039	0.258074987352434	-0.6742919934933247	0.28264287259267173	-0.7680916886798688	1.0091586740150396	-0.11509261969231727	0.2814244275152425	1.1187406242509554	-1.8937937411641137	-0.057327785653412254	0.2383847879386232	1.2400100036970698	-0.6083618194434898	-0.1407400286329428	1.1611347502818687	-0.6288493839804095	-0.5116388180690955	-0.3386191561881066	0.16653321783703498	-0.42435962165549795	-0.7819343217215097	1.9571612880068678	-0.49401154024616073	0.32080290248703053	-0.6029524145539389	1.4994393402039108	0.5135535614568065	-1.1566600548680372	-0.15449142979686922	1.440314520648321	1.2604794944007875
-0.7491403303304389	-1.0061054512539815	0.2978295677877556	-0.669295160773518	-0.142306505347368	-0.7796022379458472	1.0653334996734078	-0.12904512841289867	0.3796963821806675	1.123210038785283	-1.6594318083633914	-0.41463210714609183	0.6340850820460174	1.2615756512229939	0.006480476145628181	-0.08729830127779137	0.29030666669270844	-0.5856658638120004	1.329935169261725	-1.4500389109726788	-1.6281700169201345	1.1560754555864465	-0.4355630650549688	1.479031205211945	-1.4425858471489295	0.541611140554297	-0.3979327908068711	0.5315770296787962	-0.7413330855265439	-0.010140310401523345	0.2053311911255808	1.2650319821580218	0.2969754917759782
-0.48653237765038887	-0.8625942164089369	0.0589585484922724	-0.2729518394217505	0.5222059756154647	-0.8156658566679704	0.6655587420261482	-0.33580414178604173	-1.7141394962573082	1.1307479096425752	-1.2335617361418834	-0.29258846379370596	0.9968713666975522	1.4314885910520778	0.2848924407510624	-0.062068507313103	-0.2985760632917788	-0.5782037404802606	-0.29453504975356054	-1.4531784787641253	-1.3989215612043027	0.11580993670780634	0.6047786206242913	0.9818518516908608	-0.9582896646098231	-0.4180553433887398	0.6882933005482976	-0.022133654631700674	-1.9411697338698184	-0.5159600328819031	0.48682758848242513	0.75974867110016	-1.3796116153583518
-0.4244187926367917	-0.847314038580999	-0.08047705949373336	-0.1784361749531608	0.9900551762403818	-0.9166658832283565	0.2501349064993668	-0.4607616946253199	-1.2425666550562455	1.1817547842479323	-0.9731891707292057	-0.6984041628468624	1.5365332329585184	1.4869821256606037	-0.5091496396077787	-0.19864712332775541	1.230316955648664	-0.45489788631680955	-0.41652429150124015	0.2462060256944936	-1.225712088618603	-1.6389496507445187	-0.035607475115174904	1.2338371009951026	-0.811622673390166	-0.6150570129423817	-0.7589574893648471	-0.15175289275617573	-1.2247577851019438	-0.9067752873366823	-0.057174047494212614	0.3286515447309657	-0.7038367912460518
-0.43984145379924555	-0.8054152923464359	0.35228116404002885	-0.05124960086669895	0.7364527458885809	-0.9332323947651082	0.11540862362797005	-0.21977975673667258	-1.0782295459420395	1.1799529069745838	-1.1863268640771039	-0.6578763598166751	1.201746560425016	1.2162899573526558	-0.7028388407302139	0.018140051290946955	1.3981795624102324	-0.3984042976323416	2.1202281018481437	-0.3435586337381959	-0.062452370631833475	-0.3351642798231271	-1.0741146350979203	1.5686983349950152	-1.4003787015537361	-0.12430335422740776	-0.19610820190593958	0.10290399845413871	-0.6752007933041037	-0.29281648494334783	0.5836606118171923	-1.002038349502023	0.7293740985125988
-0.17752910407477002	-0.6554181438199514	0.40400610740184295	0.06290040919493925	0.4030419731650647	-0.9113600502954542	-0.07671455331815628	-0.34670369414864466	-1.5320370529634644	1.2240842914999055	-2.0131491188171293	-1.0456032404566826	0.4778117748539177	1.1839024977448154	-0.758056010624927	-0.054808551836393785	0.7293932793935276	-0.40377464794337764	0.9028609802990634	-1.8024413564945136	-0.12005869279381	0.4444622781968828	0.651234411150806	0.4949897062362219	-1.3826555733741648	0.1759981126697122	0.7667517389479435	1.3349937301482349	-0.8143767048913337	-0.017643459545925184	0.5855682035917121	-0.8203499070641865	0.023877428570300688
-0.1658190977976983	-0.6649672523217532	0.4824240196076316	0.1677793096792382	0.5575629733379537	-0.9827126637375422	-0.43275208549206423	-0.26719946249925464	-1.1397094391123492	1.1924384828700967	-0.8689975676348239	-1.0030238471532849	0.6302785981012459	0.574526533354975	-2.3936651966889206	-0.07100890106380241	1.2078228563574624	-0.41603525622869325	0.8924109100581041	-0.8743340465351397	-0.4321704826698005	-0.5008599095017275	0.0027692017342144854	0.3204765231480286	-1.4727647019311576	0.24522787123030107	-0.3852532768683644	0.9917029826376674	-1.0668568357285508	0.7700635938832333	0.1760306862163145	-0.4332489831942676	-0.629341038737849
-0.12418394265841998	-0.6314586570667073	0.5091877135747893	0.37071101269275725	-0.05221919238423606	-0.9495841688633331	-1.0886806402575953	-0.1913970048160981	-1.2035573750578534	1.1640710958315663	-0.5750186277117195	-0.9051387663889356	1.3205646085537113	0.5025977009462713	-1.9143936861678286	-0.01427963544656697	0.4767589657559725	-0.14927755863881403	1.5977816202675543	-1.0010981400241343	0.3330097977504712	0.10891184109388106	-0.9525346213398078	0.6535571578310729	-1.914235531983458	0.38381380727985903	-0.12441938750680714	-0.8095007557255176	-1.5567910103763185	1.0506247317730002	0.31403216457084177	-0.31128679631256695	-0.8847551170125093
0.2486776339149441	-0.4103008701167235	0.6095798242756614	0.5792021415888038	-0.26756258711282216	-0.9601530306688157	-1.6396240905817618	-0.8319044006043775	-1.5735836644181342	1.110545172390789	0.1186240039617612	-1.23814432069737	1.3682105834872258	0.38123208888575566	-2.1630459690285098	0.0347906461216837	-0.6219841052202317	-0.27420475447936676	-1.109372398901153	-1.0790094375673769	0.47172276131800656	0.2275849025486062	0.34213168278564887	0.3320711004166712	-1.8126651180193285	-0.04973155549140761	0.5290975884716108	-0.20642926671212558	-1.1498945394760698	0.6704623220073	0.9651867608248753	-0.9815121778309216	-1.403445116664035
0.41220942571490266	-0.27939567607086274	0.8955650443750853	0.6531325085655806	-0.10728594003375717	-0.9501979684963495	-1.7147178018287104	-0.5698327762143577	-0.3695451298953788	1.0996662336142358	1.4755596250354825	-1.2995338568989483	0.634931600031979	-0.40780818158105286	-1.5386668673180748	0.032801307511893835	0.08204465671036891	0.012494140099302805	-0.7020108024641337	0.14513676717446117	-0.26965662809065366	-0.8232443280999822	1.8753543801567345	0.8796925438382283	-1.3734443532294696	-0.8305325961803113	-0.15522118897695159	0.38107552738540296	0.5946061892733805	0.11003670787221505	0.8410424485456249	-0.9979247869474673	-0.22953128154581215
0.42412538077866774	-0.27197359659719605	0.7554920923887207	0.9367124822193752	-0.3038837214384985	-0.8841525544022276	-1.7189340579965637	-0.7305197769170766	-0.33149992654757665	1.1411203238903243	-0.11443831369768276	-1.0955357072671743	-0.17756437082830676	-1.4289079066073131	1.1402847742855675	0.06760081917106757	0.6058758189962771	0.043813578413508775	0.4770445228070638	1.049190849105484	1.1768953020433632	-0.07789247934492781	1.5735106063653184	1.3648455223377542	-1.3104702878431804	0.39821639822570337	1.134639607598033	0.38162098505320957	0.6049705550394574	0.09310628514483138	1.2618319235440283	0.11938425939538272	1.2232249243002111
0.5961319973578607	-0.16323063065251125	0.7865016250541342	0.9733037658215548	0.27614343129658114	-0.7868231118930284	-1.6932507201398306	-0.6058375475418014	-0.8300989749344508	1.1456475457748545	-0.13751378070645653	-1.1834834197619948	-0.7316598428927539	-1.5404997342787137	1.1685126300112445	0.06169989876509122	0.2023208225749902	-0.00043214906448850985	0.4232864524347771	-0.5550161912039715	1.9159371570279338	1.9997334400920168	1.538481619424873	0.49025296900773724	-0.7723880917587113	1.3599993113318594	0.4495403908390996	1.1273935028548971	0.7628618805144759	-0.034245684047489955	0.7790789580994153	0.4115906158033468	1.5520846064668838
0.647084874339788	-0.13689605154046566	0.5023053611535468	1.0941295848155814	0.16871678582485197	-0.7615671907373798	-1.5564078792333709	-0.7428949601367542	-0.613031010528269	1.1245052294305924	-0.5183404229005496	-1.3623546438672731	-1.2813888452554585	-1.6063751088310014	1.2413541795919056	0.13380438163493383	-0.6674045310345804	0.08086097087966208	0.5792867291617552	-0.6561314396238542	0.41088809796793885	1.1662131271071847	1.6509973646227252	0.2658618957687555	-0.5816655617273038	1.15519611732964	-1.0828893789555758	0.4694265118121812	0.7495905676399174	-0.18214384777432746	0.16434288253820936	0.627865584542631	-0.22844916819678165
0.6431416941547426	-0.10057569432029168	-1.8392343016805746	1.087874018576217	-0.1528725045489988	-0.7491307708246482	-1.8824348381395526	-0.7857287687527355	-0.2442225564894476	1.1597664700465387	-1.0011228516404482	-0.776493144029494	-0.22044079048804682	-1.0168399239241424	0.7898471116346236	0.13265367051554153	-0.6111594657904423	0.23849494005080138	1.5156172963344625	0.7216110067177719	0.3729486614257028	-0.6246566397295347	1.1382622671295164	-0.20728887648517405	0.10281232786966592	-0.04828364235053196	-0.8070513672086441	-1.0105444627936022	1.1585629381554492	0.028567304315717693	-0.27298403016335976	0.4892858517869643	-0.9469634659274352
0.5803273012900779	-0.0837128545814188	-1.3300054264359382	1.231571569273528	0.3178871846794905	-0.729999918798049	-2.144242675750538	-0.6965774468762579	0.3340171854569775	1.1647206028764256	1.4514235170577987	-0.6708822800444786	0.8649502186175914	0.7662557550820711	0.5051380230624639	0.14255371935365813	1.3754241381603345	0.41121824376541233	1.8049825911466404	0.9349998605359062	0.16446492671431254	-0.06743746626646953	-0.8361382792427863	-0.17875050286365343	0.30635596132885884	-1.2019182019856738	1.6814160711708017	-0.8250892295022748	0.7954886515199231	0.17337826027038541	-0.39164331657368373	-0.7883017241970565	1.3458666496156324
0.6055366667836114	0.029257620887680167	-0.6810043758634441	1.331942394291663	0.46559378208164187	-0.6549715850133614	-1.4235885961977743	-0.9520521846034466	0.22464470739772605	1.1090145454660618	1.3074718898569238	-1.0688270066656822	-0.13110202168506077	1.271614906868485	0.7431621474569244	-0.09063981060511449	0.046462566247987044	0.4340236580343066	0.5519008101900156	-0.2713452871726103	-0.6761356225929639	1.7696738116744246	-0.3136527033829477	-0.2242244379654305	0.33973724818993184	-0.5487235920697571	-0.08064866884763698	-0.6793274608170717	1.0008534968478808	0.05705133530739256	0.5126957617800393	-0.6726003317715266	1.3442986483595651
0.7194608764587788	0.08845841491495655	0.18503254217519333	1.341061812757326	0.4711921900676	-0.6386687657983828	-1.2395015734329407	-0.650349856618836	0.3354663123761459	1.0713775568645234	-0.4158791906276528	-0.6554701596535809	-1.2036509385864762	1.5894045896553628	0.8435279581034837	-0.15992948026267634	-1.2399203861640549	0.05933797817527027	1.1780665336661609	-0.04841264615562119	-1.9739157898993078	0.4663559306232181	1.3213371349221599	-0.4154293570532748	0.6331197992013449	-0.5572033942815571	-1.1978344305862556	0.20106854828814913	-0.09635444084923547	-0.8387063406967443	-0.22051014732283175	-1.0077202455638106	-0.1782389541642435
0.8110965195641212	0.08274740628477076	0.7264393971724693	1.437881704151059	-0.18039870687692686	-0.6546169894079855	-1.7321122986443862	-0.7162101985595604	0.35323102836680725	1.094848982626164	-0.0406306553344697	-0.3656227440758927	-0.5783949513090584	0.5732156510415758	-1.5889637622994945	-0.06066191885448362	-0.4633680671751816	0.03150965767098885	0.40990717408705674	0.5819117336127158	-1.095016973511062	-1.1889025817303054	1.2656127616832178	0.6841233992679028	0.9309075453161917	-0.7604186865036061	0.4830454849623253	0.4252655000324368	-0.6634744774196653	-0.24913969719222745	-0.44377675334170913	-0.9515515056546375	0.4354205889256555
0.7912525965029927	-0.013885936818219128	1.3314920485776967	1.3982078340078372	-0.2864285071395018	-0.6434929620910883	-1.6940028617845497	-1.007863712850626	0.21996509017525323	1.1272826489304162	1.7915607959804567	-0.6063093162839377	0.11187541238051883	-0.9501477818329898	-0.9693554671140037	0.07775123328062418	0.042996982207970304	0.05289257569867574	-1.2672921991769213	0.22237118165846417	0.6370439703171735	-0.054016058372381937	-1.0538565860070916	0.7947903524462997	0.8068809582839749	0.13624994576743132	0.6621345659045901	0.6016959679755243	-0.5562837720163923	-0.6045231266541645	0.14373730095850717	0.8853655876768497	1.346560113626088
0.7709396790836793	0.020596559296142194	1.1231165066026194	1.3798284293893293	-0.19557077757029007	-0.5412454199022438	-1.583780942856409	-0.9886112860050427	1.0759937052228334	1.1790142581405492	0.36873617841633	-0.7818195176706764	0.052681037684349306	-1.4138918265091258	0.6676977196338116	0.14351289275348628	-0.6074511807756049	0.322914957452575	-0.38471145304000054	-0.4376373496574524	0.33818303489775914	0.8486837739770692	-1.833873030338464	-0.8539771428999486	0.7439582584046247	0.5754281213397521	-1.1894284015285532	-0.4542588375971874	-0.5473494277592224	-0.335398782137182	-0.30033981670734045	0.8457078011493361	0.27116273505198374
0.7491097989699667	0.026731118526618622	-0.38997418375755993	1.310915630289946	-0.047355375386749464	-0.564359950232598	-1.531947225455722	-1.0957619088097972	1.9730591603693741	1.161473346615606	-1.9000527818165538	-0.47818113530521317	-0.9890369543907456	-1.408633498067147	1.4934842252415232	-0.10399965560660766	0.043572403626704365	0.30356504379427635	0.20678553817479592	0.5894696657025147	-0.3781770264453153	-0.48683865027003426	-1.0598754929120735	-0.591084301535933	1.1689533797659635	-0.4102433734627926	-1.472077179193792	-1.293398541330583	-1.0849310006970097	-0.27575063626816887	-0.9155648455101372	0.6743759079644199	-1.0363004800073106
0.7365067203474227	0.00193317013417168	-2.190120863346156	1.3518651201775904	0.266016615456386	-0.6029149199796081	-1.7408112712976942	-1.2291959683067946	2.125401753177438	1.1623075038621153	-0.921846625949898	-0.17127538809168136	-1.5588741439071885	-0.6829621747453	0.01723844983965527	0.07062498156137412	1.3241720863346462	0.3285848854594857	0.4787864133429902	0.630227962034131	1.0315343811423294	-0.2845966235142311	-1.8780284028385752	0.00891419793898928	1.03321598259948	-0.9286673590628775	-1.3357680482169443	-0.7625408847433243	-0.3362084354295293	-0.6791300711264087	-0.6728097585168309	-0.15492237292811276	0.3777586260376427
0.8439032537912505	0.039693311946008676	-1.4680080778454216	1.1714451330403417	-0.13747886993443637	-0.5954058783248684	-1.634492037008743	-1.3332672508212617	1.6915354992614668	1.2274118855629574	1.9185192239484974	-0.659106323087227	-1.3355862664546263	0.542087623830217	0.7061930099714787	-0.08476661685798284	0.9407996073695564	0.24999842751632423	0.3171338614324021	-0.16544715655275297	1.7415059685532757	0.2586991242285899	-1.9394300045811002	-0.3620604962132414	1.0099632063877892	-0.3872126698582921	-1.0511929966268725	1.1924351260195514	-0.6338554162582094	0.36743230663769294	-0.8443843247466865	0.46121351509919883	-0.7707798675692344
0.5848358200786266	-0.08317837827550084	-0.6820157939784285	1.1049919236133539	-0.4232554189159708	-0.5232697063954562	-1.353245974993147	-0.9822302719349758	1.837963771410627	1.237214036414484	0.8513291915332553	-0.5852269753100239	-1.5568456927350527	1.3906640910177712	1.1849409188155184	0.1275549506550209	1.1418595068102375	0.257489376796359	0.27017310447429366	0.20104557852236046	1.5347853243854948	1.0690968695972176	-1.8157490655932602	-0.6191866575864032	0.8580586313605927	0.21394176300825804	-1.0841341021263968	-0.705860484794603	-0.5451696728270636	-0.53786112619285	-0.981144709950656	0.37589006683185544	-0.13809802382383657
0.6514376526987654	-0.04053478378000607	0.2124182935824255	0.9949984025499148	-0.1614892595816079	-0.4979905932803635	-1.283251495646256	-0.7767575045060026	1.0543165679986786	1.2465572195450532	-1.582568956179256	-0.5272056940943138	-1.8607471442705117	1.5291246121593614	0.35251952553788674	-0.11237478717185308	0.7946285505658399	0.3251358728996307	0.17262919919896136	-0.5056253112820919	1.4132097594007769	0.3528339024005721	-0.5512324565408758	-0.6984501741295752	1.3943392424159795	-0.869539062020562	-0.31457370048310956	-0.3446208358688016	-0.15112589434447146	-0.23336058808597193	-1.0616444421783386	-1.0363250510821334	-1.4594707051787175
0.5102212912728976	0.5828682289018388	0.9486198534257713	0.5598018790883755	0.16197298758800946	-0.24621928251707448	0.5678478320307468	-0.7338282237012902	-0.33611285521286455	1.1034895796681954	0.3040550701871434	-0.3444803262063069	-0.824359507040679	-0.4288471256789044	-1.3318008275649746	0.384955232765457	0.6652618715848583	0.3229956802843837	-1.7281355130729956	1.0123776310712795	1.9348687201105923	0.12191530652109003	-0.9812315962370594	-1.1903013919209915	1.423711201538347	-1.8738338862031774	0.390126921101291	3.742555395622347	1.2178122194215002	1.5362672473387802	-1.5923074265909196	-1.6241157135913018	-0.9282278004392278
0.5307817303763533	0.2934537911449414	-1.6935094518747145	0.7627358714872546	-0.13370975382166192	-0.36056361675068505	-0.25884672842019535	-0.15438972814078783	-0.12106578058872183	1.1364770815366614	-0.9768234891012838	0.075237859601323	-1.4213044720923143	-0.8648879938232494	0.30981076662931406	0.24113841670274652	-0.429725726244545	0.48688102191214755	0.06235656258875819	0.4095602449252502	0.5461961893838766	1.2903817222898577	-1.9270625840555577	-0.9631719825649505	1.7106275686600463	0.48397938597721885	-0.3514634444615382	-0.6602352921412157	2.3691314830368517	-0.2188709159028065	-1.2734781200964946	0.7507451183248862	-0.47918048496041216
0.5178759511421107	0.2731577469311904	-0.9018283905110624	0.6592779672377009	0.553916545457821	-0.4095099783821144	-0.6978803322552195	0.020068077544064325	-0.9890898250089912	1.1521558542654797	0.8717309469310994	0.14837020768203074	-1.5159554661056462	1.0073609008556021	0.824518161209003	0.33014768617426415	-0.9324720365460671	0.25346413014360053	0.00015201409410352671	-0.9828887583019856	0.7006275099614009	0.549041964025288	-0.8526716092207592	-1.2408738690770944	1.7492213225342084	-0.5626299307276066	0.839710125159127	-0.6844948747882709	1.191618093714291	-0.4385653193298584	-2.282898629346262	0.08118457906798679	-1.3327893067465557
0.497472549892144	0.23229466050750638	0.20364770320726663	0.7740847802730836	0.34416190874767283	-0.5125491165164833	-0.8111875232325261	-0.16138544453426643	-0.43932630932590133	1.1699405892860721	-1.7240144392643217	-0.038301787917953176	-0.32354985487924837	1.053873094846236	-0.893512540179006	0.015243411499412753	-0.10063687769317438	0.19330930638779922	-1.7428766306854222	-0.2318808412505443	0.457803859286156	-1.3118470926557468	1.4908197436378252	-0.7714392810304123	2.1534846143612225	-0.5949673716397824	0.6443316510629084	-0.2321276652540582	-0.07851231582194695	-0.38313165277166317	-2.2826312600632743	-0.5895128759716783	-0.028554340468107196
0.661722530413321	0.2848051680876985	1.1295390882799985	0.7779364880979691	0.2371704887250993	-0.4783171317327913	-0.6184188167860952	0.05062854528163182	-0.23979596656337668	1.1648384045566527	0.7412061371973756	0.14092879227338126	1.9072172036189596	-0.5482083215753558	-1.2959644006977284	0.11112529484458203	0.868018450119501	0.270234099409324	-0.12591211878164216	0.26484060906319196	-1.2396105594434854	-0.674567926559497	-1.1779708769282278	0.43912571230738445	1.5568268251689967	0.17375088967568522	1.7468903587820024	0.0829969442316832	0.017464282936956	0.024925629937769967	-1.5882693613099264	-0.13202211537464395	1.6027683297967668
0.697211724372704	0.4358997452637777	1.259187816744172	0.7435745658966342	0.001331733670603795	-0.43882374055702306	-0.051923620938364626	0.002559429727706015	-0.9295669429186282	1.061440029493433	0.9592119758840012	0.08708956323930285	1.561623558342637	-0.9322484256181054	-1.2977603839432674	0.18459945425354382	-0.2416574220083055	0.017087964606729646	-0.8637476875151169	-1.2783862833032338	-1.18194842529562	1.1022147768634956	-1.3077258537421945	0.28368776141387586	1.2291683996016247	1.1616995043593978	0.16654958848399976	1.3049179276760199	-0.1453339332984968	0.034972144589241264	-0.951200635040264	0.36479599204560526	1.1316098302962563
0.7291955894419121	0.4386944684917877	1.1462039465288334	0.7300386362986793	0.28484739700133643	-0.46325538141056816	-0.18864610046829577	0.1893401113252045	-0.576603162789406	1.0243565346333157	0.6070965195664779	0.2438205716943766	0.8139267746810983	-0.830082172988261	-1.2361450670203482	0.19773204030415492	-0.30424053130564593	0.25752866918378553	-1.0477672091583827	-0.8758177494947992	-1.7993901468034463	-0.15687273020630269	0.08178844521110991	0.12276441582019576	1.3248982129438749	1.0609723117720302	-0.4897463984404092	-0.5192577484450273	-0.6773448770433005	-0.46445737934523	-1.551004496321109	0.07651144908235641	-0.4045851035536884
0.7397616749253566	0.41937328529490164	1.2403413129464882	0.8435127507455062	0.45919550714040586	-0.515348636910026	-0.06317553977649183	0.11170428061424383	-0.393158337396861	0.9839899349019412	0.9501840032269862	0.10489989055331611	0.8127409386615092	-0.9448261243600737	-0.4165743894125493	0.1682499348702229	0.559818575609192	0.31995072770913563	-0.6279012960461279	0.06689442136318881	-1.7810891874241672	-1.3318327077088046	0.9276340493439995	0.7202359551286969	1.281184245102673	0.43415850283290713	-0.143785126038786	-1.1241129445591176	0.19611902460168784	-0.48856904418511166	-1.529937359075923	-0.3942264714987399	-0.3346758566562481
0.6881391936791691	0.34093201523507594	1.2141032788499069	0.9514437583196775	0.34078226310486565	-0.544364113548599	-0.08073928075871455	0.16172814128027774	-0.6852862629389201	0.953873576759492	0.6492874059909423	0.16533678446700018	1.029258183021615	-1.1921357376152262	0.3418211084650919	0.09125472815822255	1.7233846294961086	0.5037294581191399	-1.0004556080024107	0.10570482155666618	-0.5379569543344068	-0.657963829348224	0.7545617785012625	0.8664822486195708	1.2960226483828172	0.2077793720049774	0.9356902251040479	-0.5441177785071369	0.6131021393220286	-0.5777287041121142	-0.8598258721677783	-0.8122307122014453	0.4867540654242166
0.6551006363548488	0.36410774185377953	1.1781203330227934	0.9126134385319198	-0.020127720469593886	-0.5212188653320209	0.024532229193073768	0.09400514308023825	-0.5766885800075571	0.9856064640007893	0.4387355248219913	-0.13602285663720612	1.1743488115133123	-1.3922577492309351	0.43662409802395125	0.20580069054408767	1.2449185728336953	0.39032058431091415	-1.1825753126583254	-0.3174731640336897	-0.7610360081811702	0.35067094744741234	1.4553052611584896	0.8597263321601032	1.167872605774466	1.180331665683405	-0.5095531699043654	0.48145944453495104	1.4104035760845648	-0.4385109245178637	-0.7117226727945593	-0.2958229388235393	0.6094159733423926
0.6710836457583225	0.4223456481237435	1.091025371818617	1.029606337084192	-0.670727777892625	-0.5603272105365491	-0.08455036785477107	0.4211066883083216	-0.3826792649669891	0.929143752062877	0.7606006896867075	0.279852590354396	1.081873513794294	-1.4560659567741332	0.33102274081311583	0.2369815744668326	-0.4909895222051067	0.22551644125381579	0.39921757627972787	-0.1837017898622274	-0.9557863290850356	0.28803749368385173	1.4831149823600205	1.13081765489806	0.9057346494413298	1.3554664033161752	-0.11807306395340207	1.064033145399698	1.5043931274890103	-0.13998705665854871	-0.7082260638177766	0.3858895927365678	0.028384663604095646
0.6333354122807003	0.496404419572275	1.270773638858382	1.0760227979090007	-0.15222007352684747	-0.5467516715153116	0.21178659961107357	0.3366328579435689	-0.5077202858868934	0.8876858125739134	0.7033397494056662	0.3079696318820605	0.7963652652079204	-1.4944977720345463	0.5874344718828494	0.37815391189231545	-0.3923184179312594	0.2702658614049589	-0.2627696809033398	-0.08748567666241695	-0.2573711654240838	0.38737776754320535	0.7395145240237054	1.04715045379408	0.8484805023495774	1.3982169961619448	0.2758987289083995	0.5246603564077119	0.4953726959044733	-0.09996594761826702	-0.9273944429653728	0.4684605193570917	0.7286150053561118
0.6143986773010615	0.49893733606751156	1.133929145659599	1.0285427713599018	0.18854062188686288	-0.5504324777509296	0.5550626354122503	0.46941134076688196	-0.07559410140165385	0.8519735364436113	0.07447652538970875	0.33664307173346214	0.42983616613568987	-1.3966827095425287	1.1588584262521704	0.418498375619079	-0.22417766600248723	0.442902376043254	0.17459121803627875	0.2084642735535196	-0.2334321692805918	0.3455454453641277	1.202888752389356	0.8013036425193951	0.6685844492568828	1.6097695129966334	-1.5786239182689943	-0.3548403546272831	0.5510508553598003	-0.27278213491034503	-1.0886388300067311	0.39429975702081876	0.4048670282345807
0.5492799508397737	0.5075914217338211	0.7408258479427057	1.2132840857654563	0.33689240561781814	-0.583369121986432	0.7177199948535472	0.4987251299751218	-0.032756838695617733	0.8219318749311583	-0.6735674952596354	0.2342319323730761	0.22893503781137156	-1.4968564003889693	1.6615817561563004	0.38342580694604417	-0.08606647596865387	0.5415931516266508	1.3758968757620664	0.4935141758975268	0.42286158416417424	-0.06926048274692224	1.7429786728027883	0.7415348599613348	0.4423237358995929	1.062913449625676	-1.4975513987095912	-1.338277936558569	0.9513688837097656	0.061417154066801025	-0.9688681909552541	0.04988234111080846	-0.6270811023426981
0.5457833790224429	0.4787333553724291	-1.480626717279896	1.1081203509694573	-0.16895132074221897	-0.6153877918225183	0.6359993195554985	0.3904606255877899	-0.1842594229885446	0.8613247243787802	-1.5946301521609032	0.7958213955290163	0.8900284842742676	-1.1539161722565996	1.0366916376666095	0.18756128261216912	0.3815269059454756	0.7161117541314186	0.9483992536347915	0.7472669404580937	1.6740806670694415	-0.22315226824066342	1.8216869920010492	1.0253052797640256	0.9338087296760039	-0.34577508955228853	0.6840373740259093	-1.1374877310131484	0.7039008260159875	0.13401374211817116	-0.9354758609114733	-0.34846511696286	0.13606789902095656
0.5055578909612716	0.5700589837105273	-2.180588396613912	1.0282056459857554	0.04909650646581156	-0.5620571376143456	1.060025909869236	0.25751381246584193	-0.4380975195086902	0.8110284757146975	0.5326097429779996	0.4997990681079585	1.837101549920466	-0.5950766622866335	0.1600275831036655	0.526304188643313	0.22464678814715888	0.5348088189390303	-0.4657876379847141	0.08930562252327685	0.9022121375139822	1.5620541389260614	0.8891581519996716	0.9855819327665172	0.16154337809247943	-0.6613729459916453	0.24066558673655908	-0.09657087557622435	0.6192155902717529	-0.13355934846959017	-0.8453729417126398	-0.22299023035303228	2.1582821885205203
0.6433434858264807	0.9019879299993971	-1.6498525308213416	0.8477457868833613	-0.3307619510796544	-0.6698144123683237	2.112056879783704	-1.2022683083419021	-0.8883789882584238	0.3268768848071161	2.143679989785668	-0.4277373848684661	1.333755659850353	-0.028816421913583665	0.6262209350755125	0.5679061604996599	-1.4375032778158927	0.1488725589734787	-0.30824860024869727	-0.20706224596509665	-0.4097194532341189	1.3305934882949586	-0.4276223583078992	-0.5448486479585402	-0.6549800241054075	-1.0028344221961643	-1.2667358233131178	0.40147592358965284	-0.2352981242063592	-0.09581281204039342	0.014638336220730354	1.325110395927892	-0.2584104120494428
-0.005380088221819209	1.0292969894524113	-0.2992516487307072	1.043096999037111	-0.40371609799638136	-0.6617165362473151	1.935904371154033	0.09365608711256157	0.16051440644486123	0.0924432805487278	0.5238502419174031	0.2956353030030699	1.1331696253168078	1.2002109006100803	1.4593909401126042	0.15465818059319844	-2.6794714135524704	0.6604080183551344	0.5853598364590462	1.7288082892609513	0.3902943179326374	-0.386477252406257	-0.7983858135873615	-1.0755685138784197	-0.6258825959961264	-0.7230631060616717	-0.3683924163077582	-0.1216679380796261	-0.3246665887373588	0.7104887567911342	-0.5098599630057532	-0.217055644529733	0.07553439474620857
0.019675298894874522	0.8572655607961479	-0.07807258398651858	1.1913953723109858	-0.07731638584772506	-0.5501759014312647	1.7329076923468887	0.4571763997247015	-0.050255332081480635	0.36538302523368	0.7678431658407145	0.5602926307395584	1.007575543911331	1.337961145427865	1.0508296860175348	0.3588354998676575	-2.6072364263023124	0.5205408858558048	1.292534120878194	1.2886196118546092	0.38213572692364783	0.2857388004232935	-1.1612372536729194	-1.4656998464508812	-0.5592665457902949	-0.5627337504875921	-1.0986749215482619	-1.1090806364256425	-0.673801333565429	-0.22820289976613203	-0.521354889887025	-0.14225954962122114	-0.05130924093144196
0.1545576869234103	0.7897094801311793	0.1415333439758474	1.0915852175076934	0.17623095503816033	-0.6253894950107236	1.8019440448237636	0.3459899710137229	0.7729798417709242	0.46952826639814554	-1.0790183066976775	0.6148734704175842	0.913346689959194	1.3528734252924999	0.399460210281115	0.2463770466055173	-2.165238741694734	0.3687389037798151	1.3429505101142694	1.4590003105501095	0.2564937290939643	-1.21619966836698	0.11989414584280751	-1.5922460035150512	-0.2940755635578142	-0.4625225204962196	-1.0931468035760181	-0.3455579562878272	-0.005822047364863805	-0.754466040075529	-1.0924946592795055	-0.8322729577979971	0.40220147163303877
0.24895947268225468	0.7800909949858127	0.8145428669908267	1.0944001065423223	-0.11083431509574627	-0.6301883433687201	1.7956466005967286	0.3220847333929581	1.1097425676497106	0.4874775262085086	-0.9824056929785591	0.26622780047947525	0.22428604291695023	0.3314233033278137	-1.4562046892871237	0.5453096939822091	-0.9038091304458132	0.2185384548440012	3.10264437734827	0.8177975563530857	-0.1244156862930125	-0.559179755635289	-1.1462082157053173	-1.125709955411462	-0.257370197179728	-0.2441134695330707	0.7677475966409094	1.2795868904999501	1.025823906838558	-0.14577992113325317	-1.4545372221937258	-1.4452020798642609	1.9535703260814992
0.2551590966280006	0.7647072368795672	1.2247037205467273	1.160377346918452	0.24909513178945036	-0.6297657702288978	1.7185715316564962	0.27825502016020875	0.77224124228225	0.4062076558168477	0.37973665887128943	0.15879957826747634	-0.8204580983135576	-0.6518056584463957	-1.333935640732091	0.5022339891069839	0.8105003248706518	0.3562097959005022	1.7117169971212822	0.0032163579145318443	-1.1534264976280606	0.6988918962172016	0.03555962676770338	-0.21752297848181681	-0.3057192134626167	1.0685704764903634	2.7553379967449194	0.07339552050163874	0.011405790214569405	0.5441050740263539	-0.7087385196402145	0.9311855634128394	1.7333895139504834
0.33338934265661924	0.8687578359892624	1.0591263223678666	1.1510101944350195	0.6171355131111327	-0.5729220113893474	1.987701797167523	0.2522313061244848	-0.12453227754815821	0.24615471709942024	-0.5541355129905083	0.3325052275923689	-1.709673962046379	-0.14062439397906745	-1.6601268792835018	0.4655663609274545	-0.5201363252970673	0.49923288599586974	0.07650966390310791	-0.9013865332352936	-0.8990827234632323	1.6591338707034693	-0.41074306030541313	0.27421054650903365	-0.7083554739078212	1.2330057364208409	-0.09610307758677473	0.12557423487246827	-0.9576399497963846	0.3731206353059926	-0.7692475626969972	0.5570772779598383	0.7241645011472555
0.46240899688081294	0.9222214168191428	0.9536950463942656	0.894339361638062	0.7727581837609859	-0.5686414872706957	1.9626430140743807	0.09943626593072992	-0.28662521691937193	0.251138028673994	-0.02798125030592677	0.3029805806686216	-1.8681880343871542	-0.02857836632580353	-2.346522057406813	0.47919529000966116	-0.35045888436076006	0.4236122107848516	-0.31274088526391713	-0.663027070977427	-1.2463243681223455	-0.12644153306085992	-0.47844504722742454	-0.021712354882978693	-0.36907328885846774	0.401081720763742	-1.8356592641898273	-0.013228911758083672	-1.480248649052902	0.05607572413194959	-1.2680156118627182	-0.40015025604364846	-1.1876332195968524
0.2922765654219537	0.8824328310719312	1.0681710069024326	0.8100789401972556	0.7387690739756123	-0.6295687137855248	1.9023445742941858	-0.007591493778230386	-0.1788424302426142	0.19408803955620982	0.8018370105172986	-0.19690565077347685	-0.8378462198379198	-0.9756803265696409	-0.5093199739044562	0.7502232538026574	0.49098499585799216	0.47858703406375774	0.13721505924704316	0.4493253701547257	-0.611966375536634	-1.723053136838636	0.29679125279953783	0.1691924245462408	-0.20053988693139357	-0.5044876330237293	-1.6723931596769177	-1.2525657479591048	-0.2660168594582615	-0.17421380184027288	-0.9264784607161279	-0.699424821578681	-1.4617065955197497
-0.3565922858783866	1.1075103349698836	-1.7528644922132224	0.8812884671117112	-0.3117815379869581	-0.6316655345781258	1.7032349669872047	-0.12942428540431752	0.3766876569067556	-0.15587025362611345	-0.15211292477065422	0.4359316397963865	-0.3824518391188975	-0.5341337335963421	0.14829804231295748	0.6027802368405919	-0.17424353956802616	0.6566007656670275	0.40165629252801766	1.127850502967442	0.4055237593773606	-0.9910662458239652	0.225714051113284	0.8908526388758207	-0.5305565682207078	-0.33478648123079724	1.4679025263457623	-0.6378556370338246	0.30489333205590907	0.9097264224013987	0.35027735247855957	0.36474951751977547	0.03411962942525981
0.03154177599872237	0.9578586693074145	0.23780521268156282	1.202861231777636	-0.16494801333704828	-0.7221882384904055	2.1183632407132342	0.4377589688109397	-0.41791443725351085	-0.08769920499309382	0.7608750443394842	0.43907198826647326	-1.1084574191788101	1.2976829095123041	0.4352091800440359	0.6626678032422567	-0.20635540185501602	0.5401781148765218	-0.03795607825604123	-0.006386902818883651	0.37650729786883735	1.499309541057657	-0.30215519894512116	0.983198972597618	-0.8688781029526121	0.026652049647311004	0.7589672140925066	0.19798855661789433	-0.09738865429703368	0.101675117768703	0.681343094303141	-0.42602643135865564	1.2332793205340964
-0.02007394867126204	1.0554577852397051	0.9760836190620055	1.0123322496273042	-0.24677509410077356	-0.6576522276568288	1.8263183701443966	0.7047509498322755	-1.4422887921147551	-0.17308601251646238	-0.36726891603235134	0.3982562251271801	-1.7637834577096485	0.5068239271618638	-1.4027568850346148	0.5687204882730311	-0.40979353249848827	0.5007142005354575	0.7188540364550224	-1.1542966202705114	-0.08039785816614019	0.704756161910425	1.542158732539566	0.09469234404562937	-0.941014778707978	0.1029023779574742	-0.7791023598166322	-0.24297204192041016	-0.6279156560383827	0.11398069305104999	0.20525240432225608	-1.290978220758754	-0.1385137717350974
-0.09799624121521971	1.036812273310614	1.0947987132663202	1.0409252918530938	0.2876216387841564	-0.6436068765137545	1.8602030958410487	0.7651123094749814	-1.571131554183512	-0.07884011254954773	1.0106999391883318	0.09712673771794714	-1.7128749864724533	-1.1321499611194474	0.006428935330697557	0.31416564752799586	0.44164369440675927	0.6307901157216351	0.8283662351414312	-0.669317515745044	0.7485199859322608	-1.0958476368610666	1.2362744743154637	0.2979116671089744	-0.2935681277852281	-0.26715553579742235	-0.9249027729515887	-0.704057937497859	-0.09767643278564606	0.0025461522424988074	0.011849817478560802	-1.2227423695096944	-1.2532199154711618
-0.02635414947379082	0.9506469622728045	-1.3199168568886714	1.1553723847473412	-0.20214155031024025	-0.6898659625498517	1.7709140740283822	0.7831821438874603	-0.8197471458911821	-0.03278585193097325	-1.4224489097475141	0.594104771173755	-1.2427074555989384	-1.3225448006549885	0.4957031712493929	0.30022469956916226	0.9423962647362947	0.7448837565399024	0.3718490124822915	-0.4154268514777163	1.0848195272056396	-1.0488493253551896	0.4909540307568478	0.1931894438779333	-0.09888991070431596	-0.233962402270062	0.46437200145350666	-0.4166134268095226	0.043165495195277265	0.1606973145990937	0.3704070810392463	-0.5458690333239405	-0.7749690162995984
0.09173344255207018	0.9413605372719723	-1.8151784797305364	1.2507912059589599	-0.07901423196171642	-0.6866101875081321	1.8859176975082308	0.2880037628144549	-0.6945170423065543	0.02839491068476492	1.4662388822167784	0.09028991034139018	-0.42647300588241294	0.03014534523090615	0.13670351657805435	0.7353689201185852	0.6033362961114271	0.5346773122020089	-1.3546610726514767	-0.39525350241553237	1.0997682548188557	-0.3194380869619797	0.26111249068185055	-0.007813454448307555	-0.6023926501835358	-0.5258143184404562	0.9675012542789391	-0.04233647406875613	0.5592034368297407	-0.10084349626009363	0.3901846078220957	-0.12189069519387136	0.9209824142726528
0.029789449138055157	0.9724124965469724	-0.11050839991776476	1.172802161976451	0.05844612284143075	-0.6545875255648675	2.3783396088857933	0.12107625993159887	-0.5507809930179431	0.08958270788138627	0.8176330866546708	0.1249337238878074	-1.248218549311133	1.2007397734813041	1.245940171794186	0.5340864794573612	0.05853194915553563	0.5101599643838914	-0.05634166143666198	-0.5267043537777911	1.1853406552463976	0.38664923209458674	0.24362927732412487	0.10506151159886407	-0.783752856530363	-0.16542083530775037	0.02226457575835626	0.5832151535194265	0.589813752103778	0.3319385265210876	-0.18058432747601705	-0.2698472517730475	0.15459254343302015
0.0683677125706903	0.9236651802755027	0.7071519049122302	1.245604546108944	-0.3358000521996405	-0.693122545216659	1.9632118591190362	0.3292907821080836	-0.5943457363131549	0.16781237992875522	-1.309281762774499	0.24620659445952378	-1.1344259072671505	1.0715946176303566	-0.30768392985046755	0.8149592944553435	-0.011795992988772291	0.3997078036116952	0.1281814319266004	-0.5133584176035682	1.4410350756546786	-0.0761469939285042	1.2999413294315545	-0.27757471039862924	-0.7838840070494727	0.4485790903155263	0.13882050707254978	0.43699447279901643	0.42518119965004836	0.2964401066514324	-0.4594588721374275	-0.6387060338582182	0.054047486129839915
0.1321017472756551	0.9161960642859007	1.026118703839114	1.35362743284553	-0.15827883855513206	-0.7015014564229817	1.629274297931339	0.42533301418196956	0.19550247572433493	0.13721707916152018	0.27259308607746197	0.3143424204099491	-0.22811885786624653	-0.19165148026970494	-1.7026851345110288	0.7386492195012758	0.291015641325114	0.7699352555293107	0.008392394055015828	0.22466606609679488	-0.04118108138899918	-0.17886293396592523	-0.9430079558921264	-0.0839220748022515	-0.3930293580519339	0.23124690486993157	1.4582446200456654	-1.0363804660221951	-0.49175203258982014	0.41935615404491583	-0.2786169801973235	-0.0047765936874177165	0.030465013440851025
0.21045459874422573	0.9386462080683392	0.9025397946281254	1.2413008722104877	0.5216775225493083	-0.6665153583488544	1.7758998450561512	0.19288450864419618	-0.5071600053590762	0.14171811616421445	-0.22628327153916525	0.17119021997467151	0.7053796018578763	-0.40160793005485135	-1.5928281514963163	0.4166203506741147	0.8301177279833961	0.7582051491963381	-1.1859658191986613	-0.598153792705468	-1.1902335561414783	0.5477234671356224	-1.3203250845744887	-0.3872886640107787	-0.2752049821210158	-0.17462937745941046	0.9201401184157623	-1.489763799662593	-1.3518517818915905	0.7184012349039143	-0.34645684557166373	-0.3537375092154078	0.0835411395850041
0.12496092867760879	0.9605908549454726	0.7337078532446525	1.0549279608523594	0.8693082732993931	-0.6517986113082712	2.0772164233122696	0.10959116810714942	-1.1553096258661741	0.10954312577557093	-0.7095940932909292	0.06477428912892605	1.2761795697096425	0.020184475780680146	-2.0573079525868496	0.46120587830890475	0.6775607580553632	0.4692527067571954	-2.5633179201849017	-1.3401628862999302	-1.0117981347311313	0.3828309424079802	-0.4313450549679805	-0.8404889913589273	-0.031028883227939272	-0.7324411765311718	0.5625420034390115	-0.7406369149145215	-0.993163268705819	-0.6197807388320888	-0.199290990195939	-0.914876148700533	-0.35353413759879976
-0.003507833451945216	1.0009548646731696	0.7007007146721633	0.9199148098628942	0.6420064621280362	-0.7106099312655075	1.6503021414395884	0.01436426387560133	0.11032825755841473	-0.10339423182609497	0.043314710069153196	-0.6588033219213204	0.9283019532902689	-0.9228438961225145	-0.12731555290029364	1.0182609658327264	0.9460748967578743	0.1708518519149182	-1.6970303330746173	0.15844975588555799	-1.4982531787381326	-1.4670226321662911	0.26214334050900395	-1.268016653020302	-0.3395918159693764	-0.5334215842606533	-0.10014576703376922	1.4623885845139968	-0.033465161365963135	0.6100893120832764	0.10232966079017594	0.08161956970428011	-2.126068336147294
-0.5061106250648153	1.0539265783075862	-1.7758312621203542	1.078735888748462	-0.19081321285146305	-0.7339395485501878	1.1148202412770716	0.2529980545310285	1.351051954865976	-0.21785749654167738	-0.2805820322521431	0.3282596182547719	0.6704213759459954	-0.5402951964423449	0.2446625957503248	0.8060804597984152	1.8254554740886	0.7647171801980579	-0.0845011292901799	2.188205563680398	-0.5618124263371804	-0.8125806466358805	-0.21845023664019966	-0.10419185019665918	-0.5861384842156965	0.15711431052911085	2.225949116266995	-0.09492423201164696	0.7325860425132092	1.121494815426539	0.8114735046366925	0.5509335458252735	0.731388539845235
-0.4794691516198882	1.1720971021181357	-1.3114213505562455	0.5932127638875483	0.07519294915592585	-0.5662817906341071	1.0239959356024957	0.2867848894612574	0.7646617662954804	-0.25813418292786705	-0.46665864049667155	-0.44122753608831733	-0.05135361633846849	-0.7087234429000984	0.4248664642365222	0.859692390199238	0.3836805606475652	0.5778999162666284	-0.4544441130055944	-0.23984454178183903	-1.3242782015475665	2.57905963646665	-0.6276212192107979	0.1509093308909563	-1.4922559632415346	-0.22211229714567168	0.46887884544040054	-0.5270620599328698	2.008958602534958	0.12394791614884866	1.3701078399886666	0.8529981177957601	2.3111956754265175
-0.7833434740121805	1.2843626374316526	-1.1363380232253515	0.4064074714686167	0.13635573476155718	-0.49759580824731275	0.6212142395262927	0.44028923279324367	0.14789162395604405	-0.43373059190992536	-1.6869585595189627	-0.3441877160242634	-0.6517836701278564	-1.1702717351006011	0.7508237515748101	0.3613213737835539	-1.0766668531644628	0.5679108522399455	0.13318678463858422	-1.6800011292779038	-2.4266795153767666	1.521808561849591	1.119347032477387	-0.6917507818678363	-0.8173158363374952	-0.6863666467484799	-0.8233425738876645	-1.025617566230547	1.1288783462208665	-0.46754974655167786	0.8784599095728725	0.38737245623747785	-0.28588695480716153
-0.8443361955773404	1.326358157354767	-2.1260488510158884	0.4024160873620175	-0.3507911293845603	-0.5974904149764116	-0.11425221264338986	0.6847569975292341	0.14450120500647742	-0.6644773697003958	-0.28363714477144236	0.10640679942087813	-0.40056977637012614	-0.571071522482803	0.16161416885843874	0.417777062934259	-1.083070710274596	0.27505319748546175	0.5110989400789656	-1.25577835372348	-2.120014299122883	-1.4275877688457317	2.36804841585898	-0.19303439073250261	-0.23117063273940885	-0.5010906433634637	0.09681013752877322	0.1917861907234778	0.5983088593761808	-0.018790191665369473	0.5003817730442712	0.18618285629905415	-0.9135705843783668
-0.9592754300473924	1.3281065129027507	-1.0438501752948113	0.6524017590376191	-0.6849620297916771	-0.5963113108114275	-0.4698227558286668	0.6516777753895475	0.3451256396630587	-0.666184852990449	1.9738289409484713	0.7438709898520113	0.22881802195843223	0.7387471551283834	0.7883327784599284	0.6730850964151103	-0.2467483435853501	0.4639814068977484	0.1052627952859133	-0.30619955629388534	0.0952181448947118	-1.1132340410406694	0.31515518068568904	1.0543160143199217	-0.22584683838182126	-1.0007608172086069	1.4769344100754593	0.6078488197782694	-0.21931259618955892	0.2491910040014246	0.8112252012010818	0.41336364808384757	1.3591417345007695
-0.9563728040656951	1.3288483591610543	-0.6056124017660045	0.6443785627424579	-0.46154711540655596	-0.5790901292716704	-0.4444161768948309	1.032692685993471	0.3186035181087914	-0.6936281867413665	1.4658325928630036	0.3115974640857426	0.26325202136975584	1.0400725307507557	0.9580239573631625	0.8486200524699271	0.09717919402015639	0.35365048718485054	-0.28334250064846916	-1.3618396544876288	-0.7243227189512258	0.4027832140712495	-1.0834699130223602	0.7380813088590608	-0.6244429468642841	-0.3940649548045965	-0.07998469954445427	0.17731762660218559	-0.10639381903106293	-0.04944632013660655	0.9908344104617988	0.5944903631005023	0.6021845603800766
-1.165882575701971	1.3696068659977827	0.11577557559458075	0.5914602392665012	-0.1616371597360962	-0.5337813059661236	-0.780480942746366	0.9585591297185735	-0.4657259095844678	-0.7353671193340094	-0.46257224595379326	0.8341229987912723	0.7955581320066436	1.4423449885068145	0.8670727831874583	0.7152246393724869	0.078292686235976	0.6139836208502182	-1.2577214814829072	-1.3261301065798496	-0.7548538576792021	-0.459591151734605	-0.08848542102634764	0.6550826328246165	0.23783053617495853	-0.28550762841933686	0.6193019634399901	-0.567592784693487	-1.0739320075052579	-0.4664621396978648	0.6232962839919005	-0.31732035940816256	-1.0572691590992083
-1.1791697260572291	1.3652490747930972	0.682723516824657	0.49420314371594065	-0.3937886463650061	-0.5987753775552811	-1.052714853692579	1.0532595612021118	-0.01845495183824449	-0.7898831565721957	-0.2691848006556308	0.7424835262923274	0.4395181794586701	0.5418925286337911	-1.756204507576375	0.5345779229520539	0.13845895916814593	0.6180689447982166	-1.9312256550611193	0.437935196194186	0.13967211050997902	-1.3548781302931758	0.4024441502966766	1.3654538604079987	0.11117217580729244	-0.08647063515214762	-0.691623542403957	0.426655450494407	0.01703955363917239	-0.08884444205371776	0.7809696647197014	-0.5250357937590671	-0.318002342700777
-1.1332363617096657	1.3449908796262153	1.1177777779975155	0.44826559430955687	-0.32776950691564655	-0.6116064013575397	-1.1352879059913226	1.585954805801123	0.31420129431307875	-0.7939080924035757	0.4161718712022788	0.5322815534975353	-0.32083290658794034	-1.1865017132103732	-0.18887283212865405	0.47272164645453896	0.25864910714875383	0.8171178700727633	1.060766699596965	0.42387209958447924	0.40313932281539855	-0.16417508010091358	-0.3383517021926189	1.0254702152756339	-0.2671530997844188	0.5971474015762204	-1.157738831610303	0.6291485426930706	1.3971929424902805	0.47746933528043684	1.15883673432058	-0.22214135425230422	-0.32756005435836677
-1.3447262235444122	1.3921407215156296	0.05217149086575365	0.5970771969411268	-0.29862560045723524	-0.5338889279046576	-1.3877346047781058	1.5354971696751045	-0.008491346053971652	-0.8098234068918989	-1.3322441278926547	0.7074309438776886	-0.5836938510927415	-1.5379551200167825	1.0925386634792897	0.49611846320303443	-0.4055525423107089	0.4565222240101296	1.126775311757366	-0.669446546729097	0.20774197056388788	0.3614725377233585	-0.022765192761927962	0.7691290248481453	0.10471048864972589	0.5003867843872363	-0.7336164474497171	1.4563027857324178	0.8038295309516821	0.1340347536079977	1.2828480231985508	0.3248995245066857	-0.3672163840685713
-1.3462710890388185	1.4046402005650112	-1.8079144598581751	0.5120259747700274	-0.821172071305756	-0.5639664534409179	-1.6887086439396488	1.4522915647766934	0.454931996397956	-0.8647560747018568	-1.088467133701468	1.000227244595798	-0.26721730090518214	-1.0583301917098633	0.1080988139119429	0.6812710556479545	-0.2728176678999654	0.3769314298911421	-0.2567339002028211	-0.269274614184802	-0.559979268381026	-0.5493028564292672	0.4664411555714651	0.6377165914938293	0.10334627892555136	0.0314905917773258	0.6494296926957989	1.7468781435649983	-0.20184107362030376	0.3109814081634344	0.8258448228728146	1.0263617792309814	-0.9339062660539668
-1.48715113529851	1.2997962057333547	-1.7886434278364196	0.5164178594967612	-0.14624895136293647	-0.5969221991424298	-1.3984332188441684	1.5416323609051672	0.40277942585050924	-0.8824615221096394	1.5413784744860253	0.8918091663194988	0.5854265926272365	0.13654035732574143	-0.05304158574506116	0.9968272999467792	1.3843996589983707	0.42345151747091886	-0.3222303708268718	0.24697408385556008	-1.3061342446595157	-0.2594774862434949	-1.1186792079523795	0.054561802547007154	-0.04107644387602155	0.3513028531292607	0.33687002283493667	0.13765950663524285	-0.21257873823558301	-0.14147595625102236	0.6846335040630819	0.8194748730307124	-0.401989471795336
-1.4999228635195683	1.3747398865996845	-0.4231195860635146	0.7549367433514685	0.08242508389579842	-0.5847445147672168	-1.4468215481609161	1.358308928067926	-0.30290027513069295	-0.9190977901453842	0.7897282990100515	0.773124230783669	0.8658955749401769	1.1705727055460835	1.087885943473026	0.7694677699057644	1.0784871450605094	0.5981984582951507	-0.1431893450444111	-0.23777907650747906	-0.6600468606788985	-0.14038993648181167	0.2758803394612977	-0.23459749773660277	0.17154899816203784	-0.21598359221095362	1.1217560653077387	-1.017636048664088	-0.634344237131868	-0.10431079614839392	0.9194004833427177	0.09372970234045205	-0.9183971527610079
-1.6372211036488178	1.4102008131194799	0.3040656756821275	0.6201291120471064	0.6130484738866829	-0.5603668424066781	-1.4424586326545838	1.2461517111962073	-0.03863481936270848	-0.8471607934101464	-1.0507363303854849	0.7440042464778964	1.3294700352921553	1.2980421036848615	0.38237347726886106	0.6112474224058931	0.8277158638560421	0.6252796526266139	-0.898942064704377	0.05594931689590862	-0.6997019607431684	0.01829340095296876	-0.26461414038267805	0.15793164237853746	0.26931867361412165	-0.47131790215162817	0.266700099148595	-0.1379488189277114	-0.02870054766299765	0.1970090035592556	0.832516410877823	-0.43681792169963146	-0.5112231458031865
-1.835595427662569	1.4502265640883554	0.4463038419484584	0.6573580703841562	0.5890565063520306	-0.4761330667887846	-1.5495259227471503	1.2343863547063134	0.04641598353658669	-0.8352589251716557	-1.1773262701547706	1.011849049524951	1.0138743209973657	1.2049764230914617	-0.04313228696080092	0.5657784334562406	-0.2569243714556374	0.436081130592087	0.2429210726731165	0.12973705710645952	-0.3408844248707702	0.08576454833620788	-1.4108865623888138	-0.22893500907866898	0.15991371038082328	0.007680243652426028	-1.6360663023380158	1.1887945217479432	-0.1743185993423685	-0.3405428072839292	0.7892889068333651	-0.6035717462446633	-0.8234154328142332
-1.8549544937686309	1.4243816739103128	0.45309796541299585	0.4767359561489221	0.33221224148773054	-0.47610760664043117	-1.501783810496311	1.4305303231716178	0.7208412571427113	-0.8013857944909392	-1.6260879161947004	1.1935873768374388	1.0665739133686194	1.1110693609862021	-0.3075076613075935	0.7024236502346063	-1.456914246480405	0.23933485680110791	0.7478227332595099	0.1434924608758261	0.6095393605120063	-0.3277985425067049	-1.4565223153455997	-1.3201644915041517	0.053132797728860655	0.6723665336797661	-1.5232442663797274	1.7314452526217996	0.1641697040600976	-1.2800649818411747	0.5252443939051105	-0.4282028211609348	-1.036287953073888
-1.7730034227215532	1.277522109563901	0.8400707425263036	-0.15319643883850123	0.9089152624281892	-0.46711641692225736	-0.6183875855459896	0.08424880284943	1.3238050560051766	-1.2726292416481018	0.310631486636778	-0.5460771876549151	1.4872338045177753	0.3804468518326443	-1.5529251446269847	2.121282710488167	0.14184851225617132	-0.9754824567781887	0.9513414665777101	0.4142168371169708	1.23525532391049	-0.6974021246294181	0.5403124598663784	-1.7849237347888964	-0.3237937421498509	0.20520620254957864	-1.7000573079128143	1.1964395801602203	0.6001344340383399	-8.669734206914608	0.6249576533261025	-2.08644221563608	-0.08916877940537841
-0.9109946603299062	1.2875348613494424	-0.5860711946188424	-1.4907378941178635	-1.1187357486275806	-0.6111492218899046	1.473902567198951	-3.835227498000353	2.941964598820486	-2.217748607057965	0.5518775653018384	-6.523178058635081	1.626536140624828	-0.406516894412903	1.041154749545966	0.7051535680544003	0.2306806577385496	-0.7076690403208503	2.6267324403615264	1.550523422959142	1.2733984256507145	-1.1954568151659761	0.5479279758908694	-0.3626172410945408	-0.2479359746666334	2.4923065721144457	1.7389548686321132	-1.258991967366779	1.7262686640966995	-4.503696076433444	1.1742004943967448	0.5525319982541202	-1.6612701641204066
-2.8726311862325864	1.414253953414634	0.46688089528565446	-1.2202282678193002	0.9408777134836657	-0.32147897770871503	0.6762895095987845	-4.117389555571525	2.0239689547387347	-2.129904853477852	-1.3717234072932145	-4.875785335942475	0.31793516380966313	-0.5641400069509734	-0.11373623212049294	0.9920249090318268	0.8684313672443047	0.02543352823091191	1.2775927475011728	3.7995350931191187	1.0336863513409842	2.3643927779272946	0.6965321908600753	0.9472120728912958	1.779448215485126	-0.7617499070443304	3.1159024591702495	3.0218506606736444	0.4156554051797662	1.334155684479899	1.4159441312137049	-0.8447523469669315	1.232637735734875
-2.8404476692386673	1.6276044473885771	-0.32135290239747955	-1.4071363722742032	1.5415868531830927	-0.21717232452466656	-0.8548435886371093	-2.0451372419519656	-0.9821395662454456	-1.7383882592418873	0.7114288173858341	-1.0184865252474855	-1.0212548097472902	0.6263226686215297	-0.00856178905510151	0.17344278828483164	-0.8190928219635182	0.3299797954351599	1.1263222356234037	2.6843017003167517	0.5307816183941555	3.969248928225267	-0.30611787130183443	1.0318392862469994	1.3296171326439792	-1.5280287638459684	0.04906033619424037	-0.9629219320380736	-1.5580719692050244	0.4110674126713946	-0.5447037737611437	0.080821989057074	0.6643268465147593
-1.9923591907413443	1.643611816705721	0.8275414610059366	-1.3767243719370577	0.7222084688054736	-0.2682269306938251	-1.2719180893368713	-1.3937012222442324	-2.037798883290469	-1.3587476363454811	-0.03753657641982295	-0.3927747639407995	-2.103450603802411	-0.1418900305689098	-1.7684939734983651	0.4522473690970125	-1.2587861653442505	0.25232044807505566	0.48798394674695655	-0.338068307624426	-0.40199520798208405	1.835212701204013	0.7703742121083148	0.12198018838310459	1.1576837450275863	-1.0362201944778022	-1.2475110630115847	-0.7192406787110059	-2.292518931288949	0.6471788329826837	-0.907318482485741	-0.5711655537230484	0.16439637942066476
-1.6702199026102753	1.6180392622517443	-1.3556967696889395	-1.3566490867175902	0.16476831245759893	-0.36599401176567714	-1.0922010359590153	-1.0774165309681332	-1.9433786141702294	-1.3234981109921362	-0.50535242845357	-1.0090612836993658	-1.3663212079590992	-0.9748850670344011	0.09481981512888193	0.7180861985566228	-1.2309911698956837	0.05505365244103086	0.5878121276969277	-1.4202464296459074	-0.4738935933992435	-1.42305988162972	1.022865592195207	0.008644603196838992	0.7398694230318589	-0.007728700377850041	-0.539377096911659	0.5732390923665817	-1.5947225604949191	1.2420509697376365	-0.5706313396339006	0.8588888803312525	-0.4312153852645618
-1.3961441429534207	1.5469308595571996	-0.4470171956378663	-1.0127173923931247	-0.17252714725801935	-0.4356378443704102	-1.0406777753650231	-0.6113832469756256	-0.9989832355094322	-1.1653480326611723	1.567372389484681	-0.05882185449310825	-0.910538764715488	0.8697224668567578	0.7627302832207807	0.8588852526202388	-0.6017482327890311	0.31751696478716707	0.516480262967624	-1.1581725990600025	0.31577596620447607	-1.3666150968841835	-0.27618057362050147	0.5830991431648537	0.276693629890437	0.5890372126316026	0.2543954173960583	-0.21382196013739171	-1.5125646325012343	1.058986896448477	-0.7003949880451847	0.835199380828335	0.8678155149051358
-1.350113750587269	1.5613165013836976	0.2523868016877086	-1.2567761967535789	0.15297814988119568	-0.3826833752821426	-0.5050305538777943	-0.3980992701998463	-0.9204718272160423	-1.0516648078472264	-0.3186637076185109	0.33136336002255395	-0.18190488111984346	1.3243182814045376	0.8201485118722962	0.9156882448774221	-0.03233653197135879	0.3687086974508393	-1.3370807531662443	-1.9555866725935342	1.3453329212608582	-0.4783167025754141	-1.2717733393519706	0.29783248945693	0.36815848810388024	-0.07244810359757264	-0.7003007316083272	-0.8700174571004958	-1.2648084649721456	0.3659906910639378	-1.1031609020726463	0.2716995590999102	0.25517552292837936
-1.2299131790360733	1.5458687210982323	0.5477509977305914	-1.2128566132183936	0.18850214875230004	-0.43485497295143466	-0.6787157650144895	-0.08781982720844073	-0.5681254872340158	-0.9677391750495811	-1.2362666904089872	0.3115047745104403	-0.18248573089609318	1.2544711812113982	0.07951650018271403	0.61001488879907	-0.32787824030444296	0.4979578888887977	-1.1992380474408024	-1.717120802316814	1.3316410449892397	-1.0633666179129402	-0.5047659916541483	0.10226571701042382	0.24946125855653992	0.2501301806019882	-1.902793685677808	-1.2263889563219572	-1.1813111058554908	0.3642468181617659	-1.4822629247926702	-0.006383745769124602	-0.9932944022545737
-0.8246982472630692	1.4678773526143503	0.8925930714379325	-1.1840648535367424	-0.5753334398932947	-0.5420027161910762	-0.4265409747300199	-0.302503504469758	0.020873300527240398	-0.8536139941808387	0.5372124622421548	0.13455839477311277	0.31137089085690156	-0.17553630260034891	-1.1854527939903774	0.5771607447591461	0.15096715100579933	0.370707656536221	-0.9233317597554132	-0.5906710160802214	1.5682975338833505	-2.0959041143070207	0.4035644307000895	0.5652232763861943	-0.08234872353134584	-0.18282858858388157	-1.64748251720365	-0.8349089196838703	-0.4987747670449656	0.26774859465143314	-1.5277054457684198	-0.38252670429148894	-0.9532603958287468
-0.5459815938895745	1.4386067710068318	-0.327180685959752	-1.2581598915975365	-0.6135765154661648	-0.5675837561954371	0.1799812048437427	-0.40592335891497133	1.2789430901900374	-0.7444292486976125	-1.1720517755831332	-0.22382455879944757	-0.021491163380008973	-1.387135780214216	1.0813979829602696	0.485398572531516	1.3256297585976962	0.5485137085321319	0.3368092943377359	-0.1564002373716216	1.5949106763007754	-1.1053995797267322	-1.3113815329131422	1.2675223790744052	-0.3736423362109906	0.5390546834754242	-1.2521655220590668	-0.8171886335876742	0.8927254246158394	1.0429902937973257	-0.6907315761263272	0.8101081902578982	0.702767738829368
-0.5565141608925676	1.4387923046821074	-1.9498112182015512	-1.174782500077382	-1.2463643693909052	-0.5536415260581068	0.06256197983659477	-0.12169540862486464	1.687948148736984	-0.7655699816613829	0.30791752901006586	-0.054750876954458266	-0.5695516640627577	-0.6317337273196861	-0.31474286037696225	0.521128923414137	0.35755056918049677	0.30236977431449175	0.4739566687595973	-1.057874230417729	0.11721604725028002	0.7004270404871976	-2.013050490383281	0.9554500477374431	-0.5297103436145222	0.3321283177254043	-1.392535232380243	0.7139511841184785	0.6596018500295028	0.3691198709578698	-0.3685005997226026	1.0566413761174318	0.6517907329089192
-0.39429153739933015	1.409120065235628	-1.6697036831403156	-1.1529179867532315	-1.5436155267386664	-0.5638213187747577	0.10341069595706369	-0.22399804947205482	0.9545794672609995	-0.7638534094380068	2.188475438283821	-0.11866623862429339	-0.5522179676921545	0.05819938726246117	-0.22366250030841306	0.7241676076113803	-0.2755923643082034	0.16450755745265705	-0.06232818353953289	-1.2996707392015368	-0.3000309174666912	0.10809162499803064	-0.3923824382932867	0.581570058475571	-0.7855697645384149	0.13754265269376278	-1.0480983439322475	0.6848379431239427	-0.15915520075803552	0.2736520654292855	-0.6831394203255299	0.8289676053023144	-0.4252008868454205
-0.25350753675524856	1.338843480054531	-0.47407932946902365	-1.0676382137028133	-1.4856442520909272	-0.6430127200880856	0.321088964472572	-0.32265089388345347	0.6119198760240544	-0.7415667211916144	1.3481719994738244	-0.029429685121610594	-0.037740316069294504	1.0665237053395957	1.0231749608233625	0.9255933342696597	0.0285633569871897	0.28298905907535477	-0.4709761312232463	0.04143609889320187	0.36978529278010364	-0.9399593387017974	0.028861690923320513	0.7154861368937404	-0.6283000242531271	0.16321141834790026	0.8577585470843869	-0.8305160419625464	0.07156519623247215	0.6499689761617328	-1.0664621442081053	0.7259183244916451	-0.5221529821029612
-0.574905857912554	1.445678664975308	-0.010339891265506081	-1.5648798206608776	-0.08479678788513542	-0.4977306104797105	-0.22855477880943545	-0.39808369410899297	0.30619933122251874	-0.788517600958771	0.30334648559090543	-0.5168790393997347	0.9678004019847585	1.256965519173304	1.036077751293258	0.9047946845246878	1.0537411550463682	0.4980364244754515	-0.743255868095295	-1.0444462047302363	-0.7424316059122081	0.6793664946685141	-1.7740580363774052	0.22154711877549677	-0.7571953625756013	0.41137221581272476	0.7946111876473371	-2.229033195962555	1.3278990691009136	1.024444607931226	-1.258578338771834	0.002510178119843076	0.5216165761855989
-0.48947959751992476	1.4609852511596348	0.18652463618064344	-1.539944266032441	0.163231181371439	-0.502536785839384	0.010414143356470678	-0.1722962574572986	-0.1583886312935563	-0.8042734543146112	0.0050988123588001895	-0.5148157304077313	0.13249703283773837	1.2962263706894344	1.3046766772362983	0.6349743901816209	0.4776212259147163	0.4794146388366185	-0.0617762653861878	-1.6915360906903474	-1.559552208135582	0.46396731738325164	0.24147896939304206	-0.18725482471591096	-0.8831759558531243	-0.01692362113418583	-0.06752853454115006	-2.040632803630431	0.8702494568246398	0.9177631356941046	-1.3691273182018098	-0.5736710012687419	-0.8518840318541083
-0.5670604632220697	1.4687150122958486	0.4493340228563891	-1.5447578576417549	0.1836472663964553	-0.5320798676664393	-0.17070750634481088	0.014147169310571027	-0.4464959616508655	-0.8355057246769975	-1.0797209339343259	0.11647513095161167	0.1002020892781292	1.3773763315029304	0.9991161161943801	0.5283902737571337	0.2520410885154369	0.38151707114009675	-0.6059302833625996	-1.078413015652433	-0.4149034087577296	-0.9154329822166797	1.0036039295085963	0.08704638443808352	-0.41658657871578997	-0.1053878836554019	1.0295822237820011	-1.6204581458034237	0.23566453687429795	0.6626450034174317	-1.499410170803622	-1.201111533673266	-1.0641739575130174
0.031578638144374005	1.1251356238181132	0.27511256102621656	-0.3577504937626513	-0.22343616953744364	-0.4595483013540871	-0.01066484929727242	-0.4543225009794895	-0.2951176952462486	-0.12946719384030286	-1.4503475820642178	0.208923685838036	1.3839483902430432	0.7308625225567762	-1.533753625891473	-5.810929509692787	-0.5853553896188555	2.308228441727953	-1.7229521098636802	0.20895060128831613	1.0266090086906072	-1.6548541247055881	0.05263969445830698	0.5242486962769799	0.25871055125675513	2.251444422943606	1.166034141449835	-2.453867938069798	-0.4568496596725139	0.9284181178052291	-0.6450675328968221	-0.7115106905310281	1.6455029310332328
-0.35685723931101976	-1.2963178441998175	0.5468577106756021	-0.7246093870624881	-0.8848943214472854	1.1646357600850583	-0.08886578837336855	-2.241713946731505	-0.5326226159630303	-1.5649754316805484	0.4040959072899491	-0.7102200427391573	0.6918471677211079	-0.2999500794938933	-0.8157048474340629	0.23571387115232822	-0.04941621956634907	10.689189466356869	0.2504652569684385	0.32686574892315734	-0.2873513345052108	0.263523155469527	0.212626819973341	-1.1759156104950736	-0.7881586309937836	0.25072601979614434	-0.6965239406577879	1.2877366182556373	-1.3322029653119651	-2.3407833583464774	-0.4118758124586743	0.7209621025994175	-0.02964112685182709
0.5367552754193553	-1.3944106297854	-0.7044204071688759	0.5689291145835529	0.3942525266604131	1.369187906100116	-0.036861248493850786	-2.6526253707878	-1.1508740188368742	-1.678176675061382	0.27001683007303073	2.05366336134644	-0.4836211389877509	0.1489520586100634	0.8798791222162224	-0.8426381586371882	1.63202011115812	-1.2122135234537663	0.0707267206760741	3.439735474043942	-0.6497934667190973	0.24253820451459882	-0.7343314203325393	-1.7976396735842335	-1.222786290469411	7.902598693868522	1.2310615990477283	1.36563767311033	-0.20734278225765684	-0.7437179998547284	0.8244470137400421	-1.2601810330823064	-0.7777702323607075
0.33567628648592	-1.4168411423737521	0.9020460863890483	0.487367243789325	0.03981586767169585	1.381493907958005	-0.6456228430575496	-2.052169883732004	-0.9467310532455321	-1.9834461129492724	0.39885150718994766	1.3280313905897416	-1.2340535135680928	-0.18688507050328318	-0.9859648288470374	-0.570232610385906	1.0320907916134496	-0.9859116655628302	-1.0377967408094713	2.5112471191717813	0.1643384912102547	1.0004417241041903	-1.2621915801997212	-1.3990185310168672	-1.2464052873066422	0.41990109349336613	-0.36968840232930933	-0.4497291995744054	0.5368597459738467	-0.111741878566404	0.10652352740915376	0.13408562275078323	0.12309126944165934
0.11706546400096611	-1.3941523131442943	-1.5081253210593775	0.3260319738685295	0.9356738354744005	1.325083417071346	-0.6727068581453352	-1.7537096327770758	-1.1200009265470574	-1.7971596648995887	-0.4334132687631935	1.250721553634832	-1.4872386785040737	-0.4853734685399032	-0.051588049156726205	-0.47079509161523975	0.9241665602403772	-1.2663432176373797	-0.4600145882330396	0.2087824123629659	-0.14002658407799837	0.37599475364920765	-1.125696097544922	-1.820263857210814	-1.412862009679047	0.145904268693421	-0.7500933751944566	-0.07678738823826169	1.2953563130466679	0.4803112923736329	-0.7873285775831346	-0.8780573767790537	-0.6371426168608422
-0.08831204846288883	-1.44539538808051	-0.11607875457735801	0.25654959170458375	0.5891047993293201	1.2753926304860081	-0.4484357454044936	-1.5246590425806856	-0.7846883752069781	-1.6457694488684023	0.3333333635365016	0.6717670286551043	-1.4287915495565562	1.1772679860163946	0.826032376284454	-0.46636429214465697	-0.2634263719647042	-1.4367362412193563	0.07869498826383488	-0.94590482718438	-0.9629276844568483	-0.46105674520372836	-0.32487304341709383	-1.9497364827836867	-1.4698506170747103	-0.005544267743315147	-0.708508485348655	0.6684258269914941	1.7715306475601729	0.1475683696024792	-1.279756034376664	0.20139549024534692	1.414376466767366
-0.1772128100399031	-1.499499767239627	0.33938273019581566	0.2541308189374552	0.16968538826861965	1.185186281464651	-0.8802978947268243	-1.4470277410974317	-0.11796321156260775	-1.6220048914018341	-1.1503841079678667	0.6855639641449339	-0.8456805040490939	1.1348845872767332	-0.9707165181733104	-0.5427100343259561	-1.750474178676602	-1.1487491334386661	-0.09448918220723565	-1.237476177798183	-0.25418531691337737	-1.0580672437980991	0.152917740539288	-1.5345306825188239	-1.7247636365224892	-0.47374609315033395	-0.6075235473378858	-0.9160057490556446	1.9439337830052446	0.29767803724181907	-1.262914086480089	1.2329364170655943	1.2924368958046566
-0.19181879256004372	-1.51237458953676	0.5458159235442377	0.21932389755826834	-0.232926832211033	1.116582939494277	-0.9742430611443098	-1.3311923261828513	0.33748374891796024	-1.4820671185072571	0.3525453134613522	0.675023912558767	-0.3369423180283927	0.544350882511188	-2.037759955202541	-0.7946259331256782	-1.795466244984619	-1.17228918800882	-0.20108226571043208	-0.8502465660839573	0.10409107603464775	-1.2303808847284388	0.31381222165274414	-1.3283187110251846	-2.2192194785806	-1.2260821382744056	-0.7069729934809509	-0.39699565168284817	2.3634957628255475	0.09969984172146222	-1.7454891013069012	0.49625630437447127	0.7064325048757
-0.16696763798999292	-1.49467436858925	1.0065382303111483	0.2920838588862057	-0.3929033021241761	1.0651481865596224	-1.028143354793243	-1.367235186223931	0.6534010556863622	-1.4153386636746765	1.8904944864611901	0.9696751447537845	0.16006010814811147	-0.3078733992963136	-1.3741947514527866	-0.5771832458187381	-1.3989005098797374	-1.238677928724729	0.30126805305945875	-0.14305100341888063	0.2600775518101791	-1.1576391689992316	0.49356232066970357	-0.7679446441035127	-2.4635955243109295	-1.1470462420023018	-0.6220021014802347	0.0017940623318925119	2.340821762732091	0.45114769650622544	-1.5157026667178202	0.5181794252248109	-0.5190109200682944
-0.503337153026882	-1.6097916498976095	1.0676048677360765	0.5673614404882246	-0.27923421994164177	1.0364481994256303	-1.0727738683305927	-1.1890625799138779	0.43355876634143464	-1.7139998419816564	1.0718199613959682	1.2140445651275125	0.8251805215067665	-1.0189818715815704	0.7655365357907786	-0.42062163030585953	0.053334157386898166	-1.1747978381860107	0.8138576065306171	0.17839092808144108	1.8049313965090146	-0.40435208028028213	-0.01592475928272564	-0.8527491233987606	-2.4028587782267437	-0.9754972980832272	0.25487141881591824	-0.8107030528949868	1.6654132775072128	-0.12198255333763869	-1.3480503905429886	0.6127883743278755	-0.020621741495695903
-0.29716034240167544	-1.5248490381196496	0.6689175313859244	0.4168447727757694	-0.6034756729257817	1.0444364528616035	-0.7469871462059637	-1.1886052212788505	0.08043783131956513	-1.5511078512133516	-0.4766042811624506	1.1470766534715504	0.6453831867036396	-1.3198790990914397	1.405737214204484	-0.5059555815460294	0.6058264956751789	-1.1107787600768357	-0.7757621948517118	-0.04773595013353744	1.9407590732645756	1.104277397640867	-0.2981980387583525	-1.198391501945614	-2.1395722887700814	-0.5452887678740008	1.1625457281895109	-0.22469973446077582	-0.08248609697357188	-0.3111926283100924	-1.2666279833335827	0.16691139612243142	0.34465250290613275
-0.09405667226920339	-1.465338918939788	-0.4859811680278649	0.33321301782301743	-0.668241139621804	1.0606719026395592	-0.7899016925063383	-1.1091247570484615	1.837403802405079	-1.1776180422537394	-2.1672457103530416	1.0448207100889852	-0.01882082631953967	-1.1044910227023748	1.2271667060596407	-0.3990611690417517	0.3173482579085933	-1.1769390367181725	-0.9593495068368486	0.5468141941991959	-1.3025067479770671	0.0343318438630854	1.6217946654105173	-0.776351635357083	-1.9062180230819723	-1.3402672969551612	0.6119206401131749	-0.04968394273220972	-0.7244448991101938	0.3987956468653916	-2.4017806335594383	-0.6785985026182562	-0.37755159389536663
0.2653061905180588	-1.3055548601308262	-0.27996086977311	0.29240763098142025	-0.5175341044682553	1.1108389129191405	-0.6269190270172822	-0.7569680170090567	2.1198490034182655	-0.8929949911398336	-1.2588027394614838	1.2266913327171085	0.6528037256425929	-1.1389172451994325	1.3122301944495878	-0.5357083555653877	0.3850970461242391	-0.9465240805710146	-0.9217916360184425	0.3740054531760889	-1.2188579509413	0.7485279717010208	1.2932479054199106	1.399643828272501	-1.2986392360947536	-1.316351869285234	1.5111034419145577	0.08421921480425272	-0.6676804987719458	-0.0018894774919823033	-2.2671227593126178	-1.9797845863007704	1.3504725775855375
0.6478651017379369	-1.091808007729302	0.7025532853966543	0.1673685777744922	-0.5797448132137669	1.249597261942178	0.044858588555190856	-0.6659957864445177	1.3533298365892317	-0.6154024491773074	-0.03567447300444381	0.9869485027151219	0.595041347633972	-1.2937738174506084	1.1938446195528758	-0.6660782514975876	-0.307245927381737	-0.8244698797760578	-0.6809091632422014	-1.4266755878312354	-1.1965081655983472	1.7479835376158486	0.6816717820593186	1.5752975203007966	-0.19369759836278583	-0.9179224114182416	-0.11212229559084089	0.8320962015555714	-1.5868668709162996	-0.30446506886547825	-0.9399905634033862	-1.9148076150927127	1.0592903223766958
0.8420421401393596	-0.9997996592446952	1.1091423077687803	-0.01568055417815898	-0.5592192800817646	1.3303281624937322	0.1788838557332731	-0.813444861482126	0.5935363893482557	-0.41185659784736944	0.7636576104953064	0.8879496584499116	0.42886321999728755	-1.234518531900084	0.43350802460435883	-0.6712195834684775	-0.5125999666218085	-0.8514987597334245	-0.2426386025661783	-1.6404998574185206	-2.1089013872262123	0.18114223624843798	0.3194801064572163	1.1683052971643177	0.41286206233211026	-0.8056747575808839	-0.9592948680133129	0.2707468468410022	-1.43773984136674	-0.1960642800560745	-0.7895619489926786	-1.740628987476703	-0.9335969188666833
0.7535890445911656	-1.0807021958286886	0.9891567921930404	0.02645523348686057	-0.433297939541919	1.2979649165174971	0.16063642073019013	-0.8986897514155798	0.759284139876275	-0.4880735882656343	0.30232808731419836	1.058192846147117	1.252338188863501	-1.1851276894731464	1.1622593304084805	-0.4347275927548148	0.19231122735305062	-0.6881395580955332	0.27276118544065353	-0.6751792545702887	-0.832248518902414	-1.0895323900236964	0.2265000608548881	0.8503989780930864	0.5139068330447175	-1.1760154039599735	-1.3229070275657224	-0.321184743714149	-0.6478765993050246	-0.13230221668773293	-0.7389536084500209	-1.4943864870764985	-0.813313499364751
0.5300718293569711	-0.9963685006286686	0.2433110109375296	0.14098821759693367	-0.9057360970790493	1.2769854749750056	0.009946147983608919	-0.9092748692880545	0.7588687223684452	-0.2202842570887348	-1.4475911300532125	1.2870325031166205	2.6201843046638773	-1.3031952340114217	1.6211590684376254	-0.2981433342840121	-1.121065959025882	-0.7566829638527576	1.2951010849854514	-0.636379843759187	1.7990668027546648	-0.10916254070780769	-1.146169982639466	-0.10402108613317389	0.8977715293402458	-0.9971160446334656	-0.03380673090672034	-0.4021794432616627	0.10860316033845016	0.002511432063668924	0.017857648155185552	-2.1775059912698183	0.015857743904641158
0.5112961265054206	-0.9059942104990731	-1.7413390949537508	-0.16946596207602627	-0.6314753952514452	1.261336685261441	0.05345923769050407	-0.7127618671737764	1.5189537172524719	0.07504921076423277	-1.2346894462908065	1.0382755670716568	1.746145325055466	-0.6200340754223858	0.09949124400724627	-0.3941385706247359	-0.650421596704083	-0.5662415698672139	0.7030571623141222	-0.7466177254951479	2.205119889094159	0.05028696211768362	1.002865781686229	-0.39295774840233383	1.2129251759230553	0.5903135229469588	1.9315511289763696	0.2181143955817412	0.712708800562752	-0.03393845920688785	-0.8849356945201885	-2.4726555149583636	-1.3187726192302993
0.5592363543544904	-0.8801069017135261	-1.7394302148744543	-0.14705269770978513	-0.30759064552567006	1.277969654546066	0.3541611605519112	-0.4597461886984835	1.0722644387304416	0.08498062134052374	1.3940148031227082	1.100650599965767	0.31352887634796095	0.17640166048025	-0.24272315735273883	-0.18782656574350917	1.2767783042518122	-0.4955656080382752	2.0175743850255246	0.23881769328771707	0.45283922693886974	1.368399810153151	0.021668560415036505	1.241873837518517	0.9423947818043644	1.3160226971901625	0.6523839964745334	0.9896345264907468	0.9404332453663283	0.7771409294531001	-1.4218097846345825	-1.85011248789777	-0.49742545725887666
0.5186731451179705	-0.7397202584588347	-1.7033540020040305	0.08082785007405663	0.12219926633193658	1.3592864569415415	0.13703504018190563	-0.6304374841517281	-0.6638750586447713	0.2721059248369521	1.5933028571641188	1.4162279538123286	-0.35057790303644293	0.4479059799877437	-0.05649478853305936	-0.39506311531792415	0.907980527676969	-0.30124537607915236	1.4507758137409474	-0.23718197252583217	-1.0434653424382294	1.6586842897236673	-0.17710455010436696	0.931245288801991	1.1652146752607089	0.6582279484037651	0.8439066890465947	0.5666486693829078	0.13007780578390446	0.36304096320119045	0.22383501683696716	-1.4316106928718628	-1.9100548329167581
0.6605955736937199	-0.6662011240899248	-1.0741377981898432	0.18687878220274207	-0.10216276824069427	1.4020294488777232	0.0242677729897578	-0.7317139917122969	-0.7489598547456692	0.285350711436162	1.710572478958292	1.0304936487541692	-0.587605646988633	1.0374253844320651	0.48148771605907764	-0.24096062004106308	0.05228202496572261	-0.4208990495059614	-1.335368995503006	-0.5091058346431588	-0.9252325464152951	0.863485090362727	1.529811480773587	0.8383407862743238	1.1224088032235522	0.0793150653569497	1.2578135204838248	0.059880135357260604	-0.9453591060764678	0.07223296425644009	1.1528088688396383	-0.13654867171227023	-0.9608605548334062
0.7243884219146717	-0.6249991400663429	-0.01419100207850864	0.062056463004987725	-0.017446697668705297	1.4168536756611367	0.340552711187076	-0.9563527174589118	-0.6552667299021162	0.33393102094248417	-0.22092064268263673	1.1158439175698043	-0.9981629720366882	1.5418600268464762	0.8443739392789972	-0.29136412075177137	-0.02895891754915549	-0.2805602913674344	-0.30509211258848434	-0.43146830136558845	-0.590631838951525	-0.5448502214673676	1.1610278007223909	1.301044893517847	1.5037123326742696	-0.6517115195124359	0.20265476130088828	-0.6502230766342367	-0.08556281044001997	0.10014044730436931	1.1857727172733354	0.34281405076562377	-0.4936050588179964
0.7300557855199913	-0.6083005509752005	0.30321486453410423	0.04821682888761542	0.2889766876732998	1.4303244069248147	0.4229933889962362	-0.9515065469399399	-0.8405387766484067	0.3883639081324096	-1.0656536640080152	1.116351688393518	-0.6702462638361426	1.533493672169658	-0.46481373142863436	-0.40390654768956247	0.38046071562112854	-0.3155380373491904	0.6062701232248776	-0.7349820784227019	-0.7562744688294148	-0.5117677890789706	-0.08951515832482272	1.338603055046794	1.379774472580003	-0.6008844751945407	0.7858073413933093	-0.39223903772106733	1.3382826163427566	-0.1385840381492514	1.7662711918004714	-0.04707103100348392	0.35537916095537847
0.6893132465145881	-0.495231593357436	0.7015640339438998	-0.029494872763984385	-0.10616536644879027	1.4812581645916605	0.11876018051886394	-0.9510269901263444	-0.7860672561475281	0.48503985003811645	-1.2507637915527667	1.1993937069337302	-1.3598605005168936	1.222561817146339	-1.2789030626652116	-0.4075214127753312	0.26553129986003216	-0.3896782555369305	0.8812359833219069	-1.120745215270937	-0.6788839574286685	-0.16025877123618257	-0.06268342127444473	1.0153004717039549	0.717294038607302	0.08778162629945563	0.2816371001089473	-0.16039505628140738	0.8162210320455551	0.3112040786729303	1.8943154662154797	0.577291299881786	0.12072480198208428
0.8089584379758972	-0.5172708055617679	0.796228624899719	-0.07506997614979019	-0.018625160281705085	1.4899794419511931	0.04013534010291364	-1.0310346016504988	-0.5456611718200496	0.47846478070110476	-0.8067689801821588	1.1856740035506708	-1.3254255253550253	0.6905334213928868	-1.7701494572532415	-0.21860488522029295	0.06744322699987473	-0.5380786935080563	0.7564903711240282	-1.271804690357376	-0.4449024943554239	-0.4710121144391129	0.16753637962605494	0.8808282562019507	0.6990267149687223	-0.10222555832140659	-0.20577823391313332	0.2832795653982447	0.6233404022446759	0.2084709964730243	1.2233699354398602	0.7275441291167158	-0.594558219123086
0.7343185078399558	-0.5573484952776557	1.3452891058448064	0.11602081579096019	0.11381718665890092	1.3768691734993768	-0.18694038326931986	-1.159089810473735	-0.17012877726747705	0.5307944419875203	1.2665676305381557	1.3527803423380422	0.2616302093626096	-0.4023380725388653	-1.1875172972782633	-0.1745874675488837	0.7269790597792293	-0.37489961778862557	1.084722933940516	0.2785656038208172	-0.7874668868820114	-1.1649983673978066	-0.7437190811159244	0.889911450873862	0.916118003897101	-0.4477792144095279	0.4910902813215509	-0.4693186676068511	1.1881800789120136	0.415467306325109	1.5119542584631382	1.0011180154432773	-1.037675048704436
0.6682448145198184	-0.47674609795756684	1.1373733402374895	-0.037724413561506756	0.441272975631698	1.4072847264717334	-0.3595715485347907	-0.9497082696522369	-0.6308590445278273	0.6025825179388759	-0.045665975392884486	1.601829040452039	0.15055189568323618	-1.2501006248386635	0.5538989103500743	-0.35144416321134764	0.6215852919738303	-0.06800196757989416	1.7040809016430143	0.20460972234186428	0.035682338449716765	0.4190459663413259	-1.9802393014224173	0.8477986226039722	0.2892898108377263	0.2266154352708445	1.4514101650083824	-1.2737929562386316	-0.09068559104066198	0.008748992490806531	1.6888899626832539	0.36076484847796825	0.11428527376939611
0.7251127355695084	-0.42537968551967426	0.675447076894332	-0.048512446759960366	0.24264557016177268	1.3957918036747383	0.18172510694699964	-1.1467960122325354	-1.0959122304484143	0.6530449138204621	-0.9288996187993179	1.2200091678196308	0.015669826199670615	-1.4978926905421373	0.9779798455559563	-0.3146593844810532	-0.3993526581818943	-0.16027856389427866	-1.3768427485626276	-0.8302810798206773	0.3422299831084828	0.9155802859119021	-0.571786179089668	-0.2832226975568354	0.3809196326163719	-0.8374050153654158	0.25170158113836905	-0.3828005027524369	-0.26580617832568326	-1.0103101081380883	2.634236948043544	0.9840798604483881	0.07730593871041656
0.5157290866331876	-0.31543612956141837	-1.3881748042498163	-0.2617947299836785	0.07096455468495383	1.4306132082811016	-0.27194276049342275	-0.9263314650022082	-0.08633055128166807	0.8652765218817583	-1.5850987679902127	0.8830185332362155	0.47692091388959523	-1.1438336362025852	0.4498134809957481	-0.4327605935989276	-0.9493010862055464	-0.21218009231707274	-0.4276493759247507	-0.4377479966795752	-0.7625077178140018	-0.5118387611988915	-0.06758840148198543	-1.3047322615831567	-0.1945050203100066	-0.4410894469872171	-0.17337864511433557	0.21150296994536918	0.31142398536598004	-0.10878003166686123	1.6965551748727046	0.7838530947694963	-0.7757542400959903
0.3514700247700656	-0.349373477407943	-1.211032895002267	-0.23340684198628503	0.18240966814843196	1.3914566358262452	-0.5393372096164349	-0.5692483774745695	-0.114411565724919	0.8950616267664996	1.368146234468382	1.1940950477424912	-0.16732756092423212	0.6532087206328645	0.5688008977600203	-0.22359593683877238	0.3110201208889382	-0.18717112162348923	-0.24673058387095645	0.6167391129283246	0.8348972109110327	-0.9788421960713227	0.6061735776588191	-0.06684169174364939	-0.0033123552749711517	0.28335159995810355	1.747865409838238	0.04528694038324076	-0.30368725050518475	-0.092340090117031	0.905754045046652	0.9527373128481663	0.6456294307543089
0.3920568473905317	-0.30188047605207974	0.29760762107000394	-0.13288943295549385	-0.19018668375232506	1.418818243198342	-0.1661887561827757	-0.3793882206994979	-0.1847678315088627	0.908557531491774	-0.37101882796688257	0.8838646100748805	-0.38158330728013545	1.6094447884594765	0.9997672158559755	-0.18577155891026417	1.0154601511358676	-0.28867630901540475	-1.2536154437143718	-0.3771296555266754	1.203529856584337	0.6366015449305025	0.01051523501805317	0.7409348222797922	-0.17877667717812099	0.1214557799401767	1.2061489964547032	0.0022639633604072777	-0.5313921545304028	-0.5869346478975689	1.6806890801430343	1.5606032892196082	1.626640062569943
0.38316749973541553	-0.17905586453031033	0.5833586191228973	-0.21160525832036384	-0.3432769018027548	1.4386630324115557	-0.3272962486090137	-0.2638868968504457	-1.0827627582745054	1.0104951416674017	-1.468352477397043	0.21751573434923616	-0.6036892472104519	1.2628729953320927	-0.6651169390820599	-0.11937984157226471	-0.0554668124297642	-0.04674684581898435	-2.1984295176439597	-0.6726826072318827	0.6333531795220675	0.7492546210426494	-0.1991870614323235	0.3368884692489305	-0.50803640792002	0.24444745728042236	0.06009500793745687	-0.22062751386057475	-0.6335317567054433	-0.13520740146476395	1.7782438683751798	1.638192400127907	0.4781805769185646
0.24817234658999474	-0.0825324959870909	1.076021314679915	-0.27484888101045096	-0.022990638082961742	1.328252005585607	-0.5935696385186804	0.23423530932197675	-0.9114374660456847	1.1112868163728613	0.758885334859253	0.06263514238627287	-1.135943526653744	-0.19052423704582266	-1.6652150687059524	-0.24007949713181206	-0.19616687972063102	-0.03178971374842004	-0.786179012200367	0.15297797897027318	0.897207151601729	-0.6374462015487861	-0.03619349397469323	0.21192970336554245	-1.4336129556189803	-0.7117438330087653	-1.4221941718606852	-0.5568274935860493	-0.018666348383565033	0.3017085706653942	1.278471087171507	1.2960651703271922	0.3061158211024804
0.16913299669226944	-0.0883007273882363	1.0605682545341757	-0.24209061921413133	0.10521080155453058	1.285589291480531	-0.21152416055826992	0.6589032471184026	-0.1276910132915917	1.1174605142434753	0.06365111622204901	-0.07319925314460508	-0.944532434740116	-1.3197844515754673	0.6196010543757087	-0.28128948741243115	0.24603075501864444	0.11385376878824342	0.5526171349897784	-0.16131656130452415	-0.23777921741115726	-0.5897197425789235	-0.532701081775611	0.3485710794603412	-1.663059697976363	-0.4183151703603885	-1.5498985992500105	0.050424552857682915	-0.10261759782131419	0.537141558466944	1.2988539767949276	-0.045986895547475835	0.18540606122354694
0.05194567532516389	-0.06549860874750235	-1.50392920593072	-0.2085743808182741	0.053679309710219274	1.2893992029314008	-0.31454675079086214	0.5489899025866206	-0.48900626964186406	1.1664174913442997	-1.5065124941337265	0.37388948496333313	-0.3615434374903633	-1.1077906491857321	0.5402355896306111	-0.2361599255939832	-0.009501985185918264	0.06363297190236983	-0.4207589434067517	-0.31741132972034625	0.5925261616773578	-0.7203904162448089	0.7484399929577492	-0.09108792332847147	-1.6140200004274907	0.3626275114115127	0.544471536996024	0.38683522638795886	-0.626038980487208	0.9649527769616568	1.1977578770308166	0.0719959257022018	0.010889069057618663
0.007954357831442023	-0.18965256778559728	-1.8850320031577181	-0.38343638693375437	0.3569667217734065	1.3218257351930969	-0.3137381727718037	0.7656045567584245	-1.2476576159830708	1.0711679254489699	1.2722655746490625	-0.011237658265003876	-0.38327663532669765	0.22180490805872405	0.046607606930352354	-0.10619755305482788	-0.5534330773076872	-0.03484226959527302	-0.7017047667134423	-0.4264182093495559	1.3440978309288574	-0.017359361638571085	0.42448273613376847	-0.2114632194130234	-1.3304007665573534	1.199179166181855	0.06222427181154398	0.09968628867639354	-0.31736151095224696	0.5626728017690341	0.5337929528074294	-0.13575064189270394	1.0812975082284662
0.04105460339494433	-0.13120003344646375	-0.4847788809105401	-0.4456200656886834	-0.2625819496159387	1.313013341513139	-0.3552318978509596	0.9625736833236629	-1.1488529251078454	1.1600804375780407	0.7789716275647186	-0.2892329639202389	0.041502767952318206	1.2150566510875602	1.0767535807711397	-0.202202855615598	-1.6168899338950748	0.03824678919423752	0.4354018383496473	-0.2288630932240304	-0.5977753165386718	-0.34026977485111337	-0.10196605981169907	-1.0237795936317131	-1.5717586475939747	1.0435127373833601	-0.25753794831574717	-0.08889655221331176	-1.143067586883742	0.24958009341727083	0.4002987017003138	0.06491595710903407	0.21665455554671106
0.3540783778472167	-0.24989564224230545	0.5145715524840162	-0.5111563472743762	-0.2525551080390561	1.3822631266889467	-0.586273639651963	0.1959500733594044	0.4740663315691828	0.9460873425036813	-1.0690044180892904	0.08854521848105193	-0.8442401079823173	1.157974756936257	-0.9776441192213254	-0.19105624132355492	-0.5000685891856712	-0.03126953643511299	-1.687210000668194	0.48120430701879646	-1.2231906264665067	-1.6498452863438866	2.1184152876082787	-0.3531851895701096	-1.2491134137473854	0.02793845069260082	0.32915118076295213	-1.187460532239565	-1.1128072715598538	-0.5283114687332321	0.8513422602603365	1.335474497783394	1.2131777914026116
0.4703056212301142	-0.15803128506541192	-0.5577626741361422	-1.402173600340007	-0.24947672356878667	1.4091695771578643	-0.016117805496396537	0.09376104629692268	-0.34189528700164246	0.9599560678018371	-0.10316891523195351	0.08415165910883446	-0.5466433913695581	-0.9389144110840683	0.6484210100776525	-0.3213734708690779	-0.5826270024835988	-0.015300116583627989	-0.7997459947244532	1.5808344146482298	0.7200757689482555	-0.9770830782926893	-0.7912640669240836	0.3394056099072278	-2.061495935809626	-0.8248837328564269	0.6514571752235551	-0.6894255234568835	-0.3796116367675003	0.6853468350808554	-0.07629481026486305	-0.13633837323407408	-0.5993154348094155
0.411355734843519	-0.6911645955113627	-1.9421132533857337	-1.1921208243699346	1.2119851522167493	1.5406542193249357	0.23194540429454144	0.7003136130462112	-0.4477682800180781	-0.26663361296266297	0.7812700832227208	-1.0294088298658366	-0.36137220785295654	-0.2980318049834459	-0.5041085354462208	-2.0820971184371078	0.3197287014727471	0.925695093122906	-0.943247842649119	0.2711086489659701	0.35525870398035864	0.6236198846321415	-1.206763246532425	0.7069959079077889	-1.0507705983824882	1.3980079160215557	-1.02474912676133	-1.4087091609421967	-0.5358905084752695	-2.3071388849259242	-0.46719270737860336	-4.828904462451116	3.5029658429120816
0.9852265275019115	-0.8998859981354514	-1.9295428814053397	-0.20069718881684656	0.1510219586379856	1.8283551382169883	0.6179174332342805	-0.4002209216855809	-0.35869915790541274	-1.137720664547681	0.4998173658990396	-0.9771783911466669	0.10705141087781654	0.1736515073783958	-0.18234458737781842	-0.7634568263738665	-1.4116756451718575	-0.8023761866025279	-1.207144717787256	-0.5131442515326958	-1.399061520596449	0.1922926763336533	-0.7623003267328629	-0.49141188657814605	0.7190902639837025	2.1884139600449966	-2.75113452883112	1.437617080299137	-1.6778111877894286	0.9807258631397606	1.5958980902684001	-1.0730531911968126	1.011387749692188
0.863191555338274	-1.026146795233715	0.5008312670710172	0.4790776219158122	-0.5763769581885475	1.7010240728018546	0.045106402087633196	0.2756964473909658	-0.5127408288679932	-1.2855101246123484	-0.38793545274357805	-0.4385712762295446	-0.6969140488810082	0.4242920794990451	-0.42588499346040654	-0.7145097531837388	-2.568514169885476	-1.0835776683250216	-0.987766684399081	1.0501259862940515	-0.03448496847106628	-1.7457240564042702	-0.46602570079843375	-0.43967066030791896	1.2479125536482618	-0.8534556342560788	-0.6622877293291723	-0.2620323350969552	-2.0292437762071893	0.1062024898128185	1.5039804821215186	0.9055413016433882	1.6346392054863113
0.6682119144623432	-1.0514608373534418	-1.557200473437376	0.21894300528361096	-0.06668843897497562	1.6034168426103959	0.6401004894664953	0.8716568951070726	-0.6545148748364459	-1.0824605677102503	0.27005989144815484	-1.4452138723270969	0.274254406717644	-0.39067071257978925	-0.0769495568463568	-0.44896522935226435	0.5962003950715383	-0.9541455518295754	-0.8273412659510315	-0.30917219799935813	1.3022499183505798	-1.4357542995047394	-1.195565032198134	-0.772518703429823	1.2054998019809124	-0.1177051014221845	-0.8913373431112434	0.019646491749208465	-1.7000492249869432	0.7190946309056666	0.7492643408586954	0.09836778643312687	1.405439477211293
0.38836413475402043	-1.1256532161411907	0.5140487589478304	0.5461712827319622	0.17868498071471886	1.5803312000477137	0.6011348775927415	1.2988795801076884	0.36035325551495917	-1.1078351131556774	-0.33103476638790985	-1.8135982696195734	-0.5304967917782257	1.1298247725846677	0.5532221452514603	-0.39087824963631035	2.456649061948645	-0.9010413557302309	0.4425913798134629	-1.339514168517032	-0.32910350808505867	-0.35165836586705074	-0.025886515373163107	-1.797555505638476	0.9617443383701891	0.8855470274146285	-1.6641026576610694	0.4524078286301485	-1.6590148529902162	1.0723189229013326	0.6878238022712615	1.6600350616830968	1.999606085544203
0.5571955161120293	-1.1303544135752104	1.111735254008002	0.37336994204331114	-0.6048347102627158	1.5349025360544488	0.18710501207920643	0.992051684752104	0.32512291025600043	-1.1349083868976744	0.8717018150165313	-1.4720515316764542	-0.5300149114485145	-0.4804862263373675	-0.8882811858392516	-0.5776236351599424	1.3062525715300526	-0.9180130881535764	0.4920742875134025	0.2612362023375795	-0.22668453067965405	-1.1516555837555777	0.2098102066532606	-0.8035292578739797	0.68827041144877	-0.7354597548679742	-0.9460903388143455	-0.4595690071819428	-1.7844969243541573	0.8765976966026817	0.37259421980810314	1.3710248333235653	0.5082589700567595
0.407303145040907	-1.1824567121390526	-0.05405641717187606	0.5322083110727011	0.2735078261268212	1.4551774216719389	0.4004936989203915	1.1742401876749562	0.283937676410821	-1.1995442664737834	-0.8833188601431651	-1.117299921152272	0.43723005043199237	-1.1894159379497897	1.3248744402381953	-0.7260986666350174	0.9949017906604612	-0.8217163207633722	0.22702717918106533	0.08303913070900955	1.272091929988605	-0.43587577351416135	-0.046393837079028485	-0.3887000800502582	0.46512552034078575	-0.5311963477833973	-1.283436354352849	-0.9711869930658334	-1.7209487918368884	0.9193188149244371	0.3405305947391342	0.19196632972620065	1.1992699371201117
0.4646974467763353	-1.1797873115477804	-1.6698426953516028	0.6020977351486705	-0.14272427409557606	1.4702376700228676	0.11321936419234209	0.8713586537968409	-0.007531494453072081	-1.111253267164463	-0.7387465635688575	-1.0003562253044793	1.4305995704066958	-0.7053149006186422	0.5235582206965698	-0.44784646593721406	0.28754290013684136	-0.9302347517871138	-0.47975633046874655	-0.3180735174586143	1.5378999610241533	-0.09338188538241336	0.7251285551780988	-1.5255050433342894	0.7738832177342017	0.1271820275935792	0.1565004062817615	-0.058983910285354185	-1.3714308935745605	0.9892083217745377	0.2313014981730828	0.21360897771521836	-0.3229101198628146
0.3313505476500497	-1.2628901462986872	-1.4334975399587515	0.709981089309547	0.19682061465796805	1.4057502132444946	-0.04437523540993324	0.9094311327733637	-0.2685934411882127	-1.1986742284707328	1.4334967676946917	-1.170322545357363	1.4302988600553361	0.31179949378319777	0.3601184904737711	-0.31010173964093735	1.406758292338864	-0.8629211053556978	-1.12898562760348	-0.00723711472075873	1.1001468567787835	0.07060733797007196	1.756611768704187	-1.590628936521548	1.1034592820289035	0.9552449529919559	0.4826959719929298	-0.3520561998855902	-0.7594191992385841	0.8423076901114068	-0.02647998189399505	0.8008674238444647	-0.04788373415223159
0.30775700216987	-1.327367049740108	-0.6986250913002275	0.8198075788452973	0.1469337677258147	1.3413400414353576	-0.12511832162879075	0.8900805969918826	0.08520444870462203	-1.2086173100741164	0.9305433674307908	-1.3434729092823923	1.1106057720983151	0.9882718508248829	0.8517309173460497	-0.330940281635797	0.966179144723558	-0.7642581371119009	0.4456673151752342	0.7088991457000492	0.003429639973580633	-0.19124014603296005	1.535530787089302	-0.5455515179885676	1.1797717224090276	0.9052194716340571	-0.6015828061671111	-0.3494945736704513	0.104772647521763	1.3129596665230507	-0.5384341613845371	0.9428372187128481	-0.09440920907154575
0.38329644647686156	-1.2691339912162893	-0.4817446607815952	0.7444756298921954	0.07608869815168413	1.345920064794865	-0.26037921116754287	1.0893345829267684	0.4183911737356508	-1.0831953903025027	0.412924629191188	-1.0443828113873004	1.5198157500432017	1.2793294060136804	0.7950452983087536	-0.58014008532382	-0.7773416114791134	-0.5688152895089137	1.2398418079462687	1.146590571796322	-0.23425353416789815	0.37547409481918015	0.034815582799659475	-0.0007076447537853445	1.1714784050401594	0.4545031833121101	-0.0515925671683162	0.251910959465471	0.6786906366994749	1.2248819555884156	-0.4439524415658895	-0.3106203727984018	0.23896627878527893
0.5057906950357163	-1.214047570388457	-0.1566731139294033	0.5368414549794158	-0.12132761431444837	1.3902441406778459	0.11144446268358713	1.1353416413899409	-0.23664688933360434	-1.0526728881293277	-0.2351072611574083	-1.2486592909219025	0.9925701213071592	1.4157149258280026	0.5901937133393013	-0.5594745033953862	-1.126538658635839	-0.866866075777643	-0.05452623038632855	0.5953205988610346	0.3551944090916974	0.5352680281146946	0.4378838934052102	0.08040199075894167	1.3057345851845588	0.47020384997075665	-0.43244754206213654	0.7858454374951426	1.126288245953908	0.8664742740685027	-0.5642066790225851	0.08850642066681312	-0.9192043290416938
0.3897114010443677	-1.246647904379024	0.1570658736864955	0.21332491914530932	0.06949426685104276	1.3474975775864677	0.18085058051380196	1.151279179060354	0.33992696922521193	-1.0242006834468331	-1.3007519633818063	-1.3861913585225425	1.488129277938844	1.3315269453572682	-0.1994959752249175	-0.4515831768035549	-0.9455845999739124	-1.0237110066780426	0.13889133453095467	1.0076821902019517	0.24551929393628824	0.1558907702138685	0.23490234193704065	-0.2797313044882991	0.9347179372292695	0.36804537832154766	-0.4771057729195353	0.5181818603027738	2.3569329233935923	0.8776531529856615	-1.2031565386216458	1.2797514515989874	-0.8509237219609133
0.3505534987383814	-1.2683545250330208	0.45170391821671046	0.2860641929152165	-0.3043901931938998	1.3379364127176423	-0.1842392184644783	1.0666189790645686	0.49190749368700815	-1.0844164096742728	-0.5873595720170675	-1.0899515076359327	1.997769398998521	0.9931279830322549	-1.4803462869033848	-0.4959314663458912	-1.1939686387161643	-0.9002799224894289	1.148494429748314	0.6475357249734741	-0.2311411649495931	0.8722336670005124	-0.8136972396532517	0.1494432437023505	0.725250236347952	0.1364302425446795	-0.0014403832377954152	-0.40073341477045876	3.0295663602503597	0.6821444411220443	-0.7091852126720255	1.710957229876601	-0.32453899190488344
0.4302291140112537	-1.2491234583696975	0.8123544053675439	0.24602665774375845	-0.48476547590183117	1.352418536915287	0.1133092897771096	1.0191155801387384	0.38194215297497724	-1.0771771189536474	-0.05968238027483493	-1.1391415297445795	1.6092419397975988	0.5645011996068646	-1.8911087187791402	-0.5738492573435625	-0.7819729064875671	-0.7953751586542437	0.9738115074176006	0.2574291090952467	-0.2347585290402231	1.211759431143887	-0.8644903741839071	-0.007330304865709356	0.9409913580277273	-0.12704200587950656	-0.3506455848744147	-0.7726890067518257	2.545470789863626	0.050460764341033006	0.013660408331544829	1.7819272755935305	-0.9328691635432216
0.4231822402166232	-1.2750592119238433	0.7188969885886116	0.3517656282303838	-0.676134699851717	1.305197672346173	0.14798102407293182	1.1181977185345509	0.915086147086866	-1.0598701586182473	-0.009808881821569707	-1.3200220504767914	1.4613439864315578	0.49318860224316985	-1.9149924260934688	-0.7947367375365387	-0.5169106516361428	-0.5931230371702836	0.49206572061045906	1.1754025885926003	-0.461137288948825	0.8522903809362062	-0.6603370409603769	-0.25557885434267097	0.858038142104554	-0.6472956246179637	-0.8113369926011821	-0.9579862001452097	1.7314447572330853	-0.055796531667471796	0.2176111005355287	1.6259074019551027	-1.1321069705801843
0.4232323942259794	-1.277999105096915	0.9678121207649181	0.3330800188903572	-0.5233895644230436	1.2909336341653614	0.02016410847755938	1.1282442512530233	0.806621902389366	-0.9634262793334987	0.6004941871779947	-0.8669186011625409	1.6513456884261684	0.178338532976244	-1.5936095918018176	-0.4414748248487666	-0.776558771415289	-1.0095296952630028	0.8525404934150588	1.1113269808489987	-0.09282873643461913	0.712133183615567	-0.13095441576395725	-0.06890787921749403	0.5982293447955727	-1.5548721408305335	-0.7550831983482637	-0.5390968031887888	1.0123536751459947	-0.25897986429748354	-0.030527808477062674	0.8827431795679016	-0.915316378032138
0.5983515725245129	-0.08951115311336753	-0.20888849125396694	-1.0590434550699794	0.06692893170149895	1.138345161586776	1.1366522027281734	-0.7904716923650267	0.041356999324669956	1.3979571663903942	-0.1777299878417577	0.6486944690532129	2.4854140269917564	-1.0552220223806028	0.4960227051020581	0.4295185145237625	1.8389323915530855	-1.0237476477544394	0.4676398286823181	2.4821976253623435	0.8592098907502854	-0.28372341160611264	-0.075649183756548	-1.0006135734034105	-1.2832330705852586	-3.314489801283308	0.47352309858570124	1.5448369543190645	0.7350094547019559	0.7777234936876243	0.09251969571356658	1.8270726479037387	-2.7710797888759795
-0.28960814755399	0.21022470918392883	0.1144421570615022	-1.2718560555408278	1.8090713979885227	1.1677079535945454	-0.31717668273570276	0.19634263792444562	1.1791072856582512	1.318896545024545	0.34131285789996746	0.7864644539202504	1.1545229201309368	0.45603043889332384	0.4315993204031077	-0.5799714588420167	3.528965899810116	0.5126049801168376	0.971787932711215	2.7497513718091082	0.026808725137669184	1.3476042968059236	1.1204134697124088	-0.04620445032117825	-1.8058212021244968	0.37348072217083483	0.23025765375766685	2.2363552670643654	-0.23926577157161136	2.6899756288416556	-1.7019571047035496	-0.38344109876985394	1.6096166388130349
-0.12874183989688945	-0.09936472360728581	-1.5672353009125999	-1.1695976458218151	0.6456915721412029	1.5476501308321848	-1.4328980457571425	1.3322495076562846	0.16874810454721728	0.8904357737790415	0.5283668198948221	-0.5282763584606149	0.057366418106996435	0.13051399056993002	-0.4022141270543932	-0.5698996776288872	0.3644421703416362	0.30317478311249585	-0.08530541786388124	1.6946874508313343	-1.0134776328469204	3.7030893971708756	-0.046382781364244986	0.6072930100216096	-2.129808412373023	2.397272979485456	0.8802197301235777	-1.0764844749489353	-0.47969216718674457	1.1767041532252616	-0.1531164473577171	-1.461477042213455	0.15113395084166656
0.1552095622003916	-0.2803027522124489	0.22379081548536023	-0.6303006844224361	0.20738911909701271	1.5153446753754924	-0.5469104434962223	1.4732256379225903	-0.4778993633138237	0.6825858505209784	0.1457571929039334	-0.7954110663324387	-2.3244708984035207	1.133243047099223	-0.01637889169986155	-0.6601459621434292	-0.747888676777228	-0.3794801950287524	-1.6912313774757886	0.7493039795891594	-1.6693761380874876	1.0658607026120726	1.4373963502110367	0.3722975698788946	-0.9364183993991874	-1.0780645665523743	-0.2315210359329871	-1.3094534513532483	-1.3767693809409913	-1.7140071949211444	0.5037588631725926	-0.4788676120727258	-0.28312129212359954
0.19377377981739285	-0.3914953581760382	-0.1636988008662979	-0.6062443872679208	0.14457518248356446	1.4431643528217732	-0.29733552765440374	1.6951939474979436	-0.5025896510176238	0.5733159219004087	0.14207843392224354	-1.2840668852810273	-1.9806932898232537	-0.9097052639426578	0.026147497292081767	-0.6638743642823144	-1.1617261886758043	-0.05565695047042315	-0.8611774795275409	-0.10771804356196134	-0.5584120169076981	-1.1142700279530073	-0.9940366976875209	1.1576453014371362	-1.2042153294347988	-1.1870647299024477	0.793237998799122	-0.3604876459614142	-1.200039173522532	-0.33934399909729523	-0.1777911488014069	-1.2888767014964195	-0.9911527829530848
0.2656421323005728	-0.5759649591598205	-0.9319032465790403	-0.2027701295285621	0.1868640956462027	1.3814612360091758	-0.0006901245953704092	1.9534092185234864	-1.1693539022692419	0.39697189746421363	1.3140737344994637	-1.5917539665431921	-2.0310275911952003	0.6042262294458673	0.6823931390332797	-0.41485397757841513	-0.8978695661732017	-0.2245958660435557	-2.0106017356206753	-1.2174979268199972	-0.024019459263641074	-1.099230218616667	-0.5764828831958663	1.0715311108324421	-0.6076309061123206	1.026003194123066	1.592521307081674	0.8370446633307357	-1.1580505929251337	-0.20891253511205493	-1.2097976726232635	-0.9343171108784857	-0.4059240393458527
0.2689167363923226	-0.7452842487306665	0.808311948239074	0.03948758769264035	-0.4400561964290279	1.3060332498290512	0.09508792276032618	2.463543029604862	-0.3957220874765459	0.09931162860252206	-0.6406948867541128	-1.794879187522972	-2.213839775021622	0.577604961164617	-0.8841656925639523	-0.5363693928675175	-0.12459942785829221	-0.11376741768833563	-2.037826888726628	-0.2632355843659909	0.38976936412269464	-1.4178763350913088	0.06945015227223883	1.3483983121107475	0.11043462106622005	-0.7833846238282595	1.3803333461993277	-0.4654369059389392	-0.7651564195352399	-0.46271778647506945	-0.8212788344052414	0.18570326189474504	-0.5111701399261053
0.2496484136948737	-0.7729298756147264	0.8921496063864571	0.06417187889635005	-0.21832407261560458	1.2711355872647314	0.18580386281450612	2.68249855156613	-0.7760349482890239	0.09776045813012746	0.6955235926121465	-1.8027865669997467	-1.263482543557205	-1.2140332654404309	0.6483815054515174	-0.4839215981678916	0.09051170822238971	-0.3038905722905719	-1.3684126119229236	-0.19594987833627606	1.1772902186433416	-0.6034613001065834	-2.1436028547806663	1.3670208100589099	-0.47196401652014913	-0.6271288402185363	1.490951554210886	0.2621940364832188	-0.4305233438957137	-0.6969058347713466	-0.546076174391254	-0.6338160902018972	-1.4994739622220725
0.2313484502479167	-0.7160672064146556	-0.7569684091707389	-0.027476188591435247	0.27471853214582675	1.3008771274482436	0.2798024367196504	2.6614518309287987	-0.38198396398139695	0.12474672471433161	-1.4193079416386836	-1.899895377114134	-1.0126725857910686	-1.2136612570517464	1.0990174570501798	-0.6470751328426474	0.2613535226294972	-0.20559751054097444	-1.642459380192287	-1.3242056090143521	0.432149875868966	-0.019839018118400286	-1.3733333931351805	0.8555098017211863	-0.4554608365087382	-0.43420577135484373	1.1307054759458082	-0.027724770718738447	-0.6925060874986114	-0.07448725737398626	-0.9743495841433192	-1.73893050119893	-1.3159940918590813
