pca_00	pca_01	pca_02	pca_03	pca_04	pca_05	pca_06	pca_07	pca_08	pca_09	pca_10	pca_11	pca_12	pca_13	pca_14	pca_15	pca_16	pca_17	pca_18	pca_19	pca_20	pca_21	pca_22	pca_23	pca_24	pca_25	pca_26	pca_27	pca_28	pca_29	pca_30	pca_31	pca_32	pca_33
0.09007159346642916	-0.0905303280242374	0.08850586053149696	-0.1643885308220362	-0.1320898861427682	0.13086098433879767	0.01177181438155287	0.053476402168737565	0.05196714657921819	0.04521531897491748	0.17794135723059584	-0.022994009722712996	0.023153565483185125	0.02484718541836085	0.03566386181615137	0.05306052517630025	-0.006388314901281111	0.026838584945868476	0.03757891454661573	-0.12137648883076417	-0.1796592862107361	0.06609958875819943	-0.06887860742157115	-0.07512026822745753	-0.035606847492733545	0.02005295833323587	0.0933563828432672	-0.1371186050522124	0.07317393851960362	-0.18211415307765774	0.06910413510004368	-0.006472532571331335	-0.008502451435296314	0.0781578277417078
0.09141045025726635	-0.09543114867779517	0.0908956648698564	-0.17825229619252414	-0.1643950095408472	0.0025269255077591986	0.16415355477518864	0.008591965905747713	0.10822181390331681	-0.08844998996184336	0.1566147471803193	0.06865891181628699	-0.06588529625292845	0.026070992327279635	-0.09091333855620429	0.010878885707768763	-0.009327708937971116	-0.054737820484177885	-0.11454896316498689	-0.04363736207800963	0.0035227106854089953	-0.042037519378426036	-0.011491772601882312	0.00908481871492157	0.050383270998131044	0.012562159802798059	0.04382712588686095	-0.06081161945116303	0.08439326051113336	-0.031219679160009152	0.012889695916230952	-0.10876463439736044	-0.03835024405736021	0.13274144529776427
0.08901611389051481	-0.08434493450702707	0.0663818759096747	-0.16574787681994335	-0.06294759704724814	0.13041465037040803	0.005320268052719046	-0.013273780296305361	0.061134598787957524	0.0313760351944602	0.21576243581789017	-0.11586442603817734	-0.08144928384696504	0.11049174730396187	-0.04707221611695049	0.07631880641143861	0.05128287470795659	-0.025321240388049553	-0.014718255074131784	-0.05323455163452393	-0.030325967023267737	0.014152266043984226	-0.022633044573195534	-0.0028573649736339767	-0.011888070664462815	0.021937924477439138	0.00904140685048686	-0.06347339497525548	0.06183290799253169	0.004799688209615231	0.07413776835738571	0.09003671734494717	-0.029892118088930674	0.023641411334573585
0.09090358118913512	-0.08465133109847522	0.08206534110461211	-0.17872416277587766	-0.04431171470076306	-0.005700225715760343	0.14797779640786982	0.00024955436393157837	0.03478264876477416	-0.029932096624439603	0.19670988639095377	0.07225756389423396	-0.062442145437956044	0.10524802473499154	-0.10297334804549114	-0.03493223570358716	0.03741458596797848	0.02803210976113074	-0.06829366752346533	-0.0902632452847244	0.04848061420633321	-0.03351327854800838	-0.08291964995843028	-0.15547651042984406	-0.05067671782204275	-0.007902604531890707	-0.03208351267831913	-0.09489473543733479	0.03200749198938741	0.01962136650413738	-0.017543085960404832	-0.0027878599055348686	-0.001784988233141239	0.08047813857666283
0.08630690017298641	-0.07579181905785311	0.06605467631969653	-0.12458267043786059	-0.050351167243070094	0.0383872265824145	-0.04837667411730641	0.0740222711355881	0.1220468493922797	0.021465909191509633	0.0730710967936618	0.001765107451609571	-0.06076371344293537	0.02802504551483608	-0.0368238912587386	0.03880446644736941	0.007694732260858511	0.07804579174107312	-0.06409678114543847	-0.0436657019975792	0.053281417897447836	-0.04217684001861188	0.01653004277880777	-0.018340941030718746	-0.08888259766917063	0.004338485153358678	-0.04508984019429032	0.1275650435625712	-0.12650484894649974	0.032351510559664495	-0.02061075030692177	-0.11235299065394201	0.02125025997582924	0.04920134540168904
0.09021720719045938	-0.0853601804745107	0.08564310666671554	-0.18342225258349426	0.0015951545005385426	0.003654896597087204	-0.015085003472617427	0.08632962966237215	-0.07576185982354383	0.031459229710967034	0.06757328409772125	-0.07200504703178547	0.06764357854527933	0.05283108905036099	0.02027645441670248	0.12933414650313893	-0.09523742844532901	0.14367273893546176	-0.0010994208401061412	0.017835652029774274	-0.04195090824924105	-0.09374897524667702	-0.014179763386090796	0.11699413616057076	0.049293380127463635	-0.004354453752464099	0.132168073757638	0.07648400833966525	-0.0969018890190353	-0.05932892887506641	-0.022384484470570717	-0.07659713180361812	-0.06321282237046358	-0.11842445769719459
0.08790743692804168	-0.08129823673252565	0.048250466814723586	-0.16748878895176234	-0.021077430468247046	0.04794680761488618	-0.03521483164795513	0.052888306023612455	0.07777914444208103	-0.06586543350820964	0.025703773149724163	0.05769917436863058	-0.05364069946313359	-0.08970181756954404	0.028776516799810088	0.026747792662519268	0.07129503357613053	0.09540875373094333	-0.09497090708417999	0.05864091785969388	-0.01864843978676074	0.05948926970738523	0.009217808063975397	0.10150923253025601	0.09602365232175314	-0.131560314986683	0.07966745489648289	0.08089610614990785	-0.10064503488563366	0.01262782113738644	-0.06276619272168504	0.020236652068088026	0.06521825235337188	-0.1308411168826472
0.08684618197912156	-0.07205891235121495	0.05930559446803729	-0.1537974769895744	0.026227876213009482	0.03908068570785378	-0.05275907409016456	0.08914855221681954	-0.07362778085194453	0.06101647352978448	0.11965886163074457	-0.015671493741035908	0.015657881345339526	-0.006159121675247757	-0.02698141835145726	0.040956429637210745	-0.03674568902137701	0.06731070960951284	0.007851235010691633	-0.004721584246914878	-0.012302961527846434	0.1042399692855119	-0.010006687346514526	0.027739076301588082	-0.0015599047962054774	0.0429521558029016	0.09230024196881047	0.08971622296134382	-0.11928234902279188	0.03177950265928281	-0.09907062884956952	0.07572653757185188	0.004639822305212413	-0.17480547245062386
0.08646403150136221	-0.07720430203459726	0.06864255203303612	-0.1741699841075014	-0.0647484485634447	-0.07161053161677385	0.04103104225605734	0.08773779845190569	0.023705785338670043	-0.06658280240995895	0.04117737236262564	0.1424523052235213	-0.003269227028326667	-0.04940347378265514	-0.025965049171105852	-0.014481040862733852	-0.06178016274739144	0.008587778826690411	-0.15241561148365332	-0.044584424434496395	0.022805622153905636	-0.056244352265994044	0.0098336380375217	0.08310821925251045	0.08173905839169934	-0.022568541080668737	0.055035720323743	0.12410183438552835	0.028349472157755184	-0.10343790529173288	-0.15660819214660524	0.05550082045198418	0.020316113834402304	-0.071475692709054
0.08404841190087718	-0.06877656775285437	0.041952757101303056	-0.12560300434512664	-0.02406310083923313	0.08884841965239748	-0.06192052005976104	0.019288581789421	0.05956057709528556	-0.000981672043636972	0.08224524297569641	-0.09715589605490227	-0.0317130915804229	-0.039757263800050575	0.041784317377819624	0.021244120597822658	0.016975717255184937	0.030101871488356052	-0.04371295419716888	0.03672408716683832	-0.01627826234250447	0.03666849670314555	0.022330800567663546	0.034891769399131294	0.04054597817674818	-0.05537188671012808	-0.06350204998405395	0.08674877564585431	0.00943690700642165	0.11870384891473819	0.05242138451908924	0.09317866875636827	0.04515959389758301	-0.03844188984883501
0.08885705387390763	-0.07652412644006612	0.06724644468454215	-0.17235881927595567	0.04188686091263166	-0.018457299097545954	0.07349756151336506	0.03570853669085629	-0.04119835107269401	-0.019366437709250506	0.07975612503142582	0.030689853322027498	0.044561126895257985	0.0048004669855013435	0.02318124408992102	-0.028840922503768143	-0.04817779146513633	0.16456728427244938	-0.05248063000587692	-0.031438315236862135	0.10180265543596917	-0.007242372087591237	0.010953337396785695	-0.05816434144356883	-0.0031327980395102553	0.04103988764596148	-0.0804748705818045	-0.08328816092477989	-0.010433106136916157	0.12037743599109059	-0.004620207092144113	-0.03795714198478267	-0.0018183894201214414	-0.0549440437921045
0.08551689485641802	-0.07173086119537897	0.03971825287021221	-0.147185354795372	0.015272359576439395	-0.009547055513985603	-0.09411955325544195	0.09024679489494175	0.11423352504671352	0.03275460030599808	-0.03125498603575219	-0.010589345713114519	0.012082184148676386	-0.019161955830991367	0.034558996070428144	0.09545113816953266	-0.0246644068903347	0.11011377351217018	-0.013759458452924898	-0.018573914095577092	-0.029863652993235887	-0.08422983245104748	0.0373971245977117	0.038366721771435214	0.036047421893955836	-0.01903729383355312	-0.03419223029843836	0.0439075081855307	-0.11681363671625344	0.08249833368606677	0.06939397535680328	-0.029950127036858485	0.09672612311223136	-0.01549928650695731
0.08796838976540267	-0.07834027825390467	0.03996577301049514	-0.1760625492604468	0.007446212997453024	-0.01700933756887857	0.09231868408946944	-0.012714575324857369	0.010075889631988022	-0.151998518352762	-0.0539263967125668	0.16827593824549478	0.09593383543501506	0.014779171335138397	0.04976705506368448	-0.05395311248045637	-0.04051184464237772	0.03735041174904928	0.06901521082505072	0.032792716760297574	-0.09101063768305143	-0.049577016918611966	0.059465998301181364	0.1750407391026138	0.13905632295712578	0.043450434343302646	-0.09323812310694182	-0.09130728926700662	0.125703866604633	0.10265171351982949	0.08645250923288238	0.00033348549603431747	0.023998533357622802	-0.03275918947435204
0.07660531481822343	-0.050222335218812614	0.000884469135765476	-0.07103313284427051	-0.019058217675215514	0.09578325426012872	-0.0613439861122365	-0.009360587812268784	-0.03033826410942647	0.019817355292313765	0.024187897626770764	0.0042732769617570415	0.01028415426131657	-0.028533795347451985	-0.040060734292688666	-0.00255273690392116	0.12804156968286062	-0.039067816393782956	0.06529563973005573	0.024051314222607922	0.045351781249624745	0.16986496524418127	0.2265316304902445	-0.06574669312458264	-0.07566772345371695	0.15978140943919575	-0.06043409453844774	0.06980343192745338	0.1431802477051513	0.16614148199781134	0.027425508858755807	0.05409055155912265	-0.04342960743199872	-0.015222564091812808
0.07441586376415087	-0.03782765294628557	0.04224182017065607	-0.02912198654437431	-0.026776516870423712	-0.10735785185210464	0.012225641081220942	0.08952836212438947	-0.10145408560842273	0.06373644364990905	0.0021192796887831433	-0.060022441395780037	0.015031435594981886	-0.02645096566624311	-0.07198640636291295	-0.05946654733021506	-0.019222819282901957	-0.04056886674388023	-0.005635693549478765	-0.02857525678603704	0.06100601161177162	0.026177947144039634	0.09835820273363667	-0.07597532720785007	-0.060315260496276536	0.021476880825835584	-0.07873131343963533	0.07581896437891317	0.01081682828806741	0.09612431645007333	0.06456403409381434	0.0735627521561817	0.017189582384378375	0.0011778911675165234
0.07593136137296973	-0.04543526030478896	0.025450095091451762	-0.011105624736560205	-0.10195751603838162	0.028253793855877153	-0.11299652393143303	0.11553731739635206	-0.002522441357035249	0.016551153446960648	-0.07931719129048219	-0.06978962834375031	0.02583840645785873	0.005599725919757492	-0.02641900537368813	0.050381183987591116	-0.020155929811788775	0.004787101188517072	0.010039319443208072	0.015340904122057297	-0.06550986423138416	0.035843952375915374	-0.013771244596633555	-0.052532960541825754	0.010038790540455478	-0.11791321228028583	-0.029124165952429726	0.10680223789612425	-0.06310257774310776	-0.003307907447711589	0.007138688495282375	0.17720886894631	0.09309321445871988	0.13741072917854538
0.07525511730152294	-0.03391772601150567	0.021776689810903256	-0.00454648034172245	0.0062187101051997	-0.09733401503177268	0.04549859663007494	0.08308451497770458	0.020498769820095464	-0.03050480309861464	-0.0820648560578172	-0.01925955483380712	-0.08586024710214493	-0.05881519273601057	-0.023424841685251066	-0.0711503302669847	0.04451771307839995	-0.03174370377432391	0.04127139181496005	0.05730363655244083	-0.02330493287527552	0.17496291701436376	-0.04529641524259355	-0.04124149563281075	0.056493213111055804	-0.005155518937583537	-0.0477081302709009	0.05439855412804657	-0.044488922047133964	-0.12009398224058107	0.010950792818569047	0.03571205532196904	0.09607636072980934	-0.08073326499214556
0.07359719586902155	-0.03524939280941222	0.015870866125065376	-0.008720313533670697	0.011917141586548595	0.054433810470013166	-0.1071208902449674	0.12983484129593048	-0.07333483995093809	-0.07188961434594737	-0.04835215016027856	0.009291299391022412	-0.03420613748366497	-0.017526828631145852	-0.02791388407270498	-0.04368829775026249	-0.026233486273883982	-0.06433040325697528	0.11858663371006314	-0.04463190974306877	-0.003993544209826963	0.2160296600975698	-0.020244371716643866	-0.03292694078004696	-0.06913775345236962	0.039449514298566274	-0.18317632007388757	0.04660359489248317	0.04708218651150768	-0.1560575229855539	0.01720271136643145	0.10681564052447405	0.027277505036825533	-0.024585295939047035
0.07685811536547311	-0.03631241444316578	0.034452191191550775	-0.004333825211969368	0.03419918814070537	-0.1033612121572392	0.04292729876451057	0.14807711336131618	0.016863990982609045	-0.06473502458496216	-0.07679043573754653	-0.030577797867637535	-0.0511150158960712	-0.017822637586671658	-0.05473500712829281	0.011349927251597836	0.023533264689275836	-0.12281922712170673	0.1698886842800168	0.021519532687970258	-0.09501575941740752	0.1423901445262838	-0.06759923962839938	0.05086837160550678	-0.0025032298585607425	-0.049433340507753845	-0.037927771209181504	0.0706225052267373	0.07202766578120215	-0.14051318264726884	0.02389676580146915	0.056028036916661084	-0.020562776692030355	0.03619953513891144
0.07759549592468729	-0.04535135833756781	0.02672481612466599	-0.06506140749517701	0.0377386723652206	0.023370140857237053	0.08795423378464362	-0.039340295318815	0.018643657335327357	-0.23540037951581247	-0.023051025894244286	0.06641750101064763	0.06261526337961953	0.043122483987961036	0.07691774787965233	-0.10000435783788325	-0.016159905370324426	-0.13909299210234313	0.11553487750543925	0.031121362685851122	-0.17648719909222865	-0.08544279435599698	-0.030698116566320155	0.08163421326537343	0.025092207529607703	-0.013344664610775249	-0.19562413082357588	-0.011930880856202045	0.0996551637771851	0.017280797158842467	-0.11228561323045144	-0.08983464394418415	-0.03278286186535423	0.04135991508364405
0.07881422195885208	-0.02573002544059756	-0.017103719357382353	-0.024592943567370396	0.09068907378600352	0.13215691469575033	-0.07281305250414194	-0.04259632994516788	0.059061181179247274	0.00980053259989802	0.06827699098729773	0.005991608749513377	-0.029600536140593547	-0.07722977551719333	0.05140101794199592	0.020289236969254804	0.04755843538174155	-0.08136433515006836	0.0752578089069278	-0.014839483451822025	0.0029916646444085454	0.07197312104127855	0.12488628984766195	-0.1362686592206963	-0.07398866944462304	0.16514365413186657	0.012136119191793915	-0.050056031756042965	0.022322635018835482	0.10001712137292282	0.017984124078553432	-0.11938585130396331	-0.17399996621060101	-0.01083463447415356
0.074459625639082	-0.03130278974075705	0.008365430252619613	-0.017193945298100415	0.039352645461490525	-0.0038445806081852598	-0.024866405027435368	0.06560547484014599	-0.10960419351827391	0.05451760757608124	-0.03313032693115181	-0.058376824358706336	0.1238567611657174	0.010334307608666216	-0.031726819679645794	0.07636803652631159	-0.08144465027949961	-0.11051642931491018	0.09433606333678649	0.014221762042086018	0.03334608182182658	-0.09439983559545542	0.07508648626746744	-0.004460476432155566	-0.09439289870259791	0.08255277502683704	0.08493961234213174	0.04301242846357009	-0.03982376866920081	-0.05791861595091852	-0.11653379729320715	0.04585988393217934	-0.19726621090470667	0.09240193671999232
0.07619213266306009	-0.026287332335625187	-0.011603830637662786	0.02084168198614873	0.012818026673887971	0.048088138318692734	0.034227137281553896	-0.01987453093603668	0.13282716349458343	-0.0024498511571126053	-0.028337592882716475	0.04980788138279624	-0.056788058369363764	-0.15747978188580564	0.054710198039072816	-0.029954068099505987	0.02234639070018847	-0.10511019745261185	0.04604870134547902	0.0676418209435584	0.019353112284060628	-0.1394500052449499	0.11297699142725492	0.0572326655369122	-0.039801579078495616	-0.024284067325357886	-0.03869815969233312	0.07884272681640561	-0.03481275957555805	0.018818125995751583	-0.057182868587267344	0.10182213098858552	-0.046725920143109514	0.05167301622571545
0.07492827657898024	-0.028887964213363072	0.001668896722038813	0.014826102649916535	0.051824686096943656	0.11242199208094505	-0.02017009836402033	-0.026814208218594777	-0.026598569023118756	0.10760184182077367	0.017099804689231165	-0.1174482592253292	0.12953512097332076	-0.012505862706422136	0.10892645152605784	0.04277923865596994	-0.03553885278575875	-0.02612776598759703	0.08775782656074738	0.03951679678240264	-0.06624622507141847	-0.04494888373910042	0.002671538538431259	-0.0838878226021953	0.0011074314771574653	0.020102366932788558	0.043622209034916135	0.07721946275618352	-0.04233472255706518	-0.05856835894208871	-0.03547157875040789	0.10864877050726521	-0.12172948545120664	-0.01779313565867441
0.07380153121953936	-0.017541086894725045	0.011763655399286678	0.06524520353979764	0.03377239235432008	-0.017925070299001197	0.09021045132746842	0.015726980007984472	0.07232307494169365	0.08385155340366676	0.03268510803259436	0.02377409220045701	0.006353741510814748	-0.11648879384415173	0.060265794661056075	-0.03482545374827182	-0.051174770643687875	-0.012888873263938394	0.014180449640252467	0.10711109772539533	0.05672344404389486	0.09705715672471776	0.06198215137422841	-0.09237224284643236	0.04447302061437464	-0.06546514045966019	0.06958534300848146	0.04823851208268938	-0.0804096571855843	-0.16322755966829772	-0.10837244093412327	0.09019295749098791	0.040698451014160544	0.09812435812145365
0.07265686706569494	-0.025234620204647368	-0.0009059085756567715	0.03600367765113176	-0.005152213854663516	0.1246471185283638	-0.015502440703987477	-0.007452873974804266	-0.015073981093596568	-0.03289845701569787	-0.0317814132572602	-0.013509245826849592	0.04965391534745295	-0.10069709659694431	0.11665328566842928	-0.0704217053959166	-0.055736937944495	0.02835248118052819	0.010240153012179953	0.041139166680423445	0.15234037663419941	0.20855556375829892	0.013263772574724941	-0.10092365130614109	-0.0022589892695115965	-0.032277366232832144	-0.1749668653742823	0.009112167450220532	0.05689287115303889	-0.08660679099135224	-0.06504355711496088	0.0005087084967482208	-0.01049009992309393	0.1331391701124685
0.07312856778884194	-0.03202101280059279	0.015341623548482232	0.002882964140203897	0.019301145520638146	-0.07516689195196403	0.03767955891289588	0.062091838608247	-0.01467844877177092	0.05845398930515176	-0.11140875260971289	-0.09367116906524446	0.1846735939311805	-0.012328333030876465	0.10056326048362878	0.05348685138759076	-0.0397583115837887	0.08885537177338776	0.08477960344839104	0.06970330907932823	0.0005427833715785646	0.007961451141804854	0.001065340445901286	-0.11399858873716154	0.010383803403121679	-0.02039299315133456	-0.02407186076650715	0.09979478311615517	0.12366095288723838	0.08662592835908726	0.04748990260856186	-0.02395206723286326	-0.08770563935142092	0.15049701377233138
0.0754963167825028	-0.022655127593804916	0.0037758197682791297	0.027675511701505975	0.014128631722451069	0.10889984303853019	-0.04729550502845339	-0.004816246453936661	0.019258174318939034	-0.018092240706680942	-0.04510073805709208	-0.009424097402036289	-0.00944624020496012	-0.16325513082328696	0.12627584896857635	-0.008907836171197434	0.01794447935901755	0.06330788506556978	0.067077138773282	0.14560925480578057	0.03187164007080486	0.07888100725942082	0.06657194222144389	0.031706957412368536	-0.004284045508549383	-0.17851941719709663	0.050775777954943535	0.025469605419498942	0.06941391213100559	0.07206005490342815	0.03352958777670016	0.03167506184381868	-0.05232852308496214	0.06325388553454381
0.07283112537006094	-0.02559720640074596	0.020547885070899774	0.012062276615174342	0.032564428123041556	-0.012763249423604262	0.11817747230370362	-0.020707579771969065	-0.03201988139096534	-0.05467973507385123	-0.010325888476349862	0.014099804878556568	0.07233481062402203	-0.02106153379515916	0.07847443095508344	-0.11964952116976593	-0.012444620947909879	0.003022943843137101	0.09055260953212901	0.06840768942423471	0.02539854121921513	0.12979959196233842	-0.013830701030560846	-0.10527759851222038	0.036177110255709855	-0.07157121905864514	-0.10948442346747403	-0.026210503004564872	-0.03221304441004989	0.16464903072115616	-0.046577204647094306	-0.05667118986922124	0.035316857145018594	0.04855655046133381
0.07209323173591445	-0.023918953038277794	-0.007958243575195374	0.03327344960416278	-0.019456145376397286	0.040069969461065634	-0.053686881529371025	0.049026589457213735	0.11459245778007253	-0.010853524746812608	-0.08023273694097287	-0.023251088374251914	0.05819357384252181	-0.03140985584495669	0.03699554566336766	0.04782333049926629	-0.021124704564131846	-0.023326052067852543	0.1521217564469806	0.01741182810839173	-0.026292730044807623	0.061142959893455584	0.05901911337115462	-0.07194889899697846	-0.03167739630622987	0.016943050259781718	-0.05925272299300555	0.0791317863134767	-0.10311095423633593	0.018174104370704963	0.01806902028107471	-0.14419688475810272	0.12146555937344808	0.105691475363134
0.074093162764827	-0.02515297699484323	0.002563358304927086	-0.019107380667238695	0.058939781304749965	-0.008789841973408917	0.09696666286097456	0.0215993683945031	-0.0879681961111945	-0.06718301071053463	-0.006908591383185498	0.016688896664251843	0.005278868716445917	-0.14202409010872244	0.0389878123032078	-0.04069518558218713	0.012057603581631757	-0.07306318023452163	0.14830638789377676	-0.019462411319157852	0.039672503039988344	0.04184344382714164	0.08413451844816199	0.03648142115733283	-0.06434340171461436	0.04448957721025657	0.01881210657541254	-0.034020544062658906	-0.08743637848847696	0.04662787854308173	0.014777925274912042	-0.00021554703750465906	-0.004696469606862125	-0.05957600879848304
0.07198332847145052	-0.026313358247878595	-0.01100484644813276	0.022363931332802494	-0.06469199170472198	-0.018167641108667643	-0.010663812408271762	0.059346610580832806	0.10027485399714922	0.02234536836108086	-0.07624566218298663	0.023055058777229503	0.1152714827918894	-0.02734804503219023	0.0001985787292169694	0.024578866638968633	-0.06483933339429579	-0.11394462441846678	0.14227002372684366	0.02831911605788656	0.021970206195964015	-0.15000000000926317	0.0642803542638039	-0.06947332409106385	-0.08072701043990704	0.1229682558600704	-0.03898652667309779	0.11760392374585174	-0.04215304072316801	0.006933691716465823	-0.13602818153504206	0.024076988305494085	-0.004728080057646744	0.09647623286336646
0.07658971105697253	-0.0250568762131906	0.008924428735267187	-0.002229206123114977	0.03497433035978404	0.05820821489480197	0.010239485946396294	0.027682920163624124	-0.0887290910626251	-0.06637252325183365	-0.00911101828316826	-0.10854277972084722	-0.03343725599992542	-0.11080210236398164	0.03493728965592302	0.04008988915366457	-0.045388322350980725	-0.05863282511062812	0.1605973227203454	0.014359124781095134	0.044916989708458345	-0.1000624355676	0.12258330461653225	0.06562357856136095	-0.08979880112121406	0.030419243879398657	-0.03708617174479633	0.01568876982641919	-0.053273931392845836	-0.007969772736548041	0.03759331663839156	0.050344656114829855	-0.03307447036099985	-0.004507906138671247
0.07598051227269303	-0.03255172353353624	-0.014682180696761396	-0.05063029627324622	0.028351288369188515	-0.06457472368402543	-0.02538553010329346	0.05438816198683467	0.12425589374855414	-0.02829315412859261	-0.12982125176373702	-0.04274716125869093	0.09208399820837898	0.004288228002610314	0.09698506348512698	0.13564431587113587	-0.0746163274656531	0.004465510040829228	0.20947578811532205	-0.028499884605715536	-0.00407974780377298	-0.06874922348306631	-0.10592609723773685	-0.012546460854569313	0.04123474409666501	0.13293162781231446	-0.03741186250225356	-0.09375050546173483	-0.07905756534817032	-0.04531625847893566	0.02912562987814745	0.006031128417547686	-0.058657494709734394	-0.0680759737018692
0.05936636037402719	0.0010694858830557583	-0.1354037229701044	-0.07696122796531873	-0.06719485242065307	-0.08266450685200706	0.010183428097952736	-0.1899262579388589	0.034516109299776575	-0.12551426838877738	-0.14375362916734802	0.17750186137145113	0.00697581186112591	0.009999996936225069	-0.029159471919025945	0.13894676152684957	0.23443857855589348	0.026864596178529185	0.1161109929126076	-0.006336339708814681	-0.011954850587407402	0.05107337715587125	0.1576168760347254	0.07642516523783234	0.05863886014071769	0.13314429020843033	0.2936107969119349	-0.23146124850750477	0.051145110322365336	-0.0015177201067873708	0.017019204771357755	0.19775124312325432	0.04176259682575938	0.12666774029621553
0.042584790872075395	0.015909713559934938	-0.12497115446726968	-0.035766616167691084	-0.14764718509533842	-0.020607847420683598	-0.05710470083254557	-0.2441404896712353	-0.14931672416261804	0.11116497517387164	0.024398968062855252	-0.06439925114610205	-0.02781199562975324	0.0819596807677335	0.012290895826090345	0.007771135001477723	0.19880746906899094	0.03477346841200707	0.039404269745943826	-0.022495502653500317	-0.02072590044176486	-0.08331178769688766	0.18644475428919377	0.14523388420805894	-0.037061019618439835	0.21490484397967805	0.03469511810154909	0.06952743018243912	0.037409581470771544	0.04078449078799165	-0.13196093883024843	0.0436614851665949	0.21645519129780025	-0.07878186349616104
0.051019107595318164	0.000600306011319282	-0.04758084679535456	0.017055384031538876	-0.13828263253806364	-0.12048957271183985	-0.050390174608293044	-0.07521583510624033	0.007231264357495655	0.2002600031654574	-0.06077457139195953	-0.011787653733718949	-0.04773087516439617	0.029982281971146135	0.11811630973579823	-0.016768674427409026	0.1217902529884094	0.06561552246268708	-0.19133538358657437	-0.006469729176592429	0.10347037169929338	-0.006490543891262655	0.14906845538504243	0.09888661450529514	0.09679137726800117	0.19832294893045316	-0.1422500331664312	0.016549589590029154	-0.03870788609790286	-0.06020483840244581	-0.11075054683755992	0.002780327113311505	-0.07355041233136651	0.03262241057958014
0.05524894537302681	-0.007149612663508752	-0.0060128339006609195	0.028848464718260775	-0.08495604172817567	-0.09311722489981163	-0.0050411240013606695	-0.018976336066773136	-0.1474591780935881	0.13314626056866788	-0.032835771596083085	-0.0025924588556356172	0.030070384197515714	0.13185814066598306	0.0815191320658534	-0.06927664425875041	0.16437935562145695	0.1827327612207988	-0.10965274741702197	0.08540444344341314	-0.07606021786635113	0.14444012057448644	0.10643279592243353	0.09206798237584647	0.09507094735817566	-0.005445124038066157	-0.09611657147954437	-0.06509633920271463	-0.12560647679445325	-0.041651792295594445	-0.052722583010898355	-0.00809269441172708	-0.09135285657549454	0.140647956723615
0.05815725856694274	-0.013447645175316856	0.001436692375664932	0.07909636004363042	-0.22253331064841345	0.016850765137498162	-0.07693293729466338	0.0004088742531029481	-0.052892860281300816	0.1137356905005044	-0.04614036973133603	0.07071562468564849	0.04054010147179488	0.04506790273819416	0.002016938733466078	-0.12002668406686619	0.11136373154567539	0.05916875497030126	-0.07891892489610607	0.0894356472891926	-0.13834361824310923	0.17279867077478656	0.018835768814942352	-0.022825152746899738	-0.09001110180899867	0.07531476551170453	0.0020433718301755763	0.08005087481170226	-0.0692274345407527	-0.06873663084640791	-0.009393825045846474	-0.2102817793352676	0.18503234743615538	-0.06916386739504915
0.06212977259114207	-0.017459709159199078	0.016863061791168626	0.03570448727541089	-0.15992819339236372	-0.15352199451997697	0.03798313493260753	0.062231717441537375	-0.11131307530621225	0.07335238691496285	-0.07417579047330822	-0.10068944582738468	-0.013510248079065873	-0.06132040905701653	0.0069629052745155875	-0.09332909150988732	0.06675462077155825	-0.05268291969741743	-0.20039526642992642	-0.08009096399611346	-0.1051782421419781	0.0481300543575041	-0.045254179299325646	0.009122121064611001	0.02014210283871189	0.013360106093318933	-0.021298518746371984	-0.043311150722768046	0.024018706918441025	0.038448843149247056	0.12589607778453388	-0.15803756494902435	-0.15082315588564907	0.05221370616999578
0.06661274929825262	-0.028716206995426395	0.016190757322333667	0.016401253690710913	-0.1457767403915418	0.003624480872036049	-0.07544199003609339	0.02782709805234566	-0.11355122766497747	-0.003971908029253156	-0.12169513310425806	-0.09850939209091579	0.0318489200399172	0.0769013071408907	0.029688699122845205	-0.044559586592140876	-0.009189235905609536	0.017573560470125236	-0.08069339833676553	-0.03033556450713061	-0.14313867890868603	0.026567184096278798	-0.1311264479867988	0.05381950813839055	0.08954352300049606	-0.07350290550318903	0.07829318289148594	-0.08910583842750704	0.0800580310714342	-0.022168379045052707	-0.05619305772589557	-0.08747793242486221	0.058789903561494446	0.11295719991118866
0.07359876463216408	-0.037940851813037975	-0.003593884101414927	-0.021822282104896295	-0.10258387771077133	0.010536261324723687	0.02408302770493287	-0.03285659020896849	-0.03252802484418541	-0.1536892529761466	-0.1584740219601244	-0.02309884680721962	-0.007178865358066691	-0.08814959011125675	0.031143396433581265	-0.03820982136546761	-5.256574139324288e-05	-0.03571604875146444	-0.0006764208320982831	0.03828905283469257	0.11762172623338192	0.01768711400101885	-0.14714003878345008	0.019210598634782597	0.0217443582123793	0.13921034189074907	0.0516115591976745	-0.038359485059891264	-0.006474869425175521	-0.013352185632340335	-0.16323677063274472	-0.002947590311502095	0.16589768938711186	-0.1017502123464966
0.067226316240174	-0.021751748113134618	-0.014986059983825187	0.00174758927178743	0.00369719979976815	-0.12037633188485859	0.03592621400666359	-0.016540783922394817	0.028499688983493303	0.059030472765410014	-0.10187209387308865	-0.0406804138460322	0.004603038922711409	-0.07441570093603993	0.014098078481304064	-0.011360495943926543	0.13548027677803712	-0.04487685288647417	-8.082021857737376e-06	-0.05949958511480449	0.045952393556985965	-0.04649225943209801	-0.03530982180264026	-0.019192252825133052	0.010202577980915908	0.08862441334804093	0.12165716825366504	-0.02775821657344492	0.046433086076581184	0.0038566049499439113	-0.005342017213908518	0.13313854007739578	-0.12400876055207127	-0.032976943773379126
0.0677432426008121	-0.022234570618536113	-0.012379687206227855	0.017466127073498237	-0.054745023826028145	0.07528226623378989	-0.061685182748861145	-0.10229093633901852	-0.029076101668057835	0.017632985334828648	-0.0551855234780746	-0.06958980506231408	0.06011857667193468	0.05951050524708401	0.06802364230100973	-0.04833519431291469	0.04863732293393389	-0.04951816159108416	-0.023027049112916458	-0.04569008612363252	0.00341107732215243	-0.12206300467514038	-0.1375884349579175	-0.04738130269309321	0.0288151917860179	-0.06846920126005479	0.10998175783185643	0.01685128618884576	0.04273519812339846	-0.03004697300603818	-0.10079530507136761	0.10106030697124087	0.09162494786909522	0.08889416192597623
0.06710696116781412	-0.011939247337297723	-0.008552557541159692	0.02604547921549271	0.06121062023848399	-0.10007911262196928	0.027105710546675453	-0.029572961393784417	0.010065551669591123	0.11088134759648681	0.009921876850812982	-0.06288415381516982	-0.09621276530713853	0.06944380717765196	-0.031218288071928932	-0.04624483148971438	0.06941584634084769	-0.035071440532179324	-0.017592853383388226	-0.02964073166536501	0.0810576994451825	-0.03358076869827016	-0.08839922205273787	-0.12830618365009944	0.012700353699859675	0.05197230552137287	0.0728013237834898	-0.0007558042166065405	-0.06845390872421586	-0.04346805756333392	-0.02082759054321895	0.13244221684881877	0.17042140587739976	-0.005924101971152784
0.06399930384385366	-0.014035578757087577	-0.012305110218517918	0.02336311989357777	0.00405110313244995	-0.0010554357688811137	-0.17164647386066895	0.04817635277136075	-0.043050750939869285	0.07467638430961221	-0.04038846880362504	0.054933509560178256	-0.04765869083879317	0.110041005261544	-0.11494200637177977	-0.04213866534680388	0.05178574764894591	-0.13787020224111504	-0.049522551171400725	-0.06917189229751777	0.018917708229060404	0.0495977322769354	-0.06811262545890312	-0.01766967240690618	-0.08753138194692045	0.014054255046792507	-0.04944452945986509	-0.020657555882085205	-0.011833601814208401	-0.12055846963827692	0.0580750438161267	0.11414889821912476	0.0793097774824403	-0.07726596750601249
0.06922712689358755	-0.02448625495098265	0.004350100442519936	-0.007291037008319675	-0.021306016281592715	-0.09124926119267772	0.04247789944650407	-0.02319140753366283	-0.022510810098602972	-0.025637045901653974	-0.05291409067567831	0.03203528156792856	-0.02092199817560391	0.06320634783015547	-0.06597977980994783	-0.12725992866196875	0.1251443681397237	-0.23163395577443835	-0.11212148114080203	-0.060541317868925325	-0.06740277437637461	-0.08260792116181623	-0.07197796751873722	-0.047669233820700194	-0.05556245516493341	-0.07868241307055823	-0.05336415730316661	0.11336429544622123	0.10499025955465628	0.06898907579788204	-0.09794477737221895	0.061784301057413574	-0.07193176866561735	-0.03876275798311256
0.06304845453900532	-0.011199240976541652	-0.011072413217840296	0.026033234906618654	0.0165033856937982	0.05143626097116559	-0.15001860449774485	-0.021227669865079443	-0.004897917741342943	0.06768650952175305	-0.029640385254696092	-0.0578156994224393	-0.016703827206634197	0.060183648381101504	0.012282305043783198	-0.08974973966723292	0.0727707590152773	-0.07310236305661016	-0.0868192201771234	-0.053032137419721195	0.0009681003329857392	0.014527073233940802	-0.012082073451161834	-0.08333488686366139	-0.012783145370280441	-0.02770508065865848	-0.07421639303097058	-0.05697038408523859	0.08483531002467858	0.06883268547887278	-0.023364841102274176	0.09444301414315188	-0.012639546217417506	0.03227086372473943
0.07005543701611906	-0.024941874589110128	0.021866880948723962	0.017324664907707	-0.006240590884917356	-0.08551804413083061	0.028961609879675825	0.001988566433647996	-0.0456062876710925	0.06319347231989991	-0.07494218625809794	0.000742630757080553	0.1310272136221151	0.17114713565965622	0.014747660515631821	-0.06441797717850545	-0.005800142535826596	-0.0346123357954174	-0.013067372019207553	0.005472698347927494	-0.08632818030970318	-0.06882860431212298	-0.04901493591051482	-0.02554602572835994	0.05991082193605213	-0.04088578634715339	0.00777779548619803	0.009693655535442162	0.09268868160952891	0.059116993908654644	0.012845722007222157	0.003895367851243191	0.02026338720927911	-0.01832040403361579
0.06689687333319781	-0.014946237095055761	-0.00851013455860406	0.024029861097500865	0.02966552316490325	0.07382783106034915	-0.0733337433677491	-0.07608053165760102	0.004102091727715446	0.006961696073508143	-0.04115194822085863	-0.1297224775234275	-0.023690756218772438	-0.04427886763937815	0.051553893569571047	-0.06485473248940182	0.10676451011108551	-0.12746143289605005	-0.08324994196574124	0.02676090817751181	0.029913044128570272	0.005575063408749694	-0.04683348861642702	0.05634270140192559	0.024202171886125997	-0.11655060928278994	-0.029358227460801797	0.033357495489954966	0.06966659910472067	0.0931708485606179	0.043448815016073075	-0.045607014517751135	0.06184435024870708	-0.14456282414576163
0.06879565336710142	-0.019950251964405325	0.01440145617664765	0.002573406745781076	0.10767841985044103	-0.02616017683749155	-0.027066274014541543	-0.00785852474938202	-0.09346639512581574	0.1403601957746697	-0.021243306384494634	-0.07866745772623815	0.09890129910983535	0.0209176309389676	0.02356258980805072	-0.01478116279723405	-0.03163060484458016	0.010156065987104716	-0.06644987333831626	0.053664656525838676	0.08720005291984369	0.019680272417069097	-0.057815517649403125	-0.0037677575821238804	0.017337216638570945	-0.037421863488086377	0.01980041451060946	-0.16987372812164153	0.03329239009111659	0.1073714044692119	0.021417337096714062	0.013687416954385166	-0.06278395128957501	-0.08310650008838569
0.070673728925321	-0.02312417376136996	0.0010534255650786052	0.005579190507424671	0.01651697342548429	-0.04494552338188885	-0.02123506545640328	-0.005337116063971466	0.03879503437814874	-0.057979120089918304	-0.12892064000720085	0.13594029029837648	0.027136551421577434	-0.042786165586636796	0.03590217934649234	-0.07993592520906906	-0.0012920877327430892	0.038102329476317864	-0.09275559454836282	0.09849061584453309	0.25610691706456373	0.05798590955604571	0.016362868659071186	0.06164114963649091	0.012259709404633182	-0.0861224367937659	-0.0064595128948276015	-0.07819413817154332	0.004185334316134798	-0.0009697500882594025	-0.11087267501750697	-0.07211810120800727	-0.07301205242969355	0.05932461308628324
0.07244389481531495	-0.01758424021121876	0.019145696269370488	0.0391818306664637	0.04720918417017274	0.05550059808731196	-0.05718390483982901	-0.051207018701288014	-0.09384824907322878	0.037069987907611596	-0.025358888044254957	-0.07581780121255928	0.003369688679983373	0.021944967136169762	0.010228777399433234	-0.026016996777826918	-0.008532480329485972	0.0730725828912258	0.01425816954925848	0.14432896296929082	0.07631374114337153	-0.06958060985662122	0.005938734360607864	0.08171799021611248	-0.00785293849972955	-0.17251324322100794	0.13020008195874017	0.045099216436411536	0.017725876455320134	0.0380275403355176	-0.03132638259614603	-0.01281586028537295	-0.08220997788597695	-0.04498221901313461
0.07281995603541039	-0.0337807842256328	0.01844688224522795	0.007221665669370398	0.014337242152186862	-0.06467344925741883	-0.028533372439609316	-0.005241559061812716	0.08800412460173859	0.058207853077288096	-0.12123774202686453	-0.041231166378653414	0.13848289882602102	0.09731280294608037	0.02454410628737501	0.04015773844528747	-0.061141048425297995	0.06170819427138293	-0.006186322638330834	0.1454568617937433	0.10714989004353884	-0.05665419913870447	-0.12478375456479668	-0.04228959975316382	0.07128423355245803	0.01631873377305698	0.12423839326790409	0.05208816782071331	-0.02554892867259343	-0.05746435588967009	-0.044049124413653606	-0.11986369972634717	-0.02055203792828034	-0.04340943079713475
0.07187836519675997	-0.02118622791188434	-0.022841905168124142	-0.03648646236876451	0.11629374036932599	-0.05145163940446916	0.08065102383924325	-0.07965042426982588	0.042569585884109244	-0.03000980223847513	-0.03829694751825923	0.005127326552213229	-0.02266345650285679	-0.09601643718955098	0.06467801631908622	-0.06311773628922407	0.15682715505892378	-0.08221395770639214	0.03340105879429437	0.017734883658000272	0.07211912124992266	0.12190513077191234	-0.11558237741792168	0.005355231332181673	-0.02133666930676449	-0.05760085007004456	0.10627276798019507	-0.0590018587863645	0.01293283638305886	-0.020130111919544766	0.020826052832101087	-0.14563955544252344	0.12666341468956882	-0.049032435163164044
0.0666868308664067	-0.013034084230893798	-0.01867605830105845	0.035714195756639686	0.03763146930775634	0.010667739106377847	-0.10890511628591508	-0.01019674279864857	0.05186505482361225	0.16864372682098233	-0.004651371142684667	0.1360345638923905	0.06590331736067276	-0.04491421251319473	0.0004341209740880321	-0.04961485461289068	0.04861834411312152	-0.07321279781510402	-0.061243977565167924	-0.08391576787465896	0.008474205752727223	-0.07218420653084497	0.019558670546000016	-0.055796097783170476	-0.11147607290098449	0.010120958151212677	0.009072598838319467	0.0234119818764531	-0.19829808562980228	-0.07662373161232745	0.1506029260650402	0.0012256413881332404	-0.0587997611300486	-0.022174277993985816
0.06770752910990756	-0.019955355761350192	0.029712803888313984	0.029249933544495496	-0.03337365479040916	-0.05906117156856263	-0.03195384860712699	0.024208161423456487	-0.16105221544315507	0.03893386788862127	-0.06298917460766483	-0.041871179112557895	0.11816602035402907	0.04393253177903042	-0.02508276782597267	-0.021090240082349814	-0.055946931393481295	-0.0012634490813440008	-0.047578169147283175	-0.02055145023759055	0.06300370259641158	-0.09692023851469675	0.06904287686610425	0.047326567295679425	-0.002645046397415556	-0.044526655641812816	0.004085711359082658	-0.017627736490486358	-0.022724826353105382	-0.01478299829268135	0.10329201179143367	-0.017836793892822438	-0.05944704473166076	-0.0049114669489295215
0.07231105307841273	-0.016088585772979384	0.004372363231046773	0.029791532196567695	0.01691467974276126	-0.027473106687861525	-0.09866047825710339	0.019866764942622312	0.05322853853743344	0.0038697504129420516	-0.08860500816868283	-0.05106834276827453	-0.12332304261354103	-0.045785478231005344	0.010478164408222867	-0.0088107172174485	0.004063794434442915	0.014660587770471828	-0.062108844274802025	0.08172076591130013	0.04856476973155856	-0.11642534708031085	0.029825286009685564	0.049292641312626874	0.02164182697439112	-0.1342011831752501	-0.026863613273815458	-0.025930328216634217	-0.00253924701010643	-0.05185217493741292	0.20363582024797566	0.056186925445952	0.07768909530688867	-0.08143887788646376
0.07047510803714926	-0.022589935670803984	-0.006619613654844899	-0.02087151814707315	0.09451791637586114	-0.05726889648918043	0.01426884230980795	-0.016960198893162706	-0.02952250170933915	-0.04327970443438326	-0.09564823550983594	0.0426025727628239	0.030203105669715062	0.10272755811305229	0.03226247243032734	-0.10472717059355557	0.05994151090165737	-0.0328434752819756	-0.012983388837173634	0.019742663731472862	-0.053724449724410525	0.046484922254162515	-0.08567808140002665	0.03690316628990175	0.04530243249954889	-0.02591939759809019	-0.1734288388542988	-0.0828677234186788	0.034887111259505804	-0.0049928088574927795	0.05506814351237371	-0.005086767446169725	-0.08915137732093442	-0.11486924014128445
0.06944016426925027	-0.009128601637206161	-0.0040421790301294214	0.049147462920836035	0.025625730004936946	0.1086468407693198	-0.06537316741882739	-0.08405842539859365	-0.016207006295517502	0.07696682510185526	0.0640766046819542	0.06184272283777155	0.004746133244948891	0.022576646732886816	-0.03365220209369845	-0.09175969335358855	0.08484803747499435	-0.08874145652567969	0.047991754629848074	0.024354998458184993	-0.109769483199539	0.03901719131762614	-0.0676332071090265	-0.05832296697949289	-0.09307852164822394	-0.13652309790173794	0.1304323025387063	-0.04887696782473097	0.06752853554306373	0.016049972683297584	0.0524268031744576	-0.03764272142930871	-0.08633644816382181	-0.07075027723140621
0.07271695933364163	-0.016256650588681476	0.021174306723460046	0.05658520411769372	-0.038157186904275456	-0.05180800489787198	0.12268371071369001	-0.038375217827573735	-0.05796905708604653	0.03161656949813281	0.03526523462311575	0.028707650430510278	0.04388981719434108	0.006331581215382674	-0.02352392614223502	-0.09294014310206533	-0.06929366245598732	-0.06518760494128407	-0.0628161010715956	-0.009300358418340383	0.08862232122724216	0.014423946004960546	-0.01415438895193867	-0.09787946126926585	-0.02773838653523985	-0.02700960758639013	0.02760055818814723	-0.10113436685434635	0.02421714057490276	0.08735571896866375	0.0505715504308185	-0.10102577961537393	0.004502574356677641	0.0010861831529380764
0.06456979871070599	-0.014090238127227588	0.002028534221549289	0.061007685781035374	-0.06105484483269647	0.012707411397224493	-0.08751754341204902	-0.012349724055249454	0.10701870386057646	0.04673892680060925	-0.04454956084728544	-0.11889178311274488	0.036266145717024946	0.0196789806699971	-0.007966914048357032	0.026172429898951827	-0.05819705259222126	-0.12162173798613327	-0.03886766279570054	-0.023767190397891737	0.01562248674791564	-0.13654590854555315	-0.017816365383785948	-0.04513238989198794	-0.01357015880841518	-0.04879387993674791	-0.0031083336274767507	-0.02159396218141805	-0.004636000892053868	0.018991053937315927	0.14148251946310247	-0.007304103346627663	0.14083117873840204	0.10564223249967539
0.07223827903343198	-0.010551707410119337	0.008864507883225604	0.018595511655616938	0.08957749480502694	-0.028392358504558856	0.068223996439168	-0.013574244977697521	-0.08142711636157915	-0.023102027649360514	0.019561506322789954	-0.008160974406119528	-0.06133972301654157	-0.07761672858689271	0.025367797804184064	-0.05950800656805667	0.0035698080214042038	-0.011383485049137831	0.09862082554774522	-0.05334552873401713	0.039331970731672564	-0.08794987174901737	0.07242004589109198	-0.007173973276338962	-0.0007042162400750507	-0.04420453120908731	-0.009452015901704927	-0.2137440018720944	-0.04821322837664822	-0.021613772764209567	0.19564141280149108	0.06501547774484988	0.04716502613524015	-0.06343078163909388
0.06947186899758727	-0.020007746286544406	0.0039756377861450524	0.03754335852534163	-0.042740018278330266	-0.019866973764533495	-0.05229778140327746	-0.011514339136142297	0.07022753424164119	-0.03080533809937862	-0.09509957246980874	0.08387352838337214	0.0748564253567953	0.1425479045281124	0.014292552885319824	-0.042374505969753264	-0.05702520254815392	-0.0076501739361272605	0.12131831765219706	-0.06067812656866588	0.02451614637183262	-0.15367144813286562	-0.0029275232719718595	-0.05338728529343968	-0.010674063400468559	0.055518534851186276	-0.038341632850336836	-0.10663240549206572	0.05579678016527338	-0.02485399159009102	0.09472547114315719	-0.09307226946125322	0.14615942458316047	-0.03707790915947752
0.07307829656057743	-0.009212921463441959	-0.004154622764711519	0.024643921867586897	0.039140785600779736	-0.0708440294236585	0.08386418239340576	-0.026293733811732924	-0.04989513583691357	-0.001316611902204836	0.012731658793274305	-0.051786674976687555	-0.1398987116562381	-0.05539124946672013	-0.07060692688261623	0.04401733234927595	0.060939869459161626	-0.10061133062925835	0.07504951857798615	0.009302077138890526	0.10858487260749343	-0.0690986177724628	0.04763471376684312	-0.004765373249311412	-0.0981795379929561	0.03171688408921612	0.12309408505493447	-0.0012470403144305836	0.0787635829384897	-0.03945544421312367	0.08327849827822813	-0.1432870532712351	0.13657943418461527	-0.015333037916319953
0.06848725818021785	-0.00862616262065914	-0.007222249372382073	0.06269429285029514	-0.015529552937973576	-0.009615716638008722	-0.07557569809756944	0.011527330625398449	0.07685307343252576	0.08312504522042391	-0.01329596041954568	0.03656157092935191	-0.06643761246518609	0.013120006358795632	-0.08303557258592872	0.0061200078066482085	-0.03485713215562099	-0.10299137257558053	-0.05421981559386137	0.03399265914606707	0.03533189007109375	-0.1575979439140915	0.07533497589680707	0.006676142184609789	-0.09210637621426984	-0.038316922627703504	0.01254288551768793	-0.04810975046266616	-0.06336813709694228	-0.010686573887610806	-0.062579052117135	0.06329589222026782	-0.04663377593048229	0.06231874039246669
0.07086523685550723	-0.009837993068441712	0.01967545828516602	0.07125840112894637	-0.003471125291671628	0.015751249039968603	0.09106338520704421	-0.07897671943438721	-0.09256043611062464	-0.0453313740793583	0.06533699002022024	-0.017946941738333545	-0.04715480628450617	0.04400345399291498	-0.06536328412209955	-0.07569194322818328	-0.02074395864671745	-0.04213747463305416	-0.038454651941774706	0.11207776225823002	0.0533285823059929	-0.1055826257562654	0.0769756033552827	-0.0010787768793600258	-0.02840738417301359	-0.14920987748616507	-0.052070361251184416	-0.10146978092893558	-0.08753020761551117	0.05973808256386362	0.007976029396309623	0.026037436954393055	0.008403954348742044	0.032711126700631615
0.06777038702166034	-0.008702448514812184	0.0028262706613609795	0.09463716243119565	0.006928922191457057	-0.017673816717171564	-0.015154580220400825	-0.03831297799785812	0.12163625849418812	0.07185467233310935	-0.0049000838691209084	-0.007639962284492969	-0.028586233653318537	0.1623766793126207	-0.06466736608378176	0.022380864077329383	-0.06061944660059363	0.05046149334330838	-0.023234020214827282	0.10819661838587111	0.03921864923766027	-0.07734065809363658	0.045539204226720115	-0.07286887833540141	0.08008982449906828	0.005534526928428603	-0.05108245550155028	-0.023889477025587073	-0.08668469274350565	0.012859155575074898	0.05605535636405301	-0.03527486112831767	0.015434141947690938	0.052846453355234344
0.06746306608888235	-5.138691727315441e-06	0.005052597358477222	0.10531935824833426	0.025964783344066215	0.09414983466370389	0.004627504511442975	-0.056080626343434546	-0.07017914905078793	-0.035729431507461086	0.08013710618795988	0.009989638295535536	-0.07373234888864219	0.09767866654857778	-0.14654463797280315	0.0003967349614266945	-0.02295235860417201	0.029041192905008027	0.024416733859721117	0.1352775173763373	0.05218034713960839	0.08065196913666138	0.040092395975899676	0.09545922383016087	0.03672197796858665	-0.057111804251349	-0.00787412231323457	0.0011365976755364562	-0.021133870356181375	-0.11555503318820229	0.05685469555475485	0.055815017562454786	-0.060129664107144404	-0.03538707711213035
0.06975755392748649	-0.0052549968810082035	0.005216263267971307	0.08473294363728297	0.02596005145777893	-0.051792854811581815	0.08958187325213926	-0.04424700094321119	0.05172762112920838	-0.04715997451061786	0.026022903948588593	0.0725231098193444	-0.07441921448256131	0.12600234065310964	-0.09179571875286065	-0.013843597388809224	-0.022876992481035058	-0.024598091170936042	-0.05489755899112339	0.07699933237053969	0.06407114778707208	0.023583674788600982	-0.020269456575793324	-0.004922426139895249	0.02221570684944188	0.08155460535641426	-0.021715754503162543	0.03228065242512615	0.03019116289076923	-0.0851369628599451	-0.01834427104515947	-0.005336112029886576	-0.15870156601003851	-0.0777482008420003
0.0691956582751658	-0.0006487717523527824	0.004298939568082309	0.08218904602288898	0.050690920706685495	0.08155008600057347	-0.04258606499335245	-0.05490395522436161	-0.04481542871991827	-0.013916755966248352	0.048891526815233795	-0.08661882397876672	-0.07073815482012072	0.18384573019705905	-0.12555224288622077	0.10109587822947064	-0.06814748191582287	-0.034369284523890875	0.07103921745785892	0.07825864098006625	-0.0059933086103506235	0.020656643151368195	-0.03374124104502328	0.04618321706205947	0.019275635946269114	-0.02787874824728484	0.0913419832848166	-0.04087916841477421	0.0246777980127531	-0.04969710150198346	0.047441286106195246	-0.06682218727913572	-0.07713466254381598	-0.008167802252599998
0.06915882397563759	-0.001542559825556846	-0.005437897874926713	0.09128578975000506	0.06044112874427119	-0.012551295632040093	0.04990823262667662	-0.027177899779275295	0.10129059422389114	-0.07547518605381304	0.0009552482043313402	0.11793442833794508	-0.12161789011430171	0.05006248420845966	-0.1056973194054119	0.027613605335061915	0.004404039073143049	0.006400561804363341	-0.0008812558386625501	0.08789237782685236	0.09963123493793341	0.039923779656330455	0.015869511637350654	0.01916832843443487	0.019183187106205844	0.01517439604237455	0.04251346670747474	0.005102095421590649	-0.11444749715631235	-0.128369173863116	-0.05619776347551027	-0.08272585929348325	-0.1280019461713306	0.02115513031287132
0.06626764980002774	0.0033585141329036993	0.0006296549828394944	0.08982498993267583	0.06770210514538073	0.07616539715659225	-0.011266905193583594	-0.06951971411473384	-0.05755735593422988	0.0006857934700728646	0.06397077753525965	-0.01459781928273323	-0.018615956244224185	0.18194095132933089	-0.07275913531052171	0.05867453967531413	-0.03632622204140677	-0.0019788607602200976	0.08653592688786052	0.043666268996722345	-0.04273675101733051	0.01176223916496982	-0.04528556288418795	0.05446450266131671	-0.00884270627705241	-0.0035878844727629394	0.09024711714498246	0.017656907709992693	0.005543541538288156	-0.06753174004481878	-0.04001247144865751	-0.046938996855532086	-0.09993395383952097	-0.057609917677258704
0.06532050354956247	0.006974185890833959	0.002202192295567221	0.13028795188613515	0.012732645713060726	-0.022987394763114278	0.08515857311905248	-0.026196416676965272	0.09942788984421863	-0.007066227231542658	0.047358289956943356	0.09263389124877347	-0.09610458638930448	0.01775993076002597	-0.09370160938556271	0.010740534832389986	-0.006627518595809603	-0.03813830001276882	0.016089849252303254	-0.02636460535627985	0.026487929452379738	0.0009303003233184608	-0.008861635513514217	-0.010079911682134053	-0.07166564856571309	0.01751318028857117	0.03655180869840245	0.0284409861139997	-0.04271743753946847	-0.054032970520106555	-0.06291999232275866	-0.05569553986027245	-0.01905852429150173	-0.01757297173200916
0.06794771402249204	-0.0026264091868818742	0.003477741266527303	0.09981025491125718	0.013928117585143786	0.10821947658838364	0.017615575295291896	-0.08537645711980898	-0.041345284928946804	-0.06132030335514045	0.021572303021911758	0.0051436166945949295	-0.028081858177312125	0.09146163769004524	0.006315778430491104	0.0061907011119352855	-0.06812157208793262	0.02558898779165906	0.014998427697652675	-0.03747087166230848	0.035931646905120525	-0.022834587993910114	-0.07053424694616234	-0.0018377698786771965	-0.02502271667216574	0.0029549967375753564	0.025163496104268806	-0.025592464944156255	0.0708928809251257	-0.10122521448150693	-0.03590222529031993	-0.05883160910924569	-0.06140782804019451	0.03185440766275095
0.06581701540328859	0.005967378895063921	-0.010905265215732306	0.11277897019419579	0.059881725961584614	-0.04500877062173439	0.09256812876405089	-0.02709907966265	0.08956818488559327	0.031193203654776774	0.005321659959005019	-0.021475045535164723	-0.08038849014046964	0.0017484430092180349	-0.02629329556252692	0.08927496072619798	0.04320458793040953	0.07889682644020368	0.03566219340715297	0.01727379835081959	0.029875577724472628	0.04545133862047338	-0.07047727106375462	-0.00688482486671276	-0.03474142765155439	0.02119669558822616	0.03666814612396525	0.06818551743502027	-0.04116135894121712	-0.026888008542927964	-0.02284661139433041	-0.08455475344749207	0.0031887672082234163	0.013417251711057848
0.06319514960139287	0.004600481579467443	-0.024813520943021708	0.04628025995261425	0.05255220564731692	0.04441697045992958	0.008887826729002735	-0.03847932210621838	-0.11027303806749826	-0.042874267258358925	-0.03189202090668875	0.06581207757802573	0.03783717442274671	-0.09586458599841162	0.033580066838382897	0.03531587465468668	-0.05033837668424358	0.041760654052072285	-0.06047854267397071	-0.12850142977153123	0.015385845826117753	-0.04914150519890554	-0.11005008616813504	0.036726646926786254	-0.1186330035276934	0.08818522086188528	0.10518785742392611	0.030223463008002695	0.007723365035851776	-0.00414733339277823	0.039158979347847886	-0.09939575341837645	-0.06714595519572429	-0.09845032556489139
0.057715198751237984	0.018981117886969375	-0.03403195574111595	0.10273470082820399	0.006819653383895304	-0.017632052346929255	-0.009132611759878236	-0.006809288829984341	0.11445967328029079	0.05354664263187132	-0.01377250795174576	0.06862866320560049	-0.043613707898641246	-0.11355125502516317	0.019204376466651032	0.057437102266797865	0.007297234884909701	0.03485691886484075	-0.016170382236207287	-0.13004096685290414	-0.10069161093003604	-0.10372735792229948	-0.00047066282022355244	0.10265156544960533	0.0007969398899046742	-0.05625434850591743	0.02568760939540998	-0.049871996738626564	-0.08197560947158603	0.15554068396527576	0.00462023739621166	0.05456408688201066	0.004440706378270518	-0.025620398802252024
0.0602352901785379	0.014724294568353447	-0.0016923460837108728	0.11176627285029274	-0.0036735233909374844	0.03980408626430507	0.07898818902358146	-0.07719156663075517	-0.10714428507750756	-0.094046850349775	0.056187165514122346	0.032066894209485615	-0.006109887159414972	0.011888734947581648	-0.028489220903681278	-0.028959694502883788	-0.05937403076385513	0.12389753290220151	-0.0049347267419780835	-0.04588822924647983	0.011072545483558897	-0.03717269207224635	0.05932091309703757	0.055257576394234655	0.02896389034696672	-0.038826958117641384	-0.02695337762081716	-0.102467335909476	-0.1560678645902941	0.015409763104560416	0.03028195760999424	0.018807858910094802	0.057348568589143334	0.0065354701410393155
0.058581481610582055	0.012169834092063665	-0.022490964335008953	0.11480194116212512	0.01851701964583944	0.045951809071692565	-0.058161264076362566	-0.03098710483344176	0.1014318812362346	-0.01780857794655104	-0.02638266260957435	-0.04080153121825239	-0.07136191744649087	0.1056052391657843	0.009631348806639982	0.08576316811604996	-0.08270831833480273	0.12480613764469457	0.03125414418872297	-0.024380165054274323	-0.017079276057412947	-0.02017224146471517	0.0005739472717687516	-0.016630299674077247	0.0886483218571357	0.03346021642136708	-0.05108888849221561	-0.07288020080762284	-0.07500583509104349	0.052440489840786114	0.1247363572695306	-0.02575420278627607	0.08460735355296516	-0.026730388310822847
0.05573168493003431	0.02530837855048298	-0.008831674630742145	0.11887489645475585	0.08101300120384501	-0.042193997559848005	0.09604957731733954	0.0022392040949906033	-0.018730443147064336	-0.011299490606334032	0.05365864188730414	0.051221604063348726	-0.03699596266988023	-0.012234979593337086	-0.03194742642364218	-0.008210079117041729	0.0050680401196791834	0.13181843660049558	0.0797360811416528	-0.08607209494832521	-0.08023789155945975	0.0944736244736941	0.012059246375791574	-0.0043057117929036935	0.06555235927312865	-0.04825124279870431	0.0006769636095771137	-0.0701208123301548	-0.060128795628193774	0.05423720138091325	0.08612021705501552	0.05310811962951719	0.14018022354429013	-0.014984683914569173
0.057290833533284256	0.018174435032619018	-0.012558873049881642	0.12424698819995166	-0.01661997304268212	0.09107376285805181	-0.01081450264531911	-0.01861452477551499	-0.04626750291333768	-0.09311600026752662	-0.008571165707948613	0.07653229137554556	-0.014623895474473342	-0.01002621371665462	-0.005384837351936324	-0.009957065667070716	-0.07730139744096541	0.10010321319505988	0.026762053813788367	-0.12096073943518765	0.013082375133401984	0.05372325609435609	-0.032513775247506996	-0.01812901401935217	-0.03180597177116978	0.03974155430583422	0.029175168768444414	0.029618719778504082	0.011445442747284013	-0.06500575198233655	0.0017055452112182158	-0.03650851167312079	0.11393887334214006	0.0390174868568179
0.054211867374347016	0.02573364545050783	-0.015004066987616024	0.10172553731688133	0.04895249015494383	-0.09077426717616636	0.050661523697152745	0.049629009896363666	0.049510855295681076	0.04845035044716537	-0.022868633184117155	-0.07478053220358818	-0.031023780156533936	-0.15348239701125915	0.025877901264503123	0.11789364528951965	-0.03130124859430663	0.061503348481845604	-0.049405202942089575	-0.09651822713944634	-0.08142609582232227	0.041655346058168743	-0.017288162851239876	0.07300448102419341	0.008438319158900337	0.06551177891330581	0.07019787132480584	0.08603038853377254	0.08214279757301546	0.004345150935448426	0.02061445586875963	-0.02417314008349529	0.011320968391787119	-0.006646242817153535
0.057198751944841864	0.017176391347756108	-0.027195606611434556	0.06679559198015853	0.05915348284994579	0.04819107068859071	0.02993903942824946	-0.04601107260349236	-0.10569876194465265	-0.06002889471575566	-0.013737626079686115	0.004576402408037088	0.06542711823957471	-0.14568257877933125	0.09161087723892467	0.040637698534506835	-0.051364025846757824	0.03673365943623136	-0.10673962715064171	-0.1224184573657828	-0.07410161718032966	-0.10904964581849155	-0.01853613712527445	0.14329284763723624	0.04484670479132657	-0.09883208325946279	0.021839840902954922	-0.018832889814500403	0.013979795207527726	-0.041550837700974924	-0.088078756739818	0.07290985703015036	-0.04802396525756739	-0.0188953590087841
0.05080178735379466	0.03186003926086157	-0.038878092670384834	0.12605204048271754	0.037033340256007206	0.01708191713847434	0.02332403089175201	-0.049032744924427614	0.15618188793752077	0.06907701156846156	0.061304493031381004	0.05577884592426248	-0.01236716890173312	-0.03216227033118227	0.012652990930999638	0.017972371335066892	-0.012466899828707068	0.030188794069520748	-0.02200258538730166	-0.10312093161803128	-0.19307126819713238	-0.04071174760311219	-0.010187434394628513	-0.0015196633668140974	0.07065813923780895	-0.05011865803342681	-0.0426706981913697	-0.04951715557744327	-0.08261044531826568	0.1961691972100019	-0.07457406260320715	0.03068726349573385	0.07988753113973943	-0.02473067673621604
0.05240613330347433	0.029735115414209153	-0.02413127914856215	0.11932194778850552	0.01604897701277946	0.08848260505403334	0.060035324112542233	-0.051680462823255266	-0.1006761414527301	-0.046844005667509785	0.08939133828268635	0.028388187948645397	0.017342354253624577	-0.0868763561040571	-0.045840943418727874	0.005946428282508803	-0.1066118082125647	0.032241530027356774	-0.08039863523194282	-0.09847235258384529	0.023842732726338765	0.07122076649431826	0.0340534976505025	0.05807438574084874	0.029806489372210115	0.09739742507123064	-0.005389910650732618	0.07960462404852825	-0.053629726277238735	-0.03366348417394913	-0.01810448739024046	0.041917534969077186	0.03756092640493976	-0.010497849182483997
0.051949984561263284	0.029191804246889216	-0.025768187005597385	0.12731275944211787	0.010173744941277662	-0.06387668236455596	0.07849739554442375	-0.004591696039918287	0.07180260619188873	0.0471216923626616	0.01236537506860876	-0.024541913944501288	0.003962080398449399	0.003876967837531769	0.008213982496174343	0.11096125102603363	-0.12451699904431826	0.05737971686517411	-0.08970594106337823	-0.0735491521998711	-0.06418109570892316	0.0016599841606728715	0.03329626769879536	0.005347003240793111	0.15755235084745375	0.06287650435557295	-0.03483042180325341	0.06004584406058876	0.13336529724530571	-0.007639840981952979	-0.06315165005386578	0.07627796019229678	-0.050508646660065694	0.0910542367695652
0.04858632323972471	0.037454421729709704	-0.030047488397340574	0.13098961769081713	0.011556240939472377	0.11720550476536448	0.008331445485556756	-0.05746373736060764	-0.010784002386746332	-0.05844209790836905	0.10009443662905884	-0.07966502311102093	-0.05322578747762062	-0.016403180144402698	-0.03682837183822818	0.06223481205195769	-0.031238889608766703	0.02557285907133738	-0.030675501970582525	-0.037460083219652066	-0.06508359323158797	0.057720899619635044	0.033276324654066006	0.08120958704428095	0.10027244339695887	-0.0792254033864939	-0.11758151725653182	0.016488569144654866	0.05141459556996288	0.10102175884361478	-0.06078757629540731	0.08155925693644027	0.05126870050807801	0.07983651494493324
0.05219361192992943	0.030692211517876208	-0.02689287549508794	0.1185406913100309	0.0687840692506419	-0.023420395467389676	0.10700978802843811	-0.0531921526075836	0.08149199948868838	-0.040083563604730255	0.051530178687434744	0.0744722326091741	-0.040240507560082794	0.04338048243818903	-0.02641454536743683	0.015334521577485025	-0.024089846441914448	0.12562431961536283	-0.06860002168943902	-0.04441406239239117	-0.0010550907636024467	0.08245144219631903	-0.006252468707550703	-0.018214088398797876	0.06470229764829259	0.11873889510649159	-0.11176233828292484	0.09260248107935075	-0.009571591033347048	0.06920020838332365	-0.02473298471410585	0.07538098130600189	-0.0471834762094344	-0.025221757816398984
0.04931736861061792	0.033167176121331625	-0.03197544721319839	0.11252317106104821	0.04411647182363199	0.09466999910615854	-0.05991146027013533	-0.04483464436003841	-0.021699214045617234	0.006262313164568052	0.03296658597161701	-0.04227979938183123	0.0125276293065406	0.04462360657392233	-0.012220255138283367	0.1413716316129756	-0.03540921398654487	0.034514577262321225	-0.023381788401313164	-0.08342731111219813	-0.10497602766915705	0.09256035717589212	-0.08857751449615968	0.08628059410631207	-0.0212177756097003	-0.0011456408913919844	-0.004345492286532138	0.12628294374969734	0.11107889519212744	0.08044408649495068	0.026143019316011706	-0.12158276653121372	-0.01882198130456382	0.011738684219987153
0.04794136016838891	0.03826089302732337	-0.038408349634101946	0.06728805659471965	0.10391773572755429	-0.07768715015385726	0.05159997019023004	0.038844714395959455	0.01051145521279837	-0.020582698499586265	0.002787307564539605	0.03323075825082465	-0.05320545997072297	-0.15889856288376966	0.0036206564243283085	0.04184932080530239	0.02798576025733009	-0.0021981027261729832	-0.07960666814736869	-0.2048448207439685	-0.02433679144776893	0.02104276524956729	-0.07407864491794655	0.00477218960065099	-0.07682591372378718	0.06907628784918708	-6.320821188209036e-05	0.1046342331772444	0.02651551010739949	-0.010561869957495853	0.016687947050068173	-0.08508139078706484	-0.004985629608147994	-0.03225485018680247
0.049745130557627214	0.029667155578968294	-0.04443729929915236	0.05096673539719014	0.0757831188769837	0.041652035959949846	-0.11755992641074979	0.03030902409962744	-0.09068412059666166	-0.053595572511719695	-0.048856588892113806	0.0863510590142025	0.002604130161556448	-0.02537253230989672	0.002888602800643989	0.061613255183810195	-0.08525939856641598	0.029898002376255638	-0.08776810251417695	-0.1935783378217696	0.01873336973030297	-0.028082197120428413	-0.09280984707860275	0.03982038868792056	-0.08308550410486802	0.10503535745477227	-0.08557800300620899	0.01965566872603324	0.15140364649799398	-0.015735010188171215	-0.021585147926298474	0.027607607480139226	-0.0543404947912127	0.02073895870643031
0.04530321425806871	0.04216946533025861	-0.026172204840586355	0.08235460412369859	0.06697149149721844	-0.12626682581240867	0.015344676009244503	0.09677266417734832	-0.042759771252945014	0.007232491792601501	-0.034015027788351394	0.006763926857645157	-0.03354472133452789	-0.08636323715109996	-0.08410264672304649	0.1251044166351354	-0.013784493241784268	0.06471131443796188	-0.018085872268181993	-0.10874078822590239	-0.11054996570578335	0.03056034661792021	0.007287670428745924	0.043686487223395305	-0.043076928404120765	-0.055470880997600155	0.004159327769914832	0.03659520576717122	0.12462858246283978	0.13669605516685096	-0.027105307489369377	-0.045619019764912144	0.015882282162271777	0.045084197829752745
0.01491963725053361	0.07954517197425981	-0.1591819069132249	-0.05806497323645254	-0.05886049940494576	-0.05878312980745597	-0.049702606967017504	-0.08844447505726045	-0.10259569049490398	-0.22285188284319193	-0.06222947599616118	-0.04079677632714827	0.10968551684528935	-0.15284170917575365	-0.23340156179284283	0.3312769961126399	0.1460417806981376	0.14339534816470856	-0.12622437860159122	0.03483689085800345	-0.11689789117417304	-0.10065714539871368	0.1835288568010974	-0.4821984415349101	-0.0543995950012331	-0.26383133070376197	-0.15272812441537703	-0.09694542307404583	0.039754027299404	-0.14675107529634482	-0.20186436617973308	-0.04418302041248649	-0.030823125458112433	-0.21242534821285075
0.009272022813704464	0.08625186190432023	-0.15256220625313247	-0.17965942933799325	0.11100142590594289	-0.09066960463488129	-0.048662872840257554	-0.1308649137188831	0.08676128386939633	0.00196045808471311	-0.004625964375013009	-0.1485051907757971	-0.1266309989620674	-0.11250497070927382	-0.09442197644049469	-0.12758367017629635	-0.17103979873638872	0.16458405469501694	-0.06771012764516599	0.3600038948166144	-0.2644785425784413	-0.06863523617406647	-0.07652541643835045	0.10686659966894	-0.31634581679114576	0.21883894458627837	-0.07104930844879886	-0.10788261791231103	0.0913902854434952	-0.015586944562493224	-0.047118541360147585	-0.11302051595053522	0.024978148773228362	0.13204883880101995
0.01164415685694592	0.09406436620805882	-0.07461720253783202	-0.07787532727416915	0.09847359506411839	-0.08590231766306139	-0.04064767058534608	-0.07922526560952384	-0.02398046778902129	0.14485305344584865	0.16334076807310188	0.1860364570131217	0.12310941088004454	-0.18650535327771575	-0.13052188110445792	0.03372393575562263	-0.13044801230035763	-0.0670341000720077	-0.12541567150534316	0.34504541811027517	-0.1252094128604329	0.040407572502346195	-0.14814871588721923	0.01941620972424296	-0.06373841984222174	0.03549156066373962	-0.04867131432050409	-0.017050592991075385	0.016133272212311825	-0.03043746348941896	0.18135283322792245	0.19705692075133316	0.04556090969378554	-0.054130732986281765
-0.024642374141234127	0.09509925548748266	-0.15134198726899545	-0.07721980396465032	-0.20091744605107056	-0.12127543868753518	-0.009843092334989792	-0.1943996377612886	-0.05627310283729746	0.05734016560998991	0.07449931091568693	0.22158407737225702	0.20868535245933556	0.0036392610245779343	-0.015504758767550057	0.28500705477698657	-0.09240806860877235	-0.13425908514737922	0.027704380293406723	0.08714462233053824	0.07953310236839417	0.11126458324104234	-0.03932132385372331	0.04641328918571494	0.05836044855351875	-0.07104132315498328	-0.04045215938687627	0.11978032453019617	0.03136836839241422	0.003789138913768725	0.29411504774176406	0.0460686080594779	0.023657290815628177	0.028906579771635278
-0.042259297910068085	0.0737971370546232	-0.14741107671245512	-0.10092011134785278	-0.19747574115396488	-0.13946138352922702	-0.015167024976814944	-0.16990249905281016	0.01560936413227747	0.037187937015430876	0.08545440802425441	-0.03340040091620565	-0.17028920985326448	-0.026487513893038297	0.1417430352300179	0.14874776633554482	0.0809704782382782	-0.008735621563734915	0.16762651392875605	-0.06524757362711259	0.1422270396360236	-0.004607605877057315	-0.02523234870461098	0.10120718707148636	0.06997902065726783	-0.20486054581819158	-0.13730643094877903	0.1520941333476348	0.08190124887357077	-0.09580473176264989	0.09353538353293991	-0.14433231511109992	-0.10096601079842496	0.028542383369791226
-0.02690284535305375	0.09203502565850068	-0.12871442504398825	-0.06660598052344822	-0.14622407374334515	-0.0391591414786714	-0.012614184299274482	-0.1553053389121201	0.018306873258042887	0.08941812572850223	0.09175004996986344	-0.03831138515268122	-0.13397986078666296	0.045758493453881194	0.19685629125110585	-0.12676773010813147	-0.07346852188429298	0.12378299145087056	0.21754311239503807	-0.07235859151413801	-0.042334097885807526	-0.08234294937807882	-0.15629740308889817	0.08635269278688233	-0.13764200428990417	-0.07763136652033843	-0.19047959274890613	0.04052366848585931	-0.03559957561409722	-0.13122777988245266	-0.11806225947631893	0.11312226972401425	-0.10352072758734224	-0.0876162358106482
-0.012393962772239985	0.11045340408735062	-0.059103079327471275	-0.010621475593789433	-0.12286097316941423	-0.03463758378545868	-0.10056439343547642	-0.02630792554292964	-0.05584663724966396	0.05734923699018231	0.12989854769882603	0.058335648023204394	-0.018779162117344275	-0.07696254335693029	0.07545321645445158	-0.07118062296642008	-0.06758685952883195	0.03081550707005028	0.0812148855433143	-0.09244959144742526	0.04560140271959605	-0.0029784339401905946	-0.1283903939417317	-0.1376679822136975	-0.10127151634334301	0.03517580536434908	-0.0880506260850619	-0.1530326057586883	-0.14076203287812497	0.09034066179930725	-0.054710246013978135	0.054585002885688294	-0.019389808658109613	-0.09627686027077464
-0.01636146987950207	0.11591922339951681	-0.04111340528324356	0.008240198391187836	-0.21340124175514183	-0.04721275635813485	-0.02970828674971224	0.037229051945414364	-0.08356322645043868	-0.07064076126401524	0.03750313155206502	0.09074681515248505	-0.03027362231748547	-0.1021148381814761	0.0391645616582915	-0.08180475749356853	-0.12603791386039012	0.04549786180809108	0.03554285179532083	-0.004280503231168582	0.07317129257030336	-0.02969656123098624	-0.11237947748239716	-0.02810267994698816	-0.08638737684286404	-0.009881565832965055	0.12629126504463092	-0.026118102879467107	-0.017838517925474914	0.0128217093686599	-0.10479141811589125	0.04998631240369315	0.0039029802370619676	0.06798749665905475
-0.018709378829900716	0.11405525006585082	-0.01731115056418047	0.030377376992775148	-0.16072731591510842	-0.0753056450775985	0.05435976948422535	0.01241750633206749	0.11377463781397396	-0.004205590121783249	0.0731018276763965	-0.034685197872212845	-0.06687015818790783	-0.08897913770078388	0.06585872691422712	-0.06308099979523485	-0.00401852045817022	0.032832341914573016	0.05770341163338054	0.07569357120900888	-0.06389374898845956	-0.0254859139374006	-0.025864119071447055	-0.013598203215705273	0.032884947089885534	0.005203912062937785	0.05540061519122233	0.03101058670332273	-0.0015337507645021634	0.051620107013105626	0.013092877226831117	0.028817730679799276	-0.17368286449595235	0.0013384237522234103
-0.019251228965536687	0.11806698252313348	-0.01959428559112767	-0.015527613330463779	-0.09306790408420235	-0.05477692743480696	0.0387984249531001	-0.007148833685667593	-0.09048009662574143	-0.11504622661708601	0.10530065911603659	-0.09120368638264263	-0.015499743025882286	-0.007159922849984251	0.06191093458561661	-0.06770190960008567	-0.025914470566586505	0.022859783393120208	0.038549957689316655	-0.01323677932253995	-0.03629443714403798	-0.042147928293369205	-0.002158879376938627	-0.10777458360660676	0.019425596665374998	0.009790696116451413	-0.045969140969434406	-0.035240275845320745	-0.16095550076178247	0.05363108548517283	0.13031569295310322	-0.07231386871764249	-0.024115261103241283	0.0958382479606218
-0.021171736110747196	0.11658971990915011	-0.045010593789470484	-0.046046680882184284	-0.045878806354378854	-0.03287295624339339	-0.17585054312194945	0.06315745863365213	0.03494600608074102	-0.06601378339176955	0.02153925876888196	-0.09484757408757609	-0.057996988923999584	0.02879352102750514	0.057515702110838354	0.05364570083005433	-0.11219897216424018	0.0013094670966143154	0.02712340950243381	-0.0025089649056891593	0.05935833667604706	0.03813206215916266	-0.01222581038259338	-0.07290671145454004	0.04961829654942766	0.06351324540507304	0.0783868888327015	-0.12183538690736842	0.05210531900799291	0.08741693142052495	0.02025525797401129	-0.008590089782092879	0.06324695932214841	-0.00590056330154512
-0.022886709826805355	0.12070556679790247	-0.0273722302215294	-0.07691129394414752	0.05385647171322439	-0.14269276662242236	-0.010355523439522262	0.06759408388586766	-0.032393324130097954	-0.08319738144988152	0.04507400855531259	-0.06468671373023872	-0.10574245239855568	-0.019384876040021246	0.029812640540899243	-0.03768893505159974	0.020237336120767647	0.015136798943852576	-0.0007600300024469681	0.040654679949190635	0.05753156080767796	0.03781010152809294	-0.0757878907273538	-0.03253711223008438	0.06509574849085195	-0.009747350121723982	0.0720897370430018	-0.007568308286329664	-0.0009157453056943266	-0.05875125699552822	0.01510529250132553	0.02194021203204525	0.04049607674026994	0.10093620467812203
-0.022520633553530275	0.11744585730752231	-0.051917818024111134	-0.06926891058286648	0.03690447264526856	-0.0002870886376528712	-0.16733896485881983	0.022967354995212234	-0.04268961733419532	-0.10146721666678188	0.01960123115416325	0.06736559447594889	-0.05993371258612389	0.061975188044899925	0.05664012607219355	-0.05644646959391162	-0.04240645933381422	0.050852055428027704	-0.014854649460995201	-0.027114662556400267	0.09296016036789291	0.027512817688641583	-0.09843923990289868	-0.10696349816331915	0.057283646964135876	0.03686899303218579	0.011588189795783056	0.014841073043934143	0.010595643901081489	0.0030941386611412457	-0.022195828652140162	0.034103189142032635	-0.004094138005001588	0.12984890958386042
-0.02346381624853504	0.11534963973638243	-0.04152463454044788	-0.06878044762154745	0.07295213065156392	-0.15889534710168474	-0.05234790521419763	0.08490199952145935	-0.04359900827132702	0.00010866565163399525	0.012034101438015874	-0.04063627035757564	-0.04383118035019141	0.1187373450950517	-0.00614579767877685	0.059440700401075706	-0.03885427434009764	0.015577179032803416	0.07412953645645597	0.019628623642199177	-0.0015744522679768044	0.045924506204595705	-0.020115886342302075	-0.05846548492640553	0.05243690414902274	-0.009497312392265311	0.12984017952987265	0.0385814864123018	0.08890666786488155	0.08590513803655359	-0.06431932914515724	-0.03508768311341374	0.036035132707275555	0.025739642653516994
-0.026852832992736775	0.11467107414909507	-0.04370690195577528	-0.0761787097561246	0.05647027114085812	0.02251140721610279	-0.1294952650938075	0.05261588463006678	-0.09098402639598273	-0.08986200159416192	0.028151498342092116	-0.011609849098171688	-0.10475737867714639	0.03332840966816564	-0.02925602984878341	-0.010321004694451836	0.033687021848603976	-0.018170209788836503	0.020620722760582015	0.031214464973088225	0.04986341156828345	0.023790141827371943	-0.0032654486830001536	0.02003174066989838	0.08724371514940027	-0.03277739329672793	0.07005671215016618	0.06580302332146545	0.012130278545528221	0.019973221143010696	-0.06938948184602693	0.007181748853285001	0.0025982980678904907	0.037557060491952114
-0.027834873038716113	0.11439280140941827	-0.03923806396126337	-0.029847895065172148	0.04116245485156648	-0.11176091448731959	-0.0011994157299308945	0.061322432422355105	0.00298116763220467	0.024619536714233274	0.04078889918844068	0.05668990134358525	-0.010443177873593132	0.16938237566362585	-0.001159510396301704	-0.0027653733301733364	-0.009183733021782724	-0.03242118422386756	0.12897347463759673	-0.0034061718083010575	-0.08203810670872198	0.043702614028876444	-0.018715318337335935	-0.0512737950649563	0.037986174039725706	-0.05666070480934629	0.07706691645784547	0.021350708327989597	0.06875239578803535	0.08791172933759073	-0.12194593665948954	0.07325898559624527	0.010883842946570473	0.0037856661169292025
-0.027785597111671143	0.1146890506329591	-0.03540221637071941	-0.019082578334633293	-0.011451742433937196	0.07454710855039187	-0.08652639042088403	0.03438056453270367	-0.030654411095421445	-0.057519247884380405	0.0727950824164802	-0.008949003888041922	-0.10141967541346458	0.0395531658983288	-0.03295731970135303	-0.05334573091762155	0.023956098190129366	-0.08289778180458972	0.01747366608119119	0.0238263920619666	0.04205266749029078	0.05916593423864546	-0.011330527938287014	-0.0304684984002723	-0.009282596612597512	0.017679877118777717	0.046482217707959274	0.08367058408240058	0.007280086353917352	0.12643878523315732	-0.05294721605600042	-0.04538481823384589	-0.0033738655518905647	-0.0018591243276000965
-0.02566211912780249	0.11447788132213378	-0.044460701525877944	-0.04761642805188015	0.053289902092463134	-0.1056802215508047	0.00014997688126709355	0.08345121205549745	-0.06991350250624785	-0.0003952439358509295	0.03409458683794458	0.046952495724369075	-0.020395286275634337	0.06551228886577293	0.0266808087081353	-0.038711560957324885	-0.027979840026706584	-0.03230744205352732	-0.02084329116081661	-0.06156697335692943	0.04605928835692599	0.02231066054132643	-0.05226214965571521	-0.06314214686827324	-0.010698366908841763	0.05896961092013678	0.009430574926986566	0.04174677063561995	-0.02612852219918762	0.11057129555470359	0.00805449772370316	0.0938441859772099	-0.027230309419864332	-0.05303717269922076
-0.03074137130713939	0.11460421157295507	-0.0303309447835518	-0.0206883219382027	-0.004113860306829361	-0.014487175236157734	-0.14356708386139683	0.1207166512285216	0.04196853975532905	-0.03274727896096902	-0.007447470698043637	0.04850935876995443	-0.06893434422641588	0.029357426867806267	-0.02163453771933729	0.021668287365068598	0.01468123259620615	-0.10356786712132014	0.0244166159119151	-0.06882856757047184	-0.03569494044327627	0.025975131217804977	0.013237694037340606	0.0848843133017124	0.01817702561523091	-0.0864176177923082	0.031977093328617784	0.0008043418752239906	-0.06390775070500852	0.01601949709789178	-0.027376254982608053	0.017585198285538176	0.03768457015185886	-0.01869063565001024
-0.02704546595196618	0.117579116663321	-0.014212358898954374	-0.034732626389109844	0.042432485774525096	-0.030409905858928672	0.021997640313269805	0.06659434948100051	-0.10362758586783688	-0.07055141889161543	0.04029783373743888	-0.00730621130955946	0.0008247478597606868	0.005552560593045917	0.035512411545348635	-0.08125604709618796	0.03186605137891711	-0.030376088973855055	-0.006308581972170267	-0.002824083731265756	-0.0073068824299425475	-0.04943840177790499	0.016539975538671182	-0.008758157772597107	0.021918313587526158	-0.027987535670412997	0.06241799499593189	0.08263125743634482	-0.16971048032247044	0.05781315219787453	-0.0184162242391168	-0.019078189545493923	-0.019840040851144842	-0.02556190857247578
-0.02899807336198536	0.11477948855762476	-0.024844490303252375	-0.01978952222337607	0.03215784864485699	-0.01710962757734934	-0.08722750366723649	0.1082478720169775	0.1012444027059485	-0.003420925655816382	0.006665623745214096	0.014871449689665882	-0.04703252169452074	0.015456792410369166	-0.012552470397438256	-0.018892511609479627	-0.0017301082920367023	-0.07239123202189865	-0.04239601670886057	0.012305136259676	-0.013602852478515582	0.016039585784843373	0.022461897610744897	0.031917512567581144	0.056044991206857665	-0.030652447867977852	0.07407573325317864	-0.07689826664465833	-0.09424574788702947	0.02682631088698844	-0.09351275859341263	-0.018156819769187142	-0.002844531430259381	-0.0013733308238693866
-0.025053256506100935	0.11641587131808273	-0.03974388143496525	-0.04163800201823902	0.05330241426811322	-0.040571144073145826	0.041211957902391114	0.02855854642743254	-0.008419526100898328	-0.12978168598833478	-0.001004548413667677	0.056020941987218	0.048775248623546784	0.07171864508852584	0.03059062692567584	-0.07274600681814068	0.039926724236858384	-0.11438840593088458	-0.06555717332511558	0.01619328763439492	-0.10136401341917095	-0.03225433458881817	-0.013877326488891588	0.01682680997958514	0.07242465876083291	-0.010243225813827871	0.03958491024146193	0.09538638574002882	-0.14212841958967154	0.01259772197869857	0.03210442462637873	-0.024698324313692944	-0.0033432022686248307	-0.005553215072878466
-0.03172560864498198	0.11374805881044975	-0.03213174313730089	-0.026005242170556313	0.04358820405730927	0.11708948791893305	-0.03869537410750988	-0.008377367407079703	0.10722983522804186	0.06345266478071517	0.07009845147804092	0.052425719979097944	0.0615434937703435	-0.0843900334940682	0.09935739648974753	-0.11580379320137055	0.055331427785352244	-0.08263690605144869	-0.0770052093556614	-0.020429298752053807	-0.14860634679238988	0.0036584105365262617	0.043039912784273736	-0.03990965299874431	0.05050139057816774	0.004662770096023507	0.08397847652255139	-0.017120241976668782	-0.009505342676508365	-0.01008484642219908	-0.0033336134101122107	-0.08789787369836058	-0.08656676494018828	0.014434209177641981
-0.03269103110288349	0.11593642523620779	-0.02457414850631479	0.001693773141432596	-0.03928811753081938	0.09911734038504735	-0.0228682217303776	0.02530709978461199	-0.052005412876766625	0.02493347346951175	0.07533219038909346	0.018470639123795443	0.07520960332078148	-0.003938230876864035	0.017022618066689917	-0.04216794455887881	-0.10591782599891364	-0.03670928514714218	-0.08518171349024072	-0.019207450154321716	0.0996653997606543	0.03528392478870679	0.0646618798820732	-0.06250692059226189	0.09570390743375415	0.09077740219448249	0.03450815882187313	0.0163941425940317	0.04689628900486124	-0.01929870206406833	0.004670395779874223	-0.08004906548086563	-0.0761644843764897	0.021777434467172806
-0.032693589957321786	0.11208035069302336	-0.003162940246905437	-0.006937972369198352	-0.0038537984539216827	-0.0678459045652491	0.05133149279832974	0.10966692790397531	-0.0357031699820414	0.026541430858140244	0.025647178383364014	-0.10263918374710536	-0.00479455731080276	0.02196091558746136	-0.04410221198563309	0.06582151016680354	-0.0267760193700198	-0.03559871647588895	0.005247798076891351	0.00874410550871246	0.03473225498445468	0.01264395125515251	0.10043721073369029	-0.017840448599373566	0.04082694867621392	0.0032115397625500303	0.017424900043039267	-0.027730832704052896	0.0588855085109479	0.0225023548183466	0.001480639896331553	-0.06689301407703195	0.0346205644603948	0.03868715390111889
-0.0341592630670728	0.11334250544857419	-0.013139338401932514	-0.02360300158384503	-0.004543209276985562	0.05101272283812081	-0.07432229193959683	0.0833234737089857	0.044368963733450076	-0.07745064725456499	-0.0373142170380215	0.00010601882180753922	-0.06028005884609201	-0.024432288777678578	-0.001325429521699794	-0.04059961417729252	0.041293509592455015	0.01258184151505622	-0.0449019701942044	0.032295444685185914	0.05582111791038544	-0.04319411335545565	0.08133758427905607	0.028254152804325562	0.09077059201131496	0.02086378765521716	-0.037668186413675656	0.01039008489304264	0.035788701942885914	-0.03899694797950616	0.09582449345678712	-0.003644899532759429	-0.04791208269375052	-0.013777250336575909
-0.03227773927200844	0.11402052375419224	-0.014067793885902916	-0.013493683965752302	0.03894895160704391	0.012096340483592698	0.029639588253645207	0.04314127356069876	-0.07314670203893958	-0.046697546699083325	0.022715525498332834	-0.02323351365675133	0.04571418458985249	0.12443301423748555	0.033180214957714255	-0.020108343607792425	0.027393083207657296	0.046059192520938624	0.06306048734674467	0.04851585255783578	-0.006615300376741184	-0.04838434333054557	0.08194758919733444	0.012007068445856209	0.05835345946883215	0.016508123516788195	-0.011938490651502747	0.02158180033365697	-0.035754708973696946	0.040122222841507606	-0.037850799872162284	-0.023979141009304584	-0.07282498258455322	-0.06092468439164499
-0.03369366765625625	0.11417026218787724	-0.01576929027487547	0.001030937735990885	0.02799209036852444	-0.005367974501021715	-0.05530486027650428	0.09257460747098815	0.1288125725685994	-0.01382776843011537	-0.02057346547379152	-0.016834383700917676	-0.03145522091413921	0.05711910927951336	-0.043319908328111716	0.020409753506141354	0.03870640124399079	-0.014452564710298463	0.008784749208426635	0.04098955237584739	0.00663508882103488	-0.004510812105710582	0.06866804759164027	0.031043118203300527	0.006865040221328117	0.025605966802163635	-0.013654640687730748	0.03168186619974911	-0.08113809496273927	0.0651535983844142	-0.002406360637028926	-0.12808698708700653	0.04414627872527524	-0.1091655441667144
-0.028709183872908495	0.11603610206630359	-0.036763511719401815	-0.054056942964394256	0.07706425845019568	-0.007804401115460963	0.02742923196601274	0.029941642795405853	-0.02365999533372957	-0.14088457467147236	-0.0681583059324516	0.06076937957214836	0.11813276219102675	0.05335037568186029	0.0147669747615026	-0.02792956112551212	0.003784474646582936	-0.0748584574299164	-0.07820485196502955	0.016081506328882264	-0.05126691055039733	-0.06088198368650621	0.017385761988656497	0.07020737682892435	0.05152133780119592	0.13648366821102767	-0.08800335850933158	0.08503496458826809	-0.06559114634400637	-0.024275373444392817	0.1430169946547519	-0.01748150523227818	-0.01686126437972426	-0.020902994804488376
-0.03820774207331729	0.11059111061079896	-0.029385337502032448	-0.043746522288693655	0.07041562749391021	0.15367874232574905	-0.04052545488449588	-0.02693070343797405	0.028344023901433868	0.05041363954550085	0.0385170243879499	0.02301133993495577	0.052384818390584335	-0.052080639021788895	0.07640207091718502	-0.0504106280390539	0.12532565369295698	-0.03657750995225153	0.025231788621032855	-0.031107295817871056	-0.07102547887623636	0.05421647397585312	0.05410495605362098	0.0002358627300804994	0.08284461542213027	-0.02109609383567467	0.09095595623514255	-0.04974025378299031	0.10643928698576297	-0.03143266779100865	0.03789574325040717	-0.06883709059596113	-0.11519683809096672	-0.01180686197186032
-0.04086658704088926	0.1132017509246194	0.0323398161659468	0.011949461072066328	0.015537636644870742	0.038840958240081415	0.08550550264074372	0.050816741186311375	-0.049968740569906946	0.09752434889136521	0.06486668573093515	0.018929075772035373	0.12469573329571158	-0.018735599824975142	0.055750310482737014	-0.08610617825625169	0.021856126289578063	0.08261523270752168	0.06650433312925465	0.02332622426073114	0.023785949051761866	-0.004059986754689035	0.11365005367929917	0.009897643720178102	0.04433904175654698	-0.057529768675281284	0.07018020349593004	-0.06533590361925712	-0.0146551457945326	0.011394892739783459	-0.03484321030544989	-0.04694788298188965	-0.0131260839790305	-0.021648843102122096
-0.03886684359610621	0.11725134777163976	0.00349647510854374	0.032081680502877484	-0.09641117758657021	0.03524215140140326	0.0012311674189341435	0.0647542623053379	0.08377985544593193	-0.028913254058569798	-0.033713867271906076	0.037341791258539175	0.0824591496958971	0.02359536266913794	0.07992095732146265	-0.054015127119737646	-0.07155678550797025	0.014081092924815538	0.014184797843470548	-0.03402721714419535	0.025495972466771797	-0.03264462513118631	0.09673037397507207	-0.000203502487270385	-0.00040715671622770875	0.017505245200487074	-0.0024955579438035533	0.046232031441217326	0.04883688569151093	-0.04551903234549269	0.06303657080343987	-0.13560181831764206	0.08851973907624978	-0.0922793483705081
-0.038947120698487867	0.11174147250432954	0.026613916228338582	-0.010922091420874813	-0.006139584671884328	0.010068431180966512	0.12553690249951394	0.053100698987203716	-0.0022527533930126447	0.03370659210924178	0.050208731726208225	-0.11511330053927366	0.017049213831189035	-0.09798197428282977	0.03716544229558688	-0.06788701203932411	0.057948109912847746	-0.0982468295109937	-0.03477807492449094	-0.03949830494511684	-0.05755516454955322	-0.05975412160359671	0.03812470414673265	0.01386760778994578	0.031372963919081336	-0.009773951221873882	0.07036297739654017	-0.0035235109918902857	0.015460535002414896	-0.16978572336841133	0.06450682590718604	-0.06818356781375773	0.06758585787309171	0.024412461144243836
-0.039976503680500035	0.1134947526821056	0.01459617925442934	0.011464020901044683	-0.040216076491636624	0.04472666648809651	-0.029161477168952756	0.10331289185600347	0.11684216808379892	0.03889614608842952	0.021275466680547868	0.01924411493366797	0.05453910717079547	-0.011635891832542464	-0.03456957704305341	-0.014458403853045157	-0.012577575970586861	-0.09328103700674727	-0.03523148417174784	-0.025497816929175444	-0.05963003791604755	-0.0285184055080334	0.10308857337800381	-0.014466801701289184	0.023017924057644905	-0.002161337635125861	0.020077515487254307	-0.14776806377095567	-0.046831176667707315	-0.06494113138847196	-0.04403054198827147	-0.026631214726777156	0.03240417529236699	-0.0028572679144475087
-0.043995940565944865	0.11377386145539793	0.046709488439659816	0.022512465444693333	-0.05444812610798364	0.1019471510224067	0.09011532258239127	0.06406232134487677	-0.04233391133398034	-0.034157762758557836	0.05920536768552803	-0.0771802217548593	0.057302472531538855	-0.01318838221687481	-0.027942134422006076	-0.058931673740511226	-0.020441074138281813	-0.050173873661758295	0.030781654719790188	0.03567678226204177	-0.028615707570637097	-0.042486739132904044	0.138698871970172	0.08626259718588114	0.03726917488259846	0.033105485387985814	-0.00024056227081620252	0.01145671935175201	0.007778103304088006	-0.1155551521199736	0.004405593406041002	0.12356396122528258	0.12614662604578838	-0.06661786430634122
-0.04312133052508797	0.11380383645292182	0.033137589874614064	0.03485212679149446	-0.042802105023760875	0.007259754215236141	0.1298199845242163	0.05333051237764804	0.12056590391027325	0.03179080143359742	0.04039490770837635	-0.08735212692296844	0.06910236326296805	0.02190519493297066	0.01556179704090111	0.016364062068874294	-0.02453085587994445	-0.04480728882770503	-0.03529629216594721	0.005684386232919645	-0.04404985443507943	0.01658092086116693	0.10007624605347296	-0.043442462222007594	0.09759590644401958	0.05314872551802237	-0.039726879423334	-0.05204029042111233	0.09298428342515529	-0.16548732452432724	0.039204310034352464	0.06342943647210127	0.04156884747189855	-0.020346824659537938
-0.04529057027628935	0.11238412699057472	0.03247262511265971	-0.0052678175132118655	0.030877258162183147	0.13740911620171145	0.003064379208667669	0.034368917717790194	0.0018581086544674898	-0.04602611190350904	0.023067493644141353	-0.14500417609406172	0.0011147257204505451	-0.009362918671081872	-0.014796062583918322	-0.012888806299430965	0.02238726655220075	0.007616151790354351	-0.07893180991063009	-0.005403405139093605	0.0464801596265567	-0.009225872729203718	0.06641004879346891	0.03954855592852715	0.044421905190292356	0.05793255982193005	-0.09412403338537331	-0.04922136084444688	0.00790248447925328	-0.13723517637713403	0.006039559203364321	0.015335424881772038	0.04369811781434222	0.009687200149581635
-0.04361865812470139	0.112769122386761	0.025211302777831488	-0.016541204625061538	0.0872441177864503	-0.025090366132075357	0.06692175791456649	0.08494573288676172	0.03961437349748719	0.06411498082557357	-0.018025305418996555	-0.026081957363255668	0.08654468023975385	0.04797554390144517	0.006943111953065229	-0.001865632205038447	-0.0457597081029094	0.00400434889029257	-0.06070905497991987	0.024207910793259686	0.004690488475674406	0.010133428607361772	0.04889037803089133	-0.0044677121969218594	0.006671826429085433	0.0713452138681142	-0.003794951243044589	-0.06222944126876998	0.1330247436421182	-0.0817353472282842	-0.07387258922312391	0.02563751015667131	0.059116606386865285	-0.05365435340258613
-0.04500424862921839	0.1044137705048566	0.024418787976335128	-0.045689235798736544	0.0109972870638052	0.13915826586699545	0.024225237867109634	-0.030156651350543004	-0.005495557076346157	-0.054397073302379854	-0.03404660403956026	-0.0009253127972572638	0.07049443311656386	-0.0794330981983781	-0.027502151230279655	0.024065368575965924	0.022817243446438693	-0.021576609126787407	-0.14615955047333462	0.0574321439632231	0.09332552230760544	-0.09384095594970641	-0.06658329110076003	0.03921518183491276	-0.016930264875038854	-0.010253797491971252	0.036607743041544606	0.006783909756961495	0.06941567533398227	0.002201187491215728	-0.002389761842649142	0.01031841532077652	0.04671082979717694	0.0790978196093444
-0.05657507520208654	0.0955608281466049	0.054651586225428914	-0.04187304175400192	0.08440154718874382	0.022885376892593894	0.0902266115550465	0.0321010197751069	0.007426049516634844	0.10429504091278992	0.017529042760531986	0.004657355050455207	0.012481952247220058	0.030958982430752808	-0.016855433930361978	-0.00024510503873118516	0.09519124996983652	0.09305321389937547	0.027498927471905507	-0.046462441828095905	0.11168973448776487	-0.017615966102902364	0.004689891629084407	0.014225606322188476	-0.050436737005889895	-0.028818231537773326	-0.04192317983620547	-0.06334514889174762	0.05001497584337677	0.046270392317979005	-0.028907979085044798	0.0820752674797181	-0.0355462249527794	0.04088826569405025
-0.05776305720171498	0.10047308442115727	0.04986200914594824	0.014928958864036845	-0.05649779128717055	0.06004237898015197	0.004275330789166477	0.05372642778506987	0.10327690086905628	0.021046884247041712	-0.044119928892585925	0.10190867959703244	0.05116689186691603	0.10165147532181229	-0.05163794212340508	0.012059555332773197	0.01589185585815005	0.04127526439403357	0.030332456767635005	0.007712862290855002	0.09272245567196635	-0.039765716899052006	0.051734408236335565	0.044979902141483986	-0.11672084857392032	-0.0297015845469945	-0.07831871553793811	0.03875777052202961	0.08160452879288409	-0.05105646088639369	-0.04919734641891178	-0.07829151723122982	-0.011082021046103455	-0.0747625316826783
-0.061555297077044574	0.09304479359038834	0.07019086142424709	-0.02410986650288186	0.03236423790060031	0.049008724384043856	0.10217479567658809	-0.007535541105812849	0.030910933513079324	-0.003919958377861568	-0.015706138128959372	-0.16162179298518056	-0.005180283229802988	0.004032201880615131	0.018500850346850773	0.03211392856355521	0.12186517288306664	0.005066797342941805	-0.04429093190990446	0.032965123694471195	0.03569413522493532	-0.05082603034720872	-0.0732551491466083	0.035939432407208045	-0.1152742116818308	-0.1180276148977363	-0.05488967179908213	0.09374735890197937	-0.0018271129181929163	-0.0023907280261323063	-0.0023914296937738964	-0.0758789241744365	-0.008972842545525932	-0.028773688661014186
-0.06125635945192443	0.091025403562411	0.06976699191803412	-0.03260960313307297	0.11233998756417772	0.007970244824186512	0.07179474389561631	0.054733207537691765	0.04390121907931574	0.16636248382508634	-0.026148652986274452	0.06156565130171488	0.10782097484661225	0.015495728144857194	0.02975865571640305	0.04581413655439483	0.07378287659033972	0.13080604809233956	0.03765655619313667	-0.015252446429707283	0.04326998068372957	0.11702269120462491	-0.09200978365188953	0.020683791085545224	-0.10815100062590736	-0.0540677648699307	0.01414498495297109	-0.09633300760468344	-0.023760615765719566	-0.10030136106225135	0.010017650926407756	0.03664032339262024	0.018701953654591957	0.010563820872800965
-0.06461037718238037	0.08523937640572044	0.07837519841595157	-0.011701136911009245	-0.08292900396735589	0.14486275939917087	0.05108921050123171	0.010606430722587582	-0.031410777125452954	-0.02820764843969438	-0.09631138701464267	0.09895475231588081	0.06009758550935529	-0.046156278588613056	-0.06803333327668298	0.008290769573831012	0.053845330081252425	0.09921548185054184	-0.018498239164142487	0.04458317633599304	0.09629255478051477	0.0022017256472308747	-0.08773349386688165	0.06560283788244539	-0.12534078840533316	0.015722039005474198	0.07519443880694494	0.09052004435475747	0.02881851285077104	0.00866353079082519	0.060590274531033175	0.04200720709576783	0.11117708141696278	0.07918077563385317
-0.07192737708070247	0.07127866657476584	0.09893423453504241	-0.025309515350225263	0.004429373799789672	-0.024467835664841352	0.10883331220629457	0.06902770336796314	0.010690764012977826	0.07803657608803365	-0.052426569620963426	-0.0888267042703372	-0.030316014529327015	-0.02230534023736813	-0.0642701271590904	0.055087447419795335	0.07647472077862444	0.022731577748610753	0.014116034385930273	-0.04531730993061929	0.03518816383876607	0.005312905552841952	-0.03238993495716271	0.05860149371452152	-0.08853609432382166	0.005736995813192732	-0.06340774113735573	-0.015825589390051253	0.06831059099562566	0.05949447912438791	0.04150699259591598	0.09765092093868065	0.008088258985944228	0.022444286522536393
-0.06955085413773607	0.08627483785748297	0.07123337694112217	-0.03303264873147187	-0.016884345339819272	0.11221074905793954	0.03861055816953594	0.024789701087937342	-0.021499626194001694	-0.05860090678291669	-0.12191029073628622	0.0007803832750297819	-0.006712056202844127	0.02991003603970691	-0.034160311671396944	-0.009054657400011207	0.042652600224403724	0.046448028011971856	-0.00725924764790542	-0.045069168309951245	0.041626104725074664	-0.1010367155505069	-0.10231646930531858	0.04989068072746351	-0.11240360245568663	-0.039656937306691974	-0.07452892976446143	-0.0821103615361455	0.028621883243194896	0.0015656532219154237	-0.04770467704365951	0.13100668793518647	0.02387984278346066	0.07675850420851225
-0.0713800033298722	0.07188853051148783	0.08793247315420813	-0.007448734840515659	0.027058250222821312	0.030421857415279106	0.090899446240883	-0.0005090409801986613	0.1534815524953942	0.09327997307580269	-0.0711907115202174	-0.021146216588970496	0.012620456738545244	0.030260907186146737	0.0005881311696562816	0.04848693274541276	0.09499257824425866	0.0866767421124783	0.040426204675663435	0.0616897296946613	0.003240649766667934	0.010700333490021766	-0.06907460723439132	0.0314606443332032	-0.07853745895145427	-0.08461154829256154	0.004497030170335864	-0.03751291804623208	0.029710078745600693	0.12999192247804806	-0.06881147082722272	0.06764525817975164	0.026287122319677808	-0.004707034781020369
-0.0715811273403548	0.07479042079279617	0.08627224547079496	-0.015066534091531969	0.002409885989880662	0.1689272124348385	0.07644048513146015	-0.0649111636460875	-0.009132490357961296	0.024099948698217796	-0.03968561967012221	0.01454873278538071	0.05635038031316184	0.004504559267201964	-0.02386162399761802	0.0051035365201038034	0.06730574109239072	0.06298962307018349	-0.039374761332176864	0.036682040369147184	0.07090736532834695	0.016477533406086167	-0.0966291490245627	0.023630184175682797	-0.040056279811170215	0.02151866053954194	-0.022672372113527198	0.08774783747101945	-0.042476385336073966	0.045316791377416565	0.053951446989454706	0.0436021556390178	0.058330982230523104	0.04447418746818668
-0.07520527153173596	0.06403313176717186	0.09756849054593035	-0.03233851382555185	0.04394590112097783	-0.017214246972989546	0.08270331320270843	0.04019745592259723	0.06260364575820251	0.10306448100303515	-0.06142303289928921	-0.01277880218027216	-0.012729558112825877	0.038703504963421655	-0.07076666425621234	0.0787108504107063	0.0608597164571965	0.03824937521154405	-0.0017173551489151478	-0.055553704768607104	0.04083976422666752	0.05203763163517432	-0.047522159990410186	0.0044433123008446596	-0.08602047443352018	-0.005509175028468222	-0.049949265153310066	-0.014670614889328581	0.027004234980471428	0.009562327770667352	0.0027687036992055025	0.06989620273674764	-0.014927024593460618	0.02151414264196108
-0.08345208824105817	0.06309081164192325	0.08238910061483301	-0.06559134990016825	-0.002874183676663468	0.06904242804451666	0.07021175210580528	-0.09085777488176591	-0.01115437803452173	-0.09342396942834005	-0.1360426271029153	0.013138943637183317	0.0972602444191035	0.1151638793349867	-0.06685257738219225	0.08518538373211834	0.056556714729127516	-0.008852294775084986	-0.05197277718375384	-0.050541786752145955	-0.0547731773080386	-0.07094549995906915	-0.0969220155176668	-0.03129247199187653	-0.07448363930380814	0.01227648096850672	-0.04687901995074974	0.09194003539176393	-0.1405891014157118	0.040098936426910425	0.057432005265734984	0.027064566082959547	-0.03208802022271219	0.12137064253925542
-0.08640573043568399	0.009814675266665842	0.08812192328551496	-0.09934227713135454	0.08145743946774056	0.10140873890500031	-0.05750176895279573	-0.1437710494895693	0.005021345308794577	-0.009422059830439677	-0.060476439415679005	0.025013870787185997	-0.05019688192558765	0.013876750524469995	-0.0446081454639632	0.09217587820186786	0.1228645537323989	-0.0024130813177731976	0.01859110086747728	-0.03882922658541306	0.0768299720169403	0.04804679453255653	0.005978290164737152	-0.01434747986038236	0.031104965003374074	0.11905446696915276	-0.0102889698762215	0.022523034631764853	0.021722925694256996	0.10457063877823275	0.0646634929606649	-0.027948441104341713	-0.03995594156551936	0.06993249403084546
-0.09173659045594929	-0.016333213565321837	0.12488670791525425	-0.055139347438703676	0.08114664662022932	-0.059553288648834	-0.029055618095494364	-0.02937716493218874	-0.11147598750725492	0.10399151083097972	0.002884912408694947	0.07925927984341957	-0.026998262626381057	-0.012289236147910255	-0.05606991107626833	0.0300433979483733	0.01962944013859833	0.015453789702300312	0.0812241030605509	-0.08394474682947754	0.06926656637718145	-0.039266959685536174	0.06074172082587801	0.06635539016056756	-0.01602559099462914	0.014927407861020925	-0.015199866704721732	0.022744920442564907	0.013854943827926833	-0.01850875811064192	-0.041375740331944605	-0.061436061142399884	-0.024006728201228525	-0.0641038961731298
-0.09732141862230352	-0.0129009191351071	0.14342640359214698	0.008107377705553377	-0.05044908341877763	-0.01691319601418134	-0.08606291128929316	-0.01567834550629089	0.05496002981339833	0.06273642868820899	-0.049046198363548524	0.11056583955283696	-0.02969245564625641	-0.06441677620462438	-0.040309313887193055	-0.021954022994099195	0.004687379642835936	0.009382339532472818	0.04132259033508889	-0.05667808736284567	-0.04003341188842742	-0.032226782817269914	0.02764497396065292	0.06703519727355386	-0.04753479996836167	-0.09644381357184133	-0.015165021491456258	-0.010051189521957209	-0.02142312442315311	-0.038465062345845784	-0.04216047203876607	-0.05198167474952192	-0.11061656029399394	-0.05690667207032502
-0.09942797679917528	-0.001906752305085019	0.1524109719784188	0.02900106886487081	-0.10401406149853479	-0.034459204763301866	0.05465558729421257	-0.07793129906607466	0.03904607012999058	-0.014774683341631355	-0.006336807104253368	0.0620005546403531	-0.008429607887649626	0.04797269483850296	-0.03208124995476921	-0.05749014931867363	0.010980747972390528	-0.04104465135108023	0.05163305545384448	-0.005053862179455117	-0.10458769672838958	0.03143754985118131	0.0655876310080379	-0.022953860252331218	-0.05576444721109288	0.005715556020088433	-0.04531343918386075	0.07415276241237555	-0.045384950334314555	0.01110634832838489	0.03098073190792217	0.050457384639712666	-0.053417216439464524	-0.062481031008564794
-0.09971197543804677	-0.016579431613313295	0.17561490459119752	0.01167008993601527	-0.04675264429839129	-0.04555326489363931	-0.02935888759249493	-0.0406107206993555	-0.09888504218465807	0.012996648224428697	0.01103239931694344	-0.07731682972550045	-0.025565597042315057	-0.03389752796078454	-0.0663377120978523	0.034550313003189434	-0.034204565591709174	-0.04582055925504507	0.04222345988073137	-0.0545696764583754	-0.05550723761804621	0.05358683839497904	0.07943246569753146	0.07105528723134624	-0.08833172111549485	0.06945387544520207	-0.05398089778831034	-0.04400349823057876	-0.07977656566094653	-0.07386463261372284	0.0390748322576923	-0.0801777903335795	-0.024037499925057503	-0.04149551821534625
-0.09845932195735897	-0.021753584891013204	0.17551270941029087	0.0034972682916228513	-0.0708373846354845	-0.01373876818411939	-0.1204298678387927	-0.05405858826923738	-0.01916199482596235	-0.04104862779781847	-0.09302793718018433	0.05057533871444708	-0.03942362968243054	-0.11676836979551514	-0.009161437142390733	-0.028768368610147112	-0.04641473192314909	0.07857133811203323	-0.03603475837464157	-0.023551241204930774	-0.01522825212313023	0.012987651571923657	0.009711017205584177	-0.004804338543765333	0.02352343378818752	-0.002949212911423464	0.04552603268078972	-0.005891710677370137	0.014621963123482077	-0.0749843209441223	0.09955770173967428	0.006588101434547206	-0.10329786115757265	0.02758936457469763
-0.09902178107645013	-0.020456539719628828	0.1742017329805735	-0.001392963618968108	0.0007912078787230403	-0.12746556236803297	-0.0014410963848837627	-0.06893417062265733	-0.009415795604425035	-0.021307515840720038	-0.05352580831918058	-0.05807715718256869	-0.01463668546289711	-0.002834609577628179	0.006228073119076798	-0.0044766434929516714	-0.0511565172368292	-0.0026384241074334375	0.0067533880475312835	-0.012053014319411273	-0.09340876603583413	0.08930831542976438	0.05734874319137504	-0.021313154265638772	0.00018705325522635693	-0.013037242450796314	-0.000247048192970902	0.007495910253839784	0.04987434614838259	-0.0365153889399534	0.037471680108043505	0.034340937376591336	-0.001968196896765438	-0.07809693959378822
-0.09692743146564625	-0.019099118247832475	0.1749176228493521	-0.03429488323875421	0.06842821336813519	-0.06352643802421207	-0.07299660247290156	-0.11951022409523127	-0.08076466434699908	-0.07876722451075893	-0.054007284418229606	-0.08158974276534348	-0.036498616464956515	-0.027850101051816192	-0.015244241226646258	-0.016381276764617383	0.018819254773084354	0.033872799876716986	0.025166966289713086	-0.03184737627211845	-0.028775165158400583	-0.06164385835696777	0.040201048893224914	-0.01711888770676976	0.023140253614749307	0.04013447493124386	-0.02305831987985233	-0.02178347547686161	-0.05591662039275885	-0.0025576041317281976	0.02179255565642399	0.006058977192346191	0.015838296718045004	0.02113218410413293
-0.100187406314097	-0.02785708454990992	0.15085739624888822	0.0017810560213091212	0.04139244942234132	-0.058382148544807264	-0.12720988324863433	-0.10636653573246584	0.10545323437376462	-0.01302208282657475	-0.05554821150639287	0.08423938627142799	0.0156970643203361	0.04390962393476563	0.02301985278378352	-0.043854806222934584	-0.04073810788883267	0.059407098684585505	0.07691682045132639	-0.05368484254692983	-0.03752827302045665	-0.0070938320945607355	0.06529447247644929	-0.012599790234038719	0.0035859775303248922	-0.027196854230531017	-0.019348216294510508	-0.09284043084606247	0.05200835175633252	0.01618518040198469	-0.060476411776215995	-0.030875259545733356	-0.014405622998171871	-0.08972051957781844
-0.0957802783999082	-0.03900124117727167	0.17534127457377555	0.015794808268135795	0.051017767907583174	-0.08043849634766452	0.0029252338084099837	-0.15268626058987955	-0.028516031939562377	0.015104657982346845	0.027787671077883266	-0.021908151362787696	0.014105772442252782	-0.04098297093015177	-0.021946737919489475	-0.0372753950151298	-0.008568865781057988	0.039489764094216714	0.045004993763014874	0.0519129887738082	-0.005859804798484566	-0.05270157750796499	0.046731741166244414	-0.04523629616716434	-0.023653170391592728	-0.017464471016429332	0.03881180481816841	0.10312305458191631	0.030756880014821672	0.021830550793973894	-0.027911435847326055	-0.11845928858751471	0.03622000932024511	0.03592020565463712
-0.10034948962824927	-0.040625799044123154	0.14994138396219833	0.02169614242040526	-0.014247497643727127	-0.018521535043130474	-0.09798868506470321	-0.15288485284392575	0.07304597999185779	0.015785564709007747	0.032134349392108845	0.05470043222432795	0.010707260528939545	-0.030260359186286164	0.033758653997642184	-0.059579017680940705	-0.14838920136224237	-0.03379996318885891	-0.05037074440905475	-0.013426202536961676	0.05829787836360015	-0.03338429954485946	0.014371480575480586	-0.04281881223357028	0.016290286219561162	-0.026519161315966613	0.010029806225677285	0.013272229817378203	0.11484068235400306	0.024865791804206734	-0.023309346174571775	-0.0034504625119744087	0.0400021203576023	-0.08054162455995653
-0.10030411846623649	-0.05488391057995404	0.1637104498362456	0.02423379066674403	0.08001267067429287	-0.1368980873092259	-0.034019306478159345	-0.12882663908634298	-0.02335322323268573	0.01598758741778148	0.06385922764522527	-0.06964311492463504	-0.02069248026305614	-0.06652066724499295	0.011624214248526684	-0.052242322214593025	-0.04358127832424838	0.019833197365008916	0.024198188767564317	-0.019074481002179247	0.01419774839703429	0.014912708304936163	0.03566462331256265	-0.036074109841500335	0.08484203912601057	-0.02796128623994686	-0.0023636199570643626	0.042026830841190035	0.03422138142658878	-0.06565992576493832	0.013133121694478729	-0.006713830623062442	0.10971757295484758	0.07717801326163937
-0.10054450552749863	-0.060555588279622305	0.13737615281134022	0.019594999923629414	0.05838818884293241	-0.014784809351611371	-0.15332095272206095	-0.1152296352855402	-0.02748403776830114	-0.046403784825005415	0.004961999805256025	0.07175331723064698	-0.008519008424645796	-0.013123201637123792	0.03857634030349348	-0.07183562940712963	-0.06928074655166412	0.08434540951696969	0.03225793965822471	-0.051995327320708815	-0.017377357134350437	-0.008888280045127692	0.005266577951560908	-0.09155312336407327	0.09541346238607679	0.0025014390418770984	0.007207297064076992	0.06673182332361804	0.026368698328776894	-0.10847508359664557	0.014818795299854325	0.0355337115537942	0.08265773311345864	0.075357374546876
-0.09922459604678989	-0.07042394777528105	0.13920277534567377	0.06375359910655763	0.06646878235973501	-0.14168348409059145	-0.039089738710375396	-0.1177291408162637	0.05076108402327479	0.013121807199852202	0.0984998571859924	0.0020990738164636696	0.03994147850560089	-0.03334120825684661	0.005596828958990449	-0.04451041507898075	-0.042710955596365924	-0.016423865911437956	0.022413272640972773	0.012207932705977725	-0.07476056517033655	0.02232992988625576	0.01747925604852103	-0.046288119759193905	0.033572443544062545	-0.034305714998149786	0.04429370823070177	0.0921260274534941	0.08772126630715807	-0.038316324958190845	-0.11211936815362125	0.037036880512771056	0.11836427182556693	0.009608449621595551
-0.10843742264536167	-0.04755084356841513	0.02962732030152374	-0.036789799057083544	0.0022821854080298637	-0.08272521034199845	-0.057805391657604545	-0.12721585521361428	0.02665069941315481	-0.05495929525294714	0.028286782515371575	-0.09656122460424534	0.20488841276243958	-0.0028213480792132397	-0.054291513953016415	0.20372185294319392	-0.09640310636873778	-0.29151827120440604	-0.07680618291538376	-0.05369696573147874	0.030340694551692686	0.2862370619708706	-0.024430943909545352	0.2307562884054715	-0.10933837915262988	-0.043492206295106056	-0.07773297648638675	-0.21275862348060856	-0.2758530531141129	0.07752834217621303	-0.24259390363345318	-0.09511457399276309	0.044363539368051694	0.1652721872414984
-0.10042800152439327	-0.08800310747571764	-0.29709822326799196	-0.2223849006416015	0.07623606864478867	0.0394501067411959	0.11948018085185182	-0.15557828432128432	0.10446870899088044	0.005340775584417931	-0.26322979711081257	-0.08810495349315974	-0.08620428886304489	0.11920449629623898	-0.07768192178245889	-0.22384565491835465	-0.29906849195047364	0.08085912899828038	-0.09257807989647573	-0.22711336860657264	-0.04969222375970346	0.1693661530670057	0.2900257530584166	-0.04943023694441431	-0.1778571918210383	-0.17893561579545686	0.217756941310303	0.09317286432619411	-0.04484777854700238	-0.016024606904809176	0.10822971829947352	0.052410040885732076	-0.046928396156749166	0.11487420284033863
-0.09009883976341092	-0.09475140920509592	-0.2184216068318341	-0.14396078905607634	0.07442038015281574	0.18739367560001402	0.09340922713741345	-0.046149718711932346	-0.08165902973384644	0.20962911729278189	-0.12646413164828924	0.02432697267667324	-0.07762490409000229	-0.10232803854624967	-0.20929820947041464	-0.009933048816801762	-0.052879532959096726	-0.07054036517576245	0.08506096700446616	7.811123545828358e-05	-0.017068929753860942	-0.1200589121107379	-0.09071626724619708	-0.030301179276221737	0.27486039551833125	0.05077534429857436	-0.11778734996102591	0.0694662411493269	0.005393764098350285	-0.0036489402720003283	-0.05890067055312275	-0.09810908840883678	0.10861989867675534	0.030439009516099194
-0.09648681086058221	-0.06527749718263533	-0.1154537846630484	-0.09906306696160161	0.06585223358812634	0.08164272610769231	0.06161814324866163	0.047993113108607224	-0.08958737004616205	0.20878764513864279	-0.1379778626875004	0.04263357500048415	-0.15125906806442438	-0.023556207874342077	-0.08282195020763936	-0.026786632944754647	-0.14239379632816349	-0.03898715160940824	-0.0015672486157734047	0.001860040337581921	0.00663057972188567	-0.01391737677119215	0.014842381409622699	-0.0022640958978104933	0.1507846313782884	0.0251939597068369	-0.14137633985566356	-0.03384841099818614	0.040767619424844345	-0.007040775384356411	-0.1147372953680266	-0.05515593214779306	0.04700133879292925	-0.080622245712616
-0.09720004636598134	-0.04768313074579786	-0.036693252488765093	-0.020717292302206543	-0.030041106320800086	0.09370838527336836	0.04194745841037531	0.09952980597830904	-0.12546143277791924	0.1629988789999072	-0.09856632318671732	0.17716878880810336	-0.06221419559338742	-0.004925578663815272	-0.12958286529348645	-0.009709061782196916	-0.006016534200240049	-0.011985961470755497	0.1439244562361986	0.00807222102280706	-0.13066277950819333	0.014644431499656413	-0.02278212125698023	-0.019554809762396055	0.12768127379812597	-0.07336122198345454	-0.03829562313383423	-0.04722453927715899	-0.03337345805124372	-0.030543850040686354	0.023824224834570702	-0.06786995013854082	-0.05797272349953171	0.02466172336827923
-0.10224664859042083	-0.05072892508270775	0.015385215797336383	0.055356785256541224	-0.20849515814893443	0.0966895141152181	0.08357129746824768	0.09051150924182835	-0.08690295660743316	0.08732771393268357	-0.08449112595711276	0.03482166034787233	-0.08334678442720492	-0.10273978772883804	-0.11949647524027598	0.005257474296998892	-0.06788032453017948	-0.047026819353206684	0.05132250786799128	0.0405409249171981	-0.05849305815182249	0.012551026896034632	-0.048833456191505226	-0.033574969283516776	0.011909277178701036	0.00396213205967165	0.08037893693860845	-0.013582446411011155	-0.04308696654590268	0.12489140506495096	-0.044490490552296556	-0.10973384021059018	-0.01136560476573966	-0.045085853056830084
-0.10351505798478919	-0.0560496186982607	0.03322507044206649	0.0803024754795344	-0.2132663709637177	0.043104927103607894	0.07414499809235284	0.09659279901022617	0.002256297092933096	0.030854948754951442	-0.11058372757651123	-0.04027444917285396	-0.10823847145468826	-0.08442279177960384	-0.05187208876984021	0.04494339334622551	-0.08881365421873413	-0.015091606758362946	-0.005818861243719449	0.04752767587069244	0.003643279850038355	0.044954544738140666	-0.029418558091442934	0.0345836302486635	0.07466141853920612	0.0075592413359957256	0.006631414601089666	-0.15724139805070655	-0.01179164310339427	0.05951355251772444	0.012053985153314767	0.12860561921969346	-0.1446376797711302	0.006870523121548067
-0.10171156711952015	-0.0336564522037105	0.028095511566179485	0.037374088996116175	-0.15549369609823444	0.0731493273518988	0.14555062929278878	-0.02817841678728069	0.001213275455628152	-0.08662761857145809	-0.1704935983604665	-0.07296833196664688	-0.1050157629834843	0.05616482573430485	0.020195072647445862	0.05275346361873365	-0.05727626497031724	-0.0034689204924990766	-0.017355858838722246	0.07615912059704039	-0.03306884956596691	0.040209340616105746	-0.10139246206478561	-0.06694504647066778	0.044288052774704864	0.06519161739836024	0.06958099304460397	0.013838474267147134	-0.12479737412567862	0.0760025931213905	0.03179579563380957	0.11227106072931639	-0.10164545247305982	-0.09823183534000587
-0.09989076566141086	-0.040166544468687275	0.06946724149283548	-0.008398603489052707	-0.022840930341846758	0.07404513185662225	-0.020340365523540245	-0.11838008748802081	-0.003789744047247823	-0.034634477104446976	-0.06930739359333063	-0.08472405371787284	-0.05634316050931562	-0.0831507489293104	-0.010269953804949978	0.02990640953816169	-0.005651060626939463	0.031227268971503075	-0.010706931184370331	0.07418767160917811	0.00787431245797972	0.05146376957957983	-0.1600224524672841	-0.2019580315011648	0.15047428314079614	0.1768036339710198	0.04555953745484953	0.01784629587638285	-0.08168307957302831	0.10015432676251032	0.03760633152573199	0.007933841634925536	-0.042586761891881535	-0.14190393471199617
-0.09626311352172452	-0.053333454757079186	0.030698284628623968	-0.02457426592339263	-0.03446524407570424	-0.04382809056969415	0.041508862332766606	-0.06142308848791046	0.06750400080601901	0.05233776203314773	-0.015088199564467195	0.00993404810519424	-0.027745486597318035	-0.05789628985243048	0.050237251881755804	0.05364263585604144	-0.08752395113886113	-0.10561993718393445	-0.0005994834890413192	-0.019428806363812362	0.06343711100599511	0.031860228810840566	-0.004977659293094188	-0.02799655737655157	0.07702322723258696	-0.016941355519629248	0.10144255915048092	-0.027995726711165743	0.09854508179309299	0.047123111526859614	-0.03472186408449022	0.007795657502854011	-0.0747711807517841	-0.1283262857438965
-0.0982045956612353	-0.08282615529546242	0.0066444235544725555	-0.01520002279029511	0.05187521351506129	-0.02630687174406925	0.009529104221175368	-0.047688517386996546	-0.06929967677015829	0.0249006462889853	0.10329904143484657	-0.10048055011341014	-0.027592461585534498	-0.04914078559217519	0.01886766865751867	0.05212825759811097	-0.01187253449994369	-0.1556060264415938	0.04300165404221221	-0.026854760684195924	-0.00915135125253037	-0.0792703933410982	-0.022888020656242028	0.06137357537734397	0.09944212853873008	-0.016708207703044917	-0.009635040400985836	-0.05721472660790592	-0.039668467657167195	-0.006886457095476857	-0.03474141442596858	-0.0042803381290258055	0.03057899456466437	0.06746417762161201
-0.09580586040953872	-0.10345420554802189	-0.008628796026357912	0.014979476660180307	0.0648133920712162	-0.033906562635952105	-0.13006290333244894	0.018062149103017074	0.029547843564450647	-0.020863366906973265	0.06198905014401736	0.08395213391827505	-0.07899437259444846	-0.03406910689831242	-0.028217549851602186	-0.03755508594870314	-0.021127052899726072	-0.0430720575168309	-0.055693139795036144	0.007515170364950332	0.06365053249069665	-0.10427676262996752	0.008055976567022803	-0.030451305553396	0.0834323311329419	0.05693898376286188	-0.032064938922079296	0.01779125201364789	0.011682257212151312	-0.0065026234622224816	0.04202897946939728	0.0476862420015339	-0.03604989011759676	0.09124655931025663
-0.09583256678399567	-0.1026653236996802	-0.013817991463900623	-0.002329319789945547	0.09010906836038468	-0.07676939730985104	-0.039523033558421836	0.056060215960474266	-0.1227381248550402	-0.029164942843963426	0.07230420120000144	0.007008552564008474	-0.041534268156981614	0.06299012195301247	0.023597593271828782	0.0301238308840527	-0.08440137882241458	-0.042575123098298626	-0.049000896960671045	0.06285909695338071	0.05856112455043722	-0.023489411899625535	0.044214971178956945	0.06483443349943963	-0.04100808642486742	-0.041921291499613746	0.010832589255702407	0.016843159290268445	0.034959050928033766	0.018397714098071984	-0.024450825412870112	0.003074790575489511	0.01611068339914826	-0.014645628886930356
-0.09768142659566056	-0.10002483528962788	-0.05220526720956247	0.016876251548679517	0.0544540836086304	-0.024741314878163244	-0.11245759234599455	0.0916024591958286	0.04034336612459803	-0.035681053680326626	0.007944956772161895	0.01720527176519948	-0.06712729607207032	0.022265863805416557	0.02143210947889315	0.053769484955617244	0.0015110258213895979	-0.01058651090704759	-0.05844296355338327	0.0503408762368652	0.04896130194908068	0.017283525532775124	0.029757356789516416	0.09764561176988093	0.005178437585564114	-0.08057358430506771	-0.05383786337829459	-0.0636008686014336	0.00265750914858164	0.05635682812680313	0.0076993174280915065	-0.007316619421793857	0.006067253941489693	-0.009619857352853752
-0.09791584432102222	-0.09504394024309853	-0.03393929064641327	0.010243812883462367	0.09777801275525362	-0.0459950870205395	0.014690754928867098	0.07753672018348663	-0.0783152997448524	-0.0390316393309648	0.013857814549636046	0.06165148705555853	-0.030675307421215665	0.08169302327877508	0.03741684929771197	0.036963974650607016	0.06344744991176693	0.051656798445934904	-0.006296408957602695	0.028605219056293547	-0.005862445572868295	-0.02964137164392634	0.012953618540752276	-0.049761207398569644	-0.02988248175662086	-0.03433432716054723	-0.05068837912268845	0.07130052110472526	-0.08102198315998824	0.040078619196005055	0.0691410971936615	0.03847555118859463	-0.0229493998870436	0.12050774364357689
-0.09919193923607997	-0.10043916026576367	-0.03503622896354326	0.0634652432730385	0.013059848080098314	0.04313590371105322	-0.07866016198195036	0.059104441161179376	0.03677984253163988	-0.048951678041718766	0.047915877520826405	0.09666096199186741	-0.026007088002514035	0.07853821832667883	0.009525577719910947	-0.0011349769380211427	0.06552788517530511	-0.0069423764145028	0.04360492984759266	0.05008523825669575	-0.07730365220354961	0.009677783304884738	0.012161185082163108	0.024530261699131237	-0.06737444719591601	-0.05072521383926894	-0.024686373438817893	-0.005551749697784197	0.0543158712413314	0.01450271192372737	-0.017632732813961813	-0.02440875951912224	0.020063930503509707	0.011008858674176692
-0.09953869196549711	-0.08912317628295408	-0.02455046172103752	0.042639872331105055	-0.011009283568633996	-0.00997530848863102	0.09563472823367115	-0.031159414999981375	0.006607046555214494	-0.05492089495027892	0.07105312619461045	0.002160265757019373	0.030359427275142875	0.06916112471878176	0.08444080045153218	0.0008982535780694464	0.03014061907528338	-0.0861454969814561	-0.05123763447299241	0.03399669675429224	-0.06351486313515119	-0.03120767726612147	0.014342644102970602	-0.08135939178641277	-0.06213393654893992	-0.005066594827856232	0.006757598479824725	0.18080145565744754	-0.05493924581419905	0.12387843467861792	0.045269150779712775	0.04115045762102701	0.025135380443405117	-0.02733024143884035
-0.10067204863706906	-0.10337281483488617	-0.044168478913011136	0.026785376452762476	0.10310346849470199	0.03784906984174755	-0.10804880992789594	0.005083482179927232	0.04851517242951955	-0.0034257854999964767	0.06261584561152178	-0.0035308493850990537	0.020803768180595653	-0.0353920078996389	0.12424701419773654	0.01047185851678141	0.019978484403421162	-0.01400348118807995	-0.1459178064365211	-0.01327658852656256	0.014615520773989987	0.017457582731299857	0.0012112503217540926	-0.06191079855807164	0.0471453272355457	0.04475480576730393	-0.010547468895504203	-0.04636632413390547	-0.014673911655193	0.0004907301346197017	0.0015594439678024217	0.009521694260091348	-0.07352293268237478	0.06279107231333234
-0.09777383043294317	-0.10481471237672385	-0.03661112313212568	0.03188929536915922	0.0622815035165772	0.00022627688944712928	0.02614696803359485	0.01712838260810915	-0.07677764347012181	-0.0007037688464727789	0.0764766436852668	0.07465034530727412	0.084054889227458	0.02701616789664295	0.0974888198312295	0.008760203951953226	-0.006115022044730467	0.007886035434019438	-0.01818398268847958	-0.011552541669278577	-0.03794825410990645	-0.060745218816286826	0.0006930094011465583	-0.024589865951340106	-0.0187150804077243	-0.008557725439615894	0.08382736390534654	0.05658307700071131	-0.051876287791194506	-0.08640665605349929	0.004977436155326691	0.04323907844824871	0.038978030045102495	0.043184135086953325
-0.10057353857902618	-0.12677298869593825	-0.22009108035219574	0.04135107158454213	-0.054524751898276505	-0.08612953493184042	-0.11370613395222517	-0.009929033357460234	0.20206492401208154	-0.11121123140315381	0.14137003582395813	-0.2472129191920085	0.38649197950076764	-0.1044303510100436	-0.46056536298870915	-0.31065551338428055	0.12232703780379221	0.1650043019249406	0.1557496923048245	-0.15189678891172392	0.13460298967608686	0.027995194172436278	-0.12265276262331656	0.13838461526549178	0.12337179366011697	0.005239038187331312	0.008708543641623642	0.05564732653482779	-0.020508118433680965	0.0030415811032426174	0.033398016337295486	0.03431179832895776	-0.1135193142484111	-0.06765200541784026
-0.10088940668782136	-0.08804026973720477	-0.1781642052822356	-0.061640801829023324	0.031498193758393904	0.055316570654308214	0.11868065047530178	-0.034442775078260116	0.0702678030391851	-0.013281893563700225	-0.043712534416575806	-0.03366097393964291	0.08476819227698307	0.13906503849458088	0.24689933137180173	0.048604548752816945	-0.09607717810041026	-0.043805718860643286	-0.10585045150079074	-0.03962256730680719	0.037225286033702905	0.12613143614525507	0.01232850175913671	0.00477751262004115	-0.11402371641979434	-0.04801257804400478	0.004608508503426548	-0.017136725407300955	6.0409272604682734e-05	-0.06536225119864406	0.0029955672516983846	0.05827869380403438	0.07739800501653062	-0.3145627992629857
-0.09360261918235085	-0.09374484287350986	-0.1619953305577764	-0.07134564258577235	0.09846989506932889	0.04590612949138183	0.10686251301599643	-0.02787270331030857	-0.015843224303228882	0.09917150481983886	0.06577700922559925	-0.000956356564662767	0.01779331109973699	-0.032330042601958854	0.10645937183680258	0.06638280292558207	0.10360197257642981	-0.01889597899801072	0.03132298775239181	-0.0743915937860502	0.0773012357650946	-0.04516600723658372	-0.10104615313179366	-0.0740488365108661	0.04509062551333812	-0.02402810685863905	-0.06068229946615521	-0.058455152100804986	-0.09697608589125284	-0.08785354043413504	-0.014002502684212772	-0.11545143422922945	0.07424652310387074	0.08804648475315635
-0.09354340151933212	-0.11544749874974655	-0.10685706311036992	0.055600049595332775	-0.004190314798185816	-0.02634412941964475	0.05084466835642032	0.1282845870669674	0.009345288000795555	0.08661762753608311	0.1091135595494106	0.1472800840487431	0.06422747475403932	-0.00011340882235386283	-0.01575821934065994	-0.015703040597276334	0.055252556487821375	0.0537085027008026	0.04029154900039893	0.014771448850770065	0.08583755854705283	-0.06581131119049556	-0.002643379208711477	0.014160903596066452	-0.04199370564118863	-0.04948799675124358	-0.028447503304707633	0.004922761536737043	0.09767473152885897	0.02829107547400104	-0.05240781899647309	-0.0478755566187264	0.04909471524184146	0.09136745356704051
-0.09599685490487696	-0.11730064802682179	-0.09573153126999775	0.08008215700985796	-0.14813415839427316	0.06718424567053774	0.03646402230860826	0.09688971187160499	-0.032536244219918305	-0.03963895786201145	0.0729647051732214	0.015718006947761837	0.025735870546052968	0.028298154071008632	0.03920573995376889	0.011791373209955176	-0.05912956744192283	-0.005760464657562463	-0.010044229212571615	0.0505981107928678	0.09038079255560726	-0.02802949227686747	0.018884864970853534	0.04527567205708943	-0.12019314109080709	-0.030232289688494146	0.03724977379869879	0.024922829063534123	0.15786244126206828	0.10889596767245766	0.024587754703706804	-0.005814758125264025	0.07987714249459613	-0.008363507384342165
-0.09739308686206916	-0.11889791075067963	-0.08575585321391077	0.06492049138684043	-0.05550827597065198	-0.0625005978695798	0.005739677298802737	0.10240058842920913	0.06346761991203705	-0.06077640779717386	0.04583449087736923	-0.0996055306670953	-0.031131791985252722	-0.018399337357051734	0.041006950456534554	0.04059617619800818	0.005945476760620121	-0.0018386222401512854	-0.06044580994808699	0.03925234059865411	0.11145710826348455	-0.0048937411975572345	-0.015065703341053317	0.05672154901330834	-0.05466359720530927	0.012808233795085397	-0.04427110364948751	-0.0940084999897447	0.06315782777220101	-0.01296622555814084	0.0946173789348802	-0.04898669491087692	-0.03097395572803363	-0.10594516098995675
-0.09507608125310486	-0.11935663775824212	-0.07395312417303167	0.0196563053321093	0.06439160451769269	-0.07197273047270401	0.013900612241791094	0.1183549451762387	-0.07589779293231937	-0.022755556808510838	0.007966633238997732	-0.0036573771303230434	-0.04127251507853523	-0.013343785902592163	0.08963647179860976	0.01911399702101936	0.10194333471402058	0.10392992403359416	-0.019147779943177123	-0.015950487586971013	-0.009098211212895217	-0.046127464782033126	-0.026620112764767362	-0.027475099217819723	-0.08994793357807136	0.03342429119330949	0.00882470434732416	-0.02821323472295678	-0.03203839319705966	-0.07791714096584776	0.09097267546105385	-0.044596883308194266	0.006741875057598386	0.099332261693037
-0.09674169686903021	-0.12223165536724329	-0.06117574247999246	0.06550761269058658	-0.020049075336085763	0.005284568909812128	-0.11590156958813697	0.14304851163315255	-0.04383779743016983	-0.04180269238482697	0.010904683017977776	0.08839529111029287	0.006810694492581084	-0.02759113805959794	0.014573563070821437	0.0012398229452451892	0.06530770360667242	0.08978786837674606	0.006215661255360459	0.04231106161246974	-0.06705028010702786	-0.021297427583023387	-0.015084539414697798	0.03737267977240134	-0.06289164633676252	-0.002870629105757328	0.03937640859977048	-0.054522505922576556	0.016919400080303876	0.004974132962935265	0.0346053859475626	-0.02117667051025037	0.02960850215612598	0.007694969505850347
-0.09930730653447518	-0.11149980501063773	-0.05395972954344258	0.04785883310123629	-0.025490126247492133	-0.06945114855254798	0.029945013216441736	0.08927664814016635	-0.021175226219984675	-0.08754420978100394	-0.009104575718666182	-0.003667204691773007	-0.04337859120639297	0.01584369158474933	0.01234318006660027	0.0034878841352528472	0.07701162217588516	0.012317693467220663	-0.05485933290335704	0.05690467798215271	-0.06160119668847985	-0.022608217017303048	0.026191553169470524	-0.028882741186674762	-0.0872110550661669	0.06303882314582807	0.0444070011317384	0.07866060242980258	-0.02306344313493706	0.023753988356735683	0.036699075124878924	0.03817730773889812	-0.0700409700496486	-0.019914070968104675
-0.10102284230233875	-0.10611270609566846	-0.06636698256005297	0.023232026649405987	0.05583998732753241	0.013913971424271736	-0.026785306048006247	0.08735988045909347	-0.08957827440034415	-0.03236894852818652	-0.009468814071994411	-0.05605927199910518	-0.002371360882976732	0.051301665643492124	0.0536078023110182	0.06297015971931837	0.06370093553588274	0.01456665478300223	0.0035875286596983164	-0.004387869878210698	-0.07560787817968151	-0.013028393057899157	-0.013638762014151064	0.05529987712018794	-0.05984316964195052	0.06413037765331296	0.006195003456025298	-0.07948544999024745	0.015629074084506523	-0.06535113061460883	-0.019512709699362585	0.01989058371758385	-0.026063908534155758	-0.02947289828345633
-0.0982255627251387	-0.11443950355367444	-0.05803622516703122	0.05979741158036757	-0.006796331236893157	0.05905790960262768	-0.05730172998326531	0.04415866452914469	0.011042887607441376	-0.04995999309947217	-0.01900813804990385	0.09635105619652978	0.015108891528776706	-0.02819529897802941	0.040032523570284535	0.00288616061682251	0.14330729826871966	0.07714206771900407	0.026260963165562992	0.08040300012793125	-0.11793194971373752	-0.02604441375975519	-0.02824119974355437	-0.01509489018097323	0.039782454190510096	0.03542361552052852	0.06815444605668468	-0.019776939785885884	0.0009049250383098284	-0.04269674894154775	-0.009354940306151652	0.001904686218083422	-0.033013231523342214	0.050892143837897516
-0.09773213115024185	-0.11838331715889232	-0.03515829426971254	0.12004658540726608	-0.04141228602408549	0.00579816990473843	0.08764560042738193	0.03387488092414229	-0.05042815044058059	-0.007376249225869034	0.14254306969411715	-0.024608600782677577	0.06598288996472168	0.015075316623644518	0.026242274204188877	-0.029099063562064854	0.02546000332430978	0.017258491381617946	0.04694280742932422	0.10740578549111368	-0.05289859667248043	-0.028922140885528184	0.05111944060039708	-0.04483965180522438	-0.01934040244492926	0.07996870595429027	0.053505129702490356	-0.006949531253285547	0.03195951633944883	0.057212137243918645	-0.07976239089158838	0.02865718035683574	0.0977524665921842	-0.020234674606820897
-0.09875883444288071	-0.11100133280170535	-0.03676403454991606	0.11376590906701131	-0.09735773798589842	0.019414938568501787	0.015499778701271623	0.05928412126839563	0.0768512398692728	-0.05878488335232342	0.05961075619572944	-0.03750617211144973	-0.002013208166110466	0.05752384358787438	0.046353495948153925	0.03287893144203213	-0.052545386713239044	-0.004224566404944313	-0.03637767127217899	0.03814718591984643	0.05997186194380649	-0.010350898388205479	0.0644141575731665	-0.016671238871680812	-0.05784555456606718	0.054294200491958836	-0.028958335820351483	-0.07599143020659847	0.09226006701191009	-0.002951145451191687	-0.018392843145188405	0.049181303699096096	0.03073082417011301	-0.042316794902972604
-0.10206150868261939	-0.0999918050458581	-0.06688033832882169	0.05514118913919653	0.041533831494502176	0.040763772405478085	0.053794298112689425	-0.04851270750826653	0.0967066934925674	-0.09475497518558598	0.017437780414118	-0.0806535433311631	-0.03401343260156157	0.04049599339573019	0.1095698377133755	0.04128876195255309	0.13882939016399007	-0.06856406185444369	-0.07178961505234836	0.05721924530119424	-0.032053625582696726	0.007867049053900455	-0.09222882032448945	-0.023121558509474102	0.055774479523392304	0.06466566314725986	-0.02590429913096933	0.043619083109688206	-0.057168477012150776	-0.11700936215957145	0.0016156739509069484	0.04896825134712343	-0.07548778327579189	0.03827849175442164
