pca_00	pca_01	pca_02	pca_03	pca_04	pca_05	pca_06	pca_07	pca_08	pca_09	pca_10	pca_11	pca_12	pca_13	pca_14	pca_15	pca_16	pca_17	pca_18	pca_19	pca_20	pca_21	pca_22	pca_23	pca_24	pca_25	pca_26	pca_27	pca_28	pca_29	pca_30	pca_31	pca_32	pca_33	pca_34
-0.134771479527489	0.14000062193688	-0.11226998704841566	0.050481074702008584	-0.00022640144876563204	-0.005227146216456733	-0.005822223504071135	-0.11971625917603534	0.015398590537630614	-0.22139661231169158	0.08651746113973542	-0.08454091145209064	0.021699403326005503	-0.029080479703441915	-0.0835786830743959	-0.16014717125986427	0.14771046250421396	-0.1467809265216593	0.06802022896509315	0.033726602832937706	0.042993256745826575	0.04295408227889902	-0.18747795259828012	-0.2284534256273837	0.03150906027623969	0.12741554698734986	0.010166905049873096	-0.06856251440104787	0.0820023124223398	-0.18090661396824467	0.043492326504861886	0.0039931883229365455	0.11778186533188068	-0.013233747451384278	-0.01706697376969033
-0.13361774910722468	0.15611593951073022	-0.1236949506555208	0.03584167211469011	-0.0193586097576153	-0.0689753336788166	0.082268656688466	-0.016439855610595744	0.03562032785729334	-0.2380154264124504	-0.0010204679765754591	-0.07510448267801377	-0.024236042292320875	0.0024592410547624633	-0.03234134909710299	-0.13881335268875655	0.11125209195497957	-0.14899774848173608	0.08900207150607614	0.013763614562898253	0.10711325090359487	-0.14731556322275824	-0.04298625916877157	-0.03705285839158479	0.04989190561784417	0.07094126856369179	0.009097649101482001	0.03876386531863583	-0.0008802987843448597	-0.09605050179428529	0.039377832956794985	0.026617966737404172	0.04249647813346367	0.07125703930065463	-0.07747088458833418
-0.13169606437956213	0.15309435187079345	-0.1365461827150275	0.016522589265559162	-0.11300761774641457	-0.08535980764739659	0.013177740499357535	-0.00419981110591422	0.0277952959137504	-0.18742423779823456	-0.08004494129882099	-0.06989165579993512	-0.07999995058346136	0.014351680885866188	0.019640149029920877	-0.12194146074028196	0.07337345347140503	-0.15383158471633457	-0.0786634282752743	-0.01848409566939744	0.009883808926580303	-0.10222364749019686	0.04260227274972037	-0.05341203165190602	0.09999097449532475	-0.033200245513031176	0.040879277711045624	0.20124913032871694	-0.04354721558641019	-0.0023772645386516793	0.0014149782491069034	0.015069852358916174	-0.08753523553561661	0.1044541422093371	0.00210657231240718
-0.12722880546406137	0.15676184605116933	-0.07965096154547202	0.071997242711519	-0.10084829825343239	-0.0801700968006795	-0.046408930397972864	0.01531844955302164	0.05272730386997346	-0.025146953189871035	0.014949867097706543	-0.1364899874988618	-0.081935164990233	-0.015244117986412092	0.04653120512728828	-0.09257476057125513	0.02077942019057895	-0.22774757755578506	-0.090388922295148	0.06411183133458512	0.018825297568814292	-0.04399676102789944	-0.028237738007088883	-0.001352274852721172	0.03194616067626823	0.030260464186115443	0.021017127234557675	0.22486189863415088	0.000632442674027258	0.09924255283155316	0.11075104926175286	0.006873202389691899	-0.036034830384714125	0.004599174345821241	0.03031917936877268
-0.13458013629253018	0.1264367158759262	-0.1271812612848794	0.10005974601259648	-0.01866723013167352	0.006880802241451157	-0.039911148297318386	0.07227802977671058	0.10894107721114858	-0.0671275320758854	-0.034915020634626884	-0.06771407242239043	-0.12445133560954479	-0.03531796676606201	0.030051401753839177	0.01799587986871129	-0.0728763565248284	-0.1378487150403342	-0.10624815029691823	0.016774645385720904	-0.16073244752438354	0.051273268696508154	-0.07539456188977203	-0.003325939852039217	-0.013216703260029942	-0.02742479728376397	0.02190541308475195	0.1824574148796773	-0.005461073050626847	-0.03013173564889029	-0.0582242618517915	0.06446886919026515	-0.15506331496247822	0.020153817210190824	0.0838879691289546
-0.12442525423504658	0.1096668784642133	-0.08446006393847663	0.07612911778651585	-0.08267065313049912	0.03323790587394793	-0.11100885835030594	0.08070560508245306	0.02914822293795325	0.04474263385995203	-0.004238562033531901	-0.10777001302845376	-0.11417074233393885	-0.07423842303327957	-0.004457550325369	0.0049484311109942725	-0.042795120932654446	-0.029670188356150873	0.06234164877223913	0.05450350522126336	-0.13680333258437757	0.0345378169405534	-0.10520148185218207	0.04003211399999282	0.012748412893729775	-0.08838485981215138	-0.007676039482636381	0.13153217581829257	0.020976111529618334	0.09374642933174787	0.007554212162496205	0.014192892868366813	0.02507768981551857	0.045210057959937246	-0.16926443553854953
-0.1210583500635468	0.09016949073683851	-0.05466792140232507	0.07968327420184085	-0.029688424002113457	0.1561985977438714	-0.061054457969286574	0.03495204988101047	0.04924817373266137	0.046140969777781024	-0.021034672270250125	-0.051611733495089906	-0.04210736489682704	-0.09856919383310508	0.007329313461276715	0.03231815571209121	0.0025999262244368326	-0.047937561488580166	0.045192620287713786	-0.06319496727035874	-0.0317559477264697	-0.13375354787300775	-0.05501914574054921	-0.0012401291844870155	-0.11430514997949703	-0.044766302051057874	-0.04267483338815656	0.017542708015383306	0.004584800299836892	-0.060874580212630695	-0.025096962853145707	0.08372765316387673	0.06197822525586436	-0.08191890489323775	-0.0030317160097272007
-0.12012152592234934	0.07167385706463314	-0.06810790469205838	0.0602579179974555	-0.06454007563318995	0.14717807306173447	-0.04212840712435789	-0.043987830988717926	0.037279789658633	0.0015974289816393372	-0.052620478551965395	-0.006119564129668971	-0.030854209001150365	-0.1037065670200978	0.034990092893990174	0.057966038028297445	-0.029708974212315026	0.060050151736303	-0.07826393121797545	-0.019804501042881756	-0.13800520313350514	-0.04927572980655594	0.004161255573972511	0.09959529572212347	0.005014176133320992	0.017503793775185433	-0.09157044740282028	-0.04739921618144842	-0.09860950273914129	-0.13717034634144654	-0.07613025099210617	0.058439957652692956	0.059701517292432456	-0.11273326458049877	-0.023246154745351674
-0.11432327412231728	0.06489066598434154	-0.040214034677174326	0.1032431527998004	-0.026464813437101803	0.1252530026334061	-0.05303575502759464	-0.11535494514097733	0.07968773741847777	0.10630242745992124	0.08607437340536189	-0.06152673945964643	-0.00036829556652470674	-0.13067810201711477	-0.006488176400313891	0.020651011170123607	0.009857161549301573	0.006456005395996228	-0.048679109012090035	-0.0037171571792163037	-0.09644131375102949	0.03530949422103104	-0.009984238613866048	0.13494013127568244	0.07501533157940515	0.005951773842024666	-0.0009163690902244271	-0.016228341488415732	-0.11135373679457485	0.01943063548119317	-0.11538035825923915	-0.07217349085859431	0.06087999237095672	-0.09913345807988296	0.0510827905787363
-0.11154160583859897	0.06859352622069587	-0.0671915325775637	0.08500742350489458	0.07412905106171958	-0.01327688214575204	0.020184869595390773	-0.01875140198209241	0.136790387916554	-0.035822569660634684	0.03267603486952187	0.0678566903107066	0.0059393174838691404	-0.1767213919527686	0.01295701508992192	0.049951255744990486	0.023631891409262223	0.025280278159950598	0.12579408891452792	0.021382253120055986	-0.09766835304988736	-0.07554048693430122	0.03731784160028077	0.11913157538785543	0.04096809022667087	-0.009587931828110532	0.0346072741896121	0.028460861427730175	-0.08920655269697605	0.014552817517376554	0.052898148119681174	0.08513101780961635	-0.008746888985549928	-0.17589797503017443	-0.01814802683032982
-0.11212765481442526	0.05465588169802805	-0.122676996977286	0.015712080572259327	0.00717246589049509	0.07204477703474763	-0.032475727522355974	0.10481567446481758	0.0607509331315204	-0.07096761257111572	-0.026722115390756696	0.059566658468033495	-0.10037417469693953	-0.038523798833889566	-0.04219002352003645	0.0004578387871705669	-0.013632697624707202	0.10685740179206124	0.09215092325795798	-0.038136679416008165	-0.06082471851029793	0.07913278184900313	0.0805407414345107	0.060679396105849465	0.048222560123086365	-0.08972509094472497	-0.04380030095807045	0.015606466911121636	-0.04255034333340268	0.02987678416111914	-0.0665467644597765	-0.13273004336882444	-0.007271630200485803	-0.11979441876593351	-0.0033635175487921496
-0.10569647509822186	0.05194788924518838	-0.07330943477020825	0.0045258122285061824	-0.09024503631123168	0.13675444767182332	-0.04427089244618215	-0.031119889913715504	-0.004192301071381181	0.05536221871686456	0.0003538081623504774	-0.05104326101300638	-0.09073456524401029	-0.05264346927134548	-0.023445565735823265	0.0020742456625557626	0.028107050565788938	0.08192711165736091	0.009437972731842239	-0.009461241297743265	0.01165827468853635	-0.06245248020818552	0.0780591129519475	0.042068802435452995	0.009381523405319843	0.07316595957827565	-0.016741074149722812	-0.12698273409970598	0.026166725047276095	0.11440935552109804	0.011766323654602779	0.01629029151483336	-0.011987387430537795	0.01545774787685363	-0.019055205974951993
-0.10312979950651165	0.026242133167782865	-0.05588277557980696	0.04474445409947072	-0.036059175994601816	0.07791441496025969	0.005799794035572348	-0.11678165869457605	0.08826712378266696	0.09300223580749079	0.021309104552365038	-0.030759289933624867	-0.048216640032705246	-0.07254800183589294	-0.03991222376441411	0.05731602718565931	0.01556225641068859	0.11615264138407802	0.1038889813852748	0.0415546811918346	-0.01782185193531383	0.07726255038922461	-0.014895417185271771	-0.08129000921457036	-0.06258967978377138	0.029579125523731223	-0.03747750214690592	-0.10719598146581746	-0.05937833656082066	0.1288654272093665	-0.04211558304958267	0.0119907744636283	-0.06277868034268903	0.04515953089821997	0.05290075650259949
-0.10905393617067433	0.0336395126498037	-0.08816508997366077	0.04439752049724928	-0.014830676984716185	-0.018651014229664337	0.017832460255943816	-0.07856811032864161	0.10511777023830574	-0.003334646201228725	-0.011346774485329059	0.07276516097038127	-0.06451280208822767	-0.0626782107514113	-0.011908775575599773	0.07120466921763421	0.057858104328680104	0.16655009883326816	0.01269915182823915	-0.11510340225229627	-0.12214455331364565	0.004504074932313397	0.019793680941843445	-0.04590458904715347	-0.07913821732532167	-0.07550602483880589	-0.06984161466173337	-0.12479571320822586	0.09260082787876688	0.06695675393739703	0.13100593311908826	0.013984481977028031	0.0384088328225434	0.01148162849826143	0.0053887483005598605
-0.10304041275051642	0.02925756328447365	-0.04659238437581447	0.03881029225099594	-0.013075019424293788	-0.07689906635817143	-0.03126985892896758	0.00044759971542632226	0.04645727277117764	0.02355630933046164	0.0722674597997317	-0.02821375894235134	-0.06228030938387094	0.016188604933639467	0.004723694615215657	0.026723468159490414	0.06925441775956484	0.17025127052500635	-0.040215335463109396	-0.05728593472686142	0.066506373943564	0.05894336420498083	0.06490844822419298	0.0182186839526301	-0.065000456660499	0.10525492130827466	-0.08533764545144135	-0.07580156551671682	0.005726377079778032	0.24479619847089137	0.14849725408595763	0.07709932569743774	0.02549429616863408	-0.14511112318459432	0.02719221610072336
-0.09961480782420003	0.02311835116457993	-0.044769460318966454	0.031190186814552108	0.044319493299163515	0.04984027733466703	-0.0896875523173514	0.08087578492931571	0.022867973537895693	0.029363425738421392	0.03452884929071437	0.004827809192526705	-0.07464781222237069	0.005278924999594398	-0.04921679144014285	-0.01603149014591304	0.08475342085365081	0.15429556751499685	0.03349549027473849	-0.09751659761267141	0.06623644961378312	0.19945532512299505	0.04931451555821385	-0.03179058986711947	-0.06172290388361344	-0.05167376698844524	-0.05081475935368117	-0.04304676349021947	0.0014654101945486414	0.0849048986918949	-0.004574012348004424	-0.036688057535720596	0.0011367622821803341	0.02799120605695988	-0.042898869752789365
-0.10251655246533532	0.011063711170381841	-0.08762464186084125	-0.011959652018542355	0.05746061412953073	0.14086305481762137	-0.0275130519409127	-0.05119219439176151	0.0332715682526146	-0.03245870808729185	-0.02139833087519455	-0.006434571348554248	-0.043059568762120304	0.04701375992820428	-0.03192846622326591	-0.012221255658157654	0.08877698679126778	0.18753515307372445	-0.16526671586592245	-0.08413976916079939	0.12057745425593559	0.12019871723095196	0.06237769342993171	0.04069369727548297	-0.08348996937461939	0.08948856260201461	0.04043599953257362	0.012204361563749225	0.09371709433497473	0.060074317207810424	0.015090592854269932	0.05906583110124355	0.03690868979061421	0.0359262638427956	0.09802384585446552
-0.10328580723249355	0.010695705529399854	-0.06757252072251714	-0.010774483016876293	-0.03327529832087643	0.0037740094533241786	-0.03298650133480974	-0.14848681337421904	-0.03573273937922444	0.009638964775213147	0.014058905509989894	-0.04340756940194601	-0.03317870164758019	0.02469081972475931	-0.06014976362483021	-0.0006126900594565221	0.08972169839358271	0.2049316873027784	-0.024522096535013093	-0.01686976660420251	0.15307004702317012	0.2248775646489403	0.05600531996282415	-0.011792068305903153	-0.08485047386966127	0.06415093193480098	0.048521992198856646	0.009590703817791073	0.03289059542103502	-0.08708051336270527	0.007958057562996675	0.005291647394048006	0.0375207680803854	0.015929470121449924	0.07157072731408783
-0.10099403040608286	0.031967240253683575	-0.03767039648939426	0.03248197917866922	0.057984635356421545	-0.08457667103295996	0.003021941898656455	-0.028906516326634928	0.0369998641246268	-0.0057181703985701715	0.022730042290529242	-0.02736903605207676	-0.022553558441790536	-0.060892300966606305	-0.007824312643826076	-0.010108772688963263	0.0727197828623041	0.09315201788456245	-0.000522723071365569	-0.0069553452098344085	0.1719578607261076	0.027519933427873608	0.1124338654068345	0.020556707192217583	-0.007722802136387385	0.09952747911614776	0.04369559912871736	-0.10136468377534813	0.03710787697276405	-0.1365905686787853	0.03532298508515605	0.012788300812172852	-0.019474696325778793	-0.04470921224878925	0.029576699861827045
-0.10562445076078748	0.025814366456276702	-0.07450129257712416	0.004159552178028104	0.05607389823974295	-0.0057277666046117726	-0.02578155817306288	0.09160246911970593	0.0020772903356579275	-0.07346946140455643	0.009111414081325486	-0.00691223038634689	-0.048210130736803025	0.049073503885496056	-0.029140578455723987	-0.020066836443053293	0.06886880375333485	0.1341001275455139	0.014916249022336875	-0.007819964438588775	0.027070007470915605	0.15817488677629096	0.11099106693466718	0.004061853407468639	-0.041026132700376645	0.05317666640550518	-0.022445323787155712	0.04131222508350596	0.013486557657889156	-0.029786672697072608	-0.1570618968592275	-0.03143117775305794	-0.0462250898526845	0.16003672336745503	-0.012524036516832943
-0.09307163355461655	0.02118737753828562	-0.014948596088720562	-0.010558444581244053	-0.06801306461246659	0.07420911822672699	-0.08974583188582413	0.08628053552003324	-0.051659645424714906	-0.005618907749804194	0.04502819478695787	-0.028239134783688807	0.05645874358138476	-0.00029815347410860893	-0.02155480159812187	-0.04960605497059892	0.046505809568969936	0.05346211056823033	0.11804906580720992	-0.005296887156745891	0.018830952270987363	-0.027844972455703224	0.12406037111168386	-0.04703948405211511	0.00740032787318757	-0.049049246634306626	0.04131291724534948	-0.053124358293292685	-0.02759302144823035	0.045057382517920186	0.03592621915658694	-0.14039362970606437	0.008310655627315089	0.013908961495492627	-0.113422099620906
-0.09040064143677481	0.013874828809668336	0.009023683982489464	0.00044074181477956513	-0.03264559593933066	0.13266696706428172	-0.008124289760274808	-0.0155148158345571	-0.0015217098701142406	0.025464209207267524	0.0026796807958719415	0.020421008459861015	0.1832039786186404	-0.08524927739317238	0.049076299605502915	-0.017410147810720894	0.09266771505669236	0.05183215624837337	0.017794418930691253	0.023974694125753586	0.07634504549298295	-0.05737719305774051	0.020412453792350495	-0.0429944796394293	-0.029899676372753866	0.0920621385477636	0.05258186115849253	-0.05334184915132781	-0.02794016786757863	0.09561220996960645	-0.0998313925307383	-0.08323356300489605	-0.01808064553462227	0.039253835197378774	0.009183347580892766
-0.10340633075059107	0.018717144103520718	0.021814378022084153	0.012479189082744566	-0.08016053728576869	-0.02175292026965325	0.07963303488191986	-0.03705544410178973	-0.005220065204445401	0.008681358088712086	-0.08659150930563142	0.0333995932640114	0.23605340550648138	0.027492656248855663	0.06522958260491632	0.02473930843253925	0.048501835351654976	0.07529661574806223	0.10055868585427921	-0.01700014991729848	-0.06054421102609736	0.019747686990653768	-0.003614481803265429	-0.13701806602036057	-0.13815481237936378	-0.03140348132957835	0.012106041162123228	0.09179309433312324	-0.06872007291951585	-0.10201183185990528	0.1018460587302218	-0.069254049392308	-0.06935250022139923	-0.0772411953022056	0.009856847940384222
-0.09824925483993803	0.006879993928967762	0.051673995164433294	0.06079801042358921	-0.07264735265731692	-0.069703809903829	-0.027887209827291714	0.0481676536290073	0.009900813811212994	0.09313223044521962	0.02495147681765969	-0.057704114133296514	0.2121723849092057	0.040528237944432055	0.08575174345072084	-0.031635906034737704	0.0032082315462783825	0.08710605859242831	-0.005889114993291117	0.04468895406359304	0.030500464056410832	-0.04494026195595985	0.0043048629440785025	-0.08986757359432238	-0.036005302161201666	0.10993520235436735	-0.014134823128409846	0.05165010950913837	-0.0787556812059523	0.04631178199035896	0.09716029096421128	-0.11349612908143258	-0.004044729257097604	-0.17366921577364208	-0.026390502170600395
-0.09526756234172742	-0.006612685888361663	0.0651779566520342	0.07135945684888668	0.028607709712336605	0.03850017391895625	-0.0632718994085409	0.11973160762615902	-0.018305687743596213	0.058114780219584806	0.02113328115858082	0.025367770075064522	0.21899180803948237	-0.001258176538110778	0.03453562886302109	-0.01452794603041577	-0.009395112003569017	0.06485937753433788	0.18035027565125022	0.01582194821318486	0.018081414401838664	0.017593986991195618	-0.08620033068835813	-0.12500994402060112	-0.039340953828119606	0.0003974550446500247	-0.09800919501622046	0.0595104660979338	0.0020592913763276544	-0.007934692918030548	-0.11248567842290011	-0.1213119266547746	-0.08269181016251717	0.009822744911260204	-0.12866215115112412
-0.08797866040147466	0.004610688805414871	0.12201867203704167	0.03080581963244102	-0.0029599643634211368	0.10187174168152371	-0.006200350454098238	0.027787464419579695	-0.1162597009889657	-0.008940657421473552	-0.092845461646668	0.04086902136781567	0.22308565995510793	-0.012087752476736935	0.05315695825355732	-0.0895662316073253	-0.03682343120211802	0.08357225725694822	0.07151752508807285	-0.07153737260460458	0.030624176551902603	-0.134174138901535	-0.014181271280831242	-0.12077512469113501	-0.005392628309184924	0.05835296153913208	-0.029631834432206332	0.023433677887322507	0.018622100164735172	0.05901000200627626	0.030315993574528997	0.07674207651555616	-0.08582055541488143	-0.133996300331601	0.031035709667207194
-0.08740808387086757	0.010566135806652728	0.11078491161795256	0.03635885417747162	-0.015354212244457061	0.007085476046923853	0.06734140949928485	-0.08722185708140387	-0.07411964133401928	0.015431587614630335	-0.0773014650294563	-0.010763348059099835	0.16906393876673867	0.01679090988323892	0.015120309888751904	-0.04129094067978148	-0.06941697649360018	0.024605549281184823	0.09794528473592518	0.07639996950831782	-0.013545787712877233	0.08498690296859945	0.07558759419095328	-0.14091836303238967	-0.08358079658202307	0.004065747230361377	0.06985315256506142	0.05725162792398936	-0.07742081050977533	0.0316365600831455	-0.008616699237965667	0.026186058632163802	0.003003141589721468	-0.039066642893862115	0.05885554928988648
-0.08878534937105091	0.006506373769242822	0.09461639983937915	0.0629076675555718	0.011875019159583416	-0.051541060750904165	4.177371492618204e-05	0.08951291201986944	-0.02925839091871693	0.07757591076181407	-0.08651706168836379	0.005280904121210458	0.0854391653420021	0.06488362248104451	0.05665331934037586	-0.05522931295317575	-0.08192844174489625	-0.06057963056812482	0.0710838625930435	0.0652823967296402	0.006240623929602393	0.09594009923788492	0.19727812876455375	0.0046391332221556725	-0.014099513966150362	0.02372381365524051	-0.06944569513011709	0.12034736009088481	0.08338951811079023	-0.06037044447451191	0.05369345953577227	-0.0004729493886785974	-0.013865194607456943	-0.025380182774549568	0.09798925530507038
-0.08667961442785883	0.0017649517765344143	0.09335640114391404	0.045421928894737486	-0.038652970384112265	0.07914707087147366	0.02387326743746116	-0.0489661009886733	-0.07257283899411643	0.12172529974318524	-0.13714593533789943	-0.006222610039663392	0.07941113867452303	0.05397149463035358	0.022274515694069238	-0.024753407984721542	-0.07391698760051896	-0.05532939316050234	-0.03389748499687581	0.06403766808281044	0.08090834625439697	-0.0050636501492681285	0.13026104867140278	0.03437320543695915	0.04916515122522433	-0.074718193935086	0.04603695069968736	0.10196960852971386	0.0690445629374146	0.025923978761893035	-0.04408912380894854	0.10355115973713437	-0.07675401917702555	0.09177211343135132	0.14174474317252916
-0.09668941224329929	-0.005278604017884143	0.048924768665098185	0.08032263006322567	0.004729684650081067	-0.07713375065954406	0.024709218085280336	-0.03452397752044319	-0.006059725508269563	0.09780842400224282	-0.10368258647401071	0.007548161064389269	0.05266217747449536	0.09125477356405436	0.08728482913623538	0.04511155643809517	-0.04640514651504679	0.05172454127610515	-0.0857784083826102	0.0568620031587439	-0.03184876965384664	0.004659501578764436	0.1785323523227198	-0.06018552387620897	0.01870611213490104	-0.13516426079636013	-0.033321319915200334	0.0968627625247864	0.18652313932713505	-0.13013073420979587	0.09601103046767237	0.0712281748893636	-0.1450943034343133	-0.004537947989261645	0.12227153000511691
-0.09441532887204104	0.013621395737473918	0.08677445949164889	0.09554608480943946	0.024320627953647648	-0.01706230123518312	-0.10161196354635577	0.03170830204668827	-0.10664095667026803	0.11620698602517582	-0.012026620172691231	-0.06494351493834598	0.038784844464836016	0.1273060731451354	-0.020590143365143893	0.05325621387495184	-0.07070156896045449	0.003025242755808455	0.02290377071184968	0.07959056896472953	-0.02406073070689892	0.07191906697788626	0.012283557978047449	-0.049616981714249386	0.20679509216685685	-0.12904461971812237	-0.10153129891734938	0.053627884242111304	0.177764162097319	-0.006628907945372298	0.03359769401087475	0.13537701652397585	0.09231471381595775	0.06328964099433038	-0.0011805392556520772
-0.09548805238464554	0.012531144564789992	0.09139772449911293	0.11060267917201042	0.13147210105029253	0.09366740997552993	-0.058759822895046776	-0.10742407595844616	-0.10926507533092973	0.05385119064617231	0.005041921792839217	-0.014654906965480833	0.04569084195790454	-0.04406562563085602	-0.037327905454962784	0.0666487131481336	-0.05966266439265652	0.040607123127678973	-0.0302167212154536	0.02680656165564775	0.051455565058625974	-0.10008528999161448	-0.05070061948633127	0.003163488374329837	0.16073487601757983	-0.013356675076105863	0.004380003866203158	-0.013676934856885564	0.12483363500985017	0.020026378544639015	-0.08652886016717648	0.05607606807765435	0.02532410446009012	0.14486745930648348	0.06252099068585248
-0.10467441002053628	0.025019452438561286	0.034752832628475824	0.09818944681629034	0.14720418113961556	-0.0482601738890932	0.023888583898257956	-0.10403078124331973	-0.05478947989750759	-0.08345288479455384	-0.02533732304757391	0.07293082954397068	0.020270293118209475	-0.011771187948090732	-0.033304694253829904	0.057117198788487575	-0.15757799126588706	0.0817135796020149	-0.07934468002777378	0.0804440245682368	-0.1429049643496007	-0.0685992912121354	0.0416656077547192	-0.07046402068115619	0.13778354636421156	-0.14536566416520863	0.046006083154597914	-0.08742003872519208	0.010618932002002007	-0.17666759919127004	0.14530735604767775	-0.11253103304160435	0.12303850227581678	0.05474540778342241	0.005429187994276774
-0.09978780791357501	0.062064685693775185	0.07315905228065732	0.10045566603607241	0.06258810286720433	-0.10455667076394724	-0.0731172569407746	0.015033613833984296	-0.07758849842326702	0.033322595203486904	-0.02800215772802266	-0.0190814182502107	0.007951618265916973	-0.011951113677081151	-0.003537714337900606	0.0005068248780495527	-0.14997428952188863	-0.00698357125340681	0.0012061333952272171	0.14874039804162492	0.09129613393481724	-0.045974298681751194	-0.01371758136521759	0.03633876181007124	0.06369271302076916	0.08617431035256418	-0.024111910352639897	-0.120590424076152	-0.09993389070903998	-0.044476191845438495	0.13562191584511019	-0.05456096725614051	0.1370325865458582	0.02936497344331888	0.08547756126164899
-0.10322305771401108	0.05119029813559665	0.041468770447107936	0.09258713549106244	0.1183414256907819	0.013105413900880967	0.02272078722212247	0.08873562092899039	-0.03164528135506963	-0.0009794817931723008	-0.026427467280070577	-0.048474717013809586	0.007593339250647331	0.07063119562275717	-0.03712136106340708	0.060895253490826876	-0.15950818801784078	0.07806331275362094	0.06114029049645353	0.017878624241026597	0.09478415635794825	0.05802317276588084	-0.13709011688686645	0.001123428204190903	0.03613378953339717	0.03549800008888906	0.053695376792943186	-0.07088666628753015	-0.08752930997902991	-0.08022344795162138	-0.13530853940650425	0.001429462012542469	-0.08742646757747728	0.10270868771030926	-0.04538212214010873
-0.10503803485722565	0.03365273663573522	-0.00783435403719937	0.04465293557041587	0.007433107555237456	-0.05541360595220225	-0.04583197992453162	0.007330376568187732	-0.07240859950404888	-0.044515328881637076	-0.07185520329796029	0.04643332001677331	-0.03281124264766085	0.024699858825107043	-0.01861016286939094	0.053563817339799535	-0.2131975281256182	0.10594473217923596	-0.16094859029984843	-0.017209242673043655	-0.03657931722923505	0.006266790578826023	-0.03231166299343366	-0.019416632337928258	0.07204540756155546	-0.0816253305196791	0.12437589311280815	-0.05039525858443556	-0.012068338591846889	-0.06050113996719274	-0.1011969175310918	-0.11258346793256488	0.008140780576851768	0.029970055099991053	-0.1491525498346367
-0.09244425477387395	0.054331989205255136	0.0845205082622211	0.07442731282818692	0.07009975214038804	-0.09129077760079593	0.026197453028832734	-0.06275973217581071	-0.06077827264719889	0.039894197059792746	-0.004876121020509023	-0.04944165752644702	-0.030463658399996308	-0.058405329814041985	-0.0476843147558009	0.02403255035148275	-0.13515551686348914	-0.05090291034037318	0.020792728087476738	-0.08686714838727741	0.00140294547001262	-0.026422497458062546	-0.024087033497733182	0.016088573700761215	0.01716065745392026	0.013855462477180273	0.08023396729813821	-0.17248205947633322	0.11745531145165544	0.04544376733649832	-0.038584935232234135	-0.04957321395761184	0.0973478313902348	0.048552761001337964	0.052296388397296056
-0.09577553371893133	0.06338960895546868	0.04285163942964509	0.04018841312848913	0.10402085090460546	-0.0810372207407879	0.09941114179068938	-0.0165628196806062	-0.03863101878484282	-0.060012681448451725	-0.07780259307954406	-0.002006601173301192	-0.0580549353519126	-0.08493695948967628	-0.08610851127298873	0.04324865995851543	-0.11733434592930143	-0.012487429117143478	0.08078334109299656	-0.08181664126195277	0.09832100914067586	-0.10492978640608193	0.008946480940656407	0.10687146539579835	0.041347901177122656	0.01702974387479699	0.0517233894874171	-0.16702876741378145	0.02790083139255868	0.026661513589201807	-0.06962796441465001	-0.027008040113045716	0.003885243776819619	0.02738621752465934	0.03267402593920823
-0.09625425895989259	0.04029249652013293	0.0003796615809077836	-0.009369258906967451	0.05221123044403057	-0.09044482045063452	0.10812557934549905	0.05530473312904164	-0.04750161667378114	-0.09860449364638321	-0.06435135762965664	-0.03192361191863359	-0.0115598342876653	0.02607581082026719	-0.055686547237520236	0.07172802519720908	-0.06127296810287465	-0.02278039086817582	0.03352957310291879	0.05160298763753995	0.14051450820964212	-0.1085873907208027	0.10278273606954538	0.11605044186448593	-0.02311639959321369	0.03131960087726157	0.04080767486311032	-0.11869253594072056	-0.021591631417933466	0.06749800544160114	-0.07038385027653102	-0.15702260603016643	-0.13520901300401106	-0.01663862811792797	-0.027232690501381555
-0.0888079288315408	0.023302080197666223	-0.0022990835592700543	-0.039329709833814126	-0.09022109762461632	-0.10663370912659699	0.049540093527670664	0.09009129524829758	-0.059055907610893195	-0.01804370742007259	-0.1371625806595911	0.011841972199660928	0.012017463542561524	0.024946890103620466	0.044270769926720875	0.08045956519758941	-0.04151484640451469	-0.02009806192007672	-0.05235774097826108	0.08191155202455215	0.06975951090587953	-0.10276526514561915	0.04020178954507646	0.01504815308296846	-0.04094298032313674	-0.026552900400132896	-0.006120118210163671	-0.05523850974423635	-0.04712082916385668	0.046369252769888375	0.02179231562486887	-0.10137360385405084	-0.09295460352459647	-0.055590734602865	0.004749853319835599
-0.07731849576475418	0.03552262173537035	0.04853513067437093	-0.010277549388890483	-0.09052573558514614	-0.04658384833365225	0.016251763650599344	0.15235778360845767	-0.0369305081846766	0.040777443710133546	-0.07348833297788428	0.009370748199228925	0.03757333917924515	0.06741769284588849	0.04529845117088512	0.12379094889024525	-0.01853562902613688	-0.13097895548385768	-0.0563562755996167	0.10751557125540402	0.031065016441913423	0.04862841672487059	-0.151767265066676	-0.04061337534331153	-0.1111534899639768	0.022988002575085882	-0.0020370117147600203	-0.1194072486324204	-0.002245237490946822	0.061830754087379904	0.023949357599805866	0.01630735425621871	-0.052517162902986136	-0.04616639774454307	0.05117262928658235
-0.07974822248922964	0.015388195761406834	0.03502438330025723	-0.004716707781325317	-0.058096242508659635	0.009021132987142083	0.04038237299876256	0.1411791075430205	-0.03738149427771403	0.050897308158035726	-0.016107490869021267	-0.06496132112594159	0.01983142016339634	0.11279287135678216	0.005117595287203475	0.174367102181678	-0.03404919190562485	-0.01672000107500283	-0.037124981633462464	0.07952325936850412	0.030627123452137556	0.013446457494474845	-0.20777658901681892	-0.004302260448668922	-0.10411035132110019	-0.02653316216560997	0.01398509088651388	-0.1491892698932944	0.012751792080638404	0.012032407826519584	-0.06933660008040038	0.052979003036686664	-0.09776822002968734	-0.01887245825182117	-0.09781383312935206
-0.07607098842230724	0.011900560973106468	0.04279597901887897	-0.012631939535246042	-0.06420756302561328	-0.07321498115557033	-0.02158563241019491	0.04361803099617128	-0.12422934122021471	-0.003598439803254649	-0.02865503643299874	0.06107846304684409	-0.018533611798388496	0.06144455083625799	0.059013288528087605	0.12216747904722691	0.09644009512279116	0.02207046066326329	-0.1933960021417691	-0.032595833827749776	-0.15181892130876423	0.01131452483054856	-0.03460590315589357	-0.014916463776985876	-0.14842263861062444	-0.07907120902512257	-0.0006123258841641763	-0.050509051471628146	0.008084604322792115	0.03115639577964273	-0.0955903592877254	0.20828705401348563	0.0016033253170827932	-0.05338295978045246	-0.07799425547700639
-0.07383489817770386	0.021015370315764708	0.098079585149763	0.06196286985546858	0.05631709361236179	-0.013779120673456734	-0.01502745863050518	0.10276574629282366	-0.04883958535704312	0.09166011760927809	0.051891497628337384	0.052540789995306515	0.02612676654283978	0.03531422055928569	-0.038709417131348386	0.05460284344320685	0.10607817542858224	-0.20728511097722405	-0.044551871689520205	0.0069645857549967905	-0.06988259864816328	0.10328008741057014	-0.005642273010238501	0.073728173763737	-0.0035802416879507516	-0.04443159408653251	-0.028837940513709234	-0.026763505370395374	0.0705058152787367	0.02889995168308397	-0.017979465189966792	0.0027453905211030916	0.13618110869865416	-0.054085558588634675	0.0410608048375024
-0.06970975032034084	0.0025052520644732474	0.043076374149332484	-0.0261639070523804	0.062454039719798286	0.10080043579910744	0.10924706001709196	0.008184931367512837	-0.0519541755155524	-0.015781753025049215	-0.0996258626225647	0.09856500218035237	0.03561928336978508	0.04848628235051958	-0.03670061157290458	0.08763657594270198	0.11006935863605806	-0.05837685836200169	-0.08075236996795726	0.014470715859696573	-0.028590246112913047	0.03494601793624013	0.03163485591502558	0.14899318740651338	0.0824373462737638	-0.026224986870801128	0.05261886153587717	0.07134224592420708	0.12833221954944507	0.09403377877565786	-0.03687859199899078	0.07952717976873777	-0.00019396523048142988	-0.09694866298709753	0.006897009323208931
-0.05830696006490464	-0.0026496171915650836	0.06038973095955138	-0.029928098152295753	-0.09901493398609246	-0.05566991600522166	0.08890456974894721	-0.05709387091165014	-0.08662812048486311	0.06249865177066489	-0.004888001645832986	0.0018801472329013098	0.023773309226909543	0.10092739834695968	-0.09085542566707056	0.033128048756367566	0.0840585184440079	-0.043942498693253805	0.007573702560461765	-0.007893954632425395	-0.008598295094057642	0.051243643649389464	0.04372035355247431	0.12908547476413887	0.07616545649075349	-0.07416506536253817	0.12326410053734474	0.041101990354023864	0.006193457946769272	-0.05226884484144893	0.022461965496805004	-0.04895250117324503	0.037679341172800404	-0.09480808189303011	-0.04323401049719167
-0.05571684646985814	-0.02308947117718766	0.05674454676925167	0.01296779389403181	0.044466804228336994	-0.028489383022299912	0.042925510949429035	0.11627857782147748	0.01107216125192428	0.09359578855852445	0.024394756201314455	0.036572832625897576	0.03686720520179809	0.08119703795973765	-0.04134338836525681	-0.020364162290194446	0.14649588666329688	-0.08634860653083544	-0.007600014243513007	-0.006110581004507051	0.013986050941564493	0.12749566551107455	0.021577656793619983	0.10944742697281153	-0.026890240225518544	0.031528421855058296	-0.01744121480199235	0.03113234622167224	-0.011941222921539575	-0.11820939529443895	-0.07412362023799297	0.08946295470661365	0.016235546031862787	0.0664440114699546	-0.04587270270722612
-0.04767981760409835	-0.01541630117239757	0.06629196402421869	-0.0479506663538059	-0.02724311471052225	0.08313599961849094	0.04925441106092552	0.038711205857693685	-0.04842770485313427	0.04197749215700526	-0.09765180252987415	0.0885015668076115	0.05314450163429424	0.02130601687816092	-0.0549791282463231	-0.0443917220845926	0.11147398805876443	-0.061450340652936725	-0.09725609635399972	-0.12153774427582648	0.13267824412741608	-0.003539632550917002	-0.08595600297282155	0.15155161304946013	0.011625846807390587	0.04356453964932537	0.0872405191325119	0.026553052669161484	-0.006873497011821786	-0.09514883609207081	0.004403251688747896	0.12194195674236552	0.0878588692490105	-0.06288604836457264	0.051690491346873105
-0.05855949163505115	-0.02135484730490719	0.03501011811920374	-0.050578969237730365	-0.043091514162424856	-0.0033796556317717964	0.14979663910647062	-0.04951593645552833	-0.015238408282830528	0.0019612505242602384	0.006753929880525112	-0.008202246176975053	0.04103212159716717	0.09902342702784896	-0.08955077706394668	0.02887988025929049	0.023260706830548008	-0.05703099347241632	0.027204879225074398	-0.04072277818001868	0.04766897202005855	0.07911734463544604	-0.12925867717948203	0.10457852011255639	-0.06164668290335852	-0.036516359132969564	0.08858747238962683	0.05988156685560697	-0.05794850102313524	-0.13201068210730738	-0.0343137788547057	0.08069153068117307	-0.002804450524984823	-0.014178733108740089	-0.11536998227138476
-0.057662954048352096	-0.029131892467214954	0.0414049548655278	-0.06502497305730558	-0.0746977404181905	-0.0920454919681017	0.006668231496665389	-0.091357720725471	-0.13755039837479113	0.0032308741341003774	0.02664739956432163	0.041644209333073764	-0.014370228107012516	0.014063814662745337	-0.08488939473778033	0.03739432387094121	-0.011230261392894894	-0.01673737224857598	-0.051536530562273634	-0.09268342099623444	-0.05174735196612081	0.02099370789554649	-0.026436488159078828	0.05988542056970464	0.011748863536524792	-0.04449894604859218	-0.06861012464893197	0.07052763288135198	-0.10700580939847121	-0.052513914790664494	-0.12030390088060425	0.0438623371198963	-0.00481668844490539	-0.042263292541290735	0.016898769860557605
-0.04621467738813874	-0.027289509330696918	0.123921531592656	0.054754753997687734	0.10767477045136636	-0.023733341729827304	-0.029054207245484586	0.03305035923428618	-0.036022078011515316	0.09602470704051419	0.10907073003008955	0.06092952797037757	0.022796921752718715	-0.09220582152406877	-0.0584176240441894	-0.036168864667788604	0.04302843725472508	-0.18766412902701382	0.01435738479367258	-0.07726335635439767	-0.03866219871235547	0.041124349069007526	0.05083784656126607	0.09468372150222618	-0.01064046113913335	0.03894417918858914	-0.01797815250098528	0.003153893640024337	-0.03397918952690284	-0.06774281347548369	-0.021372120475806097	-0.16339930745011377	0.08792094162636567	0.02251657985930129	0.03048864406089717
-0.04860887153421736	-0.04272654593483202	0.05457754055178595	0.009321351360894608	0.1533562197131821	0.0186242598124291	0.12922084802279776	0.06642159176121767	0.03438384310894917	-0.01738454342928838	0.02687679715998361	0.08113889081068335	0.07881144709102998	0.01574075259159042	0.01233738575058559	0.034340056050044254	0.05356724450468224	0.014003313038573908	0.08471639375554756	-0.014264732441522966	-0.11356980782618174	0.007977731626685566	0.03505057666438817	0.14878609794419637	0.020331942647121584	0.10263878921035793	0.04232935926603245	0.05533500212496307	-0.16469531426412326	0.006636587761931101	0.09755337575730612	0.028260876640302746	0.011638024978996894	0.1350075490522885	-0.12781118462998328
-0.05240352705041953	-0.007671407589917584	0.03515450031601645	-0.08003697055760943	-0.04849426311061597	0.063083281173827	0.05860605837590144	0.015035271067090824	-0.09806838534449246	-0.03935814801541756	-0.059975123494380826	0.12650232023087069	0.04361735276630093	-0.005048931330917644	-0.044523684621500505	-0.005172720165891592	0.03871691386640696	-0.05719464581342064	0.0012771467730194551	-0.022425974943280507	0.05712718529411346	-0.04390324307269693	-0.06362780091523708	0.1411825497555381	0.03904986475376458	0.03757486219743143	0.0523528817701935	-0.02661015937641909	-0.17655418950492816	0.07590384058962588	0.05663149268033946	-0.04587781447113043	0.10731725195663266	0.06518293621866103	0.06954050786219247
-0.05545201636272352	-0.008762275328295488	0.021656254678297675	-0.06020851436297481	-0.015015135681256321	-0.06675646812244616	0.15497294708437576	-0.0024375887447323757	-0.016650923545092563	0.006537522422165314	0.024775979138235746	0.01266703919507954	-0.0313813545353262	0.018194391111441048	-0.051778583427138244	0.07017610733977778	0.027138766494367292	-0.05312847043381997	-0.0022405759074469317	-0.05347321635786903	0.015482963026865864	-0.03488958325765034	-0.04513967234990438	0.0312632808086844	-0.08514016360869626	-0.06496182525172195	0.03239047858174177	-0.06830442808309192	0.02020818394144011	-0.0009623853243336568	0.08059525061590125	-0.03494209046410533	-0.1442637013558156	0.019822960938995045	-0.035980123354772714
-0.0618926414355807	-0.0428168785890594	-0.03128401982237549	-0.08931804769765563	-0.04607454548614337	-0.1204304672250958	0.02922730299923416	0.011406059449045798	-0.06529143610718359	-0.0674114544125138	0.009309745768522757	0.07186993316047846	-0.07633672243479132	0.046896252791285516	0.04986086721709897	0.0015085082735571717	0.03401792811107903	0.03917687361036997	-0.17616521593290335	-0.013430326434015621	-0.09397919668430799	-0.064963474349464	0.08488148384429227	-0.08329135310036583	-0.12240950598484446	-0.03593891329715623	-0.054282852725808836	0.009149439442970374	0.006180185193222483	0.07121652565711833	-0.05072432400593412	-0.07561360460646631	-0.005367411105055625	0.05337959588331261	0.027351278627603504
-0.05015255319789347	-0.040708056855122465	0.04503243732532691	-0.02033237567131319	-0.03756996609419074	-0.0714353678489145	0.006087739234961948	0.102294645538158	-0.029024623335946468	0.06129436564933322	0.13235347626860625	-0.008552794663399562	-0.0016946668474392777	0.03748107999935354	0.028486054064046598	-0.035637047061072596	0.04733940787069651	-0.12031853597649182	-0.0949657844007121	0.06505635689323488	-0.020909023733586538	0.046851044228687015	-0.033586645628028655	-0.011128020995304366	-0.08190322493508838	0.10238061321499274	-0.0836379724594685	-0.01689287142527647	-0.0732253933524413	0.089128033826289	0.11686214624871857	-0.12087981887991037	0.07679901836125047	0.063253425721486	0.03455750414158848
-0.05183887336907236	-0.06391303262643136	0.017642764876758796	-0.03753912090897713	0.026655100449673525	0.13164802314699572	0.06097001156768931	0.11844703617653292	0.010234709661349756	0.01961484180938263	0.06904370181925927	0.022283386252960415	0.03203300426661442	0.060959855747150404	0.04947092088074998	-0.030851648961811008	0.06293635500672386	-0.01869767284689388	-0.021860828044213666	-0.10988510358437209	0.05666762202856177	-0.09984130405510128	-0.10832673365558186	-0.05855106622211975	-0.14510682800838326	0.006514838076488533	-0.05386573506155425	0.05511658834677569	-0.08471948712388905	-0.05950393549882142	0.03433197580674441	-0.038845680821736714	-0.07222519070504275	0.020529548772396565	-0.019212925368540752
-0.0530746686972996	-0.05680888278401389	0.0022802715856609884	-0.10207475337313365	-0.10776880906165472	0.09385378883073443	0.019759168845543955	-0.008412958502706748	-0.08199541829317554	-0.04063445984875434	0.02231113249181701	0.09119948430022393	0.05598097854404547	0.03491707137952896	0.0531168647983173	-0.03412233739452827	0.07202577131808405	0.03430593080390146	-0.03428097972591958	-0.03677042483786622	-0.019724439655995726	-0.09243091601463198	-0.09300581370854928	0.05795640874870458	0.021103159367703378	0.12766112059419174	-0.07377316285338456	-0.017534309892339187	-0.07499394603910152	-0.047891625564663594	0.020070885374090058	0.08590091364096449	-0.0024605898970994633	0.044091482984464046	0.01625781551064237
-0.050205661873431603	-0.05234967436924399	0.042220436557714486	-0.022180094833523206	-0.059264214914519955	0.05599666079266386	0.03834835674437384	-0.09421209027126619	-0.008973752341836281	0.03171600325815295	0.1331582884322513	0.06909678329356177	0.044761891608594936	0.009942936614012425	-0.0005971878917691732	-0.0178513239071476	0.05606928561841176	-0.10971591555516919	-0.04092657457709602	0.06279694618808021	-0.08983977712241299	0.07156133013195676	-0.07032716179969849	-0.010015206133635865	0.03339744870683933	0.061684630539411124	-0.000865571823311968	-0.0430449136923995	-0.07407075706541223	0.058141034207177436	-0.02435689100853033	-0.07986943047017042	-0.027292926253194003	0.033259335790758744	0.08226874382191961
-0.05204236610223688	-0.06366335266223312	-0.013048133058042637	-0.02241572399638886	0.05014685048559451	-0.012493741824329923	0.1091936024912964	-0.04658617183799548	0.08554368228173288	0.020689821815953767	0.05756306810610216	0.08433896291513382	-0.020154154622609055	0.0480568568164224	0.006418162588889337	0.04923036175638602	0.09871567180006198	0.00024242043728338238	0.05979101226033018	-0.06617665512237966	-0.1743682793355381	-0.06991634679190076	0.0756377691824477	0.022199903873291495	-0.012679976263606473	-0.11262834455381819	-0.04668216229365712	-0.034505859884553694	0.1139932599817273	0.05117418056991914	0.08829282611593611	-0.006952058969119289	-0.005762354823168156	0.14471729648918286	-0.015371572800159902
-0.050828638256929584	-0.043094532462484514	0.00949785584165731	-0.05426175087665692	-0.09052095340219932	-0.040161961142921455	0.031014057560963725	-0.07186918818779084	-0.02929114418488199	0.04899564473976665	0.02277983771886939	0.09054919401673245	-0.03128072832660769	0.023980282959799842	-0.044310496321585374	0.01367687124783055	0.10143164243818505	-0.00857692174210491	0.07820619106206651	-0.09059905901194956	-0.029703798287080425	-0.010055165600701521	-0.03031227848121615	0.08671584586881229	0.05439662386755666	-0.06938593378447151	-0.1727385478935914	0.04014732583292657	0.007809465037012214	0.1561135909394199	0.04483353744286171	-0.07408784497340844	0.07501354036531278	0.049445025481467744	0.0472707018437101
-0.05189036308747152	-0.03423702697692529	0.02764869566868154	-0.0299972179033663	0.031200697127730055	-0.027719363284796697	0.10949284552482672	-0.052015982450712525	0.021857007940663954	-0.0086490106918989	0.0700544305968251	0.10213096369596875	0.004515060307536024	-0.008819827521727974	-0.03027913989929434	0.039172392085685674	0.07346515499081517	-0.10650001166850499	0.0828140961098372	-0.09097280146686883	-0.11670541568487774	0.015344455730572776	-0.07652499439927561	-0.01611998686674816	0.051640412109598806	-0.05127339293197628	0.003989386996016652	-0.1125304444807386	0.14099804732191518	0.06857746816033136	0.09862184469291033	0.04231922208445832	0.004757108190236746	0.030190642556850996	-0.0031723781146022322
-0.05097020289853808	-0.04936481036981982	-0.02159864397278278	-0.08202818628930253	0.015167823372392156	-0.057730164834946626	0.14525398493809907	0.01498185145214369	0.01262347821122843	-0.07290940163021803	0.07094537496933963	0.013888824113733655	-0.03912348527951126	0.07869521574256308	0.017196167875307058	0.030410492004736337	0.037412314333154374	-0.011306404452895134	0.033523061354071106	-0.11063515795473036	0.008341052614651612	-0.08287426182828392	0.08401059026001377	0.0666887865128173	0.012799069519518536	-0.037168521939446184	0.030498448359941834	-0.03592222169889908	0.03136627869273455	0.12328405045365556	-0.04114577499978049	0.015147708121825268	-0.03790247314739686	0.10825496051163755	-0.034061095223442854
-0.044500597070775055	-0.0585715215569954	-0.015337916668888776	-0.10564645404524035	-0.0848922650164528	-0.08465551373463782	0.03188174985309231	-0.038588715111687204	-0.05153138531217769	-0.03639486035307667	0.03683576644194079	0.04344541400178355	-0.029867657261878747	0.015402697036119628	0.008861119015820467	0.03109567350574327	0.030637272927788835	-0.007624763808055139	0.007123210820903229	-0.11080076036839388	0.052759739499311065	-0.00042091010165041945	-0.03712463004270667	-0.019715164100672592	0.013717401635891989	-0.06345493114816501	-0.020950053569233847	0.030163838886471433	-0.0129251453369915	0.050367640262494885	0.007779912850444878	-0.029199718862691362	0.05948205969112636	0.05781970568904244	0.10964788978193638
-0.041255153872881034	-0.07299068841380277	0.003056438029794484	-0.04419891205382732	0.009876548456128353	-0.06781647572004074	0.07887820258818373	-0.03675185902119048	0.032584580695839846	-0.0003976896338301357	0.1531995555377168	-0.01821350526697273	-0.026583985264019477	0.0226549840663885	0.005947592005453898	0.004922897868233909	0.05580155915147885	-0.07109671026650392	-0.056430394811038585	-0.03459526018069553	0.03777483048084674	-0.024413620956713702	-0.003644705048698786	-0.0668024903141699	-0.03567916436900094	-0.08061275094375166	-0.019930659290229358	-0.10363601765351813	0.014793446699311008	-0.05970968721941608	-0.025622349997271497	-0.04024131387154444	0.018353191149987715	0.061938509876110014	0.030990812805791496
-0.04686588699131487	-0.09200484384993028	-0.04275248303835375	-0.06628732080112718	-0.00458021320273372	-0.09645620348803904	-0.0016276364173051967	-0.026042432908538648	0.00490401887443759	-0.013147992469138272	0.03539279347276624	0.1193087159149158	-0.035793792446409595	-0.019978469771263288	0.0639241843679188	-0.08519655443061763	0.06597658900677174	0.07096683748021163	-0.07606070059293499	0.03534699804571849	0.06532201124889647	-0.0722000136952637	0.053317284195631004	-0.12320659143697021	-0.0568774094365843	-0.0925234549860767	-0.05107978208902248	-0.02947673866214319	0.016689336130261634	-0.10221604180343317	-0.0563408428859401	-0.04661169513449706	0.14138049623430637	0.042932637206818905	0.06934677391068785
-0.04046955248035247	-0.08140798300646437	0.005003575281564794	-0.013282035114778138	-0.017867233036584173	-0.08714484575099227	0.025507364139516944	0.02841887749457933	0.05394607564157299	0.1105689135604832	0.07802639280368226	0.0327753597185276	-0.016361266548524055	-0.014981927481064453	0.06045238337728293	-0.08056103988453882	0.03323484060959864	-0.03315409185884278	-0.11259550867164152	0.04018602080017955	0.11511046077460721	-0.04974457679309169	0.02042544880340818	-0.02178384578119042	0.010216837357041791	-0.010550804871830062	-0.017799247421434603	-0.032786538254807575	-0.045820128537851675	-0.05510112800867451	0.04673502015005963	-0.1060981033789314	0.1254327905392472	-0.010000697875285333	-0.040251793526038436
-0.050458218854796906	-0.107954305917824	-0.032080573402666866	-0.01635547371996641	0.025043776822680372	-0.061814571129671265	-0.005350026314534083	0.020652761368838927	0.09344152107208478	0.06473389537281775	0.008605006923503232	0.08804872515777118	-0.03628455729447521	-0.0006784271696945365	0.11201626918819844	-0.0764709070857142	0.003053700643543982	0.08265672936775817	-0.11100753080171011	-0.03548664538681887	-0.007160894439072897	-0.05221012637358766	0.042485070600583895	0.002450398349297861	-0.05003665407063304	-0.029134663815226686	0.05024253409544279	0.12578277114691086	0.06490484737328078	-0.08026554031079793	-0.10336439779683729	0.02060804318434169	0.03213738068446245	0.023685509510297038	0.010113909674831752
-0.03833946739267934	-0.09055274699635951	0.02834748101717902	-0.007938987079004622	0.006924168584115324	-0.07257824510175181	-0.02707729933553386	0.06874373119338847	0.02284521868205635	0.10010493824249489	0.08499718196801322	0.016621310802187844	-0.058098370177979655	0.008156131599679638	0.04066614905402751	-0.11231931176297713	-0.02639057030011038	-0.021832241325187237	-0.012908672397403839	-0.014288076341050927	0.03245989065519337	0.07251462887843309	0.004273975052551289	0.07270552783728812	0.05652749893292454	0.07704399070396793	-0.0005584182357912665	0.09602053387833513	0.01725516952605103	0.015069353911763367	0.08033959436866371	0.003457322408318758	0.13395177474656167	-0.0720554112170972	-0.03104613917633731
-0.038930497271675656	-0.10114892020210316	0.00109762071653936	-0.02895608362055106	0.023557807261808242	0.12129486398302243	0.007098747345497947	0.007021736920707293	0.03526680770727379	0.067353369671147	-0.006236089959510269	0.0677490021827192	-0.06099447329000086	0.0015378151397525287	0.02030156689430769	-0.14351446930844552	-0.030755878872345384	0.0016815916014118158	-0.06233522874091316	-0.03334489609608085	0.09186043536863818	-0.05406632956803288	-0.05886591176418143	0.046919241839171205	0.03092107410044162	0.03988848022883834	0.04321963786266897	0.0930191101644664	-0.0003930000023201069	-0.038347004113115375	-0.0752594573238029	0.07689392527741362	-0.007206799269245943	0.10062394676827689	0.06972982434024788
-0.044669770542607484	-0.12507506254085377	-0.04086731060150453	-0.04086614098792823	0.004711102712173941	0.0212080961627859	0.05333628230998194	-0.08351689705853328	0.10579355810228717	0.040093394550964154	0.015833932461685032	0.049017093608932104	-0.06390912939451746	0.08653591543569351	0.016195532973141386	-0.0652458176724053	-0.087426386104474	0.1085469330320663	0.005776511530379039	0.049601925330313615	-0.04858897167026287	0.019369978209185387	-0.15313268872010274	-0.051665054806383406	-0.060701833443426854	-0.04371491041729958	0.03327298882973582	0.10535314239889251	0.05721674805885618	-0.130223185388907	0.0643586465505552	-0.03652005148924657	-0.05211430847501139	0.05408682826331203	0.016150311908515493
-0.0368363609744989	-0.10845230284120617	0.009721232979986123	-0.032805381252492584	-0.04750067969359558	-0.06379020289066326	-0.004832005082949391	-0.0853017811989387	-0.0010801163617356726	0.0348585622491515	0.10844434059253909	-0.006149522061062047	-0.06601338254564076	0.07210274889908316	-0.00267155171519002	-0.05158012206135983	-0.07408569027200733	0.11723304920744014	-0.02619662870480601	-0.083003659450297	0.003538017489679992	0.02192683216329256	-0.16639542785387143	-0.035619245673110714	0.06251070618149283	0.028173187522570073	-0.024985240099804306	0.09325006979334877	0.05174040528905827	-0.0411661327374207	0.08082192831323809	0.00821718980788794	0.012356176861649361	-0.04375148493432417	0.06960511157259852
-0.04235301724958176	-0.1136821162676395	-0.008089391995200751	0.00017274681521859523	0.10526834887549912	-0.055054089594352526	-0.000257690171413704	0.01744660505155042	0.04840482828523844	0.012069216810188202	0.18662749046056978	-0.0034965045180361336	-0.054927890793585836	0.048782335106543985	0.06642061273032912	-0.01583949022504581	-0.085771566292942	0.04431121551507459	-0.012362440270768174	0.022336448589224334	-0.02085083155297928	-0.058068176452813335	-0.048381203454004755	-0.012165670630468167	-0.01371836603603721	0.1299348229355412	-0.015582992852826511	0.045048669221876954	-0.046339913263620726	0.03482476387845155	-0.012501155540142337	0.04384492325535582	-0.111446535582778	0.024666876254228254	0.09818697420168054
-0.03830835717896576	-0.09158660002805519	0.01564344749412358	-0.03998030188090046	0.0389419797630259	0.014084353807346017	-0.08074023271154628	0.10102759208270305	-0.052646151050659236	-0.019964004386290358	0.07752397248135096	0.09029894223586044	-0.06616189337067788	-0.020757454339294875	0.03526428882127114	-0.03407885170736584	-0.07682297891364029	0.04222665001937442	0.11058743312587091	-0.01773886392673999	-0.06521081086067278	0.01092814983897961	-0.1021957654972516	-0.049209993758197366	0.039249426419703144	-0.07078977530326035	-0.08755211246630884	0.04127883469611864	-0.08597055910872672	0.04942351415528742	0.025432375327905744	-0.04264075246608225	-0.03280793808567955	0.10391378396438122	-0.0066292101533833876
-0.041518237452407306	-0.09138509651107717	0.006192144994989398	-0.05814751972787592	0.08414485371790131	0.1281272112737815	0.015488987044571094	0.05562141007103039	-0.04752227441246098	-0.048993583624433554	0.12065741522479498	-0.013882196374833138	-0.06585627607906235	0.03461915858989859	0.0386754967094733	-0.011989677160173613	-0.1269242489374209	0.006875334558932086	-0.008884582061729268	-0.08582670632426517	0.0017145765194342966	-0.14368503506849734	-0.09590096638312588	-0.05911437406429848	-0.019121846749701365	0.0014458409119443363	-0.014508405926770777	0.08311028723142853	0.004987287400779909	0.02205716802072993	0.04557147526645472	0.042384390847521144	-0.09902112113654854	-0.057917474400242225	0.06157123835101665
-0.04188967565509962	-0.10175326186898123	-0.0009466797750255741	-0.09281851550844451	-0.019114495738263772	0.08452575351458542	-0.0683039687377236	-0.024833188083157893	-0.1080290248696139	-0.05688436556493616	0.07139325168071282	0.051301064175878534	-0.06638006030095189	-0.02340515006666876	0.050191918969479304	-0.05790098449215427	-0.11951374167046915	0.03825951936450418	0.0075054921360030585	0.007460453265309856	-0.1250160386840727	-0.15129979501520743	0.052072092348438515	-0.024747726442541855	0.010369489898914109	0.038405752552979844	-0.056335666996847535	0.05393283803404373	0.020277390118129793	0.006119121936882285	-0.017606464753215794	0.022146806915508004	-0.06399532400900038	-0.018902603881568072	0.0036296718151715007
-0.03943705006770044	-0.09804135918687588	0.03846123354496527	-0.048858320772118546	0.06266739603232578	0.11228075933318803	0.003273132316382985	-0.05940750594077482	-0.045552470889306314	-0.020933556674901647	0.13391297534233754	0.010954578389888944	-0.0010065353466236658	-0.07637992782856814	0.053819513500045935	-0.04900736414551076	-0.11300398704985516	-0.05770963218397971	-0.008985144558196712	0.06453383697009889	-0.05995164702790483	-0.07244211768327075	-0.058328258933569035	-0.03686985089943953	0.0012082484516478262	0.07034723142732088	-0.001262999556515832	0.026082220635059765	0.07509278932210317	0.12217096362861356	-0.07506915303213893	0.03583989667381417	-0.0738918215534749	-0.041575350872721094	-0.04730248494739146
-0.03493487779319535	-0.09589764716373526	0.01812272822844541	-0.1029511890834191	0.04158989296399462	0.02123583305549102	0.040030486812804196	-0.09027187205953989	-0.08236817239213415	-0.13953562156299554	0.035321210006440944	0.1059547409883317	-0.005381683883111283	-0.05908850569435164	0.03541751511497985	-0.048605188443286554	-0.12320667240043408	-0.0018364070117414398	0.06510184580074238	0.10459637864999358	-0.06476498302259377	0.04088611432127223	-0.02549873297815648	-0.126356645940783	-0.026702787956687634	-0.000820186959084028	0.010915470346796269	0.10247138961684288	-0.030669639073741456	0.08572425981273496	-0.004626745243012487	0.06518538158825736	0.06910978754567505	-0.14347000995398548	-0.06301967811163427
-0.032842215430315895	-0.07482412771306274	0.023022853375210234	-0.09485811845664495	0.0195391092559745	-0.00497058254991562	0.0679684896705336	-0.0669690953920811	-0.07088966054180453	-0.10693678938194942	0.11845352377100926	-0.0005681525014753885	-0.028519320745627873	0.03064153757565897	-0.003177720636295072	-0.05296742525963945	-0.11710892833883352	-0.07866731484062221	0.07396474958174842	0.06208581497509416	0.004719899899235741	0.07825836412329755	-0.01644656536452717	-0.06844660131628891	0.04152523088630867	0.026235524918610482	-0.03326668591109113	-0.053903525899311314	0.07842503339454	-0.03832812191430814	-0.015414499779177464	-0.02837824576588084	0.014861979009680571	-0.22891763499269685	-0.11220168031815309
-0.036778541962717265	-0.07087820619881667	0.00898815081097071	-0.09899230901818869	-0.009642856145390026	0.010182815438088612	-0.1150965584545142	-0.08028872773267505	-0.1270301941353105	-0.06696373268996685	0.12752096860095521	-0.012535252388105924	-0.06602110852079145	0.0520653627339258	0.02934716209660433	-0.14372273182106562	-0.11776377535602917	-0.014042216460684862	-0.011703606374745988	-0.011861069323821312	-0.06217842695904394	0.0278053305068856	0.30033990934467103	-0.006498324039748815	0.059465216007759725	0.04812663207454732	-0.021093617952802044	-0.03297807945070351	-0.11886793072536876	-0.05268810545000363	-0.08555524864257855	0.12317801044499573	-0.03789721350162543	0.12152823774611213	-0.20690171289715825
-0.024947696006451147	-0.07877906503469241	0.06651956477517952	-0.003102627806410506	0.12865529161748904	0.07434313044778905	-0.08018452316449196	-0.11552537272771027	0.00975516572423122	0.03820934585036179	0.11721256046423681	0.012461915864240822	-0.013487535955176108	-0.15778353253720578	0.036423589609438305	-0.07172969388175723	-0.034081367332863606	-0.1352137695682502	-0.054390946558356926	0.027237467114329533	0.08143962605322531	0.11937192612673081	0.12082490310715707	-0.055073851587587264	-0.06830154849154477	-0.05589955367672592	0.1281743030000015	-0.028737321218100832	-0.03998752828312737	0.10454339814514288	0.03878912639644108	0.01434522260518048	0.03182389591764737	0.07441371436048819	-0.05809420973068874
-0.022788236374722305	-0.09281716777075445	-0.013274867836616947	-0.03539280956841075	0.12977017794722365	-0.03712084244875629	0.04887899559313858	0.06393626576280327	0.12389402606904595	-0.015881894544671333	-0.022009145492402106	0.05452152497206233	-0.04856159899933484	-0.09770003465058139	0.06319893156332945	0.016924947334128578	-0.07913147484874027	-0.023310011834236866	0.1453624258774319	0.05164792829779778	0.1639892580696399	0.03740768000387833	0.06834967141599446	0.11643959717906173	0.01811768602081443	0.0032352257091969316	0.08166105100179862	-0.022160464926914515	-0.12950928598103267	-0.00916243431957809	0.15471477495467117	0.12279890865595525	0.00674487248161003	-0.025293865697107294	-0.10340397535381476
-0.019703869478045966	-0.09507205736243492	-0.06948119944804289	-0.13954541258421083	-0.001082046939691241	0.019560626734539413	-0.035843689374279245	0.12794597697924343	-0.004763265907225117	-0.06820529611614441	-0.09398095193129105	0.07183549396333998	-0.11609067115034029	-0.0027530991825608477	0.05749064901367052	-0.048429233129170045	-0.03740872260066849	0.06315172813513781	0.12873270794096792	-0.002427408636756948	0.08488133072126905	0.12066042583809726	0.09345897663102268	-0.009248457219312833	0.02145663350588041	-0.06489710152957952	0.037396242665135804	0.00766817252710617	0.0048103844944061384	-0.03245077629535638	0.01352990947100071	0.021746687811925198	0.03297044754243388	-0.07104319904972789	-0.0542459325831975
-0.009725027999379621	-0.08490721501501271	-0.032948842667787845	-0.10783327459012582	-0.09757023147242581	0.1204426696075225	0.001993644055516279	0.05751665584526601	0.009212880585988077	0.05036657827703697	-0.013610336456179796	-0.0540280058988654	-0.058056046005951566	-0.0260420308675788	0.06872864448365183	-0.0645330253292063	-0.022966809663897393	-0.09596317586237528	0.03139741500246288	0.041244897473765106	0.11560387149629714	-0.009407256507667012	0.061187163398749356	-0.022776325727300394	0.03601731397602946	0.0015304158720960692	0.09121777637352935	-0.12531942802106677	0.10026169750531662	0.0023753094605072356	0.042127159194474045	0.04652082297743615	0.05535946270346462	-0.022924465332138468	-0.04172818464748951
-0.010737665418858473	-0.10803643777251949	-0.05183887476692661	-0.08526335626375028	-0.08236325372669288	0.09395120763514211	0.08340248482917231	-0.044985179366077335	0.131148890475337	0.07216023124862908	-0.019894833205624567	-0.046949576082895135	-0.012752413577701516	0.0006925212818430432	0.06729414769483494	-0.00742004159324087	-0.045511456019278564	-0.06650975004021138	0.07150587833627718	0.1183103870809881	0.06606034473089406	0.13270848845926925	0.007798454768589286	0.0019593904312621285	-0.016362346289161556	-0.03984581890817247	0.038806115530565094	0.0013865112061619486	-0.061403279848426875	-0.04013434751724371	-0.07641729125849306	0.12514621185057723	-0.03717415874436597	0.04685090774022337	-0.016094618633320644
-0.009826483361951568	-0.0995859436933079	-0.029743936798975024	-0.09266589309791869	-0.12222442460147943	0.017258659536929767	-0.009191439114546725	-0.07325329197427274	0.045322952406052025	0.08092654757137525	-0.04350013815777988	-0.0036484651565497203	-0.011063634105737682	-0.04854843651922032	0.04629168792447029	-0.02656519925488932	0.0036503492865607974	-0.006854231602851112	0.0691111526755791	0.023822116869215572	0.07889892632296022	0.12395250063650626	-0.03154301185146749	0.003016979334450935	0.16332152107270329	-0.0025137407031530883	-0.03788982093710799	-0.019251151301554158	-0.009218448866503165	-0.07841910931005756	-0.059187761182521004	0.12517370549509366	-0.017691094072787183	-0.11946543194381037	-0.005423907052422398
-0.006387395898681497	-0.10428926565036138	0.0038030432093280366	-0.05124599076579875	0.004962216465598584	-0.0026325801074969274	0.07825723711647221	-0.06791350771918885	0.08740062151329982	0.0017337347975954303	0.07804066455678808	-0.0697644816694672	-0.01802532933897318	-0.02948383206230266	0.020168368172331922	0.05544798056655778	-0.004248689664291804	-0.061322015336052194	0.11161553353853426	0.007317476091768534	0.0061307513616318254	0.07536822381737529	-0.07646182211972559	-0.04068255554846777	0.11465281851712623	-0.04286022044887917	0.07639491388178873	-0.08529979636436374	0.11310189819384661	-0.06922434472166121	-0.09104646091839028	0.08339454550051553	-0.09652123879633631	-0.0925003121606182	-0.08843301074594809
0.002528232522442406	-0.11250941777363631	-0.02686086709844578	-0.07007184376911739	-0.062129793072811405	-0.10002538410400107	-0.01981479165570315	0.05806206389714433	0.0671955662751814	-0.04172249270736066	-0.04194772226812499	0.058391498029082264	-0.054733743716691964	-0.11713273110206557	0.10808220700647107	0.04915920487720766	-0.02193956673995965	-0.047096368571909346	0.024729616327604464	0.10642470101889435	-0.053237749548050634	-0.06763463875186004	0.05932815718718877	0.0373670722052918	0.07849816191650805	-0.03711199228555251	-0.005135356643501645	-0.0467887502201122	-0.045740135111190766	0.0635963203855636	0.01744325233441347	0.03619095040126077	-0.0007812156549162307	-0.1351659623899761	0.06710096104573893
0.013724647100558214	-0.09348325402733293	0.004963257055260492	-0.04334930048057088	-0.06255678974497654	0.06599044283746115	-0.03154157181582695	0.15746865926272208	0.06476691042905591	0.0008640281442812179	0.0010784959490463169	-0.030990770021756854	-0.054453309789421395	-0.04142049277702364	0.0549846926834862	0.04829867870847092	-0.0008870257007358153	-0.11284789288422051	0.04600001653655368	-0.0038349196537118373	-0.011376891063605548	0.03910919819895439	-0.036596068716471614	-0.010474106057898336	0.07560631391195755	-0.1270558598475619	-0.02111962611168729	-0.0766414186593202	0.024629215870116877	-0.02645183296361961	0.008711435633587412	-0.14896522232906628	0.01549927594906847	-0.055814067564909836	0.023502914664314613
0.020386175000239252	-0.11751384384975837	-0.01092822126971863	-0.0615086328235596	-0.09937721078515889	0.12676385469298576	-0.04006719187834889	0.017469482152283416	0.040044479460715	-0.03068125863786325	-0.06244085150416933	-0.03898439294829623	-0.008407230460184113	-0.07413088861156983	0.12027730001408261	0.06984062072263417	0.03576168368935287	-0.03447023166034872	-0.08653619007130475	0.0923154266192041	-0.009548829561857652	-0.07126429529007898	0.007993818724846356	0.015170507027049876	0.08995636229017336	0.019233665940337645	0.0017805050043381695	-0.08839341802478343	0.039526918050659554	-0.06265256112154259	-0.03960744562211006	-0.07092905697933335	-0.03674202187713916	0.042597836390572685	0.07223716015836837
0.03313035007165133	-0.11804481726718495	0.030893588532380972	0.01017377012696043	-0.12228874812721392	0.058387956302694076	-0.028566557389377953	-0.07557478342513359	0.06612808815662476	0.00948615578310944	0.004547156330094008	-0.1457656681696437	0.02550440191961269	-0.07950972380984975	0.08602521262376586	0.09975288967300504	0.07386795810069738	-0.011758288219782859	-0.02927934587697116	0.0918937407531853	0.009991846858235388	0.054351065578073024	-0.01740987034767047	0.018619775413505013	0.0958542308673547	-0.01579377976540472	0.03329821520695521	-0.060217410032796806	-0.06356009782591197	-0.045735667080024356	-0.08397350300318313	-0.13996812806833928	-0.0338269530747434	0.028811222865586586	0.1048697168380576
0.030820710253581653	-0.14079780230270053	0.0031667218514974276	0.04301796234901275	-0.005735691210869956	-0.03432696447568084	-0.00019685001383330558	-0.031558503527312445	0.14030780517694552	-0.00863432644337302	0.022882231764065713	-0.14324035714623704	0.046957547114583206	-0.02323233527865764	0.11782796884531732	0.10444990478754806	0.1268227016549178	0.04624993186961585	-0.00921200487646309	0.014937928059213092	-0.015939548865967726	-0.07068491582652109	0.019178697063098663	0.04283003933099825	0.05589922057576012	-0.06865626010213102	-0.013695315412084389	-0.04392575190252876	0.03844221795188418	-0.16352753656492114	-0.03110722283332131	-0.09537919415054909	-0.041019891688094355	0.04244027497546666	0.02108022189511445
0.03754848414058665	-0.12113596955076508	0.017684926880763244	0.032809666286859704	-0.01757496395679235	-0.0847410645122593	-0.06513108481428899	0.04567261141943836	0.06258211999232668	-0.07300209443649651	-0.008967161588068033	-0.108191388240061	0.04773425541232849	-0.0423387330301838	0.13408106433987493	0.12292689647636278	0.15137957413983746	0.06208451709954789	-0.01398828418452356	0.0036525162377759775	0.08705791969717752	-0.06468006151738903	-0.03490475141488928	0.06844951066266361	0.1356694542601769	0.01384538225793059	0.03916308942534269	0.034472095479511126	-0.06260519571326094	0.023060503364451375	0.07487354830635604	0.04285740493456462	-0.006516029306620305	-0.02214925619671531	0.0609543894948317
0.03550539143049892	-0.11454003403786453	0.011617307024080991	0.02041734759005914	0.03561805630614531	-0.003722721021219674	-0.10813466575130014	0.10283972380338474	0.03068969820512579	-0.09465522633273465	0.015252237060913264	-0.1367042601906858	0.013037077619720328	0.03244927881451432	0.03447924074451903	0.14805073065249977	0.10634001477436066	-0.0015964928136432128	0.06078526631918418	-0.043232907007175046	0.06309182007472863	0.09446918207658697	-0.049264074878690584	0.011823728668157743	0.0581910130817276	-0.09241240552362494	0.0044040581152534584	0.08205944952951438	-0.029692784794552146	0.05446126183988641	-0.004206099103542783	-0.025454903837139123	-0.06294003171015658	0.10805353966786624	-0.012961459234828249
0.04209206139532785	-0.10512433035796152	0.043573663632280976	0.006081593254250577	-0.02086048282213134	0.05647782468657792	-0.15952598125252673	0.04893603726952268	-0.040792081931168546	-0.11965763478346697	-0.03832525883892564	-0.12308979587745357	0.0035924103718562883	-0.05031107479112704	0.028843970304631886	0.11825637741214959	0.0583248004322452	-0.014988952952991706	0.06016542368889991	-0.12541203947173513	0.05944762610893444	-0.03676571184013999	-0.014961720211805439	-0.013787216700994767	0.016135520057743814	-0.08669927306427233	0.07016182972970693	0.038036811461971326	-0.014353152654533808	0.011135241875824063	0.14506361650023286	-0.0462416441927012	-0.06159576898235607	0.05340552399254571	0.03164914487216559
0.049233656517897344	-0.10923489417302444	0.054587093752404545	0.03261012320433584	0.02160060485272578	0.02463644796725066	-0.009874859556884037	-0.08394361759458815	0.017655213855847375	-0.1812324938819611	-0.01651189549690728	-0.14964673769339792	0.01643032854601194	-0.06106728662912934	0.013021328787143068	0.1824156038439422	0.020589288020406715	-8.807924298721436e-05	-0.006827671297151524	0.029037668743644267	0.03940611856254224	0.024822234869974997	-0.037924724260715276	-0.09681876408647584	-0.0952496812706403	-0.036702074999060155	0.1683419102329357	0.0024100512553560556	-0.005640065316908624	0.05611738128617143	0.07233650171420186	0.02216963356180286	0.04958017074529952	0.08198553585384717	0.057504010777967324
0.037461811141333436	-0.12399883454660306	-0.01054817935140494	-0.015264079130344286	0.014438458316561773	-0.08883062447469542	-0.09232679859298144	0.037772288833591634	-0.02825506714943807	-0.16458218997069926	-0.060865546569494444	-0.10291996325705495	-0.02401738351206874	0.0013486844839602189	0.09995229313082905	0.13179175154000256	0.048954362119252345	0.04999512328900934	-0.06756864842046784	0.1389244015216576	0.020139164709785315	0.021721318742316205	0.06670036944083213	-0.030311306280813216	-0.09211322057761494	0.05366347450497881	-0.010459539202799052	-0.003108385702273425	0.005491690747401461	-0.01665141639195042	0.023378545611619922	0.056472582661898224	0.10975553032033403	-0.006813811443454554	0.09016465397184698
0.04397609643472607	-0.10538342184705066	0.10254794494084327	0.06543177924191453	-0.04125338976571537	-0.02251539678584159	-0.16445538510476557	0.05301582326035324	-0.060657429887389466	-0.013069228532010478	0.02350867030128274	-0.1918960993336457	-0.03711413032669536	-0.023933311983585333	-0.033229200990091065	0.0630997925699394	0.026306216456323875	-0.03134155839488302	-0.02701701449227267	0.04897128276604385	-0.03358286615391604	0.06275897414384923	-0.005491470474820834	-0.027537894671492237	-0.0723251818705897	-0.0328147178297281	-0.020639236241666515	0.050883657261362	0.02701244043324197	0.021354848825874087	0.03339564713523245	0.017172273447078563	0.176669555054251	0.04545574654552235	-0.16486692130481523
0.04204257347577772	-0.11036666711028027	0.11265113160223414	0.08594316961196967	0.057924396870744216	0.09754576327674779	-0.08590775778170676	-0.038024213326787806	0.020269620859048695	-0.016868552122995057	-0.0803689440841601	-0.09009737393723959	-0.008305283058781766	-0.13929071459483391	-0.05627336093421289	0.02889789118058341	0.04212713243010005	-0.029272257208834213	-0.08352085972654563	-0.03674500210559429	0.03250764496611455	-0.08056622134153259	-0.01749080241168928	0.02983534511336707	-0.13185646017963423	0.010974220388730749	0.014853946574143684	0.09774284751670459	-0.017341819570492686	-0.010988664045054481	-0.07759439054143186	0.03815220920367458	0.13536646615586806	0.006279074309606447	-0.03742783681270591
0.035931581996136094	-0.12908498020769985	0.058011023181842876	0.045747432533642815	0.06858907155419221	-0.014389010083785117	0.01730236127334454	-0.04614198888441706	0.10565164910860256	-0.08337567507527537	-0.11391451512952924	-0.07017816990418782	0.0066644110720058	-0.0467239658812804	-0.03497307694291049	0.09630096390258627	-0.02732061579787484	0.04543695948532332	0.04636316007748969	-0.05419798997115598	-0.08688066727675886	-0.043633558044245874	-0.05342018578435267	0.0737833311925786	-0.08214019863641317	-0.034576848422129394	0.010252399172672892	0.06892274589556081	0.0056109470983266505	-0.14250616839627311	0.06060081215497952	-0.018338681424009406	0.11934596734840192	-0.003201651015727858	-0.13282732816827486
0.04418900508931245	-0.10192712070766348	0.13902388048530873	0.04093663043299182	-0.10679188535521981	-0.06318593604192053	-0.10473413582638959	-0.0999179833015431	-0.05474309128245564	-0.041860333191942115	-0.05800490393764871	-0.14719510948976697	-0.020538743825343726	-0.02913041833637885	-0.1425597541861035	0.013363453210430434	-0.017971156983857834	0.0846362148245608	0.03956992189916765	-0.08524790447136085	0.03344945155441758	-0.014461553376434219	-0.020678620885008603	0.13771030407846976	0.036209448622298405	0.07092834846992703	-0.06700245994149413	0.19875311679574736	-0.024718212210539842	0.010479339627661455	-0.0619828173376419	-0.05397848005203887	-0.0432380070649944	-0.12763275457332604	-0.062276230884477854
0.047788353769787205	-0.09015512331925893	0.17392807158758972	0.12075773464570969	0.10472284224227964	-0.05941108373573816	-0.031292163035340936	0.024415615952190307	0.09153725342003885	-0.09777375094480792	-0.033709397788514395	-0.047125351713066956	-0.029535902635379824	-0.03134982294173248	-0.12542491248064686	-0.000317659345913919	0.029427346161974965	-0.02303688229036319	0.0835542027578514	-0.016308164908627784	-0.03946543567251271	-0.03048971463349992	0.06405926823352126	0.027023534159397587	-0.08220244567775437	0.1314244277721115	-0.11387862470499882	0.024361628300324956	0.028776861898266844	0.017789621503990948	0.04349618255283941	0.10667552218755366	-0.06202224161323046	0.04389033739932844	0.026623101380231076
0.03962078753341499	-0.08933521857525137	0.11150850549585163	0.004239208016131031	0.06962093429547717	0.06556871642378573	0.004000844740740364	0.03819797982740197	-0.027913907828735804	-0.19017658572740076	-0.18240977430320904	-0.009305681076681551	-0.06682551260572006	0.008298429890499571	-0.09644649609085304	-0.01977668501799071	0.0057549923243535184	0.03729626064498363	-0.06868727507050225	-0.09147681112883407	0.01937183454236377	-0.08642044378973562	-0.002250414026603094	-0.0293824705651841	0.03696545114098125	0.13427610035301413	-0.05780681135832263	0.04784444600120279	0.10571280059596613	0.060124294942766304	0.021574989471645684	-0.017856369934161925	-0.008240941467086371	0.0003228776589095164	-0.028329963793099874
0.034378238482929174	-0.0669309826877607	0.12264999073633705	-0.008769878775307124	-0.04882401115404744	-0.002500399967670659	0.05774368283027704	-0.07540700012801552	-0.03563507029747176	-0.1330883835529507	-0.1270870312769499	-0.10111929445779472	-0.0730463437707679	0.018673092953912892	-0.17229805926399752	-0.0666736282214095	-0.042161492353800484	-0.046224562047991094	0.011395649544913747	0.1214529033713792	-0.005003793015769559	0.0482390056388527	-0.00041113902989638185	-0.09134157597839078	-0.10744694502523396	0.08359002704046506	-0.055075767797365664	-0.03218486688651117	-0.01808544704152646	0.12032037225324277	0.029401232300897855	-0.022819729707515106	-0.0036983188485754936	0.03271942445683047	0.034866176480815955
0.024261197212071352	-0.07484715297185042	0.09047989711080433	-0.024407518925087215	-0.08022888779133742	-0.06931562150229188	0.0833429664995941	-0.04046672413858222	0.029453927460183618	-0.03915058422832417	-0.0762124334064185	-0.07462155053889236	-0.09845471367206994	0.04743631453437381	-0.17880817245732208	-0.042507067929864015	-0.03341706502014211	-0.01108615485654632	-0.029137262980315846	0.007915204887470946	-0.0073236550650856574	-0.03852369754226661	0.036207406073224334	-0.04380763817277943	-0.07046631171015762	0.015616328890005004	-0.13236915514094394	-0.02600833997077416	-0.03216360654039962	-0.023513314193528086	-0.057878662414667964	-0.05029545062050791	-0.041209008781170536	-0.003713123253378414	0.006308704581532321
0.026223503457317932	-0.09170039745217354	0.09237385405123592	0.014049820057950602	-0.09517039879021794	-0.08023233419943171	-0.04450543785482358	-0.06815561928452786	0.03202378381143847	0.04537921071766273	-0.10363169422196807	-0.00523135012286101	-0.05005788613060907	-0.031971126917664856	-0.1562554520868866	-0.09161490799247875	0.029842665975198506	-0.05671405924101316	-0.06956017201916281	-0.015818917781831254	-0.11214057168159416	0.012019279465730039	-0.025778574228466473	-0.05052336962249419	-0.018368383632480348	0.02177971629992706	-0.1386843366289879	0.005457332681424003	0.0026953652146509176	-0.032561926638895594	-0.10893810947954093	-0.10947434330744499	-0.027974043277453786	-0.03917878118024725	0.03000649046975694
0.038277703597092406	-0.08615405109636587	0.12815786218425101	0.10295309846174736	0.03243577426939093	-0.07240914649762442	0.043394330980833465	-0.009739975148376122	0.14073907378741937	0.06363088501768079	-0.0868251135776082	-0.016150258989786885	-0.028773711914852635	-0.045530469858256685	-0.14643061643896976	-0.16619734445124912	0.10284395739054165	-0.003645109922567008	-0.02723449683216756	0.02964423408297598	-0.10271139627633909	-0.050697181552960276	0.013555664248272793	0.01246500634702655	-0.012644183661513202	0.05263858053951091	-0.05752965377682999	-0.09757875941899008	0.01849774666774321	-0.05290901206996377	-0.014870959062083702	0.04015374044624992	-0.13744970473638785	-0.0897205678227625	-0.08641563948931005
0.04342731152018196	-0.08608428293595223	0.05691616061249954	0.05131952868204222	0.010654864445412346	-0.04687162356834848	-0.05765478143886476	0.12489309987148928	0.07819605441031544	-0.017128712434565374	-0.1990501319229584	0.08851015705532857	-0.04051908897843904	-0.03780326860642339	-0.12328654329123163	-0.1853475521819832	0.07172724808339548	0.06208370144781132	0.03406662863749259	0.06934518782461856	-0.046430138761593534	0.04116294388741598	-0.07427339228603563	-0.01467023585282631	0.11428405851291568	0.03947690721415799	-0.04215014391528679	-0.0920122790465564	-0.019684406296563203	-0.015217924696789231	-0.08427464246314216	0.021462120613281767	-0.06497350577125197	0.09063421129516483	-0.030388101908037493
0.046482296273011044	-0.08556809985062233	-0.019492609497411162	0.04760477482525336	0.05184582366709893	0.0950920792318731	0.031231703740866815	0.11039716711159334	0.11780654856327248	0.051673812054913316	-0.09993237424783044	-0.20144130809251826	0.01994179734385804	0.23887366827750006	-0.20830625178412543	-0.2407935233081913	-0.0031886773881164023	0.012682109611738183	-0.08567733517899959	-0.12409743122886827	-0.16467841057922997	-0.01983350426228861	0.05825004019047044	-0.176679079988739	0.19093758988290113	-0.20132834001088318	0.148527578360467	-0.18825024617945912	-0.3827557964263365	0.10561330872683472	0.0810695710455938	0.13689915711300088	0.07943688634587623	-0.13752284838506124	0.22620273091062598
-0.004787224042519599	-0.10863183569067465	-0.17124073441006024	-0.07983224063759857	0.03867686028918635	-0.012941043430319184	-0.3789996358576224	-0.04950767986959491	0.2102735954774761	0.01849046774484613	-0.0020058562693676	0.16990231408429615	0.13800804281648382	0.23546400538336268	-0.2765615043955051	-0.08684678473429956	-0.013504940594881316	-0.026715414351446313	0.07223367422559353	0.1972313236986246	-0.08254055443536998	-0.1761582895088359	-0.06704026876956057	0.15152870771683713	-0.14320315667397315	0.03479827467659005	0.32790839266438604	-0.05208634052090737	0.19462101646384422	0.03759402156267989	0.06777675080870899	-0.11322115613455905	-0.11917416328114616	-0.06442347968666913	0.04719800986052637
0.018912593533013902	0.02704865201181432	-0.058539255569635365	-0.09968852632149727	0.06550931299187057	-0.08438756083365877	-0.13268293985325053	-0.05114952726866042	0.12536571136588248	0.028461405461402484	-0.08528784645149637	0.14255098199635233	0.09014445530184524	0.050888625681144745	-0.09144926885693638	0.08555521812111963	-0.004295602572041721	-0.035967903691095	-0.20527821414028063	-0.1174254033380609	0.08208758363500224	0.04189478505628115	0.027860752254440638	-0.12022846755214692	0.11463737617148102	-0.012571440064184761	0.14557266403848657	0.06945351561176943	-0.0006151257399409776	0.08270503617822743	0.019246194903251045	-0.06829863050830642	0.012037067676766641	0.00995282300470897	-0.24709037359153838
0.0543115437605787	0.07010107743727356	0.05438425602931485	-0.0926962880865298	0.043995117509064485	-0.004912873009004079	-0.06228790081233712	-0.047148884437717746	0.01935282813394307	0.05889180224482305	-0.005466308765968668	0.019827554370717978	0.011085155358052422	-0.024322237311549644	-0.06595254801627982	0.017694392575428534	0.05443477951262509	-0.0701091005307977	-0.07553073985921119	-0.0384540489105184	0.04869392328962177	0.09167562100975801	0.04945600160751625	-0.1519377701175869	0.2279928884878011	0.14606056128249462	0.05891195596810042	0.07480186822064824	0.10056128210330756	0.09028249850805764	0.08694004159497165	-0.0697087992722879	-0.09841207600983196	-0.04851446728423279	-0.0972492928436389
0.04743655860134015	0.06136571901716458	-0.02644394880873302	-0.09577614603183264	0.13716518825771037	0.04165346676480423	0.042595314718959554	0.05319369851273758	0.05112744570235135	0.09324019003818827	-0.0026547910444190393	-0.07581898717123155	0.04568614912410117	0.09945724240358997	-0.028891629366499853	0.09038063268572805	0.07768393935508126	0.03748368796995847	0.022459743692048152	0.11217125997507887	-0.045901074786529425	-0.06605289677537658	0.13469436581578084	-0.16462950431007645	0.12486497859732848	0.05595313168073137	0.034787009390539705	0.12094303999819392	-0.04605688314915654	0.045701077373828884	-0.02534478929585223	0.11463285354502879	0.04302277439586148	0.09494490106243188	0.0024134971542148914
0.04851709615257301	0.0689979261103117	-0.013568291481920278	-0.12692964578537524	0.003631326948887676	-0.09766465271408262	-0.03335045422078053	0.009692612345145114	-0.042613145219628334	0.09344446739466523	-0.07226717287111326	0.03294312997807779	0.025292711884700503	-0.06712929401441713	0.005385938500269626	0.09147769818105622	0.13423640653693253	0.07263363769812602	0.06805439292988923	0.036016135267007275	0.013529802828615996	-0.09683163090929818	-0.04169301156192763	-0.1625332601120401	0.17685254062347433	-0.025987048703800864	0.1391536786447657	0.07192881605263662	0.07402745941772651	0.09572361924213615	-0.046255262318139125	0.0556209929659921	0.0860242111254813	0.05221592460680642	-0.02726203453429292
0.06357676818560735	0.09039228954299891	0.040078279021916484	-0.10052325381243328	0.027011171826870368	-0.03554639586465206	0.07490465868343599	-0.013707576195256773	0.033400687365654096	0.08134139361263025	-0.03281322324836124	-0.00595466153264768	-0.026246436954682255	-0.11950978966029244	-0.03923920528312653	0.06336386507374259	0.06985718041872886	-0.017106401638884352	0.14997679971530256	0.013652453000495147	-0.006361337856921161	-0.05807260368417244	0.026808776584059946	-0.16412296564024878	0.041867705503431864	-0.011543711004741053	-0.00022163194108505008	0.07154120536619125	0.07263422124720885	0.09640563081085461	-0.07371249281914077	-0.021130279770435245	0.0802988742737704	0.03581217422949235	0.15111890098081462
0.054700515241449095	0.04384085740867358	-0.08957723423459268	-0.11960409169686216	0.06237100718949387	0.08653764027409273	0.14792997144517123	0.07182678692516424	0.04066582146745238	0.06882619364183357	-0.016872968012638344	-0.10938478626893638	0.03002227548504181	0.04497488198525748	0.009748155360176338	0.14918848046618868	-0.021946650767361797	0.037466172270127954	0.033877018843990615	0.019088059567880775	-0.10277182024416205	-0.020782034972095582	0.011117027595846651	-0.0040172092097758155	0.1480338190678962	0.1346220789718539	-0.10149190055902164	0.060457089319680545	-0.003822473614766113	0.027031071112413197	-0.012310289341927579	-0.006379904362454031	-0.0011454685461750533	-0.07949182155226944	-0.08329753405288352
0.04421430199931009	0.0665620742070111	-0.04033114820639796	-0.14533419652734303	-0.08483563195390689	-0.07380469000520501	-0.10674000908359692	0.054834672578757127	-0.09619405345481621	0.10786275346674437	0.03032220120637968	0.029592845155476624	-0.03376879522187569	-0.054934840310861925	-0.09600064852530722	0.0827394969451628	0.0039571119812144	0.019540387609240942	0.145874317806513	0.06542841779266928	-0.13368010314736353	-0.03504426318944989	-0.012996742104216016	0.013937037543448924	0.007398468527603855	0.12192513268117691	0.0948237826730168	-0.060907211139360186	-0.036239692376139755	-0.0759060850242329	0.013571074007245106	0.12165120525295099	0.03038569327153564	0.09392658961927967	0.09498431810705789
0.05403802356375099	0.09991670455476799	0.05317434553547153	-0.10895633570492405	0.06827019493875754	0.026048524139812092	-0.0003856231019252443	0.11488479916568405	0.02120895487493963	0.0760638609915491	0.029591456973024004	0.028777230614874548	-0.08579226798373896	-0.10940209147350909	-0.08246826090801687	0.055536951097529895	0.03795560733768323	0.022338351129480717	0.02767023750245063	-0.04636476140601463	-0.019645701610840373	0.0030449925274822764	-0.07721527326287703	-0.15432851615324567	-0.027108545009726207	0.037757011784260434	0.0931185551770127	0.06595693859721596	0.05995562492409735	-0.05730552700626529	-0.05355452247789072	-0.08140454174249373	-0.053216244612854596	-0.12426152376084765	0.15926342957552048
0.05294250057614534	0.08052495381347434	-0.04242706268234616	-0.16540449449723682	0.055393091918524075	0.09017315540008666	0.11375733972166156	0.044056225714844396	-0.03188538904403039	-0.0004212973617015719	-0.00787140447898506	-0.07719377120457302	-0.028978791274924268	0.023785750090002455	-0.05547137807808032	0.16487143641687388	0.012553440001775586	0.05095486639052587	-0.10111682165076644	0.06328190856750948	-0.05155434636102117	-0.015654760660057367	0.07503046874932548	-0.012529088047534012	0.03929918724551706	0.1407586657920859	-0.020183792590779605	0.04664561061368169	-0.031405894475832696	0.0028005124571011536	-0.01653466375046051	-0.10875524114629179	0.008183737828386242	-0.04940899815914014	-0.031014215995190553
0.05861505479747845	0.1019859654625235	0.0418682923066102	-0.130991015421831	-0.09918480409513158	-0.03795693876371668	-0.09660354794179153	0.034143996038391355	-0.11154539405216923	0.06152301567786244	0.09684032419652373	-0.035558452327868265	-0.043742210375471303	-0.04890169304172249	-0.08649455781049396	0.06830648559740458	0.051605873891795565	0.057758732454741876	0.05393505561487641	0.012646414632933988	-0.12335093864017606	-0.03084239092438676	0.031339718515053246	0.020820523429946027	-0.00421135624944691	0.06072197255653842	0.09942540078876706	-0.08738876954087872	-0.01833752203757895	-0.17403899993182123	0.03899663439565029	0.04490328751815284	-0.03877649773905051	0.04679937385973736	0.10355073781257841
0.07202758407544707	0.11264020591482389	0.09715660701100369	-0.07411392272543771	0.07722167702373423	0.04270465203302624	0.009893181036425872	0.07506049671082216	-0.029839787510949147	-0.007663137877585966	0.14171173160526393	0.00608052969892408	-0.04542178890009444	-0.102322409215737	-0.08200868430772527	0.047033006732103165	0.08708016461441509	0.016950982228016637	-0.01957832428451141	-0.00664080019464806	0.01950395283492183	-0.01539654731645677	0.01577567796182583	-0.1357791026647191	-0.12860017443559044	-0.037022439630640475	0.047797491809286864	0.048896088762047485	0.054632865148934756	-0.1402948708662919	-0.13142660281688945	-0.03011434487773397	0.03054321413492986	-0.14082240721818032	0.0834811103296387
0.0566554850232869	0.09584726908037153	0.039472686716099416	-0.12930605758651129	0.01287829108456658	0.058457499668463475	0.04825231265114351	0.04033242079536233	-0.027511423424719864	-0.06292969095248226	-0.03531927133007403	0.07204099739632035	0.03321594202816372	-0.08496106840113464	-0.028428375250126762	0.09134990767804868	0.01870817082122197	0.014649400843859833	-0.08747375573070747	0.03670514040760596	-0.11556039026865286	0.018525086016961026	0.09104822686790101	-0.005863649801813035	-0.0037749591531589938	0.15165998969149036	-0.021556191445613077	0.07370687614629119	-0.06391127231473401	-0.07928887730917922	0.0772703556053528	-0.08362819640707347	0.13256278559413265	-0.03787233506810831	-0.04413797975041074
0.07002451769849442	0.12894484394666966	0.15745879270062071	-0.0870522473982681	-0.07081746828966436	0.001687648966887922	-0.04388426862297953	0.03157570107290986	-0.08654696757037976	0.03681492802815457	0.1527269036491872	-0.08355642643651318	-0.08284846944338957	-0.033554681580199544	-0.06758318591710395	-0.05157858010433362	0.05072491441915665	0.06718124409386585	0.0341606476860134	-0.02312201536307719	-0.041694838873052656	-0.031670598038885854	0.13469520183703262	0.11934979145526309	0.0039323880931696874	-0.06486496727719006	0.14063655216960902	0.06718517455567673	0.028800836841556106	-0.10717823569473307	0.031111454540047222	-0.0566420597449118	-0.13462259261949977	-0.03662756730296593	-0.023210751426293287
0.06917183355434417	0.08697501333499111	0.10867465773416918	-0.015064066747226205	0.0779375590857338	-0.00904520161733355	0.12356471113075011	-0.018610606894973628	0.09046236064217238	0.0372467896129684	0.03796917559881655	0.005961561849091446	-0.07025557521670868	-0.12180838911957587	-0.09250188064771016	0.017144812418088604	-0.011853584312615455	-0.03581102262604778	-0.004054095542554741	0.110757262756905	-0.017096140254709815	-0.028333810663948536	0.10537646345706564	0.020328359927173856	-0.20202109931215528	-0.10611568607073933	0.1150341889464602	0.14477412073347154	-0.03801692494215588	0.044851061093234584	0.02507430651429741	0.06446775982983224	-0.0661789685383301	0.039709643648812736	-0.01739592780037244
0.06428865313051316	0.06760178837903483	0.03052434311087621	-0.06224337145759499	-0.04696842019586289	0.018691325023905934	0.025315558850198268	0.14823483984185296	0.04713192730238819	0.04187175776047936	-0.12913911327257296	0.09758037231573807	-0.10998249920700928	-0.10418544941459469	-0.0893240424277748	-0.02691574007607819	-0.07781306802430965	0.0132308712660856	0.1017697447870787	0.008246794574174997	0.0295139416424296	-0.01013893374032548	0.026404387611899408	0.05506618682861946	-0.03808748170614107	-0.10657742245326657	-0.07602682770764033	0.09836970946725432	0.019478293638882677	-0.0112743550646619	0.052965996179565024	-0.062232421029727286	0.0011580966640273513	0.02660630452375956	-0.03846555396786641
0.06663905455252267	0.07596932142570761	0.059098622184573076	-0.055557817186254695	-0.12904930670397052	0.04378072770522459	0.11441699581778436	-0.013896322383224082	0.10531944827130446	0.09208642285065631	-0.08434007414682662	0.03222912300666733	-0.09973720494348015	-0.0825151781981931	-0.06583435384154247	-0.022154456303623414	-0.11741186147837525	0.035747452890158474	0.0028695227849322887	0.13682432443171572	0.06286818142104927	0.03353788428586447	-0.04051734898235076	-0.0380236636990688	-0.11081558655902476	-0.01997328269763807	0.008684008663579563	-0.015633981999082808	-0.0011911314588009484	0.08963507745065048	0.012798588427633883	0.02958464808172733	0.06048629736146526	0.09599923692287385	0.02163883422628766
0.061214769906171994	0.03380082909059375	-0.023058529163470818	-0.015556623477911348	-0.08276253949673999	-0.06271306120682346	0.11420271189496307	0.045961959413978494	0.14247867482237975	0.1261576816943779	-0.006542341060851359	-0.07442476558577879	-0.08060090979735811	0.03083258456856884	-0.02338333859506681	0.015013570482681092	-0.12917593797005805	0.07022379069395394	-0.13525128591442684	0.01572705809013085	0.04701262397492681	-0.05528435657117915	0.04014794115162504	-0.0318108913985707	-0.011911036943289455	0.0295132200669609	-0.07135849938510452	-0.052825751244894165	0.07420538751331619	-0.03770765524376599	0.033378229175654237	-0.046162427172546164	0.03538011336169215	-0.07146985912942681	-0.09177587824046643
0.07218208722436353	0.057805274839804084	0.03476458634369506	0.013826002397075899	-0.10761735804472147	-0.0757215489391843	-0.04903382976570935	0.0875495588512301	0.07032918042494099	0.13678116685052116	0.04353784544698521	0.03111202892051646	-0.09433984380878983	-0.04130495211717464	-0.054685273764692406	-0.004638741531655968	-0.09947800938209664	0.06994315469898162	-0.09502125368919986	0.07039099092443621	0.037872546353088656	0.034171321811870776	-0.0960400479137917	-0.0038163775795259577	0.0021459923284039596	0.043496385512429486	-0.06347899654315393	-0.014404431180748002	0.0384432526180581	0.004307177745585637	0.12533736346739333	0.14135288246291997	0.05720058997774709	-0.028885563402072715	-0.04847090100671328
0.07357629844640172	0.04695904246988592	0.0056085537021618075	0.006284240646258485	0.05805269548465483	0.11271017276546512	0.06479824786015902	0.08617498325681172	0.06371488309545467	0.058861616011381825	0.03293904606962105	-0.012863302403744887	-0.05285308607531647	0.014166398679538587	-0.0723224933775507	0.005625037983122632	-0.07176964639164694	0.04783524001447717	-0.09456923275258682	-0.09801145069568987	0.09002588492148679	-0.02947331302712962	-0.09727120092762273	-0.09080497197188159	0.01820689974901148	0.02140939701863427	-0.030831542617345883	0.014684771052925535	0.06523739119227025	-0.050414774551060484	-0.007786681427663927	0.04803569873083722	0.006303292286582371	-0.04557561104491353	-0.022146405690701285
0.07384527850103102	0.05074081015973808	-0.005314298347293401	-0.02501022473993166	-0.1152630928928484	0.006164742316345251	0.05302980482457096	-0.0593732188018332	0.018732015437687696	0.020566211667240198	-0.0648850663348817	0.07589601395678364	0.01586667728456559	-0.0751792562042506	-0.05057541123621066	-0.004382312947489609	-0.07254390229795361	0.08707061128929669	0.03369789142781328	0.03756926405627588	0.0017998202501475716	0.043944813189369616	-0.0648549096876419	-0.03838705818442517	0.019476752845471852	0.06396452220755115	0.026222255459012637	0.03456107464131879	-0.13443634383451905	-0.02734193909480556	0.0182778024100665	-0.01880593180496245	0.033223970275497755	0.16066932371298978	0.037606798141245734
0.06508137663793774	0.023279987548040768	-0.010024966426006343	0.040402420567535645	-0.02546447873394973	-0.04234909021867599	0.08895794762546598	0.02735269444926332	0.1511056547977397	0.1070442127150899	0.10058077478055277	-0.0841840947374619	0.09973260542572122	0.013458396789995237	0.02678315068505765	-0.0414649774583932	-0.08310888207124117	0.0689331751817291	-0.04827647079262021	-0.033508729999056776	0.01519468884619114	-0.09823523594606837	-0.0007706591062086113	-0.002201098440227485	0.05060372414489847	0.11725462596111641	-0.009035207363348185	-0.03842094792534311	-0.02355483553386159	-0.05184469575232097	-0.020008071161328304	-0.12236457031667963	-0.020373717879690362	0.11911435890462291	-0.11857429771383136
0.07272107534164454	0.03710793649683642	0.010876328163862437	0.016698479918572956	-0.08361097021279845	-0.12331849077845959	-0.03328770346065559	0.0189792681248402	0.026530687761228817	0.006143935067065925	0.024721519770992375	0.09303657931100312	0.09303527251995852	-0.08859337807887108	0.06786882204207936	-0.03909222426023686	-0.03510739933255701	0.08891767015048307	-0.0586315141982829	-0.08821236902135368	0.024250634317353963	-0.0830102750462879	-0.09807777030251356	-0.01898835408964615	0.0807024561594383	0.06206644903631301	0.03699803260766017	0.05272297236904951	-0.05213601836668739	-0.02113464888041066	0.06662309064096891	0.03472496192411806	0.001692354768516379	0.15872430156339526	-0.019394038533039233
0.0789318678105834	0.0644810394562104	0.05685932903183112	0.04679697506668798	-0.006037754753135528	-0.0010491920551455726	-0.02797218400160115	0.1306310383467359	0.06421904301513742	0.00901697967301353	0.09167423677353788	0.061134023772064304	0.01947158258733663	-0.03186736192489107	-0.010749636766883413	-0.053658182229270275	-0.04707252012101432	0.015368681896398131	-0.016140159172155444	-0.040314439238676364	0.045225041401087684	0.08304007747711692	-0.04022480353783385	-0.04847331706368927	0.06063188023503639	-0.020723102134339123	-0.05001735177815234	0.057629628933979674	-0.007513875010971659	-0.03285558721389103	-0.023167737275372333	-0.047303810348109425	0.01720077293051174	0.156044779401263	0.03605412758081797
0.06984093726118824	0.025354101638934375	-0.04035156984962319	-0.002594646233713875	0.03278438512014932	0.14093025765503478	0.05362632762337812	0.05637395081494496	0.05844955833197781	-0.018862835668347632	0.03255947620340885	0.01936918915892179	0.04950620532868431	0.01769283460328022	-0.00015007404273989993	0.04179814970398438	-0.1311312067180303	-0.02071830318096187	-0.16079519825129174	-0.02524893399115924	-0.00815227798898086	-0.02609602892649314	-0.03010820578038881	0.07186386431499023	0.08072514543937183	0.08603499552566603	0.013875663696223131	-0.006401435223231576	0.06816477634088032	-0.05091814532140164	0.09401194863372168	-0.08536320595410203	0.031155503431710595	0.04731588654401253	0.003064825797056126
0.08320305556164018	0.05624384606365445	0.03569094571469062	-0.006198272152254386	-0.15136760941693653	0.055496222700227096	-0.033358029087916866	-0.04236031928374366	-0.07150290900846491	-0.03938542608191673	0.052352788801113374	-0.006267793988758497	-0.00027391828201139693	-0.06494195957502302	-0.05624008505567824	-0.027067499632455524	-0.06253737894294983	0.060599233746139215	-0.029506943426783228	-0.013951188641298951	0.043130176557223746	-0.05561133326542437	0.021359748293643094	0.15414601812337303	0.09751712608410432	0.05994763143740724	-0.027679938966491235	-0.06030450344069363	0.04353333206728794	-0.05045606590141942	0.0014798681404912667	0.08024178807864427	-0.11013980489009048	0.08651810711120195	0.05434568816048849
0.08517821653290224	0.05733697915175959	0.04844354894686148	0.061299228170785404	-0.02786647399702095	0.007316798827774545	0.09824685154739204	-0.07354775478234737	0.07581831835513524	-0.06691042162820435	0.12036134238536852	0.0071732058000068995	0.07537882126693497	-0.07358950322665408	-0.059119950627234866	0.02831975830905276	-0.0010453458337117579	0.004851678363762902	-0.011689530647977456	0.06458469660808391	-0.05959639885133601	-0.020451791959699234	0.04250183929672878	-0.03359208086763286	-0.06661719700768773	-0.1149792704256372	-0.03432905303948293	-0.029334000425670182	0.015873331729643607	0.007310637529846195	-0.01936831715547534	0.08600901456873414	-0.03835575349889454	0.1084118794795486	-0.0441565056910299
0.08516370661498579	0.05686185662848928	0.009200756777225604	0.0278092589973231	-0.050329389032884725	-0.08742515183438554	0.01055761998004224	0.07847830399805933	0.04091028774566764	-0.16017950490267416	0.05454137795574252	0.14019609114988385	0.09614921700743854	-0.07434899134060592	-0.0027430438165716624	0.018617115590201648	0.014614213396538822	0.0454489203516859	-0.046022763822198234	0.1088735235501942	-0.0012036392905510236	-0.0534142214587057	0.03967029832036015	0.024544594847567575	0.04883192742949733	-0.026354533222168307	-0.10264780615510531	-0.05696095500083492	-0.02723869614931838	0.06420133327962262	0.07849210299965456	0.1497244364447124	-0.021170156869037157	-0.01132190121769454	0.09740935075240542
0.08473902246380917	0.05872844242070008	0.002443270206901045	0.026003292579970614	-0.03228324480658921	-0.007340550617429888	0.05124224716002025	0.12931526903795834	-0.00865057448532456	-0.17661342538688027	0.16559568009913067	-0.019815725802979176	0.0937803812234399	0.10006804182851858	-0.08801888133626302	0.0016383293947621984	0.02052816311572277	0.07520961785905932	-0.038439092360045723	0.0762833607011093	0.05481876250639238	0.06192084961988464	-0.06353799442770404	-0.005445406564722866	0.056278474882254154	-0.0907674717962175	-0.05621465671386962	-0.0886006106869102	0.06153860253338722	0.10789258598104096	-0.1316328541562215	0.11288456754731643	-0.05429580537791219	-0.01785762623159392	-0.05509296685962168
0.08470003515963173	0.05384946871047134	-0.003694249372311948	0.00866247960664451	-0.0840637708130706	0.023512208931231637	-0.05148495392069415	0.10910182091619677	-0.05418424913742097	-0.13568549958779955	0.10083334876177008	0.06250388333267903	0.0753827025456797	0.010041650468268397	-0.11917118909186582	-0.08024118170008923	0.05593091722662084	0.015370552432637253	-0.0011214660060437191	0.04667066310444368	0.013341155786832433	0.03678580993221095	0.07905679859253945	-0.031538417688172476	0.02428576527853886	-0.14988960007447685	-0.0318770591498232	-0.06906865400108941	0.046513569153980264	-0.015270350641311665	-0.04362879354728231	-0.007441049207913655	0.007640148911562006	-0.014462019906664616	-0.030710474491615514
0.08438573613322077	0.04226860021007801	-0.005696477940366191	0.03879030250949297	-0.059050855447471434	0.1389682745790464	0.06497296303674713	-0.007832383495383292	0.04839891827106729	-0.06078008264903154	0.0743792860349799	-0.00019898483182241827	0.12011412350883201	-0.02254670826413184	-0.05878486046111969	-0.033064383744662695	-0.007003139832807478	-0.02946528963645615	-0.1554517650080413	0.056324149659174386	0.10204194578097137	-0.0056822410913213925	0.04666741703818879	0.07132188727436832	-0.02586378358192573	-0.08569798213599336	-0.009206401918515121	-0.010630098374464592	0.019594038461904408	0.10068869425378352	-0.05784061667128138	0.052590737808847876	-0.006468829468560604	0.051928339378091465	-0.004083418944597628
0.08545311594595299	0.04035709799042547	-0.022659042365990048	0.007556990934100967	-0.12945312356241562	-0.018672284439419786	0.05212502001732103	-0.06375602130786812	0.018456967472233195	-0.12023147694139731	-0.00100064095390344	0.0806972614236923	0.13158940500964558	-0.02994716818409788	-0.04581357666637523	-0.024262402565619255	2.8722015745314463e-05	0.05534145357696307	-0.010586485006654574	-0.02091378174575703	0.03920937796796916	0.10278114553964762	-0.04159594400827031	-0.012614532497287558	0.012938948806029889	-0.07220016523905998	0.011118124051135925	0.0469342763937253	-0.01214498832080743	-0.07677807185164791	0.027069630560406878	0.03866811306070681	-0.01643964304897547	-0.01796750515393192	0.06093006001002188
0.08747132643553113	0.04129472749352259	0.0036310393582929383	0.07367615858591854	-0.1113502119327346	-0.08193523039880618	0.045611567616196856	0.03205128106341879	0.0740225844316944	-0.057466319766642376	0.11146953805038692	-0.013302738072789599	0.11055944864981511	0.007943790092290504	0.015100224723339616	-0.05609844209370861	-0.007834316571504091	0.05040025801834037	-0.0696867573653629	-0.012416229468480828	0.05022219114965328	0.015134781984417423	0.09902755048226433	0.05166114688376169	-0.01554930862904058	0.00917483726326192	-0.027576765874287663	0.023027399385268352	0.0051095665027219225	0.012515297030434943	-0.017542016838224005	-0.0030118600595034238	-0.0715644156661156	-0.08352072182204515	0.021548212814819386
0.08098307566048853	0.01821186492852592	-0.013506649176702057	0.09006807938658379	-0.07849030596282536	0.009668907253029775	-0.08902970134468512	0.12186095758306269	0.059514069017015954	-0.06488367710212022	0.040916146443973525	0.08379538453133299	0.14622453107275524	-0.02415450181833497	0.0264142815745879	-0.05004358004192735	-0.027853559003599405	-0.021284209684805516	-0.011776115172197826	-0.01587876188795055	-0.10336798181986606	0.13113316973056457	0.005224934362530199	0.015192207538566534	0.0006389481199383477	-0.0599533216111371	-0.029180558106043367	-0.007846386485575473	0.009037507716470048	-0.004397580914885008	-0.05201097029811552	-0.07526495302924083	-0.009067881789309729	0.08447297453481126	-0.008240406822990983
0.08857501759210556	0.03823313133512915	0.028105300615395148	0.09748977412517937	-0.08511649620967585	0.14436483539078204	-0.03560090855596093	0.038218986049208925	0.04092043307564535	-0.016400378956662843	0.07724271720451077	0.05558701771617991	0.1441665149948318	-0.052734086574447864	0.04688816656726861	-0.03486792157539204	-0.026449387707087713	-0.004843746459211269	-0.01675181875978514	-0.06625270625706033	-0.005538725761234972	-0.08345950709814058	0.03012987902886196	0.025288139928126167	-0.017159453231166105	-0.09643944800369829	-0.015031715414693194	-0.02495207952532319	0.04685353462481013	0.04956052557961424	0.07025171136803894	0.013116872957783597	0.057367358784503795	0.0031436842141724384	-0.003519965792790284
0.0817806149852262	0.02075112506545774	-0.008829743376053726	0.06452631144471266	-0.019033068488438942	0.08842396575956504	0.07056780587237813	-0.05044145048892866	0.07274953194779933	-0.12351471826939425	0.041541838612459886	0.041398538342731786	0.15434101295256628	-0.02202799850272921	0.008694730953618428	0.04296780380776447	-0.09722317344928882	0.024652730422691078	-0.00121082595119245	0.026549775185607503	-0.07948708824785893	0.1031536869788206	-0.06256945540272268	0.03548837163708515	-0.0064785115590920775	5.545756777906516e-05	0.014937832539490555	0.023965889253103376	0.03329550363078401	0.07351733112211561	0.029314183202477216	-0.00286406893383229	0.09115748165713221	0.0026155348556133225	-0.021979279777079086
0.0854488874883829	0.03277611420308076	0.00044891352942812645	0.05525205834233434	-0.12839467228950158	-0.06074690980755763	0.058827152070268465	-0.042223367128457354	0.014996598522174541	-0.09065161584753868	0.09152236647686242	-0.016424818281193042	0.09520929290563752	0.00026894110393920184	-0.0023939815159545177	-0.008328109179154091	-0.09243700078252412	0.10346133797742642	0.041674669829767814	-0.07985141794138352	0.03819133504827613	0.003128264761721229	0.029985632597482974	0.08894803806663512	0.06773163626136479	-0.06852908838367833	0.020650346073017755	0.04572575931098653	0.03999812946594287	0.0019121538958158865	0.018725207866175247	-0.03355528912777041	0.021306204271014664	-0.09683223082818133	-0.026140361324942928
0.0806605238974067	0.010991077448598438	-0.02746705378542862	0.06295020345745288	0.002481788344254897	-0.08093318356531332	-0.02710572447993111	0.05860011862126766	0.026636877400706034	-0.16158121987085042	0.07292619369811743	0.06003258257953401	0.07358785306046606	-0.012359330251369429	0.04787617372708189	0.010685219937495893	-0.11582384042546191	-0.03950254936525923	-0.04317561284669224	-0.0025491298034430315	-0.045147160278484845	0.11236913434356346	0.06730619986765246	0.055058525329628585	0.004334521055604605	0.14369728821514322	0.0436180550701394	-0.03411298335997036	0.09442469019905075	-0.01783011781219151	-0.07386843828911796	0.09640073496536516	0.049287312184410716	-0.07417357979160176	0.1362526372637925
0.08529644014040093	0.03338290158057712	-0.0010732023707112949	0.04143297992838157	-0.05276007035321666	0.07974085264138976	-0.009230880684481316	0.07282343962489858	-0.058445850689543166	-0.07993475913730692	0.04925624914617276	0.04211578973176085	-0.06623158567745704	0.06433616129506495	0.004228149014521369	-0.018218534579549674	-0.07558051221033953	-0.07453245172304644	0.07986117627005151	-0.059028481231686726	0.11176004291522107	-0.027173787305944615	0.10870233295342585	-0.03040064198588681	-0.037425032255999593	-0.0668634005133701	0.06347598564772348	0.018608285625220454	0.02501405065556868	0.025216159371069198	-0.04700068584932562	-0.02210131176544486	0.07846078355145339	-0.1644349665573166	-0.0610534159045496
0.08584792587311807	0.025342885275526143	-0.016423628767196784	0.07923456277809171	-0.097908168904302	0.035853210982965025	0.012555479835418453	-0.12258832660775214	-0.01806317140937933	0.025386285699179	-0.0131403139559348	0.11878338348023672	-0.10548564697940349	0.055673022381131414	0.07101731012345962	0.036256384915716984	-0.07780574926691657	-0.08471176054967298	0.06728333368319739	0.05854657519880229	0.06297273391121497	0.03342176940031542	0.06591381031498524	-0.07870165983704869	-0.03700266372007763	0.022511468264752324	0.13634140702566105	0.053712098325112034	-0.1283922723672794	0.04553909463568416	-0.060336535754829904	-0.07912822998580368	-0.014153748247007977	0.02513562066713195	0.03505577188296064
0.0828244496545507	0.012649487360132732	-0.009331193928193685	0.14065113539267438	-0.03548438056912661	-0.02071601663123341	0.01693775733006327	0.03953409121768513	0.049876067819845694	0.044740794389038746	0.02749491138728044	0.0558603887144555	-0.14934611168056777	0.15138596890802655	0.10794905037815242	0.07120862465905076	-0.0699903717298867	-0.06895904236265794	0.03793333310650656	0.07031708626538412	0.10397384076068317	0.00521897167614882	0.041803205216138055	-0.02407483458189884	-0.01979080205529892	0.10802262168799075	-0.04609892365950184	0.012530750689408978	0.011010065318067443	0.000802999815115113	0.03904741589444121	-0.036026406940515315	-0.0404931747661626	-0.010696166022372694	-0.009687119951101365
0.0882076068055492	0.028028972342572653	0.00812352717591925	0.12269905487843494	-0.09174944414435984	0.10929044644607525	-0.04800021886375249	-0.0085216496106971	-0.032293232841700804	0.04504347739633614	-0.03392995102588552	0.09383157401593256	-0.1601126751407536	0.11564714821130763	0.059901384464463005	0.044570366510891725	0.0009716037945545602	-0.059141920190186235	0.04716122051336222	-0.026992771679862436	0.10960226770532384	-0.15101593134054925	0.014011551792788169	-0.06583221029862665	-0.027337776373531866	-0.04764496333345748	-0.012921429776288873	-0.051827217075316165	-0.002574174342494741	-0.04477446274678611	0.05862193925998926	0.03279965333521913	-0.01970420165537772	0.00735212783898396	-0.043014976913972026
0.08626816629352757	0.008247882582501585	-0.0037365927803288453	0.13510167941208548	-0.05620444918011174	0.0862173184548943	-0.0418706027941669	-0.13921625555713937	0.0017340737341732867	0.031064744555265453	-0.03019950909706005	0.14207305166119882	-0.10264524466538273	0.0881744571498176	0.06903236419938316	0.08121560890456	0.027333461083437198	-0.07023694091510092	-0.0847194093155376	0.04374939099343654	-0.02356234096228111	-0.002728105602622731	-0.007791682464243447	-0.02680986247040639	0.05265045444722706	0.0445905283657856	-0.007251436455827812	-0.051902126531045804	-0.023578454757484733	0.031663848571098274	-0.07480216056824639	-0.044141580818626666	-0.0178561972864347	-0.00761376780733055	0.0102162681773258
0.09212179106647517	0.025740110984809703	0.028835957676442238	0.16531682280104884	0.003100552608943616	-0.01735628703202989	0.03769170902741772	-0.15082659468834442	-0.00118945060702849	-0.00443371058115908	0.06617677313654176	0.09317949189780976	-0.09045529425211589	0.10351719415795088	0.057081338187025064	0.08319940911472971	0.08596782194457897	0.018929606215755082	0.07513353879506372	0.022210500852190437	0.002369026801698832	-0.027263726014528075	-0.033360033996663194	-0.08016876983400112	0.0684018763712883	-0.003163864957933943	0.05080450933926047	-0.012046594202328686	0.024926850961752456	-0.036870992624670654	-0.04452677238607504	0.022577672670848047	-0.047628634970544134	-0.08516566633926383	-0.044061592766242955
0.08540866795196664	0.005587003036687397	-0.03428356468251155	0.13988586023945823	0.05251952761000522	-0.019958897152315875	-0.023091464758676836	0.04584238278835455	-0.0031667600147375656	-0.06713610876697855	-0.027397558230474156	0.16741688278003639	-0.10045967977136698	0.13553979798633073	0.07570564450260582	0.055395914377307544	0.07404841569840742	-0.04882651779664621	0.05374453132811852	0.08307652521713271	-0.04642826676459313	0.04577018999160973	0.036128356203356984	0.007401596537119996	0.08185050234245717	0.06147583830074611	-0.04791125314975264	-0.01507934840075061	-0.0019960084235733956	-0.06739861263339944	-0.09777746290781525	-0.004640316048224069	0.060320040548018726	-0.007899711431555108	0.03074811375935761
0.09221383604487844	0.04302202204313484	0.009198333918530638	0.10664397112790855	-0.05156762038123464	0.11359160352443047	-0.022261994891504683	-0.012132222553174839	-0.08161161827143687	0.007203008285729574	0.0026578636509878234	0.06678691158009326	-0.10994367191962648	0.13595463108544228	0.04223280617536305	0.026502357313674618	0.11219004427193278	-0.006339394236199546	0.08830829484998755	-0.006475393309842502	0.096599546320567	-0.16741402051342757	0.02685894244947594	-0.019309626863057067	0.017699710622659466	-0.02644365246034254	0.005596424180782657	-0.03854998743747394	0.026802081844570606	-0.045746709675359855	0.006965576712862659	0.009033608571582152	0.06761762690743729	-0.04469623714529182	-0.0575584010499795
0.08964765860145539	0.003361303604777155	-0.024300865167657386	0.13488530549101066	-0.03719032137372393	0.060930725171698626	-0.00578566996645116	-0.15188438393130224	-0.0427453195044672	0.010945231053428558	-0.022109274601503356	0.08126375701252686	-0.04634827499878747	0.09646587994677468	0.04184631085675449	0.05776285456351409	0.0885279433555849	-0.019746374377101125	-0.0038248737773352616	0.0625735937043694	-0.04644464977409567	-0.0014236305746628533	0.05250984967221413	0.0027791077006134902	-0.005577992169412972	0.032357130154613986	0.005352119805758757	0.025709610200907736	-0.10951222313153017	0.027813633168715872	-0.12743280590386127	-0.1247803206173309	-0.004942815989947957	-0.030335408324846616	-0.028122454460136823
0.09273311640679796	0.011519829282229966	0.007686714923241495	0.18275587020241557	0.029492685375942285	-0.04407116058207635	-0.008063525483596781	-0.05768704625695585	0.02672203802037889	0.06490302924527645	0.009652135517667663	0.09633010719068137	-0.06677679233810427	0.08589360947078171	0.07190878741028241	0.019588746753784456	0.13476054734918258	0.00011013243894426758	0.1363455463484172	0.05105616998431618	-0.04990376676985267	0.005182385872767533	0.04679821035123145	-0.003966948706061013	-0.033590988185759466	0.11131900227802631	-0.01119956548631286	-0.0033293968908397753	-0.05057773435510454	-0.059410305747418846	0.061137802603566035	0.00368976935744951	-0.06447465623177216	-0.05894334027148117	-0.00783330128939089
0.09355425479685019	0.03557923065440333	0.02800543083839673	0.13112673675856162	0.019478632763058112	0.10407842735890477	-0.004693748467203116	0.01629668473304367	-0.015026333108378387	0.021974828490868833	-0.09212393112630345	0.10439021624987416	-0.07577454052375616	0.09301378311282178	0.041355925771192265	-0.04601966620679427	0.07870937430912446	0.02631637144077126	0.11065421125517329	-0.11536978446885408	0.0734592505029953	-0.09201839705952497	-0.02844685392229568	-0.050946715462873236	-0.06948568538765779	0.008433576806198047	-0.05177190409466634	0.020004139890709573	0.026694570262370154	-0.004542299625445334	0.04177561244683313	0.051341862829558535	0.10681237026545898	0.04567697567325206	-0.03510463055037227
0.08329407741573212	0.011166737287246544	-0.03730590020323289	0.08226022357550822	0.004518451743765656	0.06172110816210523	0.08390283223672763	-0.11087285012787965	0.004889092511615456	0.0021073726831328057	-0.09240727420520949	0.01549265359608311	-0.03588973252255026	0.12964436581309058	0.019742057595077633	0.004172823883213633	-0.03577556189704216	0.009502201058336827	0.010292088311446628	-0.03782524579958748	-0.07923187753182434	0.09609145120956436	-0.027810519413131524	0.0006614625310728817	-0.03517091373231329	0.0719323844844785	0.046130744036087454	0.03238631484142306	-0.054181018242635846	0.11667993426412199	0.01635624295541023	-0.032765481911586604	0.08734397693730075	0.06710239769069071	-0.10306267763432306
0.08084328074108144	0.004012956835782948	-0.009808200545080453	0.05926411698201406	-0.03324836923955297	-0.082131597797894	0.014201043282621253	-0.12276928743384773	-0.07257082797115909	0.02651426862425882	0.0034597507562528704	-0.05566618548119564	-0.04845330792852636	0.07404223314772829	-0.01022474227603257	0.029308051073675952	-0.006492700318296021	0.05889416839241056	0.04208073978911483	-0.1623013225662286	-0.05218530118169635	0.03640919243010318	-0.04998087369636507	-0.00853581793074537	0.020518426519673814	0.04163213985633809	0.05090905599251327	0.05939899346772731	0.03321537381980169	0.038145612171930125	0.048866047338743855	-0.05435042952338412	-0.06416085554328924	-0.041142398274501876	-0.029971595183239948
0.08344610296533973	0.014638782496868811	-0.025638848738061156	0.09987335004016701	0.10420978575986899	-0.09560692630430542	0.027895283650053424	-0.03719107700657704	-0.02447977637936959	0.05712234690355257	0.0812000518096649	-0.03156176867153685	-0.04389523139396046	-0.019665461600382166	0.03895911925802869	-0.009482775856519448	-0.029298662420625246	0.0049054135644944	-0.04239095512547689	-0.12178678621862433	0.03301336367263682	-0.0041737268110938475	0.0026573429538524138	0.03841477255542185	-0.016586312309483854	0.0538653135420184	0.05256138841430883	0.005120982540454818	-0.07225562265029353	0.047028262402537345	0.012618728792993333	0.041273115111096464	-0.10786828300447851	-0.02274377148554979	0.04512684234254443
0.08030505182386863	0.010816498905700144	-0.08629451011321998	0.037894054602592146	0.11810591585118128	-0.08809472026696032	-0.04964018702033599	0.03545028751221961	-0.08416032902018325	-0.05222175326995726	-0.04082812432776071	0.08635170052283893	-0.03164283014229003	-0.04782258914896154	0.028657848038401972	0.02145080989686125	-0.05230381017652877	0.021031059326895935	-0.006591883858934007	-0.05322459247936345	0.03530459003150493	0.10528473213378405	-0.15569875250777399	0.04888375266982693	0.0007964821959171517	0.053488581087456015	0.04953561814831535	0.002356856510345899	-0.06999990335874735	-0.02034227715904814	-0.015119936799289475	0.11244425608571705	-0.05061795540968051	-0.04580794110255523	0.1303102228958721
0.08222100739361578	0.028993708849544636	-0.08017029629812819	0.015706575143292333	0.0708346888237366	0.0020175727104443718	-0.0316023192119809	0.09376975131437769	-0.09835287953023616	-0.02553437932327878	0.03155692915871416	0.010881031049084921	-0.05446963913077043	0.04842954113114279	-0.045545398990498545	0.016675632670342992	-0.009728494154032676	0.001101366127154376	0.03131580963190669	-0.05227008179824327	0.020322412893392393	0.1278343216198647	-0.07593879292680683	0.014825492796683642	-0.0173802212683035	-0.03351830405060856	0.07067082406176631	0.0248689762340627	-0.06353654900443476	-0.013199843623415685	-0.01664108170239867	-0.11549758710069548	0.00091599228767162	-4.757920470577215e-05	0.10964292109396254
0.075230430550929	0.009674835601475666	-0.1144834281295472	0.0007014524473794608	0.06252936100318272	0.02991972756976293	-0.010074739523356661	0.05832944851296119	-0.09966925096804849	-0.025081315391483356	0.00019031030832020445	-0.03619762026391079	-0.014787590458443887	0.09864069175580412	-0.005743214349182907	0.05005622323300499	-0.04084571906204082	0.010181437680935412	-0.06427090783692224	-0.03549685681529967	-0.06424856168390823	0.02345784463617425	-0.04464141594184228	0.034912159851262996	-0.12017581516861384	0.0026542934853940325	0.06492451229441688	0.0051110697490630574	-0.06503597104854845	-0.02958741711280405	0.03174025172267431	-0.06356829977350378	-0.05547489201778962	-0.021892685791868368	0.096335393951093
0.07671411734066282	0.026441780017393533	-0.06701534597685682	0.04715698273789432	0.029607531754164973	-0.0906562573547816	-0.0693774662186055	-0.03398595971955267	-0.22855285724604324	0.0830382201124772	0.11134209835046774	-0.11553394724717114	-0.017372558647908834	0.019422771456737636	0.02675430187518432	-0.00978724219844711	0.03477028325247085	0.05028941067201109	-0.08165437677480306	0.08055482445061143	-0.06845100930952448	-0.03278477268509103	-0.1023706585101245	0.036087209629400034	-0.04618352521151998	-0.020580850527531773	0.11104430948141264	0.02404545896284084	-0.08116537100170666	0.12603727856174285	0.10591657855099447	0.08629248755100098	0.018661138146721094	-0.029704765673929656	-0.16885414059647502
0.07695820418395685	0.01661825546914766	-0.05127466169214343	0.062360910000914795	0.2057253770369429	-0.09241339780413371	-0.006163117940419591	-0.03798949331535692	-0.07410191658444729	0.11533666121651062	0.10723951138660762	-0.004654418657688096	0.02161652562951389	-0.10286576123209348	-0.01678469010257337	-0.02423103616594176	0.08002942927126747	0.007476381141713663	-0.044489253978548825	0.040958726816193926	0.09352599426701932	-0.11096382803030669	-0.005063936685426203	-0.028483143640263966	-0.002724848928981725	-0.10284204380273496	0.012065331247277999	0.05170744710724344	-0.18490050594315963	-0.012164025037753295	-0.1026626012592026	0.007283171063800673	-0.08098367873321592	-0.054141410020695044	0.00817767896605667
0.07059096135503781	-0.006150791969546054	-0.12612430305109618	0.0041978303008210465	0.1632140700925004	-0.10981145618430975	-0.027096475151954603	-0.005560876359401679	-0.09766245646319993	0.00895093555752969	-0.09577756385570842	0.11309472232248433	0.005297797271581048	-0.12432398637907711	0.008955268289982042	-0.04203370264382723	0.043923604446046635	0.05966773219055167	-0.07882624452824755	0.09561236813956187	0.10264768260202932	-0.053865164258525555	-0.08153818697537968	0.018255575009408616	0.009563867935667124	-0.18731530720109188	-0.07020063557034528	0.04400299786369276	-0.10492816319784735	-0.005841533572980152	-0.04080322828803676	-0.002713133869486406	-0.0313316693073224	-0.05998007595614962	-0.009976614460966045
0.06739693252855589	-0.006647609730910387	-0.11771699744891997	0.009002706223206012	0.11367478028804323	-0.03843229703764223	0.06669859324677517	-0.05213944133728693	-0.07987020532513076	0.07701394986375079	0.021913626727567644	-0.1105424906987823	-0.009277528737636877	0.002217492150244609	-0.0654506928854706	-0.05154174637603559	0.012188235984857219	0.009038283497245926	0.0020501760733212145	0.06018731543104401	0.13081462940496041	-0.041155508174021194	-0.04664539335458477	0.0223460219791888	0.029614212766372425	-0.17305863920228487	-0.16246364323470136	-0.022765471958501097	-0.010479773528832021	0.07686498532546965	-0.0176272570360841	-0.12309923438850026	0.0012075708637705393	-0.003436052724981438	-0.018679091922701955
0.06895025865348803	-0.003680799285942475	-0.10812877195497296	-0.01374964331903054	0.10899770416179329	0.022397518507626155	-0.0226095128335981	-0.08374329177358218	-0.14064780348346662	0.06140342103419417	-0.025508690644185105	-0.014923464544309477	0.0027958619826147684	-0.08373082695713714	-0.04745865698271303	-0.06817631845596689	0.08648144083449294	-0.005417119690826918	-0.021822238169213568	0.10804253090203257	0.061952441502068356	0.005557290791322833	-0.06773349656826805	0.012137478264141174	0.1002964345836246	-0.06674157928603985	-0.23041401485963772	-0.03690713543261583	0.005662268514137767	-0.016736789713750474	0.07931124343490636	0.010428651238117754	-0.1659250836361686	-0.06539768491094669	-0.008002127562987373
0.0617412482117651	-0.021653732815354897	-0.14323931475471957	-0.025802818402238966	0.1559219918058461	0.06302757067240813	0.023746697665721194	-0.07577840344139511	-0.1091276440353964	-0.014828939937493534	-0.059486296044695006	-0.021816299511014065	0.04978952838010838	-0.022096021470979332	-0.03873805958317829	-0.08647088920217773	0.08443339296732946	-0.0015308194653198934	-0.039050412839013095	0.17218480738075823	-0.02022765558239005	0.04615500089242683	-0.03797966027076566	0.03440668502606925	0.005392222050330554	0.019840225155072284	-0.14060770911326514	-0.017700571565223165	0.10666007061664565	0.03993076459159398	0.02232126835683269	-0.042351296783403214	-0.018609721888805327	0.010409149546611804	0.02223251450029168
0.06734630548444054	0.00027287554884149927	-0.10060803446429739	-0.0489697419615192	0.012275476747205633	0.05614344296193604	0.03095422638434567	-0.03317137512832702	-0.09950277938959955	0.044306895820736686	-0.07204282017663072	-0.03160022698915571	0.05200449505193904	-0.015060814163221569	-0.00964092317268356	-0.07769027387527482	0.11766229430885253	-0.015090393805863911	0.008295099647801119	0.0559948296357929	-0.002801874446131447	0.04618320004340821	-0.011989439554059483	0.10662176848918595	0.0667277813513241	0.05490266873483756	-0.09338927387224194	0.017089007860597027	0.035893338728398484	-0.023390923572754834	0.12213157589401924	-0.06465142586074014	-0.09427616056133127	0.01657328142507123	-0.047498388986357616
0.05998137900099066	-0.01941970498480617	-0.15012232039982895	-0.03575569855176014	0.0645514016255189	0.07596265144118765	0.050508503907702285	0.033882789262865524	-0.033568018969216996	0.047675828879101836	-0.03770330828790157	-0.09578356148089902	0.05547035812020515	0.06929723118056806	0.008670633751348127	-0.05316123270885712	0.029053888366178844	-0.019443801203585465	0.0014917495296324634	0.06064169749885707	-0.12293986995230188	-0.0026223091119606384	0.040302701910856414	0.05184030696146509	-0.05171710883956572	0.024245791966198665	-0.0536937535759352	0.006141765824648735	0.04264660373834027	-0.058186746583226596	0.03972969532342521	-0.010240244791750657	-0.03870023540521628	0.08522138646155147	-0.00704654784140725
0.06147691178382676	0.0018203844016148264	-0.10153659143418582	-0.037611758527023545	-0.06969958910195813	-0.07862402955296074	-0.04708208321854159	0.011380937922636331	-0.12722006654907297	0.0767706549613102	-0.07423741318184998	-0.03683085112259533	0.051175573505841496	-0.03560128818236918	0.027104963041342328	-0.06158013847861131	0.03907018447185414	0.055279548056808646	0.05657169673651937	0.09349449101429098	-0.03400708426305149	-0.05572266864935722	-0.07066580912937727	0.03729966599823951	-0.12003968600478981	0.016954742527673844	0.029445394089651182	-0.09163655356298907	0.05671999459641202	-0.018254823245307666	-0.017329057987987603	0.14086972610470144	0.00957202967531778	0.1075664968610319	-0.1854304115767233
0.06565678319254566	-0.006974762095528095	-0.05739980883651979	0.02941584222650328	0.02872724922120543	-0.09642355745252724	0.04228357724738496	0.029686425446544217	-0.008211175831240258	0.08281218828743803	-0.055559579158408944	-0.056930309628138796	0.05825562200740592	-0.07790470144482951	0.08523467220859944	-0.11312370486549263	0.04777482205829282	-0.03618346748922308	-0.006150270934142084	-0.01757087389463525	-0.029161091805296194	-0.030641846335396537	0.013098050462072727	-0.04037347643434827	-0.1127552131520157	0.09427152514322301	0.06987682317697991	-0.09212513463516386	0.028062247206906043	0.04228526751541104	-0.12052921126797764	0.05407266967973539	0.06754859811344897	0.014904475969481093	-0.06152743657009453
0.06002372701416499	-0.030320810171590308	-0.11686380695488263	-0.004922346316176227	0.008785851981948749	-0.09414647307343942	0.02575335807873841	0.04930432707808462	-0.003125087410925198	0.03680323226888656	-0.1711244668502533	0.01179280445723683	0.07763269289593504	-0.07445042076337641	0.12395589442787007	-0.10372390095856872	0.027385203034537432	0.0003384368823500294	0.00259376067381793	-0.04455724478450984	-0.048167893826346335	-0.022176599286374273	0.003274889554631586	-0.005338811430518273	-0.07473529585447612	0.03003230933766407	0.07424834572289701	-0.01813392331701983	0.049245688957576576	0.013866736129746697	-0.219437035346184	0.016327934862423347	0.10006467708656133	-0.028373005053270218	-0.053059307020168915
0.06671243037477913	-0.0014963477845162275	-0.059647702939793004	0.01758400401090445	-0.05625905306997369	-0.08396966011613506	0.05897485863927045	0.003642204505856238	0.00520242624201005	0.08066670810061641	-0.04807943141367781	-0.08014262275754505	0.06631653702077613	-0.026218539039739863	0.0624519877877873	-0.09508636616316615	-0.04021398690740947	-0.02459009258971688	0.01060296176779885	-0.15525765400835634	-0.026106200598338347	0.0018960139982288071	-0.03517655205415285	0.019882354485431852	0.00561410047462324	0.03783568531944373	0.07359566013060219	-0.029179048048666844	0.13310185134638264	0.0610190048517386	-0.026772206191139795	-0.01748851517090106	0.185836352795771	-0.0752523509792016	-0.040707903616143584
0.05693803369226023	-0.035967802224466876	-0.11822355758673968	0.010743951604271345	0.05625785881370639	-0.08460802065487721	0.06514203435433484	0.023432702973849816	0.001019158419856053	0.018910430763103593	-0.02440935263469083	-0.12189454834576026	0.07681998076085328	0.01437488128164889	0.08573418166197648	-0.06886245738742816	-0.04196074477931465	-0.04894653406352257	0.01601745296306313	-0.08757512374187124	-0.07744548661488396	-0.035405709749800895	0.0718429669556373	0.046727790254619636	0.004060247177853478	0.05072486367811359	0.06287496536382971	-0.0007806062094728589	0.05722323123799075	0.07374578829196232	-0.2411076133202692	-0.0019864747386916792	-0.012342345337589145	-0.0522714222620146	0.014363371619648107
0.06283719009881374	-0.021611832262990405	-0.08500487309059389	-0.011208570644397214	-0.0641741075215872	-0.11317489418570523	-0.042979291159556746	-0.04289526485464277	-0.07116205632925264	0.043260036039543544	-0.0962671732826288	-0.002586669404830284	0.020615554949468366	-0.0997885222364431	0.061324284101880386	-0.038153392886349204	-0.09134214543126945	-0.04010356540671472	0.08388545284719459	-0.15410426304385041	-0.06379517625720936	-0.03467296815198942	-0.04570274125393693	0.026495744268057096	-0.022823851591454846	-0.06763192970533805	-0.004929804497661705	0.001220397181108196	0.03558359049882958	0.09300500054293283	-0.08900395222229476	-0.05184456706054327	0.05994876489654328	0.03241380912695045	0.07559933008121657
0.07360471391907063	0.012477058700183542	-0.03755779014984105	0.04241647637367592	0.07469835772874997	-0.06554646513728926	0.008416210980329226	0.06746434604701618	-0.01586284077061285	0.008200327660959936	0.0009524919645510692	-0.00935963126351123	-0.007812064225808028	-0.050708762348139334	0.07120880410023707	-0.015564247691772764	-0.06067456015319389	-0.0950705955665995	0.10251171834028538	-0.13112878457738902	-0.07635418264040172	0.10858819543376279	0.003610291882398635	-0.010320773848964668	0.009433679580571383	0.1206436677596423	-0.04171757056712782	-0.05927683008979425	0.11982640430108499	0.06023467973614195	0.0014018219623137436	0.02331814785463728	-0.054910068469707723	0.033983964433752574	0.14840107697668697
0.06758145968490856	-0.007939158361159281	-0.09429823798830937	-0.02176129519599784	0.051179950921999465	0.08317887499045275	0.017698173713654158	0.0676196335689408	-0.10539535159531771	-0.05423396514340117	-0.0854557063849206	-0.07908289080600127	0.009251523868806838	0.028109965205078507	0.07611449396744605	-0.03336140135223181	-0.04688047595222396	-0.018364762328577974	0.009080959698542671	-0.09214849566785849	-0.06421885246462129	-0.008413905422030014	0.05157539533049962	-0.044825304819664694	-0.059538025864089815	0.08671001939783413	-0.009702062763982533	-0.03680850735159913	0.08457631265134562	-0.04686030367664848	0.03269219483355213	-0.10404455907323025	0.025742043918541936	0.016504774982011458	0.07501613031350182
0.07489874972005409	0.026134005492883562	-0.05487138720304076	-0.0038470273494004663	-0.04863645885632797	0.04689322485031316	-0.052155384678044245	0.0014096758720269953	-0.17233610049641082	0.032837273271198134	0.02909280234711278	-0.1369328235000315	0.007376037333462921	0.03198314956265567	0.03504530380634888	-0.06177946680595515	-0.04597604607629017	-0.02352857486167544	0.07800855473255172	-0.08876402036788467	-0.0833548842847324	-0.015343620573652336	0.13142727125193585	0.030216604322450498	-0.0660385429377677	0.011214238955477058	-0.013465015646458856	-0.08764091327620138	-0.005879612691173784	-0.09036792895634416	0.08675567420230594	0.04387914628770324	-0.015083040368329062	0.05136244900943752	0.0063002183512068655
0.06953432531014779	0.026919018513541462	-0.037652259846768024	0.015482103420790594	0.08679655544506615	0.09591557572480565	-0.06870835215224935	-0.03454118168391423	-0.038156577127938233	0.07422847584662147	0.025146489218534362	-0.027815290889155946	0.047748919302540396	-0.09345897151927934	0.007044151356735605	-0.032553807750679245	-0.026046779605851347	-0.12277542358954958	-0.08374908803605013	-0.04769687609707462	0.05582465027341609	-0.0037716971458354315	0.08019789055751418	-0.03167433093323391	-0.14322195995266515	-0.10673022906013446	-0.018251179751874468	-0.049455829384702804	0.032179940026839396	-0.11399329330782079	0.12469587463901774	0.034400755791160906	-0.040744197654095565	-0.04477336754612595	0.006649723467276762
0.0643126255623452	-0.0028826288735389464	-0.12495614140850596	-0.037208824689639576	0.13703609872523745	0.08227028837430315	0.004893415753492304	-0.057344401544200015	-0.039203743088602416	-0.011487030760425723	-0.0967281073974832	0.02773968298977387	0.04244840807720084	-0.07250578488911866	0.02374504139906935	0.009304548277063751	-0.052904236941518884	-0.047695592028712964	-0.10490438021035786	0.06639663470025224	0.0084570531309298	0.11529485732905721	-0.031021058077330865	0.08055393348597342	-0.06115299016271629	-0.054973305838848636	-0.07357954030759223	0.00558491305926425	0.05620801532573666	-0.035012132549524067	0.1489331210819389	-0.06047201803297646	0.019024289822578755	-0.05456433833875002	-0.03652216355934243
0.0754814785332887	0.03334296530356556	-0.07511250533774703	-0.03696566191052361	-0.053341645262593856	0.002898837949216829	0.04964207500709407	-0.09145278546923101	-0.07593058223432345	0.013038626687583354	-0.0840634849991937	-0.011850972332338222	0.01057683567566838	-0.061082934401078336	0.01012991286522568	-0.03591261395362012	-0.06893597183650708	-0.0384022716715192	0.08195299005794615	-0.0006463970601705699	0.036002227826623504	0.15862160118078988	-0.030888218457376854	0.04624863759038727	-0.03678447899897451	-0.048702522543310506	0.013636451093317932	0.0020485090081180843	-0.05290586222511121	-0.03692564046396925	0.10367748957224973	-0.05277709140089512	-0.049044664511973625	0.03260991049516862	0.04277305156526304
0.06768002553329118	0.02626489374663364	-0.11981919185797311	-0.026832440276989687	0.011585752372084649	-0.026330905999717834	0.1465612970991594	-0.049817053251758954	0.007912704707640217	0.06210339159902421	-0.047622827890008226	-0.1180152392285024	0.07251731483535984	0.06133358766030371	0.061080729295781795	-0.0032588414615629547	-0.05052014751056866	-0.048868375051113744	0.06733884567481613	-0.12405311635884372	-0.03220294290841767	0.042902391933993325	0.022290106202173157	0.011352420210982785	-0.019381310732904777	-0.1122333759343075	0.015012873861163758	-0.007236758040701734	0.0285866082328114	-0.07265861160568937	0.09524243252249207	0.043439212456268465	-0.04302310572548504	0.07333961974161485	0.041347721683584325
0.010134487867625412	0.02777322331992842	-0.18251012038909684	-0.15280112954987507	0.025760008184651337	-0.0722988219707419	-0.1905403795158986	-0.1484639287387538	0.1525256310742911	0.05064665854834763	0.07980975130497023	-0.03970806617613295	0.18541727689784976	0.20444060706195236	-0.19915035899579497	0.2114866725429441	-0.17190734517692743	-0.13103864967847137	0.15557743958034653	-0.03692854798320969	0.17854515557009482	-0.13648554431851329	0.05360359165742805	0.08386835100432186	-0.11203715141613124	-0.00992627335623715	-0.2978268111248094	0.12815135981512155	-0.056323156222690254	0.015572857100080299	-0.14162207897822798	0.08228495500813089	0.18542560625011584	0.00862697560274521	0.11698799937768374
0.009503939770562799	0.12381092516377898	0.04303244789067427	-0.1789322595352372	0.06615607168147974	-0.037111944828281465	-0.23463747711935182	-0.11620896145966078	0.1282070797090006	-0.021395445320109303	-0.13037683998721614	0.08282593174643335	0.08484130205159031	-0.00544078595967308	0.045120605950162526	0.1601777071561608	-0.04328160616697575	-0.2148707908022968	-0.08153891044903615	-0.25520887301375184	-0.005470016251098719	0.0775777173064645	0.071454341928825	-0.17302176386075302	-0.004810610064434145	0.039679636529606196	-0.1857518792214239	-0.19876241061750008	-0.1821631731635086	-0.09841998166681781	0.03283236607126307	0.11646313415006133	-0.15981359606985923	-0.006805776602992818	-0.15518295608265442
0.03548638603815277	0.20625330504637734	0.2382566369378884	-0.1618365827875967	0.0600660130118404	-0.012776357366250157	-0.18403864014467755	-0.12859489826746343	0.10348179029945258	-0.004542147449996334	-0.07304749955334269	-0.025990469670847265	-0.018102307390862	0.027088024067212113	0.23384178983136134	-0.12357373511875165	0.00891729299124418	-0.016271241527921768	-0.016797145398236818	-0.08505624879176113	0.03076018111061559	0.06787763999448058	-0.07389327152031491	0.11237458848868584	-0.037167678297349654	-0.036214550001318756	0.00379605205913227	-0.07687356989396264	0.055190033691003365	0.1096899616215618	-0.016010181022934503	-0.08729053853754289	-0.1690473719722841	0.03949940968451031	0.024046626978181683
0.040456344779931847	0.23214108713339432	0.24489258729872818	-0.17806311795989174	0.12387344458012851	0.005887487416181427	-0.045310646500317416	-0.10473609890530784	0.11162758429495988	-0.07964027467406995	-0.045616781278044784	-0.06779306221925435	-0.049094470446837034	0.1309472203881016	0.24569146679533557	-0.15878578043072286	0.05459134728898982	0.08998837220449812	0.02222213970273962	0.060074745136599175	-0.024452587738868742	0.0061094733550887195	-0.11915224448306694	0.15073896650847518	-0.03323823765915347	-0.12305153497466094	-0.03573529115808247	0.00020088834773658582	-0.0010291424465104781	0.09263444248706294	-0.013670594673311054	-0.020105376650101814	0.014490019428392488	-0.06466524834198131	0.015667147311850108
0.030066783716035606	0.22010728717376005	0.1758284322798498	-0.1922258336464851	0.1378138718408758	-0.003989337757398728	-0.045580918874109186	-0.053925253577245924	0.10847792178820584	-0.09003984005576522	0.0041951821927490585	-0.12530787048643693	-0.046498715470459126	0.2199025607270566	0.18813108642487497	-0.11719120705859425	0.007942129297849536	0.10732338159865129	0.051200761563292715	0.12486136743584267	-0.06613372088444758	-0.03780918860995189	-0.07455379088383107	0.09875821026673076	-0.0015125871050332502	-0.04839167371789171	-0.04581929361705207	-0.060869744865383046	-0.050112662792276746	-0.09443480205301613	-0.06147794627244854	-0.014600458224292609	0.2313796849954811	-0.006409972348497238	0.039531423174870364
