ICA_00	ICA_01	ICA_02	ICA_03	ICA_04	ICA_05	ICA_06	ICA_07	ICA_08	ICA_09	ICA_10	ICA_11	ICA_12	ICA_13	ICA_14	ICA_15	ICA_16	ICA_17	ICA_18	ICA_19	ICA_20	ICA_21	ICA_22	ICA_23	ICA_24	ICA_25	ICA_26	ICA_27	ICA_28
-1.85835608580378	0.27984907980513696	-2.3504884441765808	0.5544252931060509	0.4485312780935469	-2.4841210617571736	1.5291363528589825	0.49530866890603753	1.0604535373271815	-0.96856024526109	-0.23970230641449647	1.3981412062847618	-0.6877136626442832	-0.4232658276769766	0.16311547318325637	0.2093570541109092	-0.8704958776075485	-0.4435284984996146	-1.7224559772534012	-0.47199055375735	-0.01907809965687689	1.477349872577136	-0.05784652566285103	0.5138712718408269	0.4955208933357847	1.365671601917668	-0.2747288326592327	-0.012273255427316741	1.5907203340779827
-1.9933710423052047	1.2052296129521145	-1.5373665293317516	1.1662333407107512	-0.12057329213095799	-0.7243314991226305	1.469907151906987	0.3207661918064407	1.404225810813401	-0.8621039473034143	-0.7965117980261862	1.3478790355142785	0.9039012411224111	-0.21756375428979907	0.18034536927755151	0.017538270350981662	-1.1278086842490322	-0.4872996938261822	-0.7292800568242664	0.7924786100686496	0.7128041457192972	1.0783188794091603	-1.832555460148473	1.5963279730363866	0.9788615087941485	0.6456518648686757	-0.7341515090040772	0.13495091753973504	1.4702057728637408
-2.141997890553948	0.28340866117375885	-2.0288924541548314	0.8209612127329866	-0.4081944865937723	0.5976297498072707	1.3742326121676312	0.2475017799588566	-0.10853616105915102	-0.6098844954162383	-0.7991831070734704	1.3513401928385091	-0.29133541021409026	-0.5371142582356488	0.4281930111485034	0.11733898501588834	-1.362771369956229	-0.27491195489793335	1.1289110143124252	1.3600324570300109	0.8438626729253376	-0.47916409871560367	1.5029760536499164	0.48875316909642386	0.5766542442428555	0.9409988944365061	-1.173596334156996	-0.026590022380092504	1.6504792741125378
-2.1529325352527278	-0.3880092554376601	-1.7740240997364716	0.631207718582222	0.9245385533173166	-0.30615682353319246	0.1638410322338393	1.6470182304481582	-0.9485545328754776	-0.9213194586621546	-0.7712800882331271	1.412326588815796	0.17476030006639398	-0.043098906365140584	-0.3726337202754451	0.08094301591827849	-0.6464060389682166	0.016457109380391573	0.19782068259318925	-1.3459839995088205	-0.30956183328900255	-1.1969550443015033	-0.5377257886410916	-0.33117475043254985	1.1253443018199276	0.3520538263316016	-0.402413142671664	-0.04858325560083082	1.4570814298636643
-1.593207294734325	-0.5307722989275214	-0.4154724216503867	0.05928898792640763	0.7818339518408711	0.3662983942727077	-0.06664620401042484	1.516399750342555	0.7279597081558229	-0.5836779506533263	-0.7107718669650114	1.2985862109229067	-1.8057177891228682	-0.34895559627178796	0.4652284836362236	-0.08912551190143102	-0.31656454772976533	0.2348892992290473	-0.7170712700407657	-1.048226464478604	-0.014646933608747031	1.1058400548867662	0.06617256709695997	-0.5852598631384892	1.1839334097579848	0.3436970893573938	-0.4585625644341492	-0.24991489898987262	1.578259070131143
-0.9017194050293743	-0.7350210472456817	1.0776531296927585	0.2896361810669393	0.7061792515677285	0.028373584617925933	0.4005908302833763	1.5331090838500383	0.6343765574504805	-0.08389042648338417	-0.5865875643393775	1.242813365209068	0.675290602826458	-0.2837164403200007	-0.8426267644443157	-0.058415345026005316	-0.4041300947702877	0.22611631999453471	-1.2835463566756953	-0.04859270357799618	0.37018858276264704	1.5275366360506537	0.1094953508358577	0.2806085362428065	0.8729093219135784	1.1948824869672863	-0.42137359652259065	-0.2872554178244019	1.6781526038292507
-1.3130637453433134	0.1815848710352961	2.038166369405863	-0.0008215256975580041	0.9653275145875458	1.204151838780059	0.006044989474592212	0.9580738607525746	0.44709646833254374	0.22960757787009717	-0.5843986956772271	0.9318952057039896	-0.26987111277503184	-0.2799631131203733	0.03468553411461095	-0.38820241570040026	-0.5098364066802548	0.1725596488135089	-0.14121057730173683	1.6874052008043294	-0.8456746087682493	0.39712360829099524	-1.6460183325769202	0.06108101399772019	1.0767191126425235	-0.03510709071298147	-0.39869618305890925	-0.5295535152886182	1.7051761835271892
-1.162179360545418	0.9519293527969124	2.6155234100884357	-0.06691342271977273	0.5358409148555517	1.6661811296175115	0.11980012071768811	0.9170090121296641	1.0500513684541588	0.5761179711159226	-0.32332349859101167	0.8660658812597913	-0.18123442586803873	-0.25750335577180106	-0.6665463545337008	-0.15737841848181428	-0.4010293990600759	0.5056589761595245	0.00828665139954108	0.4255658690451751	2.097386869458375	-1.3031166181080185	0.8245180967722087	-0.05465140807507985	1.3540902299927369	-0.3155745647620194	-0.48631995292754765	-0.3099517562728884	1.691385921778407
-0.5939555028438838	1.17100676827531	2.6011038161775764	1.5311187130203696	0.08410976065897903	1.1425636192459887	-0.29585745905588007	0.6380810333578384	-1.165550433099815	1.3161761069566515	-0.4204400861555654	0.5273270328285601	-1.4978849370218132	-0.32026320067704545	0.016725187622227387	-0.42146958569532716	-0.5713532673136762	0.8168060221187153	0.26876209777184046	-1.3883747446277253	-0.32811442013749353	0.16290572805288595	-0.15329860093734454	-0.6920799934265155	1.0623610564384969	-0.609876140036235	-0.4064634076589043	-0.14106249182602645	1.9961849834358365
-0.49657943934128845	1.3378748254826398	3.5585830882639593	-0.31047253873019803	0.626579674505795	0.9826073940099429	0.13413862797750167	1.0511409399839213	0.054258588588114776	0.4021043300061789	-0.6642655215335302	0.923430976081807	0.7592549220943259	-0.38403004498056664	0.3440840355562973	-0.4489768325870184	-0.5925243432618369	0.5576291426240854	-0.6410747135874922	-0.43028873946264456	0.3230947555162716	1.3740767492090098	0.23858641490074203	0.8944535230627697	1.24201155777202	0.03694378456814671	-0.40843255949359675	-0.7940424433725438	1.6916993695168532
-0.7523053780687752	1.2475246334848968	2.387975104649418	0.008710776724205376	0.8519854985669149	0.7905060568886584	0.7583267193919406	0.9129121021288514	-1.2423400557614783	0.7695581721696727	-0.6180003924074607	0.8998314184682394	0.686368151382123	-0.2260676028604569	-0.9641098905081634	-0.018649681211888043	-0.46023067763773634	0.452927726602422	1.2189114291590653	1.4754112448910743	-1.423623418683489	-0.1432995811789885	1.2076896886742428	0.6813527679505503	-0.23965921603759247	1.1601592429282017	-0.5000290686884491	-0.7006784040104618	1.739112672796104
0.0839000606238769	0.13103076460071184	1.2046732572369718	-0.06036729670027523	0.35715197268924503	0.589433237572525	-0.10665756810015559	0.7746707469658073	-0.5254139616961563	0.8330406048749817	-0.8126646007874412	0.9301376247479792	0.7222406085873211	-0.4337545654486704	0.9106675743758317	-0.7194711058599206	-0.6204844855377717	0.7013249309449583	1.08834675546057	-0.9501941214811374	-0.30783645811882493	-1.8033669287141167	-0.4334716850429901	-0.3168270560159425	0.36490107569895264	-0.7460445954942054	-0.6332333860825756	-0.7166284560993901	1.9617728266688024
-0.09130123451554538	-0.20250782652606572	0.14665198511991193	-0.9624121869871701	0.7081187400602948	2.4147121732011523	0.7250172398775933	-0.36453188796003444	-0.28861024418148484	0.5102609188903728	-1.007975351142633	0.8276160035920709	0.5424414638349889	-0.5847636224572106	-0.12528652370766852	-0.3900064578970281	-0.8663049133762161	0.6808870382829854	0.09284286621498325	-1.3276711280599796	-0.4398717375877095	1.4619653322299762	1.283403453717538	0.6145938318703609	-0.17580401728130443	-0.6518079165990879	-0.5746199357089165	-0.8428684455321425	1.6485118304783013
0.9257712434625321	-0.22019617637000397	-0.0379589819755628	-1.1445886353082009	0.8497612342480058	0.5945509140470085	0.37330972537732227	-1.6718400646304856	-0.712745403580425	1.2964197066807341	-1.1349462430210637	0.010715923335023726	0.2427104605984106	-0.7565186849105531	0.0019529761105126287	-0.33661909298148207	-0.3937505231813285	0.6692134314819266	0.4504468451476186	1.4749960564137705	-2.35513771456828	0.060329745118567736	0.06188262369956551	0.3665114469679189	-1.9193250713651226	-0.8921734660253086	-0.8361997173043558	-0.9022467554452633	1.6797694205469924
1.5719297830749988	0.03767010765349074	0.027409639908989872	-1.3395739788581595	1.2518279532562568	-1.1794425679508806	0.3532105254691575	-2.1107477586156196	0.48787272662007747	1.6748949886736502	-1.4182509076298901	-0.026036031989428703	1.416819792286021	-0.34355489278439283	0.29946516852147664	-0.3207737929411279	-0.09341358194578198	0.645703921344634	0.09461814460128957	-1.0498682603734941	-0.9823349844552305	-1.793538084067997	0.08625484566832546	0.41550504283501444	-2.1789971197659317	-0.3113404351899689	-0.6590847393566164	-1.1490585016810833	1.4486456350971237
1.3280714434838192	0.6147258260344393	-0.6066955098131691	-1.3744062044775196	0.8003052005497405	-1.6926030535640417	0.5530703118946882	-1.227360251985418	0.4601578040128227	1.096961144883623	-1.8980785366590827	0.13840748388987079	0.2541165428109238	-0.11030303643417472	0.45960727499372195	-0.6665020589767348	-0.18822944455445478	0.8896797021274496	-0.09383558629821048	-0.920294647680606	-0.5692768816517914	1.33273482436509	0.8504262448110752	0.8796341612562715	-1.0777349675668921	-0.4267274768936839	-1.020781055521292	-0.9945226160132372	1.0832856324656375
1.0516374411190261	-0.1541169673546371	-0.25971197676595953	-0.2634771088856203	1.7364328893080874	-1.064993225700689	1.0755916315035858	1.7764824852971883	-0.6456984523635713	0.25075738634401473	-1.7111508071452262	-0.04256313994217097	-0.4087833250714113	-0.526025186406103	-0.07774701057673186	-0.13924854128709074	0.44983669469087395	0.9949851634504514	0.9761392987548767	1.2116294917056065	0.545274481233458	-0.6784067953069298	1.2038217774572455	0.779544049333048	-1.0729087491060287	0.511465474598146	-0.6792453028072201	-0.9258884604076227	0.9941516259751971
1.5120150036027062	-1.2785933127130473	-0.6012050004788739	-1.1729940848960485	2.1447426010626462	-0.634015626424751	0.09612494707557954	1.3187069361286097	0.7885855366137127	0.13631766267032377	-1.2502980286363357	-0.28620141738267807	-3.1744001225748466	-1.0254685634626581	1.5375357311197067	-0.15191271507989448	0.6145579562455151	1.060996534178246	1.0030293027964388	-1.0048575157005772	-0.36845923816988035	0.8329695972378233	-0.19876509852997548	-0.6414858268797782	-1.0355514561650387	-1.503702332195476	-0.17380926877739822	-0.9910038661012815	1.0311162868126105
1.8458807155105084	-0.12097914847018128	0.10830919977631011	-0.8195424489740802	2.2771617487172136	-0.4514905948152548	0.3677381613873659	1.273308221319472	0.1832624293718571	-0.4030534573086239	-1.3728048438872134	-0.22443765041216937	-0.05818839566150663	-1.0800141212973322	0.8691095562442519	0.11295786869221891	0.870971377401331	0.8312838133273468	-0.8848223003410746	1.4348228973830377	-0.3095464463214614	0.6211454369508569	-2.122256211212996	0.7136824646249479	-0.9736482029688975	0.479920522052237	-0.06820531988161732	-1.3443238271884963	0.7119800520945779
1.0129895983610155	0.4420675747328418	0.8667864083127224	-1.094962123902033	2.387683794968494	0.240361717142963	0.2748073412344559	0.01537076783019568	1.2980286551631826	-0.4270929029678746	-0.8571088091014044	-0.13415343771154273	-0.23864171106930873	-0.6557577920366953	0.5966437135050826	-0.019875822464964752	0.3268735303406337	0.5210221448052624	0.3711448075248473	-0.4676665862974883	0.47602355751159015	-1.5046715295482131	-0.4942597090246333	0.3169524411014838	-0.6463659304118137	0.609416260663272	-0.2020689625404996	-0.7764561468625899	0.7245540300853474
1.4411386360904772	1.212277897087633	1.5087122831338282	-0.6960520303340182	1.7596199724036865	0.13058265213604311	-0.35663722447271357	-0.7719189279668867	0.634662227242055	-0.5108233991048291	-0.6663502819786314	-0.6655166848936009	1.4820778557368046	-0.9214217637820961	1.0610572419942113	-0.46875279805524256	-0.34408763643944174	0.35067493325726035	0.7489493603872359	-0.054403678342430956	0.7493175546575868	1.3561631781746952	-0.8252683724416915	-0.8841044225245532	-0.34308694010397905	0.07544107038613893	-0.21371736425210888	-0.8209271015770822	0.8263663489026076
0.5015507187360053	2.185982671369841	1.6684134345527963	-0.312896570524959	1.5204402755065816	-0.2484149827311347	-0.05856690195047957	-0.34986139729278454	0.9422128863272491	-0.4507838183212893	-0.7766442980036723	-0.3017204513373168	-0.6066352303461524	-0.6379706573145477	0.120695697178549	-0.16770663806326425	-0.8346145642243812	0.24876931599856122	0.09697326219292024	1.1851848679498023	1.4818525241035878	-0.7654390760802806	1.2346426487254945	-0.48775278496573726	-0.20233980698022785	0.4033105523989139	-0.32979111190496063	-0.8582830241342775	0.6479957215249318
1.1413527656508031	1.1791470853100336	0.23863808756415117	-0.7282915496964858	1.0182601956198287	-0.027063442511132903	-0.88318304344249	-0.03923251979643261	-0.00275604421333108	-0.1682441673730234	-1.277016648062302	-0.4664354265265371	-1.2027945831789486	-0.9321811072775013	1.2986445737982157	-0.20678317437972724	-0.5367173888471533	0.49467522497423966	0.5794470629191835	-1.2844434374771638	-0.3637077066824369	-0.5863556654804991	-0.7381461051207472	-0.9485117561081586	-0.11094242290290883	-0.0798839282497347	-0.34191815073176135	-0.9003042809169431	0.7975395613598688
0.5469619140649299	-0.7684732238997909	-0.6931558061480868	0.4974591965827643	0.882932735952896	0.011247935005488256	-1.086324563978177	-0.9108304411921943	-1.1230769203622732	-0.7066606940004584	-1.1768139743295958	-0.32174852162124945	2.3046744363513123	-0.5057510312955704	0.38851166509621327	-0.5253241433425458	-1.089737725334871	0.3395595449786201	-0.5091381740651622	-0.29615533208722106	0.8228584615207366	1.5498857877279346	0.06525509819045426	0.04601033410487169	0.14341265209203993	0.8290788898043389	-1.311610819507078	0.005992583604489292	0.6138486640368293
-0.013672241435517554	-0.3034326222189894	-0.3376801382387136	-0.09204920833623603	1.5388515626079293	0.18550735747904645	-0.5372215556921458	-0.7341685175957284	-0.9083522180171757	-0.08297867814633512	-0.9582828117723134	-0.3873928847437786	0.12391725261319037	-0.753035647199768	0.16913004587690542	-0.3035711677846049	-1.2453057089999715	0.4213754542101642	-0.039609750562496986	1.3688036111926039	0.5049580470142028	-0.3203039708622111	1.93017051815634	0.06586292326485713	-0.048489952479188796	-0.5193548267959074	-0.32075260140207285	-1.141374302555416	0.6628470162306147
0.13827703220922913	-0.13650501958533168	-0.9138811279243806	0.7119068091401348	0.5848240595193224	-0.22701875916041409	-0.37053784757412733	-0.9321155602971531	-2.383174497347274	-0.5754701591435569	-1.3842725315613063	-0.10589622393102771	1.136706700482898	-0.5344751937322036	0.985006547636132	-0.6172390919204745	-1.5334043564447282	0.5549677476462354	-0.7235472217459612	-1.147650680622558	0.14753168636396274	-1.562071413148317	-0.4025992317103146	-0.5181127656161829	0.3632944850547703	-0.7506154207399977	-1.2010854605670382	0.24088121946261346	0.6271956000273723
-0.8507761606605336	-0.5389900561981926	-1.4499838956892361	0.910723426859153	1.7098601651570828	1.101688525038878	0.4099636043238443	-0.8909511721228288	-0.4493800547437389	-0.9088706886709561	-0.9726239957428351	0.0187845808071146	1.9081551671312698	-0.12266720964718408	-0.12498335551784451	-0.36919622462840335	-1.217478634727749	0.39757556703158065	-0.602407954950982	-1.0083357334661247	0.8305191843839479	1.6044221029385592	1.1865951474994632	-0.20498613944675173	0.4824975433155797	-0.23428605593136356	-0.9017443153466187	0.3333790913606947	0.40306400088955835
-0.6037237295712551	-2.148691479953536	-1.2431377548173157	1.6234773754824385	0.30971358467305987	0.33418318285256354	-0.3553307044488734	-4.730010072259465	0.17794166338914327	-0.2799696221401365	-1.2471295005841718	0.4237754977868482	-0.7366540746797197	-0.4097326169369513	1.0382448411079102	-0.5515405555065404	3.446262622402513	0.16559668570857325	-0.89131614958301	1.511714120075818	-1.8122831049503412	0.20104746995916514	-1.2999877718159127	-0.9460220549140531	0.5162461594200081	0.033053266213686656	-1.5671103561588777	0.07075286229751443	0.1183554212450067
-0.8881081993164545	-0.6826470371432442	-0.01107156127778097	1.8200014933527413	0.9501591276000146	-0.17815803711072126	0.7312831906792759	-4.814177480596075	1.498183077326097	-0.45725905109837967	-0.7911236769934251	0.49448318770012395	-0.2556498251277926	-0.23942034920013902	0.5325509420207774	-0.5600472480781707	3.300610989326787	0.18551468167719873	-1.0527423700591951	0.6607819968371451	1.6576482228429417	-0.90134379745819	1.1813297536276828	0.5778982577959366	0.7703660127661367	0.05529806151934744	-1.3124031697743392	0.5194955205325991	-0.07045155725307012
-0.11539097967045286	-0.7905751781844138	-1.125090218879102	1.7369515110245004	0.034296385568032745	-1.2473359521635101	-0.006037016381588449	-4.486381400649152	-0.17779820247287778	-0.3160621029473313	-1.1177951042149779	0.5635538125779914	0.11473505550335057	-0.15862226203521584	1.0088405998347196	-0.5434566375644709	3.1388666135272145	0.371014860856748	-0.2015717610974796	-0.9882023155975805	0.2452615372778908	-1.526273896175785	-0.3368689392082428	-0.03780956946204468	0.7873623887997376	-0.14079943628961694	-1.457393125862307	0.6757792703971219	4.072659331587348e-06
-0.5822495741570521	-0.13273249847821667	0.030699093754634525	1.7128546880298408	0.8522166157323788	-0.24529654624889421	0.18671302075007615	-3.984647402120311	-0.6776339885089183	-0.4145409760373347	-0.7059071462404977	0.4522141326063955	1.9084918860642661	-0.2956402648413509	0.6612340252755113	-0.6202332748534423	2.657996945880219	-0.030605076923720522	-0.23731974530203126	-0.7938165229289216	0.3637803904079841	1.6350463022076762	0.8541353798817921	0.5391420631317675	0.9450562882808656	-0.32206177622061893	-1.32156721887662	0.5654250896013014	-0.10768383159993311
-1.135787324764041	-0.3828536811111745	0.8288081947548812	0.01952385858503201	2.339433866731959	-0.660583189892642	0.2509169026394524	-1.9293969728085978	-0.34971735126239073	-1.645358382014528	0.7530325203446265	-0.48042622548265623	-1.295682084802058	-0.35548328173800847	0.04361414257415196	-0.2516749257635027	0.8324925361828152	-0.44857528506778077	0.5466584875115633	0.9672217412294217	2.120491554421394	-0.7789920997039913	0.8291996602864632	-0.8350337425821516	0.7659990969721209	-0.7394851823888535	0.17499223438876732	-0.49761035628673983	-0.07827832875947377
-1.119506628676524	-0.27729072247367353	1.2380550858840336	-0.613213155180001	0.8897146457143459	-1.5232978964198862	0.3806354689334344	-1.6142401854366073	-0.9959136376370356	0.4858100706062027	1.5758407402890449	-1.5083024478557627	-0.48888602412881765	-0.7743448582287199	-0.3504384218405476	-0.22185768627534655	-0.7345299949924671	-0.29249607358661467	-0.7631544269670509	-1.237110702569758	-0.5969792162528835	1.2568970356187648	1.0941918620820728	-0.6510056945493596	0.7883707543177951	-0.36135681513917395	0.2007083311294059	-0.5997604442274321	0.055355436790448145
-1.3475862671562548	0.8241537418347302	1.6333094596725264	-0.8154957253882807	0.550479150392181	-1.5968728132467334	1.1431944269065422	-1.402922437484168	0.18522351137857623	0.021705845947616983	1.8054770483264808	-1.2481826488692005	-0.5083285975872017	-0.33050032172990007	0.23533790762537155	-0.21820445108154768	-0.8528236159080874	-0.5676468606524977	-0.8426754759361788	1.3745891498932636	-1.8268436866571116	-0.12696540696338682	-0.24884840153140214	-0.01626764385267815	0.622079003570097	0.06538790125099966	-0.11208283705397452	-0.6419283304296808	-0.14713632253312403
-0.7667105389739287	0.9563730363592964	0.23145360694054695	-1.0091736154922137	0.20383563070654961	-0.7019903735821297	1.2357325830179586	-1.4860224851189603	0.8380270238669413	0.7448839006409448	1.622120093133937	-1.401476589872009	-0.13527756484623152	-0.19091553923090204	-0.8278469474715259	-0.24031854386456367	-1.0669719625992777	-0.30321081560715646	0.8230244441738478	-1.5134890847213012	-0.14445946284226116	0.1442459356403656	-0.018135005600496006	0.17356476886486846	0.4782211507901146	0.0687837656919469	-0.4002891687691591	-0.5497640480092799	-0.36387280653950327
-0.14628553284102233	-0.18535798257099534	-1.164942693134013	1.2948939400658928	-0.3209904341976312	-0.458462563509801	-0.44153710952924796	-1.0940838235015031	-1.5102456879387711	1.6350248399062606	1.3990498100631168	-1.9058881785501909	0.08721713718059906	-0.5408077352604614	0.31874697827921733	-0.3762408470504301	-1.1206701124485865	-0.01843304376265328	0.655278555532144	1.0825878312946902	-1.533077417017156	0.08560390462260636	0.9157797616293187	-1.6543666603757199	0.251550329321533	0.3479732243869944	-0.5277904941372291	-0.2350162002732292	0.12085152810402615
-0.8920832634313147	-0.2637528420952499	-0.754229442231406	-0.003849102791702655	0.23828513711819332	1.085160183609011	-0.8015778132258624	-0.9181644644605661	-0.7783112916257898	0.7067965698376771	1.437036510792893	-1.3964453188056518	0.27159153580760476	-0.197784312592658	-0.22161124999658233	-0.16807013043213295	-1.4111488936031789	-0.34827952589055067	-1.576549765639251	-0.6196791459390311	0.7070802443943915	-1.6875841009156296	-0.36111277508231654	0.35391652592461975	0.8017854547744002	1.14171915216205	-0.2387469251841204	-0.46919440642735033	-0.43091089745799704
-0.5251815942356679	-0.33654084540326124	-0.6004283889922971	0.2559979941618662	0.31465453833992946	1.5941929898932206	-0.8828450795413606	-0.6122769459758729	-0.250894330302652	1.3455827052178317	1.3371884433904624	-1.6210248756510133	0.6056316458462924	-0.3045420945167903	-1.0550687900963927	-0.12563962212722818	-0.8827594144918111	-0.20958327428943221	-0.23720763385026872	-1.2033257276213336	0.1340025025828742	1.4709927355266348	0.9644596286363752	0.23152735410544417	0.8331704905487683	2.0726203709371105	-0.204863320268679	-0.6470974450054294	-0.41404046460433
-0.6347861249145511	-0.2742900624294361	-1.296189846129269	0.50574352750678	0.11279239366974933	1.5671409167668606	-1.0658669322518053	-0.5787335432169516	-0.5837231990758164	1.0974280819053297	1.1719030894720464	-1.6169277768576111	-0.09726704884315432	-0.41315931462783023	-0.0025870241635114863	-0.3539544511539266	-1.3222166740793366	-0.2650043318070339	0.17593802934384142	1.3124493021531838	-0.9529504942518876	0.5348858290942767	-1.935042324375616	-0.28971626851444776	0.316031967945969	1.0939595432331615	-0.3191967837107841	-0.3087780327582742	-0.3329354151632565
-0.33528022270994645	-1.1283990793858394	-1.1098653480754708	0.4453862249492877	0.03820687570129048	0.9046682968859655	-0.8546193686478296	-0.7910697141251236	1.2435032770759373	0.8823300283550966	1.1557551284718295	-1.343533017441173	-0.7632013351445067	-0.25723274712957833	-0.4167762802927352	-0.1611625704565696	-1.4997251100005784	-0.5369327345668461	-0.21229342774076593	0.7921751372213719	1.9026629957493812	-1.289478628556694	0.8602243660293705	0.7450522301880816	0.8722291061767664	0.6276049195355002	-0.41389718207763154	-0.2576473643002132	-0.46114704892661457
-0.235878167259397	0.13462044770833956	-0.2542737333271389	0.37630865837267585	-0.09117516982175142	0.4100243894094821	-0.3521608241742977	-0.9453673241662852	-0.22798128831312803	1.5062359681002429	0.9199218319614154	-1.576556312750817	-1.2979383574797323	-0.3045467685564092	-1.2424186096068812	-0.07511016567863023	-0.9807962004094875	-0.5442801059657439	-0.02668519780770083	-1.5378386349546278	-0.11033479345868441	0.531775262479813	-0.24064835376619823	0.36092984971676445	1.132962165030228	0.1112643562246388	-0.21179920564833601	-0.14682637868212423	-0.43211556758066094
0.13891072671204227	1.0155458898412608	-0.02647418400747353	0.5775156781925643	-0.13553923603067064	-0.5973733010162181	-0.0331500085580053	-0.8135927197352739	1.1920017784715635	1.0806574112868277	1.0482172153468754	-1.5206218131662843	-0.18510669744112263	-0.2634489136561344	-0.3968834364006105	-0.20462946280832328	-0.8417751530710161	-0.7218309221389738	-0.18536951596087933	1.2226513934498997	-0.01830087448979363	0.73634702080078	-2.7565584954439575	-0.6836172795032106	0.7782015546036171	-0.3023913783281112	-0.2309414975219861	-0.23260562666655885	-0.4512730783964688
0.557242687455201	1.0683692447017379	0.3265669008735241	0.2204239456022877	-0.5157614167671292	-0.3594558217333905	0.6568719336959986	-0.8044979274292695	1.4491918127230479	0.8596408617813366	1.142593463460806	-1.464679009386702	-0.8297277455700114	-0.3234933403615284	-0.60770164348726	-0.10535366767989573	-0.9134158174202022	-0.5661224526525126	-0.6704435334895098	0.16429656367449347	2.215779534492599	-1.366480382749239	-0.03399397772346293	-0.2082509123334256	1.0206354305735135	0.3653977416793241	-0.3673986202512465	0.004800222576911654	-0.484048320691884
0.5508263471754653	1.3364892349362147	0.47062900059227425	1.3518708391696206	-0.6837229311159421	-0.5194506376715248	0.21442625189241699	-0.869394686011594	-0.26242865638591045	1.3530444924643892	1.121981285250582	-1.9844321270898964	-2.484322406624459	-0.3588154045131942	-0.07074000461195785	-0.20619070285504548	-0.7501842032099336	-0.290614884903953	-0.36438689878766967	-1.3410880197135007	0.08584054644486386	0.9653339810275765	0.05340610083534037	0.032036423877151304	1.1837324351640894	0.21859246133012794	-0.3994017134297883	0.16637392771999326	-0.20780616396412832
0.36742810716466495	1.8403994436985063	0.03668962330769323	0.34512669873888524	-0.5888018755710502	-0.55686160430533	0.6024873551337444	-0.6673929373013678	-0.013020047450741134	0.8049435326505723	1.0815005793227972	-1.4455641295506294	0.900155689924119	-0.17566782031564648	-0.5434532737778042	-0.06691678887947095	-1.070504077901692	-0.46540045534894314	-0.2519593439183911	0.8120506181427676	1.2419037493280591	1.1176334921877744	-2.414679744838388	1.1159778938857194	1.0956921132900292	0.34523086594390695	-0.5191878730535124	-0.28365934654317837	-0.49835745337246745
1.1117993260880643	0.1398890157358716	-0.8685529056330167	2.604517440420799	-1.1265899756764988	-0.8485029271535651	0.1339698415433924	1.5496150261560921	-1.5432744704220416	1.728398410728792	0.371708759913082	-1.3310065739557453	-1.0887679025441723	0.9717943313443776	-3.0067173271508474	0.013618231774041076	1.2400851433574238	0.12534677260580374	1.2542941208218366	0.9732352376514048	2.889031549116261	-0.9205492045535719	1.7923615234698222	0.03256553058946071	1.5235527295378293	-0.2667987605451866	-0.8474633643638974	-0.2486171541746791	-0.35258937967984016
0.8561419493082855	0.35248250744369086	-0.23957984169205182	1.833877224182534	0.41068774562377525	0.14799694986985118	-0.47514545945840675	3.282828139059337	-2.8229511358905444	1.3786304068002724	-0.5141452411682386	-1.747701412455202	-0.5789350494319323	-0.5916695490032519	-0.2934850323527948	-0.02099501160078649	3.642408292459075	0.27782747740118463	-0.5461275769300139	-1.3668082862890623	0.1971880529173628	-0.8007143475675779	-0.6964806552291717	1.1905631487656538	1.3839197971206187	-0.5012239179414012	0.19128341878313074	-0.36645394913908746	0.088207930344601
0.4973752123642934	-0.22581531289548518	-0.8846349224342324	1.0383289024485622	0.6093766363442082	0.9509602224768696	0.013348800325429906	1.6537217199205136	-0.17320143738305227	1.85480986494653	-0.6021990578924065	-1.7248557186104738	0.8419250544383154	-0.494170058606778	-0.9032450695144556	0.23152093290387127	2.4875853234710914	0.29602008616226305	-0.08072720655770954	-1.0662925906406544	-0.2405077596664383	1.4746328091216132	1.109121732122989	1.5508789663049882	0.664882720008472	-0.09298707697785247	0.36134682340093843	0.2534098666551515	-0.1330120538709649
0.44980319424411924	-0.11716394307517318	-0.3731442613125092	0.22281084469514345	-0.03482885355271991	1.1147490287787913	0.33620555520741163	1.189304610918753	0.9059141598103874	1.6009628661222972	0.05544727965155524	-1.3320238222524694	0.1581943234172697	-0.624734820960332	-0.33667468775640974	0.1241542178396753	1.341249022149867	-0.3604394602091539	-0.18936779707019571	1.4817027811768275	-1.804397896570968	0.24880371910081817	-1.2701299742433396	1.2029140499100672	0.8802448712117606	-1.140690597183981	0.4112046164127042	-0.6638032245908999	-0.3274027334390575
0.565150057034118	-1.0741965848030401	0.2883608350179615	0.013676252238156057	-0.054434014246833584	1.1974166155529	1.5324797028188473	0.8163551687950711	1.4457512584724848	1.1479731276029697	0.8305981617159289	-1.0040913428515164	0.3719842716053272	-0.05885947209835802	-0.5576141969522648	-0.023084788844560816	0.617525430702482	-0.43245825658588466	0.5547425101551241	-0.9549494521499771	-0.40475748107692155	-1.439241511001677	0.08539375702388353	0.16338495115690665	1.2223359845432926	-0.8675459123489678	0.16215412473449853	-0.45602442208718796	-0.20498371980112232
1.4451089088290154	-1.5174817059252288	0.4779133476841884	-0.3440242724693988	-0.3869184727469156	0.05143448755456394	1.5195807548124798	0.568201091453645	1.3551418523513599	0.8928112331658965	1.0539224169657062	-0.5444735637579021	1.9500525122461283	-0.44817264322239947	0.28833020618061395	-0.16119256163535844	0.4020802333150115	-0.5890216370035234	-0.19241143785849713	0.006252596164882223	0.23857724903894004	1.0452212240338674	-1.038678494501502	-1.5924215293675732	0.7298006111809057	-1.2351592065226096	0.3019076018851953	-0.5079815593893673	-0.0006988971336503498
1.2025064278458837	-1.5563003612400876	1.3065453338472122	-0.910468080245512	0.09947901708017093	0.4711775893404621	2.660502388331107	0.45923017944716765	1.1356983303714911	-0.30491601550824227	1.508875615595495	0.8584508191424859	0.4979417818534072	0.4291299784656081	0.039664362285000324	-0.13210371171649035	-0.2960943345954614	-0.47153431331175094	-1.5890799985979764	0.8188115376073731	-1.8257155204037772	-0.9453288296867175	1.8345756942450309	-0.018094357494510417	0.2732523374227864	-0.04230113104840328	0.31378559556478586	-0.09423902647648986	-0.15991981752434592
1.3069810783812412	-1.269703890850591	1.5579863533471765	-0.02339767743679166	-0.8163579006601478	1.2639558945567309	3.245114652306981	0.27836158506092507	0.2494001288590804	-0.4863332084463894	1.5054047666363366	0.9484087219152486	0.8958020732947489	-0.14438362840431224	0.6869373330103626	0.09408413475115171	-0.48765628882856965	-0.27265616376178586	-0.06920315239899015	-1.1752836532511663	-1.3416436040071977	-1.7425960035174346	-0.15349374003791502	0.24685308073291667	-0.08292608128778725	0.7959783251011681	-0.40452897643457036	0.3098402002216438	-0.28694452830931666
0.5253334036047353	-0.8917634325905107	-0.3323863134972205	0.17073588843434756	-0.2663061043814908	0.5854834615918685	2.5121553283275144	0.35600997879126206	0.5954868272759667	0.09913095820270505	0.7078940550059745	0.8196361849836453	2.1806223083173983	-0.03276632932870797	-0.7097841492868759	0.0545759454563103	-0.4906714130757095	-0.05309308630549102	1.4979953582247048	-0.9146545821578165	-0.8859903124013796	1.3104929630751625	0.9558073352064278	0.059668260425755106	0.2267393731358785	-0.268416878715469	-0.1414602931214729	0.23012210570055427	-0.41831304084017606
0.8758504843918488	-0.6811741160236886	-0.8147403162108702	-0.09889167243785629	-1.1483242193728616	-0.24215146824824893	0.025689178984815642	0.06409989824462828	0.7634083038281126	-0.13553651152176605	0.706563058772338	0.5878639322311618	0.10477234758874485	-0.1426206797665938	0.56918322332777	-0.6251712376098183	-0.9216187076282981	-0.06654053436680643	0.29632093031952955	0.8696047464086768	-1.0873630627744801	0.3010859549025727	-1.3675536459646924	0.32666131845406543	0.4034433870583169	-0.9381025494078795	0.07291231020318063	0.1031991449830643	-0.2963141915148998
0.21600397526313775	-0.7262517970985669	-0.42571319052337336	0.349678449954103	-0.46430001373619034	0.43681316713069296	0.36201713562691484	-0.19187176266840514	0.6395981437477691	-0.6928142414028994	0.8358774993868909	0.695513017171358	-0.21613098417716015	0.2548242270662227	0.36517055176370156	-0.2367901802267771	-1.0459149776322219	-0.3326018414516567	0.40255698144635194	1.3625481058353244	-1.9312326701005305	-0.2232562024486961	0.43502357004870135	2.6230751312141654	-0.3385554798618998	1.4978681443390225	-0.4630067837496009	-0.015653876504932267	-0.46481573780267893
0.23055503828634952	-2.0205558918913655	0.11964896188181527	0.640372419386218	-1.0327480379835552	0.09872414846741301	-0.5527158394807455	-0.11065769640867741	0.7390342857039373	-0.9902505261078819	0.6946463956018799	0.7852296544720043	-1.4351996919594854	-0.22959797845214874	0.8870518799429452	-0.07574779522198466	-0.9407440154717092	0.3410785275501321	2.0742531960402046	-1.3443295903171413	-0.5623034350615146	-0.30713634616156377	0.10138152895958348	0.9238558563801383	-0.07361976704786914	-0.6000716909191011	-0.5193516808178764	-0.10803119800700547	-0.6535613398572984
-0.2553288958034959	-1.3148624196946228	-0.49544266003810994	-0.2882442904644894	-0.6221772090818269	0.5491386367792471	-0.545378126806177	0.19564548820882383	0.1794275349318175	-0.7581293181040756	0.34486925490974646	1.1244046215100298	1.465433650495769	0.33601304031115814	-0.8348236094784542	-0.10385381658221728	-0.9178103019480751	0.38843470471033403	0.4591163139262028	0.3481380567323856	0.7687176412027744	1.164895140342177	-1.6636522314345734	0.07510983067915668	-0.25283494793335465	-1.8159303155779585	-0.10372371951122306	-0.2515359413511476	-0.9237008661575509
-0.9910159942289791	-0.8642086983095937	-0.9144764093629265	-0.7225131150876594	-0.6838896907912704	-0.2002040786389823	-1.292361478028287	0.25419625669442764	-0.4886921680214537	1.23133819121204	-1.9015979530274982	-0.484305897194582	0.2202355170410545	-0.1516415611179565	-1.0345250586516574	-0.3224642986915813	0.5257493972843841	0.22737365424266104	-0.8465585436511259	1.2217933104065641	-1.2494161341913925	-0.34178184505312575	1.09913236445057	-0.7109019450814131	0.5614050131387963	-1.1050138294948608	0.10888809628776172	0.4472844399599553	-0.5240555900739927
-1.1093905755145856	0.9131103180507754	0.14252382399778135	-1.2267725755238315	-0.5219952436842155	-0.826909250049658	-0.8418590696066415	0.3728421606232772	0.6216737571638777	0.7475901345557413	-1.7771482655026338	-0.24106383831329098	1.0513651013552006	0.005267355500508036	-0.07716489170091313	-0.1189643307828296	0.4234289656889016	0.2579845617193134	-1.6836387323284536	0.5838852864839462	-0.6998798472499654	-0.815965013678318	1.376213455121198	1.2967574977815572	0.39688730430367547	0.14286850986009297	0.2660242098855197	-0.45728274064614466	-0.7049798233869667
-0.17251073498526434	0.5584966524208709	-0.057716684596244544	-1.0886387225196636	-1.6120926614001412	-1.086429291835282	-1.2555317067050777	0.7122763020256174	1.0150314605472863	0.10666271217015717	-0.7805872582023486	0.27912680862768013	0.37163189708318495	-0.15611295566117625	0.29399238637650565	0.06455197461458037	-0.18505055882682592	0.4598934033616444	0.13748459937762333	0.6054998362302577	0.45156779797346985	-1.2779767864701534	1.6481123079385491	0.995680969597674	0.620007414280797	0.8908299769445779	-0.07759531920726448	-0.5391918490229635	-0.772850647778337
-0.43277320493526844	-0.6177967851263441	-0.048192565231253	-1.0601629053786263	-0.5863505542501264	-1.2887864451211635	-1.3739293008527271	0.9993832775825149	1.2715527835417224	-0.03329132791284747	-0.7318950862684189	0.5108775804148676	0.926809222091378	0.049856933134980845	0.047844284495078694	-0.26753211946778144	0.1744473440246036	0.5095315880782392	1.2972175013666876	-1.3540249968243807	-0.7981498868050345	1.203812829387019	1.0385399618870623	-0.2301111336504249	0.6784244488471542	0.7970249483263577	-0.18832043375641294	-0.7056732784636685	-0.7761306512931923
-0.17278941570189915	-0.9830661991626223	0.014163992649848427	-0.9903246695834144	-0.4961442056416256	-1.844157958457349	-1.8034124736273816	1.1147794506926698	-0.8624156677935747	-0.5577056688996839	-0.9693247857665803	0.4568831414329157	0.18569482034203724	-0.6590007423104761	0.5346892128377777	0.308444925413956	0.20143027616565778	0.7112797328386551	0.07779114806827091	1.1853031407636552	-1.4226311269598846	0.42491243900186604	-0.6056235255546842	-1.4626849297395688	0.05264707691960784	0.998330013540543	-0.012333979058061977	-0.3174821138941429	-1.047046392800954
0.1684636975369179	-0.3029876391828759	1.4874906597777997	-1.0988171311862522	-0.8941014485565141	-1.556731692196255	-1.243760410913236	0.9457546272457158	-0.28271167898942307	-0.7352815904598943	-0.16406780099747284	0.7908260748176318	0.8016030788165706	0.10805740208143136	0.17262488897770187	-0.23303539699040085	-0.08969995031899546	0.7056148914780921	-1.7766631638420594	0.9007292360276482	-1.1640186046065972	-0.8510510483691772	1.4541747775844316	0.6586803992258257	0.24704187657338078	1.6351481811263044	0.05146133990885751	-0.36915048455967714	-1.1395131453935834
-0.5038982062932627	0.5279118855989258	1.9797709495346338	-0.7990079085121077	-0.6036409555401181	-1.037538222364958	-0.4415052315223184	0.5206116394985557	1.6786695629062272	-0.27953909061869087	-0.6363696898048964	0.5342411151552027	0.4737958405245996	-0.24995329997443283	0.6641722758784281	0.19276684280447476	0.07391777457572536	0.6243763274260037	0.4094767757829913	0.11967673878117108	0.8065356667388519	-1.1657359615395695	0.8330450239618546	0.6119540692088784	-0.04734045864536865	2.0532943304104707	-0.2165879659024068	-0.03664375403844767	-0.9690047593927068
-1.3899117946970792	0.20988205742047397	0.2650573003144949	-0.627287188880885	-0.7326687846261186	-0.2003823799011198	-0.7917049842687081	0.515007381274297	1.2301952520743855	-0.6298499541617663	-0.4225095865955141	0.8375286611258316	-0.7790043570062364	0.5003394075959348	0.35828678208115783	-0.28695798916183224	-0.37701565448081914	0.680158481435776	1.314693652765323	-1.6632884822761995	-0.3499544412529718	0.20111795231290064	-0.29751164559582577	0.6600083974551442	-0.4545230708942645	-0.3902053926251106	-0.22546322585894943	0.1569759040539103	-1.156523731918136
-0.5807674323732578	-0.9207866592373144	-0.4058397356331082	-0.38509044905220363	-1.1280443624609384	-0.9815040183177596	-0.937572236839412	0.4979322473680264	0.525472387478176	-0.76719012471058	-0.737053776400535	0.8199361225879704	1.2328738003908883	-0.3038915412764204	0.4931743600969601	0.0008867802762214643	-0.28992935234228	0.7180470695682357	0.1626585630537381	0.5131017667856137	0.7319427372758096	1.0358238948883634	-1.7426603283825264	-0.6436656745886954	-0.43263964665808585	-0.8159763593773088	-0.19672832606990998	-0.13177816494970976	-1.1761429012235403
-1.0300111029276133	-0.687202949315267	0.09590162651345024	-0.2664136703977569	-0.3198640693439615	0.038734179068508394	0.3350965304840759	0.38598491904925825	0.9494045439746868	-0.8614219398651832	-0.723682093081518	0.8771468979086157	-0.32036899769100025	0.5115109730890389	0.40352144858956174	-0.17019331040270944	-0.1188948282344735	0.5088335423220152	-0.9831249347950689	-0.46611404535670986	0.9360201193922153	-1.281528750265791	-0.14777049985946278	-0.11205287251461939	-0.2200883338052486	-1.0763709274604243	0.23137459417724873	-0.26995976928935356	-1.066197024570584
-0.9081895823668116	0.07506193964565618	0.24354701378580834	-0.9766680638650203	-0.9262060117760041	-0.08841711109647597	0.9415841656551132	0.279202718498341	0.6269543414639851	-0.48484964726793744	-0.8867896563260862	0.6590112224573402	0.7577732082143547	-0.2769028219442331	0.5655920693814401	0.011855335883702672	0.036745816396252774	0.7429378100275549	-0.8683560761383441	0.533015105835903	1.229249960209355	1.0121094204293783	-1.55748920902711	-1.2585099745810409	-0.3615003132955342	-1.2436510166377501	0.21921549831089857	-0.27784129425697673	-1.0539760335439319
-1.346875432594034	0.1378558958734559	0.9738934343036311	-0.8355648082834197	-0.36693424592467483	0.18327724995763992	1.8041246476961645	0.14615969901891673	0.7056290022355465	-0.6801493594014572	-0.4772834113290144	0.7963421040261978	-0.5583195839241372	0.4539016028519962	0.16762361739515533	0.020818735700688082	-0.13814927903771276	0.5225710077740914	-1.3794535311506775	0.361421381650277	1.964763605030413	-1.2195660854832169	0.4447033900269572	-0.464551143335607	-0.4495923271076937	-0.3974012615314418	0.13190088876470824	-0.011227859125172929	-1.1474357670532642
-1.0827340347392775	1.0044931719412946	0.26537029297277664	-1.3467373760435797	-1.4201714849441236	0.20357242682523924	2.136176620297857	0.32060290702779926	0.18910644388216685	-0.08771241609277244	-0.9233996728391511	0.5986372888405704	-2.213295770655533	-0.30972625958694416	-0.19103397931528565	0.12326235736250356	0.16021106911193642	0.5702200897361218	-0.34473397929012567	-1.188789773973416	-0.10756671313248958	0.9432055078582318	0.1116360754398133	-0.6797963695574626	-0.16664144411016552	-0.9805962718615209	0.08494779665252206	-0.213073558721381	-0.9618856658100442
-1.3861402233960844	1.0217447253472007	0.22721626149827334	-0.5825777989612816	-0.6791213155127785	0.11092706242275434	1.733764197673998	0.4209379632457162	0.11442345341813026	0.10288421672555872	-0.8657996363448686	0.21987251449098927	-0.3272321524992584	0.022697191335397493	0.06359936882032567	0.06932638393982814	0.23459675223687249	0.19025282973189414	-0.31446244646825616	1.3703849199667135	-0.8072549429821705	0.2835400264726472	-1.252837113665593	0.4540880076351775	-0.2023439320051878	-0.35300823396505454	-0.02218290381229	0.011113498208626223	-0.8970557845379993
-1.661197763405771	0.8550144493802534	1.1452551437870622	-0.25795575912154695	-1.3486504958579444	0.6576324362498296	0.910438760077791	0.16860830872969002	1.1239597858681323	0.051968615929625206	-0.9268661795793689	0.2611034734278709	-0.4344014591585984	-0.18721532268216115	0.367013192263182	-0.001862095159945694	-0.14569191012370128	0.43759678495944265	0.7224663229673965	-1.1604820334045085	-0.2648867898034063	-0.9967101663742113	-0.09883633153473445	0.4664485472150653	0.45020348863293663	-0.4440449844390028	-0.21004463156109648	-0.10207001070381361	-0.8836433931528199
-1.5259517854926983	1.6170476297695382	0.3233444731680977	-0.8605708442137556	-0.8884947776253819	1.1334984053268415	-0.09109939025897566	0.18209163828408573	0.6585053259147663	0.23394816207611965	-0.9634864786143744	0.32716083325365564	0.9091369598730693	-0.2129725278194993	-0.4043464721110085	-0.11935697880726706	-0.15183092741943638	0.34047411739269495	0.5659373435676247	0.7560943000327807	0.48625196941068577	1.008994168267985	-1.6484545304980498	-0.008989024652731003	0.20829187603179142	-0.5078450802227719	-0.005750883283597901	-0.28554397234674916	-0.8630504324950768
-2.1385076232016944	-0.06708863438878368	-0.578791183044991	-0.6056227854741222	0.08735632062059824	1.4125529927928306	-0.7027449478775121	0.2006765472994884	0.6611577002058613	-0.06921405908391161	-1.6938639748073754	0.196327100200462	-0.43914020233581436	-0.04851882710597893	-0.09279527085151212	-0.009610981824680724	-0.15430596804562266	0.3591560035204552	0.30075930791470123	0.28778448917254495	1.6960390443954056	-1.3146822202919188	0.2657947292387442	-0.7051693537052052	0.09942515847083318	0.5192473218153908	0.05696018355661386	-0.3038983341192811	-0.9501303912746182
-1.310868830228143	-0.06793917121206712	0.18935041593292024	-0.653815205227217	-0.7026419509692803	0.9929483766488016	-0.6528900039110126	0.3028768112826168	-1.7009250523691974	-0.9514721342516336	-1.0725960098677112	0.3157346306802759	-1.9595377565692211	0.014726041145264756	0.3863672911362033	-0.11443189453048415	-0.3798804712889633	0.44020965809234563	-0.8427688691740451	-1.061262241445832	0.2522520661859618	0.11271858175559417	-0.6031437766103603	0.22257317312203978	-0.188455494331258	0.4880020461284264	0.22358802816277812	-0.4165623546699644	-1.2159176047719469
-0.9581767433774449	1.0126149849198482	0.888238650552961	-0.3941368349058469	-1.0078778018384607	1.1611694680001465	0.9657433760708494	0.06593361756048942	-0.28401709551572335	-0.6687728322485688	-0.7466772304450197	0.1721348323533419	0.3062320676202935	-0.044057438941720255	0.19600770768041056	-0.040851742664295004	-0.11916222641907255	0.35306062596301496	0.28404047912970937	1.1079242341481517	0.23115983536884382	0.7579241009190826	-1.5817395417110294	0.7106451479474483	-0.4450871208138297	2.2222511202286968	-0.045072999827211815	-0.3307433535423355	-1.0783374512835402
-1.2757423731348754	1.1605307156780158	0.25315103110523907	-0.2666877414694428	-1.236083649475302	1.589916967914192	0.9375385802816896	-0.005682703539230534	0.2814114604177147	-0.4500510419773865	-0.9106873437129772	0.06016467927622909	-0.17220520009456733	-0.38212956303681483	0.5915125633647084	0.12021775927673539	-0.2808893111161911	0.4870126421992511	1.6166217325716534	-0.4222991566258084	0.15116682137606405	-1.3277745619424306	0.4425590449324826	0.0041277617749953125	-0.5264558113767708	0.9705665660889387	-0.05463791536139707	-0.30339272488657193	-0.9110579939676493
-0.8484089520278634	1.3692473300889654	-1.152879834355649	-0.4433950784335693	-0.7470559465362635	1.5949382157055625	0.4851379123305527	0.10310470785361925	-0.17870762370239623	-0.8238380773122713	-0.6089151006948431	0.36736240458812613	1.2418818003158965	-0.13113949212329962	0.43782057419810305	-0.22161721330513767	-0.516339334355418	0.5746120841615259	0.9087007441987879	-0.8249422978056886	0.34405236696578095	1.6027833432970813	0.7266011666257979	-0.3141613826561835	-0.9325257516486111	0.15865396881090832	0.03482461106965437	-0.4804469085279081	-1.1845911539482787
-0.8772172897149266	0.557541570330731	-0.6911564317437904	-0.25286045139454155	-0.8694459785806101	0.7553538548394731	0.5367059178553726	0.212479007386835	-1.8932922017877216	-0.9341569251977153	-0.7721686337472218	0.5171229007763211	-0.08953665770003408	-0.3733033496369777	0.4858306387350377	0.2097156260043662	-0.39920542530971365	0.7797984029213245	0.3269891226665711	1.3669472681213484	-1.1228734758011525	-0.24039490028268423	1.2067252718548536	-1.1131972634903873	-0.8490677123183736	1.0648575421259645	0.052113082352491215	-0.5075725236684188	-1.2405402628504083
-0.007818436938826685	-0.5423097245204844	0.6273665717584678	-0.1336508128458593	-0.7634558615298482	-0.6288452143177287	1.7140103133778903	-0.03825901181027217	-2.080135832086968	-1.2160820816725033	-0.023929017849402594	0.4839420116863041	0.30539304614937485	0.07663169625934944	0.6975279832227166	-0.0871873810847135	-0.6283317691187894	0.7031180493935514	-0.7514601275921668	-0.8582000411222689	0.3600661979926526	-1.446952669482832	-0.17287065397448395	-0.024572489451008876	-1.0045556474054211	0.9432817616666508	0.033154258308144696	-0.2596667894623946	-1.25519804317567
-0.8902946806969929	-1.1732188055096764	1.4341405029830354	0.42564552670857847	-0.317958339804104	-0.5414625557002237	2.473684198129323	-0.2009259652205278	-1.4543997927586285	-0.9718635783464783	-0.6146638691321367	0.395694410605278	-1.2316394787445544	-0.3134146048742708	0.45817487450988104	0.1769507972966723	-0.3257199106424664	0.6354385998140174	0.2228632701791834	-0.9217107990514909	0.19274169036272987	1.2435494212854894	0.5899900319726832	-0.04487548125413905	-0.9313168468461505	0.5870142575379372	0.06521311107208497	-0.6658110976904976	-1.3390646245252356
-0.0005682752948290716	-1.4201027671840012	2.0934156640563337	1.0890301359364953	-1.0523976293087127	-1.8793706829626	2.318762740200273	0.16741803785790338	-0.7636389680854818	-1.5223195973479555	0.10477735767368968	0.6382286323600345	-1.3610704280230308	0.05635209150459435	1.004917892979365	0.10682026798572239	-0.6841545002060533	0.3295005888172554	-0.03535981254581337	0.009512004347616662	1.0349204528338067	0.9833956201415804	-0.7091445156833699	1.8160543819942647	-1.2546627602869067	-0.15516355205516008	0.0399543851559587	-0.3437784686492909	-1.3234103257560865
-0.7772556602540015	-1.0610338301486548	0.8695027979284439	1.1735684509119773	-0.487794681576755	0.004704967292424375	0.8821731635178026	-0.4106802292334687	-1.8698737467773052	-1.2991834032279659	-0.44681850704368853	0.4036116871791734	0.6154009294415264	-0.13712901854297402	0.3597026333991617	-0.03822396589967298	-0.8802277761189643	0.3123641624170916	1.8658731001766127	0.7915642973208437	1.2769561368838827	0.7513877545475378	-1.5380070332905225	2.6865602178163575	-0.8152587871612635	1.178387695022808	-0.17395802440093905	-0.5118880991893632	-1.2980213944082122
-1.7141718755758522	-0.8111030030441535	-0.8379677269533901	-3.2879383732159773	-5.561291923714166	0.3070075091109911	-0.20103200794442577	1.143396723695763	-0.5173262493837669	0.5481368663775742	1.442007352579537	-0.6632442358733576	0.18856882683474768	0.040324611496138495	4.422454170650367	1.345159321899171	5.304985469988834	-2.3346350311323687	2.5606818906867495	0.5302445930092884	1.8786687505650441	-0.7279049475716961	1.3313192746720066	1.0044936323213893	-0.636535770265348	2.0409009225067494	0.6455565730079771	-0.012806421854695318	-0.6252439401913039
-0.8842404413325156	-0.286864990807218	-0.06954779146768811	-2.7882738581785724	4.665966974903312	0.7862358722142369	-0.4822221693661025	0.49755671432566995	-1.7447444407212294	1.0171387638461395	1.6471377514664345	0.8471730955814183	-0.1302556257439598	0.29994679193279866	1.6308683527784016	-0.07477162728274521	2.9048553779931137	-0.9432320604988595	1.3304654404035419	0.20749588321896878	1.7922880292992327	-0.8175325629418311	-0.572897632393213	1.1031587323099685	-0.9256489640472361	0.5654101474766878	0.8752941137269824	1.3848531166333689	-1.6915027231953927
1.0765222442075033	2.289956266660851	-0.6330087745795214	0.21036639307181257	1.5060627262979562	1.8176991121839354	0.18769717002569283	-0.28559347400691504	-0.08655451696811586	0.7744128437159499	1.6108850766169593	1.595721855738445	0.8184535301120351	-0.8287875407758031	2.5312159395844307	0.2206568486223231	3.098274470438528	-0.11485863252743922	0.42797437397497423	0.6333826044635935	-1.3200933086588538	-0.08027393800361404	0.9383005239108678	1.6332522681881687	0.5923789373532447	-0.04220475455260171	0.6203883147851811	0.07872824436374995	-1.1279931790441702
0.2802130613116325	1.377514583206958	-0.793238052597263	1.3361583527858165	3.258159302292159	0.932440950672974	0.09752362040356732	-0.39756673685415506	0.42666957916237275	-0.031415904774167745	1.5387378357419843	2.619209147185663	0.5115490504861916	0.2683417835873375	1.4377962430557598	-0.3721402161680227	2.162596371169914	0.7773058595621823	1.2603009979484807	0.5424758567997847	-0.07977332863582844	-0.06425059331370973	1.1163987420262504	-0.061211076263804426	1.766797058323599	-0.7295933747735036	0.2797841113010558	0.19958504123062926	-1.477855839825232
1.9772181231843082	-0.5586080149954626	0.7556111012901032	-0.14708332326524093	-3.0735256485471387	0.612963593686468	-0.2280189613697745	0.5651866048394392	0.7711022126347528	0.8121558317130129	0.1869568905826901	2.56368758601264	-2.63337703104955	-1.6517825599170117	2.7416273284355914	-0.05264171744796217	0.9575338722948942	1.4952646065873259	-0.26930084724310654	0.2229695281966597	0.0489234080070368	-0.1294130451120491	-1.8922545462049212	-0.9243608839536722	2.55099245817818	-0.09503633297804717	-0.25622035000940896	1.3352104173751191	-0.8952855014039917
-0.18286292888733488	-0.5386575605255775	2.0274672973731946	-0.7582880764536855	1.0359956956948357	0.4340003196700128	1.991118947303335	0.6565647632412878	-1.3422480479266268	0.773920440449083	-0.11669307902021779	1.5363037644974917	-1.389191962050211	-0.1515166610169635	1.4697909986859694	0.036035412488372734	-0.037621957406278064	-0.17971423764781405	1.3767675194015292	-1.1462802701539578	0.8868776952361214	0.9486209597885287	-0.3296741491375542	2.4999454865787665	0.12645924177538392	0.9155291256749037	-1.2034314610263215	4.029299672799786	-1.2005915987359015
-0.6244646217536466	0.5119998113160019	0.22338771819791786	1.056264248865816	1.9420729695284789	-1.0220920380170264	0.49203736097242545	0.7077589545780066	-0.5894630421120272	-0.2784699545957016	0.9595989605153572	1.1125995222823586	0.010328276378046328	-0.32411670212226473	0.5750064970214168	0.20646845613996925	0.39777285693459846	-0.7170547710734487	3.3551182842727654	1.4279820409065784	-1.4285318449582294	0.24910250699552625	-0.01957804508312051	0.45878280634132856	-0.5650645695630994	-0.3949851304880997	-0.29092856131066025	2.04118216199254	-1.2315415891088795
-0.4731835981192764	0.8715412770378402	0.6196945948180312	1.243510087027679	0.3128806323631099	-0.9432978438292662	-0.8435324794172725	0.9424931130769545	1.0748645057922828	-0.37698928516134383	1.168818122704827	0.42429733899215866	1.1357925766218153	-0.7610827507266849	1.0768801941536992	0.16036047244576462	0.7594921172202438	-0.7627957078520242	1.6707689524306701	-0.7728968803053345	-0.6690864161213536	-1.7435421718009863	-0.18711995482570115	-1.2701946279147538	-0.2451257327789948	-1.4429856216806514	-0.00468214917532497	1.239587477861844	-1.189314707623223
-0.841239697723332	0.2761892382430496	-0.3977585086758932	1.4306539377541063	0.25730343716326587	0.35691304822820624	-1.4966098846788431	1.2487468958751022	0.2959826729549047	-0.3675240073946776	0.7614549043436171	0.3731408236045461	-0.8126903863737986	-0.3901736749705197	1.6630225437562003	0.2556594344523365	0.4790200752346224	-0.6980674232379714	0.05199924016627086	-1.2955038784629835	-0.9216780801395639	-0.10987765599583732	-0.028386342628373425	-1.658601989525626	0.08500696204440635	-0.8021400025571296	0.1896090106833273	0.7333236195406084	-0.9910881779646992
-0.9180800942532611	-0.9817245836691209	-0.7685436091818149	-0.13682486862737256	0.6917593361721884	0.7073263300880842	-1.8229649715218668	1.740602889162563	-0.6509930087371264	0.897815374542474	0.4089110259242639	0.7598115711855403	2.3950907226693934	-0.48084949571368996	1.8149434211306474	0.26392113681450513	0.3195576028515556	-0.8420363970807682	-0.68340957657578	-0.8919866629132108	0.0942840818058324	1.3166621324217413	0.20794856541913867	-0.36953805789403055	-1.1127365113846268	-0.14853874042348553	-0.029296207528411722	1.155823521938148	-1.2273017201895353
-0.383948852397928	-1.6505820338109316	-2.324199824200919	0.08369531139739513	1.411708406746889	-1.1890866724496556	-2.074518373537733	1.446529655100206	-0.10341778829547352	0.47588209281175103	0.6863639985010932	0.9912730571134443	-0.17024721931225362	-0.5791735524838498	1.4184304394264347	0.12711916499453005	0.09751789387631711	-0.7475201916706821	0.22954745405889948	0.8665979032471895	1.315405949023301	-0.7455310727067662	0.769520988120374	-1.6568492267996255	-1.376623332777752	-0.9551578685476738	-0.048946095723683004	1.1931269572391503	-1.190602135600371
0.14183417134539206	-1.7207529694284636	-1.2908192115618742	0.08041213801734187	0.7976852232366629	-1.2882736612946084	-2.6660748954008358	0.9537418448356715	0.5082276609573345	0.46883907671615793	0.9666508203691186	0.4791731687074629	-0.12931253301026835	-0.6198121514678168	1.6812025115634304	-0.28830516786264654	0.5716038396573384	-0.7642721680337572	-1.3485423616774603	-1.304622272073234	-0.34296212280776545	0.8794491701049061	0.6230130856402812	-2.3666373540296903	-0.9252879677704401	-1.6074771122156233	0.1941514554168788	0.8148586998132261	-1.2352198405320063
0.3075972469450021	-0.10595399618033075	-0.13368899912147628	0.6133238029408008	0.9004730227915371	-0.5006676574955028	-1.0561390451503334	1.0715203528965562	0.2315503498592515	0.2649403554888009	1.1910473833291426	0.7416732541446314	0.3009903017992345	-0.7254836463757852	1.4627081686852155	0.09701537870046839	0.6960291947100974	-0.8561792820952918	-2.570046908071807	1.3478262104119765	-1.8057837910450176	0.0019213203706477204	0.6769175771884499	-1.716825782403434	-1.5095729369339104	-1.2360677006984642	0.37048563917266064	0.8802347387551271	-1.27134960977131
0.9398464663395881	0.5881675874073358	-0.5405921657371479	1.2339591147484597	0.49781094334151693	-0.06326566937259026	-0.4374897254595482	0.7343858856986226	0.6324116911445232	-0.0037937903885168793	1.1796703268619742	0.6437563001570874	0.4694809162624374	-0.5231682825762306	1.7528283280323478	0.24243942646137612	0.6429678816955265	-0.574923473415323	-2.0672330732899864	-0.6774110179719532	0.26346500165148296	-1.599383592006367	-0.12369088717846081	-2.027014571238967	-1.556144183021689	-0.5336399678745559	0.3392197335601178	0.8637630373594964	-1.2119358850949502
0.2705184450770918	0.973419967141757	-0.6888016328009346	1.228081328881955	0.2693219240971995	-0.5393955874582589	-0.44676055399405507	0.2979766920959999	-1.7095417318174422	-0.2792037722280503	1.0997818753845494	0.7057127888099983	-1.0580138631104739	0.056733322841751824	0.9593310755762804	-0.06844006804529282	-0.5836566888965304	-0.7282311789552104	-1.9219786096235802	-1.389542895622614	-0.20331663259497298	0.9120231187846886	0.38154606352163106	-0.3263123571290884	-1.1970587672471547	-0.6227477268523675	0.04269297536220511	0.9894836956880324	-1.4380569535651226
1.3031957976667978	0.070990416968365	-1.0433650786246023	2.386020289088025	-0.7182640755844685	-0.7047246381851896	-0.6958869952977988	0.4604087852910354	-0.39591277984812984	-0.671044761645873	1.1486540230896662	0.616888521623193	1.0300423091278925	-0.4360142869754279	1.2336792644576506	0.07144020918015612	-0.8839717164589125	-0.42211537042266256	-0.2988128342822116	0.18432795722080358	0.8655791922035754	1.218244329358859	-1.2780080491925236	-0.9786505656019729	-1.1011488055223977	-1.001423917151197	-0.20073871162591822	0.7924301955320204	-1.3436707174508238
0.4784898351721445	0.432805698742875	-0.0001394685821917455	2.28057353410696	-0.48468660886336784	0.047578117862603186	-0.9788545291944762	0.6652595427347436	0.3293132048384721	-0.6969733430792282	1.094346607932765	0.7587656556605044	0.19825979663350418	-0.3588346814246532	0.9686725227230136	-0.07997202152623682	-0.7764129365585418	-0.4882675296222825	-1.438885805832243	1.335223470672596	-1.1976447204816214	-0.5578161148909195	1.4208091567862418	0.17959924030900415	-1.741247299330289	-1.297048729176817	-0.1350446350367307	1.0306016300723473	-1.4391770885342121
1.4318974890031368	-0.06439701627660072	-0.007010288881992342	0.1763623198345444	-0.8698636167558038	-0.7292509916247153	-1.0135292057266314	0.7419361592825535	0.8431313115162986	-0.6794644221406598	0.8807601608911739	1.2240427590819059	-0.493685411255353	-0.2555937500545915	-4.280540218001923	0.6054535420718915	0.1331562120434357	-0.02365870728475409	0.06619249370488792	-1.3702333569763983	-1.5516906791948148	-1.181685944013675	-0.45816446119984666	-0.8236590060861556	-2.160526742294663	-0.7629187463232621	0.36243186610233047	0.05491676354880384	-1.146525711821248
0.26505397599808433	-0.6135327619472698	-0.5510482317359172	2.191697961021833	0.16243488321197708	-2.0306492004971233	-0.9931400232153477	0.6566728270468725	2.267607018004267	0.45012442715156387	-0.35567299898234717	-2.9072189146010308	0.8521456873240766	-1.0173448192513377	-2.1317586081443824	-0.3843289361311942	1.656802369663094	2.932138372636639	-0.6152352113022773	-0.301538128441439	-0.5727113581176838	0.8986076912928295	-0.004709038216213426	-0.5173991567349535	-3.367772409281493	1.5354842207762411	-0.4502669235005448	5.786025633405966	1.4493171556205982
0.02663752001714855	0.647842628445106	0.00901322005490641	0.6068957798680485	0.08306095225445706	-0.6967364510629227	-1.2696611179183657	0.5711323675263974	1.8692478195091133	0.10474518747654786	1.4958445529384612	-2.0651020862343707	-2.242864784740394	-0.0751441877000519	-0.6193176495706499	-0.18424723763921527	0.6965958107510992	3.1188737430513207	-1.3528460529686124	0.017896030087838855	-0.6946884702043948	0.9072105739220548	-0.6716339759856862	-0.1370292604084002	-3.6613948458597267	0.4765890292741772	0.921536621444634	0.00040855347168357965	1.0113492369703048
-0.7073314243425893	2.3204486311723853	0.9570649948341287	-0.5167229187070119	0.383938316470294	1.5336599171916965	-0.2946561124369288	0.6067371867496647	1.1632250208718298	-0.4861193873931382	1.4790971629686127	-1.5202732952281328	-0.16252526841418818	-0.3262890368627912	-0.4889386278078284	0.11221623480421568	0.46582764994024606	2.420104901520766	-0.24197577025379416	1.434150207673144	-1.333998508434102	0.4321201941991861	-0.27861921944407975	1.176125130138698	-1.629685688548741	2.25231945069171	0.38485622804224345	-0.15222694660004304	0.7374518144451535
-0.7388500437709324	1.5508243700280742	-0.1379857405975581	-0.763447044365981	0.307826336335345	0.9735992635083695	-0.721799751083747	0.4722054540388679	1.2704145294659488	-1.592423430048941	1.8546921443112374	-1.055305760227193	0.5983379980385879	-0.13391248045735157	-0.7385305129791726	0.24719402922794065	-0.1389752743588824	1.9066503036421656	1.173018347349385	-0.9035223289900814	-0.7880746150782332	-1.7843755393054277	0.1421315179847431	-0.6254144551622978	-0.31698007303257836	1.0282087371464312	0.20210271625270407	0.04930880726482921	0.6135410181302866
-0.5748043947258302	1.42102728369393	-1.6337240930236445	-0.5254447908698349	0.46545944089506214	0.367542906682071	-0.34522360402108754	0.5441393105495556	0.39749207445124063	-1.9507338243753116	1.5885634921237486	-0.7450791485797704	-1.4087800901074796	-0.019296769652221005	-0.7966684473780754	0.08310165902529582	0.0725591615787653	1.3606398403197133	0.11339827806962363	-1.257124790597554	-1.0298399723690363	0.8144386985608191	0.6693451730371431	-0.5247301040488381	0.5253871344638501	1.3815197874544005	0.3445255383304062	0.04159554930968203	0.637922206560852
-0.1859364447284601	-0.5790041010846367	-0.18187332614602414	-1.3910667447218164	0.6790535896598688	-0.7049875260843878	0.40314592690320206	0.021917698421700528	-0.2864801369227686	-1.5286024985036255	1.4139790150799967	-0.9434175070099148	1.165652488282182	-0.22431309887648276	-1.3161189002977913	0.42978564023853977	0.18967746332351756	0.5262197101682553	0.2573400011069736	-0.6326208592743968	-0.21388243425524073	1.4480263602265981	0.6638046298090586	0.06399060734706515	1.1622925711894392	2.856680803773765	0.3126063651460661	0.3711408475208115	0.5518984956580375
0.46540329569798883	-1.4101692042236986	0.26054385970437965	-1.6634681252855537	0.4472826020597088	-2.445540915453413	0.7287114269427933	-0.1528663164750707	-1.1508851602514019	-1.5517010811251903	1.2050357209186484	-1.190353925132047	1.468329906688143	0.5641868037118823	-0.1261229674194866	-0.27560948207930697	-0.07271152700913036	-0.26958501617298264	1.0248881821728522	0.2607035472733047	0.569383947301232	0.9278719193041695	-1.4317915585084389	-0.8841200119934198	1.6523034051503394	0.10118477812156781	0.0875705541381432	-0.11270629938718588	0.3278971448416592
1.607986604644393	-1.4606007978715885	-0.9861765141132753	-1.8538669444057545	-0.41760012097986754	-2.584651149290319	1.3107972069288425	-0.47844099449733046	-1.2538200654168763	-0.9728859805654954	0.060447189517681556	-0.7784662610517675	0.12946945113030495	-0.032410619497529436	-0.7961210247988991	-0.13409305185332449	0.06958376774089003	-0.9256477444447014	-0.15195960283060916	0.4087350161253906	-0.20972601307928573	0.6253275158422604	-0.2884090951214204	-0.15930586315544795	1.182146772654977	-0.6409624002052238	0.2631741987942512	0.1388482311410233	0.5022910635701651
0.8599939887750637	-0.7454733922143837	-1.0201122068575474	-2.183708201983374	0.030314878097642044	-1.9853985324610994	0.9945314691648034	-0.3380560782097595	-1.4757986469296775	-0.3963740521674633	0.5434795192093016	-0.5971799357188807	0.24345151304872978	-0.29028717575176144	-0.7648948607939805	0.1603326932377124	0.2372250777872009	-0.47181706648452926	0.05781609634987976	1.4232386255906635	-1.0857751150457184	-0.0770822828094071	1.4823664641052097	-0.7793457364190659	0.9665670489079806	-0.9993585168279205	0.13708663345621439	0.021027002311526773	0.6167404720384662
0.6340625165137954	-0.1933669633195983	-1.7770884035208834	-1.016271462123807	0.021965796438381816	-1.9063894655513147	0.7305402521157534	-0.7263792019724777	-0.00548065091518348	1.034164027889776	0.40759523984977025	-1.2843090497210328	-0.015460137623638827	-0.11938872187090918	-0.6789744580864203	-0.0488316338908914	-0.0895590826306427	-0.15517380309494525	-0.9910437293236058	-0.8837112555156713	0.057217175161124706	-1.5089336915326361	-0.1659332360453122	-1.6239291252830095	0.2811247068269326	-0.9809230082875537	0.3042430736105596	0.6531654618043611	0.6232054274776355
0.6726861860988306	0.4040706318507635	-1.5636283452631725	-1.9286704227461133	0.2776954828796018	-1.3353707739743745	0.750847937929658	-0.4282477212988904	-0.9504673230765678	0.1639130200022488	0.15189068811886552	-0.5064709427094903	-2.1352563024689837	0.31470424662525737	-0.7418016458392315	-0.0882057422455221	-0.10831018678931516	-0.7308676500965384	-2.5733945612299487	-1.0945226218722572	-0.18001695921234703	0.7925173107076441	-0.1291930292469287	-0.22741234391920118	1.2753574951534865	-0.08390081208125981	0.6162475872437112	-0.20424204122387737	0.22176414308458745
0.9406368101817023	0.8782788578634002	-0.23551788459491707	-1.834962335363023	-0.2538380288789405	-0.026212137435951206	1.1504595430025977	-0.5356589094381612	-0.1085592814677778	0.22993301677359812	0.15825112353048726	-0.39523068251487425	0.7953309735428644	0.308974361204421	-1.2076677483941602	0.01916366460935026	-0.04464960693054366	-0.8973240882092459	-0.6803445989766633	0.8245004908490554	0.7430590748553066	1.0123715155363249	-1.9331947705006978	0.5012909845497584	1.340796837445574	0.5564170822105786	0.5428213137087962	-0.04250411841677924	0.2344654222926724
1.0869505033971842	0.0010079079722581132	-0.7896863919147666	-0.39090848362706393	-0.8642961361631387	0.04824313265729515	-0.034259350885370125	-0.7528703155219744	-1.4983755970445565	0.8346334644538469	-0.1522319476441574	-1.0989571768893385	-0.3080675482423608	-0.3150188816797189	-0.09982628115111887	-0.301901435391752	-0.44196017081439154	-0.5516337318528842	0.47163760785358694	1.106509891172541	-0.22292738679413357	-0.03348309033274706	0.5395659523348526	-0.3385373805012165	1.6275889694841654	-0.48875818836186563	0.4007362992971996	0.537236172741611	0.400342281915062
0.8129568718767634	-0.266196438471545	0.5157121049812755	-1.2098842686382827	-0.4577362993576627	2.123919191698459	0.6037413016019404	-0.5694145091413024	0.5883974171577506	-0.9663088845686386	0.10883212081438783	-0.5151595244951634	-0.05823479466120593	0.19851760733948728	-0.27227854861965506	0.17475869073730876	-0.5610307586328539	-1.1216806395774557	-0.34894723671665834	-0.7829024246786072	0.25196378155611276	-1.4823595733767814	0.15192285008681108	1.4395100855298917	1.216788374671217	-0.09920275011105166	0.33397070778323124	-0.13508203684395184	-0.19315472648583387
0.5879208545937952	0.009563555362954838	0.6346542471193563	-1.3347757504029933	0.06201197479360678	2.6160537851493206	0.3206916338481414	-0.6355941256098885	0.4577951218177799	-0.8574631963771888	-0.31136338906113026	-0.4689998365022738	0.5262172385899738	-0.10413780105534137	-1.1275440421829355	0.09465653670451536	-0.02391726281070997	-1.1173633289450604	0.8579353612873236	0.8498936529724906	0.3147308183472299	0.7572217150700077	-1.533452442209964	0.11910822682507091	0.8788766336159626	-0.2285408712874456	0.4784253567902631	-0.1553954150088881	-0.1668285758955115
1.1606181406943128	-0.3842026238451748	-0.1339528846684764	-0.8236633965508645	-0.1488936163988701	2.903189089992304	-0.007000817500095446	-0.4672832580772705	0.07225595052035917	-1.5363692177741517	-0.4710576938150122	-0.4974732523129831	-0.9228556514463652	-0.05542554379691099	0.005052100421224428	-0.07534522519494456	-0.1172433271035678	-1.0454875735049318	0.4997232256955169	-0.05854894556384836	1.6401907043700878	-1.3983428315683148	-0.08597250196011447	-0.8490469728111985	0.365854065935485	0.013468489503521586	0.4288984616321859	-0.12435924438729369	-0.3096434442152825
1.224909006490422	-0.22195826955642095	0.44576258493323545	-0.11596750645302424	0.015606012286902041	2.020934271850018	0.5744384255517921	-0.18547684481183693	-1.7831212387400328	-1.9348317028463953	-0.7232450118842357	-0.2983560779239769	-2.16696178729075	0.39735352417340336	-0.5040938999692496	0.038973442235454764	-0.03509776862683588	-1.0533380292843022	-0.5942491534462597	-1.2214690316502186	0.12001897576125473	0.798894939058307	0.03792062541176834	0.4182234440165002	-0.2869439224587377	0.6995140152162622	0.5067289824978018	-0.19757718641787256	-0.4983067247730965
1.7099748570015634	-0.8924920065394997	0.17867323422759765	-0.06367200642915977	-0.8567356465168191	0.2996592323670246	0.4157661425931171	-0.11662244409070384	-1.103299360723534	-1.8359808022428887	-0.954829370481804	-0.6955559229388835	0.8491533218966506	-0.2932313843583134	-0.011694460079358636	0.09598397075005563	-0.14139274834101986	-0.9516911500970857	0.9497314946589637	0.23364024063383118	1.4019889334557827	1.2782242631237841	-1.43102009227828	0.5250388529049038	-0.050089859712414	0.1789243055970677	0.154643311154582	0.1593612604894671	-0.27054693313947936
0.9010059910899968	0.14189236204063843	0.3717131936899952	0.418499815735554	-0.738597599345143	-0.04053947356123965	-0.42723216789989765	-0.34924048820194376	-0.26224761009712677	-1.8691057291649902	-0.8171763773538814	-0.34350577063412985	-0.7869171086746496	-0.11113898011442531	-0.3896834229876613	0.002452314758863417	-0.48614544216195854	-1.0893129019649626	0.4261131455782844	1.3358459656724404	0.1733395712766478	-0.7334420781549573	1.5119875203001485	1.1729540480164666	-0.07932065609705372	-0.4144034077151698	0.23003197896382485	-0.20617469564117044	-0.3663734480662612
-0.031048989820816088	0.731206305483207	0.5764489484630696	-0.3504036951132114	-0.10644589358829214	-0.23946211705171047	-1.081785648941917	-0.6225818528359256	0.21858303378985916	-1.5769208534266919	-1.2918430342826934	-0.6355993323526613	-0.9194866191377021	0.025099628296967772	-0.8951247954562058	0.1884763566785219	-0.21262019983496816	-0.999424336954807	0.9240128146217572	-1.439529581100148	-0.5696123452499648	-0.446034171157353	-0.5598507631786076	0.647051197061789	0.19395255258960659	0.13257720177382387	0.4248414741382251	-0.3606742313680876	-0.2628037837300443
0.8136954526628756	1.2238844549627907	0.7511201733551849	-0.7437987183595384	-0.606589186339738	-1.1603057141342943	-1.6643980457258807	-0.5363149954281775	1.4006131190665956	-1.6729539385357075	-0.5832244158499539	-0.18094177685805934	-0.17020963197013825	-0.1899494395692239	0.19546091327270712	-0.004068440093244218	-0.3006104200271627	-0.8834145087592981	-0.13361076026771113	-0.34720921346611	0.24908335626075365	1.2885297198017884	-0.23194874025675807	0.4502077580217526	0.15775602709290754	0.21209191059858795	0.5403586546106981	-0.3613865788586519	-0.4474225443419546
0.039150257812402556	1.0706586656349641	-0.43288602114884894	-1.1996761317997628	0.03625720396779507	-0.275784703970474	-0.9529982949271021	-0.6027359242072236	-0.830674707861183	-1.4544924819112337	-0.9583238144782893	0.08733433273564693	-0.14301639290657298	0.21029325320050143	-0.8623053969132627	0.24304115957945133	-0.20078411176547645	-0.8851464874353555	0.23697755192137193	1.3718539223453052	-1.5571411650395741	0.30467034343382726	-0.21184995304063253	0.861750208407987	0.07327519318296113	2.1829257141719425	0.5479393248347477	-0.3789582069498897	-0.46206499430345493
0.8623273233825816	0.03984772603040349	-0.42398653764479366	-1.359413691076114	-0.7508731512574466	-0.3074527132214234	-1.6599023163831494	-0.3732589086671797	0.009186433245110879	-1.430458330229691	-0.8153860962983511	0.2250682750642679	-0.6055784455579832	-0.045147066199706425	0.305486889606868	0.09662985408401396	-0.45325467157471483	-0.5961265077537311	0.4298642862729662	0.6383448105799413	1.705599698235047	-1.3366970641809923	0.8905695534821706	-0.17267087709297416	0.3314617802694842	1.001958196401419	0.36350954365904314	-0.10086575341511872	-0.37932645859557074
0.26140347846673023	0.4504134245058378	-0.2789381210412572	-0.846750848367218	-0.30821233014939364	0.24715611520261718	-0.10671574535454867	-0.5285669978877101	-0.2689966626547018	-1.5520338857934668	-0.9459129040680769	0.6686194941779814	-0.3399512624549298	0.15885600433933666	-0.5064119160354216	0.11346029767133854	-0.49637755540071077	-0.6840826739042188	0.02322282905608985	-1.5551757590563666	-0.8141872114051594	-0.6434638239629787	-0.22069038713714836	1.5452847385855752	-0.8414099678080426	0.018235805705773656	0.5689384111276661	-0.11934055830577717	-0.5938704037575289
0.8699758382920627	-1.2471460245480372	-1.0560602036014575	-1.0138933185942567	-0.7157750457981903	-0.02891321231857133	-0.7628315927386682	-0.5086542751438877	1.2869044618559107	-1.393464796377247	-0.2803889200965957	0.35739147447605846	0.009979393831717111	-0.0020930385811083977	0.5638812127951068	0.001571242540552388	-0.4043997077459995	-0.6884122498768495	0.8799295503563481	-0.6769843289238705	0.034064584334470994	1.3846772234761526	0.6127436342222459	0.3337023520969461	-0.3894995565420302	-1.1253920783178941	0.49047641542096243	0.026485361587796765	-0.3078647263667562
-1.274094542580967	-2.3376064740805758	0.09471125311654818	-0.23229956584341171	-1.079936247155792	0.720308525732547	-1.260840866443856	-0.3448455477590688	-0.3317116778804385	0.8055187599649061	-1.3031368994907642	-0.30303570618650655	0.08730056988445445	1.0000556928142779	-3.3530083792064516	-0.928363683966286	0.5824932759607915	1.435050578512905	-0.5064218176555054	1.3404950918823608	-1.78452537762847	0.16595639835872023	-0.36395372205807397	1.115278007298099	0.4697224683938945	-1.5383060422369814	0.140934190506946	1.503508572981365	0.7435381132176754
-1.2628279022608184	-1.8976582502217716	0.31922135056344414	-0.10060693493427632	-0.9034699055262039	0.7651237891994124	-0.8012279126708968	0.39442501427564414	0.19271602661462084	0.011271366642543615	1.394614684390179	-2.0895133939597237	0.8846304565845924	-0.4384414886423578	-0.12725511542807566	0.5081409563022714	0.37302258952017026	3.6641814520958342	0.16529267546822674	0.5504197984375332	1.4081246024869494	-0.03237924405932828	0.6967842089696512	-0.6884784325834861	-3.069275058355921	-3.26584241485269	0.10010448129371906	0.31580008043143415	1.275058694797419
-0.9974091352733712	-0.34615234544920614	0.17722278236634573	-0.7762322798294063	0.2808128021072931	0.7186968433578403	-0.5083035377882119	0.036693477062534924	-0.8113529613312479	-1.3866950438799641	1.59397563520278	-0.8089309582091633	0.9012540055928627	-0.0991272947047412	-0.030332917000459033	0.13283502127801353	-0.3534356188148841	2.0194385109953275	-2.5123520396402332	0.6631975247457174	-1.3065406101254144	-0.10916142280661956	0.7345338031723847	1.678225422626858	0.701963455270244	-3.338122130429714	0.5248649758301986	-0.5591117923400886	0.22778759267859436
0.44657944004237776	-0.1671352290745121	-0.13163171518406164	0.324933875865483	0.07606883163191612	0.3499000656549971	0.36088105590700303	-0.29929142213567866	0.7664296730253749	-1.4212727291805844	0.4482654317440988	-0.6735408856664237	0.33922274900995125	-0.18155640523749073	-0.6448753090236957	0.36999480679916247	-0.24904132456026531	0.3549364320533247	0.017564960229687225	1.218368846676745	-1.9710664518531127	-0.24150764447490924	1.652408198151073	0.5168517015934079	0.9376080330214803	-0.9419429610895608	0.06335839710185107	-0.277301910808846	-0.247936644607452
0.47104461423089694	0.7054466447572924	0.19806203143813988	-0.30090168268577466	-0.3097562909787116	-0.5743044735486547	-0.06511940081055817	-0.3519493617277618	1.53722679887358	-1.498810222319246	0.013572483616570239	-0.8707127792997527	1.0271763545083494	-0.45748661863725226	-0.8265919488888004	0.26382551318874076	0.04943245363786626	0.014500708001153075	0.3552573124222962	0.4189745387896492	0.7564839434685982	-1.136976137120624	1.1214974379770715	-1.2021235074568564	1.0555913858314114	-1.2410070243552482	0.35205520932239864	-0.21581888408741073	-0.04395436027017138
0.5317312254902801	1.210981996353596	-0.8746359769359363	-0.23684821365963254	0.12910333493225593	0.4065393796530341	0.13100249442480946	-0.14824284280583264	0.02108956827521373	-1.3464357903161313	-0.11910514045815686	-0.7085574371670837	1.1350803490477122	0.04462252242449673	-0.17093980768630915	0.167075835176583	-0.08697960923235148	-0.29195910564394467	-0.37070539304679484	-0.23152967433052127	0.8094244845278189	-1.5921888050673054	0.10398752797371108	-1.4364618960254316	0.27377448338853827	-0.6077931700980767	0.44595055626315766	-0.42490197591446327	-0.2568760203730384
1.0950107846124821	0.2765503519263646	-1.5454234032846916	-0.025711839673065003	-0.05987107111773732	-0.38288106892785173	-0.6549008734252656	0.16210643227418023	0.6090047307884622	-1.4147592155249686	-0.8105141800061266	-0.93922203129714	2.423641588966656	0.1058366001806666	-0.7162530140593226	0.18793462580534456	0.3369023413688802	-0.21682137880198218	0.13652950433927208	-0.8891948449765971	-0.12621577088321534	1.276671327712322	0.6457407681532767	-1.8807176104755237	0.462958255756252	-0.6433239527566827	0.3449893107620264	-0.5893564839154142	-0.20716107591012659
1.2608981161989095	-0.5460221533852047	-0.5822397783284976	-0.42843477062469654	-0.33353753701032474	-0.08028889646665993	-1.3290535213351096	-0.1251236307944406	-1.072934753497703	-1.3237544224347848	-0.17266435716483464	-0.9450269696979885	0.26829702640667946	-0.08246893281235274	0.028742780011181177	0.16344202336789693	-0.21980935544492086	-0.20363090183501406	-0.9768672057568509	1.3228571625433314	-1.10580497300676	-0.11082627303314933	0.6829514825835135	-1.8499795341041951	1.296425668022043	-1.7953145371604724	0.512792236753732	-0.4278789231632803	-0.04357021377814783
1.0597699128704792	0.29757655005470285	-0.6545453490842045	0.6901213732019623	-0.01112790113129655	0.4119824288166941	-0.3780595615279824	0.4948807324289033	0.8626586426054914	-1.2489833230060063	-0.6258679068937616	-0.7784297607486391	0.3640728687113107	0.2633240237306671	0.020217792155238397	0.4110648525503765	-0.3295555588425303	-0.5280155692019931	-2.0527736363183844	0.7656824087826319	0.3458802311334915	-0.982328890107424	1.4614463322317306	1.0452729965565914	0.5330807711830122	-0.6374458984227304	0.39371876100760783	-0.5169829805277524	-0.4030357664863862
0.5723367409396337	-1.5833272162443304	-0.49350334623442693	1.3149297093902446	0.5414638902741562	0.3769765336122503	-0.6544530970474387	0.7975897237379521	1.478772078501377	-1.4417910131441316	-1.1825959873989662	-0.540364184322021	-0.681527966608862	0.35317585139133845	-0.25641583978061355	0.6649206656646368	0.042981798562882256	-0.7536128301542416	0.44558297803199626	-1.3280243048189593	-0.6346769461298076	-0.6181301233294539	-0.703992765872349	0.0861641791462762	0.4850115690471242	0.05023238007342338	0.4093975562593629	-0.5663646050586119	-0.5331204970884943
1.4475782099286587	-2.1841642859196586	-1.27327166010843	0.9272603735196819	-0.700768801685091	0.05770151334227709	-1.0360126019195623	0.8046780891967062	1.518021158752147	-1.3079357489456063	-0.9973380231615582	-0.5285109237874419	-0.6086040136885901	-0.10599142161719172	0.6664894541395173	0.3579912546339384	-0.20276262164197972	-0.4426339819715022	0.25217862153129794	-0.5804620443489377	0.27311195652302334	1.1807783740399282	-0.30356695978130455	-1.5295614854937527	0.6048088212566278	-1.0835589541102646	0.42040709616035726	0.16101581173730103	-0.5328214092335108
1.2234903459572855	-0.261573730002004	0.04260708424685264	1.3404592699102729	0.13152739952727888	-0.028305291683336377	0.327400588899892	0.7842632410549223	0.9947166625864822	-0.4944985011646019	-0.9915339390484388	-0.27948186591731955	0.3676083222562167	-0.05454156645272988	0.30533058897703	0.7077754781792532	-0.20559742241854956	-0.7593919396157672	-1.5580756657099397	1.2197439878419065	-0.48014939026447745	0.6140878899934109	-1.7422046104931534	-0.04415765878700266	-0.0822905443882777	-1.36023838505262	0.2668225827116986	-0.14788347472992386	-0.901462873366267
1.177718604219126	-0.2921188340255696	-0.6827058180776634	1.605538891886485	-0.2958245887200391	-0.719199194165941	0.6769841837579256	0.6994685324493711	1.3789208990573656	-0.8303512212297494	-1.3666481286943344	-0.41499156733913034	-0.3878495871839676	-0.26577153943744797	-0.2685758312912269	0.6596936582789645	-0.19842459170140533	-0.5447634815466001	-0.518742854888757	0.9518290078825075	1.577617958304268	-0.8834656292407022	1.065344001084964	-1.0876665804400558	-0.14133654095372006	-1.043449725607318	0.24590711335224844	-0.1937147432407817	-0.8180161964452362
1.3517935524597924	-0.6202110152869282	-0.25411206432902	1.8080754001772332	-0.3367506619412852	-0.5821067179127943	0.16268698684808897	0.35177505460308156	-1.7276183278852617	-0.5202175103059559	-1.386049181204965	-0.3502238355559187	-0.5310586823959464	0.1602952976570982	0.3358035696593623	0.4469869546363645	-0.4353975725027462	-0.7699172216315758	-1.3390056511073822	-1.1370348047078025	-0.05827211299754776	-1.1625428874278307	-1.0658521222881479	-0.6641432056008232	-0.3643611117704531	-0.8513690676509783	0.17115499604060547	0.008383075247099758	-0.9816571184311786
1.1952884307749743	-0.32904736869461404	1.5413134156328594	1.9186171312972722	-0.8016900940887741	0.46585669199139784	0.990430928699602	-0.22465491581527097	-0.1707356187678924	-0.7395947216443134	-0.615748804729576	-0.32043678064267506	1.0722054213586807	0.12838151298803444	-0.15299428914667007	0.5150259307812931	-0.18117142938115308	-0.9853095407848151	-0.6626487856089395	-0.45276498572963075	-0.07062938620207608	1.5036084254473494	0.2975442719868541	0.42510457503385807	-0.039705160125968246	0.1116396358231801	0.20201605170596382	-0.3437807990973331	-0.6817308494608786
0.9601705767108005	0.25843297280682365	1.6483309232191874	1.81896960701452	-0.6212670368532109	1.0639879777055354	0.4470573034338128	0.46949081186701125	-0.9808261038567122	-1.2677413346450643	-0.5634046410982271	-0.6705574653805437	-0.019959629752867015	-0.012675946819551712	0.13340665455468828	0.43369545030302487	-0.04498021862750445	-0.9507197695641585	0.78955389604907	1.281578592102248	-0.4637927554940392	-0.3336575512162662	1.5020084309588855	-0.5329998158275855	-0.4007687978795265	-0.5586688806127852	0.26183301952729354	-0.10680539904386346	-0.6072475058886982
1.0436471653441597	0.8885872605380526	0.9607605557586816	1.3773292298410367	-0.9152041593554548	0.21843956751356997	-0.3560390668128747	-0.11429640501364118	-1.1521228366615521	-1.2340416157246727	-0.7571693808350358	-0.15716036545084971	-0.872044514801912	0.40128482758291517	-1.2962751643638617	0.12455530436626229	0.019202658605034773	-0.3020533345584302	0.07305906778772804	-1.5524471605289958	-0.674782966069692	-0.36266923812856344	-0.47213152950869913	-0.7811105544614738	-0.4370453884003107	-1.2298361346044229	0.35202113287265485	-0.3433790054162397	-0.2598519887465316
0.14196986791930727	-0.5510523141893382	1.0481645912285353	-0.7188617661910809	-1.1726685868909472	1.0769144231397665	-0.3566227709461444	0.2934223591892085	-0.2778375433039049	-0.3141222471125413	-0.08763320058112598	-0.8542205207521655	0.6516818830741663	1.557210325549531	-3.4654344215260564	0.022364503510338172	0.9766992784971235	2.4321926292810487	-0.6931791385438804	0.7270788596938375	0.07647787426772212	0.7270441447469602	-2.525664601274408	-1.3142110292713878	-0.803562318996232	0.5257195594855263	0.4943532518771088	0.2931213615658406	0.701103048481087
-0.8376323988067836	0.6400924171082505	0.5018142916612512	-0.3283199565879662	-1.5527500120128697	0.26787130502666173	0.3452456789375035	0.6529919076314559	-1.013972490577132	-0.34272949988178814	0.8343445807013985	-2.193855748070591	0.3379277716017955	-0.22670519551280666	-0.9079937897586383	0.6620372602459	0.9539388595878213	4.19570813852805	-0.1257667706066091	0.5155964342094048	2.444365372256937	-0.6308231608257758	0.1080823127653215	-0.38466032254125676	-3.9942454833155674	0.559569386714911	0.06722502667655914	0.7637774213571354	1.3819484972213365
-1.2635675566108797	0.7223824212050193	-0.9998890991704762	-0.28554764129632454	0.28327948726330643	0.06893684615655345	-0.05285889686440823	0.36497303033665085	-3.1483217265452113	-0.7825033403932168	1.2788371960086131	-1.592201077463243	-0.9997355237324598	0.06413019184443272	0.11867727192859368	-0.1695184609216135	0.04658317135538021	3.3532348522363975	-0.6215392890978172	-1.4386153955399175	0.15148225570927049	0.12223543752335347	-0.3936718056035671	0.7364606606352866	-1.5299779703997771	-0.5668230928055005	0.10752178818359008	-0.572303768019614	0.8739817008632867
-1.3323677728578305	0.21309668166140708	-0.6278626009056442	0.10381096110244395	0.26476133071498914	0.3769339740699679	0.3788269507312521	0.5358132750035992	-0.4265899110914397	-0.4136705120873786	1.661817124186417	-0.9829815617331622	0.41879621615808593	0.018290843770718383	0.06034264420801318	0.44544593942342026	0.12682852988483778	2.3889782141250415	-0.040313463164897846	1.2196749698418474	-0.8735871967108799	0.6742455685576983	-1.8569132548005622	-0.31482886722972064	0.15706724070882735	0.2730765715058502	-0.031678873464527316	-0.5980747842819555	0.2558321295380656
-1.0649014631665341	-0.9162704608359619	-0.022269593874243734	0.07865154343146995	0.23896662652423653	0.395297570905154	0.1023528002727452	0.09738700779906836	0.4265318463836258	-0.721431984377913	1.4981131846607472	-1.0723216126519888	-0.09053525449713076	0.11803843273509376	-0.10388193026838984	0.4351402175747185	-0.440601631446352	1.7063835067412643	-0.5095993450366596	0.8117622386803796	0.45793380247288185	-0.921463774935994	1.0888601264195674	-0.1310017356008073	1.1552799909093192	0.8883709221593038	0.19053652073183208	-0.14574347058920067	0.3893380651037098
-1.2665915720672294	-0.2993640911790557	0.47876524856753655	0.08257905934523956	-0.2559028476698155	0.02782786025621042	0.5995324024781503	0.0843762624266976	-1.1278870435282042	0.8631049074214748	0.7382451853514924	-0.5929468369052393	0.6973406452014448	0.1431757746265011	0.4843636288568406	0.4787726959986201	-0.7105928980143822	0.7984675895088236	0.37733249731461377	-1.28289396614128	-0.9385837050382024	-1.5148840893673512	-0.20491333795527128	1.6106800961104568	1.0613486177204934	1.9504851114880015	-0.11033038321809376	-0.4133120665071331	-0.16815482977851748
-2.140743493651742	0.9689197959248873	-0.994221838174951	-0.815732363836703	0.18531377515821987	-0.2621118662448121	1.6966821260588127	-0.09751263635600792	0.25009455368077865	1.5366741408909323	0.43073172365324064	-0.4149992719191516	1.09244073406071	-0.19736547646177538	-0.5516970112843685	0.5926856641858019	-0.5124140592147286	0.4877166314135956	2.4886366954199444	0.6493437885967321	-0.9368621101905099	0.5691787154130872	-0.19557190810012115	-0.6495211352320194	0.587560402639028	-0.3675336653532857	0.12936842684530647	-0.47774889438231616	-0.24681388615796837
-0.8047484387868299	-0.22389888664070096	-2.138547022343555	-0.3459250449340577	0.09588827741880059	-2.1644278767356875	0.49486678501719306	0.16515848385590198	-0.09715006455779342	0.890319432990576	0.5199391986601034	-0.5539230212732446	-1.2024599291345135	-0.04078397434134031	0.8498699326285498	0.06882691209745856	-0.4194660381340504	0.7793622424842482	1.0977718543936592	-1.043221460899409	-0.21433553940334601	-0.7527707788419026	-0.19150293643035526	-2.3086771130405563	1.1973500774028778	-2.801350636950683	0.09919883215954478	-0.3607866744451637	-0.025154835555812216
-1.3852711977043721	0.0876146320059587	-0.5801610658764507	-0.5972328795103219	0.47956022185151576	-1.4235757765751655	0.3833115697561428	-0.09451405761220026	0.09101130959625822	1.5262125060327616	0.4910359972049314	-0.36209993593097767	0.7579870151956332	0.01708810712166554	0.5438441398065029	0.2371849348599573	-0.623324686482521	0.5083431939497198	-1.817331983348483	0.5720322576610112	0.8018436566154716	1.101440249274014	-1.8393439410581238	-0.9268844911850592	0.9518121653117205	-1.7069791483318308	0.23358787225355196	-0.11922253975519556	-0.33145996783987947
-0.9180033542848315	-0.6883925051133829	-0.8572030606073822	-0.20275647956994666	0.6751702247692491	-1.05850510450252	-0.07683896529161319	-0.13651858406814096	0.4275744486438302	1.201611248758937	0.4365145641654015	-0.3465085086933036	-0.9777479963787848	0.20387214202237178	-0.04082263625271045	0.3265869752015827	-0.5758047739502448	0.3293717352454821	-1.486271350027096	0.7805219486064606	1.8795059378213537	-1.1331518230353659	0.8836255524504778	-0.8261096188927962	0.9824420836303646	-0.03068185577257901	0.38633291823409954	-0.3016709710952484	-0.39347614051018387
-0.6387675861220765	0.03229788830406791	-0.17604970339895126	0.2885804167236123	0.14642911546427173	-1.0614939867000548	-1.2244650458639448	0.009870403880701758	-0.5934129297105485	0.4359777956379191	0.37173184190192016	-0.5821428931720709	-1.5113286255080371	0.0768226518105279	0.5638388584921568	0.42974622365175036	-0.4010727532941275	0.40756395956760705	-1.1947847789835466	-1.5057292451075206	-0.48702078762383844	0.746048508935311	0.1866353610745683	-0.32615930978740815	1.3306120232650298	0.927426745908619	0.48808336414004055	-0.22819064247695614	-0.26757597853746556
-1.1294908976406601	1.1689086375944335	0.695353713744952	0.6596617412913571	0.185980165713441	-1.1766336531752255	-1.3942133229572866	0.0845138762883876	0.4006745340115287	0.501475372108786	0.46925318217549994	-0.3074484015193815	0.05001147112890384	0.048582871608008574	0.3610233007390452	0.5291513012948664	-0.3341409263137379	0.21804213150900273	-0.6736685165284275	1.2343140151269396	-1.4232644795581495	0.3323236315469537	-0.5243304088060481	-0.18138632392282977	0.8813048208427657	0.8885224066208813	0.2685353600589153	-0.12535682978032958	-0.5153518430785404
-0.6118451271087185	0.7089903338336655	0.493725023421527	0.613017484873132	0.1482813780381049	-1.8860612139368682	-1.4960801091395795	0.06931600487659317	0.6104381843007035	0.2908587244614695	0.36536393365709874	-0.1784448257103178	0.7341886849786591	0.061817346685863125	-0.19036163471357676	0.5292418595884941	-0.40596856497541245	0.5462522234241969	-0.27739170428713184	-0.8756094127392611	-0.48769434802437484	-1.6281013026381983	0.01601900696583541	-0.746018232867901	0.9558436442190706	0.7236876720391289	0.3455410138790053	-0.26701651581677616	-0.5825586342960754
-0.7026682519574593	0.2795706106849623	-0.19559654031637783	0.0521512400223598	-0.2677631648615006	-1.1723937045858157	-1.9179891727673466	0.20916296460383543	0.2056053526566062	1.1803770974629253	0.06933904187954182	-0.019065766347209488	-2.055925570558109	0.27756472511144736	0.8435280170145072	0.4294424965093366	-0.7431440065889757	0.46618819336331374	-1.1074461935504414	-1.1560443770814743	-0.3296041111294875	0.9098226960319632	-0.18701378998459214	-0.17024992306751316	0.8236036180971125	0.7240306351265883	0.2506738557497332	0.115098544309628	-0.7447448675362187
0.1972766505197021	-0.5214599031758305	-0.19173909826672206	0.24961134625729134	0.3452776338488554	0.3462834545243075	-0.8680171668992549	0.23084596734313229	-0.06397156312177442	1.6010778363070555	-0.5556583553639891	0.17715218775507394	1.1603630631192154	0.4636291232912371	-0.04339940386478448	0.38606877118804517	-1.0875044447243516	0.24619204357667016	-0.37450496301476965	0.4508518136041128	0.839450210706485	1.0487990617005898	-1.7364088361855332	1.261154297981473	0.13884628510597116	1.231937659886524	0.2461836627521574	-0.033359301745363515	-0.8812124097966098
0.5728164752615089	-2.1698800442805313	-0.7303540031541215	-0.38732138938180655	-0.22837568314572407	0.9936697179009302	-1.0859759724226463	0.15765642573753696	-1.1531180084340142	1.9411663100618737	-0.4257730815623808	-0.0330092847781219	-0.38754916111894344	-0.012876892629830565	1.1232039003127994	0.5065150265350151	-1.209291384423243	0.0823606880534599	0.4477982982831988	1.4603648956275461	-1.0447561713214881	-0.4486055333939723	0.5746966668588117	0.3305916866282821	-0.05299664244830018	0.39733446605090067	0.04855135262971776	0.46959641339481806	-0.91709576891317
0.5903242742692537	-1.8978482151453258	0.749044407744918	-1.082165860898851	0.19981650056796704	1.443704405737882	-0.13292943146434505	0.07425872542241155	1.2827970051619413	2.448195754256966	-0.5710795577078309	0.20051932901634184	0.13710840284044026	0.38158953690583824	0.4523572368521782	0.5939703791602213	-1.2472006048017106	-0.048414457112962495	-0.13791273692546946	-0.39105834483959195	0.789620431134792	-1.5982510253721964	0.0985564906243921	1.4994091400929739	-0.5566664617900159	1.2180565764960187	-0.016225353065210002	0.7354211144619649	-1.0675297402658575
0.8631627954722494	-1.2628289394281842	0.6707774301876133	0.005477832475274655	-0.2946263171854605	1.5526018921324733	-0.4482887821013874	-0.09686418767485544	0.9381716108349119	1.7167450208668031	-0.3520368340837314	-0.24547737684597232	1.1609642061927195	-0.258227177286687	1.1470233679676447	0.46066641944636605	-0.8694971184295999	-0.04422288866221653	1.30265834117074	-0.7402105793251296	-0.20387919753413283	1.2978869807118283	0.6385907639501358	-0.08452745437741521	-0.4136705055343494	0.14834055145355854	0.241495275271131	0.28079750279937643	-0.7910381306870223
1.0417341960330764	-0.23696847451692257	0.5409770744310376	-0.8229257407798802	-0.1687186748547236	0.6856915689545262	0.19974613540537084	0.03870592795957249	0.05038722439314922	2.2147919881745644	-0.47630935564399574	0.3119366234234596	-0.47954730478985613	-0.020675091119421667	0.7462194108129194	0.4898169965836121	-1.1121309656605243	0.0523144006795265	0.08559840216665622	1.1584896783267464	0.9901307862975	-0.7330208403238858	1.5136689320538872	-0.3330133451092202	-1.5488305663730437	-0.47281891526862085	0.11257494183532094	0.5618165102241465	-1.1345089444288454
1.2163478650820145	0.20097502846609272	0.5412266958173021	-1.0178190511653367	0.259716108739382	0.1554115738788434	0.17068237409906417	-0.3041128484605519	-0.8840827860369771	2.1122803886238457	-0.5469903467330686	0.2689379331397923	-1.6592503627639157	0.1451838859625406	0.3765949654592886	0.25032937395541305	-0.8913210726527976	0.09770138937472027	-0.24460003913473694	-1.2474979787446536	-0.06779205393439633	0.6758467796492219	0.14014539626853045	-0.5947079356251651	-1.122681063885325	-0.43207217099707124	0.29939990162164903	0.40117862642395063	-1.1105871671544514
1.417061601405011	1.53023858356941	1.1219942660016478	0.49960993878046095	-0.3942675021852214	0.40754991371681076	0.6329818764737273	-0.6247044178768648	0.16767338129033804	0.9893783404401705	-0.46945837927213996	-0.2200026666196941	-0.023395700736124125	0.029645994690704024	0.7643613234464857	0.3937253310853911	-0.5773539995580739	0.10951984178124713	-0.7205811929805824	1.1952296988389752	-0.6776817818455241	0.4217673652697777	-1.4209966474393172	-0.4369321388029731	-0.6226063906924401	0.5797174344066635	0.37707080480551575	0.27685246381334894	-0.724476399756785
1.26098176660816	2.701216848702715	0.8837002021435897	-0.33117079677027955	-0.7033644658666068	0.7795171029212655	1.0475531791590817	-0.4800176617059714	0.5057361250106442	1.872584732148979	-0.5292098949756389	0.21180249568023987	-0.1199542291282951	0.35382747012907373	0.7459897613919135	0.5951352983542978	-1.1406029643484987	-0.05827903061073021	-0.09022570504864848	0.6345285500278378	0.6111832030665894	-1.055824497789527	1.3359897613650376	1.102783043487548	-1.2155943391281598	0.8832633607978289	0.15969863447194793	0.45736324547091123	-1.1228684431819431
1.3843598308939808	2.2689846731528522	0.08343282725065387	0.7731208095044757	-0.7009206553836187	0.17319347556502715	0.4244097194168077	-0.47002137684091416	0.012015743816863619	1.2014706208171375	-1.0762830809722135	-0.004824584912500045	-0.1758625208760091	0.18208566180306066	-0.07119682598011884	0.5094568287118524	-0.8389186435828764	-0.17722548946226108	1.9595905852249151	-1.3743863151995652	-0.6469884405111108	0.7158513140191225	0.06326058315041151	0.08129637990979381	-0.6780560277365958	0.918587911414074	-0.08498633577734818	0.23945242995612062	-1.1184069973136892
1.0474167921762167	1.4298865563959064	0.30246770638786613	0.45455574283450173	0.19216710993476196	0.17880399203624123	-0.2355215639140876	0.28102713306639804	-0.01630503573863955	0.17149566945747247	-0.8048533787230426	-0.2572874087419196	-0.10977481887573823	11.617800388343126	1.175185663624941	0.6318037801120187	0.022192596754425815	0.039587515736152885	0.6723944665760776	1.0869926646370394	-0.5569977190953642	-0.27721171434356184	0.8674758156054291	-0.9441541567220353	-0.04671715115937773	-0.32790421880247206	0.36519503213495996	1.1044402058856888	-0.6121213739693547
0.13519521710853616	0.8640199123336518	-0.052664789049722514	-0.6186292534754287	-0.4444319458054562	-0.24713043557635178	0.3924295333268341	2.240291369413401	1.4475751057264068	-0.22273505862620688	-0.30668047556621186	-1.7470535721486748	-0.8055226436715116	3.0936228791465235	-0.7881512339349949	-11.94068123552202	2.140349380951652	-1.5151018854937557	0.34920066143284406	-0.8141344864901571	-0.33086819710460563	-0.4545650509316075	0.060292693785255924	-0.3478132809959239	-0.42978397102236215	0.9570321073749074	-3.322149194002492	-0.1775878136312406	1.3928311337791914
0.8388896181360622	0.9297305715612525	1.0039667499877658	-0.6606814052356713	2.319792733135436	0.5418978831688699	-0.6102877600423459	-0.16160618792805015	0.5414985685121447	0.09492945220468835	0.43689194704493084	-0.019883168934454704	-0.9073373286875333	2.3425665716913886	-0.48482255622917575	4.5321270254027315	1.6569564496649347	-0.8409426921685501	-0.14292412699291995	-0.3385817706289797	-0.2910763829905375	0.2681623439346193	0.030972068255382162	-0.17815113384187678	-0.4457732683787967	-0.13434533079683306	-10.70472505416399	-1.770207368651922	1.3047980127107859
0.7010985108505792	2.2651019475720364	0.1311387222760068	-1.5471085936044269	-0.46679559912198426	1.016280174913331	-0.7594969837757654	-0.08961953710721429	0.057806130645749035	-0.6924271109871615	-0.792304816823734	-1.119215401269866	0.117788402091743	0.34362879232518356	-1.7920100939848052	1.0472805775301348	0.7582494973918044	-0.7901851956341625	-0.09875438353691428	0.23901966900950883	-0.16296862761124678	-0.1953811275897013	0.05227441138308217	1.3457392722163466	0.9265458566586535	-1.4015861110801056	-1.3091361175448764	8.557856293077394	2.3474014313432443
-0.3363926936123898	1.175382264160574	-1.0698991833776417	0.698584706528625	-0.3128241898319101	0.602863492201042	-0.08092799139274641	0.019906269091219533	0.6026354490433629	-0.26242799186657034	-0.11926489206684289	0.47275802191766636	-0.6987332396004893	1.7994863117890423	-0.05663607896246362	0.41575152702764767	0.3128066130267655	-0.08472941734446206	-0.4447888911706376	-0.0016240582208361827	-0.1577650982143365	-0.32176054164687046	-1.0119325162233346	1.9668210638852033	-0.5392039394859723	-0.5963073858935364	1.5913543875856004	-0.9591596437493477	1.6878477324292458
0.8587721865330851	0.47230669333039654	-0.2720212142911571	-0.06803086320488536	-1.6177499487780396	0.5368962666149923	0.5276455515793683	0.6037961490897574	0.1295472679518208	-0.4049195594762681	0.46687939705526726	1.1300293617629869	0.41558174393326575	0.9510473162848508	-1.435844387094458	1.568145076205495	0.4394376401767912	-0.13206555180562923	1.0586146923277648	-0.20210494308165164	-0.11504828469651401	-0.38320052732750287	0.3043828201537472	2.476664621730518	-0.9419683130253798	1.7764315424781463	1.587849659089877	-2.294738450944473	1.2991920587066603
1.1601653812442068	-0.18004241364901713	-0.16516828875251482	2.0890037072398666	-0.25387176194413524	-1.4975114414490311	-0.43641737976438255	0.1616697632495989	0.7734495427853504	0.2709124938958606	0.543303095439589	0.37107904687484666	0.4197861115586496	0.6828734385672509	-0.4498295784068045	0.504413359889026	0.2921966482399634	0.1410530331310255	2.261499547127097	0.12491043506313651	-0.11094528906239316	-0.057015297341378404	0.3875275271587394	2.5442586135631506	0.8225030226094897	0.6917657134184322	1.8850695588580781	0.3680584113899043	1.8497206935288362
-0.3974998645352353	0.004957509557017002	0.44480428766643404	1.935327665056016	0.44906122199344795	-0.6638980798398018	0.23080545715260442	0.3207556238021999	0.6857039833305119	0.25810705858712546	-0.18288665482300243	0.23554103856621042	1.606733516962202	1.3963912500886233	-0.06849298439214234	0.30807765036261353	0.14789021466770189	-1.0066935108981405	1.6561814253133469	0.444165599200042	0.5822184402693102	0.29396415248429913	-1.7818580932053678	2.9707316453341903	0.6348047047381775	1.2344473211700655	1.8682271489411733	-1.8255509294826908	1.1513377763410897
-1.4163679130938336	-1.5524096616504754	0.8066012898519205	1.36693354864261	0.2059196371724411	-0.08987868998949727	1.0425628187094227	-0.09825657985301788	0.47885414061607035	0.48037963957036806	-1.6102300024241685	0.3308576829296394	0.13591253732515285	0.6287777631048445	-1.337079550581318	1.1176336716460702	0.30059719453161693	-1.470298715714796	2.753457574049448	-0.12129464634969359	-0.03928671699719461	-1.2424282424898347	0.7792235807209279	-0.4053110856925391	0.3910584764959018	1.3534623620674386	1.4198561919259447	-0.40386682352271724	0.8354974752329299
-1.7151015745704934	-1.2323467919314866	1.0733920956091716	0.521550994017452	0.4220358127034059	-0.4144788390135608	1.0723690548050293	-0.5773587833233315	0.7733448548116347	0.6571010746397284	-1.6500167746970293	0.16325695672639312	0.3042490719277187	0.9567799313018351	-0.706457383384059	0.32318379794455937	0.1256083914186933	-2.2291943531074767	0.5923927421061107	-0.7330404184941163	-0.13143774039409878	1.1941867064871752	0.4305384497750178	-1.1826205642006302	-0.16322114856881637	-1.2092822123523685	1.7528358311121854	-0.5371364107803742	0.7536786077806887
-1.3660217046507628	-0.8256628709592948	1.5781932411082007	1.4202485268050042	-0.933323126521635	0.4441603368655877	2.194440453484025	-0.339444644880918	-0.22284812272828233	0.6698468300808907	-1.5130352905653381	0.10759750479919014	0.004267343403091674	0.6030469885075234	-1.1781330046660572	0.4368679515725492	0.1762121952253474	-2.2193489271529385	-0.19381457401825516	1.214682805868097	-1.5867645505784087	-0.4033958911228841	1.4657121619816373	-1.2397415272845063	-0.16511269252084104	0.35713695304876025	1.6950990906057175	0.6300508482048546	1.1939504957963964
-1.709614226978222	-1.5732185632725608	1.770306086161504	0.9340956139373633	0.3959433203638783	0.06707442619052795	1.83010674872972	-0.8138905251177178	-0.7808348404562516	1.1154902747742157	-1.0595064941819512	0.6628231474265277	0.2944458822843004	0.882400440925944	-1.2438157914676389	-0.015020252491982819	-0.014306156669410167	-1.9256393670827519	0.021768881785745892	-0.9448744090878901	0.00793509650117121	-1.5494090725809477	-0.7815579934762336	-0.4154131011890079	-0.5715614946002728	0.232804298893429	1.3974823188256253	1.0089959699956303	1.55717978627021
-0.8668515868158875	-1.1423281132341139	1.3374675701216283	0.33541088333009655	-0.2881366377404019	0.4883143997674974	0.9460160891851159	-0.498327095247204	1.3153341668551681	0.6230510577198709	0.35416182488248177	0.6737717251557185	-2.0730937447878857	-0.15472679704770004	-0.2941758113353105	0.5329845615062406	0.5737633350155898	-1.4200178178624503	1.344005993586007	-0.9836348798362038	-0.1982754500504947	1.2652732218506197	0.5359160302352176	-0.10349475360903816	-1.0673336921919718	-0.6389975534533215	1.627882016289657	0.28106151292481374	1.678127134415391
1.0508869230301348	-0.4856520288365589	-0.0690077779233551	0.06539446449775715	-0.8621571966020511	0.6937420797066274	-0.0827835823382796	-0.25811832713761446	0.4594427367584729	0.46338251122455815	1.8216388436195567	2.776538961155793	-1.7796988289918203	0.5046533473594246	-0.7733431155257849	-0.06707515616498776	0.06289357627228427	-0.9593129550604974	0.26222059576840023	0.09869206014998119	1.3587068992476659	1.1055276883786587	-1.1541008678480504	1.8597112697946903	-1.0391339789828693	-0.8764546542768888	0.5921524009441661	-0.42782799931610965	1.5831268116822133
1.1480296810930224	-0.45622363877061123	-0.5289324540275601	-0.14625669285974285	-0.20084549093456466	-0.339968363431054	-0.8651404944020975	-0.3457410097634392	-1.4630475920775627	0.9406342038205762	1.535896035022486	1.956595412239639	1.6157437571639377	0.1646165863208125	-0.7928841518204537	-0.5651989242336659	0.6290251304010241	-0.9421879472024112	1.5258065443356763	0.24695524493470222	1.5864838170195983	1.184798342665585	-1.09293588433869	0.8036486377135549	-0.9236617958801414	0.13122657505650007	0.10774833360374618	0.005258665697397214	1.7646722696756378
0.8282210063476259	0.21285988998233527	-0.6284548223377547	0.3055373126750292	-0.4594528073303532	-2.1134847549161226	-1.145652018796842	-0.13901640416037847	-0.6039899396039077	1.2866580370372136	1.4682534779899847	1.7435786540425258	0.22474863556462057	-0.4785468556517592	-1.1804727260608927	-0.39173686370253646	0.5268896641447265	-0.6830070029092771	0.9137457764163825	1.074435873118177	1.5004158086678123	-0.5449028396685309	1.5477987757999458	-1.0758367456745184	-0.5576354253228629	-0.8493714679465929	0.2717801580660061	0.3972042255044105	1.8547420877404601
0.4672173702045782	0.268046947112819	-1.046441332097833	-0.8271995882324077	0.8085171808960612	-0.9997761292660744	-0.9857006974133365	-0.2084818634952412	-1.3865425521633934	1.2623038239397475	1.5470886192970885	1.8771918418512166	-0.23112592551009878	0.5152982606572347	-0.7961288830483666	-0.4519793683667797	0.36797450700335366	-1.2338763096166234	-1.3908189260728168	0.28972669021731945	2.1541110148358733	-1.1598886860013693	0.1831622208195908	-1.0125652104370977	-0.862735869864101	-0.2787372451593895	0.8112523249683206	-0.19453090732042552	1.587114432638153
1.1296637314865103	0.5735318086663717	-0.16286383270208205	0.18983829789149134	0.04465498701989765	-0.05976656061076591	-0.483819788836476	-0.40837618391489294	-0.7469976107790641	1.3710773113743517	1.2903364469651482	1.599002863352024	-0.1446861161643354	0.19586412180182441	-0.9076647290835057	-0.509624760213038	0.886643164771765	-1.5240490091771663	-0.19247115406822266	-1.5918773437174938	0.23353767788578744	0.7747248064011858	0.3004299863243831	-0.23193468546487314	-0.1965405372248807	1.1042645336831431	0.44214935747393264	0.10938739297502392	1.5929136543633196
0.708051410159777	1.046720491449536	0.16389255265687197	1.184675843234207	-0.2705454613700927	-0.6070847230702145	-1.0805589857438729	-0.5743588540474208	-1.6584807108533393	0.9188151698525139	1.3274012510178834	1.303073425945812	0.3405751806575548	-0.030306872923137353	-0.9939920059441002	-0.4767025805101502	0.7112322522578692	-1.617789329820045	0.6594866637462545	1.1919535429817727	-0.5126607862159831	0.16137091450152957	0.9741218837509074	-1.6760725941007486	-0.39712930353435566	0.04717804360613261	0.3655375291735605	0.8306949741583394	1.5691208849360432
0.5731986777220716	1.3585237269308796	0.7690668010638425	0.5739358952263538	-0.6063188454310376	-0.9299995966136436	-1.1718260031052479	-0.5856073589910914	-2.3433933804278837	0.7460666354721984	1.3441088438054891	1.6423225487931097	0.4203070538523792	0.3860751988041568	-0.6711577695540594	-0.6251002618762702	0.5057237313020857	-1.6172125783146856	-0.8738064319562489	-1.2950406557417506	0.23590298834280932	-1.156612873648407	-0.7024029530172948	-1.1518522452194986	-0.3258759660682313	-0.8350991850586127	0.49506390758077395	0.07263594635494575	1.425048683748013
0.49859777147831535	1.1552096762908672	-0.37874579024147964	-0.07622030923364985	-0.7082342012775631	0.7288382569092018	-0.9090172046331191	-0.38585602453039497	-0.7583015278028521	0.9838457008639327	1.4232807321278795	1.8500628882744021	1.984940886035365	-0.29386142202943644	-1.4037107373570603	-0.11632666187969444	0.41700180952730487	-1.48633926891335	-0.6296782950826875	-0.7072973736992441	0.8216419279194047	1.300927552100368	0.25244185245478457	-0.6681023481976947	-0.5463361135287408	0.327788191690331	0.7131344360768801	0.026348958973062466	1.5321474548541472
0.2866964043050819	-1.3606624596904837	-2.364609114859311	-0.2710121738006051	0.23114469289663103	0.4114207209615683	-2.1570993207441465	-0.37287105632401846	-0.8555759486953523	0.7523121325301699	1.3635969425524523	1.5893823463577814	-0.676528326115464	0.2608905285175794	0.10748324069997658	-0.7487292875291178	0.041604195068604403	-1.5725523979013676	-0.48840497136528394	1.30961095832183	-0.9053542149237177	0.20225223748675109	-1.2706798397985541	-0.603365439385743	-0.7545532288322173	0.7096234989033383	0.5492983167377965	0.08461254333291204	1.4930031715836607
0.44443111427065635	-1.392825881480537	-2.261750974119342	-0.29141563113671853	-0.07305089810765039	0.4177237210243713	-1.2400306090891025	-0.2712002878629364	2.190745958221575	0.2948163367133341	1.47433891656855	1.9651900590544067	-0.619012724705116	0.13671761883695582	-0.3383491984919216	-0.21478110338305265	0.19480844325665173	-1.4741203031966936	-0.5538276059579655	-0.3731517515018573	0.6846935688318028	-1.3618198359553124	-0.28258082467269635	0.6380903096802827	-1.2981885188500784	2.0647839203018625	0.25467483001127655	-0.39350426073722433	1.3800153429927835
