pca_00	pca_01	pca_02	pca_03	pca_04	pca_05	pca_06	pca_07	pca_08	pca_09	pca_10	pca_11	pca_12	pca_13	pca_14	pca_15	pca_16	pca_17	pca_18	pca_19	pca_20	pca_21	pca_22	pca_23	pca_24	pca_25	pca_26	pca_27	pca_28	pca_29	pca_30	pca_31	pca_32	pca_33	pca_34
0.13457760617060482	-0.08489508738223654	-0.1322284391541707	0.07834178522521458	0.009685899357066902	0.10363689836547006	-0.06431394556283969	0.12179387874053907	-0.1344039603410446	0.18020102314264788	-0.04623847319294689	-0.06248620340468716	-0.020956874699362155	0.08416971138635457	-0.012807895833583684	-0.06156303921862704	-0.15613287361020547	-0.010473278506943245	0.04631305513650626	-0.017914268057401594	-0.04794041312387041	0.014633534555047413	0.013077686116231332	0.15265172764666196	0.023898262458168066	0.14214669385519904	-0.021847511907962018	-0.032610786947821206	-0.03609169802815018	-0.13349394684764437	-0.1620054206171624	-0.042141903423062475	0.08957767594435086	0.10651549921888283	-0.07903332301596476
0.13364074186221042	-0.10931977615031904	-0.14293999124519108	0.0370384135417992	0.046477437118893926	0.11222276498700948	-0.01643807378457268	0.10818062263336184	-0.027959536781396076	0.11845994916783563	-0.08035581128052618	-0.07532995073986967	0.07477252459404078	0.023186746247538643	-0.04001912549819415	-0.021870124926377195	-0.16337518383680213	-0.08183182374184879	-0.008355185232630406	-0.013777437291160028	-0.021543597671602445	0.0864246085584303	0.03750305633377384	0.1357824208576608	-0.01070748078090325	0.045285496716763365	0.043076868644861425	0.01700379069790492	-0.003171669038563439	-0.13241554482338735	-0.18555783664965078	-0.0501336240201203	0.05923009898012776	0.11566803281876388	-0.005624004671154046
0.1337109317230599	-0.0889185580835617	-0.13659106847106384	0.043845940463450694	0.09583334612228897	0.04006231990824377	0.0044027523735126195	0.10845006260754253	-0.036851099877023175	0.06293710028942157	-0.09669966037430416	-0.12390078101252541	0.03314566100632013	0.09973493733428485	-0.05895246929149591	0.09276644293735964	-0.13308394609603882	-0.11683961044462493	-0.07199664553792454	-0.049669972672493616	0.023009176730305905	0.049129033324793486	-0.030831399407180805	0.00475496911263577	0.06476242939355027	0.005691950467906319	0.10802064397689254	0.02983260215542349	0.11214449154968867	-0.09285034417191189	-0.06544293378875893	-0.002662568787314896	0.07733178570971831	0.11633418762477894	0.011772640063449467
0.13093169470786015	-0.09850356020146978	-0.11517562016857275	0.04247428594171637	0.10891554287971494	0.027814709072351868	-0.020295076292233954	0.11530338119862055	-0.08482953475215538	0.0598659403939909	-0.018291813264214668	-0.10983398843276768	-0.04007906418418702	0.17897107809610308	-0.06738678262172468	0.04129016478999535	-0.07538596274433684	-0.09111302738139654	-0.10169036703910664	0.013200920348534678	0.060966583524456795	0.0721121040238134	-0.05720805557704633	-0.05630591435889807	0.11538578991493564	-0.021505385276443224	0.15925486154716106	-0.07815744093818253	0.10167008770209202	0.011320366131665371	0.0342276993717867	-0.05039965379530985	0.046579204913625494	0.03634970453862467	0.06959110658597596
0.13440627167847136	-0.10391810440669874	-0.06763181685364074	-0.0004885771370691239	0.08534068568303027	0.07962341175551813	-0.028627559862196506	0.10546081746891303	-0.09804730244416335	0.02487136150984711	0.10449059860703257	-0.014786932362684156	-0.030322904940333593	0.11813787737161119	-0.05012801696574248	-0.009028948205979048	-0.062040750893517044	-0.07531430671197054	-0.08993441315299136	0.05154367552894377	0.0504402826029981	0.048503936466846975	-0.1028326578238655	-0.08818706819941297	0.061824944668330384	0.06205582317149584	0.09756393625093825	-0.16003251065694696	0.016418364789277	0.009826256784722334	0.06267340056800016	-0.028639096932136218	0.006494659649586176	-0.060723397940041814	0.07729322722253831
0.13525258625498301	-0.12758705168462725	-0.006525792529121804	-0.027761334527129533	0.05992224775076736	0.09961082228607315	-0.04265006421664689	0.11794551600652453	-0.012377158599371163	-0.06890182707318443	0.053836503379865897	0.05190077042425335	0.05591953047236913	0.0741904075920669	-0.0013938585950639916	-0.03657393051869495	-0.08485793213343626	-0.004086675067370499	-0.034938798664018916	0.08647290224823304	-0.040973546314997944	0.10034451254912426	-0.13191204652715388	-0.03276718773875342	-0.01331242624748099	0.08701344221123722	-0.016859900109470888	-0.022355477647224682	-0.07308965409702278	-0.03107474768908071	-0.06428325893688766	-0.012734332340832662	-0.0606193787350536	-0.10478475291099891	0.04575741280265996
0.13604337813920406	-0.1459771395873457	0.06313104871994352	-0.03252330338418952	0.06764360793890634	0.05980281295912632	-0.10779881451207662	0.14472671661258862	0.013250605638449727	-0.10849241955152839	-0.019821313194440183	0.04970898787470078	0.12458492550482156	0.005846125173187083	0.09635583029229333	-0.08779383470519653	-0.044249742249855284	0.025508545319526177	-0.014132977315295177	-0.02485688981229634	-0.05128549967579443	0.09748219070379616	-0.10211397839410773	0.011813864049776704	-0.016278413157141035	0.0024887394061532675	0.006171805050373787	0.05972431039298909	-0.07279173236726363	-0.0021157688231378466	-0.12983165184253734	-0.09985321766117926	-0.041460161768236886	-0.1013437232494834	-0.044965413551930705
0.13836534957274652	-0.13873391697282794	0.0698538942180722	-0.034502873272684864	0.0890564030894754	0.0600113219061722	-0.04146730328193732	0.13804754011852605	-0.016244714106235486	-0.06865500576805156	0.07907519596254944	-0.022713301514349638	0.13157835817763483	-0.028331470070073764	0.16576261389608254	-0.06957174990752378	0.0506773780654286	-0.03278180366684265	0.021188232016023434	-0.07679604034938843	-0.046155977413357675	-0.02420829275870777	-0.05716616930714728	-0.051477371644162634	-0.022969561744420455	-0.07860319165109508	-0.021876224574335325	0.10537268921907796	-0.021773765657122423	-0.023446762899850343	-0.10498786106272723	-0.04016339644298918	0.02168014115989817	-0.10791795635026792	0.09376191412281878
0.1375177181867388	-0.12590431345377848	0.04837676435425872	-0.017153557951824383	0.10705430738610038	0.06881028347641871	0.04116517247258361	0.143880886641069	0.05607153415026106	-0.10554604253661565	0.08911560148943315	-0.03162996412352917	0.11267753953791146	-0.0455135001503575	0.15118903025448263	0.017437753274134483	0.054814303507865605	-0.05116785283074818	0.054297164263948275	-0.02597922776818179	-0.0337452960293442	-0.06395424496061318	-0.07147183393562896	-0.03018970439226487	0.06929450010264525	-0.07944457869238342	-0.1298751677343531	0.16850155879551246	-0.02881242227410341	-0.02920454502113913	-0.013381576363416164	0.040582637405429806	0.04707732620468735	-0.030263440471801385	0.02200589828450409
0.13139976576639248	-0.12075454445149328	0.029896613530116467	0.004871135328322285	0.08369004413124785	0.05272688726608338	0.026133059983890015	0.14109970896373325	0.05219582723024238	-0.10038116716964024	-0.012917843113770505	0.010467794976391664	0.024083692605557566	-0.011970753525489486	0.13476804674243176	0.06016375112663305	0.05917346971584786	-0.048951830902029134	0.09494383734855605	0.019033525490935996	0.02456903812181143	-0.046834325784394504	-0.004381039321405658	-0.03886045379244693	0.16679874455059987	-0.09840279133613751	-0.1447896344881322	0.10176170074103132	-0.06796417718442115	-0.03643382697310624	0.03733479602572676	0.08541542386606091	-0.016491587426943052	-0.06743011734465817	-0.13812179968542737
0.12761372280656716	-0.12359483723342116	0.07951676158341742	0.03398901922028598	0.03349167415706453	0.024862949101086607	-0.0009298721734911641	0.12235043800136283	0.0075996254957990395	-0.028525940502882263	-0.0538676750566572	0.08911857335063311	-0.0596499484733554	0.030073186153703725	0.02161774523929277	0.08242802519660189	0.05024503134910213	0.06494559623853118	0.11221664645880701	0.0838513377026574	-0.0004928614569391365	-0.055566795193117746	-0.008898066569417096	-0.04461979272232072	0.07384881412115663	-0.042408759974157204	-0.10165190461557684	0.04271589944479828	0.026825965588149318	-0.08237314449279784	0.0711553270193637	0.06762351518333022	0.01446581024158275	-0.09954129275473245	-0.11518207305843786
0.12796412386101752	-0.08726182820626575	0.1349951894911891	0.07636654193309797	-0.01465784466858397	0.004322895191595594	-0.005311887206621568	0.032061724719155194	-0.043104812001675985	-0.0171173649376547	-0.07245069229258627	0.11813494613904366	-0.04856961111198028	0.06262007509924744	-0.1254245261958825	-0.029574940596964222	0.05816528614139422	0.07863384184642382	0.052443726433686055	0.062424974836747846	0.04020342310503444	-0.12648712925274241	-0.04304261524347942	-0.019001711598617937	-0.05889553180957578	-0.010858676856289745	-0.04066208705433578	0.0009258111400807442	0.08638216952492656	-0.06276698433315842	-0.02363959850154425	0.13382672018878686	-0.13759459948734443	-0.06425092174085678	0.023479949596398313
0.12505568473942913	-0.04068875722427817	0.15448976883659604	0.09834752312220117	0.011300564246994299	0.05938452692594595	-0.021702452508112813	0.008713699224441707	-0.052896635641923345	0.008433315186393842	-0.06913414995380412	-0.0227310916865585	-0.06783784800086763	0.013366563870117643	-0.1432992344996126	-0.13348610920468537	0.1630880654510481	-0.02098232209958259	-0.025256462125850747	-0.05548690800439696	0.058386103583277706	-0.03353285686878445	-0.003342028890704375	0.062385203911763526	0.0013529127590179713	-0.043939869530134595	-0.11375420974507769	0.0504289383906936	0.11202134121004775	-0.021267528282468584	-0.04568512600059399	0.0544547519099077	-0.18665660186284608	0.05739153134067644	-0.12271027032937067
0.12285831522262701	-0.014847514248227752	0.1334035180756785	0.11472726917692408	0.02151259323142496	0.08574917939300059	0.041639535497697396	-0.015298704858737522	-0.05985972690182989	0.05014485337408181	-0.017578301365903354	-0.11004060340939448	-0.042599039881624515	-0.03084957592060164	-0.12885776141977617	-0.08616815256696889	0.11646688449494391	-0.049568905443463304	0.03474435682786913	-0.07526377384051126	0.09136535922567031	0.027208733786685712	0.06800644319268855	0.09703193415026302	-0.05322324525061597	-0.029535847580251573	-0.11461643357870295	0.009969233960742698	-0.03886425998107507	-0.08801094330893801	0.04137409022606724	0.0539274258305404	-0.1717401710210275	0.04929433334559093	0.0024139486094301027
0.12583658736441097	-0.008189555819521441	0.1201449393785843	0.13554176200100554	0.03611976969944575	0.10783454243018817	0.08612158979401639	0.020459612585932763	0.06297899760472474	-0.03701639042818908	0.02324028406449557	-0.1293798373633224	0.01492347264555799	-0.10817045613378723	-0.20005177596407658	0.021262992226718774	0.0548220596698143	-0.0631011127217551	0.03495873861542717	-0.0553520494064781	0.041632192546423114	-0.0026056060553118245	0.07500149873989878	0.026130786820215968	-0.13204833007340955	-0.06807344881038377	0.031075023079264515	-0.04538318173309568	-0.12178324525947058	-0.04468188915034648	0.06551037515635838	-0.007531745693528255	-0.08917799394550682	-0.0252326529462409	0.13026529545308083
0.11933576595880148	0.019531207190895836	0.0673792072690646	0.13312126513162495	0.11557173399627857	0.09631338094808126	0.06908717070244069	0.012899467878781934	0.09403868408252275	-0.11409435385920913	-0.08062251327745251	-0.13267963010642383	0.02397648667365476	-0.020726821928799655	-0.12123739738555084	0.07870940481216307	0.06470024030526525	0.05097726729390613	-0.08428724087313481	-0.003015950627536318	0.04300901757142861	-0.015797780884628146	0.1144023543199562	-0.0732768522064447	0.018658013715574604	-0.039927392889004154	0.09582086653720355	-0.13939555761667347	-0.029743650525330373	0.08554461663490859	0.04724055190549223	0.05278466249971342	-0.03129841841278154	-0.05410459143681964	-0.017812083416973393
0.11354300523284253	0.004655554108014222	0.04764659913696126	0.12570815455350937	0.16996614056210324	0.04632727740309034	-0.016553196671833532	-0.002696511145459324	0.04446821870696638	-0.07611310652592096	-0.07518064121162683	-0.10213260013748354	-0.10988719220133367	0.019600973463463733	-0.022162934583147498	-0.023992854231081738	0.1134962625034191	0.07747275463448593	-0.06393181270645139	0.05345340282536186	0.0011099470980937762	-0.03869064315744487	0.10714473308896609	0.06947388662365112	-0.0038743850900021318	0.00889743887047409	0.08191782202556447	-0.13507682241099309	-0.05432652847805424	0.11923613906727393	0.07703900251085784	0.0057961500078183535	0.0015209404634688936	0.011924708001240916	-0.06711249042563439
0.11335153829716069	0.007713484059243871	0.0029975548824298136	0.11666054125168557	0.18515172629723212	0.03333756757644492	-0.018149132749783935	-0.01213771471017333	0.08402762778193706	0.033567819059029	-0.007870198770963635	-0.11167044212290411	-0.028794475702720895	-0.09974824336177351	0.04353984951952969	-0.06671768910570182	0.12468342399399332	0.10116772706437958	-0.0360804370805653	0.09381299473108026	-0.06247449299831584	-0.02727777016518948	0.13704875370784148	0.06402655376249988	-0.0011987798939677892	-0.03068842952894725	0.010620183819856185	-0.06730829382567084	0.0005471666279624129	0.13888209413032737	0.07606948164644378	-0.041937913729772194	0.11511909255731168	0.1637102525500848	-0.0894094660880222
0.11217889569841555	-0.011007590280811323	0.0011623626544759564	0.08015559071323183	0.20609047154783877	0.027882227233023436	-0.002565178460196013	-0.00851916685058612	0.04542070524782923	0.01230078066000348	0.010738222686315968	0.04242062100691768	0.05015801950873379	-0.13731297270195936	0.048436379648427154	0.035827387493148906	0.019874635765938203	0.12590188203938862	0.0187182350729182	0.12410662843155693	0.04710307549909547	-0.13810719233707214	0.05315686603030403	0.07419603999477681	-0.10540750545895455	0.0164366045841855	0.10202509569629434	-0.10685731267652596	-0.037119684089026515	0.0025594841788308884	0.13772946416751486	0.029480148839708325	-0.00718688666545992	0.08901471950803963	0.09176979332094687
0.11142493108573952	-0.03732538803307474	0.024190892361528184	0.017815445106673575	0.19106958502645824	0.037648869162363416	-0.015483550142980841	-0.02481735433147283	-0.003091858977885482	0.014940670484112836	0.02626057848768193	0.14808720419304344	-0.10950742608236194	-0.05568619989469259	0.05110203059678614	0.03721764653714735	0.010876878056449851	0.11772088997151808	0.01781750816220473	0.06273303217705017	0.06457216951839295	-0.19900356484672815	0.08903342225646346	0.04044232631701558	0.0002723514136073815	0.08023588127504155	0.0725077778263604	-0.060148041123748414	0.06302424563972533	-0.025924043848918332	0.04575157112487738	0.04187179852808623	-0.00564172796055579	0.06051765669072669	0.10554909740723491
0.11861079740632009	-0.022937635226421553	0.020736911760300975	-0.041362207256750334	0.10169081581200252	-0.0014051942503183576	-0.010918759401421231	-0.10066356701119615	-0.08102102400553042	0.05348484239207023	0.07481120025597565	0.20173554856013945	-0.16738428463064006	-0.019405159410220987	0.0762316054957324	-0.02401606553250432	-0.12442733399903491	0.06598362234438603	0.014029743655630922	-0.011385988093194646	-0.02332626860752654	-0.15584303521862222	-0.01636914170201601	-0.043318111282683036	-0.020551522151542413	0.05222565851795313	-0.0024394560979126515	-0.02492534037781802	0.03705390395164741	-0.11982099861522706	0.1420977647256526	0.13524165488094494	0.038095045383233064	-0.07888035697972416	0.1697196639501669
0.11444426363176344	-0.05921410432100345	0.025844012875170328	-0.0804599486221225	0.04269135284927022	0.012401542565510612	0.0023426150706103697	-0.09645916490104074	-0.051991888184568194	0.03264109942273721	0.0665503088791991	0.22385040256746594	-0.046223965012313004	-0.044545159295512504	-0.006740522483610494	-0.06820989566498527	-0.11889797080383582	0.03913335207132459	-0.027824509921869467	-0.043358561783593555	-0.028444963727097983	-0.0317266424326975	-0.02087620956856692	-0.04753770358233195	-0.04608087087839777	0.05165748408444601	-0.07092856571959917	-0.05413565368019663	-0.010871125468312995	-0.007152042202443656	0.11798768454333505	0.05458886135150013	0.047613785721467065	-0.0008704709796397564	0.130577519223535
0.10964281673246412	-0.09437578043565033	0.03924931205777782	-0.09792628831356989	-0.0017837558099341143	0.033128973635868385	-0.04027307679267543	-0.04087575053947316	-0.05335527008248408	0.0238418225190654	-0.006708063415638926	0.1477494401526179	-0.014354213811650529	-0.09150815894176452	-0.03474633671120397	-0.09685335792477451	-0.05181191746373097	-0.009247178619794794	-0.05944666126775128	-0.054002984312015015	-0.01489914685538786	0.03611539694102084	0.03338023260131674	-0.0061119895652235745	-0.028629833331364096	0.05071919517170351	-0.1053743722597095	-0.0336665755724878	0.0397468600782217	0.2598776136063694	0.0803810057726172	-0.13190848163681473	0.033382599902854374	-0.02940836016153399	-0.011424445656987935
0.10865213758183545	-0.07851827576399678	0.06114670950861197	-0.1209754633248628	-0.07622136926109586	0.017225056649134214	-0.027442903059116015	-0.08021041328484396	-0.08608651095838661	0.038416362882059615	0.04864371771899313	0.09836954776847073	0.01376745132071161	-0.10820818422017531	0.03937537448052483	-0.018110129347846393	-0.04146458317949284	-0.026361887068958617	-0.03363250606913379	-0.09888651576531313	-0.0320151144067915	0.05074672374248071	-0.02669666000536627	-0.05909792376688896	-0.033258386628568476	-0.014876210893313285	-0.09305492607012912	0.03387749120196454	0.00196899386662866	0.1854883229097727	0.03185588954174859	-0.12918028902035517	0.041924152894658916	-0.053318571003644996	-0.028975083390581267
0.1051813383057062	-0.08878854411413233	0.07494885001829199	-0.12369985497106846	-0.058058859104039046	0.09642382366198816	0.0570984208616391	-0.046235517425104324	0.018320025415874394	0.03075212620928433	-0.0010897717601436874	0.08638198936765693	0.010341730613907751	-0.09769587251316118	-0.0248282382676211	0.018456488284745796	-0.012628765965454886	-0.11687487471976886	-0.025865854592620502	-0.02483077525809899	0.006486460616360289	-0.019925407794919945	0.08869532008202331	-0.009404329441927428	-0.07342923384321587	0.07266822399498152	-0.0700748772941554	0.08966487040680433	0.07560867086811861	0.3240991233060329	0.010565693788954528	-0.16596422668947605	0.08624615155691252	0.05871794918088624	-0.08608681687873473
0.1014115763833956	-0.07350667573001941	0.02749311764092325	-0.10631175174634488	-0.025169997121364016	0.08050569430461527	0.07456529669887242	-0.07632557774951737	0.05680524935491544	-0.008781007007827565	-0.06650975922974689	0.061105310125830085	-0.0237765787481225	-0.06337433882534022	0.02280180113910732	0.039410500095681866	0.08805735541713731	-0.10504618579641942	-0.05411191850811688	-0.11312506649261403	0.018207380943431467	-0.04107600396893586	0.09411591637596217	0.013002581015304404	-0.008160742728167601	0.13318896379048029	0.030030156202038794	0.11152177897446508	0.1202510347173498	0.27134028600996773	0.009558859791209545	-0.08504552474515964	0.06854572964621507	0.07107520830204599	-0.16431484747489436
0.10463394269916967	-0.043389986022021106	-0.029583095990727937	-0.06891418358280536	-0.015553418867872756	-0.012871972222652498	0.04761531202198028	-0.12611919760562157	0.00720441987828426	-0.04545775502388119	-0.06327986399796967	0.06488320864319136	-0.038378782289803154	0.08665772917394639	0.08648866383477971	0.061443679579461286	0.0922341741668233	-0.06037808341988572	0.06007856810671891	-0.11586993304424076	0.009051304100342737	0.06779273632508503	0.059937106457158384	-0.08472752891129837	-0.04766868819852374	0.10274906266783351	0.031952734389191564	0.00811455250395654	-0.022122268201157952	0.0337385846735702	0.060619251676519485	0.0693369293867676	-0.005143543121977873	-0.003199979038875367	-0.046175854836491476
0.10138199887012644	-0.053233086785474	-0.01695839782262391	-0.041163421229737956	-0.04525898358158467	-0.07230850514061359	-0.010639380566613305	-0.10136890277104776	0.023035574847174282	-0.04041734721903478	-0.11132238577424294	0.04516841269989433	-0.08141212746134069	0.04522525618637922	-0.013003866056642888	0.006970140203025645	-0.0001554818780418049	0.006854069875682711	0.06064815527395051	-0.052660155326026484	-0.06717411638539136	0.10464772653624235	0.05298951925128627	-0.10317477845517412	-0.06838475189427523	0.020121060331630913	0.026614098415671923	-0.010335580233955637	-0.01283448431901179	-0.11385298872685973	0.0918098534684674	0.011389644911334786	0.04218065654815624	0.037221952992666674	-0.06109448494459924
0.0961942327936504	-0.05289562971049446	-0.010225594432637748	-0.014915980197928908	-0.09048049518613452	-0.10407658973494434	-0.06556714018326394	-0.09495623167040748	-0.025326327373041413	0.013593234788238377	-0.13011359137121065	0.012793848351875272	-0.06716639060313315	-0.023383927860489113	-0.024086093081920112	-0.007673359683979419	-0.04911113257267309	0.08095882198494811	0.03415162258814874	-0.04450719665089653	-0.05382954089611319	0.050914074084210316	0.007965648215998867	-0.094719385553233	-0.01351749896774988	-0.015973207073526036	0.040098784964860815	-0.008820673651744562	-0.013103776885798599	-0.13661732873943294	0.06327137981206142	0.02287624330297164	0.04328381221048849	-0.029226288671380177	-0.11387674757325865
0.09621425948544156	-0.04632854210439065	0.01442926652752638	-0.018499859827758095	-0.11941226723828412	-0.07506750254155542	-0.05894932919028797	-0.06565160666793547	-0.060835716083891565	0.0897830960569542	-0.07147605423147774	-0.042885824163704706	-0.044419906174528886	-0.07240190426341173	-0.04641027908983936	0.02012370248350359	-0.05506806972224418	0.0638649685246218	0.05434522678978143	-0.03254667000253658	-0.04807554260284011	0.030209678765601697	0.03214189522415608	-0.08217017810911278	-0.0303879364942847	-0.06519866733287744	0.022285371299846125	-0.027785664058852994	-0.017611479356467813	-0.07465699061364683	-0.030898653772944748	-0.04659108379977127	0.01230196228101857	-0.021011483922601687	-0.09228140410764513
0.09781944581874419	-0.0314736924383186	0.02407798378381517	0.00299214220122673	-0.1499729597959776	-0.03157507602633056	0.020855808138506914	-0.07318311381704772	-0.014059662331515722	0.1298723965198624	-0.06362774325356763	-0.03327375597309873	-0.0058244143071749695	-0.04592255901817853	-0.07476892169875993	0.07386825872687905	-0.1316735067388121	0.06284773229536267	0.07608973262923846	-0.05287986018854396	0.008364878101956852	-0.08413876251473976	0.023091274403548693	-0.09355633506506267	-0.065095414556005	-0.08449734874637832	-0.06381881533462365	0.007642048728059667	0.08275649150653694	-0.027910794871000035	-0.040874740719567634	-0.030622420990216996	0.044417073906883264	0.025543434056567837	0.07034828517517025
0.09574204372529867	-0.022272624562789164	-0.02259078532508875	0.022369051661961938	-0.12795104454121728	-0.04326305493735499	0.058261553466586395	-0.09975956825874474	-0.010797083834325311	0.1318915563970936	-0.12354879439456329	-0.06740090500511256	-0.0008653040530406225	0.030135902071452357	0.004651123584313577	0.048837905320248086	-0.06556194998292994	0.07305629281729004	0.07399448986393231	-0.13513195944015854	0.05459175866027213	-0.042381605556298114	0.04851858926552383	-0.060827547677092864	0.014552838119325534	-0.07103795919600991	0.004657688604146851	0.02949655074331828	0.10844858689956599	0.03788388021479036	-0.08758575841712694	-0.006679894480864937	0.06932664156422583	0.016166342783411558	0.07710495922453167
0.09829271148612997	-0.019280656708133247	-0.05987113513334427	0.04981355260004807	-0.1024295961901181	-0.04803308325389431	0.09386760781929007	-0.09671073268378165	-0.04322890052815285	0.13349055502502688	-0.10161505370621693	0.032448637822709986	-0.029268652444972502	0.11885325057918367	0.02517502138021408	0.06571489894753699	0.010637269411047008	0.032694597131188496	0.08813910326326846	0.009419388767552106	0.0133396478920835	0.06028992554102268	0.04512017255478109	-0.028461539281221502	-0.041745497082163546	0.11992324595682904	-0.03605711780562773	0.010151219782507215	0.04967540188259015	0.044056615512046704	-0.05295263369072807	-0.01968365346411126	0.04753993926523711	-0.10593495294629202	0.17818776394083485
0.09203482775376767	0.0011421639251592366	-0.02733354862021032	0.07118817833184928	-0.09684120720406124	-0.05780333984744291	0.0157858106869275	-0.07617693572988933	0.021745568023341922	0.011206248872215436	-0.08623446531643335	0.06580226804100471	-0.02658219295160845	0.05488826404062551	-0.04889940565678311	-0.026799923095404816	0.03317153041012504	0.023159914599448286	0.029697126618010244	0.0467611804485357	-0.06425946330284665	-0.001767780397579027	-0.042342866346636004	0.0673440061678425	-0.08212895521886208	0.058631702011453846	-0.04231810163474404	-0.018790145584093837	0.04285477683572011	0.08176774766090979	-0.1029927936043891	-0.055348245318835594	0.02153692524781803	-0.1326876499955786	0.051105942605584896
0.0881796838921467	0.023477493583635496	-0.042934938779470896	0.11577591164078029	-0.07714731042973791	-0.07047128841364284	-0.050991510021726666	-0.08800755927069949	0.02938431186287233	0.011430802238243465	0.01032007454138132	0.006588681745981525	0.03665561786451849	-0.022182640935637363	0.03142567869395669	-0.0462155436045477	0.07169180560264328	0.02206817493739703	-0.03980292925124422	-0.04154382084526147	-0.05458507107662256	-0.04712729426230848	-0.11248135574845008	0.08978195320256346	-0.08674940568058001	-0.041858363097843354	-0.03204266059584701	0.004534335837104782	-0.028093819528273972	0.03255023890794624	-0.05571971226741806	0.024279778924272927	0.006486707280075594	-0.00704168239653135	-0.0670215559492121
0.08926191117390096	0.048246902634804495	-0.04778480548326034	0.14528874242270157	-0.029174919155560253	-0.08011591570991995	-0.013010413446293103	-0.082523182828149	0.040128174919994514	0.08259489071522165	0.05460290344428552	-0.0013238562013293972	0.08088447915792886	-0.035852278276450614	0.07389753268071203	-0.010586821554219727	0.056270379694462094	-0.03559249148150619	0.012161831222161705	-0.044720011257526116	0.04225572772739107	0.05381758090058544	-0.0316909106664273	0.034797567692020866	-0.09844945141769558	-0.047639490575017415	-0.045841435658687014	0.06630324578821685	-0.051934206399331294	0.0208297247436582	-0.0027595955786203757	0.018481564685902375	-0.016174164115820774	0.04713984914729208	0.03591810379412163
0.0903581606294273	0.06030051014443251	0.004102913835886753	0.1453135565427645	-0.01284657283255782	-0.06210300769102362	-0.013603365371608887	-0.061408406685631696	0.06346375927041832	0.06010373824838035	0.1856245592382091	0.037714582341814386	0.021596447349236898	-0.004990485420255907	0.003324114344407638	0.09203361484740802	0.017290641192714354	-0.03682142880522084	0.07101579739108925	-0.05238477836608427	-0.0021394668617662135	0.09399003358353339	0.015466343269708482	-0.015594507287857877	-0.10034977538708215	-0.06682936151479897	0.022799501009049587	0.03200254174213026	-0.05877270636934091	-0.013782752570501745	0.014943867285841891	0.003718115988530453	-0.12800134541234243	-0.06078871757795045	-0.015209427013660959
0.08743311907192364	0.07423304122446119	-0.020589752368116925	0.11458572132453242	-0.05282248456359741	0.04624665599070082	0.030410700673863075	-0.10263492643078051	0.10047131395557121	-0.045218777510018446	0.19021848789749915	0.06810217571180419	0.00657951405020372	-0.049647024728237246	-0.06721095469538775	0.07568012573188634	-0.0498101523689696	0.07949658020689558	-0.027360823922277025	-0.0646225966893241	-0.046051890134593154	0.11484253956161843	0.1001021635279509	-0.16943949787792606	0.0692135163384644	-0.057785558224478256	0.004432245812905686	-0.10531881894866259	0.016428449849020203	-0.007150752695524634	-0.06662430150592592	0.01095391403278562	-0.04652098751161411	0.0047054396182452905	-0.015626757385374168
0.08078036054061266	0.09681483292862125	-0.11718232291407084	0.11268344140043511	-0.05198315406071287	0.05798197401590695	-0.016156008172644912	-0.15143465519960833	0.021848548449659718	-0.1499679010194616	0.043549763524596975	0.02338563394209366	-0.05682744666663934	-0.03301277194890513	0.006544833243645429	-0.0340318546151784	-0.1033093420145479	0.10649032116207668	-0.12370859085981842	-0.022442289104152788	-0.0422289781230967	0.06560194823574361	0.016777431773914116	-0.1519109906280545	0.1167819420698113	-0.057854765675227376	-0.048905298809838	-0.10701552079103342	-0.028480404372153604	0.0559235257427853	-0.07075993021029761	0.07274175997124092	-0.035902201340050385	-0.06423187754454995	-0.03175565683156816
0.08200829293531875	0.08663733810331832	-0.1225639169902699	0.12052288327757085	-0.09007785454830117	0.0032948023861129995	-0.08682784572022836	-0.14144069970191475	-0.09615623510246096	-0.0667288605469353	0.07690891583261503	-0.06353983163519848	-0.143154440467966	-0.034991546116114776	0.010862185584573287	-0.08131912934959591	0.016341041117229217	-0.028473274102614146	-0.029123032381703065	-0.03532341041481384	-0.0075286083807244095	0.020951457289717	-0.10667469254621788	-0.03310532341342208	0.06287705078836482	-0.041810616106287515	-0.1669044795342587	0.01756253391518804	-0.018231593691337904	0.0357551241876367	-0.009308022985016942	0.08874660213803903	-0.07337067529505995	-0.045046406954959595	-0.046528428522408176
0.07933564977683225	0.03810560321862029	-0.08955963137457366	0.07989448729500849	-0.16640467298143322	0.03253962179864321	0.021017399873124384	-0.06608274714071104	-0.07251268066797946	0.040756386067722555	0.16032344772007331	-0.13821514052438166	-0.12981944246798413	-0.07769221848733232	-0.09407345278186093	0.02776371171806606	-0.057885585344479455	-0.030322432868024163	0.060276365548727465	0.05146213796227019	-0.02997560035616853	-0.02977134633525369	-0.18115734506237174	0.007406370557383728	0.01833645093032863	-0.0014143674024637912	-0.1543957945036512	-0.008709476740753036	-0.0430528568373086	0.0342147782599841	0.009414779080085978	0.06269594942209145	-0.010973191762208304	0.035496048589113136	0.0005932924331993744
0.07895107094668542	0.005979494730660577	-0.1008227483805348	0.03979164394821658	-0.1550942597283189	0.03087697442843556	0.09780835745975458	-0.052018675771401644	0.08055191199831002	-0.0020127386303813795	0.018872888765093	-0.1440169126172566	-0.036192399639032924	-0.09162345472419084	-0.015799522489813884	0.10163482989260003	-0.10069769394701987	0.010395431309119268	-0.03766688826810201	0.05037866971769208	0.0018626102330678157	-0.015223675372698031	-0.2797079425972884	0.03573523450812382	-0.02573440642193433	-0.09309960620040846	-0.025426318266337344	0.06071916724482164	-0.09690300885085754	0.09157882460347827	-0.008201006266142072	0.04420981611494551	-0.012614308900441271	0.054729492785065184	-0.005661303737201494
0.07710994506698259	-0.001196799708229943	-0.09788128196413731	0.03886578595361316	-0.06308878156017556	-0.06781104337535729	0.051008243344160105	-0.053340355558408256	0.11135394302907069	0.00914234882796789	-0.07842696160977143	-0.1093934355490002	0.04741829934773634	0.07235000721055723	0.09936309162609279	0.13108475099601277	0.007834134925336666	0.004960672023544707	0.049951678167246785	0.032833636040666456	0.061321751114912455	0.049808714044377714	-0.18366907473532765	0.009516492845732659	-0.06707688193384433	-0.18104736980331215	0.03799361510048321	0.11640317275037051	-0.09976934498958917	0.12424226172391495	0.012526347081065113	0.09080998001904425	0.015384417256330881	0.013956342755519784	-0.03875927736620787
0.07876141633645435	0.0003572129274652552	-0.0526749661217818	-0.004874456383889522	0.000972074413446213	-0.10988807097298917	-0.015243843054730474	-0.046086728979288526	0.0804232147353833	-0.02007300571117293	0.0961838205309607	-0.07774313484051601	-0.0570665536138637	0.14134218742305224	0.03739671890994044	0.12439807329735211	0.07868821679304018	-0.06214102424915268	0.07615585236761373	-0.011525657631031834	0.006091107131860465	0.1182740985267008	-0.06137557609048713	-0.014031864483909862	-0.061427099374618196	-0.09624762747204973	0.16615579345270434	0.009917065189722307	-0.08043052374179044	0.11331996159318652	0.01218399811941992	0.056257564651676105	-0.028947062871638417	-0.031768658828071866	-0.11226237300459316
0.07627140908878581	0.026459504698564736	-0.0825918013935925	-0.027232198405429352	0.017209113562859802	-0.053511509848049726	0.054170447467080184	-0.1174705056156485	0.04023576367167045	-0.040480162772086194	0.1825418758521086	-0.01960320248227878	-0.055091795188313135	0.008372136872374786	-0.011157347661959017	-0.04567713791994367	0.12678674454056343	0.03077856127502432	0.04592225526457789	-0.020673967123817846	-0.028129512479399786	0.08210087668800954	-0.04468971484354105	-0.04661278855000217	0.03063893546428518	0.1317571668036642	0.2031197340652473	0.0395928679526655	0.08696860751544011	-0.06372892851948016	-0.01938954106194714	0.008414864342757553	0.07442945025295016	-0.012122170999936503	-0.08887840681862037
0.07166248696328237	0.03989101755221869	-0.13531182747441783	-0.033788417425520585	0.030021308806635897	-0.027121862052839445	0.04337916764394508	-0.14839225146389132	0.021982256790948725	-0.03936779412027315	0.06654216692054668	0.05197518944975516	0.10371798327502287	-0.015324678799854429	-0.02230016412498907	-0.08341928206846488	0.12122558861739624	0.10335031388199684	0.020692266048449218	0.108389396884787	-0.030727053094561217	0.07998898799924917	-0.042742978813890734	-0.009226996819158211	0.01733283912163426	0.20496978083421727	0.06814320521859665	0.0852320156186887	-0.061681759922682794	-0.11874041641830806	0.06686919773499803	0.0003125295459631451	0.10018885013809284	0.0903283814827982	-0.0623998437202684
0.06937188806319688	0.0047070525982865485	-0.08316807757148922	-0.0655477786741621	0.02383496410056236	-0.08525471806066309	-0.07885495628214571	-0.1281445908548446	0.034715120913318735	-0.1124942664411534	-0.028407776884323298	0.08448908905392603	0.1409157483247939	-0.05474022411610566	-0.10866417837653426	-0.023015287407301997	0.056599201659685634	0.03999546986551619	0.05961482308929696	0.0946955249740919	-0.00926954845840806	0.10903634858723286	-0.024037634691150653	0.07983292347305256	0.004721308881935695	0.05120912304851746	0.0072726341463199215	0.1260475340777218	-0.1008779601651291	-0.05951300869034965	-0.006172148883812095	0.004208795477447096	0.08627944815070977	0.11277920110238718	-0.0181471756083147
0.07139715809496432	-0.00835591410526249	-0.008690353692558012	-0.07164013740567692	0.006468471943362594	-0.16816674360099065	-0.15971713093775938	-0.10380478984205764	-0.04976249067649809	-0.0703285977652845	-0.017948108311173296	0.02211522005453156	0.13570109258994068	-0.09190561922672844	-0.06093575992065091	0.002320275884930798	0.051964066683128585	0.026797600350342114	0.055973535116060985	0.051458767411311196	0.002582355299316252	0.06781085795754262	0.014334615903529392	0.06661896207336103	0.06391619840981491	-0.04868102285294788	0.10658399671843573	0.08211129554395653	-0.04418316038876448	0.011731716401015509	-0.07322439374609903	0.035953507252968	0.03204561058365423	0.02726352426792999	0.0389271799400166
0.07481061374681905	0.008961599259339313	0.07340993293277556	-0.09921078463775745	-0.01344900694501944	-0.12225419440118926	-0.1073410160118837	-0.09270883017535816	-0.12956925514654394	0.054302000486109496	0.12041214628563882	-0.014975772588760133	0.11152386165895793	-0.048242733358384936	0.01812492504970072	0.0666098374859052	0.05398222378704214	0.06851908398338089	0.06556528066945295	0.09354576859885608	-0.01153542352587994	-0.035764524698461794	0.06405383368847536	-0.017722010912457543	0.09435547942380539	-0.006533127812689304	0.15505463636822364	0.08501512661329326	0.04698455015965192	-0.05217632162257611	-0.07252219890795587	-0.04393746918381313	-0.011746814736654523	-0.07764780555884378	0.06625488324854752
0.07329098920108486	0.027854761575676585	0.1019248508182028	-0.11771287596758015	-0.03370023945301084	-0.012083503553002398	0.06401880842500846	-0.1316845700402173	-0.03861093434221855	0.0714621009818539	0.11728269752574	-0.021587207807943994	0.14102321155772812	-0.02354715816074589	0.0334669194364776	0.08065275212465581	0.04444776066037921	0.1304964004689826	0.014186939034524865	0.08392416830121038	0.03263237441892535	-0.057003434327913674	-0.029286527905266	0.012310198807470743	0.07843332153612005	-0.014523801485031237	0.10921263482159836	0.0959247685315344	0.12758892708791747	-0.12097867424480538	-0.018810715220347288	-0.028884866102683315	0.003232081052787092	0.07021376187185505	0.08686874115636445
0.06257040774382888	0.05168366692383851	0.029370294499757036	-0.10583348995189315	-0.011616364508104972	0.005029626399575147	0.12885026720125017	-0.1627133478506508	0.04190457356345701	-0.004266214018022359	-0.03154773292303811	-0.039092658282232955	0.11061777398922562	0.09164723298610289	0.03117158283730132	0.024794474272853407	0.029385507728185815	0.10359094323501855	-0.02626765748844356	0.00439265888283237	0.16001907177303965	-0.03792383929082734	-0.0225293233739407	0.07927966333735016	0.1564877236170521	-0.025847728830638295	0.033729277067294644	0.05641833526109226	0.023344734939361168	-0.06493017546079877	-0.046372691913369485	0.06411935477492962	-0.09673524429189274	0.10058532426286772	0.08620914689834215
0.05591986393346691	0.044916484227208134	-0.024744599828197777	-0.1132710500693029	-0.0063746125715072495	-0.038041755973736505	0.030220314079657012	-0.1304027923395888	-0.0006439340445854099	-0.018770755288216746	-0.031123661656161546	-0.029103205919835718	0.01812792233142385	0.14978160817687594	0.05033188427444783	-0.07457199230847723	0.024753750097147607	0.013570527001865285	-0.026843407925132363	-0.004281220087671789	0.1223536346601309	0.006658961324225773	0.05260599249259894	0.11937654790125415	0.10173828052481633	0.007633142544877264	-0.007710098759108965	0.013035495437540207	-0.0576319667366683	-0.008060493495963772	0.022049194680767173	0.058012335693920364	-0.0778549344464595	-0.025188741870142743	0.07327666753472492
0.055706978721790576	0.036558687084625646	-0.03439673831572004	-0.11301296156771962	-0.027691534724920825	-0.0728556800220857	0.02896488312486658	-0.06387743619957209	-0.017197529742458962	0.0025389571070065027	-0.016834680146255398	-0.03468438791338512	0.02776477287549134	0.12666158032553348	0.03596544962412112	-0.09379223748587619	0.013599509112799304	-0.10503745676748513	0.044225645970274535	0.0587169364892466	-0.02394116942852779	0.08637419946610737	0.1266578749579667	0.12081986316966509	0.07419487943189892	0.09366975569720576	-0.027485978529026976	-0.07389890963355786	-0.06526659661338466	-0.02018030456831553	0.024388465218953485	0.12712942260430826	-0.14517384795057575	-0.03957295949349697	0.07670539984633085
0.052244811844271336	0.028964909413724853	0.0006392168562557843	-0.09240675493217988	-0.06098728130332453	-0.10409447998514508	0.009030407777453297	0.008213310853954532	0.022758423411419478	-0.05399368972122696	-0.0363831749899772	-0.04832872885937726	0.07179527174582633	-0.006662269798226513	-0.0017995273976755424	-0.045653324548186325	-0.03157865834876383	-0.16766424517337886	0.08651936624164969	0.07519798823679218	-0.08216134743045729	0.0981233593636727	0.06879678231860262	0.08288938233053465	0.017592628033846033	0.06994154423187701	0.0002741940969947232	-0.07255718432905536	-0.07679285884482136	-0.015949040315445924	0.021422695191504967	0.014213807939213813	-0.10384359024125364	-0.07215646867203775	-0.016460609053184028
0.054123962241357224	0.02289074275680835	0.01864452018449491	-0.07324394226743466	-0.07332470045909491	-0.11712491227222369	-0.011217149481076574	0.06021151725792456	0.027770317382175932	-0.054199419524936024	0.021590035079265577	-0.08465522344682819	0.07390852214481822	-0.040673529233117324	0.007200585652730594	0.009545243042015795	-0.013066015026976812	-0.1519642669704575	0.008932381919421965	0.07830266892747374	-0.1556717271163849	-0.008079966488119601	0.07026953980408691	-0.012017972614744903	0.08282241802005694	-0.008436685807045308	0.08845523339264763	-0.11456305856908272	-0.0672442599741683	0.02290732593983873	0.06418909206826738	-0.052324620693936855	-0.010340849103557696	-0.07660928995656183	-0.06465073076008591
0.0517698225127932	0.034154813916250956	0.038045704791270674	-0.03165434995214016	-0.11868269448616696	-0.10183901104230889	0.006330013898507877	0.0780571003421928	0.05539231187628966	-0.04836302351344192	-0.009384547852232979	-0.07376110872108105	0.08571863373518374	-0.018644740732098965	-0.023994871277595108	0.08124402155774349	-0.07279450888260582	-0.0857854054047982	0.030932048670233227	0.15590333204936863	-0.14461614961058902	-0.13264593303803954	0.03428073630743908	-0.07974385013139523	0.08706880839819396	-0.0041430098789758	0.03620504283283664	-0.019410652956251332	0.023482279792201605	-0.03889251220690948	0.16267051774574104	0.04053033130945833	0.06813737910885789	-0.015412915815945052	-0.0231278056084743
0.051426203784479804	0.08468446069634239	0.0896168885326916	0.032723450103022696	-0.11558332057735125	-0.08710077768467053	-0.022677211740873032	0.029240433219566726	0.0234357471086225	-0.0749133884698504	-0.08339626638876867	-0.030531733729498883	0.10253893519492822	0.084685865900599	-0.07061780241475392	0.06228447035622929	-0.05588719112683758	-0.15629008754304755	-0.05718738948477713	0.12044894207904355	-0.05687353379336532	-0.215580461932405	0.03174967364657509	-0.08999082545753845	0.12065969411148385	0.09897129717848656	0.054583099694331026	0.030111717073847098	0.0866755481648902	0.0046904262735812385	0.052611954798868925	0.011371382168920897	-0.007694436623765552	-0.04269634014325476	0.02891912716365306
0.055398707757034815	0.10260267296927013	0.11422504749786318	0.044800992509438205	-0.10213900351047403	-0.09097494695565893	-0.06777361561137436	-0.01658470709259598	-0.054992187131558214	-0.06454144977322486	-0.018814086967673973	-0.06015212096040861	0.00419254466525623	0.15539400037647288	-0.0027332265586739613	-0.07797264775551628	-0.042288888699505214	-0.16152773871851314	-0.04454949141788313	-0.025470660322943827	-0.13567536847064826	-0.18580888925796304	0.027286415124217395	0.0010209715449664165	0.0912890457529835	0.10689936346139318	0.013327529132244303	-0.02425911284374889	0.012456307018213535	0.012501721350809103	0.026653525015701944	0.01977347553430572	-0.01728761032073324	0.020418891566107933	0.0536349174114885
0.05305960825474985	0.06032848034235255	0.06452443419599588	0.023235981194977138	-0.15042832035870476	-0.046161892947483615	0.0409672014518587	0.0279261756761937	0.026144151965160005	0.023359285701073776	0.07338378558507441	-0.08985847158286189	0.07031721469049758	0.01886680754514238	0.053595935292538845	-0.10996390060717094	0.03349551312810638	-0.08345532207451115	-0.0065665687713789694	-0.00502818021600155	-0.22213250904227727	-0.1424897509691116	-0.04791863050485666	0.030544708762502235	-0.024886509465001545	0.12139998867893478	-0.02326799161121798	-0.10822992089263431	0.0227034674134155	-0.005082616691670969	-0.022420474419440384	-0.1266356897726574	0.028190010093287962	0.08185572276882024	0.028814367871213213
0.04575889974555218	0.07886570807007368	-0.019532087363820234	0.05453727520050372	-0.12422224630634912	-0.020345714664440816	0.06733372394603775	0.015257946388709247	0.1260401246268032	-0.06986283812358948	-0.07197140860658864	0.024880816514762382	0.19737519219415195	-0.023200979248822216	0.05773504273227411	-0.04140690291101602	0.03118320658527425	-0.07563710653015554	-0.08582885762088463	0.0550729896253845	-0.06759970861395585	-0.14393351678490096	-0.07428770632316464	0.004037969548121939	-0.13125025141455787	0.02415645661330959	0.009893602374623788	-0.15437929195231323	0.02663519998623729	-0.050454425224866394	0.032977271815054644	-0.15096553907201607	-0.03207042002136173	0.06348224739567457	0.047662857589849075
0.041092360482498154	0.11285633267733472	-0.02326689300212264	0.08129404972676214	-0.04304377815140347	-0.06538325817048234	-0.10158053989868322	-0.008379968400803482	0.09796191549083534	-0.09041339778350165	-0.07635362604348535	0.06689638131290444	0.10822459036553256	-0.0010291027014983753	0.14924081302592268	0.04399608282534183	0.0212365764444847	-0.06301649180569821	-0.09640620952940232	-0.03982378157181943	0.03289783957991209	-0.09609127027565677	0.054419533464206284	0.04878836423545533	-0.04998236501827523	-0.049437203762780574	0.034217464972040715	-0.09770696777296067	-0.03693477783615103	-0.06344481832528644	-0.04018796123731097	-0.135556431878612	-0.1314732671574517	0.06607577026277395	-0.010237260443072783
0.032613811665129576	0.12786156486228697	-0.007854269852897215	0.06790221532632032	0.003674618433457221	-0.0643205745484645	-0.13743361240211735	-0.0020763684771533215	0.023292169662046752	-0.019911694403706354	0.06408462252237637	0.022756394949522946	-0.02622993189415636	0.06991560208429762	0.2177113036850683	0.06134671850561418	-0.06359462061598599	-0.0007816769541501376	-0.09552917516262024	-0.06038068656308465	-0.022620950970612928	-0.03884282561388476	0.1874585255988991	0.0481857207102444	0.044054332682643985	-0.08478391899573645	-0.10040793567387796	-0.004585308878184962	-0.05808886388843568	-0.08334531740621715	-0.02422451958221087	-0.10718815287200052	-0.10286515652417691	0.09146383677419676	0.029913323847396735
0.02932256497251644	0.14509458799457983	-0.004077105936098653	0.02822867273060677	0.048627371406793476	-0.029105358490568646	-0.0720620526081939	-0.014814858304679207	0.05358626334806121	0.0218965488052925	0.07864749224943504	0.005307173701368716	-0.045818578269896285	0.09079274806272614	0.1855040728768141	-0.053048914187894695	-0.17842441906736758	0.04593461091665166	-0.08915049320089885	0.07517371359107042	-0.03362164413778713	-0.007392918088643317	0.15422460026600407	0.05348550186480599	-0.004712338632494702	-0.10165471269647217	-0.14012420988653004	-0.019452243078108014	0.007340423768828642	-0.008596340036725336	0.036439340107344474	-0.1346831652736917	-0.011900976878890898	0.061247029781829686	-0.04217637356137327
0.022756862378934768	0.1345617403963672	-0.0039692142828389515	-0.01174601238689903	0.0873368601235424	-0.05906899974275909	-0.02281153523971617	-0.00665732724826785	0.054844506908665845	0.10448155442964922	0.08758883414454881	-0.012875076563491166	0.007837955473226601	-0.015743942932119042	0.18448676756540863	-0.06149867927981328	-0.18914229643572017	0.07633208732053492	-0.05387089389505972	-0.011015159664637661	0.013188047595541298	0.022697227916838297	0.04811674571338959	0.12168555800685371	0.034517499992439915	-0.08716426903576707	-0.06797851139169607	0.000568546017400029	0.04545687751771746	0.0026422346892761555	0.03201850248682184	-0.07145390332308509	-0.016023420795075488	-0.031031175974278333	-0.11258154023485936
0.025260274924354724	0.10819788641281076	-0.0412750584711328	-0.05632767621650527	0.1023218825116212	-0.07576897418203841	0.08985022350243066	0.008158951644846998	0.056919726085103525	0.1297898581078224	0.047453271517899354	0.06853117635982284	0.08987865574730532	-0.04897540077984684	0.07460635573270018	0.016843959730035267	-0.11786777908087887	-0.009193286230467002	-0.03946632459455389	-0.00967020293983761	0.1632517095849852	0.03587727622065863	0.0272324235894601	0.07507408170918059	0.08222503691689681	-0.03134372254370584	-0.10860705674672415	-0.02210569470557646	0.0028550966384684115	-0.05082497494200066	0.02911588539600507	0.06319593987583683	0.010755842653513606	0.010448313139350233	-0.0774769640507212
0.01847324883649526	0.07221094891029602	-0.04303039155167133	-0.08929932514191531	0.07494014999141235	-0.09745963181864455	0.05208754304376298	0.027755652136417886	-0.013814800409026011	0.06523827313919232	0.034124303878803455	0.11974943639624265	-0.03306628709341827	0.03217279318108032	-0.021142574616051804	0.0618139732791226	-0.0529979998077383	-0.05969381150456606	-0.06937893183672296	0.00937005527972977	0.1813766840807433	0.0307278025715641	0.07629199668093722	0.0470577467305439	0.07568799913012325	-0.04071441089373735	-0.10121640357515993	-0.041282627945850255	-0.052764937099778766	0.01675460995454784	0.03764809312906055	0.0683404027601503	-0.030260137572063688	-0.08373974222059972	-0.033609099397649944
0.018365110089884316	0.043066483626696746	0.018173065290440868	-0.11921163909371482	0.015341929395687452	-0.09531588216358451	0.043734959644755905	0.046637814378263996	-0.06922484745754777	-0.015800874273847593	0.045760183887566544	0.11419254193516688	-0.10769492707940503	0.011241244655277871	-0.0681511266989623	0.05655727984895959	0.0012980126327827338	-0.08233697085581304	-0.05951911551749941	0.051253500774129684	0.1024767457825524	0.05735587914419249	0.002066207555959359	0.0012457695572999378	0.033670683748124	-0.042641550414900746	-0.08000252522509332	-0.052913090954967996	-0.03384014256683262	-0.0066765412422184894	0.03199195350414978	-0.03208137564025239	0.059032438680914054	-0.038740699039084774	0.01477664395204862
0.015109648124438746	0.015570376512488873	0.07396489989528786	-0.13098872213764418	-0.042541348952273204	-0.0791323085494259	0.036803341651002894	0.06820407033550104	-0.04146519020042138	-0.06109732371784806	-0.006922835578354311	0.1007929918088536	-0.14202108659583287	0.002045363511808647	-0.08892276514475171	0.024258497703524423	0.017889833312413016	-0.04565532834351072	-0.0912463220592497	0.09798607462725431	0.04234151125447948	0.08975642601902248	-0.02109191113460061	0.03411575681008762	0.01156030657078027	-0.06386830476264391	-0.028962423198486173	-0.045394699835755364	0.007307448552472631	-0.026348135405591454	-0.024357027926207787	-0.004624040746626881	0.038557108804561965	0.05100868841966436	-0.028518827001168593
0.012948016367090441	0.004488818992555273	0.08571819116554127	-0.12455165615819896	-0.09310294866321484	-0.05747390868520298	0.02156039526043649	0.09569445332353946	-0.04888883847971174	-0.06069620440168223	-0.042729584623861165	0.03732212760124081	-0.12724060490234237	-0.0329374824761375	-0.057171725014578276	-0.013531385513639	-0.004395221092895428	0.01298636360403877	-0.11628322196031107	0.04947989292565226	-0.02933048396670363	0.04704641506799461	-0.04302446430126787	0.04882357852774257	-0.013361914467250836	-0.09215334950654124	0.016491250805099902	-0.12454362403754804	0.024193542460918538	-0.03565435012361493	-0.05778074962223842	-0.005907315923599728	0.01792490216413562	0.053386507816563164	-0.10435273570251384
0.01248989678156851	-0.0002648873555592704	0.07110097482106843	-0.11010587425532097	-0.127836009198749	-0.03245647775835584	0.049967217408701796	0.10078509198159483	-0.015474529149516355	-0.028342979128859067	-0.0597681892535404	-0.025422589585741763	-0.10874122615022927	-0.08281048456498176	-0.02722410108546466	-0.011818496681590612	-0.025038568213123058	0.03943291241163497	-0.11047967767776995	0.05741815304204317	-0.007705511775386649	-0.013960552580832439	-0.04575933607725982	0.07587291039334201	-0.07803666406627076	-0.11587911865707026	0.009400290111391034	-0.06962740948995491	0.04799950290844828	-0.06729827125282509	0.02037824947939751	-0.03682374763038221	0.03997737035518562	0.05535401182759457	-0.04769281801252317
0.010983646061007818	0.017650081371720444	0.029745529496857978	-0.07519120231268185	-0.1259738453638451	-0.01596006726025507	0.10008115564880996	0.08167720217918635	0.026426215533259852	0.008962836093147023	-0.1394710912543748	-0.00807879080455018	-0.0880151481417459	-0.10350262309691116	0.052862518655098514	0.01263356625017336	0.012029104491092549	0.028779910123480024	-0.0490365337770709	-0.008476652795368637	0.14589673728151553	-0.036472686096171464	-0.002571163544868988	0.11454286382382929	-0.057342253940588124	-0.07185636069988914	0.006272277605222545	-0.02350098767702541	0.10575031572348567	-0.09369143194692824	0.0033561416578331005	0.05297110349417614	-0.025017767571840332	0.04171986968569287	-0.010616965700050184
0.010045730518869147	0.022515648813818408	-0.00377339312119259	-0.06665641381184333	-0.09047366642560513	-0.023150511149509143	0.060072255114553164	0.10178368574373194	0.04189620771084328	-0.01404886086024403	-0.07434494285630948	0.023017144949439353	-0.12462550847597496	0.021756195539769173	0.13260277662344092	0.11467231105416271	0.0562659939630135	-0.03309636929872661	0.037434518261649175	-0.006242707317521967	0.11246324506608951	0.01900129083711119	0.10111284268632093	0.10456363315859474	-0.11812208406428193	0.05248277068959986	0.018307961797914107	-0.018215951053096275	-0.017852278505336133	-0.01112949304871157	-0.05683390621083234	-0.08793639715795208	-0.07652300130396594	0.010925983788555152	0.09697760123823322
0.009490812313937834	0.028691582741038647	-0.007714995826550837	-0.0792322717467976	-0.0637609900736106	-0.0253234990362422	0.03774198621510919	0.1183635849761158	0.10725477923214342	-0.1385167396456442	0.05273963586161845	0.041920715790036665	-0.12621687644279564	0.060457855495032194	0.10717672898116175	0.020003269779163852	0.018153657049286624	-0.031166728131125962	0.04878734832243176	-0.021279449367096533	-0.011039829989654665	0.06221279855991142	0.08953218967908125	0.018401819857311187	-0.15249105909780186	0.06158837005893951	0.06371997906163043	0.020317259551775914	0.08367723698248984	-0.06325439786993034	-0.10300778923975917	-0.09980372211538582	-0.07118831221608014	0.03564207552859389	0.07233520079239539
0.003355319259536515	0.04110737550312977	-0.08081750495285853	-0.06485948708486904	-0.029226055776810873	-0.04667061001282455	0.038955497672930814	0.10656515077989247	0.07811315393420679	-0.19080011891414528	0.026883626207655935	-0.01565619668223987	-0.12704296026120093	-0.044879273790359456	0.04435524991763068	-0.08402351526566368	-0.010255388743982711	-0.020621765749885557	-0.026894861349827975	-0.06424669701138326	-0.005608677490001119	0.05824430915041576	0.06389342126554409	0.0065834751244374795	-0.02736246953459858	0.06025870618020749	-0.03551575288587057	0.08698113677020054	0.1949888879513833	-0.08103086218437473	-0.01587242134064346	0.06383725757803702	-0.029451098894578216	0.0600829213895238	0.08228924676210098
-0.002298807826458969	0.04666622483002201	-0.12963496334044042	-0.05022487316535304	-0.0044152850106482225	-0.0761762190273167	-0.0008904382343442563	0.10367377585013675	-0.014498103427372436	-0.16928887658411582	-0.016562851366109726	-0.07986199190752975	-0.11767562303626716	-0.11959714777363464	0.03035586939007553	-0.08080462255162947	-0.0018091469494498735	-0.08011793251621513	-0.06922418526513692	-0.05766918522171005	0.07782532326021833	0.024826202446028706	-0.004823604567652664	0.024619427022863054	0.011926776296411345	0.04556656229400823	-0.02099441635323162	0.1017751123081008	0.07798744600384613	-0.00264754212549885	0.04112248803829625	0.03607443733835733	-0.06183644875613488	0.008117290652617848	0.0437826376960451
0.003568754243822419	0.07752675769250572	-0.10645415587681657	-0.0565069992374859	0.022112149322009667	-0.07547186449819805	-0.02011884976079456	0.08334329596597548	-0.08829718464770883	-0.07476680881843795	0.057746894892913306	-0.15609277755228684	-0.09286337124246667	-0.1377439799867818	0.03554932074302842	-0.05177843335456673	0.013150196066478305	-0.08399095030246628	-0.08454826697512548	-0.03620594917543332	0.13075502376591355	-0.10387143355879971	-0.03280202682249951	-0.07962677558258897	-0.027821907444483932	-0.012999131661435927	0.0006045756065559092	0.10920119277684022	0.04566261163065202	-0.019780008016838352	0.02024767098916636	-0.08866850300787392	-0.04576332751278255	-0.09603446630771618	0.08414700856492316
0.0010251699197318855	0.12417022916279367	-0.09403715847881984	-0.0157201595517388	0.048426361782956485	-0.0032064416704273607	0.07672920145583334	0.05871677220206772	-0.08484039547547467	0.022313264797910598	0.09770199586669645	-0.15265696579892382	-0.07199571748743282	-0.07717141764342064	0.09923294909710108	0.0640993708467488	0.0023244560338500997	0.04771691972461439	-0.10068953273819532	0.07959731182404979	0.08839697618796208	-0.08763385745312666	-0.002294075138738227	-0.06179651569479421	-0.0338630979325356	0.08388666503113996	-0.009874545707363208	0.06544375368817204	0.122940694647693	-0.024344528888555764	-0.04011819922090057	-0.0664307419905176	-0.010547851927059482	-0.1429793117563519	-0.009314478041202636
-0.0021835993542945725	0.12824661882396127	-0.07241499779404345	-0.005434865149452475	0.07495341317461955	0.02880930811421298	0.07882809722436171	0.03491686915670771	0.026995196075548834	-0.026230589799689147	0.025473474503247124	0.007525313010422311	-0.07709961762311238	0.010947601382621063	0.0016960111900593386	0.09770197513577461	-0.02770108997389859	0.1064686050035276	-0.08076447273577958	0.13901017751170353	0.08736804414766874	0.05687640639933878	-0.03074439265509732	-0.005213495233249942	-0.11758998146702775	0.1983183551038484	0.015217145776969032	0.08056090687801554	-0.04900886511228085	0.04890997490265593	-0.10299188088596033	-0.13061259289878588	-0.03214132221416702	-0.06118048697165524	-0.017521465397331352
-0.006361787559943121	0.10731770417168575	-0.03326000723029269	-0.037857512458042177	0.12528278050283936	-0.05656940215565225	-0.01952057009532846	0.011617765611468168	0.0760721043996483	-0.005623424445304199	-0.04789950011375422	0.03430120841850002	-0.0270331752965713	0.050946223028491285	-0.006403585153643391	-0.06955048803432264	-0.018559849764631087	0.10818237818305232	0.030037124568921485	-0.02046452735722848	0.07436295025815653	0.0006271759838928775	-0.054854021864292626	0.048217165066726464	-0.05861734416777622	0.04908412126747946	0.025965050019810663	0.11133009238399011	-0.04181789913126315	0.0246925522316299	-0.0814679828991605	-0.06715803638395296	0.08499317678871755	0.10413382131948035	-0.05693443419478805
-0.010859722364885638	0.07042682772811093	-0.018882698486673514	-0.0850685526132165	0.09680815233678014	-0.12559819388438775	-0.06488527210580163	0.09178890849047379	0.031047302518392803	0.04287008618335194	0.0076958661349525274	0.041563919857084984	0.043170225588167487	0.005079477245718104	-0.03684263678669656	-0.04897523011892628	-0.0041451200986077855	-0.04640220341591423	0.0761404887761777	-0.07986615599781395	0.06632751553385928	0.11251413356273293	-0.042041741170696104	0.03718302847261076	-0.02906654392724472	-0.0030892162134877697	-0.0728250100922975	-0.03985093678113791	-0.06464537827931328	0.008530054637102474	0.03415409709289691	0.006574773018360751	-0.019996297665859603	0.11317525131362577	0.031135529111204267
-0.009783389712016461	0.03395339036524002	0.03605826836318971	-0.034801631053893306	-0.012069358615914976	-0.15753725239532596	-0.0796075461164415	0.15888477454329897	0.0510840529855349	0.012900192461535674	-0.059340881861845086	0.03048902366431562	0.07971020254818675	-0.042226123603372016	-0.08333221479711195	0.05262751667184134	-0.05622502069934023	0.0595612109443739	0.0555624114269984	0.016094569283603404	0.07161314068987815	0.12864706988522767	-0.00911339327201003	-0.05463151415141187	-0.05345742238547757	-0.006948102379458965	-0.09549508834774252	-0.09280049299890465	0.04311089251187685	-0.0428905347941725	0.0162652001126663	0.10416201998971883	0.041783443381122026	0.05762453045402799	-0.014751481898326094
-0.007013539373241737	0.06408597030989266	0.10374677313938445	0.0222025219357442	-0.05486180551225877	-0.1457770228207504	-0.1543798818461252	0.14517984226635566	-0.04247172000256574	0.050572886181304774	-0.012897039276097387	-0.0007733253451982868	0.07660380910300325	0.0448961218486971	-0.1026918396170198	0.014496874878805237	0.027726445743767994	0.09275628310041012	0.006492496654479032	-0.01638277839677067	0.13833511259912637	-0.005476804615727742	0.03855529615218092	-0.08641019785735565	-0.01947468822136713	0.05039988629089561	-0.05656164040356733	0.013324502795506387	0.05989386325125586	0.08949910308532835	-0.10078758476985442	0.09118852690854018	0.0388733735987718	0.007075183796949366	0.014522338822965424
-0.005949763929008894	0.08474212677531086	0.17434006552642836	0.009053825834674485	-0.0784369897537849	-0.04428450233849832	-0.1026741284773741	0.11968436168807345	-0.08887051952521619	0.06634596489233949	0.11210670503267033	-0.05368076907889044	0.05606030525708234	0.10271637030814185	-0.0951876953523517	-0.022505443870670043	0.0885442311574867	0.06627788500270917	-0.044068203065276694	0.004285396340896457	0.07599627369569403	0.08139735113240397	0.07935633148078924	-0.07993871853587693	-0.03253808268283596	0.03604331160602015	-0.0946063242668573	0.0671716200403018	0.036689783268276266	0.020578920788773658	-0.09817089404167051	0.04850525524596437	0.05909224752277502	0.07452091557079119	0.008115496668742846
-0.005783487744160411	0.11188531991683079	0.18570697489514806	-0.03734151428802023	-0.0631533590633014	0.0761768241380051	0.0025189508344293245	0.0457053905359221	-0.016700318306026713	-0.012991755462814501	0.04405168211478728	-0.09630485783451094	0.018445672972012158	0.09225835877011225	-0.06267246461744796	-0.04493037858928756	-0.019063833950025196	0.11460442695865583	-0.12211306698952641	0.03645762876760225	0.034879644917153056	0.141116235668222	0.08273766273094792	-0.0652844847343993	-0.027315254838848505	0.022388787395166924	-0.030225437409156918	0.06802230756105536	0.029157870783459085	0.016085228102628735	-0.018766909855089775	-0.03967522424282201	0.04099520833208205	0.025210709182054956	0.07901356581201438
-0.00647793015775777	0.11801879111133956	0.14020062137172531	-0.0880845874135749	-0.011084392536817924	0.06958702427971253	0.016103389510983477	0.004781354323933048	0.027923619421347412	-0.03676080670190819	-0.03426923091001636	-0.17778153220175294	0.01684886512583058	0.07004761273784604	-0.0012992267478428346	-0.11936760588525479	-0.0618840542050721	0.15596012045146163	-0.1785008720323948	-0.03335410179412293	-0.03468842321513341	0.0335927180290847	-0.06726236900857771	0.006155504547625325	-0.049273640869597374	0.06898536068612543	0.10485925052803244	0.07925586962542919	-0.03349104173888085	0.028546076654003362	0.022647093509771656	-0.002875508111130562	0.059382554856387604	-0.13805956096009686	-0.020761066590227188
-0.009871415044408251	0.09470475988985545	0.05886499079001012	-0.12281392251682806	0.02431476696115269	0.032617089766644056	0.0625469775146281	0.018936408703981365	0.020622388356972277	0.022028142748140495	-0.035768546219312	-0.12463585028347329	0.08111930715007414	0.04202528039123984	-0.010433901758213127	-0.12102254104854746	0.04273966448005316	0.06630283736569512	-0.075673513308327	-0.08757214855890805	0.05931503323086097	0.017295074525432115	-0.06219094200825798	-0.0019186341945493408	0.009969438633524993	0.09736230846052418	0.088929653078704	-0.004507154749852613	-0.03033348509459211	-0.07432576676051515	0.036848853422327486	0.06306347934942062	0.11502960765036857	-0.03712265403831406	-0.051487943498626176
-0.010298788854013436	0.06091249567841267	0.0006975112050563922	-0.12385367841489564	0.017025056368066994	-0.017061304532345434	0.05196738958396973	0.018220273881211876	-0.01963833053331402	0.061910161125691726	-0.052218099115995245	-0.05338842144899969	0.039529832792260536	-0.01227168227420105	-0.08095494313846768	-0.07385257468190987	0.10158804601683105	-0.059736979802324924	0.005334124861549088	-0.08205369234472837	0.13239697380330132	0.043667791770664925	0.0008056154682509319	-0.02040623370558175	0.011412719321689604	0.013688332814519432	0.03495278933045571	-0.055960594644058274	-0.11561696308954962	-0.08985732251140384	0.12782150092619757	-0.023494006120924303	0.032825586395466205	-0.037686646242342386	-0.037126168765289444
-0.011231981826093541	0.05996146898263358	0.01122312479931713	-0.12762768628672463	0.005264624335036807	0.018066292094833496	0.0355757740251232	0.04454466500419568	-0.024137684774962868	0.0898375894382112	0.05027500541423585	0.021564213792288293	-0.021182373929709397	-0.07475876803904935	-0.07677926660001685	0.007165631368411461	0.09964730921275958	-0.02977663558586211	0.049893271400688104	-0.06760139710901232	0.039792463472917344	-0.09954251857333977	0.009774882436340953	-0.012845231603161915	-0.056746292848646136	-0.010375715165624725	0.08536200229644295	-0.08307509343381822	-0.08999952484418496	-0.07751051851678621	0.0698256347368261	-0.10070132740876787	-0.052680049117286756	-0.12538606649541845	-0.05836044748395616
-0.013061725700437319	0.05433845996857015	-0.02750639687594285	-0.14334500279556936	-0.019994322608153606	0.12339710563253435	0.0534333517644148	0.03982110993477363	0.06493577171595062	0.048590881152325155	0.10124413953282202	0.12925385693234936	0.02121685953571852	-0.0289986593703707	-0.11134303686011672	0.08751827385471597	0.047290677331787205	0.005792230570023232	0.01999939498771074	-0.062270618482391085	-0.032108982097409255	-0.12280841651290669	0.06770048875061013	-0.030622635218580073	-0.0652759298465876	-0.04047256111674282	-0.021007529427935948	-0.09367155165179716	-0.07111880737888489	-0.07408787381505369	-0.07392813417127092	-0.04259474996503823	-0.01368987951659947	0.06780189716944679	-0.1521531159356972
-0.017932746221612332	0.06009126632809964	-0.1090070180937836	-0.1270327262113904	-0.012493757470362368	0.10662977355294509	-0.0015277135764488468	0.0107372850632201	0.05716659909942748	-0.02023998596160105	-0.0032479596619535245	0.13128227385943592	-0.032838604359661704	0.08602286839351792	-0.11268528637153385	-0.006734715658915159	0.008482975146914795	-0.030654232861814377	-0.04721500391265625	-0.04934482967160283	-0.07521843597872802	-0.0959442225831066	0.06466591581615169	0.05749226880952344	-0.023286470568583385	-0.11346926116837955	-0.009702503801117687	-0.0843210694010562	-0.007267900801878665	0.019572184050511667	-0.10153651231415498	0.10574255414767049	0.010505393648879573	0.00420687750575003	-0.265885850907812
-0.025117242484591865	0.07494170046092019	-0.14505782407347811	-0.07991404433575597	0.034322792491421304	0.05911087414157807	-0.002945141542851549	-0.0005435997576793698	-0.07487071946615166	0.053908295748826954	0.0049659576104398	-0.0024678248436389937	-0.036331614541057426	0.023768239886702958	-0.03610151343026055	-0.05575256383670485	0.07455273117828481	-0.0472931203355607	0.02423890262619044	-0.015172070243674673	0.009114836675720916	-0.10474929849977378	-0.058217064492303676	-0.007809923199575141	0.04172910075039763	-0.126296300540997	0.025934139058678342	-0.016527608078367624	0.06304844890115252	0.010138442275133205	0.014045850974268281	0.020484266874005255	0.08156907846041526	-0.032673354065250404	-0.13670652372095615
-0.020387163351439922	0.0971489731689909	-0.09579137819700936	-0.0784138220291566	0.04251235443751871	0.04938607281040351	0.05967194049315538	0.03291495895589748	-0.06565782175734648	0.04688765359799273	0.06349496196168683	-0.003409798097497278	-0.04434542962578405	0.057899082347761956	-0.06003590880127445	0.11174888550288217	0.0025039831161750227	-0.07064659560528899	0.05891439147146693	0.12716480193101382	0.03854685614471541	-0.11315540687316704	-0.16480346318293795	-0.006343341863805254	0.02203037482482647	-0.0654713582240907	-0.08134533806140176	-0.012934652104977459	0.015659515428662077	0.04285204177362099	0.05170128027939478	-0.04887699167487072	0.007290622947999474	-0.04491562570949693	-0.0046422095748998304
-0.020952648258568966	0.09134233954874205	-0.007771807722599391	-0.08538907246851364	0.05853448101132342	0.03275851306273784	0.04195008816679851	0.007282023953000469	0.03243719192261792	-0.037233866847756	0.002707173962406563	0.03216985222659449	-0.03154013799246639	0.051778577929472845	-0.07307451595878922	0.03028281561801443	-0.041390766516273436	0.00819902345361056	0.045144062138289254	0.12442696331020935	0.011357533900086744	-0.09206818991256158	-0.23927482697597138	0.03262183757163631	0.006274701466295812	-0.06383946176185606	-0.06500477242471914	-0.041663575854991156	0.006971777989174987	0.058841338301720975	-0.050555544140481024	0.027236710130728224	0.0019928309480606865	-0.01521319066464015	0.0019354028307915633
-0.025199312871774956	0.10858242005715696	0.0026521949840673923	-0.05417701513537712	0.08178063852862061	0.005610537185708051	-0.014636727793048579	0.00878869814862709	0.04101681080313914	-0.06837771054944408	-0.06807222504286697	0.01302604018846572	0.03641329137031976	0.05842888420474737	0.041816441435411245	-0.11835716660111822	0.04059901552700798	0.05596501539817197	0.13272004363402715	0.0932824445720077	-0.09257400925268458	-0.09988546836486467	-0.1250191580964103	0.08021326486355457	-0.00724045135513644	-0.08030326877694943	-0.06687542673251118	-0.11965079920003407	0.0518782629826454	0.08313329092283245	-0.18648052495925543	0.10583811938462323	0.06745132968643999	-0.04727227165554264	-0.033696371720121146
-0.030971355477200604	0.10114697470465842	0.008473132747147956	-0.01979200876599906	0.0890687780918559	-0.004133316761024628	-0.028252091195135786	0.03956049842151196	-0.016500445633449854	-0.0034314159077034247	-0.011784195280223978	-0.023534870584383735	0.04556582689326744	-0.07131907249184037	0.029397401503647114	-0.07748411251363713	0.031412525937343436	0.06525313596201893	0.13494293215473396	0.08647550899484363	-0.11075878530675018	-0.011507464177891702	-0.03814680696241876	0.06255060336735348	-0.02637746276732469	-0.0763619576193262	-0.04098942558177761	-0.1119547860688999	0.08721754550034838	0.029379938430174536	-0.024932365094350477	0.050726519062731706	0.07075582030104627	-0.07264852437625889	-0.023609181705382884
-0.02599099979654467	0.114798656684496	0.019816239588587928	-0.013267769305545652	0.0813924857514136	-0.008196019203551426	0.020136230266011763	0.03322455075734404	-0.0238557949454483	0.04907539037328965	-0.06993402173808952	-0.0498003598515648	0.1023023506362948	-0.1007881029484049	0.010128623357264619	-0.015460732371142075	-0.028341200143100584	0.045695972023070214	0.0494925118573538	0.06745230039398148	-0.03855819198353918	0.04282432018131142	0.0032570953261918216	0.010985064988584113	-0.0191025188328383	-0.0619406622589025	-0.06772090086771558	-0.08403153405514627	0.07768317250001076	0.013509980926077414	-0.003449747770557128	0.10207975391074751	0.11785658056772513	-0.04200397761980923	0.012022783997212965
-0.026817069973250663	0.12113271253911866	0.05857084194892277	0.013181287903382955	0.09503602323711567	-0.024430205682366132	0.016044916803072486	0.05485530383569657	0.010818935674470525	0.059299003146510765	-0.03360951272860027	-0.029698759656206417	0.005769381604101045	-0.05408856892918811	-0.050548981454934576	0.08528548483957328	-0.02648629959504587	-0.011409791779232882	0.04091751011453998	0.041979098086781096	-0.014719749349699036	0.11144231584340887	0.0493848532262649	-0.009825878893357558	-0.047425829591438734	0.016292238041970535	-0.015232629062528698	0.015373316808991282	-0.021137476368402155	0.05639161883307267	0.03190750244352373	0.04106393929445121	0.04383023235818446	-0.17254928240914022	0.07030847978673202
-0.022591733477127608	0.1226023891932258	0.09298875646909292	0.04309904354052594	0.06512008263031109	-0.018055730174378302	0.011025589282742549	0.06457948670110765	0.0662569835877981	-0.034152757814250395	0.04417654911085231	-0.012734870153961977	-0.12738760515455846	0.0029309924944770113	-0.11667049787336439	0.07342447481765141	0.024455567544554937	-0.023703110203467055	-0.034853584697093785	0.01647888379855151	-0.042455247186652126	0.10258172229072253	0.05343097587484973	-0.05651050232796098	-0.013546028362592777	0.02097999926205541	0.01637442123737133	0.04924190543516332	-0.051360737248622855	0.02588758403858958	-0.05025147586155306	0.06771542540847178	0.06416287975715643	-0.14871468051891334	0.02102588541748044
-0.027606434614796345	0.10562463943915362	0.03659865079627102	0.09068046919506775	0.0038178728981393384	0.004694324157991878	0.03226672124784978	0.08653089264409414	0.08009377307155956	-0.019610498547189437	0.15444372532012451	0.030346301107999095	-0.14757994913946806	-0.018078103171421903	-0.05953266931217283	-0.11001950370025666	0.09791139807277117	-0.0629456958646808	0.0038709063530591448	-0.060673352082699465	-0.1068863482600502	0.04333971137311396	-0.0019796100758629346	0.0012114811636701715	0.03950409411423544	0.08465812974703078	0.07611349070777344	0.06371524944169833	-0.00013690817663982238	0.0031357500548894884	-0.05167380766599178	0.13010542078604181	0.07524847977731006	-0.03426617545976145	-0.04098957099923173
-0.029806124800987016	0.07985662381211349	-0.06510577710827672	0.09383596960017354	-0.059215502791614916	0.049916261980445596	0.07544094810519619	0.10905848626923995	0.06968049701370553	-0.015599242069639427	0.07836238874073556	0.11420626402119596	-0.022328889042445964	-0.14794935322759115	-0.03797443491697548	-0.1242161201938144	0.07344572251482334	-0.03781071741395113	-0.010120829524992297	-0.031540900843509516	-0.015918831356610538	0.018436312846026804	-0.06856722052520567	-0.04782576303745874	0.09708193533633658	0.14211541907151923	0.026519235221663218	0.004371626448161801	-0.01876538058532126	0.00018266936232576303	-0.06841821796156275	0.06017220572024233	0.025701884811834427	0.03646293146136079	0.03998897064686819
-0.03109001944833018	0.07731411599642633	-0.13278887205960804	0.09680644184478361	-0.05967705917138519	0.04241818440157934	0.029048887516552557	0.0811407727643646	0.012602020373655496	-0.0596138917857517	-0.08905604737434497	0.13304660985047537	0.05932473324453589	-0.1562594580107461	-0.00716509135607331	-0.0838859102672326	0.07441885940312683	-0.0379820981548039	-0.040949218665244994	-0.038656130018791986	0.06114990796910909	-0.021148442374018243	-0.02728404054993786	-0.03033363175458049	0.06911750126186969	0.09592012003330465	-0.006449806310039961	0.02264977551381504	0.038598163008809964	0.07105844937900076	-0.09291407527911937	0.023612921454784563	0.09121309402430122	0.011228173466366455	0.12664136454192126
-0.03162532199140443	0.06629752010420267	-0.11762909117183107	0.08838409917201463	-0.05782650881866985	-0.009500690133058452	-0.09335916411219948	0.0910093906074541	-0.07443543898347436	0.005216979537864698	-0.06485285713226534	0.05425520412520709	0.014844912958303973	-0.07483708357292965	0.02484678231780439	0.016539824684627637	0.13738868426042294	-0.015423832893526543	0.0035805017579606455	0.003916430620393193	0.06424999110546975	-0.040680389042480045	-0.06751044615113322	-6.10828728384756e-05	-0.0018340699569325339	0.14001034924426803	-0.02103810360030161	0.041608331565355844	-0.06791995128703524	0.06697611824862347	0.007156341570968214	0.036009202963205394	0.07500161097889098	0.019981488194790478	0.05996102423727731
-0.0319762969018593	0.03780271028920506	-0.028923240531928737	0.03204273580129365	-0.08377348218522253	0.016144077661267128	-0.10686159343834226	0.12762123322472385	-0.013102098418008709	0.06969989162142393	0.010042049890730967	0.009094828716115614	-0.020322670764488984	0.015106934582717127	-0.031128085092478434	0.13024086771315344	0.07312089161441121	0.055461396292356885	0.06078120559936262	0.04586148483778394	0.05751855004585636	-0.060806616619599324	-0.009987959548906335	0.03619048156119212	-0.012250173006806447	0.1259124647468679	-0.054040009917237626	0.028229090856837426	-0.10265412923365473	0.043212711463710744	-0.01656627165033954	0.009726456647498553	0.06929982941821924	0.078257743752334	0.037634545620491504
-0.030886457199484366	0.016881563418957482	0.005773926181802451	-0.01209215795181929	-0.10991954678401564	0.0633158288475449	-0.11972441570654495	0.11722166228591853	0.07855818295044473	0.07915632145953506	0.06796346052945926	0.01497584627209244	-0.08625167307568057	0.10119607132411021	-0.022981974656286243	0.02095366641078602	0.014666698104305155	0.1140984646193899	0.11326093762574665	0.00892415926597224	0.04433449187720499	-0.035964470880551484	0.016781019202716692	0.06548236016839723	0.03094167772872402	0.0158365161013396	0.0353550274934436	-0.058589563580570006	-0.12728824768760372	0.13081130135133368	-0.06358637538826568	0.0024325996004117834	0.09975966225080911	0.1091633190961286	0.06252909709580787
-0.032064059201788675	-0.0031727890798810532	-0.005896748075698094	-0.047404247598650924	-0.14195300478240275	0.11650764290908934	-0.09186286955242524	0.11912673963745181	0.13901808931585324	0.0958881030142188	0.1115110300558961	0.016675834346895804	-0.04733112556477331	0.06891461955416783	-0.03919242617051894	-0.053408747448329845	-0.06870773668643076	0.15192134533641882	0.11333915869323063	-0.0042833267048547575	-0.07284252883522058	0.004495354449052	0.05285052827625164	0.06983661749678358	0.06198902658777874	-0.040851300514924124	0.06408669204856407	-0.0427927015998068	-0.10989421641584013	0.09309801909873708	0.06147867001943193	0.0034748257811815925	0.06732566806458416	0.047074332514933405	0.0800162751406418
-0.03585364038044026	-0.022219219334366082	-0.031781191228587045	-0.0479547887368404	-0.14195659584302722	0.12280763576123495	-0.05835147619401304	0.10211821549990108	0.17575805279489792	0.03086639796876647	0.02100124461325464	0.021966580248356286	0.030223309571490952	-0.03980966213600048	-0.08474941598029857	-0.08393103959660338	-0.09993213923618978	0.1495205792348412	0.06124752843061357	-0.016967325153527817	-0.0481513936050309	-0.0043988437510618095	0.04517273194052792	0.06369165434659682	0.15571998422410743	-0.1118475306479319	0.04877241629882731	0.1070832820807106	-0.055790953094113194	0.015441058279992592	0.15989571567165886	0.0042278463080069745	-0.006586405624147897	0.002851878296082279	0.1330314663279728
-0.03640745067182246	-0.01731045434199721	-0.046504956359149155	-0.05142720370493491	-0.11733589273817481	0.07335382989898084	-0.09105218235042918	0.09397497945461059	0.11891606242975719	0.0006429386412867724	-0.07547160547585245	-0.015686886249638942	0.041636362988324904	-0.08341167631219207	-0.06782675226737686	-0.0650227449649712	-0.09403675415466697	0.09704536196755473	0.0044758172918531805	-0.07632698115133887	0.014481546570726197	-0.05746123181671767	0.11069935774519218	0.0444300013559322	0.10542285755727271	-0.12498651699559249	0.08820206727146158	0.18137189756000782	-0.07508691503630202	0.06252955430623744	0.10311645335727698	0.029004711777483982	0.006740380674619635	-0.05938655486385855	0.1183007208254356
-0.03683131878048368	-5.29653965426657e-05	-0.09002993063458133	-0.08527912726580213	-0.04029346692330531	0.06141158274147867	-0.05735210710266778	0.06460301492698439	-0.010664420307049198	0.03535543652008576	-0.014432983957404564	-0.03031779291377139	0.04660372551247396	-0.02878320080488845	0.0628115019317248	-0.0003758744605579278	0.11645967777729756	4.186743532434874e-05	-0.004592695572337129	-0.10288417914840114	0.0042592380151554475	-0.048325049664946745	0.1561821809384671	-0.043880963980442514	0.10655571662545649	-0.07011616336977461	0.10647625438075486	0.1366059895580802	0.025273834055763254	0.0683886066075411	0.012607038280311442	0.03517333170562134	0.012877027386260547	-0.023278549412232216	0.06306710932377425
-0.038581972375464804	0.02313126639509179	-0.07871526135348923	-0.10196712881763817	0.0018922904594321016	0.1070819975803212	-0.021457619856739447	0.025487483348353802	-0.039128284197968065	0.06621604475346811	0.0496273405235524	-0.001910496004290103	-0.007461551768654961	0.04792602230466756	0.04270661169467417	0.052584240612450525	0.20127795731958611	0.014954607298419055	0.05129336186609434	-0.01452639008711299	0.034256616926150195	-0.07306470477993658	-0.021749041996261168	-0.08742552659604319	0.08880676834951277	0.053195109507036195	0.013208909123924271	0.0999430973069674	-0.044299477891254616	-0.022264887428901328	0.08548316421599145	-0.1553705374924866	-0.10704473209401791	-0.011662248498518712	-0.046296178566785896
-0.04280684226418216	0.024543070124042717	-0.05486991611216573	-0.11364316816057717	0.013322619184154385	0.13957917232262898	-0.01109684346676753	-0.0243859806705058	0.07466817123115968	0.017837223256461938	0.0070167904205206055	0.04576712682935728	0.026068193084748493	0.0998938995177819	-0.08718344857450018	-0.040626192416214194	0.029521930713775763	0.05519978793453122	0.049639256826237994	-0.022724541110926783	0.04292806476956821	-0.018462565631394017	-0.05521454228219188	-0.13210399680024296	0.03320026147725986	0.0006965108300304446	-0.05532905182357086	0.03274725479922351	-0.022611348809059115	-0.10056843883822916	0.02922795085901525	-0.11115692964204203	-0.13760759092381428	0.12497923325731913	-0.06890613139401189
-0.045414162292588184	0.03403109160103063	-0.05800496728574059	-0.10702818547116985	0.032404919733592844	0.0656777468982405	-0.1181324363233366	-0.03926684267719815	0.014444990442589848	-0.0123803042841701	-0.08117857685984639	0.01576775332593753	0.04190023321929598	0.07085293891647171	-0.10816936061126002	-0.10470789197429013	-0.04401933630345824	0.05134516004760763	0.08482777612343784	-0.1341548162427394	0.0560641820804235	-0.04520874584069806	-0.08334933720456508	-0.09167393859708535	0.023468342733094477	-0.052595180200891385	-0.041973909382454655	0.005318891777160335	-0.028296805643557243	-0.016279393107430318	0.04212052936485743	-0.12287401542794424	-0.16914680517514114	-0.03340556558080402	-0.016598494153561752
-0.04347386890184356	0.05238587106288128	0.026135469222965696	-0.07213710941153727	0.050299097989888776	0.03737012858411422	-0.12965560707087823	-0.003484317538953233	-0.01780682386216548	0.08839566308833015	-0.02010670094157707	-0.08338329228084812	0.021506710582996746	-0.05296021429684323	-0.017548417869046262	-0.02070238841828267	-0.006829186731459107	0.02540086479451812	0.1431834732906948	-0.05895626646196186	0.03300781171964311	-0.01351740647862028	-0.09889375545025297	-0.10246662416259093	-0.08582335041983268	-0.06360054597978479	0.035216161723907485	-0.02249628465209005	0.07868669191047523	-0.057026800879964645	-0.03459681197264899	-0.13327329649342617	-0.12604921721470597	-0.12241880317766682	-0.08300560423644382
-0.042734521034393715	0.08181110189288074	0.01074667009296151	-0.01753220159964674	0.033326345652508464	0.13077331223207617	0.0009474360135754644	-0.004856964166077266	0.025850987884770374	0.10956989058798958	-8.407237897731825e-05	-0.0456991945125282	0.051887923886029017	-0.04869468758298126	0.054302138649678484	0.04795269312459969	0.024734734409807526	0.07205163899842634	0.05533363597655408	-0.04166008588906235	-0.01867396458005603	0.07834430584209229	0.017317748411088296	-0.19818767963764267	0.0011459284180441662	-0.0658444870019615	0.046345872237458334	-0.12471010855451914	0.17737577240634134	-0.032947944093432574	-0.14037648938051572	0.0049664146947336445	-0.07412214261276556	0.0482065472735407	-0.06332660912359794
-0.04952531378060756	0.09025019781321933	-0.0713300182948381	0.025041104049330763	0.02758328556058107	0.15778537473956059	0.010222356930109209	-0.032899372474841135	-0.06104782160515616	0.006520162686950314	-0.10267924459068548	0.04149344573288191	0.04121163847462945	0.04413103960600176	0.07514854040980368	0.06713034105397551	0.002297883901000768	0.05595733113845624	0.0012393234728127062	0.030323524954402204	-0.028120265617335223	0.10310241461053969	0.03299025461562621	-0.19799281558970874	0.10776184488351248	-0.034359925770734066	-0.041065055086911106	-0.09678970046825834	-0.008431602457726162	0.03429571176172125	-0.05104832983416009	-0.023523486975621163	-0.07821022577871169	-0.009315462312704526	0.05103621423647141
-0.04687910147532752	0.07481729513962074	-0.02038173646830374	0.03362452423770036	0.04658086201394864	0.0890725481582779	-0.09255097654582731	-0.05002484549288706	-0.07115821598306703	-0.05141085603338581	-0.1569934566101161	0.07039781044025195	-0.04932730828907112	0.028546260995084064	0.04957362401453011	0.011340504307271314	0.0349091975601443	0.015050910271264808	-0.027041460423657328	0.09330901585007162	-0.10419901275954219	0.10797464616056802	-0.07106207892186613	-0.03147852598176135	0.015660434086635203	-0.028463729764556817	-0.06831845436998024	0.01979001941959333	-0.09859866832106304	0.0068010589117274076	-0.03394329441267856	-0.0971836647776099	-0.007726535152008614	-0.026006403914753957	0.06867453968910495
-0.04812509821353306	0.03814367929701095	0.028094782631425057	0.05873122760747865	0.009804261447240295	0.02639407697276925	-0.11226906965085325	-0.003759318955623227	-0.09052958290469255	0.08019980610611127	-0.05957509054913651	0.03748251097834745	-0.07059832918807823	-0.011139193998887029	0.09299195610544934	-0.0865712864475165	0.19014822582919055	-0.08011213481432637	0.01782358195014435	-0.04889213823993993	-0.13451973911202014	0.03354730343663734	-0.06274417881135427	0.09138990970930837	-0.01703741322456891	-0.03182636268707078	0.018047755155000195	0.06597792479096881	0.0074670320586466485	-0.07793496905423247	0.019976546313999907	-0.04594445141826291	-0.02911203895912229	0.12322605423032024	-0.03043651416222339
-0.04900434413134113	0.04509878143759532	0.0017986006538557586	0.06387397322275438	-0.05827037738337629	0.11842053808789395	-0.0038031979359225538	0.001267688054095875	-0.02594967674967168	0.11122672317117081	-0.00833580532339494	0.11310449849108888	0.045504260445774464	-0.076408246185667	-0.003900344772946138	0.013289211168484616	0.057181800044054355	-0.12270064425627855	-0.04015441915891835	0.01677628543067326	-0.07287005163650956	0.046495113956900355	-0.04137031883382463	-0.025536271974285367	-0.003281489101932246	-0.012992563783028026	0.0408566814598482	-0.05074438786046963	0.02545852860622235	-0.16524429768413398	0.05276733923784451	-0.05400823509558799	-0.052380538821619575	0.15947845970404026	0.040810101394460736
-0.048497520713475	0.0779353524792464	-0.03608670555705311	0.05820121310266714	-0.02127452085582414	0.1363176398021411	-0.031643139754646124	-0.030611711890008945	-0.007621285567100333	-0.04176773779247029	-0.14098832994212665	0.08455160364259814	0.045283647060565084	-0.12436015064891834	-0.009193751894551634	0.03971561550913376	-0.014149678424041145	-0.07291328596903668	-0.14785241556592135	0.014997984053260416	-0.00012740785989055758	0.06279712554309116	-0.009434718366586114	-0.14337041261659	0.15351296374642232	-0.0918708579164179	0.08439125801542773	-0.059506127383576524	0.05872873357977846	0.0047440137853740905	0.019405039703135084	-0.02452467682582408	0.0715401845111418	0.05788462588153996	0.06596187731746883
-0.04975525368813928	0.0788270681260914	-0.07918235721276846	0.0705909378962898	0.0068372657202223465	0.0863207907587671	-0.1077618883183906	-0.034593988016769515	-0.13446436038142012	-0.005929257206224203	-0.12890019383934104	-0.021413628443789346	-0.0169487878864773	-0.05314822869742288	0.0841846700223223	0.0243840564222957	0.10139945207867224	-0.03376645764645134	-0.10963513675698373	-0.01115246534416175	0.007030572869815651	0.04202453081341393	0.013180160941524143	-0.06088445345756043	0.14067732655330087	-0.08796589945496723	-0.02715732578742094	0.03853245890333791	-0.0035917555402388904	0.04549760104437047	0.047737466204679536	0.027383747159342324	0.01949610144587669	-0.011593767245564643	0.06409138540438446
-0.05017001735411501	0.07076841921977046	-0.015001978118730216	0.054552905955495216	-0.03689030263173496	0.12244965433667404	-0.08708394395835378	-0.004013329360356424	-0.15310315244801817	0.04489211042868383	0.03475136963691283	-0.007197500691256629	-0.06016498542576465	0.044732479823707684	0.01296212575847024	0.07126712962424774	0.10957900966291217	-0.09415044947062964	0.019088567337865285	0.07323875812984415	-0.053561230490732636	0.015518775282973928	0.07630685475100345	0.019072568086594487	0.007330989940475173	-0.0582243598768226	-0.07253542113486572	0.1280563759601407	-0.03753784199647296	-0.07449750415130692	0.16639824679484766	-0.0012484009708772087	0.026360135793095603	0.007479490796327343	0.08598559088611542
-0.04977293262343016	0.06969125817805776	0.057415828270628175	0.023313647482963152	-0.046361122991944635	0.17544392879312942	-0.03886789400097639	-0.020886933775237475	-0.03629620958529258	-0.02516807910312563	0.006634848849544063	0.03290082867094229	-0.04503759724094691	0.04822090411203504	-0.0960556795899322	0.035765617639049	-0.03296670943403586	-0.057417496290951234	0.052121653044648594	0.12439150957409474	-0.13439991991782485	0.077190559819503	0.021780525611543127	0.10611954896716791	-0.057134088507939496	-0.03717261070793681	-0.02852341063761102	0.1044657897032475	-0.023260837954338046	-0.021541604977726572	0.1592846522435809	-0.07157729476679672	-0.026332383459426203	0.02275230150557319	0.08198524610935584
-0.04550891093663414	0.06576650350191278	0.12918388046313817	-0.003943635828800999	0.02222919340599988	0.10001745858925934	-0.036431318219438846	-0.059618956956582585	0.006164029342602716	-0.11053344444864618	-0.13467466177800666	0.010616135173862364	-0.03607317866543567	-0.040007291053407314	-0.04450852494484512	-0.004356188906906564	-0.056870301050823274	0.008324898495898812	0.08854745225233157	0.05091150303299126	-0.10366542907069586	0.081200964925146	-0.07666140670343466	0.08128962032917054	-0.05082030019621821	-0.07002627254895642	0.0581674708051763	0.0768210969843206	0.06751246372166322	0.03199199958344537	-0.03330602348224085	-0.012252713794956668	-0.0515832047194476	0.007435759942147811	0.09306654271069582
-0.05090832371296867	0.057431531893541256	0.12127273363492878	-0.012390772298873049	0.06145483010235998	0.04530394541706374	-0.0014696162467928509	-0.05356065022117197	-0.07455026124799348	0.014239974512617277	-0.12679588064168207	-0.056586716236599076	-0.043159500646548735	-0.07424529034567266	0.09001369072755902	-0.05343461151220604	0.0043097671573565964	0.016781167769738863	0.1139054449711614	-0.061853984118573485	-0.05798290751534948	0.07943712608869402	-0.03213437909612514	0.05464469454443713	-0.007312795743641941	-0.005472396824129099	0.010648245158336539	0.020604135007100666	0.14790205940387108	0.026282953299807257	-0.05819717258256837	0.039453153920903046	-0.07743682433762887	0.042883462888421806	0.0433983607238146
-0.0513631057856649	0.05926499990662215	0.0793582916197925	0.0004567689256900719	0.05085075590545797	0.06294134257820605	0.04440707751318488	-0.040339368807616856	-0.06997467113579646	0.12364742089534028	-0.1100101440012072	-0.03244562513829517	0.016866762305464942	-0.10485061660943908	0.07154853309266482	0.012296900145802387	-0.016362694061098693	-0.023387484006917987	0.0056606071231553624	-0.016441973298524606	-0.06791243786669356	0.1455194469744645	0.05076720816774441	-0.009435835156760377	-0.05054382595463021	0.08745665910958259	-0.03865649458090706	-0.04389684202158457	-0.026418475228992787	-0.017847015794593954	-0.032305006934982776	0.06130975233296285	-0.08809003419713125	-0.04217481835129621	0.04135884946693674
-0.05194636367347645	0.06347154556734756	0.04204016641448333	-0.0020306085055048335	0.08874274683104451	0.059368783386675776	0.04953942577830635	-0.05187221120551779	-0.005962917193294969	0.08246883554613152	-0.11863022695456747	0.022094067846570406	0.026376021188646324	0.014609780371505976	-0.011341434811874348	0.11403058548291933	-0.052007781860416075	0.049294117549205214	-0.1349256178699705	0.036680961459145525	-0.14909999784136846	0.0366677628657327	0.04981328082491614	-0.03208630533536672	-0.09155222745344077	0.12281556859247869	0.02932172292732206	0.035171509981819296	-0.18318004121670892	0.0024168792414726303	-0.1312768809961198	0.02078311453663867	-0.0026353872942029566	-0.11956598724545925	0.01143754318947202
-0.05589880283596331	0.04291212829675776	0.043161369151970025	-0.021452149063651477	0.1511172048753186	-0.03272622642899694	-0.00352747705271159	-0.0694790488141684	0.0075100505583439	0.03086979050856226	-0.13933241489655476	0.0511770944944196	-0.07702605057423907	0.03793553589193928	-0.02148704266351722	-0.022300155816959353	-0.04966754652689529	0.057243709094996036	-0.0921991694988819	0.00494538668343282	-0.16565780002396868	-0.11251628741475898	-0.08177389145322642	0.031173477464194046	-0.054015656294405745	0.02496591649728265	0.10295650835980319	0.1878779146472686	-0.12119968565497688	-0.03964732948863262	-0.04976081875959343	-0.02988217755718641	-0.016563075160061357	-0.06253650540810855	-0.021661063218184052
-0.056297061466484076	0.018756264877214438	0.020794346974089935	-0.04974723410427984	0.1493781425258386	-0.07683395322027116	0.005072385604914862	-0.05296099860913746	-0.01915017411035691	0.12180938067640087	-0.05771488110208068	-0.0022806151971557992	-0.06510972172489272	-0.04416640466004522	0.01430091970433265	-0.05006056125819551	-0.07947282102610687	-0.06663169612227929	-0.05421715479729164	-0.08411511391350943	-0.12699240484972177	-0.13605370154378452	-0.06864207766740514	-0.044924138944698405	-0.06547557001448154	-0.04629916041235623	0.05882128176661894	0.15824272240936343	-0.0906273113359025	-0.08743209891751924	-0.015571783530649178	0.10388799646020362	-0.0033803689501705585	0.012644944224668195	0.019538810164963137
-0.05302375238424672	-0.019822406561070594	0.008898448937847582	-0.060497016345687014	0.11691707910839855	-0.08686448159577052	0.04546045869084496	0.028171990253544492	0.0008165778340655646	0.13910956262568216	-0.022176053176546306	0.030529016730680987	-0.009233140961085013	-0.050528078861736644	-0.01854430248256735	0.02469858634481386	-0.06015624029774473	-0.15027763179299422	-0.07592239722632604	-0.04176576108557178	-0.11299008644677289	-0.01257549479840591	-0.010474682869228848	-0.013693343299220884	-0.09117940897220309	-0.0898175403151214	-0.00821085376860785	0.11675565372101	-0.09459819393901246	0.04950594070561727	0.025192418555786942	0.10230528594543266	-0.030961370604977036	0.028242675617283025	0.08968972372783655
-0.056574609166988095	-0.037673606557119224	0.02294019147480071	-0.037077177533816556	0.09648824803125461	-0.10266030418457779	0.08316668088659318	0.08125287864398983	0.03605049376787778	0.08580023447860682	0.01694920495915216	0.08944984705183678	-0.030370305744529487	0.02631851086314526	-0.018191561369177593	0.10800594655127425	-0.007252332172976196	-0.06748078005805945	-0.06693816778817241	-0.05860354391154447	-0.24297649778704644	0.04083535784610923	0.021498989463623025	-0.009263843547411311	-0.02569776251706157	-0.09556847282049163	0.062396468531033575	0.1005061004104205	0.030310204510813673	0.06208204350650787	-0.0031968434010360217	0.09830465168248054	-0.05164219853909248	0.007114929010063244	0.01653429874008469
-0.06260136123797744	-0.040878101637400764	-0.031344013913485944	0.01844510368122585	0.03793443111163678	-0.10009384995079876	0.10766821264380648	0.09040503147480955	0.05784498223460788	0.047024318284736355	-0.035573808192918	0.03390528651377545	-0.01598649405776041	0.10113174279809242	-0.008777650072382253	-0.040917189324715636	0.010758135277467837	0.03913354471036638	-0.04057123997739283	-0.007707091947267552	-0.19691060487226683	0.01828084929292611	0.013395183942246001	-0.11776912466150818	0.003938677848418205	-0.056099311604122334	0.013898737125251824	0.044505697503075516	0.14807907320290412	-0.002253179088505572	0.1378970008330127	0.06627775636256548	-0.015844255521113	0.0815111009730422	-0.03351176635749093
-0.06685880873198652	-0.01863616709777513	-0.06468718477961263	0.09660950017970091	0.028663901929898816	-0.12111796504600743	0.02383140131500376	0.07105066854633785	0.03611014121257351	0.13800807019752284	-0.08604057627986925	0.02458563279066901	0.06350865544895518	0.06205877543771125	-0.0009696884036270336	-0.1143121461184307	-0.013463943294618797	0.034596728298916656	-0.02334180542559269	-0.009954456177811336	-0.03378480935866013	0.009434419139334068	-0.04246601872545025	-0.04436704079219445	0.02414111044087036	0.04498169540347996	0.03394441089195895	0.05079118341362357	0.14314591142769903	0.11615144019763199	0.14182511404994003	0.04111683930846499	-0.12472123635741697	-0.013945760498327263	-0.10926610352410673
-0.06348752627196076	0.006986741123656587	-0.05264568170718553	0.11523041251668094	0.01955237640178257	-0.10792257497507947	0.023906305417729697	0.09214492087901699	-0.0449020573833625	0.24241890660388146	-0.006517863849706924	0.05760369524526233	0.12216783528560365	0.043863397649877706	0.044529570040193374	-0.08475320445328861	0.007023578436178203	-0.03838441885126744	0.0172004023656046	0.014003325099288342	0.007311610615496209	0.05533998638237456	-0.021605493161122338	-0.022941120358391433	-0.03836108366142162	0.03603159059710677	0.07104042077051258	0.005722388730043065	0.11237664355115615	0.1721819406755607	0.12154641408845183	0.04701556134168457	-0.1430936854457313	-0.0015634786034709105	-0.10290441246080555
-0.0553071026898095	0.03309018807928176	-0.0052466691915352675	0.1145615576956544	0.0016950264544673109	-0.029890264072589025	0.07258545934734298	0.09752742502152113	0.01303332795702722	0.1380809971834694	0.04876942170721484	0.129094938620006	0.11840701303107229	0.056235157312957564	-0.03845050009434813	0.09321964223611694	0.03130869201131924	-0.06657309458312519	0.007140365012773705	-0.010099097817926783	0.011586962291285266	0.09278307288279732	-0.07497245214146453	-0.035252697863995354	-0.09308651635997627	0.043983296657748035	0.019970611137867245	0.041085904552170684	0.07257008257272941	0.04842324902800832	0.07625874455593612	-0.01498370561065733	-0.15927595432985642	0.002063025936945087	0.02538898670027205
-0.03816288177150247	0.04904353806227175	0.02512861606774166	0.15011598182695396	0.007146629085730306	-0.06912970852808625	0.08516698026210591	0.05884834475295491	-0.09349544689579214	-0.2118097397931366	0.028616852750939857	0.14544685747423913	0.04450909076904291	0.12081320342658074	-0.08875191210636121	0.1634229938497638	-0.043638832280125765	0.11991053177548398	-0.01739752279522765	-0.3149890899867194	0.032696491735196315	0.026563144327144447	-0.11789339671121608	0.11341672915991576	-0.052050250842992904	-0.11894496117465475	0.21176607809635323	-0.047750346170125996	0.031144500421460372	-0.04089624347294084	0.06173945382345852	-0.17613033343603496	0.05472655617609713	-0.061841764837765684	0.02705696911555933
-0.06047795088697756	-0.04392767117301768	-0.033275855218506706	0.06602945475894927	0.028584303012645862	-0.11253555154272549	0.07286060919333204	0.07615975067727447	-0.1354825503506491	-0.10375070829561639	0.05539860669239626	-0.03653444333896082	-0.015365802929877064	-0.05421293055346833	-0.02158915756991258	-0.026916014727029897	-0.059992442231513544	0.12079324403668404	0.02338801406964237	-0.10698666037862554	-0.036276582337840445	-0.011936198687966419	-0.05238235293469712	-0.024943867924599974	-0.03209500365903971	-0.00993783059770141	0.0724608549864041	0.02975728223812818	-0.12444510580842237	0.04834861340751315	0.07452604814274263	0.03823420213059282	-0.05408978014455229	0.2114599297901464	-0.0440474528118901
-0.07477383798047399	-0.0802605119075341	-0.019983030990764792	-0.007606873820601047	0.03038264596844548	-0.07844006306512996	0.02441593838571235	0.035331290513831416	-0.11308959084696693	-0.16172094849368318	0.04067809236778232	0.008021644036546623	0.0695416613069302	-0.12254072711257444	-0.057974146199786296	-0.011142718960057049	-0.10066940316169536	0.06718745477490168	-0.029280076557134715	0.001709065575809611	-0.0076356593506149584	0.045490700077686845	-0.031534333057013225	-0.09139970881739626	-0.05072568706747183	0.05944335938542719	-0.02167164302338896	-0.0019411997185781443	-0.08891300718813351	-0.014128634502996177	0.046925126049482194	0.05237809510729391	-0.13382305866035338	0.18377876107990546	0.0020023213223837426
-0.07524821281514664	-0.08474197232739847	0.018903235097404245	-0.027699385535054265	-0.041141907515845386	-0.04185630726501083	-0.09319276332108797	0.05328609995090755	-0.14240664034540368	-0.13362190837056093	-0.053182662057763	0.014077606918066672	0.03829384433419278	-0.046892665805075534	0.06971413211484703	0.039806033593288166	-0.10866613787785746	0.0735052413803581	-0.04526025492037372	0.007297341819496185	0.06255247778783264	-0.050137001931374124	0.02911945878677187	-0.1488659501969413	-0.06461161683257566	0.053643565161404075	0.021834564121561553	-0.013862616512163025	-0.07345644174904052	0.047290469007920825	-0.026816633577765217	0.13368809177714658	-0.11576386470040281	0.17087935122552828	-0.05591673312018336
-0.061395762434735046	-0.0732979777153719	0.06596419226236966	-0.0755432644916239	-0.08195408757175046	0.017891205851433167	-0.10783135058950646	0.03525188796842553	-0.23927981756808292	-0.06574914931880821	0.057526096341764886	-0.021941576624964196	-0.03162400964827618	0.09190740061374156	0.20979039332668817	0.08047257014662644	-0.0045318126530607804	0.0824220405908449	-0.040564177223699975	-0.07607043738013684	-0.02894082969647493	-0.08444682943246884	-0.03374901757126167	-0.04908714100445136	-0.07316754717907376	0.007736728983335992	0.07995778699457357	-0.10136263332843082	-0.11153360681204516	0.1348741602114556	-0.07555603670287886	0.0969302226445136	-0.04195818208916866	0.043000909917925115	0.00941383363196916
-0.05983631873835102	-0.09114470980021223	0.05973143082445599	-0.10959227931331902	-0.09718339231927456	0.12363325713491642	0.07206537602454796	0.006099401242131926	-0.10985813418909408	-0.044033081711879724	0.1370136012404103	-0.046175994315856256	0.017572912235966968	0.10415523480404955	0.20668013577689065	0.014493099237745916	0.08096733461931069	0.06949444337812243	-0.06651633038984785	0.009577915102934566	-0.09261086301966377	0.03795272354272845	-0.08697957867838194	-0.032952813677286266	-0.14872409914144355	-0.027852071208844417	0.030701281278244973	-0.1041129211283937	0.003408022448368197	0.01821997447697536	0.03559421214670355	0.11285386307522086	0.011989999724084672	0.06604431107020303	0.04263524054921905
-0.06528203445185657	-0.08334507320673754	-0.007102471997889478	-0.06018239180594159	-0.10342979997413582	0.13007521808174466	0.11747131209165072	-0.02310207946484139	0.032092715565279796	-0.06589227462506687	-0.08231282224646207	-0.027497843326333277	0.06864856334133257	0.06460558317662574	0.11999280913054386	-0.0637446427152214	0.012966787087207698	0.08119981071760712	-0.069699576608587	0.015232478908327431	0.03434463629461606	0.09340671592092886	-0.06875335972190047	0.016662869837911175	-0.08373230925340468	0.061656833472164524	-0.016424009381375292	-0.08787832307792737	0.05827532139880357	-0.08294273155145827	0.17970500584878865	0.1585539807299047	0.017938995628907863	0.03607221160221447	-0.08757455718729004
-0.06653956200039668	-0.07775349521439036	-0.05006512268606388	-0.019421750035166687	-0.09612410951891842	0.052951504747787745	-0.006212000987502209	-0.014753806176299187	-0.059096560539422076	0.009294901598587259	-0.15245438400648995	-0.06842651231640748	0.039749498375253545	0.021749549175518502	0.11314583112152525	-0.09166669553411136	-0.0017174498716185545	0.0026195396438583804	0.019047060688260002	-0.010980578361966593	0.11131202059813955	0.08247960634762573	0.008051000357452126	0.06741589245235935	-0.043767444121459075	0.05865737320215736	0.017196717243416565	-0.11198031160136827	-0.12343583598953095	0.03924942528831861	0.1751581445099662	0.04747128612223253	-0.01748442142978434	-0.183160193580203	-0.08615703591903905
-0.06440600702017794	-0.07430997466936748	-0.02496303728010669	-0.01060312801746512	-0.09821064454759239	0.06919025488763111	0.01661845838173767	0.042022005295163235	-0.012754243171206619	0.021555350193236327	0.008780280824346554	-0.050273374749156614	0.04052580883714305	-0.046733091084532795	0.10844870635557478	0.004130819455306384	0.01703526305858465	0.010869865974412939	0.10391627506165017	0.03708287167964018	0.011253354366199371	0.05471465037001082	0.10302087989489336	0.02504343455077239	-0.1073148240200611	0.021525781302821016	-0.01480472547298196	-0.03235405792103573	-0.034501069195722406	-0.08432960955476065	0.038919969961530104	0.05046699379072886	0.08036468425822238	-0.15456607359337937	-0.006391952024432122
-0.06850506039368995	-0.03147673044504749	-0.07573435618509283	0.04234359003843285	-0.08331196236599775	0.0785428594926112	0.028349667981114806	0.031030049124761643	0.013907824595872762	-0.03558187817649681	-0.06354213402650212	-0.0005417342528868953	0.11144516544874387	-0.00378159558776655	0.04499486061630836	0.059946507853439676	0.03752637711785077	0.015647560559846924	0.12008643985686354	0.055523726674750036	0.006129253799261144	-0.0667643536744463	0.1282499554164908	-0.007242081636249847	-0.07418282924234912	0.044993718648402174	-0.07200895847122969	-0.03229844104202904	0.061647633804091294	-0.08016748287229317	-0.006785550624975856	0.0828354259810585	0.06834012520635163	-0.15076276437362415	-0.06638827800909816
-0.07298074523105416	0.00041739466422470055	-0.01693472820025419	0.10395885386886831	-0.03112864046683983	0.053090461411372865	-0.07854919442547101	3.176905999052769e-05	0.005140439971800276	-0.09041383111468006	-0.04642077854848956	0.05790251022550531	0.06510568611656631	0.06618571142262501	0.005742277996026538	0.12767588925232073	0.050620003286163395	-0.06705268881240836	0.08543447975369102	0.07021140768552248	0.09878822264973777	-0.07060258808230521	0.003324651158960766	-0.02550980245299915	-0.08788126680341886	0.03293645986377915	0.024057129345542456	0.04329828447256471	-0.02431760036354954	-0.03356437037992756	0.02958729291825478	-0.06056508111815209	0.009456556524425579	-0.05482379415360951	-0.10119656218901839
-0.07413473209842171	0.03361253778026773	0.07196849207203308	0.08800644187410574	0.04027667282170185	0.038374940970168574	-0.1376529702299949	-0.05280975236052556	-0.04428742168391267	-0.14644170268884768	-0.018960558084570315	0.010381054139636761	-0.04403015632934255	0.05200341077762889	0.04340047137953482	0.10426156512734182	-0.050760889996848704	-0.10292673037959724	0.13238082483559516	0.023279294668445194	0.09403973190806417	0.03879729732172002	0.019751469587882375	0.0007632968068614476	-0.005487915995858822	-0.004228743217567735	-0.0019272078264813003	0.06265691108290032	0.01145274340882644	-0.03624739160870573	0.08818059841865263	-0.06020101524215569	0.08867914477951894	0.10394701722907726	-0.11599753400165799
-0.07202421314258804	0.029157725223050074	0.13180285983947812	0.048170378708086596	0.0597762605025117	0.03198459898135311	-0.11235508311480247	-0.06761881263686513	-0.04543267305314193	-0.07928341761963552	0.05244744390836763	-0.057037940103883224	-0.10060278990794638	0.01839813240858607	0.03900938144371788	0.05535709004668766	-0.10307233058611526	-0.08484330379111399	0.19092492148416565	0.021504963473118026	0.04721556780327957	0.11127163166412726	-0.005675023394762738	0.047350094110523676	0.018170004152549855	0.05837573899194614	-0.010093695617089879	0.07084069781273267	0.11195238249780048	-0.01155819839940636	0.13816961988961857	-0.04328136071325077	0.12174223303286569	0.0917760489378066	-0.12114906794298488
-0.07231643148058593	0.02821669417549663	0.16293782271293203	0.012518743025203498	0.04928420438152413	0.06233952636776877	-0.01640456786676648	-0.073306314825906	-0.011390325515943817	-0.051229343552953686	0.07251023240593113	-0.09450028886911874	-0.04150423673351413	-0.0696439149869909	0.017322736008201615	0.044180787483495736	-0.1922036160436146	-0.0868612961942014	0.16664087501415048	0.027863015606836256	0.04997264912805621	0.05974971472262184	-0.05640066263068247	0.011256074383163882	0.02059719613831213	0.10856735844140535	0.05801735648531724	0.02403198635285016	0.10459760424949202	0.012371548664221327	0.10893193807048934	-0.030266035961641777	0.10953102815416035	0.06840242596109847	-0.0709815347445425
-0.06712061515746107	0.030399327350921775	0.11892578640928043	-0.006351299172258491	0.05172038364100616	0.09695336659923894	0.03980156611585236	-0.08419873407574266	0.07391462729306078	-0.01747074334361953	0.005446057327215742	-0.11186646267796917	0.02417132990289874	-0.13138118210140987	0.09025712248546203	0.05715429080786486	-0.17609646473808463	-0.052487049218080645	0.0635543709206563	-0.10572399287177714	0.07004165936098056	-0.005811567616184975	-0.09260579568168265	0.015864689510294242	0.058912406971701095	0.09333531022383501	0.04770074020796684	-0.06033597086888446	0.05471349407601563	0.04839450380321687	0.04203639395368411	0.03420039881365057	0.052052312630888865	0.043119217413448124	-0.005051571601057744
-0.07614150607056668	0.05545156182535612	0.041054669533617645	-0.03616369476498036	0.10061062452003028	0.055663415620160944	0.07389229087700316	-0.04972929930398496	0.08148605760732171	0.010667758027449036	-0.0336181262788477	-0.03785821167316668	0.01793492658485294	0.008624863609174839	0.06933697783879851	0.05693050207224765	-0.12090826093575963	-0.14592508074241722	0.18498917726595906	-0.11347996083648756	0.027754755061030697	-0.14041168817778515	-0.032557911026132175	-0.0691390359472892	0.12176862986035486	0.2075382959739675	-0.02338163002947491	-0.12454448850771818	-0.12079782714607479	0.0944217209710336	-0.08931314593026851	0.07483536238290561	-0.0884565862419764	0.04796058003003333	0.022023470595818877
-0.06816733280790556	0.011327816293138422	0.026145144893269166	-0.05696863189663228	0.09052994467676763	-0.04532080455828885	-0.008016029085213336	-0.03814462604178793	0.06594161334953823	-0.10259573597251416	-0.036799346786369355	0.006298757797665266	-0.009199355713350676	0.11650008142794652	-0.11864015368480214	0.020089386713807052	-0.05566230204566209	-0.11280674333510815	0.1759114746394282	-0.15291416078155823	-0.018875418852975	-0.08110203191352142	0.007292478986256734	-0.08447017142349462	0.07102030896060998	0.0886753695905613	-0.0722091578364934	-0.10315908410700034	-0.11096059996557678	0.045426259538385236	-0.0819199691406419	0.06403838122428539	-0.024508818210912282	0.12203998789208104	0.10052692527518586
-0.06454043550304024	-0.030447576962362822	-0.011748749155235123	-0.022741276706793174	0.09205572283600168	-0.09662628569575343	-0.04880257156246809	-0.055816981406655766	-0.055689931038147074	-0.01955125482742776	0.04423507404555909	-0.1025587421135255	0.001317905190258816	0.02205929074847815	-0.06507036645901275	-0.14109273532311511	0.10329533164373463	0.01664509013771675	0.09399364223492959	-0.17134313420744668	-0.01701697911197224	-0.07162987068716344	0.03729825211568058	-0.08693235171478353	0.020310471649154838	-0.03995032620574457	0.007058972467997541	-0.129655462972791	-0.006690276788683799	-0.022781199376897654	-0.0377728239717616	-0.10801478487940397	0.11238593915461798	-0.0628929515011506	0.07848507504884819
-0.06450262953073	-0.04268876126713177	-0.04066708320953498	-0.03329328692206403	0.0713262532189187	-0.01697705660466256	0.06944613493485845	-0.03999036268200976	-0.06379646686391159	0.01708288976197235	0.09135641177136866	-0.10446099973853995	0.09371150915079332	-0.0748429342826085	-0.07047531278493224	-0.033353015644496734	0.10878843420321191	0.021066312717474195	-0.02761327914261867	-0.06262264644823003	-0.054236516400929496	-0.046550194336027396	0.0033355339176090806	-0.07855177989909648	-0.10501282756658557	0.001747096049724341	-0.1774291783818317	-0.07202268207164454	-0.06468163178162151	-0.11568709156968074	0.05193528277228698	-0.0927408930309884	0.1557137483651117	0.016891260119015643	0.06587597774544247
-0.06937081864575341	-0.0566333458799053	-0.08499994157981929	-0.016731508156611796	0.0785390075054205	-0.032346684649253846	0.07424576568373954	-0.05579345440932637	0.01612181048061886	-0.056899836789858375	-0.07097272222473239	-0.09752573332968435	0.11694915901952811	0.04577715565760542	-0.07552335521298206	0.04999872459177766	0.05126971013760385	0.02217871499193628	-0.10583390617152394	-0.07205995533402494	0.0077114875826150495	-0.021924470934505145	0.04648841930907066	-0.03222733743668114	-0.12838152619909682	-0.02113420343976044	-0.28513248375031763	0.038074708226385374	-0.08108140583206734	0.005969221466999665	0.016650901926543886	-0.015101182236216436	0.18666518653512806	0.09117450134801064	0.08633344309468052
-0.07600668936480255	-0.09222375377998084	-0.052027075512775425	0.020266656688142374	0.05056858352236725	-0.10729669793982054	-0.03848040120912874	-0.03533034019309099	-0.0183687975173552	-0.033760432442602024	-0.09617486338480978	-0.04445230095339674	-0.06852794199838615	0.09575032253658365	-0.01872537748812146	0.0057542176651245655	0.021273158554695817	0.02781753094918594	-0.033911713301832125	0.05012691114798566	0.037885409457805184	0.007170060535109786	0.03506300448726919	-0.0659615677403981	-0.08477298973415234	-0.03511658121154947	-0.06151103368011303	-0.026767010613134308	-0.023554902975598757	0.026565652786770998	0.05476224000609983	-0.09100338701708724	0.09209173803016994	-0.005243063409305965	0.10996038176697344
-0.07612286337251004	-0.0879804017554738	0.020584438754119205	0.05317752997624519	-0.010625467905572603	-0.10718563964069742	-0.06908086835425738	-0.035769832177370675	-0.044185328126156775	0.03376707436636995	-0.09180797797315911	-0.0037682779977809694	-0.10847743070152374	-0.023363561359383972	-0.020168675324777917	-0.0015213747060073494	-0.008323986789675226	0.04438291529366278	-0.015506920207955004	0.11425420468180596	0.03242050390781241	-0.08596530672724347	-0.04732897367229745	-0.05705553097895763	0.02758470296357723	0.07382096648044158	-0.0021028206459336417	-0.037801031083924075	0.010640832366385657	-0.03290545389971025	0.008303353732624249	-0.09194290579749229	-0.01891363187471843	-0.013198928934271874	0.006140602194314532
-0.07269622816007976	-0.08621734917635974	0.050300406576706834	0.051516583895201085	-0.034127057041803716	-0.06476151795084419	-0.05217478126908151	-0.0204531316803192	-0.047514107645645634	0.0937127964847196	-0.048569971736586795	-0.02247311150936505	-0.11891878946748537	-0.11769529639852816	0.021963790882613042	0.03301804360919956	0.058283989497123254	0.042956585249390486	-0.054153624311367096	0.062203973983353894	0.04601960772703454	-0.12016004102263655	-0.05653512712245611	0.009079888298858377	0.045102386825294806	0.030728006538306922	0.10858448877509382	-0.017700365167015897	-0.047322105500961976	-0.05304961756918826	-0.05229192468218971	0.001598034832904282	-0.0038379987838538243	0.030376477528786947	-0.07614864993610454
-0.06974602310317428	-0.07897449908075317	0.029583890170185565	0.04054047406043655	-0.04000147479156331	-0.0029091755211608046	0.04493810570965414	-0.0010759710050692785	0.05732358573604201	0.13034508735607256	-0.006507715322944349	-0.012246444654850044	-0.08856466877885409	-0.08044777215397449	0.06746769682574698	0.13826706856282892	0.05318984825600761	0.02384081200064289	-0.03133749681307803	0.03870702566944633	0.0466956752734555	-0.09473757032236924	-0.04606517755575366	0.053629367310751075	-0.005152615098672834	0.02116054768450016	0.06400285427527508	-0.019475360735178034	-0.0660811366885124	-0.01683519257959266	-0.04669530835169879	0.06925953322980005	0.0005970471453224588	0.09890336482982279	0.0185576834522801
-0.0732703993256695	-0.0851682771682331	-0.018444486483209708	0.033238303528467114	-0.012929029529615456	0.0003910579246522603	0.06023827965847157	0.02074408993164793	0.10173030500570467	0.038933395616176356	0.04181560864915926	-0.0028359528129226967	-0.13740158366581526	0.041635255845877496	0.06573657246606857	0.06876096359582223	0.042090015274486844	0.055544434530085784	0.046201992519651215	-0.05810504992673332	-0.008723186478613736	-0.004578686529229789	0.042150081370143457	0.01769400517605348	0.007618152733691446	-0.015159769990007033	0.09274973239895377	-0.003586327426936299	-0.03148402028539948	0.04009517659905475	-0.04871522479487768	0.02494583073382044	-0.036704692022675726	0.018243434186385164	0.028349376425790343
-0.07512887146639141	-0.0890970863448919	-0.05800103876394648	0.02044823652026891	-0.03365689330672783	0.039499683131498986	0.07370306837389341	0.027181516287081	0.10533392367734147	-0.03586517401375487	0.07921101091904549	0.048420317514246775	-0.06618946766551388	0.042393889498691543	0.05628398630356862	-0.02442478111337194	0.003763963492483223	0.08574454439283012	0.06975891943446595	0.010744841953927888	-0.07727519987752958	0.05709414620397291	0.021484786376093898	-0.043931602353917146	0.003986376419643035	0.02424348303505648	-0.024373325451540452	0.03675643035275743	0.0674588749543418	-0.07472013383276663	0.02647219278461755	0.0035170967054235502	-0.0793548388499489	-0.028668432204244063	0.07579655708301675
-0.07657496554795257	-0.07541343553599461	-0.11775524181515516	0.05752723742114176	-0.03292915671287375	0.011189348588527725	0.018755565993446383	-0.002824715168767488	0.07795872135268361	-0.06883561289656957	-0.028522450843655057	0.076713449547804	-0.05897011283258086	-0.03298035927907052	0.014400205576714441	-0.07015643651778261	-0.052387323168128164	0.07831863957514856	0.06198676598414438	0.006291820068132211	-0.005005174592040496	-0.006955780247442613	0.01582282228197288	-0.002401226481467675	0.04296606695547751	0.07965404893217198	-0.041912766150002265	0.049382495536552155	0.13485037264010594	-0.037901286626404594	0.01135467331690624	0.041397479078293595	-0.05465519221756803	-0.07477648609096928	0.026690995244421575
-0.08201555874544866	-0.09094128340802496	-0.12132479627931689	0.04596666349053172	-0.03011329338048832	-0.006536260463311943	-0.10138578260818043	-0.028707359474019475	0.019019871327079593	-0.02372171982948851	-0.005745860699096537	0.018048988100325347	-0.10169733950905495	-0.10653534057676396	-0.031325320576870166	-0.04135064109440529	-0.048363632322264004	0.01763531175320314	0.0044304286434704646	0.03631577279096174	0.01079337710165901	-0.003052115490759519	0.06984229238878252	0.06276868021965959	0.03984806175672852	0.11107639709636125	0.05214338246539485	-0.011936150112201728	-0.015552035854275423	-0.04467505508722704	-0.05131328849642257	0.03955059330174239	-0.07522337125959705	-0.08806633348214744	-0.08668017468980838
-0.07959546761848246	-0.08537122308234837	-0.08917266209148925	-0.01631671899212681	-0.02378692972240459	0.03966487875138148	-0.10529801287811892	-0.03895052690482945	-0.01572563446721272	0.02103537181377355	0.09282476429560027	-0.034327535271975254	-0.03542803587844611	-0.11006834362318349	-0.05834445496296589	0.02795980863671512	-0.06566729482352866	-0.07569477391158583	0.005364784863569932	0.035278358957897465	-0.023664598499634728	0.019195814135460936	0.13495100832700346	0.07984440396078107	-0.06030215737716377	0.018579425575073232	0.015342157491357075	-0.011889165977893027	-0.0289127482387086	-0.050897389331886644	-0.14218707718441703	0.05544678578839182	-0.018428216161077038	-0.08899751005596543	-0.05376599982257452
-0.07706170756148505	-0.0631874521860152	-0.09622468275059128	-0.03892255841050946	0.000237624236941593	0.06757892154434515	-0.028064859639588376	-0.06724831255976971	0.012553677553665208	-0.005655683247761012	0.05514300514526577	-0.027176411243341272	0.09416550233665427	-0.04261796300571617	-0.07447046044191243	0.09217008202459537	-0.02110183527888104	-0.04485324038717675	-0.046711511762819985	-0.0021714073163305037	-0.06369966827165445	-0.03550564011347227	0.1420150019932866	0.06954672365449996	-0.06511964120602744	-0.010362496177937174	-0.01865737919015994	0.0550616263262767	0.1075411123453945	-0.05091791607487968	-0.1359175199898775	0.1607475795306787	0.03192047086611686	-0.006526174018504891	-0.06188640961338249
-0.08134623206310136	-0.07566992717147537	-0.1285411586581963	-0.03072056641047931	0.03087832585731683	0.04962347059251122	-0.055911238301442776	-0.08174554021817507	0.008033186677742771	-0.031005072467775407	0.02066804411831815	-0.022115804437958353	0.0677925088453274	0.111554928658649	-0.08497065329985315	0.0749353007900737	0.047317795700689017	-0.021425745290087672	-0.0984561298672846	0.0028547604676275873	-0.03227827825337502	-0.04090503125592074	0.07557488052733236	0.030542013484091045	-0.08133916318785528	-0.020516274800318347	0.01330918011344226	0.009884613031358321	0.06426645211748684	0.021120229077457572	0.02611207897314642	0.05885938996840433	0.03938293775412562	-0.0034339713802928155	0.013411277601702886
-0.08107043942290733	-0.08141638766615028	-0.11054644600890667	-0.03497139865188176	0.03404611891061606	0.04002996074390736	-0.13234554769117662	-0.10116749702367546	0.04777541287023668	-0.035758627560545236	0.03439224674265112	-0.021223309998468887	0.021262809845988637	0.10485256338096093	-0.10283154834598397	-0.0044984643594302475	-0.0096713989446361	-0.03590518206840766	-0.10180523059928191	0.027683613423679358	-0.00303513098328919	-0.04441334276945959	0.027844171329879652	0.07040803005440344	-0.08148570935097325	-0.0519171239860435	0.03248596627045383	-0.033153205919649674	0.10353720445188104	0.003473550460082672	0.06823874552866538	0.008713754990863121	-0.0039497004439040286	-0.0274116679755773	0.017014077435289605
-0.08415533198109987	-0.08427306819891477	-0.09422633716021657	-0.03717011498925674	0.03962723663459513	0.03573778142781439	-0.15835479224189378	-0.09917850343103898	0.026247830904598524	-0.026616230868767875	0.06505886311218942	-0.026380464319030454	0.01555966449346652	0.004948964712676179	-0.0986004392169473	-0.022766768160550656	-0.04448538975435082	-0.05020059508206126	-0.07459856622530028	-0.009553178318271243	0.03711791563469781	-0.047034083038065	0.027828365291300526	0.13602035974161056	-0.10056473737917906	-0.030164834211868122	0.06076432765153454	-0.04795925470503348	0.11349137756889022	0.0407474149027928	0.02966092357030846	-0.013006824867386638	-0.04922535896661081	-0.06737349164204799	0.032110641084641706
-0.08293824585846211	-0.0845499197562328	-0.07494104455054701	-0.04165800348151596	0.025535133377793586	0.03122309180392907	-0.11178777851823503	-0.06240137918960943	0.021029101336954337	-0.0325977809359739	0.10581669140616731	-0.0506004237516895	0.029759583956241863	-0.057287766117917714	-0.08168079358438254	0.043533942826365	-0.04673718551709571	-0.09626362867448368	-0.043287488868358315	0.021489356975642238	0.011403705058691281	-0.0031476122091469542	-0.028021845343927695	0.08195385048288996	-0.08091222846658117	-0.020743977873270807	0.03559016494387365	-0.04634654676755129	0.10592077394296447	0.01833701691639943	0.01491676849654993	0.028233681641839925	-0.039017279487009206	-0.028964143393872877	0.07838747552528794
-0.07862832341073923	-0.09064879234307702	-0.0016189780277751267	-0.04289724051153147	0.034468735549226914	0.0062517630818223245	-0.07113170733870891	-0.04953109143295331	0.059054291741480996	-0.06785569347954497	0.035876863835161046	-0.034629888333870505	0.0702489277794163	-0.047410608623317876	-0.029937596748084352	0.09620450535219612	0.003053204328846716	-0.05180840636911113	-0.03655095934300729	0.007104443468821699	0.05140647537322833	-0.014799196923116768	-0.04319845476717245	0.10396438975236859	-0.07138639278100996	-0.016270288419142395	-0.03842068173282486	0.01532590571097359	0.12124776353056878	0.08307227335571161	-0.049123696229963314	0.09463521623870265	-0.05123480521100199	-0.014185781181950394	0.08604549878799397
-0.07734568868808693	-0.08588689799278364	0.024861997784749897	-0.034973113074445596	0.060826477179441854	-0.03152460603251513	-0.014600441529033671	-0.08399891070628505	0.016136959410587463	-0.024639431431034788	0.05763952818385676	-0.06429769352994309	-0.016972981897561898	0.10890447084415884	0.051933454810845964	-0.028166725439997365	0.15288268780168932	-0.052804604238079124	0.05021974614667124	-0.0013043145901201966	0.019415151718619524	0.022311709431743074	-0.030686652010920985	0.06550594728754278	0.007726569346036076	-0.11479850876948489	-0.03275763016120301	-0.08893024389702861	0.1582701921616638	0.06843801903396848	-0.11085007152950684	0.0489295478963071	0.007666481560929373	0.020125790395147246	0.1732663662893606
-0.07877444870233792	-0.1113449679831607	0.03359757484786032	-0.031940101663710224	0.06560967849502528	-0.04170948401806158	0.020033038449338646	-0.0636830554869197	0.08220333104179593	0.007822205481803528	0.0633441456419848	0.02466821131309568	0.02316055354442092	0.009800450857043399	-0.0041809234366195075	-0.014748093930688292	0.12299970025112143	-0.03164327123379055	-0.01662582332872294	0.10431980703290818	-0.0034513910714520438	0.11737334496148649	-0.07098868911474614	0.05624407900034413	0.08806473099566635	-0.028284165862094868	-0.06392098769899539	-0.09771588217116335	0.055475146803198545	0.036308729664678754	-0.03600530345819847	-0.09098094433485213	-0.0643854953811478	0.07072557192320883	0.12826408235702497
-0.0802212853469585	-0.12989806334388734	0.04765678727784775	-0.027460391234529837	0.025989872840521434	-0.05473533406662744	-0.04254913770599567	-0.05693129458536798	0.06499713905928489	-0.016523458693674328	-0.04081251761797794	0.07477390257115801	0.01634542518570437	-0.0877298747345397	-0.021307388329164956	0.004226563629865841	0.054969456467468626	-0.004994503399343611	-0.09517252127457734	0.09795553999163598	0.03496674650499296	0.11179210486846736	-0.044272024326318604	0.05151607188667425	0.17396813711155235	-0.006131274747042805	0.010740505728032063	-0.09017982149638974	-0.03167411456684713	-0.0025896587142518676	-0.07391329981294537	-0.04707589057370096	-0.0696337124033456	0.014252364490289743	-0.013716223672408608
-0.07527434018105447	-0.12885863535953532	0.0932553950474175	-0.028238041170123865	-0.01190687747059257	-0.0649793836077094	-0.03721580272405379	-0.03399452182974419	-0.03298943261490685	0.05040295193117414	0.0037605753815782308	0.022803550363499025	-0.0052595973141617595	-0.11590776403635164	0.013535263225234326	0.028038842711492207	0.08182166971573877	-0.027724437466083253	-0.08405756191671945	0.09412569783128331	-0.00010235223431730167	0.0613163247416635	-0.011464640986869685	-0.0094257333689523	0.17213537083213085	-0.05148417917287184	0.07107368026859107	-0.053469144984614206	-0.07372597039603623	-0.0072797885151712205	-0.08151658687012678	-0.031207135651943937	-0.007358774085597677	-0.015640717066199232	-0.03391146104030521
-0.07244541726810388	-0.11712396786715719	0.10560296755852887	-0.04297882641199084	-0.029030527543303274	-0.003760525365956545	0.08799717962777277	-0.028735808175925328	-0.008916745726860183	0.07296812858589088	0.03753018057340821	-0.028218192246757097	-0.03910650272162282	-0.028056041175522732	0.00548114900752066	0.13602942601104337	0.09230569176328686	-0.032561353061836294	-0.0913194707722643	0.06749284607908966	-0.050088467130671735	0.04964406529138698	0.021131320193257527	-0.0055187668625870274	0.1672374164544142	-0.002211562689370328	-0.01594773851732921	0.0050005908184668465	-0.07313339699317249	-0.005246405754895281	-0.08265316874053077	-0.01200644928386748	0.0292627418686748	0.02091547200063298	-0.03757587897849368
-0.07536043500015381	-0.11254270527360605	0.07366259242374125	-0.013570440833019106	-0.021516677108572618	0.003045056070728292	0.16345012419065197	-0.06207634544178778	0.12548366580503534	0.041727177472999644	-0.07926133911936789	-0.07091462938933417	-0.08656308639492498	0.06283033470745786	-0.0005962672937882237	0.012833707543682888	0.019546881087885926	-0.03011877250721159	-0.04207032841548493	0.04580921582739002	0.0033554578766736703	0.04835887025807012	-0.03027068932690847	-0.011999511794867732	0.18425199890852711	-0.008992468890986687	-0.08640316261813268	0.056526890739177264	-0.01772319516490875	-0.06466476081702024	-0.006481908474014746	-0.10871396033941186	0.009879859151540186	0.06130130172360556	0.0161737979230998
-0.07844179402625494	-0.10020223528071864	0.048363952679420605	0.04957268046073179	-0.0038622970933214346	-0.05738769299367406	0.04864099674632735	-0.03775153362523428	0.15841819015448658	-0.013683051699461133	-0.1159070904536968	-0.042316048462617176	-0.12607521232627822	0.05231093919478524	-0.04807362074166525	-0.04122464927466139	-0.039085476086686874	0.03671407180782258	0.041568428373728414	-0.005115156742949004	0.05370537042938353	-0.04633168062846904	-0.03082696526452354	0.015899030155048555	0.06756605950214636	0.012058260618097876	-0.05802160411374646	0.053939254570913156	-0.042515118313405306	-0.0004147893578593442	-0.04628007641305151	-0.13224651989804087	-0.03907890450032964	-0.09090861043209708	0.07173202757396366
-0.07897790549437027	-0.10205854990026277	0.01787665879906602	0.045459502594460896	0.023821189237717193	-0.09761244859065978	0.005131844722773052	-0.010569299547766562	0.0842447643165095	0.007710499110472313	0.023690251075936346	-0.10825880610575374	-0.11530073782567367	-0.054071162747508596	0.024338994976072607	-0.08827462516643328	-0.006346869680104165	-0.03909049727233363	0.07316209448230745	-0.07583051654429904	0.004981001509731948	-0.007012415327508455	0.04910944330559043	-0.06428631890560246	0.022814199286092594	-0.0513799616403051	0.037416722356161565	-0.02633094778490291	-0.01581143233958075	-0.021392486658804888	-0.1202037033314825	-0.1132866658277117	0.017811494474363268	-0.05386455155911486	-0.06437015619654028
-0.07654314535546075	-0.09226775006241973	-0.02053759434175907	0.034819945780589584	0.024943724361512206	-0.07700732980956135	0.11095399131750959	0.008589766228599405	0.04894950618930332	-0.01826018156748863	0.06022198072649668	-0.08337092878959367	-0.00591714344285178	-0.08330052962128663	0.008712639159942661	0.016026851991203624	-0.022046013959102755	-0.009420795074066755	0.018360681133290164	-0.04321916403848022	-0.08313476031950673	0.048808872625024605	0.0380758368667171	-0.09571138688769759	-0.023241630942586047	0.015598546764434514	-0.11826337738494472	-0.033045474045988864	0.007532547181412018	-0.11904624514156092	-0.007744272295854102	-0.08371915819737386	0.015838301953330428	-0.0028596746617657737	0.02510842504431985
-0.08316574448971743	-0.09070691709971528	-0.03831027304997903	0.0639423718219105	0.02910885029207424	-0.09156816562434543	0.056641241821537076	0.01741128285029558	0.0759483819832228	-0.056530287313402455	-0.04783341304191877	-0.055778783024960844	-0.01627195494396317	0.018257077800052094	0.025370336072818273	0.06002624792227194	-0.010773308171071508	0.05392105525958717	-0.033705027827973216	-0.043476652811856135	-0.03771072339244923	-0.05478613748995398	0.0771131863171782	-0.06043650958967908	-0.00821212548750394	0.022670745190795417	-0.10531881920810453	0.033529833185330954	-0.046289821104379895	-0.05684061760774207	0.02936420372206794	-0.025309265217248463	0.08159971602303817	-0.033218444553649765	-0.05890718265291414
-0.08531056088934884	-0.09852615775127689	-0.049579216317602655	0.0889005130375914	0.03940487408837197	-0.11067219913499976	-0.013869678855717587	0.022385261271793425	0.029888404122864847	0.04517902878276673	0.049749204810715486	-0.043872621193825255	-0.054933844357489256	0.09826552714340091	0.08077011427188416	-0.08027811954545679	0.03770362604329308	0.07454545246057787	0.01794602076959187	0.06418756084506747	-0.022767382166596167	-0.030094018405436778	0.03423220118461207	-0.04613608511675028	0.05339648871937448	-0.05367898149873965	-0.05897492451198609	-0.042100509695044266	-0.012712290754845732	0.06326749821102987	0.06612970124761408	-0.09013398035998033	0.10102467161804343	0.0033225165212096286	-0.04192725802152751
-0.08593629300978187	-0.10786894370818817	0.01120093579529117	0.08300316946014957	0.004398646683154942	-0.08426162287729906	-0.014752357632223084	0.03114938721577933	0.07763448482385214	0.067820877410349	0.08757477023290666	0.01277333180775962	0.0747656431232383	-0.012296976774097225	-0.010215107322454516	-0.037456758925621246	-0.028133284649580554	0.090106959995874	0.010498122213205096	0.13449011722860488	0.015196298165135673	0.04749424589794893	-0.06206826140624353	-0.014645612410115735	0.006628166231143991	0.03335006640540549	-0.052895296185857366	-0.04853018241221242	0.027237991236204004	0.018220618950206078	0.04321229740123877	-0.12395455551141468	-0.03620745673343124	-0.03788682870560014	-0.016450024071088958
-0.08067136410297449	-0.07880246925222774	0.08850191189616188	0.08879034026455755	-0.024113408497657696	-0.04625198112799824	-0.04522343369836617	0.009599789323279987	0.08544754446484987	-0.01166904414532603	0.03925752262160231	0.07076278185033197	0.12400259359684888	-0.030836341844991115	-0.04637241515235357	-0.027719415591722196	-0.04972224679420862	0.04057568982131195	-0.020429963152129485	0.06649114091449068	0.08001131876870765	-0.04731722815856863	-0.08008301864053236	-0.029922061400848902	-0.029492132744276256	0.06938636503622655	-0.0026714682614359915	0.029622021505915808	0.05815064593045034	0.012251785089610556	-0.00968042478181919	-0.06494680485181095	-0.03563846322293636	-0.08023894455467093	-0.049034627636627255
-0.07997953826141115	-0.03616905181837213	0.1244896350481577	0.1012169449417691	-0.008189356622168121	-0.01744079957771331	-0.08234775703088505	-0.026114543134509154	0.019554991426430992	-0.03614206461294597	0.0666645175428416	0.045590142813181356	0.13662454794640033	0.008484007665469934	-0.019015478506378837	0.02963274905774967	-0.044524179574206256	0.0054683419986479125	-0.10516304253366036	-0.06996841827096137	0.08074923184777036	-0.05428774630533653	0.01200886227092288	-0.004785260711681293	0.054057324462825476	0.043703025929810166	-0.023123903686701315	0.06364713988189385	0.03936086527997367	-0.02753882901748648	-0.039255399930352305	0.06468213297072557	0.0003177689184880022	-0.025928699926864744	-0.07575001222147197
-0.07867558933281027	-0.031651066748145114	0.12788592019837125	0.08567737540048014	-0.027429641140083727	0.01663722119065524	-0.06860837806141647	-0.05244032149064495	-0.02427615206831234	0.03056165715142952	0.11754107047340229	-0.009405847185723404	0.0642029773304319	0.10519430172371813	-0.0010816729564110039	-0.020282007808664775	-0.029516090597707705	0.005389448173891129	-0.15071003749200784	-0.07785556450439725	0.05939882872294318	-0.02592790080823333	0.03542284766952414	0.012327739739348652	0.06661475496928655	0.04794900996403411	-0.08614889593105762	0.05369077568249908	-0.0359676008517239	-0.03350362966956627	-0.02531969535822224	0.12348637551497806	0.04933663551334813	-0.032706638172318725	-0.10156502881378315
-0.0767921427143342	-0.03697720829995571	0.11781022523507749	0.07981392846626104	-0.05798099345533971	0.06497901625005655	0.00829238147791131	-0.0788916719101226	0.007114806007212552	0.07022351582480703	0.11591377577738231	0.016462729198081078	0.006496716462650641	0.12058306161971814	-0.003473300689443508	-0.08429099062242108	-0.0423563941619714	-0.05529454104069158	-0.14795078696530237	-0.02859579578922293	0.0731291683609818	-0.052797410001609306	-0.0412787305134779	0.06857538550011724	-0.031347768369540466	0.04590695412245235	-0.03061540841161246	0.01943120445154274	-0.08935013924309188	-0.0461903375910536	0.0646940992531674	0.057772268754188214	0.03671351361952649	-0.03181634886336361	-0.011771323932769168
-0.07900069362940437	-0.04805750181076212	0.09537978740163036	0.09154750639352563	-0.05290659718998738	0.0738185446549535	0.053889434975806866	-0.07784976608978246	0.08344327367219774	0.07348765711128044	0.06850979554173066	0.03731439077094676	0.01701972492336688	0.018305639528584938	0.02998834801765717	-0.09976923376735737	-0.05115294919846018	-0.0653319521450125	-0.13498854090774287	-0.0914053165460384	0.08043441796926222	-0.03593618658271815	-0.07476410840884316	0.10010189578861628	0.027355257890445822	0.030157535511578955	0.006230710913794738	0.02630508808813286	-0.04568935321106625	-0.05042525256614348	-0.025805085358804988	-0.049708476591632834	-0.03126595639804821	-0.0920701820194172	-0.03956716025964857
-0.05790181638130681	-0.009702174469951185	0.05373042152058444	0.12257665886254811	-0.044831970280874274	0.049959716010929536	0.14244362970151267	-0.06483328489688558	0.004770742291525169	0.0014064305240229905	0.016297211413419787	0.18553859626155556	-0.013528784607603176	0.08850782087869953	0.08469422382719968	-0.3812947162095399	-0.08301587297195422	-0.2649805542584323	0.08070968694866552	0.23627413619010992	0.2654015254646763	-0.021596677659777453	0.09398939971099526	-0.25131092400133215	-0.17267562571622247	-0.25953461491532454	0.21298763355511727	0.06011665971423634	-0.09486306753312615	-0.013652220716090638	-0.15358283063484168	0.05551130047909093	0.2174375006328647	0.055129857974881014	0.04664940934934203
-0.04508620124202446	0.035397557148598754	0.05172630197130032	0.11221895889978484	-0.015886151493876274	-0.0010265036927129395	0.10388317412487068	0.0052034080337509505	-0.1022667997108871	-0.07010331493518772	-0.030913284290847293	0.18571007132365916	0.09124851912778789	-0.04442490469448172	0.05174155160094555	0.13410404418009195	-0.021022688983005442	-0.06249215084167214	0.02610030233814803	-0.15739992064756955	0.017184363490896273	0.025066284683968636	-0.05432580227788534	0.176879497151786	0.08783708218196981	-0.08830832557674184	0.02536111938241011	-0.04296672772762995	-0.018927340493817627	-0.11450410063336762	-0.0050125429256787785	-0.05616068536567603	0.20403370322714398	-0.13847666327303304	-0.027112160005064077
-0.05511722003162122	0.021284295733072386	-0.007283583145713832	0.11397517734688646	-0.0186761225878405	-0.047359592542387335	0.1394334665398744	0.027276136261219608	-0.17429241102885	-0.04308160445315733	-0.004724660312967221	0.11744199855395528	0.011325601388012405	0.09020382105004325	-0.020517310898032524	0.028094223624174162	0.0633766779428396	0.09038607758527045	0.04430675630261875	-0.1641597818588384	-0.0895806289826706	-0.0016348688594125943	-0.02360242131296529	0.227298190376357	0.18121808807899561	0.03512516224235599	-0.055825617030341224	-0.062373340555720955	0.12293378609233904	0.015461137090498593	-0.00871815623462651	-0.014536504580056356	0.12861462445403932	-0.06455274421428907	0.0026554064869178037
-0.06809584693553837	-0.04800917713821382	-0.05743770241170007	0.05167336044716526	-0.03217075134563011	-0.04997632908373582	0.2364627825343217	0.03948851205556846	-0.27569675175215286	-0.02552901624148502	0.05881948129005298	-0.033486892711488574	0.06587780256790375	-0.13013340418334723	-0.038669480461522895	-0.12034099906379432	-0.07100593286631847	0.04283534639465664	0.12750702015926185	-0.0008580522293615972	0.022306449710814164	0.017896873815314525	0.11782529201757048	0.1492759574756025	0.08118532319853607	-0.08824205367236569	0.11104990359825007	-0.07099004028449946	-0.13419946055587623	0.1468048685960418	0.01862017610287916	-0.04960729624517596	-0.09257602238372611	-0.008477294132337922	0.06174812716388389
-0.07192773667105017	0.0005037817998096307	-0.05321928656057819	0.03890048205849291	0.02543153389621958	0.03662120759855661	0.3267067117407463	-0.028934576556631682	-0.2926995100510922	-0.14846003473199923	0.03870863585031941	-0.02671079496394637	0.09610484383602799	0.10123736727769425	-0.12318232177360941	-0.043194416651641	-0.10770213365795774	0.09085640261745483	0.09750035510143484	0.19784881481257635	-0.04893161846099256	-0.10081803524080904	0.19507718472464577	0.03132833816476592	0.010766398783358187	-0.049515987807509515	-0.02337705877005382	0.18880089823259577	0.010463456819101644	0.07965932831892641	-0.11169003831593005	-0.11468153024097737	-0.1662207077354041	0.04464029303905845	-0.1405366138313856
