pca_00	pca_01	pca_02	pca_03	pca_04	pca_05	pca_06	pca_07	pca_08	pca_09	pca_10	pca_11	pca_12	pca_13	pca_14	pca_15	pca_16	pca_17	pca_18	pca_19	pca_20	pca_21	pca_22	pca_23	pca_24	pca_25	pca_26	pca_27	pca_28	pca_29	pca_30	pca_31	pca_32	pca_33	pca_34
0.008381330523469588	-0.06927830031222906	0.0896844006237412	-0.007656629876594843	0.007885474574759414	-0.002448582600266371	0.01425421977558368	0.036289475134315886	0.002600082526337116	-0.01908010874024211	0.0021730449712708223	0.14168046734020878	-0.09553420792984114	0.18746774553946818	0.046303157221272755	-0.008647622995249718	-0.0017391272549812365	0.06547264148527479	0.10680625431282899	0.06560021432718703	0.036725902275420795	-0.014904116649720375	0.028079397677195986	0.056233510251434055	-0.0694449061001223	-0.022587077392238027	0.01426915101711318	-0.06456712372290933	-0.11890589942844652	-0.03656667713396885	0.059080416096744436	0.04494770118535848	-0.18142614997237358	-0.05764221567195133	0.0006333769729029367
0.00688099578364873	-0.06885112096373158	0.0870596943168771	-0.012090843953114116	-0.00764361827393741	-0.010199758937899456	-0.0626619188836133	0.011104306778857105	-0.03688786901697479	-0.061436903333648256	-0.0008998484754768463	0.12331236227691596	-0.13822637989505926	0.1834582317675637	-0.024052905111169684	0.015518999149736902	-0.0410768557105883	0.04819302825125881	0.04495334517780421	0.06443882514532205	0.01610709389512708	-0.002806029893199234	0.00033703781173645463	0.009014856827328674	-0.024893470109764254	-0.001174159801332061	0.010447979125878897	-0.06739567500072531	-0.10041197247045942	-0.08882719966324193	0.11922024330369228	-0.014475446071268154	-0.15289083645000315	0.05253417892016545	-0.03186083356037009
-0.000670899436463479	-0.07297378313925951	0.0859677696498341	-0.03639708529268038	-0.05199837326213542	-0.002315351902653506	-0.08972853263840197	-0.02706802436456962	-0.05328392642021588	-0.04416034139759943	0.007415014286311533	0.0645788342081926	-0.08912376574677763	0.1510448670421939	-0.0072190561846763035	0.030520944070388648	-0.05957975398879386	-0.04497961308299632	-0.030873332568038883	0.05199943467538314	0.0004776631574983474	-0.07310683389659675	-0.06662487510041097	-0.08272201273133614	-0.04513476148264668	0.011133020591224126	-0.05624913909117665	-0.007830181473114393	-0.03622463012122639	-0.03600281706233481	0.14258348395455273	0.060008539548278984	-0.03122569871884666	0.10182473762767535	-0.017499236480419216
0.004640702765141613	-0.07234070950144111	0.0985794369883539	-0.015399829372306242	-0.06425332894588906	-0.003424917881900004	-0.08480942398612934	-0.032595571584084715	-0.053807861798824595	0.002729871157709618	-0.02235707933165279	0.014168143090813878	-0.07622755637879236	0.13431654999468468	0.014977951297791073	0.08476398723282967	-0.06917582799959392	-0.020212391787127845	-0.05135385827542628	0.07592858540336396	-0.020103744838949035	-0.05677120253935071	-0.0836800599169693	-0.07153826341770023	-0.06467489833806028	-0.01634017146489298	-0.05558510358826573	0.01829170807249878	-0.00527179555690227	-0.056057304988927546	0.10051083412588208	0.031075200935665893	0.04408583889537088	-0.017496007277165902	-0.04709827194155368
0.005868816603650073	-0.07671576701507343	0.09981252899542259	0.010927352292378014	-0.046595038448152645	-0.010115240845943405	-0.04543254315013763	-0.003579802493041906	-0.022731366034718172	0.0025230596900348706	-0.04275407105125981	-0.008728869667347039	-0.1053182320289251	0.1043859285226458	0.012864429554393715	0.0344686971980468	-0.0682357298131958	0.08960055302585929	-0.0695827122765635	0.09832929603298998	-0.05978390047419878	-0.03536856783227851	-0.08526650883313705	-0.038732453411377064	0.00764222993274527	-0.044354284564013656	-0.06650508441209614	-0.015930196206496352	0.12326266898856458	-0.03818560850893618	0.07775952287831914	-0.0942943824752281	0.06036912416643985	-0.0399991993958763	-0.007952373365877088
0.002765365693967674	-0.07790732389823707	0.10008160134945993	0.010066018352006656	-0.04920758522368465	-0.01643150641434772	-0.05167302872052015	0.0026696872357951373	-0.01576277411650054	-0.00984749606835611	-0.03632804357337166	-0.011120362143655138	-0.10892354104521812	0.08163167649719218	0.013809106155219675	0.02787944383009369	-0.09411310282990937	0.09972688523254998	-0.09737069968560391	0.06079460231171986	-0.028926747352217848	-0.04122284584268423	-0.06027008090272281	-0.023597837733261184	0.00894220209610369	-0.03148165322771414	-0.0788471744527461	-0.03250997010897956	0.08714726367078687	-0.040604403721841445	0.10476512895870337	-0.06051179191928779	0.043679535094817534	0.01816927279026432	0.0007682782093786496
0.0026870004663261233	-0.07973749320806936	0.09865742899101931	0.01886783993158836	-0.05515272500870838	-0.014920949572469602	-0.030314574583538006	-0.011043161160138204	0.003222144648939671	0.0020107606959253455	-0.05884680675286691	-0.005164698380241528	-0.13880193974146016	0.10245089123364517	-0.008420891165389612	0.047161591361078656	-0.05886703827876499	0.07198170936251039	-0.09692928644936431	0.06222789088956465	0.018783488239281824	-0.03992331704658651	-0.056578163743121135	-0.04042104073202603	-0.0059655570243069165	-0.015060930225508393	-0.092168549467674	0.02925158252723186	0.020003053497362866	-0.04592951377412421	0.06529390613011904	0.0036035983001374908	0.0825753205082729	-0.037165505032054194	-0.014522624324333726
0.010455131346983811	-0.07803244504655865	0.09704831734603254	0.06253226633992304	-0.02464087388101166	-0.002928650967431324	-0.010125812152746924	-0.013518343689554069	0.035199246755745255	0.043015929488170526	-0.11375350438395475	-0.0008959372065387994	-0.11892922632497012	0.12885635679921645	-0.017493731488885507	0.06316688636473454	-0.0031096238558722357	0.07372921453144352	-0.05966122970360574	-0.0093224113642483	0.03260888111014432	0.0009344548974593685	0.02794917770784685	-0.03383868389112012	0.0035419458156792927	0.0011601782382965678	-0.011298286441651054	0.07136977337255536	-0.06667468398028654	-0.030086051315305014	-0.03746637585897398	0.06533489035966078	0.10946993032145147	-0.03281047975874446	-0.09260246976097838
0.005412862361427404	-0.08364243403855025	0.09630578314637747	0.053513904576040994	-0.03521772291172679	0.005830627668877757	0.06636614631108737	-0.00044092376004989386	0.067589721104127	0.08476384429257061	-0.08245777967500462	-0.04191911397544218	-0.08338498128895307	0.07420809751104093	0.01885171300880903	0.013054784568256754	-0.023919144382162902	0.07857255949108403	-0.04525614077120102	0.0316224684416245	-0.040664937769970814	-0.11575528291963337	-0.023569493715882715	-0.07983453985148367	-0.09240629742972956	-0.03980129368842152	-0.06298435864717922	-0.04203713004838161	-0.046974407956161895	0.01174936249696193	-0.02346041174499037	-0.033478143253311415	0.056748494928671095	-0.06813133270261001	-0.12505413783391608
0.007787591721695347	-0.08070604769168392	0.0985516109041227	0.04483922589804418	-0.024857126144533503	-0.015655881252281734	0.07980095325850997	0.0362265166483939	0.08254942742109035	0.01482361643842145	-0.031461516253162444	-0.004994437025223564	-0.10065273928901312	0.03081314651669309	-0.009320606877038382	-0.050819046890971394	-0.06833622789194152	0.09712489402328339	-0.06829492107948748	0.04643704318088679	-0.027694298209711213	-0.11720770252522286	-0.06616873051167146	0.029418924834637622	-0.05531712799270637	-0.013449182906314633	-0.04306396261288206	-0.07924695238683616	0.038606528689361506	-0.013329014591369733	-0.06749381028075785	-0.08109252816704583	-0.001159778388433036	-0.06337521067189866	-0.02163166720107809
0.006092681809959895	-0.07986841353020704	0.09774798809427462	0.050318861698643025	-0.03911012847788897	-0.025564019195199697	0.024093765010661572	0.013923176525982295	0.060852836760248746	0.009610036319989648	-0.04519655630806252	0.00322453516438187	-0.10058807088344332	-0.006881474892981198	-0.022360783272841255	-0.05087372390530519	-0.05864253185924348	0.06508021109933049	-0.12358326352840712	0.05008582607775114	0.06227460469013785	-0.09175012792728378	-0.053961013811304845	0.015501941192544957	-0.12168915396791005	-0.03584265063383479	-0.03212986501057741	-0.06420663294165149	-0.026672034149422263	-0.026079325343156528	-0.059869467436063376	-0.06627824113108452	-0.035360019886183786	0.05000223845137905	-0.006054254724016469
0.0039032418755242156	-0.07810204736203803	0.09930951797072311	0.01319869400762301	-0.045560577580697786	-0.016893404248182337	-0.007578196865334147	0.01433979647560546	0.015194396816216739	0.039067713977101015	-0.008942416882727462	-0.0002123715268114723	-0.048140100631687055	0.022104501559884138	0.03946154142995634	0.005013162261547424	-0.06860977673679855	0.01812737830092321	-0.14401806205114348	0.0034158083663665684	0.07591963185855767	-0.15193738409750668	-0.04651099842621492	-0.07384812748666614	-0.15338072833997146	-0.00893487584658341	-0.036246223860558396	0.014342526236118563	-0.017734933519343465	0.025714471370136542	-0.03776194626022367	-0.03249052054450624	0.036444055848074974	0.04550976001180338	0.057574638794806954
0.002393136367966174	-0.0768179473341971	0.1007135968955459	-0.0025251431824178834	-0.04595587587303547	-0.018152021472305713	-0.01351395969973719	0.016971403023152823	0.00330870419843228	0.022169464549429363	0.029875752794238906	0.0064579604572390994	-0.046784657130905474	0.03215581483010603	0.030937361151390758	-0.005864059715298266	-0.07152634715260417	-0.012800118439979163	-0.1252305533038796	-0.009976031706188465	0.062354178115652706	-0.1346985513834842	-0.022927976117562057	-0.0587805191922295	-0.1568689139828035	-9.915407470240112e-05	-0.020123015684651767	0.030024785958634115	-0.01902263934963258	0.013818741875929894	-0.05706351242092089	-0.016043880729965564	0.08140051761179089	-0.013312307443392159	0.09592775553311751
0.002176267892275473	-0.07734265906949833	0.10252430368134384	-0.008895722702577928	-0.049087000396041164	-0.01523587867113052	-0.035350318641030935	0.012675335660450718	-0.017488226709937597	0.010158675523161666	0.017317530741863818	0.00789152703785062	-0.03584866844535724	0.06726621412704714	0.026338201769913284	0.012528974526781336	-0.07182449750725281	-0.03843775477148465	-0.12868275067271873	-0.06382698932228532	0.08278285521825397	-0.09072372321944257	-0.04441077272686816	-0.00785084515852802	-0.09313529262069804	0.010403663074402394	0.002450904743291833	0.009432053778253716	-0.0021083759752756545	-0.04745838723174893	-0.0964562518312468	-0.037627702520350664	0.07648494475048201	-0.04873660598786402	0.07536956856131549
0.0064126048294030945	-0.07555461285939181	0.10085707385891791	0.020129343603795587	-0.023288532799171036	-0.019689585551577127	-0.0382787196146372	0.026542670149001343	-0.0036697537146225256	0.027055740634201908	-0.025877393016762014	0.03908068532541337	-0.016172921441329605	0.014588954245567082	0.03571908796021017	0.05460347673060016	-0.001066928152786033	-0.0194569882075281	-0.05654755404539092	-0.0786367936578514	0.0031523978527796537	0.039438000766300135	0.006755354578334455	0.09315237411311786	-0.03116370016935474	0.024571861485200318	0.13795219037510495	0.027496455159601946	-0.0053927662535223075	0.018964947859266744	-0.15602696949650147	-0.022704358805589724	0.027451281701566993	-0.0002966109146911519	-0.04831515020539105
0.00852914350694742	-0.07265048354215028	0.10687393625321662	-0.00430087118313096	-0.020755998630102766	-0.019710091347674263	-0.04576387621781028	0.03875490406738535	-0.03653797367538142	0.029208914064977942	0.0168940149989712	0.0421274559359035	0.007085563575095516	0.002441563584362816	0.10354394380423865	0.0495526204888288	-0.0478013129064997	0.03883399372302421	-0.012995636637328445	-0.027656473563593964	-0.024133368902537852	0.027808391142567057	0.04380628512544379	0.06780070478202167	-0.03566077925801189	-0.03934159841810978	0.10833507712038688	0.06500816779167404	0.10038843718904977	0.10837309041007837	-0.16182143791356707	-0.03420198777491425	-0.025836246562794603	-0.029067222620769967	-0.021179475636021003
0.0066977550539856785	-0.07364310191519839	0.10459067965543953	0.0021481398863389374	-0.02246173287302345	-0.011851879804279014	-0.04471035936362766	0.03167977227181712	-0.033879129748493164	-0.0225883652534951	0.022434591502628172	0.01958697234271775	0.02330297339071749	0.0075295357134144494	0.04661438117527654	-0.0038151628114605415	-0.07136991655102194	0.04750692384888311	-0.008699166877697694	-0.016805511140307566	-0.0657382430585724	0.057914172656501915	0.015613650963114581	0.10884907676162861	0.1101310112092111	-0.029526097463142248	0.12108333548089804	0.030764665926831927	0.12486672738152094	0.009986790130973908	-0.11866517231026992	-0.04646193148200556	0.02339026396993857	-0.08615769628865752	0.06486244981894045
0.009027106348300474	-0.07602130944409673	0.0993322641319134	0.019099589475290255	-0.035112833040385504	-0.021170905360011066	-0.08279380998242336	0.01813761039496109	-0.022204621136738455	-0.04876394264062256	-0.015150520192185078	0.020363074531364045	0.002415020926868988	-0.017193321428862096	0.024836774261511305	-0.007169358375204465	-0.08103064587051866	0.07267743719707409	-0.006549645851519098	-0.04138773377454019	-0.039269174841449594	0.08395441806111911	0.07232439595059192	0.1255084420219262	0.10129617264298196	-0.011556531985900675	0.0851528313893087	-0.02459216036461731	0.11839473898432376	-0.006977068944426085	-0.05159249957269428	0.005819806077045735	-0.040742503332743346	-0.06295922646777291	-0.0005585864891912515
0.0102279314758278	-0.07358317485852925	0.09601677195745152	0.030012201709731467	-0.01746613081551633	-0.0007117871833120203	-0.10061164683787074	-0.009991002845950891	-0.039192490315814454	0.0035973424877690924	-0.06359657431715751	0.01864864486148532	0.06274825814622087	-0.02116984070642456	0.04854365313349385	0.04005802911043334	-0.00018725756048690485	0.09647648129938677	0.06252814880802793	-0.05054478269865181	-0.06941309911329387	0.08596746265936528	0.010596283445525767	0.12580243902451382	0.07857201056755526	-0.04035509939522995	0.060820058975266614	0.05325699931629213	0.12347385027246828	0.04851441815098183	-0.08121059716455226	0.09213731969623408	-0.08795653212921252	-0.01808310663965424	-0.015813513270108413
0.01334122140298373	-0.07290694666885038	0.10085714984247889	0.0355532411585806	-0.002160628747534515	-0.0026093783481822906	-0.051219679269833784	0.004871450656291146	-0.008096750348212778	-0.0027599132124385417	-0.028623762998726807	0.025966221680088965	0.08254094233388992	0.007258210317155567	0.039403747417189085	-0.007354960345804809	0.03216796657344499	0.10750559235257305	0.12494872942939864	-0.03528539884087403	-0.020423140464006867	0.043036340265546195	-0.04459466415225425	0.17795592030727864	-0.02701730831299559	-0.024049093454535375	-0.0069448386966631005	-0.01636516184592457	0.02830811635639041	-0.028616346261546577	-0.13115378825397522	0.11475583959638744	-0.01825391930122726	-0.10992095887716638	-0.057465458524899656
0.010944681269209722	-0.07474005433409912	0.09853665669081813	0.04086584084029963	-0.010371548310548338	-0.021775543059912236	-0.06280708683817883	-0.009822926893180359	-0.009963594110675156	-0.03666723342843549	-0.07920566005462865	0.04652294855037062	0.033771921538416905	-0.015049109213876428	0.009641435416364696	-0.05515837356557854	-0.0029329858313041374	0.12078911938149492	0.09548131601711661	-0.026518471650212802	0.050651143331529404	0.03409769684020963	-0.039111831070098003	0.15093777774558184	0.023930199939884406	0.031530182285751746	0.07603179238935309	-0.04770282971177284	-0.02094805960167681	-0.08974483224458081	-0.15644413318283124	0.02280449258335221	-0.034264389806875475	-0.050628260309725254	-0.08506489366592608
0.008825100815842087	-0.06949732866210902	0.08680657318726578	0.04672881664225939	-0.011939188032298252	-0.012902759347198055	-0.07137312294663219	-0.03877982068079351	-0.011628912594654872	-0.019611865766622313	-0.11263022919763171	0.03343984544129648	0.06846309218732805	-0.03222187810425384	0.011341714617871994	-0.027333692230736256	0.03861741817360114	0.10331172694247365	0.15300426521185784	-0.043886186536411964	-0.008626650202197023	0.032649315403327286	-0.010666130956231125	0.07328293106900413	0.039560976324167024	0.0503371355431889	0.12449399785944822	0.02754841225415701	-0.08332297843294434	-0.03182042340876258	-0.06375665790012734	-0.0072336645743370925	-0.051270388855483684	0.056622087159380025	-0.11722694121466078
0.012805693775766055	-0.06728579732745711	0.09185112618150504	0.01687633706595886	0.0033021119986176507	0.005172919302356962	-0.021228259936443544	0.006142698599601704	-0.0032353789358521984	0.03036123579432392	-0.0314948318082533	0.05007872730717868	0.08501462393636638	0.08205327012433491	0.04789146162715063	0.043100407803205246	0.07530097111952583	0.02876806275204412	0.21639242344602005	-0.09341210267133193	-0.02450809591349986	-0.020909765262871374	0.06420053989798652	0.011075177853244772	-0.05771905802656006	0.05430592769324959	0.11150112546757938	0.08186353896483071	-0.007076248972427007	0.09887847446830288	-0.025805971807868186	-0.016732377288407936	-0.05993255089680237	0.05521280184748249	-0.06853132155203273
0.007490961744504578	-0.07026806657302118	0.08847592764389216	-0.01698717803320614	-0.01276108304827973	-0.008332912648398881	-0.0015308977995876997	0.023051209633300783	0.01687246075720169	-0.04176843214375165	0.05433089812796488	0.06438649852705133	-0.0012502644988015288	0.12122955935038271	-0.027230796244366612	-0.020248931442674284	0.00900836865323825	0.00393806994785284	0.16533672718614414	-0.018828876918772414	-0.061495452407745205	-0.03826859392572807	0.057385617185182654	-0.029938009781751485	0.02534626806646187	0.04048878245387281	0.014920203194970331	0.00046776294219008554	0.022259052528401005	0.05651166051028369	0.011749061934694813	0.010608212659092613	-0.008873507626230862	0.0052619063593628106	0.07372723857923696
0.007324091354016725	-0.07200331146094176	0.08561711667041529	-0.0006011911668135825	-0.025169886958735836	-0.0008711626173461928	-0.06582946293430247	-0.005344882793207836	-0.017498968662299462	-0.07885665127698764	0.01175656441621653	0.060917463276637024	-0.033286481450707506	0.12786500072839824	-0.07588230514034294	-0.02771127788131182	-0.017968006551406006	0.009644294470568707	0.07509284934251248	-0.0956489464172086	-0.028892853991752093	0.022439822140509408	0.10502769994392032	0.018042093771215018	0.09784513255269375	-0.0013255072024755815	0.03088189869234153	-0.07244092523217019	-0.01941784275155116	-0.013407881949633632	0.0529398813760692	0.10452457854059843	-0.03530446983214361	0.040474931748739396	0.0722557703683863
0.009124608810387853	-0.06948511410984079	0.08857814336052441	0.011049589397573296	-0.03976079063809724	0.0015276988180170862	-0.08399874881988721	-0.013283789394814591	-0.027148391763782257	-0.017424386960820347	-0.02245058306616217	0.020222332466322896	0.01603969798782004	0.1086090444494013	-0.019955142044531693	0.06336470865851973	-0.016601187489703895	-0.044186739356208815	0.07396061333902063	-0.1634452977725027	-0.04034215972032311	0.04809209215245321	0.09952845024761658	0.022727435391885764	0.1023588686672352	0.026662551589322625	0.0819585914849538	-0.034498314677809755	-0.0671876516573047	-0.0031119746808493873	0.10421974795585842	0.1190648702471094	0.0024764364246427084	0.04055779170527259	0.05610577640985745
0.009829778623318332	-0.06906124614357852	0.08921290953481374	0.020842863847188035	-0.021526485307200454	8.460408908941379e-05	-0.027971198838140168	0.014690204853897156	0.014490904599070743	0.0230088360917596	-0.014780226602267178	0.015629551913181695	0.022648602145304855	0.06640381451174178	0.01521701720114077	0.05989989719934431	-0.008389555018993657	-0.012320259869891603	0.02720163511888818	-0.1410726330939145	-0.030634377918331887	0.008148730996656486	0.09907904142183488	0.007024881715556458	0.04659410168525702	0.07489292955487431	0.09564346764035725	0.018336711292636365	-0.08586835345035354	0.045574319165855366	0.04049506344726336	0.15545684864465487	0.05902105662247881	0.04521299302318828	0.05105613581039817
0.0065109134208212885	-0.06651521502275806	0.08984669822723752	0.006982692141672903	-0.019602160858247255	-0.02085568772508466	-0.017675846471930767	0.018249919427766395	0.010341138130511653	0.025020050798399845	0.0017740046104964572	0.021399497166539723	0.013741048916423568	-0.003658394934882934	0.05480536061336411	0.042086948270034674	-0.03404284318327553	-0.0014844606605500799	-0.017857444961137003	-0.13002611522595625	0.0036539320737469794	-0.015440304272120328	0.09542443296590758	-0.016810498459591344	-0.010846768544995805	0.034877725766940364	0.08469614218177968	0.02719734241382754	-0.13327396371842898	0.027547791783992238	0.008037016759600921	0.05303876435241784	0.045993835870655336	0.0779210664258527	0.08592433217108628
0.009494173995884682	-0.06673105700399128	0.08257719104932709	0.002232333492995342	-0.008813143690971888	-0.042045960407651045	-0.015841658197340572	0.03262128479125284	0.00595831842770887	0.018967403472732645	0.02972654627230254	0.029247437743698233	0.02098236314876762	-0.0996688897850674	0.07980837043871862	0.025779849561332224	0.0030710693849899523	0.031485260757777425	0.01641412159053489	-0.044605267567485896	-0.05604251790244669	0.015037285290033231	0.02712770881584281	0.004431388873883224	0.02080047457069728	0.034586547487798214	0.13904930595136597	0.040660633361142035	-0.049962555047625146	0.047254175181371046	-0.08804384689786252	-0.1554999866995651	-0.05016006742303204	0.07336005902537306	0.030935069746465493
0.009403292636651866	-0.06385715967498604	0.08763257409988341	-0.003817948747003615	0.0031318886898976384	-0.045740001482080794	-0.028746900275559886	0.04401440362860261	-0.007040301110335242	-0.0027783912293690557	0.03605815786684464	0.04518710441217194	0.027752610704816088	-0.10535075414372537	0.06098449725034302	0.0023863061425950516	0.015761562048268993	0.0449250028513766	0.04009787514838414	0.025535058902293382	-0.027558299663499666	0.008324286199128283	0.002543976114586073	-0.001989782957984753	0.048827189839081214	0.013743253082664327	0.09906673214057059	0.14421690553385003	0.03848815003245651	0.021837367530241687	-0.006822605285010268	-0.07944471165144691	-0.045272641235721583	0.004160021300746289	0.11223378789156857
0.0102955140748288	-0.06572260831610655	0.0880640567173926	0.03672078459910677	-0.016157898279334827	-0.03730952574853046	-0.04432254310467374	-0.02325657706694048	0.016256414892221797	-0.005654524210359778	-0.04856846419163993	0.00031385388106873826	0.01172774816951629	-0.11928412343800747	-0.014195955439929887	-0.014733789485919968	0.03467951643243883	0.015220002578947345	0.04565096406495661	0.03276269434068413	0.0014744933814496847	0.07150981995012536	-0.01685410943867713	7.295651966182648e-05	0.057158738131677045	-0.06480063898004516	0.03669097970729779	0.15404895695104925	0.008038727962474873	-0.04516927654388595	-0.03163048240926632	-0.022419948950076606	-0.07499953764688148	-0.05329415681667092	0.050715646705938186
0.015697981455256048	-0.05934430965027058	0.07389082081905395	0.04275677439531474	-0.03420827562555933	-0.008518647816524888	0.02402229677478792	-0.07122719406197076	0.030038110776093755	0.04230985697126258	-0.08505809751120151	-0.04692238225914453	0.06348278045596385	-0.11720183577758596	0.00938891945962584	-0.032776954109902584	0.13473426931770688	-0.019959860782176347	0.11287738886303808	0.021202583272795866	-0.020121829858539775	0.021861938782946067	-0.07898291562897544	0.017073693214438967	-0.0218414438720978	-0.11376455428336232	-0.07752353007008762	0.08216021613131808	-0.004538441734219023	0.0017290914575403132	-0.036823973659509596	0.015080523677582947	-0.020574984181194356	0.01533447909253222	-0.07829812141863125
0.02257290405976203	-0.05564717359301052	0.07030313342759566	0.01698083381328017	-0.005761616686289572	0.01034222440551023	0.08140740336651317	0.019893423578225145	0.07481206796480461	0.06041890192361947	0.020560014833789664	-0.012156209405275207	0.043320455081720326	0.005134434282784542	-0.03772604627192652	-0.02374264173572363	0.15779187861615507	-0.09781065983243012	0.15692586465676428	0.038804574487357885	-0.05261927408916395	0.041161091811215494	-0.06843336198422566	-0.006397642944396417	-0.012313625615932827	0.0007199625526961573	-0.08719480448542077	-0.06523753015132117	0.05603688919981176	0.0625806253975506	-0.002411214024786029	-0.046583612904255084	-0.09630591097027011	0.007816226639387809	-0.07090584127034
0.024578885144472054	-0.054674194629954036	0.0749850027583431	-0.02255161646510794	-0.009032271799983435	-0.007000002355269958	0.04009363727773352	0.07090490326466682	0.024062371509587833	-0.005498341704786587	0.13856607001950275	-0.0009705756601390914	0.0608135295536361	-0.08091627880516505	-0.015676169269838527	-0.06960439065459055	0.026288712857140392	-0.004667406927317165	0.021190715018526367	0.13746739218264742	-0.026968115308965042	0.02711734034522886	-0.0737008801718923	0.009223717585271081	-0.010656574257584685	0.06998152722078047	-0.010740931745563969	-0.0892021205755625	0.03365379893454443	0.05104100942795167	0.039879147316860056	-0.04914597785315383	-0.13068579783294232	0.15295463962859102	-0.12151762534912244
0.019645500157080487	-0.04953520085135569	0.06739899987146167	-0.055283678628285704	-0.0008199951657570906	-0.010753375422253908	-0.04192461900936045	0.038442571875225935	-0.020839907291510754	-0.05528074370802494	0.15909411500476814	0.03638541059445726	0.12168381957762092	-0.0831121159395976	-0.015739726917775813	-0.05874303692132061	0.023286996348200785	-0.0017479889234472273	0.09472486703529596	0.11048245242819496	0.0806348663789759	-0.026719538938939913	-0.07441715791191214	-0.025011232771180322	-0.01989694631422989	0.06328457176056901	-0.05273708788382147	0.032698964580216934	-0.016079805617141577	-0.053967119045705864	0.09445650495430061	0.08481340019285236	0.005534383616042082	0.08548050198527794	-0.06195738755536984
0.017579098431061996	-0.04757762533117807	0.07184904467340687	-0.06129081465222765	-0.023161137304137613	0.0010174844395847448	-0.08803327216093572	-0.020023106002868607	-0.06594836925123677	-0.03693745810463855	0.11344067309062313	0.013451904048276064	0.1428531763330136	-0.0017063211063110266	-0.02818005907973709	0.005894205654937772	0.04926422000225725	-0.10237187068982131	0.13537751910682988	0.01714373382878443	0.10000176938999741	-0.014770937895611711	-0.061932456056245186	-0.09121149762806316	-0.031207343772655913	0.036162934097063004	-0.032975489648144556	0.03755992543254141	-0.014270458232530332	-0.08780968771009229	0.1132438029701555	-0.004207585796271243	0.019987859280087464	0.04015167267924858	-0.008606107140872272
0.018475598536047223	-0.05128296392424016	0.07166121710938256	-0.06072422786359135	-0.04295498650998372	0.020115990243677696	-0.03420802959725443	0.0033654498132280196	-0.025771539621460376	0.01940540620443968	0.11732530026405029	-0.03776235695925589	0.12997231232236617	0.0782749749581059	-0.03399323789960724	0.04331170455436009	0.049640163887406885	-0.1649319179870084	0.0803499555261344	0.004345128713874186	0.0033794591264698845	-0.0054051882384525685	-0.0930410165235041	-0.07515163285867682	0.019815698499819123	0.09409421211830743	-0.03271500531012872	0.03492578194109889	0.043118688608590465	-0.00562234973657175	0.04288767213702735	-0.007692645887329035	-0.002610370582751438	-0.007842060262550295	0.015583674664607087
0.02193288428864948	-0.05220429966477095	0.07413723241381956	-0.05836399476847193	-0.03972090912404587	0.013748362505178989	0.027718422324710147	0.05346579285965079	0.02178013721303605	0.016479674058787443	0.1675800721926529	-0.0399495438311907	0.11385774374269719	0.038379820622838484	-0.03583852796431893	-0.012888304886482824	-0.0013100969233609504	-0.15638254781239821	-0.014732493307382834	0.03216540182031703	-0.010938717015009808	0.025136929161776532	-0.07142016622650443	0.018683984071909104	-0.017456706522845596	0.07884465409248669	-0.03649103425947672	-0.05232335546842935	0.017094712094989785	0.007957301185131264	0.0020786649933082317	0.055974922652922164	0.045084708853683826	-0.017516185080585132	-0.0192263721096019
0.019626697388284778	-0.05098357097836362	0.08114748851007857	-0.0608620672843068	-0.04004190388792261	-0.006246479926125402	-0.0038660698572501443	0.06447433820312574	0.009352263424114628	-0.009254432002964844	0.1826753092608992	-0.029128459389651234	0.1181993066770898	-0.021823902323670853	-0.014301975425984277	-0.03040055532912237	-0.056608739245412015	-0.15894736272390309	-0.07664109004360199	0.041753623937756244	0.0619014122371536	0.03914253768011651	-0.027980504861802112	0.024502648380807117	-0.01210649980726227	0.01767542757560997	-0.04266906134467505	-0.026841203396707463	0.05618737578409877	-0.03434944719367136	0.021446942090737928	0.06350580121780759	0.05727429722433238	-0.0047372242161983005	0.05227042380011264
0.021741662581475488	-0.04976123068681727	0.08188400629198421	-0.02878516473035247	-0.038096852457338716	-0.0024493728879664313	-0.013647816153973995	0.027279518693246678	0.008736263234853164	0.011599099896313306	0.1143079897731675	-0.06327936461174956	0.09406751659052129	-0.06266831545760881	-0.027913495218271623	-0.005709360372387473	-0.03444952870883633	-0.11684670220255346	-0.0636214068360131	0.08176218263575635	0.08225529862078934	0.06606582236184722	-0.04680645130848547	-0.004556677873435461	0.07065774708368576	-0.01325979771435817	-0.06186499627433425	0.06723173344090992	0.10010202074053404	-0.06682741113280363	-0.02568128664619823	0.0680840402211289	0.08556627309515728	-0.08301100557221644	0.0065621196376860645
0.02278733387305175	-0.05254961672594023	0.08350030721651477	-0.005452978717982945	-0.03233968678422211	0.0034037694397430042	0.007277498980825678	0.016641079482183043	0.024511738520829062	0.030560443299473352	0.06842552283957057	-0.07655643694607017	0.09368798661402662	-0.09141612697314562	-0.03763754781305901	-0.015546228437970022	0.008551504044570488	-0.06280659825441975	-0.031192003168313182	0.10866488651297622	0.0492635286173071	0.0716848997924722	-0.07161350572310428	-0.027102634680686036	0.09083728847279758	-0.019825302693286466	-0.06083509863625287	0.05973045553512124	0.08511245778672724	-0.04452156423065364	-0.013903244112413629	0.053523854102145864	0.049109865693823265	-0.1175587644736014	-0.02520147796895688
0.024812823285289432	-0.05221202991330907	0.0871190941888945	0.02241959852594268	-0.022082426698416317	-0.013502871316438363	0.05473577157418676	0.018192624228765636	0.0552590450530543	0.04258727831897451	0.01693693145074671	-0.080256385041505	0.04561111061407858	-0.0990055841426928	-0.027959317762687532	-0.012610222726825136	0.038340692916776845	-0.015506206633547986	-0.008710150674114146	0.0767164099290204	0.002380789488236619	0.03736356849035474	-0.01889214250070703	-0.0911791378447398	0.10899889943304306	0.022696567400745882	-0.025464309825828063	0.026655825166249793	0.04118382768554244	-0.0008480646383245173	0.02705450459281439	-0.016732322198724198	0.05361591005177781	-0.07326771136669019	0.022204473370836305
0.02605011263732176	-0.054530557260736585	0.0864371676162972	0.05168754108549268	-0.006555917605662502	-0.02909061602391283	0.0805746754147158	0.019135473511524993	0.0932101467368828	0.04874265601811595	-0.027435855587189837	-0.06990808906901765	-0.015137506534435151	-0.11930925146227027	-0.059898579176987855	-0.020210950202556557	0.05434565575764448	0.04197793555467076	-0.00311152855295924	0.020981465871457654	-0.01369640081584874	-0.0050360507229241895	0.012078338939137657	-0.14327810661840462	0.10939661588023379	0.06714380261784092	0.03847247218821874	0.0003957334858292194	-0.0003168908354987546	0.05109651557137468	0.07231358127999829	-0.11363701543514237	0.036615022119031136	0.035316908339577575	0.0386707200204761
0.025791045149938005	-0.05489290695554654	0.08440982665302033	0.05628596847907257	-0.00810097193184609	-0.028404856911300486	0.07824199835972126	0.02798768056769063	0.0894012104108437	0.048231041962600106	-0.024935133517093155	-0.045899166578898004	0.020136832254261147	-0.14599498155853333	-0.025441401923705538	-0.062497471210062897	0.02342585581289899	0.05427168555164206	0.004440832324797375	0.019994467930353962	-0.014515397156867503	-0.025841059345679436	0.04113192522707819	-0.1312874274627821	0.03915475684847904	0.0761384611574115	0.039012281496882455	-0.061950068512810874	-0.04304626032290147	0.0897787203508182	0.08088306240700012	-0.10914977429575012	-0.028326718820885263	0.0919178059630194	0.037043451635180906
0.022720873642693616	-0.052862192907633186	0.0897134325762922	0.030575609821927176	-0.01251835199329048	-0.03360861530388683	0.05065888024889329	0.0428692788055584	0.05536414454911423	0.029921757462637918	0.014552837329415874	-0.030955716053146228	0.08132859986030125	-0.1529689242669545	0.02135343191670381	-0.07110850955489664	-0.029292540774922538	0.03403206689868333	-0.021603479592772472	-0.007284124326149463	0.09081999280219716	-0.05585357229137777	0.0415972726431027	-0.10957624138307996	0.025512403794425972	0.06621114311209908	0.040632003324225924	-0.0289578176509322	-0.0716895322164239	0.03173841395689634	0.05005173423342882	-0.048015433176885704	-0.062427473073822744	0.13015583593063404	0.15191891129479398
0.02288085033000158	-0.054142808221749425	0.09423454038337616	0.04292305138728889	-0.0075868045902592295	-0.04737604132515978	0.032285621530637604	0.029544347713025814	0.0602522986542813	-0.003025137746973656	-0.010448798644395003	-0.023735269993664033	0.016056365844353413	-0.1310586613949415	-0.04020323356286075	-0.05955862483657747	0.008068586816768322	-0.015486038353383531	-0.013307558177240171	0.013871867182652882	0.05485021797401659	-0.007474209007202855	0.05066749644393693	-0.08777226544840852	0.04024978509488245	-0.018410705434978466	0.02345025628430109	0.033541120945503926	0.0028489290883251814	0.006796763703374432	0.08206389471160216	-0.025171237250079616	0.026731150845020688	0.011271785418326512	0.16800619384798368
0.024768719771304275	-0.05333387715957581	0.09376062147009188	0.06655638377586273	-0.026014766754913283	-0.039064948156097096	0.005132633608076574	-0.03626502899017987	0.05747373202542324	0.013680230305271983	-0.07186805207015383	-0.01743838816091245	-0.029752414763558013	-0.10454124845207081	-0.09833771243780255	-0.03719919222825149	0.053492490395250766	-0.14337112341224462	0.014570541455405431	-0.017277812635844998	0.024068570881921367	0.0626622833771091	0.055655434615412336	-0.07942030856255178	-0.04405901787080577	-0.12646998209693078	-0.009731228766290123	-0.0021288949440492894	-0.030831417646862154	-0.01018610309399718	0.04165880323567149	0.04054594858885074	0.07305048099244399	-0.07489891536988869	0.014934711947067537
0.027783839796550348	-0.05363748322308587	0.09256469050253495	0.06340522059282333	-0.03331896670147352	-0.01179087020434484	0.04718289213909959	-0.02961214013770492	0.057935848220749715	0.06197967440298896	-0.07305183587799996	-0.05267599484952957	0.015355527615151163	-0.049428656713595504	-0.07152088619789494	-0.011530302665888982	0.08258725278568611	-0.1575958915882456	0.053020983184157953	-0.012806461447658797	-0.04419928784254126	0.05224221378570575	0.028764049167234153	-0.05248239265190047	-0.042166898138799716	-0.1031202900608098	-0.010364078439302276	-0.06711390450943634	-0.015158930569939593	0.04627592180646785	0.06011938960763569	0.024510001185368436	0.057751980289511604	-0.13071788073403032	-0.03706200600142515
0.02998600600122133	-0.05246867876170703	0.08321133893460814	0.06030526006657897	-0.02332104352947268	-0.013681322300540671	0.09876503759075482	0.01899708416387093	0.11186564676718795	0.04178974558908819	-0.025931230502836085	-0.03809456759090787	0.011943774815984584	-0.050331106159601645	-0.07760620856153772	-0.059801485340987615	0.06302899230221358	-0.1304314224594518	0.03110680607168554	-0.008250267732230629	-0.05676853134917882	0.05147572102168681	0.054956253009311395	-0.009788658084308791	-0.04125999669971017	-0.05358337291948768	-0.04152987363516706	-0.14563456242949951	-0.009033592884122948	0.024438400930113457	0.0912260386172664	0.04280709141324781	0.06912838876671627	-0.08475258060862637	-0.03229252922880243
0.02831332481212979	-0.050466609739730044	0.08471628075339159	0.03725431005497832	-0.012812017002142387	-0.024078761467545905	0.05715842654871541	0.02739507515580228	0.07072238516852125	0.03593115345566105	0.020978028574559368	-0.0121006431206458	0.05033141085516706	-0.12847023890465264	-0.028525074512644816	-0.07415076082399365	0.00483010222727354	-0.1466722754778667	-0.005341282416075395	0.008244631361099253	0.0034064138376987477	0.02960430801765937	0.08430575845383496	0.004484208789779329	-0.11391602579286711	-0.11329437687135653	-0.024031338120633954	-0.1132469423425103	-0.03658136904662227	0.032678373658146014	0.06417244207757815	0.07888243274096787	0.007281504516186924	0.03316977415059454	-0.01830498609321583
0.037398290136533056	-0.025194848161804013	0.07388676282198471	-0.003783307050934788	-0.10598475274109517	-0.056172052171208145	0.08888381839637437	-0.025715216140924015	-0.034378557241177554	-0.027844496004678348	0.015456625670214453	-0.03318869192807636	0.003463890084621759	-0.14604819936477934	0.04613294240462448	0.015345435218013901	-0.02203516631019371	-0.05842254993005434	0.033106808854516064	0.048288568714818944	0.003395514937576631	0.04799257236003868	0.08759655411752404	-0.02886048866167467	0.015873107757963807	-0.1625021871042871	0.007673099201126486	-0.04866479478895923	0.08012733275598084	0.02862248526567616	0.035204094258426244	0.030127127450905275	-0.07907742566840995	0.06035579290692625	0.02598324519489881
0.05187563436142505	0.028112609266178992	0.06303541652199801	0.2274858986570717	0.41070766317690255	0.1564004892207704	-0.2583974875575338	0.14484089201838182	-0.2791350184535285	0.11672612736399528	0.12144373911630632	-0.3933096909230263	-0.3101307139468433	-0.08829816618934037	-0.11094390776987474	-0.3149673159775714	-0.1246747881001907	-0.10527744790195812	0.16534069864931855	-0.05216481431433315	-0.12155641516251867	-0.16742610973688976	0.06300702275351537	0.030130854764302273	-0.054633433206808794	0.11658266955933533	-0.058107165707382336	0.1473860623529435	0.0002675687792298778	0.046164903750203816	-0.04357898465746277	0.05461896552980577	-0.020837951174335966	-0.02791618995724783	-0.028761441786534454
-0.10727592459807671	-0.09553700266702334	-0.060245176938038845	0.07802309734576132	0.07569942747947507	0.08393954861934402	0.16048170503508014	0.012029089407572255	-0.17894483151615223	0.061140088817426705	0.06049296229439221	0.03248813643790774	-0.06298772080160256	-0.059084385097860646	0.1364414797012006	0.14577254642770912	0.005598636498999103	-0.04691535286601947	-0.07521652862378075	-0.2854499002609362	0.048721944641176115	-0.21932201909708626	-0.22871380789954	-0.08113139385481133	0.2974048436105508	-0.03465506644419873	0.16697998112776222	-0.1536254598318263	0.16964695854998968	0.09588389649655574	0.11529850512815987	0.09697141582729249	-0.07227089316191873	-0.03879303879159377	-0.37868693112167423
-0.10440499778830524	-0.09328597478407966	-0.07799886694510781	0.06426253136792123	0.09530311274270918	0.004406694291942978	0.09516447021521017	0.03030570377343279	-0.10255593844907702	-0.09265852107867553	0.08742613954131524	0.1435410270932379	-0.06810236887606677	-0.08653690298767355	0.06560736025841486	0.0740285017276784	0.07947630775351945	-0.0145947836738037	0.00850183897555084	-0.06585882224849307	0.07551344214293683	-0.08924685504670457	-0.1364145214316402	-0.1065722791086611	0.05802627949802891	0.008119640952203367	0.045972448169437165	0.07787365882684306	-0.003235491873868325	0.01847359957439302	0.07161227604278564	0.036141850435966814	0.04237313293011895	-0.026859863255672776	-0.00047481775924685266
-0.10247955813544338	-0.09412992598165167	-0.09238309798418133	0.08203637106383607	0.051183149427030936	0.017398900641298044	0.03074912821269413	-0.019909314473482435	-0.09104185315050607	-0.08886988788701615	0.04777226765080371	0.07878359009985893	-0.03439095038690522	-0.09288095796451293	0.007376129055464492	0.06325642142349794	0.017087639164496807	-0.044867504509435566	-0.10369187870911532	0.01930751295569538	0.025757757156931696	-0.019458678374912476	-0.12999100022536536	-0.08157267889861569	0.024675990746545612	0.036161918230232286	0.06701465309099582	0.05602912086825654	0.052295240309687435	0.0777876982095618	-0.09432070436918288	-0.013813566119697016	0.06091029151074129	-0.03228955904676742	0.025952681258768956
-0.09912243969473847	-0.09413852583285433	-0.10872313304957831	0.10955127394251568	0.041906680476997325	0.03520197029216536	0.022671677505821056	-0.06941932298521161	-0.052179209804925894	-0.11135448492577148	-0.011706034019218239	0.04756482107833486	-0.0017856959780450873	-0.02311590515941024	-0.08531651342823726	-0.02084688191132242	0.07011996047450662	0.041518628357871984	-0.022509582878235818	0.06044219741927043	0.01608826717270187	-0.02985213982685376	-0.1125540451305643	-0.03077818901666305	0.0026780259369112557	0.03933523237840969	0.0010585902990963118	-0.07964842331544328	0.01370606529689458	0.10066088748455834	-0.0760045893357145	0.07523981719469759	0.09442352764045271	-0.059490064007429844	0.12547592600269808
-0.09709059696835556	-0.09775933584285583	-0.10544241714214887	0.1337475122278131	0.022744002819684514	0.029093301676567	-0.035906572492170385	-0.10636503368306771	-0.055059050841106356	-0.161103360120349	-0.06420545852452582	0.028061622681294418	-0.0015800199191180059	-0.017052441006130962	-0.15374916600553049	-0.07784831314330007	0.040091743313312125	0.04604063857110594	-0.016328401857964425	0.014176374391767605	-0.02668858024993705	0.010696330942964433	-0.07122602836922935	0.007798912365228783	0.010715457689305636	-0.0040006859054681765	0.013371631545321436	-0.18504168130985213	-0.01835008998552605	0.045432603681036576	0.03669453875963455	0.016848569232307736	0.1448245856495488	0.09223949594393022	0.09031368131546993
-0.09245197323022243	-0.0997551545274407	-0.09408226715767004	0.13252785783789922	-0.003881283907614295	0.044047295867951614	-0.04514657923050924	-0.12951250199978231	-0.07061243242079314	-0.09788089896171853	-0.11752522862275931	-0.029858859172565914	0.06143478896480849	-0.003952770256777413	-0.08395734389769106	-0.019119641382462173	0.061436385665738794	0.038191221328197945	-0.024441115563051532	-0.020307735809752342	-0.05309481743412764	0.025847977142363587	-0.08128111707354611	0.006761825778401186	-0.0014762036651083856	-0.006787492102235525	0.0200695730270501	-0.07434622150974927	0.011152203747696657	0.08324878817041355	0.06739193116516534	0.0566982497477462	0.1551959310887826	0.16803645378496462	0.06486509219578934
-0.08539059581715816	-0.09887263363247853	-0.08866400997823373	0.11769087539703885	0.009418985196161252	0.07226479983712597	0.014263284757123523	-0.1003081833525019	-0.04717152098900332	-0.027167052389026846	-0.1038293971037358	-0.05922434165232204	0.11097528785664208	0.022555763497857016	-0.017485923367183114	-0.019878168317784006	0.06259195202794277	0.04564760215408108	-0.032471478285183514	-0.039914967875458014	-0.07197295059203908	0.014406156793088987	-0.07601824809366793	0.07759264479641162	-0.05616129023848799	-0.027223426277322115	-0.03158985938918284	-0.02455866582065335	0.00717446709147708	0.08636866740415249	0.04483798594443601	0.12079049963612826	0.08818924218798241	0.09573459412608046	0.0944984869003054
-0.08360718563287903	-0.09988882819627301	-0.07529054182225113	0.08961914310646481	0.02303553909501488	0.059444786256674764	0.058636109286891634	-0.033986836592784495	-0.03771110483558684	-0.0384871850742745	-0.024584057718506323	-0.045027450008411046	0.12648482845783898	-0.015669964542288382	0.03673307305732902	-0.06201640582337286	0.0028831749807790782	0.03262470586716948	-0.06501635932363412	-0.0739935498277319	-0.037392294409407514	0.002912627318407017	-0.0692484256855934	0.12724746525166145	-0.060625097231393144	0.011734750623713364	-0.028707509817898474	-0.06649582149692536	-0.05312393735616243	0.0038453111860149436	0.02641979958247104	0.026574183251386347	0.0029792998190732375	0.06518810332894653	0.14850062919439527
-0.08542623205248129	-0.09670369794324028	-0.07780514638592528	0.07211243718009686	0.027742252811070275	0.03261749869233525	0.03946924934275172	-0.015066287478061297	-0.04435514448943298	-0.047318729564274395	-0.002770132531743228	-0.03248162171410952	0.11887874598905197	-0.058478318812312205	0.056324793147127704	-0.05720370646270176	-0.04268649410763256	0.023289728297618453	-0.10589822201802045	-0.08942616824879986	-0.014908955078319915	-2.5067509977938496e-05	-0.024443112750757383	0.06686997063417974	-0.03525479685289877	0.027959592042099593	0.014015757118616084	-0.03274610064489541	-0.06250134348671399	-0.0315447602459579	0.041503270306585294	-0.07801728349001766	-0.04447160949218504	0.04962370185244162	0.2040655390919789
-0.07654984285305351	-0.09702445129163946	-0.07959074803738093	0.047900142522411406	0.03378704804810685	0.041089216996376764	0.05815837285594837	-0.036898075444288296	-0.023458092306113853	-0.006549791224399794	0.00026888129294693624	-0.01527531502443132	0.08621587873997304	-0.042550127714107065	0.0762497026424655	-0.02927335128048137	0.082473196551513	0.05989559477030783	-0.03273542591098138	-0.012328580058742237	-0.010967419417075599	-0.03645609400453057	0.003979584823578394	0.04178625323758735	-0.0779333433130185	-0.033668528507655594	-0.044142366320838594	0.12947433962872615	-0.024760546214543832	-0.009299103422823578	0.028042332304119448	-0.027699724832110306	-0.07944958011398776	0.07218875346098214	0.03118120037919587
-0.07181124218868898	-0.09643805054161221	-0.0743280403630453	0.012388994860350474	0.06492853805449314	0.04177810392921823	0.07405567536947189	-0.002891529557189203	-0.027431866177683305	-0.03255028024303938	0.05952246622199487	0.04491219954725469	0.05058316159155546	0.02250093072986227	0.03490114741911051	-0.06879260904008724	0.13092576341893336	0.0352659186629421	0.011382918787482581	0.034647375724938	-0.046942931234808694	-0.038162215520929084	-0.0482730258918946	0.018298122560089305	-0.11747407928661077	0.04263094261633068	0.015087815745311435	0.07980489957632314	-0.05303247221777068	-0.05343345377033715	0.052821586878070176	-0.18344266712096363	-0.12402792690296004	-0.0015833727960726657	-0.0575639904806252
-0.07503907088950089	-0.09724017391696232	-0.07673800286717111	0.0033118099068531457	0.052705599633596584	0.03322491485516804	0.03964095700119625	-0.006664497992026317	-0.028196000710783202	-0.0798871525028863	0.07868739311054886	0.05994420291289208	0.018289972942821756	0.04895812896720802	-0.03326240887601514	-0.06979308780485066	0.10507708802369531	-0.005348231207246714	-0.008250383778388772	0.05079151836945414	0.013231538858787945	-0.007855513371677465	-0.016642052462058212	-0.004042385958729408	-0.07255159627737798	0.08289509063042315	0.030329874984320992	0.09730164693840156	-0.03407685420305978	-0.09723412719012645	0.06369859472287624	-0.20396528912463752	-0.13074033193375403	-0.0010602095844790237	-0.04544464521956578
-0.07292393237720335	-0.09749862338938185	-0.07881792166902693	0.030240383704119876	0.030125218135174395	0.047537258021715045	0.024119103026878336	-0.046126215437586965	-0.01460517147687189	-0.040471354711694496	0.011926793109346535	0.005680618331536605	0.02907181779809632	0.09769899728801583	-0.044166336224084696	-0.022471411121785044	0.1216983331237244	-0.05888055253077329	-0.006465774991795695	0.015203769638199917	0.021667425900456238	0.03427256469349458	0.012283855191665327	0.004317101379791334	-0.056611700344608565	-0.005263435618663839	-0.031490090221338016	0.17084669894766058	0.03307911724952424	-0.093691611378215	0.05128395403005	-0.11905909613738128	-0.14751295061864977	-0.019756294135523246	-0.013758724237995002
-0.06904872997162222	-0.09981412241326057	-0.07116638162095386	0.04460147057830683	0.02606513023979261	0.05438934717483979	0.06396226003610085	-0.035522235316810036	8.994019300114895e-05	0.006188657634161498	-0.0024994383266972995	-0.019403559824636873	0.0028616504644785423	0.0862910574116905	-0.021026872158436495	-0.008041766106109132	0.11049478109922153	-0.11089966265110845	-0.050837064450250075	-0.066883377472999	-0.08603450399452371	0.0766579230745439	0.011497758581006285	0.11992456025428021	-0.11647707801909898	-0.07738978916147068	-0.06919460121559218	0.06901740653895365	0.012385929487921148	-0.09236684006578252	0.07098385472943572	-0.019611337670716475	-0.1683605292021438	-0.09371037000663571	-0.05153527539949377
-0.07097539180451079	-0.09958880007349516	-0.06564976485039767	0.01255130444517586	0.026004944493992474	0.040468752853071215	0.053634938477398815	0.0076112602524200145	-0.013574252595795547	-0.028078453645605683	0.07418019678954942	-0.0002925466815161093	0.0002861893282860043	0.05045688349953855	0.022309058935652534	-0.022009698121860516	0.019708397049792426	-0.11535069315836931	-0.12151892500398415	-0.07480478734866775	-0.07157356162781688	0.07264345686115792	0.010313623596901092	0.17764051289323066	-0.11468989077566573	-0.06173809315076241	-0.09172381257062316	0.010940141110225454	0.035356546883802374	-0.11155887684736716	0.07263687973906735	-0.07167528856862299	-0.11207145048663901	-0.07202996148379152	-0.012804768659500667
-0.038097343779317984	-0.07667693942381006	-0.05181037433409091	-0.11128644967865857	-0.23280858146483005	-0.016666703194814125	0.11236532447010728	-0.15060988968027772	-0.13097906195534026	-0.04153979325958602	0.16846513412778719	-0.16046090235667873	-0.20536405512447053	-0.07127021416724853	0.18712464539977394	-0.11775159769234321	0.07147612094500423	-0.00825251682927936	-0.10864883576395393	-0.10986245528714383	0.08975364439959449	0.11113815382982012	0.2479350952545269	0.30159151894916636	-0.10255699681706273	-0.03778823764450023	-0.04300093322269495	0.1622343222745492	0.1118496223651466	-0.016287866376432477	0.03268361626547195	-0.07433225325933399	0.24848666031422462	0.16616984787292338	-0.1253799114002403
0.023811119090365762	-0.016353448319565863	0.03317903190719875	-0.14995477818330488	0.08838243544428234	0.04063807307846904	-0.06498668497720513	-0.03313410024602241	-0.17666888360704755	0.16260845208861213	0.049800913048311427	-0.15399505246350617	0.05734090093143979	-0.0351482043802391	-0.014187936407626812	0.23813267339505603	0.031139061082567178	0.04532713052221379	0.07821491903218568	-0.16910601290406307	0.17359843699469435	-0.08782961333768351	-0.038982568197309705	-0.07173082046835896	0.11296152641872059	-0.34387864372496924	-0.3650554365338624	-0.24098682471521207	0.0047721034338151815	-0.1168105418458541	-0.2725933924199677	-0.10506767599322993	-0.17737069918931697	0.20614413683479813	0.1207151169839116
0.019308346182186804	-0.028411902264422258	0.0029365013621159373	-0.12899084942143996	0.09211230710559154	-0.030308353884403432	0.07353840375723668	0.078584111537819	0.043301490493859174	0.04170551881079261	0.08865357283741937	-0.01743109623551982	-0.07532644449203066	-0.05338152260367654	0.01679408299035714	0.16624410867245226	0.05622072920323554	0.10304994410658232	-0.032796858014810415	-0.0969165488844335	-0.061381860906129015	0.023517440645677297	-0.026175249063669886	0.07044610223661282	0.11922158386959267	0.07620261351249447	-0.10007478874876886	-0.021669462982361533	-0.03489491716611667	-0.06510580442772702	0.09387703999574944	-0.00016323862056049493	0.12533936020754155	-0.12081965126519634	0.0725981731880449
0.018874812142089695	-0.02665045656482735	-0.01893660991736377	-0.10580866719166279	0.10086481492604844	-0.051741823645223096	0.04050132948888765	0.013977424812928565	0.04984216216282099	-0.019799427587886678	0.044229784522497866	0.04587241532074499	-0.10525862802688195	-0.16888472754017303	-0.051389313166008685	0.052144098435493544	0.0872359987132417	0.21066313975399564	0.04934290701849525	-0.052334877000712786	0.04209466140662195	-0.044472333822357574	0.06553106126349315	0.023004727479123355	0.0504650059145922	-0.018549119511849503	-0.1160733868078351	0.08530438958545239	-0.0808152514243283	-0.05908473015129538	0.058783658469591896	0.13840003365622267	0.08815855488057549	-0.08573796567193416	0.006650743970043331
0.02113840480596442	-0.015527074867079	-0.03166802265455156	-0.12075023440140832	0.05942196208443967	-0.04884809923564505	-0.04976639373827209	-0.043909419179285696	0.03630209530644809	0.010815041371180249	0.03212128052770591	0.04442108367718573	-0.07883874587711726	-0.10909570228094082	-0.1068851599609331	0.10018166258540714	0.08515845121832955	0.007122135465197268	-0.009069304499791288	-0.0948815731078495	0.030283441465964556	-0.05869914738541161	0.09650853005919087	-0.06709592926856311	-0.09744891869685238	0.0346487046307941	0.03268702205776794	-0.0019926654409447367	-0.1638080124820681	-0.007614351699849563	-0.006497178042346445	0.033532451309608455	-0.032908726238066684	-0.08557187959918759	0.00824746615881762
0.023917940187799518	-0.008044877996376088	-0.040704742352273345	-0.12889593617207848	0.010703915585214028	-0.039116455738238604	-0.07595799387494025	-0.050553111317887936	0.034916840555731965	0.04045721380671717	0.03820189484413246	-0.046947736653400025	-0.024048121437329074	-0.09109656734705948	-0.08452269623424757	0.0776451374685119	0.017018506802566495	0.07278323708467678	-0.1105378243912679	-0.02938085817965701	-0.055523503654108367	-0.014878606561086404	0.0422661542800587	-0.012738778441646705	-0.07699190524774721	0.07452662738369566	0.08418383373030593	-0.021874476746480836	-0.019127819010037232	0.1153465733787103	-0.05626664240551664	-0.05099694967759669	-0.019204328992991366	0.006439293266883169	-0.00189048470501621
0.029090528864540093	-0.004627066216614409	-0.02933288034535711	-0.13332083389905233	0.03320239156175621	-0.013031622406271884	-0.06301735865020702	-0.03955027800531638	0.004395295456408794	0.02532995760028771	0.04626259312323009	-0.058669334915272715	0.06131123999450953	-0.049796075296123586	-0.0833781157438595	0.026046314434324824	0.030731244188892642	0.17804435151002185	-0.042717557430926735	0.0017651603902867456	-0.07178187503205548	-0.03436387038397498	0.012511522294210162	0.029522748661278353	-0.05711304864200044	-0.011625730700412888	-0.0017171901419592017	-0.0241405100686026	0.011067821185970439	0.08361363454646173	-0.020236394460599737	0.03971920187724423	-0.015725684557460477	0.005979655355811033	0.03402187151536524
0.028917461500899754	-0.0016564196135219731	-0.03356272621696704	-0.14730136052255033	0.04458737931208257	-0.031700458207867294	-0.0820373207032204	-0.025334814196863165	0.00748099377241975	-0.026051920837744498	0.07012653658620996	-0.013531023753576666	0.06502371365372486	-0.0680809630930981	-0.09680592845928555	-0.005379819917688545	0.01295664461768396	0.14278078814812062	-0.016303735782124767	-0.03629305895902172	-0.010049995196672459	-0.057593817791977156	0.007638769374773379	0.04615610645626435	-0.08309633318203465	0.031756887223444615	0.027935982879929815	-0.0832032623046723	-0.0826234859404945	-0.06848193312365615	0.006420448979139071	-0.003879948910908801	0.0448013670851441	-0.06431894554468982	0.013905245661809278
0.03116573933952238	0.002103099251025133	-0.03662329815078798	-0.14474927684428773	0.030258941169496772	-0.016441249197607626	-0.08133418219481035	-0.07500277301773133	-0.007596828584424348	-0.016848210919958032	0.031141380183432724	-0.04610229548353001	0.060425321295743115	-0.04365158936482198	-0.11511630736219682	0.02490617168776256	0.04659066815275539	0.12780813786774012	-0.024852237411290737	-0.023647668589481127	0.014993288061960455	-0.05573442603768148	-0.026237207321940476	0.002573876326680064	-0.05931299132523288	0.02844741720313727	0.06365065125355973	0.04766601865670804	-0.04029415763103703	-0.05098001571498516	-0.019681093593945855	0.01054114460079461	0.03453608004638727	-0.04223995699833854	-0.06849814289663658
0.033185440195615444	0.0045012889247881245	-0.03652803760693378	-0.15917146989967274	0.0243646102025555	0.017285517194071214	-0.04594835538001515	-0.07365189555257814	-0.020732882777635638	0.03090790522263927	0.03894859343064634	-0.08611284125551752	0.0952465289287713	0.05445724736758829	-0.1024612535113293	0.05751013714613408	0.056202335091357414	0.08986608902556494	-0.022058461630472325	-0.019757030056842234	-0.008380955455976634	-0.06505580032004916	-0.03111032503886582	-0.05019481205060481	-0.0771060748873176	0.007469035333521567	0.05368849096441104	0.10473594965973794	-0.0020896146596290147	-0.02143791248571919	-0.006760649988424974	0.027423112430471075	-0.0071531400832652685	-0.018924300930092813	-0.03960635242955561
0.03752585808059236	0.0028544503351422413	-0.028495948141226263	-0.15168255205358047	0.046017647377985645	0.022442885136062823	0.039859200472385115	-0.01896982170694979	0.025351784476400376	0.02400380361706449	0.06305905824478526	-0.08854675002477926	0.051365840297435975	0.13139403046204443	-0.14250893018436253	0.002812375012487502	0.08647695143807142	0.09628567282441296	-0.042019352301996764	-0.019932524034985147	-0.03998256906954928	-0.03984124572745794	-0.0240693942872659	-0.03900969331311487	0.026783805946474875	0.030494704578559996	0.07473384726538958	0.07899944715361457	0.035067361332684385	-0.004859111480138737	-0.01692764772615117	0.010894615019972138	-0.014945751311802832	-0.03899862923548118	0.01579147649642029
0.040290736849785944	0.0006213662296479986	-0.027959159405403805	-0.13313792025255333	0.05086873630077621	0.01495322313375415	0.04955548063975694	-0.008228725730669588	0.057736949995628756	0.0009999518225274797	0.07378242227411871	-0.06639407139379239	0.007652503713194446	0.12000233218161632	-0.2091867068149616	-0.045023352217791246	0.0830907444810158	0.052685726435830735	-0.09084148759703296	0.010121128338995124	-0.03402904297735726	0.0010334492262361397	-0.01681900138384294	-0.011235265233933922	0.047579454299924516	-0.009338926270680033	0.11189359822636664	0.018031455529140008	-0.005953049021964429	-0.025681562753392097	-0.06750595824849316	0.013618607342821443	-0.030350008299068	0.02568995944200246	-0.04069445055853561
0.03988501287444825	0.004590112637592215	-0.03159677218637846	-0.13350596389472794	0.028611381576705598	0.004420490126918583	0.041614969285763054	-0.0190090680110493	0.05907328237227245	0.019067922888154596	0.07712061648389591	-0.06796559107790141	0.0006357661127186843	0.08389064073006693	-0.18081023262994916	-0.006288860798355522	0.07450125426909313	0.026363562877688616	-0.11419347072706293	-0.012370962210324729	-0.057745491011289	0.001470689060708458	0.022198130257435934	0.0033380599522749455	-0.013882425928710612	-0.06603561829513226	0.10219637720567422	0.06973200276833279	-0.02949426088112298	0.060136728510316546	-0.1027742167639884	0.10490442607999034	0.0013680773382866076	0.06091580858032074	-0.04779785304500311
0.045388767520665146	0.0031632610115098917	-0.0059058793002403345	-0.12242617693456592	0.03925066631227873	0.004666894633535259	0.06995280790768842	-0.015083743233235164	0.014638905778158342	0.025822481816984596	0.059415655571633336	-0.10003437079544321	0.025260092598657757	0.001874422290227368	-0.11761603819739556	0.027129581424250693	0.009770649052655872	0.029735328584382784	-0.1638587637607772	0.0332850641088683	-0.14327104902024382	0.04285770565559373	-0.017140126100988615	0.030712481790615233	-0.03380390345716032	-0.047930341052882235	0.16744389241025862	-0.0671064285668044	-0.007751636692112318	0.05155170893152283	-0.048269219017989196	-0.0904370147574718	0.02722550609521654	0.028366072971719253	-0.11008346610036121
0.04996157992187579	0.005183835932975333	0.0008407242098959668	-0.12645500650964425	0.08925455077754778	0.010411294898479206	0.11310431936281824	0.004007089466176756	-0.006695593490427763	-0.0023989359996080747	0.025635851219912735	-0.02220365608114479	0.021432375798898947	0.0295652240930331	-0.054795187917045574	0.012314146504087704	0.05449650019985109	0.10996466324671068	0.00440206669120511	0.0174180686576642	-0.006945773450174202	-0.05979187429487919	-0.025567910074076168	-0.00862254704010462	0.028330398791492614	-0.09391057584347039	-0.02728348412623903	0.057679957072139326	0.00463759429261238	0.014102071921859074	-0.001120040511005109	0.11403667795989221	-0.027723793855804462	0.049898314152324326	0.03125694616760115
0.046812224122622724	0.013874082376133818	-0.012391105226802727	-0.09827110341250869	0.10445533598270668	-0.03900900764906203	0.09189137864047342	0.02419570211305561	0.03857381921976083	-0.025634730896836364	0.0036639656156766303	0.05650511687858542	-0.12024716414650714	-0.06826424355080371	-0.07718962168982048	0.002130689741410289	0.06536208929560908	0.007225088585855284	-0.1004025156115449	-0.0942595422506873	-0.04017185035944418	-0.01927175259490823	0.054491417356542615	0.031146282071687494	0.014538139680965526	-0.06166855086057532	0.06779305662819982	0.010151468251563552	-0.08051681289273807	-0.01557137018237254	0.055626731157083824	0.17602809340879647	-0.04456158253002802	-0.0662249412526763	0.037691628269139014
0.04707856125858934	0.018554541112431648	-0.019957099009632807	-0.09943412400502348	0.06269036837301349	-0.05071657971268615	-0.020141833471633442	-0.04547575076621262	-0.02135923788583461	-0.00956092726985547	-0.06518781815521013	0.023507689900046282	-0.09572583396046788	-0.1596077246910627	-0.0017437660879905462	0.061321401254720666	-0.06307809297750525	-0.09483805680556552	-0.10014245347768436	-0.002708303716574825	-0.017094649053730825	0.021305193915239256	0.023865093806942215	-0.04631350639948602	-0.05127573844849759	-0.0012004530793599272	0.0844378683803176	-0.02383654804910415	-0.07053942285201857	-0.014221333885616935	0.05795353491544667	-0.08869685915227393	-0.05536552323175267	-0.09846097483324981	-0.11197494628277052
0.05369320207848276	0.021363788760190742	-0.02227354014183086	-0.08435092251490219	0.05001653505332755	-0.009175738362495849	0.02004426508867846	-0.05603137873220626	-0.016170287630568842	0.03215103907506872	-0.13133864263290806	-0.04938215179651232	-0.004436271328868497	-0.09727821194810973	0.03953437065881344	0.07350686980688001	-0.05398989405947781	-0.014208520629564531	-0.024603681462539616	0.06560154507291174	-0.08183508208776764	0.04187747509883587	-0.023916213310698153	-0.004493205330387589	0.0008176614551182772	0.03782500717725338	0.009343676604578868	0.045939540413606234	0.08257670028483644	0.12077490526203279	0.05840196208373307	-0.0663932109749566	-0.006653870647583007	-0.08192921173927231	-0.013175432311537196
0.05880466083294569	0.025899578236362363	-0.016779205542960366	-0.08339737574982892	0.08371034452974128	0.01502861837174866	0.08527376521763126	-0.03559924683013048	-0.009733843824327359	0.026839670969758263	-0.1258167007456917	-0.019889636317542928	0.03020402962078605	-0.022454456217812963	0.05641360981261222	0.019892263821933535	-0.03878389178921258	0.048640199512130104	0.08479718843007089	-0.0022065033609742074	-0.0648218467559126	-0.007626589947980579	0.01231266715192483	0.06023388544016153	-0.048949798339472134	-0.04543057741748022	-0.09736255675686252	-0.032054760452647005	0.08912675904406864	0.08773847882966918	0.07460167960458955	0.025304769215814593	0.04375338572383705	-0.08551552501119827	-0.03135906022104878
0.05772606914918524	0.025851512860268648	-0.01570375358389527	-0.10801173542868193	0.09772333225052135	0.0015571851291072772	0.09120090709339429	0.0044494505090015455	-0.018689814213529676	-0.040600882634979206	-0.031736965581359605	0.03869356090996405	0.006164993011782135	0.01670268368235361	0.0027681556274717764	-0.0480011326694218	-0.07206457680103479	0.007807348750386277	0.0746362947971303	-0.06599251552626059	-0.04356877242114125	-0.03331537082256256	0.05850898276924498	0.05714116130624747	-0.03123253778607764	-0.02193999639169633	-0.014102999013223358	-0.15300431956147148	0.1422643733441653	0.08067393059711483	0.07435622578528578	-0.12770928897676642	0.04522150519326365	-0.06780322466070426	0.057534078423426956
0.05445389257322073	0.028256162691649007	-0.011840646138709448	-0.1161508359256079	0.08813237660418027	-0.024064487341900552	0.031651503285844276	-0.015132439062975341	-0.04105166027774963	-0.09350082198286529	-0.03563661436566683	0.06809639204991223	0.006427414984594339	0.005039977098625042	0.0012298477848133274	-0.05220413346138365	-0.12269524840455434	-0.0413268918486534	0.04307129715083794	-0.0837941334739742	0.035716147225770226	-0.02719157921466351	0.08961630891761464	0.01848496635391314	0.006992250167848229	-0.02844711449062713	0.019314430214087245	-0.06317027112741415	0.14009606314010362	0.05055223721172665	0.07598713316317839	-0.08254718469112832	0.0502878708916153	0.008728663172208828	0.09716577398498254
0.05563248803565374	0.028840890350651696	-0.009470339645093166	-0.08818423429084858	0.06121338388486283	-0.0053433461879743415	-0.009146053175052028	-0.0850943801977309	-0.07134486405250073	-0.04924598004464407	-0.1349667297588236	0.020640023798683356	0.005154749923271867	0.03302323641166573	-0.017934140845189555	0.024413216703234014	-0.06962957116806484	-0.09093789832655387	0.06545498872667661	-0.06132500737648204	0.06394815071814096	0.014535522660895892	0.0495836149517604	-0.030400485742391858	-0.0031000055096966368	-0.0385905884101735	-0.013355446740487477	0.03445051014525154	0.11127448405895005	0.029079728609888895	0.04075773038749188	-0.04594896865155241	0.06559028241307463	-0.025447193745631487	0.0810617316953675
0.060055123269013466	0.02656111965805071	0.0018286254339834086	-0.06916457192178119	0.06643955270510722	0.012903724643356526	0.06840621038646136	-0.06341964929961795	-0.04342652251948663	-0.011155710821602398	-0.16369188811193952	-0.03275389530878543	0.006312412599610161	0.07883584732595639	-0.024686826325040215	0.03346232670092732	-0.04103986913527984	-0.08780269664277451	0.057743048205698005	-0.06925738414003002	0.024151635089291433	0.026313527932086283	-0.010297911668209586	0.0003225607631558852	0.0188794035089503	0.043520708293602856	0.016232288492325303	0.04132078767390997	0.07243837071085266	0.033071178162763094	0.021945875615737697	-0.0441168052404553	0.07157896972849878	-0.022586048273041434	0.10128000602075934
0.0632237197410453	0.024281683232717892	0.0018717002221595004	-0.043461525289914454	0.09421365488306825	0.008163613830571412	0.12608779091494748	-0.037920517853994896	0.007559415000253117	-0.01676056459172761	-0.1795451644958095	-0.014281978048391063	-0.0074535929087214915	0.044008562187222836	-0.030694353847426407	-0.03502940898753306	-0.0346519023048857	-0.049854651845291705	0.04508886806070419	-0.041656816854835965	0.0775001179420525	0.02671146021888219	-0.036297418239982844	0.03551757614053476	0.027016007252643953	0.061286139249390456	-0.006090297232642018	-0.0058354428481132885	0.02649407852308524	-0.038602482263345214	-0.027499153611897705	-0.07538935847498045	0.09165603886798458	-0.0330088295646519	0.020459145647521628
0.063783615742474	0.025828773751276988	-0.003257514707093192	-0.03599903643912671	0.0852252891159161	0.010390645712661977	0.12507032145379335	-0.04521832303432455	0.00867551893033555	-0.015125969218694383	-0.18804186226122133	-0.009110642793788431	0.01638089851265733	-0.011019836873544981	-0.024803227709105497	-0.0508661022531951	-0.03968001675720574	-0.03194767999547453	0.042892933111322	0.009545400115880235	0.09825572755953883	0.032119200737307244	-0.03973378899723395	0.05079952767867923	-0.03882887941307936	0.050163920847019275	0.010375175630959566	-0.0035912193695527006	-0.06775990706988079	-0.024546179966020012	-0.04425387968879551	-0.03244179745399109	0.07375875733974657	0.04669194238747536	-0.08684881257808988
0.06402985867734307	0.02551472023051544	0.002434680850954842	-0.04534113216191524	0.0887807261464322	0.026865108504471026	0.12224356982408699	-0.038489492767888114	-0.010939912634256008	-0.010471197066368405	-0.1505861395960954	-0.014166325915147441	0.03576632399635091	0.014551716626691113	-0.013921098716173795	-0.026048971031079775	-0.059603193507671966	-0.020532998653950783	0.044116658612817806	0.04230770607458771	0.10979065464476342	-0.010700720390001358	-0.04010872885167015	0.06879670606558146	-0.07798283803481121	0.043610956823346585	-0.04565696827227873	0.01747716844724952	-0.026823753693038733	0.017813188732851985	-0.05434933572527857	0.03985446970363983	0.0633522633871853	0.10215372552281818	-0.0835552283528122
0.06332043183201104	0.02810937141462987	0.004289137218236984	-0.052156504351567635	0.09032479923906371	0.016899383332886767	0.12627160932169065	-0.026893495207787926	-0.019250150276724987	-0.02494743137549326	-0.13934153445301464	0.007456592831633347	0.03040148078647393	0.004710970047224533	-0.011565893501006603	-0.05624773762934298	-0.0693835705295647	-0.029938404281657435	0.059972259967407744	0.03230458131498179	0.10346879642938585	-0.005603536762499771	-0.03688708243800678	0.06148445516101915	-0.05123294718726108	0.06158894197440736	-0.01579519991114446	-0.04822685373332852	-0.058674148990394734	-0.02159621785139012	-0.05122007284531891	0.01281708630980194	0.037398532063673856	0.04581589221874455	-0.07022297321252445
0.06264801301476958	0.02967093184238702	0.004320862768597283	-0.061923446109940494	0.09988504819398811	0.001539226366574643	0.09837103884880113	-0.012434576716125103	-0.035075424929061565	-0.041770056694992744	-0.12366359183005071	0.04025229515719162	0.04234399311969862	-0.030655455067857343	0.02990577722649056	-0.04565651643339193	-0.11364951269804446	-0.04855855497525766	0.04852274281837971	-0.011020488263221932	0.11543660091165359	-0.026811077270229272	-0.020819401839499773	0.05575376818933787	-0.06754763189697219	0.0840603199830657	0.014153252520382947	-0.10756393320537011	-0.08983192159456989	-0.05960145190841659	0.0012812329562757394	-0.02790071104152437	0.021979645119420178	-0.010967587111893683	-0.013361653319981964
0.06279923368930718	0.03530429249187724	-0.007304058587618808	-0.07096047000300447	0.08721571343486084	-0.01896702641084165	0.06795825926888686	-0.02323766563514896	-0.046785609417166585	-0.06366308074651345	-0.10856171032067355	0.07280734817238683	-0.014765845487893137	-0.039272335562553426	0.005682296342491278	0.020634602914045345	-0.0836926784485445	-0.054185395746923895	0.07335348964849166	-0.012157250579203796	0.05635175370121463	-0.010899934515896229	-0.0015888372950551028	0.04538264411098754	-0.06003417946106589	0.025243870039328473	-0.020892772920127808	-0.030665927309888368	0.00010068355469512041	-0.04099674444890609	0.03012226643906008	-0.05265729844558473	-0.013123275340794913	0.0047568372348800675	-0.03613780505862997
0.06182687743466383	0.03758129345493188	-6.387592403064e-05	-0.0846162990452999	0.0868664580645945	-0.004921790727369532	0.04077411436017664	-0.02527053204823428	-0.08541811280107346	-0.032045684089813634	-0.05079531325741576	0.0774752399714384	-0.016457853465686286	0.017150585032637607	0.059757244585778	0.07810130577391543	-0.051812996194250366	-0.11579882841168582	0.06216750687488069	0.010999167017118075	0.023754841528650407	-0.012296275636168804	0.024960256226970533	-0.034287441139400625	-0.07991082777188778	0.03632549516375174	0.03165610331459845	0.06014483530834193	0.03378782195156545	0.07495539571112955	0.06858217593963763	-0.0031669527021523786	-0.06241551552123239	0.004258288191580511	0.05471708713048853
0.06154192463241614	0.031927317376781714	0.007240002687412323	-0.08288878747619252	0.06637424895154666	-0.006648033115743064	0.06231154927745487	-0.016329747972251993	-0.0668996557495141	-0.036455607765002465	-0.04689008638438549	0.03726205900999931	-0.04270205950706949	0.040757349312582986	-0.0017523592082906644	0.08060353363296541	-0.05143843512289835	-0.15423835023283888	0.010633510354469168	0.0782051543281631	-0.009433302337552534	0.0810110271458439	-0.043805789306939596	0.01845014086051387	-0.011266669180863945	0.07089896595007912	0.04226140462821233	0.04113057255852787	0.03450628312601292	0.0744027104943184	-0.03190984340031602	0.0433073021547234	-0.06516903412871458	0.033538883439413934	0.0702628840177301
0.06470803838699737	0.029364069862289722	0.005780888155537063	-0.06332127403791177	0.05722624371404527	-0.0019014497607101645	0.04761343050625785	-0.02115653770565867	-0.06425904732143507	-0.033412085184687926	-0.04304392115096685	-0.00494192351232796	-0.07236760004102523	-0.0338494361652405	-0.02826370179754843	0.08645552387109308	-0.07382135889341487	-0.08687661727116441	-0.06694026568500368	0.1344218796828191	-0.06689400180524181	0.11898589069352612	-0.07417150494191518	0.10028927532721088	-0.015453607254544643	0.04521943806778724	0.03856731910638993	-0.037297782278659014	0.046960899188962776	0.03932563459431908	0.009918506885566218	-0.03695115054100247	-0.10963295812841753	0.054849510582411914	-0.05571863385222771
0.06253747677327218	0.032636738299401745	0.004164547437394811	-0.087036100668067	0.04986957532730711	0.005447884844015334	0.022982811897610325	-0.007998731209537485	-0.09924180720198507	-0.0663053903787778	-0.006616151168191093	-0.00564982555671696	-0.020723507643584185	-0.05223384166917492	0.004812450436968089	0.07071871550390779	-0.1283284496028261	0.008373846488809861	-0.061417904889324894	0.1763298346038989	-0.022368764587221403	0.08591780498635229	-0.0679386092028749	0.05297579840936177	0.03727493736090727	0.11486965963593591	-0.005364717010333864	0.01720552307632231	0.05158636229582411	0.028990598714611782	0.11874795632283942	0.09057304691206958	-0.11685500971099638	0.08609365817116657	0.039237232909742556
0.061879549797040356	0.03532219821078388	0.0019172948539952644	-0.07967360073191308	0.02496014882325792	0.008973372833277631	0.0038911632893335046	-0.04357926939472645	-0.10725752998478927	-0.07966468294721672	-0.013090081181753092	-0.0463971219268893	0.019298796346795065	-0.014015448298773983	-0.013974486055914387	0.06047162338798291	-0.0936114331426481	0.04372393934564507	-0.029179047820536014	0.19632271904010756	0.039495107052621714	0.08809776461000904	-0.054435482452186594	0.016609129899388363	0.0876524493631826	0.052984603206215605	-0.008578232268624225	0.10057382807999589	0.029330439168940143	-0.007229027064445979	0.04030051060618082	0.1768697042757735	-0.06898326802311679	0.13089275242984522	0.003234486096925204
0.0650791321493248	0.060610590131628735	-0.013621208784450015	-0.0026907115147347662	-0.18310368798430085	0.09289086800275925	0.1250874954020656	-0.15896516830850185	-0.39094810634731797	0.1142386008746184	0.11028457251153027	-0.2372769644806192	-0.19187686179466826	0.11332449295793193	0.1656970136971748	-0.025980005169222123	0.24108065218919805	0.0866079740367138	0.08658191989526795	0.24992271064085025	0.2419390586078543	0.16975709933736105	0.08446255563483795	-0.05409390298694454	0.04325522997528594	-0.011703504583305463	0.26602358943538373	-0.2611249248994482	-0.1638978060983396	0.00536033694707377	0.015601282285820223	0.009809796561171136	0.014908247849864179	-0.14846186608262746	0.16002427744257527
0.07719260655062148	0.07665736140390002	0.01397498221934183	0.11180122657225318	0.09401777136633448	0.01830157850494372	0.01334795700564238	0.1101144753540473	-0.040435398797095366	-0.018479837516707166	0.018259695253136074	0.0007131463936274282	-0.019414743601497485	0.03170942393893254	-0.08917136300881515	0.14963583824908003	0.020422148373710078	-0.13137473229057758	0.002300502580458618	0.011335864448914074	-0.31982450979113747	0.14578911351719767	-0.1930178449794955	0.09023708877511885	0.2086023996574212	-0.05365457041111076	0.12520630755420517	-0.055786561395337	-0.18856303460177337	-0.43846830381085455	-0.055479090396173394	-0.1496737437082464	0.21781881690887214	0.09349097218010156	0.11109329613310887
0.0724324051902524	0.05724142257470639	0.000994052616668446	0.0827925112202121	0.03257672133286717	0.004902519317946551	0.06598854519192375	0.011057777435788016	-0.04610465415493729	0.01494196787175841	-0.021232801478282947	0.04039222433746954	-0.055897301002481095	-0.0683195894423758	0.09322754157736235	0.08692755095105717	0.0574210146015747	0.04013276814526176	0.03841755615161427	0.08850432701805219	-0.09623359768928907	0.03529997741596541	-0.03871560105695204	-0.0053470210310845034	-0.02916972518136398	-0.12173209744061493	-0.10989255133386892	0.06757895195847415	-0.09362255541091577	-0.07848598658085958	-0.041382543851520175	0.05486159137659859	0.07669794572287039	-0.004356001149827796	-0.05246173420864388
0.06895354232283805	0.05102926822938594	-0.018977400330341627	0.03117317607945849	0.0477490504607232	0.0012274173034636702	0.09601069314325238	0.06772274046985886	0.055492172463032126	0.015364668057564868	-0.001155514444925074	0.11461400173865764	-0.08667331411379937	0.05177649635119905	0.11411723086822874	-0.03119029935444067	0.07922476658244469	-0.029388638683216874	0.04549837953721046	-0.001491256563317979	-0.09153597161247032	0.01959805896551027	0.020946012624876525	-0.0018861715948491203	0.05086100304993421	-0.06788326536233788	-0.08412288167682765	0.039654163650255536	0.0108731304175533	0.0714653065675375	0.006753205011289251	0.08464547584870522	0.005186655448939997	-0.05444466819283098	0.07148786004840008
0.06410779665433544	0.06321504581975257	-0.021765304178840823	0.03516655858228885	-0.029613350018549853	-0.04299291478914132	0.061216309585302	0.01614383704169633	0.008930610013751257	-0.09080932887278201	0.03846287854537529	0.10092124999872754	-0.1085345013269109	-0.09147517145248409	0.03978550955821421	0.031200837310653175	-0.06451738741711849	-0.10552716263849081	-0.024111749061016235	0.002653427539817288	-0.1320492021924195	0.03858613237501324	0.024888645446830365	0.09030089561609282	-0.029149268196156958	-0.13862322952020553	-0.07575018852441302	8.191606363352338e-05	-0.09775307726458711	-0.051051998647723404	-0.09737241502130008	0.07754096712004573	-0.08752778464765439	0.13567152057167964	-0.03552572931370099
0.07060158745875465	0.07819793137862577	-0.02030182757606025	0.06202214394099906	0.015147361957706528	-0.008395533326862404	0.01920939406127411	0.037155814388186326	-0.044417186045872255	-0.00033867967454211594	0.038202044053310756	0.07166029016479504	-0.02712728732884598	-0.11175126802058899	0.13234254598933487	0.0897316906727537	-0.008074639373311918	0.04093636571853476	-0.025915854114221138	0.07164465932791814	-0.0837532673028518	-0.00618879416047096	-0.0011476333797017582	-0.01548944743570586	-0.04306689393795631	-0.008955588079027795	-0.029233971994362732	0.06860573107520908	-0.0940499895755585	0.02340581872526592	-0.007134579863009218	0.0010231696796868285	-0.01693235471703071	0.015157532135080906	0.07165881423472513
0.0701790390806455	0.07456297122770018	-0.02518505523678306	0.0655200388352702	0.021693409322397078	-0.02670841216170748	0.016070359264743667	0.021004270360690296	-0.010651925958190991	-0.03691905053738495	0.004081055073623519	0.10396661948658291	-0.06530017294024533	-0.10348554237865623	0.0911959033009959	0.01628209724678431	0.03592059746837782	0.1153805151972284	0.004973596418785374	0.08830596416108018	-0.014428948847408078	-0.012883785121234451	-0.00462253586121697	-0.04704840840284392	0.01307101260995705	0.01106244257191824	-0.05064517474573699	0.09930843776336687	-0.09846025028040788	0.003961103131053173	-0.03430587606955844	0.051975380265343735	0.06212293211003088	-0.028179504523611325	0.05484320629398019
0.06905995455733828	0.07445074803634621	-0.02791071927405483	0.08419467961898976	-0.013778260203476054	-0.024389184374526193	-0.046371845933717945	-0.017745036161262235	-0.030559327113422713	-0.05792185291209514	-0.004607460093077391	0.08367714770051296	-0.037816758637364355	-0.11945549048100995	0.0385301530693408	0.005301553878369232	-0.005093304852386987	0.06609567813676791	-0.0011493039963748918	0.07397213585312597	-0.008603622083102861	-0.008291010989864296	0.004309165985605101	-0.02437315365130689	-0.03345169401194737	0.03886257505495772	-0.0026262471585947016	0.00038046458461810095	-0.1408658762509424	-0.01759567041194951	-0.04947894961284863	-0.02292917774004216	0.005001896522636464	-0.02268811545411322	-0.01999335113002811
0.0695845912031789	0.08215669372096594	-0.028705422372722902	0.06657578118478812	-0.04704605158444157	0.0016540061398769644	-0.057368826250799886	-0.025522226732198665	-0.0460472331258154	-0.028230889115881726	0.03114871222999103	0.05347093875037244	0.05547163327537127	-0.03571251399092302	0.057653419829625276	0.0829221954378403	0.01041350105782909	0.03938504214297877	0.07406700489630012	0.040708342963331694	-0.011398362684885466	-0.0547595856315275	-0.025962438010869015	-0.027855833626654773	-0.09031971054174114	0.04010847648628765	-0.017788653459805452	0.030052346931195212	-0.034036116256051296	0.07126086608540652	-0.08967348716599544	-0.04970568042636158	0.021996455170060113	-0.03684051782739117	-0.03716962669408047
0.07081703078642138	0.0778541818680036	-0.02776656305025164	0.0486171635499548	-0.04974604710617475	0.02194921717272902	-0.014277337152733278	0.01089497693142871	-0.012822750420893723	-0.050328848681385756	0.09811841984840979	0.06216963603457438	0.03699391246388069	0.08361550759798621	-0.01723605005401413	0.03681326996267694	0.020428141206822	0.04252921493502934	0.08944524058142378	0.08524409953786141	-0.02563607036932914	-0.028759086709835933	0.01288137539064816	-0.006487313592154971	-0.06808018901334828	0.035268790925023136	-0.05267565005729777	-0.003818595456326753	0.09837303697656691	0.13586523182517454	-0.07111197286741314	-0.0387479944134418	0.06773224794719564	-0.0037037224561784626	-0.023977894011293726
0.07039996650859924	0.08426202085987516	-0.0344112760016338	0.059232562824696376	-0.05708184242433204	0.013562141443172297	-0.05607775447755088	0.0157626053710855	-0.004367063426102061	-0.08246352705241217	0.1006859822362334	0.03683558621622203	0.05232943132044468	0.06802826399542085	-0.11794967548425177	0.003486812992417637	0.011162978637281412	0.07787091501426979	0.06394570626966874	0.07063556703047573	0.07564792616100983	0.0226342908190256	0.012169534520253027	0.04436887042576465	-0.012520394325091048	-0.003360869405416047	-0.056569885133769975	-8.786926275025089e-05	0.10428739922151944	0.04702800376696265	-0.015482838210914673	0.034506808250569794	0.14113870467179396	0.05835528395642141	-0.0972016113448684
0.06981447952094398	0.08642682616782597	-0.041410176826500666	0.08312087489231557	-0.08212154981886853	0.0034555657459368915	-0.09993552867008075	-0.023838243095577548	-0.006317606602646251	-0.06892884216150331	0.0352593114367169	-0.01774439804099567	0.06760848751138059	-0.009303232755842182	-0.10182017975784195	0.019908898668856017	-0.014435815915934638	0.05818400424556377	0.06978685924013217	0.022837954069242224	0.07011401186507428	0.034682933963650645	-0.04434176189635347	0.053012415725450866	0.012715801384478063	0.024819473230797754	-0.020202141719343286	-0.03275569985998304	0.05551982557724016	-0.05006301700067851	0.06760803740243139	-0.05243601088929973	0.06365537785086578	-0.009770581175836065	-0.13367551149352075
0.06798186400817376	0.08936156781986228	-0.0415170808404621	0.09825886017211305	-0.08082814929823942	-0.00140495669412588	-0.09407807645902952	-0.028396600338770832	-0.01061408406608895	-0.017855324648733836	-0.004490910271076151	-0.03634805659908704	0.08625993591978334	-0.05724921014987331	-0.002904390264549854	0.06651181125075621	-0.04086491742351865	0.037405124153562154	0.04661043080068138	-0.06510001910128604	0.04117095282111664	-0.001539023255781476	-0.0385895655727182	0.04836441519989197	-0.04866944745581131	0.035053675909017395	-0.03227426184634538	-0.03669720208732085	0.020978545648923777	-0.06523591787396135	0.1332055137395524	-0.044192000538462436	0.005222867281991075	-0.04364808682672035	-0.06314996519143938
0.0720331319885625	0.09047614182592209	-0.038162279019485004	0.1001525753723731	-0.07631121703550695	0.02276889197596645	-0.03387531892857761	-0.01908924865935431	0.0028196471731165187	0.026241957805167006	-0.007567504461215268	-0.04633739618906795	0.1210451651666545	-0.015530593942948685	0.03511445627524444	0.08846881449945937	-0.024524130223513803	0.0284927762158452	0.05918302214365383	-0.0989828095691936	0.05490693087254406	-0.03298897383591038	-0.0593161073246508	0.05700333120497268	-0.07728142578913694	0.007747097169587656	-0.08578910059165326	0.020478537652829875	0.019866182591317803	-0.02207324863046853	0.033478129893713834	-0.00940717135886255	0.05287757283145727	-0.03436413212843874	-0.02420115375381189
0.07623239187256255	0.08758367131091639	-0.03420289092843928	0.11169912310030315	-0.05042411141966212	0.0263194247462837	0.036048612692650264	0.03425299852543892	0.046067602863848395	0.007213540084519498	0.017197808594255442	-0.03382900994718466	0.0709159764964242	0.007977480550875911	0.016681936893052057	7.54899594485513e-05	-0.025342319190193904	0.09525021765843765	0.019724066978741923	-0.027692722177509066	0.09255538004802759	-0.011993171713490985	-0.039066260792876395	0.11519930346007304	0.0024504787008952506	0.04889541900260544	-0.06272264166505519	-0.010175339910143466	0.04860045504755871	-0.014123267180396616	-0.011241430224239221	0.0315361530351212	0.008994093530489928	-0.0412534393680524	-0.033480147949274744
0.07642551947662533	0.08375113444536526	-0.03261804854898061	0.12566103473292017	-0.057667379447957655	0.007542057769975994	0.014926015535311081	0.028577654610022894	0.045257396438267906	-0.023745307992739596	0.0024077588651233743	-0.046821640934537126	-0.008494944577365306	-0.04597301977238312	-0.042332282247771504	0.00643046642500804	-0.06613072814004824	0.07879010766060927	-0.0742098640618852	0.008177307646880756	0.1148371514376755	0.019010704706683985	-0.026923850406935915	0.07867520522742613	0.07141626637312377	0.0660463977442805	-0.003065843110454474	0.02557950005143301	0.015170457624435604	-0.09444310279426066	-0.002024639218434862	-0.04574666945909017	-0.14379182517622413	-0.02357932555323542	-0.012613657958639599
0.07589700590974395	0.08759595209222606	-0.03337775349174763	0.13482033556273632	-0.08108610116701478	0.01708390045640592	0.01692186707114987	0.013089481039635743	0.03945950476251319	0.024044233019799598	-0.004073079022424689	-0.08467546541047309	-0.013813213977879216	-0.03178101897357714	-0.029459107277570777	0.08686364829187328	-0.05005640881599363	0.020167716425703662	-0.07829241684314389	-0.01811737402379753	0.059469332045967487	0.018028074571317075	-0.03482803779987024	0.04000050253004667	0.0260762925059236	0.0614322541133844	0.03602487091252182	0.05238939324682167	0.028057971233521717	-0.010161227570129248	0.009506077519486985	-0.07282679591098004	-0.11236487584960847	-0.017501065978931807	-0.03833576105862566
0.07935041974464181	0.08628419086151053	-0.03001833011666851	0.12724287255532268	-0.06748859827767369	0.034127965214081804	0.07289558893963552	0.05084676158676265	0.0638748179453196	0.02689120524493889	0.03548365517511233	-0.06755738953323935	-0.025573004203215264	0.049220271855228676	-0.030320781017127794	0.10428994577958363	-0.03841527974912643	0.036582707185079597	-0.06832363088279096	-0.037582057885512124	0.02329686273774694	-0.015773312272417406	-0.006634528057926834	0.06052737709813785	0.014857863796482596	0.078794876824545	-0.03373541431223254	0.05721306212963155	0.08593349620007054	0.053050379132343034	0.06584067689263429	0.025551584747508172	-0.07352256191260646	0.015090404219857224	0.02067237916197192
0.07937771308791697	0.08716840590734423	-0.030050001350585723	0.1288017254724119	-0.05201914983069686	0.03178837569264607	0.06356475947519606	0.04902717474783959	0.07240637016760476	0.0018488968853142553	0.05423330795735528	-0.03480913590614415	-0.04599946042639921	0.06253823875350906	-0.08204372321180148	0.0907298115532297	-0.018571363744966818	0.017342143633858345	-0.03274655002750361	-0.021450896164528267	0.06285623076678862	-0.014512738440052159	0.010640011706971236	0.02853844159813154	0.024787784952983276	0.06627049641396124	-0.02505098328699095	0.031031059127255248	0.028117407807250906	0.05726000050083102	0.024364719658371864	0.06336908500222813	-0.04407566958435194	0.07195522954862565	0.011696360309187536
0.07822063662920815	0.09119776435869259	-0.03368423461110884	0.12798664400726517	-0.053067152752522086	0.035243010263401334	0.08112872980399288	0.04033781827598566	0.06692172706388942	0.033883979223472686	0.05145896577241482	-0.02779326642273045	-0.02001111971482909	0.04857194870621098	-0.07222183933805319	0.09608356315594765	0.022742531584827433	-0.0031735617749738543	0.0009370553808081621	-0.007844056117999954	0.04381701749970234	-0.028673908804414863	0.010944958251457332	-0.0009507864742355357	-0.02971718352096373	0.06944105258663553	0.0012272939976615584	0.016681906797783135	-0.05045281202922299	0.06458935731245662	0.04492470335154915	0.06990568102598343	-0.0639726883307958	0.029204880000548047	-0.015502933984901882
0.07660921932575818	0.09049601358215857	-0.02571710845074657	0.10686706939601805	-0.03711113497685281	0.014238337869979904	0.0713105231635636	0.07467418422763268	0.051380570386725694	-0.022336292469091787	0.1212237518765377	0.007400439800044955	-0.007931169813885926	0.024302554914230393	-0.06705819027949039	0.0698217326101819	-0.03772746382756033	-0.014056357181889799	-0.021182454740913088	-0.0738216950209934	0.04814166761726649	-0.05060057146186935	0.04104782943664234	0.04085652414282381	-0.04122135524973409	0.0857880718492844	0.03159404374930757	-0.042330360543089196	-0.04318970146229077	0.042275124956506566	0.037708639199842076	-0.014236339840510044	-0.11495460847033749	0.03198361951455003	0.08332274580302507
0.07609872458161375	0.09237049637444934	-0.02508046747341836	0.1107974160871223	-0.0355931751160707	-0.008917093862670509	0.012187922642379235	0.031229336721026502	0.008057590095326996	-0.07180672311404024	0.08342423793754147	0.023932039291501048	0.0009929011011581199	0.002524411747656309	-0.10866252894515187	0.06256617053105257	0.0026765514241181773	0.009378822283977614	0.039400575653820595	-0.07727125071818902	0.07682092305556266	-0.015266725701736067	0.06871934983023595	-0.004552770084990535	-0.022529166420724188	0.0002857028084079817	0.0542505378672444	0.0028584077801157796	0.055468988022185445	-0.01961825449315932	0.01137309270312294	-0.11284228771092823	0.013006737392625624	-0.04077416538736403	0.05608557728912582
0.07472142026953965	0.09662957316154294	-0.03873624927023721	0.11191795284871915	-0.057980336582660164	-0.0027265560722038976	-0.011734607783545306	-0.0013355458753861146	-0.0037546530804943605	-0.02528544823545562	0.0068677367768285105	0.007300067829436814	0.02316131805047545	0.0015994797371246487	-0.09007527205095568	0.07538569061002567	0.03951967461811958	-0.003494255532086284	0.06390512031907898	-0.09807937262146214	0.058252746387103746	0.004931512132473795	0.05309576509132689	-0.02488052885007554	-0.05961512914877781	-0.009993550949887638	0.057017020665347626	0.019405992129002278	0.01897983430280274	0.005600984870229881	0.03128906663081184	-0.14095780963166893	0.05556564689876092	0.0013609144983796565	-0.036102648089153
0.07603319120859353	0.09704563260477196	-0.03278118365681367	0.09995777156411972	-0.04178434040138211	0.02311691795224694	0.05504631181696933	0.037140764876483275	-0.008895206785815962	0.049251087980928004	0.06318801098847489	-0.018706592101548944	0.0410506872463999	0.004617971123815166	0.03971729215963087	0.1436279937427112	0.00906926469521007	-0.08118628899767327	-0.008742657846938187	-0.11949961466312987	-0.02508365238875744	-0.036357700371412754	0.028082269826258784	0.027069328551518487	-0.11853100878929693	-0.048752093177893294	0.026908212197495243	0.013507337209628075	-0.02479350558150008	0.07155698979393402	0.004973208083466046	0.018371925922341503	0.01981914823537272	-0.0323261961279375	0.04773557891833908
0.07084091374756805	0.08625759759940073	-0.03510135252899642	0.08578146575985908	0.00803699637408206	-0.006850380201774226	0.04362414375340721	0.07635641236977485	0.04100077619336541	-0.046776955745825376	0.09584684583490802	0.0692142864678861	-0.05745896638435727	0.012263115526807845	-0.04693568706394253	0.005000008131281876	0.027893975914862153	0.038868937343841135	-0.01554057354669734	-0.09746257084302097	0.017089956373255312	-0.02251609503770613	0.046491677742430695	0.020446208605964092	0.004988210277278679	-0.04015767839713163	-0.007678552775911108	-0.03906188007000015	0.1088985694156637	-0.0206499996334174	0.02117320351675752	-0.06017746565344106	0.010157272901725868	-0.13494857292809875	0.09727025359457658
0.066649745473048	0.07443818488154681	-0.04219611799411071	0.09035150865054783	-0.022497228780118533	-0.014414804937329998	-0.06776836748244973	-0.027643589776611455	0.014034459012018748	-0.1043554622387048	0.0009562296263043055	0.05229487957593527	-0.047456566628331545	-0.012982850866216982	-0.11732154272200271	-0.053098576809686104	0.012945397590132055	0.09107220952570592	-0.012540986715698366	-0.042428110251294754	0.0637864709992184	-0.021593396537862283	0.061754314720488264	-0.03333091446758171	0.022630963915800155	-0.09868495548285548	-0.01673721073938971	-0.05981604515228757	0.04455128133382504	-0.10985419149540691	0.07981876678456033	-0.01799459848161975	0.014850441992996326	-0.058906866179335965	-0.09071796773374284
0.06106981799070557	0.07780510820158199	-0.04922274348315615	0.0824460249619801	-0.09223434321624097	0.0009415591364720612	-0.09677030444685766	-0.09778201924760292	-0.021417787416648314	-0.05591298323760341	0.002625299848974429	0.0021844712020869586	0.007269676547917028	0.02221254807709705	-0.07871910242360251	0.03564671836691009	0.04140082947206389	-0.024663100869921694	0.00576676863100605	-0.08976626584750708	-0.02075115972504971	-0.043776497645415864	0.055260339508604955	-0.07487861774922461	-0.02114315507825796	-0.10738750962828567	0.024768753478191758	-0.008145368000177993	0.03695493267392088	0.004209243797146295	0.06855999924876223	0.03937637436793432	-0.06408062593627918	-0.00423185318364187	-0.01936660290189153
0.06306802345878143	0.061887844484967876	-0.030991400550445254	0.0400346403490716	-0.02873913036983562	0.013101587511187476	-0.0831734714533533	0.011836997089561332	-0.044822871832362395	0.019045747412007385	0.045055941067660595	0.044250544330250594	0.026496044557654825	-0.012844407212653949	0.0863388224625816	0.02956570700397297	0.028114657969065843	-0.023914416696081124	-0.10501520552595739	0.020322068460213033	-0.20543290312507534	-0.0001311966545545669	-0.0035802362111231403	-0.03479305486929171	-0.04105086099400338	0.006991568720386011	0.021506365433953064	-0.24730342821375473	-0.04487553918943354	0.09491427913418109	-0.04022073113730397	-0.026514953147269815	-0.03705201502770947	-0.03240720157874283	-0.01949583974633585
0.06041594113130594	0.055521878930599754	-0.03937139640177944	-0.005441939496940236	0.025370226072267348	-0.002233681131601073	-0.07614971399327215	0.02107531674282001	-0.0321723692462417	-0.07895656607534592	0.08149585432932768	0.14694051521675625	0.007051306109803247	0.007839169678622417	0.046068166488781044	-0.14508285020291897	0.06721658040448711	0.018651645965906693	-0.029018726775885396	0.07862724521899034	-0.10979376232042626	-0.031227005805531595	-0.00956415916838571	-0.005419515350051744	-0.12057607118348511	-0.08751245189444419	-0.07203401191402668	-0.13609304456186141	0.03307020124704543	0.08447035078123966	-0.07460989825241858	0.04469047285860804	0.01524887835444087	-0.11754279453466973	0.03135035560912833
0.04807696500460129	0.04964560307790975	-0.04675549495295885	-0.04924931615811724	-0.018899179234919884	-0.037321856089712946	-0.163858326367792	-0.053344994954887356	-0.05598061423644665	-0.12584240949821088	0.06552040428098337	0.14547322144924682	-0.010994197794587072	-0.009961818633101423	-0.024888739977067496	-0.12628327303916806	0.02679358609383819	-0.12015243922321639	-0.041111375494508474	-0.015329398088282084	-0.03966832925674768	0.010962835900163573	0.04145780651047537	-0.03746497955819046	-0.06646956986372338	-0.1569440171695699	0.010502881195201479	-0.030958147004139687	0.07441291827054727	-0.009102575010451173	-0.04260673381355261	-0.0035368143801647123	-0.023638226461552593	-0.06737097589514299	0.03136745820513234
0.051547055702970454	0.05610252391772451	-0.049085266986546076	-0.006794587217661837	-0.07122787113380598	-0.01518089646926182	-0.18399271201377357	-0.11123132975728243	-0.05098708774968781	-0.03290727909670387	-0.0218952623065809	0.03285910378867443	0.0029249038287659933	-0.010030679382066502	0.0005416284421806343	0.010258309850926179	0.025561838682040795	-0.18708366841765756	-0.08494028159420969	-0.017131104120420532	-0.10284177423175883	0.028026572839408695	0.009299692498621046	-0.09212687386680043	-0.010274030582045214	-0.05981514562968287	0.04782994337528579	0.040673308967486305	0.03185344348110749	0.014841903082632123	-0.04581964709475225	0.061293281997305285	-0.023618347076345293	-0.056135595075543304	-0.025239523997534527
0.05817489447856387	0.055800237130593504	-0.04091533204592568	0.0017906385650338287	-0.02168608816430815	0.022129002717482634	-0.08949004415982802	-0.046966675133165076	-0.047391855639444466	0.05045555446003539	-0.035911327764715784	-0.005417030594233749	0.09020276176411694	0.004080993371184321	0.13437963512059714	-0.014078993916536048	0.029852660738047678	0.0005675816194081989	-0.07149263508801636	0.03932421602231867	-0.17431021291637797	-0.030506745485863213	-0.013172626047562613	-0.07449132728995797	-0.04878052187170071	-0.03892699380741457	-0.0252759360594629	-0.024036375443628858	0.027432018614422037	0.09105414694948097	2.217052890642751e-05	0.03260282806914069	-0.05445491537429378	-0.08604915829746518	0.014899430185385906
0.053774542056150676	0.048348558787102966	-0.04485748186033528	-0.040287898153953554	-0.007893179952058576	-0.0007351629646055132	-0.05420798190337089	-0.014595620259584236	-0.01853859457809822	-0.05718662179349169	0.03793066693511137	0.06015112195018244	0.06255602079828089	0.004306275065014783	0.0835820549543003	-0.13768418199107335	-0.007944328745542115	0.03035498356822495	-0.044734192084841154	0.055628836360706035	-0.0851123843787858	-0.03274518928353394	-0.04018738890648833	-0.030354187756333226	0.03038772466193599	0.015017201911847772	-0.03072389664445056	-0.062456538961918114	0.018015445157241253	-0.035173940174489216	-0.01890784950951059	0.03417890020921144	0.010404700659643454	-0.08567573900676835	-0.00480668686974476
0.055369216927025795	0.04598831443538826	-0.04003566301702297	0.0015914828173614626	-0.027368846028666443	-0.002330450683982609	-0.09534035436945616	-0.05336340724476926	-0.00995661394290738	-0.05555940339683648	-0.05625122013578393	0.005066593450176179	0.0425561639717404	-0.021126068174437462	0.03808439303434338	-0.13050368827090872	-0.019496937564204165	0.03260963924066366	-0.1053553091379999	0.06053077080591387	-0.026988814968463504	0.023005924090521497	-0.005738368266840703	-0.054578194122389026	0.13847286213277615	0.022473837481394626	0.0064847507258378526	0.03214274567013631	0.019999270849416082	-0.03695902709859789	0.007043816011929441	0.0819825511672909	-0.007296574749913132	-0.010164383774164981	-0.03498035252740717
0.05480287876594059	0.042802041638984496	-0.04031543935621693	0.018314704164753386	-0.04087514998239936	0.01693089946275156	-0.09392813953999259	-0.0861528216939481	-0.006231270371611809	0.013229536532183984	-0.10705075651765357	-0.05043235064653282	0.06205759720965048	-0.009851229779847025	0.0645295346112049	-0.07685481925992463	-0.037052692800525096	0.025524855871828987	-0.11783196804269186	0.02237312287305044	-0.05056274111670797	0.005364277730197042	0.021728701197988802	-0.11426923894822474	0.11885025416528672	-0.00977517976817301	-0.031373365861660125	0.08451661089813005	0.014576577235957601	0.011899294616244338	0.04976180326179375	0.10149978524801359	-0.06632883728305773	0.029071881467564717	-0.0324514400600603
0.05651897611446987	0.041296686819230856	-0.037331790831064804	-0.002637225958118595	-0.024434405592405985	0.04108157688268289	-0.013445718513518458	-0.039379822885920436	0.009746515153012485	0.06194510686464942	-0.06813968244191358	-0.0721396103628467	0.12826107390517175	0.04703073224734284	0.13812774403284817	-0.10467116260251431	-0.02553843959814023	0.07763465583160167	-0.06600622393323255	-0.05060743170125068	-0.0918394867392295	-0.07234171408614959	0.020967204318944867	-0.10208098832803171	0.06644327839941021	0.0251393612841185	-0.047515599669488665	-0.015974208884614233	-0.03660974436688411	0.02940872935694916	0.07928413609249915	0.08013962147452004	-0.008153442432147925	0.01110424383470017	-0.023880651069170783
0.055216276235388335	0.042892083952970846	-0.036413888392003026	-0.0312555085789335	-0.0011083255989199096	0.016669147947879888	0.017375719712136733	0.028783800634998604	0.031776705370860386	-0.0028439994719250566	0.016998764969355522	0.007932305545605926	0.14630746087328253	0.023751308823673337	0.14941164144849814	-0.20277229856032994	-0.08624463025146258	0.04365947703617615	-0.048750836289253294	-0.10405639748719583	-0.006563085116017445	-0.10494325514260623	0.05109433055040985	-0.02864731624218162	0.048116141449328756	0.0360427913459239	0.01051716477279378	-0.10060298377368149	-0.09308701389151605	-0.07208474597144371	0.029917858731150906	0.015714945687165645	0.03368615606730563	-0.008017887366519075	0.014459529388073735
0.054692729677122076	0.04368001476381096	-0.031711289778109934	-0.03856315009637716	-0.005021635981402055	-0.0022973750726286283	-0.03795039832972247	0.0033861541834157146	-0.00877569337898195	-0.02557683211508496	0.00460187043277467	0.027666211234091458	0.12207920564228769	-0.01817069977335268	0.14106023136151435	-0.17137046634594238	-0.08282638930131812	0.00683435935652013	-0.09338751143463261	-0.05430352548847057	0.08052980810871957	-0.06444763651441464	0.013276847836070294	-0.0446693813042415	0.07060867009778853	0.013812711479411474	0.03477002584535925	0.001993937881961054	-0.08164372343111105	-0.13965615570392298	-0.038965487602530435	0.0070841471967258325	0.018980139111863706	-0.013494889987098255	-0.019373878762451165
0.0608152752919165	0.0489705933110208	-0.026590620189217463	-0.014740548321215099	-0.035377487296460876	0.026600186766152018	0.0013644790036197033	-0.0516286551370614	-0.030616574187109478	-0.011170270922205877	-0.024603226372683397	-0.02727280531345647	0.09997004336190352	0.025683724990970977	0.12821585903997404	-0.09503369168554623	-0.03232183793861074	0.008112624709255629	-0.027081013464687904	-0.029985467848480996	0.004360540007903799	-0.06427598161301987	-0.026348919560443197	-0.049561001111769525	0.03503853120427271	0.0007882003268707594	-0.001193037358491771	0.10274968509813015	-0.07697489271778643	-0.08451146180825819	-0.06960535542158892	0.03613793355577762	0.007875527292356108	0.05652661871925894	-0.055177964516184536
0.06827760097307924	0.05328355908566394	-0.015099057329290755	-0.00873594328336736	0.016523175275287454	0.047092702738324305	0.042767484612461146	0.028798410575722213	-0.032406682752501935	0.02493439625737398	0.025089662630342218	0.009002886635283914	0.0709133390930873	0.15572864100128808	0.12333735543547435	-0.04526118450900162	0.030093864446736437	-0.006329488440656682	-0.018082750558770913	-0.025373947660460763	-0.041100657975013194	-0.05635965928317729	0.007108104280708089	-0.060311260746493386	-0.00022273105913835425	-0.005427727882631727	-0.016202332695949083	0.06796305002825255	-0.015179886874730346	-0.03692981795038969	0.0339083689011563	-0.05250106264675858	-0.016933074630204402	0.046413524405132446	0.06869938603999381
0.06071364518715574	0.043184062443318835	-0.023090807996804096	-0.04036655034744208	0.01713888169366434	0.01791304340530721	0.05761224863216154	0.036613762955452246	0.020809454626429143	-0.02485204728901941	0.03874015628293003	0.038746638317307736	-0.013034637548336999	0.15019578621286564	0.06412838466996995	-0.12151240792784344	0.024854896362928237	-0.0013190972713214273	-0.05234863388704932	-0.06037375562295312	0.009409057779998526	-0.020566336752142915	0.013883190707378527	-0.05387553779512798	0.13907328291219562	-0.013865980299166358	-0.01612683508138202	0.09802049503839752	0.09331917395528498	-0.045059088182644404	-0.01957393626836393	-0.0438541187110173	0.01488037564818543	0.1085117702539494	0.07289753518402815
0.0595623582184577	0.039895672854774716	-0.02762246033006269	-0.004228725940721711	0.011575625910600653	0.01146182049641119	0.02961978625779776	-0.025487697702613166	0.03321252788725612	-0.019626908561932322	-0.04663421048055118	0.025446543603320014	-0.030502028886582763	0.10305525725600508	0.008171321853828453	-0.11859763526229725	0.05636711248436489	-0.022099329154902116	-0.03704893004370237	-0.024340623213579698	0.057652699491467396	-0.00047636680865749924	0.020703524055309567	-0.09995100579198644	0.13341657797879733	-0.07305385398858825	-0.008596543255185354	0.12265097482771606	0.08169340825112828	-0.05721103936423684	-0.06149202436290828	-0.039929296184679	0.034443729513678495	0.062047524998587525	-0.026226103771344336
0.059703549822459255	0.039046096530601836	-0.028502580873907304	0.01678526962472329	0.014720646632531328	0.013943271938643493	0.03837197593506438	-0.037676205800125075	0.04120250731447696	0.015550413519916274	-0.08499914132188928	0.010118533630019239	-0.022569472577806834	0.08132591050376234	0.028342079470546896	-0.11217473301056416	0.09557429430746239	-0.0334416815956828	-0.014364791343355818	-0.0003338632493040273	0.030356034033399853	-0.003382834403882806	0.01665477185031977	-0.11872230157436836	0.07794624148260057	-0.06534574377499239	0.009367603916619675	0.08954814162512123	0.02326204972848478	-0.017561787558455617	-0.06881250765210332	-0.06197974587669777	0.029464249340754728	-0.026914215319164072	-0.04232315563069521
0.05974899484546938	0.03381048588157775	-0.027199144256943125	0.019603061091128676	0.004288390229967318	0.016111194455967592	0.0774446467838297	-0.023233996239641883	0.07019064295272086	0.04995969938522817	-0.07013142220471087	-0.0025899905944159014	-0.013326727721222632	0.09155242962473682	0.017451347700357698	-0.11519257806446319	0.09881628249014338	-0.07016190262863499	-0.02115172099477257	-0.0054648087654317334	-0.0307800036747428	-0.0029829669833059923	0.03102399793674818	-0.12438691123320393	0.08748091951032355	-0.05734877359628987	0.04755428066224719	0.033483682452189883	-0.027617968549484617	-0.008127601858642244	-0.10550760831676612	-0.06252164613302179	-0.028990859814217257	-0.0034492960401462888	-0.03178658551283237
0.061256781313836585	0.035523528251637786	-0.025640580856171245	0.009246519500417919	-0.006891677323853754	0.011577288385758853	0.12319635640385385	0.012340337969723652	0.08641548088452465	0.03288285571523754	-0.03135453467878996	0.02319766461849718	-0.04142396743619855	0.08871317319488993	0.026819279368453082	-0.13271230780746043	0.08719844917284311	-0.05359177583107088	-0.010993031430911012	0.005364869590090301	-0.03801259677729271	-0.004442483467890841	0.03365823916799568	-0.08196447781917893	0.08247146165311398	-0.019498879713653793	0.03219668092377617	0.0037713973057467284	0.013507321534230322	0.06911099095437623	-0.13308072602214457	-0.07530718587815449	-0.04969358233158951	0.05484654118433297	-0.024828373167505472
0.07200343012937402	0.06444854580037664	-0.017568522680837143	0.0698251672531981	-0.03969540202177034	0.007911068524101332	0.0701948528379073	0.022700164376160337	0.05590226970263348	-0.0005064877579809503	0.05547015566100444	0.04220671167488095	-0.06408936523569972	0.01584938910522108	0.01439139265817565	-0.0038718950033700744	0.006597660989010469	-0.060357011699324566	-0.028011799349024306	0.007862062750513236	0.017403168606073483	-0.015160742262672326	0.0337063737951401	0.007381913861649795	-0.01478909444696498	-0.03775713429518461	0.006968002912565526	0.04057640785255945	-0.06681306350493589	0.03803750466475149	-0.1510544429192173	0.08561043470141952	-0.04386517840695492	0.2735637186032763	-0.0813908200618988
0.0021936509419349204	-0.0015732686223734814	-0.040655885305053596	0.05962272137537018	0.32892887726231607	-0.01850859792837262	-0.2473290212400367	0.45227281686720466	-0.07355643861174618	0.202044130539954	-0.11433834569332825	0.11134571083016351	0.16471793603640314	0.11861387434246481	0.08979787805110755	0.08568858970823484	0.21148874919095167	0.03205711443396398	-0.2348573016310864	0.10502321938446499	0.2267756853748719	0.2229697635455091	0.197347160119547	0.004549845459411381	-0.0743460227544206	-0.06654542157929169	0.05154778928614517	-0.07608084148289174	0.05590336497472503	0.06454345056372053	0.14771468299996363	-0.06616284922622574	0.1768602110943867	0.12847432724891794	-0.1114268465994434
-0.08686570393462809	-0.08381510811277439	-0.10146839814717389	0.01051128694975475	0.06240675865115343	-0.025450691246890658	0.10526995918289758	0.07074985965077389	0.0038272126909118854	-0.11387289113591045	0.11140262037923553	0.11222080355144037	-0.03603008176609462	0.004473814465305107	0.04819871636182259	0.09507179594033029	-0.025802289322889214	-0.01621895733740689	0.07406594579410367	0.041847051813286455	0.02288481628449384	-0.006826719338753205	0.12601204754955236	-0.0731256197939411	-0.004329660238324727	0.029129156025871763	-0.056944871823126984	0.12068142662133952	-0.017801964083934592	0.01989422205346211	-0.10726385783366019	0.03940975297954491	0.14324391420063481	-0.05843214173658731	0.015357826343572464
-0.08363334065608767	-0.09360693306271864	-0.07069981468552705	0.025137795110632404	0.045908934025323755	0.012583895351579995	0.013677242960937445	0.01365220719887556	-0.06488713500777418	-0.034106396477694916	0.0632213504406499	0.055869078956195625	0.013335598104914581	-0.03346865583252167	0.04723697617562423	0.16084033935998482	-0.04199129110501089	-0.04161846920501896	0.02685254461535472	0.10825742258808994	0.01009423764491324	0.06051827147900684	0.04511346997091994	-0.10467925950520743	0.05248707257173457	0.023945670648677485	-0.11126124523217072	0.034863535896207665	-0.025670318132920075	0.07193011374584732	-0.2258385893452544	-0.018587287464423344	0.09986706233774338	-0.025443128892480727	-0.11231150260351812
-0.06763118591461956	-0.09461766257306599	-0.07323549256106836	0.010525227021049105	0.025400138643668267	0.035293798946320135	0.03480182273900238	0.00568961090706024	0.005777065191440063	-0.04175023695639091	0.064662862746319	0.03983001407902664	0.002790772563616605	0.08650904240198586	-0.027945772498736445	0.05655133230579332	-0.019262696563275644	-0.03291376111447987	0.053169731138281225	0.05329928162647059	0.00869726999236191	0.023225788724539002	0.11279151383860828	-0.06107667041075892	0.10113331810922437	0.15892884139600238	-0.15010372367536198	-0.035088674692162085	0.018301930209085826	0.05767398579140806	-0.17926847482038558	-0.07978655791863784	0.009911046738712778	-0.1652711945342819	-0.013414413493432132
-0.07375896581169158	-0.08989754971173135	-0.09404089106278656	0.05464213471157982	0.01851511357393124	0.014338984538267438	-0.0045375747921714196	-0.008266904731933465	0.03782153234789217	-0.0923698246111554	-0.004895721660963743	0.02859802417750017	-0.017179692501821397	0.06307602393996165	-0.1388566114364877	-0.0020343864220830447	-0.08705430674608973	-0.07244886950535448	-0.02315399525764584	0.053965399249419635	0.11333422210850307	0.0625881520581642	0.17517294382438864	-0.05799998608090284	0.13172081876450603	0.14740797652268198	-0.11032750428588184	-0.08328078976900744	-0.07099306319606488	-0.004915047193164951	-0.18272500525626656	0.09473801700262488	-0.058583818862042544	-0.03373880074047091	-0.0007279710053071375
-0.07834788059655613	-0.08869304549434645	-0.09624031369516516	0.04692512805608351	-0.023224454291229834	0.03322068767282287	-0.0632024888312637	-0.06599921296727813	-0.0218400811980467	-0.014434010314928811	-0.03752698209955624	-0.04860840237073457	0.09079116954172455	0.034900924214004064	-0.07109001658026094	0.07129802960036274	-0.14263844184771296	-0.1640732216658628	-0.0815325277471467	-0.009111388805247565	0.04761741733333007	0.039116476942476705	0.16511391693491043	-0.07334876521393459	-0.03043331942562821	0.08509380400550072	-0.023630858203672854	-0.074725601545896	-0.1975874297780385	-0.012853130066742697	-0.12553970773109996	0.046040185989498605	-0.037272952440952835	0.02414247703017629	-0.1247522371618863
-0.06551969575060822	-0.08030987741625456	-0.10036913936207913	-0.008465068848246188	-0.05967404993641214	0.02527999264023059	0.02723076115808674	-0.03030399499035585	0.01987437955565577	0.036016022333428065	0.023424472295614215	-0.11111925227270596	0.10386766368193744	0.010786296254801445	0.09591786096221572	0.07587283310386266	-0.19396240880508425	-0.01643994491385459	-0.053765913930992226	-0.012769773110029822	-0.031611969522013506	-0.004866241515513743	0.19535525662517217	-0.01481004044817523	0.040670256625658534	0.0811186821948309	-0.06177563251595435	0.00661500481048348	0.004466026846758014	0.00725464137477066	-0.04762599283335911	-0.01804626746411476	0.00841937205756267	-0.044625265391355036	0.02185958384720446
-0.051477609174074845	-0.07886007861377459	-0.08597825300181332	0.019158047972820235	0.028313448325793456	0.007972716729796886	0.004046075989001655	0.01999744624745277	0.05280682158332652	-0.0015771476043677259	-0.010630934123676598	-0.06316525710392304	0.014727428687612405	-0.01919913077230525	0.011778409080024362	0.012254705779840036	-0.08259032054383636	0.11469630706567249	-0.011900523913356243	0.07317844271484243	-0.06742380795934663	0.060288438331419274	0.20185527112232982	0.012055856404350446	0.1335200980098049	0.027906223921271747	-0.09352715935905062	-0.061806554666884464	0.05006617775301345	-0.07168351418257783	0.03612863797344139	-0.07249194042892336	-0.09802035912883829	-0.10815855644609006	0.01759674624235823
-0.05936391976262244	-0.07927183794992863	-0.1111833229512035	0.042090580798163225	0.0061595522254732525	-0.013731765087591224	-0.030910624079932066	-0.026426830624972565	0.053440264233113634	-0.023992092674170067	-0.07089958147650094	-0.04686296887395593	-0.05813369152457537	-0.06057743842009866	-0.04700488922107665	0.0247166246931436	-0.0874597272602607	0.09284704497523705	-0.006320437956818838	0.08873897609178091	-0.05274975255255364	0.10467348029746554	0.2135162152233159	-0.056723335417688876	0.13510196287901122	-0.009075792003560873	-0.07819259423855819	0.010633883704535739	0.04563909629632952	-0.05910870629251432	0.11801465003252197	-0.07666863586272979	-0.07830323645854881	-0.005326185488759739	-0.025386489104841134
-0.05648410589069733	-0.07192327808785959	-0.11731447808286474	0.017083959381203235	0.003978822491608057	0.01963694857487125	-0.009166580562846468	-0.05811302109047368	0.022773110596982067	0.0619784528808836	-0.08450149205735552	-0.05280700962332098	0.04399472395289099	0.02063081347878093	0.010315770270501515	0.07961203816031234	0.006793640059134419	0.07744745112228275	0.12207627427402296	0.04547758808078803	-0.07989732952239748	0.019657785970904493	0.1923061287829797	-0.08442881072575495	-0.0018338103920827326	-0.09133140070331107	-0.09715022207422125	0.010600153056755943	-0.08151659805087944	-0.05416504517368134	0.11595682205134074	0.005958902663457943	-0.07105458765308581	0.0002622705437155537	-0.14389031371070063
-0.01796593950807013	-0.04288748614722357	-0.10199292769216468	-0.06991910797533933	-0.046425032893320874	0.008091232247826841	0.008675798797217311	-0.011176276745470948	0.1288314899162979	0.11797337423494503	0.06846320372153959	-0.03439659484273663	-0.0633322225346071	-0.0023799226779690017	0.11745478011205708	0.0028236312987725085	-0.02808245392738662	-0.05234723123065532	0.11363199155758776	0.03316309800445819	-0.11288493672506261	-0.023544585451962377	0.0317350949036616	0.028280771217198505	-0.01826927727780009	0.09557791560077475	0.011795197862924253	-0.08123734143855363	-0.07442612942813168	0.00953380207580003	0.07850128219303018	0.061508295365018076	0.09377746589439356	0.02770642833010903	-0.1956626924515354
-0.017021038416477518	-0.03628701501000085	-0.1014178057175337	-0.06658911972685919	0.0004966035647067879	-0.014717556752703722	-0.01283141548641775	0.07262304341479663	0.12373694568779196	0.08502522272216857	0.05821450090560308	0.023077442057050424	-0.006096714041918427	-0.02658991238016145	0.0811609962869956	-0.1287938520722098	0.047227491946454835	0.05526918482204446	0.10828208277991329	0.08154132551328781	0.01993423647612513	0.011699000033873658	-0.08630776433567634	0.06455462420149595	0.05951719214455402	0.016707285245562024	0.008485257415042021	-0.09078204518862237	-0.018424834060370307	-0.006506020494438131	-0.026926047822419495	0.029619487735484798	0.12376517353695242	0.026884699381908756	-0.10315818806044039
-0.033033417036067485	-0.03295285588417051	-0.12908952637792592	-0.08351540307457321	0.008988785051080398	-0.030473839856283123	-0.09555097807143885	0.03674010909258931	0.12439587683081772	0.012320886079818802	0.07195561950673585	0.0920450681524556	-0.08746709408259916	-0.007555358414196547	0.019284019058675658	-0.12518121751373842	-0.027784391329445598	-0.030416634950899673	0.0888757930468993	-0.014006044088933738	0.14363994457658114	-0.04581708039305088	-0.02139546540475897	0.0007485859427979167	0.022312894251680825	-0.07340919425829634	0.07692159255709201	-0.04984308907606248	0.03867274439776415	-0.04779432712703727	0.05223570334686434	0.05430434831754413	-0.01762665561898935	-0.013257911855558371	-0.039862250958726544
-0.028144593805569402	-0.02499636761845722	-0.13239792989735988	-0.09438815701726776	-0.08840172648693291	-0.043385234585013754	-0.16499047613885723	-0.04587396441199656	0.07122301564376136	0.07067125910057348	0.004745553766105333	0.014753074238432555	-0.09403287416445465	-0.06005263339807279	0.04789341853879736	0.040755499009683	-0.0808381571833712	-0.12021912464703159	0.04328233283967518	-0.001961738927818311	0.042763502307050824	-0.0004053221701640769	-0.08190508381417912	-0.031183365640651085	0.019448499117397412	0.06116657617155058	0.12247955896647528	-0.043646691166585636	-0.018917890513877503	-0.00766391747381282	0.052461607769045994	-0.0549625869870626	-0.019663830119534893	-0.0029378160984540273	-0.0652144381876092
0.013937420670156471	-0.005115889351126762	-0.0844297229741809	-0.06529017736900497	-0.030556170409161656	0.021824484163525885	-0.1209590269064534	-0.0444659044844608	0.054409918989658405	0.11537842017621562	-0.040302648094656876	-0.02353047944594803	-0.024643925308639538	0.05214476203902954	0.08622114717026044	0.008463459715773664	0.08196073605373333	0.012956213274985726	0.08310165024927722	0.0013344971702735145	-0.0641169564715781	0.013990531402811701	-0.10136774886714173	0.04403086215554157	0.039722459141532065	0.17177828788922583	-0.09990729150949973	-0.05346745264349671	0.011001298529212021	0.05554551326240277	-0.027852805337070304	-0.2071254568062051	-0.05424191887810905	-0.02852580272057967	0.11230300593386333
0.008106700967547106	-0.017580811202758808	-0.0724346751621183	-0.061022113826841036	-0.010867515518247044	-0.009960097442969464	-0.051611554356119124	0.013590380002699957	0.11483441602988266	0.04957871702767273	0.03247978682184515	0.05012840697878558	-0.15474276243383978	0.04362148517093724	0.059405154005722584	-0.03665129604292899	0.08891720518645738	-0.025228190478575135	0.028213634660716164	-0.028964152428440554	-0.032104319799620945	0.04737759424178962	-0.02735761185019852	0.13966700147545963	0.09067666908487904	0.08245465337956175	-0.1552164285367038	-0.06451584595970786	0.01884443784238045	0.08595375770631507	0.03322244608160582	0.16150049548957043	-0.06914010074452531	0.15751251735728686	0.13990301539963734
0.0012870447506220105	-0.013025738880813945	-0.08577687839158106	-0.054746468911885914	-0.017741045601804638	-0.057852537474416536	-0.149350416326068	-0.0008369888076424826	0.09141920752521684	0.04950288501774069	0.0007108671121013135	0.07562928544704471	-0.15977548287871512	-0.14405512812145277	0.08213046869760776	-0.0377644050189815	0.04966931606262432	-0.04773656581008985	-0.047849424786536185	-0.02287137072666129	0.0987530858912305	0.05858048948567694	-0.07002711376091528	0.07835152796700642	0.0337607083494644	0.007407118996227546	-0.06641212870227825	-0.0037135902156512635	0.008817493660290956	0.0026568870848131983	0.05610312026561803	0.01901179098199413	-0.0700564704587287	0.11015644367038323	0.05850662887356954
0.005003330823789533	-0.0036448658425444562	-0.08495340438826718	-0.055405841681035996	-0.023939184503182668	-0.02824151687439801	-0.2126312021739216	-0.054000119468621	0.048168607783538556	0.08841540813489909	-0.03938084741810429	0.044547455969019885	-0.07294401708952857	-0.07372464902114403	0.08913221258803666	0.020906058310999065	0.1052931429310378	-0.06947673029423376	0.07468848517635049	-0.06209475246792284	0.12892090314119653	0.003827734124584231	-0.11473087763143233	-0.006385117342287862	-0.0008556240876389926	0.04738943796992476	-0.05908065396488562	0.07452235348143786	-0.04024274670054354	-0.02032433858890823	-0.01100751486036165	-0.08471078544934534	-0.000537926941393662	-0.03529700590596115	0.07437864450376863
-0.0001247804877193183	-0.012043029553962135	-0.09850253798268352	-0.03855198201940056	-0.057616477898751677	-0.011502324748375398	-0.11626432792246305	-0.02487130268999185	0.14174396495303512	0.10850224275176683	-0.06425827368611316	-0.010317456930368353	-0.09399539599891328	0.05627632294364597	0.019285836009334662	0.01795790190285483	0.1035426756011225	-0.09183896999765567	0.02733121186136844	-0.08570590485245466	0.07277831498957393	0.0344686753946306	-0.12378899959409659	0.05465141901349106	0.050659848121548647	0.13357287662310718	-0.03382642951092253	0.026231292602492372	0.040537407621265883	0.06822632514956405	-0.01792636511078163	0.08325260461935614	0.03874923951494177	-0.09383834927129249	0.13000020029835463
0.009686401854738758	-0.0028284210961361553	-0.10737158246328732	0.004063162245609666	-0.058077616179449926	0.0003284854715505324	-0.10103552542402057	-0.04309113683617144	0.18596424833295483	0.1445118668142673	-0.10614311048553991	-0.05978225318921112	-0.1468430805042826	0.010790795847650839	-0.03336940327842905	-0.036822791628645636	0.056040467700501896	-0.08617248898740322	-0.06677330892827951	-0.049170333955742086	0.0829028198434685	0.06983539288346653	-0.14168569654150787	0.10367996321905332	0.012015180294428896	0.06945889028087532	-0.016878822390526432	-0.010875122975446657	-0.04660347681024896	-0.023494094674423184	-0.08591064302805392	-0.02485527705431408	0.040991102488595034	-0.012213440496363963	-0.00048401324644084184
-0.06782812491223526	-0.037948555790127604	-0.15263599658475946	0.08083910781086692	0.058875756952840336	0.011877636038543981	0.019826615112710513	0.09478443867675697	0.10772709586715945	0.19408250517225104	-0.10476810633514898	-0.06745371899902597	0.04741531450861162	0.03848893114705089	-0.005233055645480713	0.029003998927127364	-0.08989999200842627	0.02746776080969771	-0.03476817229005001	0.11012758329201347	0.14337979756152863	0.09637393273104879	-0.09511296451458987	0.0005725606989477189	-0.1358686366851203	-0.1745391568448209	0.1699716664315322	0.04754927838729013	0.10099295803799149	-0.036897435493673005	-0.048510571275685976	0.22185603919037652	-0.1954301971421169	-0.10981370850512041	0.14169804596842672
-0.08928683880958035	-0.0335781587644161	-0.17609460035894076	0.05830552293581055	0.03177717204235117	-0.02747134161386549	0.05843077470708845	0.0604441665490963	0.06368662442607792	0.05003313155432316	0.021592392467484012	-0.027444802612198595	0.02037865966414702	-0.014019668459298964	-0.004562480573292506	-0.010983485695053145	-0.18766378454818805	0.037685088322975055	0.13945743331110783	0.1240392181137758	0.07829848148378077	-0.06553449631588439	-0.09274378544856329	-0.014892624492769149	-0.10457395307117728	-0.2116731534416947	0.20390941839359833	0.058569675940384966	0.03595435148399758	-0.0771382176795607	-0.022989629772126603	0.09579307508758422	-0.0011238834045484147	-0.06427218101085387	0.1052272250538942
-0.0743113770953709	-0.03189586768284866	-0.1798915995600762	-0.01161295238883075	-0.06292989088125836	-0.023261511227621382	0.0013729462634581378	-0.013165440213508984	0.08597929385174112	0.06112679449183268	0.06414290365227356	-0.04340332093012199	-0.06259115896401382	0.03784315680652254	-0.015472088251371221	0.027331165401676644	-0.1817472734774848	0.021097627081595724	0.2701203984171748	0.08319083354426049	-0.03865837013683213	-0.07796720118467057	0.018598822901099776	-0.07614989846628419	-0.03295845113292787	-0.21108976389137052	0.16341804067714413	0.05345087767244567	0.07333392624837308	-0.035559339870741516	0.032245085331781026	-0.06809389817398694	0.11729583106211246	0.10067131664005295	0.047831938511673576
-0.05196933417736651	-0.02550148293582723	-0.1593860714172266	-0.051924600594698306	-0.026151748874462658	-0.024844819663453043	-0.06588459925792506	0.09826308038119987	0.13165433087494002	0.09965831146893475	0.08974312600901002	-0.06557236055904067	-0.015932832641089408	0.04099592002066317	0.02891849523519812	0.03816681441699939	-0.21733151530809613	-0.02201584204627908	0.12214799956799323	0.07450401792219537	-0.1426291653897071	-0.05764185754692851	-0.009085078028909737	0.0036843604495057705	0.008940006865963891	-0.08134553937889723	0.12709748568416487	-0.07352915941077978	0.021151712389793777	0.021569288243100063	-0.008423161607181269	-0.09712257407860916	0.10542109375559675	0.19141486909375566	0.014675453163565727
-0.07779850928634638	-0.013163960405391702	-0.19508522756970045	-0.1435757063856285	-0.4067539224101298	-0.37305619733641043	0.08394571105234612	0.5473570767783464	-0.3566107261659297	-0.05182808284503907	-0.2622761963522091	-0.1021227679891232	-0.011964914131608715	-0.01916989911518999	-0.16645057182080134	-0.11336015393276513	0.05285565500626591	-0.011855681774961633	0.05998397034736256	-0.0902252539485802	-0.10201699309142542	-0.05515184116728601	-0.06453111755799588	-0.04275435049390587	-0.015050039095561518	0.06392031429503271	-0.08601906406265702	0.038298243941288786	-0.03491670373236588	0.01533127868976413	-0.04306278551298309	0.033092779554455685	-0.05946904630098902	-0.03470961149421398	-0.016986956565212874
-0.18855970060059585	0.15318883492257698	0.09803151135537254	0.0035114264488976246	0.1831534321321739	-0.3210864382271555	-0.08493735995009473	0.06792008048022088	0.2650780735031398	-0.5491819957107938	-0.0035050563575392143	-0.46251703476853595	-0.025651886524697617	0.12273279707854132	0.27831044617870926	0.10359543459221388	0.13183168240576237	-0.0410244935711489	0.017552007781060776	0.0054407932527305025	0.07527093150413075	-0.013560112456335184	-0.06477846506516059	-0.019366805711879473	-0.008655829328526788	-0.06995957048453802	0.037506529502365146	-0.07780831729768728	-0.03832279357202585	0.0842409124948612	-0.03143098273956996	-0.005105239989739552	-0.04458278583571368	-0.012344829406395419	-0.04351581542508476
-0.1766488034316448	0.14973527758039334	0.05858455268525784	0.010301132949594111	0.04084223192913738	-0.12953019620099343	0.026416034573202338	-0.07583145571930336	-0.003004431699113275	0.05657386641089422	-0.004330268249769164	-0.05586596650530255	0.021032061273612027	0.05197146955124772	0.07999730996346467	0.08756289866060378	0.03326572669003579	0.013319330259162399	0.025716690026871235	-0.04670114872111775	-0.12459043704170249	0.03928215827188643	0.03409019454202546	-0.07660964649155538	-0.05518378698476164	0.046937291963234415	-0.010728156250421608	0.027305495940753943	0.025051868324760952	-0.15080422217489708	0.05584829165952476	0.10552494178506161	0.025880766984272635	0.02158859790957468	0.0410467876065675
-0.167318578325483	0.14414911910623365	0.05827651537112651	0.028854359204609846	0.05923570816663671	-0.17615581093026725	0.08623595637423545	-0.08752231795184134	-0.05579523295011135	0.15135885298177315	0.12157806303862599	0.04484183056079157	-0.0391648633695356	0.04285664444362363	0.005361702255037876	-0.0916442401588315	-0.14563348542496576	0.17688939692628913	0.037170223345360784	-0.2547638908343474	-0.06685983200141768	0.4683575655036956	-0.11429040968070964	-0.32469542629740716	-0.23365480528118646	0.11912117810962873	-0.07115061830494433	0.021579973987972637	0.11733809421952336	-0.0765731536464781	-0.04384578057226208	0.05641552411078826	0.042078195620421394	0.10164545753716696	-0.02883291283751347
-0.16628427816580738	0.13681602471991128	0.0570527393348566	0.07449721091071898	0.07705997043134873	-0.31545309119255355	0.026282984139223645	-0.14393663365605294	-0.06890816931152084	0.1714321338976447	0.12104264823200833	0.1086457497041612	0.056909858754072	0.09106083465670915	-0.1285182578789893	-0.12400900479628255	-0.12329366332129815	0.014904451291797894	-0.042916546161903525	0.020929545599126343	0.06958656410057079	0.018456454177167264	-0.06945989409866947	0.16616365289071175	0.1810988480332933	-0.11564446069383394	-0.08030106287010741	0.029201284913360687	-0.20303842162281993	0.2696075396018617	0.03441396435255888	-0.11807587602369397	0.001472927839698119	-0.03413668251976967	-0.03771681485621528
-0.17126762546653823	0.138911358471691	0.05388779085946142	0.0709192396860999	0.056030192110101816	-0.3189216964331768	-0.025787499852952443	-0.17705828237319607	-0.08950914614668924	0.15156917151436386	0.0601408375202327	0.0748223573600651	0.06300085969673455	0.07151446212647172	-0.0996471431742609	-0.0511154514846816	-0.07248258539012725	-0.040732630416844794	-0.03522757772635241	0.035618912253882	0.052134270757184464	-0.012799582215136232	-0.02952070028248706	0.11806151346022571	0.13136456638558255	-0.10143228692635012	-0.031480352154063654	0.09383637093100652	-0.16361488354143436	0.17315126563774288	0.06743427629571715	-0.10767100169763803	-0.029004205041453263	-0.06176162947132978	-0.0005927509966574332
-0.17517450703419093	0.14342077882119875	0.05264753298802767	0.015526633987220694	-0.00808772503374004	-0.12100080078201624	0.0038453145921916476	-0.06897790023262847	-0.059467301775071535	0.15890165271007128	-0.07791756304284617	0.02629698088400592	0.11619445535824018	0.016303464938785747	-0.026852195498020898	0.09311541960336314	0.11263332201846674	-0.1476864986333817	-0.03796621644955374	0.21072474465960522	-0.05562712924941984	-0.3987915961495313	0.18888031172047623	0.23369985224952697	0.06784146940213963	0.044050305537964546	0.038124077806878674	0.0575290844582747	0.0988567364154911	-0.14394756570630393	0.003742467521534232	0.07842524040239082	0.09481077796249154	0.02519901041937547	0.0383773192939519
-0.17016107794459395	0.14510509175840322	0.05633677794029881	0.030764430913401787	0.05365567083221387	-0.12481205441203594	0.10212694697136084	-0.05261640286130913	0.01152756700435891	0.12506593259761672	0.06581156714634148	-0.0120278800456539	0.016234946092472804	0.04803651960561996	0.07110767161731624	-0.044967633964648	-0.0013589978892267814	0.016927607543214887	0.01614205241434242	0.034851799796480905	-0.061323485893861135	-0.002187265547655013	-0.013769755479112532	0.011537480700001781	-0.07012963341898378	0.15057103568187005	-0.01402318089047623	-0.09877509784049866	0.07443307204777275	-0.17045742641762293	0.026821233118233923	0.07414973472494679	-0.040325778914299	-0.10813635668865704	-0.00797974998246038
-0.17359079250096154	0.13291598272720453	0.0733202972947219	0.003291244129116672	0.010386697332761485	0.004653749191758531	0.05166233786666152	0.010681997697199625	-0.0035477675276643717	0.06455060351166407	-0.009064459460457612	0.12250979159387634	-0.058318847022880406	-0.09984875414935136	-0.007187819219698644	-0.036776067617831455	0.10589596395149835	-0.00408433912791091	-0.014140119524894227	0.048191930565576656	0.039990372121011475	-0.11563522434577828	0.1106301210021524	0.02414948970790342	0.047449997628699545	0.03534968352477347	0.03628144788520334	-0.09343726291685377	0.1667928391290454	-0.13125405361892054	-0.012867654581863348	0.029371433881080586	-0.030775222093223517	0.09775731949353862	-0.021995943807009734
-0.17678016233737237	0.1340840645439019	0.07069408698332998	-0.006319701213322153	0.0018717158876486522	0.01505814659580816	-0.03943683606512126	-0.03478327037529204	-0.023746337527731972	-0.004075488511275405	-0.051164255092055286	0.07541712029222133	-0.081552238046523	-0.11074740611069715	-0.012785163173603634	0.006017973337333621	0.05366557039183921	-0.001836725304857234	0.002166439484405436	-0.05023764851807792	0.03380445360370751	0.006076237849583735	0.0545690308053841	-0.11015378178463031	-0.036005005144744855	0.09728656306627174	0.07701509406084883	-0.047950733347809034	0.13339425788905646	-0.11621179328530652	-0.03578515746997132	0.007872977847311967	-0.037335044361218955	0.07051667520940866	-0.05032931392482371
-0.17538852393928853	0.13249518699876042	0.06614095558483346	-0.0038685844682553538	-0.03045489415495354	0.0443854336842498	-0.041463427125902806	-0.042370930964317446	0.011649047638894789	0.021641131543979616	-0.10222815110710638	0.021288178711094195	-0.026432017284087003	-0.06348934021054586	-0.02814083793252332	0.06809600026878859	0.11677216293916005	-0.02805718824748994	5.0318590293567216e-06	0.05981542512510953	-0.005629844580106081	-0.12125545875800658	0.07464403242358378	-0.047003178925874876	-0.052698257678452445	0.1391531041090577	0.022119728863298743	-0.0026967729472984828	0.07123399252942272	-0.08860559173662226	-0.04902573706981175	0.01298908793999981	-0.029082660695809937	0.05204651051605065	0.07506983661856687
-0.16459570290731923	0.12670415368781393	0.06844437917243812	-0.025167770313493768	-0.04310929571684495	0.13303828326227204	0.009886260167257336	0.014759694130452484	0.047384857845583134	0.037871631980623335	-0.06327825881261544	0.022135735157683977	0.014949289614239391	-0.04710766085310456	-0.011533887099130983	0.011170280915018399	0.04607144853770556	-0.010742840967778474	0.003357618109031961	0.024652709644304976	-0.06992218597597954	-0.029758231799124676	0.0318000057967424	0.009066110217902983	-0.1042079630752956	0.11514332633488111	0.01154947403332784	-0.09018655092465759	0.061662868115378244	-0.014332765257355704	-0.12901436378762227	0.0372083666980026	0.012550762736891638	-0.012574409852350024	0.031336772239017
-0.1697683810212149	0.12353981956022325	0.0643172989971859	-0.03984772590454022	-0.033359950258983605	0.13454130148571825	0.00965114693572591	0.02331181991676176	0.029577790036618593	-0.028927690797336418	-0.025294945928594933	0.04629076266005388	-0.05291817162030308	-0.036512649963466065	-0.10311278886172795	-0.08087097612269024	0.01234445015989011	0.04064892290105621	-0.008402636343830597	0.032471187192392684	0.00683500947559533	0.00337204705428756	0.0057850654144070614	0.0011590464209817151	-0.015332340978528099	-0.004218212026726217	-0.006118097753110209	-0.10481064541034439	0.16624105633790437	0.00596913895814051	-0.12499996184281073	-0.005008951247768672	-0.052522950109454	0.06991884434826916	0.007910744979574981
-0.16487948603263372	0.11765180551123955	0.06602733500821593	-0.04912337357999872	-0.06035255365178513	0.1789179711420405	-0.08344197778412404	0.01485094761306077	0.00439305831092057	-0.08976288244903145	-0.08593475943272962	0.02412122759559307	-0.07749083575442607	-0.05541943577789682	-0.10644445556174716	-0.012997154209067097	0.02864603922530426	0.035639800397463645	0.00034175861318202854	0.0013719159880020149	-0.012910796235645979	0.044676835729800114	-0.004344464095289571	-0.013286444374626751	0.0350569553551533	-0.08968953027858245	0.017445267006433698	0.017363793336638917	0.018321583429742445	0.10999502617845429	0.02684031965095227	-0.08713108237116521	-0.020454402135513416	0.09257485370200955	-0.013271020949828016
-0.14977758143020492	0.11395633028708627	0.06286667925445126	-0.06501452553533414	-0.08560570736038836	0.22854690416534412	-0.04754332401789076	0.0487506636593457	0.017387274406367653	-0.03230263697975843	-0.08941739090830354	-0.013759071165246065	-0.0315236322058132	0.007076189342526829	-0.021821148864780874	0.06942378359036244	0.03949319073272847	0.030540166588339603	0.03739793446726708	0.0691399273534055	-0.0477065687098938	-0.009681106326609124	-0.04111706499162551	-0.001852479330072064	0.024753854901276608	-0.06722843254530796	-0.08277211495584225	0.12763531013402135	-0.1117165490537806	0.1545579854760243	0.10186591828296299	-0.0900975475939925	0.07602905975940445	0.06960175942208008	0.022539844111314454
-0.14487112486022483	0.11291246263236257	0.07154924421620795	-0.07832490582423318	-0.06456275408584712	0.2584394559752324	0.03291157704067462	0.12023502358743338	0.037238610597417496	-0.014531983477443989	0.009072795972170734	0.008421575262729714	-0.011191960507150066	0.015637695681282197	-0.00767576065157629	-0.026770500041100757	-0.04217365971068436	0.04682744924054684	0.006024198369950215	-0.02683539012576158	-0.03485243422225415	0.074233432607132	-0.0760733158292873	0.042929701796406775	0.02505538168544291	-0.06699124139690109	-0.041002727483234774	0.06994774342470116	-0.14029964870671555	0.14319687321797037	0.05206628409220473	0.013435819655801864	0.04915641837352917	-0.04641888390748352	-0.01659174298766594
-0.1586670339678035	0.11753179644922453	0.0682598468412279	-0.08903391928778218	-0.05753497961981006	0.22544133004640513	-0.010350475083097716	0.09811082339490933	0.011761349200707842	-0.06584482303444322	0.027914129896755846	0.022144846713434856	0.0035193556065297752	-0.04502002740553041	-0.035427147015869465	-0.07863602302885714	-0.1089477620803882	-0.016518266574559355	-0.014132258451266273	-0.07952857449233183	0.07476618783700499	0.07543799381496773	-0.023338603110480506	0.041640141083098554	0.040693758849785794	-0.10260517952323185	0.0009257829027881099	-0.014252742286645005	-0.11233407775039997	-0.009048641712054769	0.02165788498835309	0.02638210247230848	0.015306210462406093	-0.10482342700561087	-0.06507570328558128
-0.15960442543100697	0.12046975144372742	0.06698746358269825	-0.09588901017363236	-0.06972326899841289	0.2126978872532222	-0.03588457580575684	0.08010990092084254	0.006027222925502478	-0.0402538289986406	-0.007066053774574051	-0.034247875326404706	0.06109171697574511	-0.023648605157126554	0.028019494926688024	0.007169677435295967	-0.0862171696501628	-0.04668969496813277	-0.016364359911081146	-0.050702504152904684	0.047740923451250014	0.04556752543325514	-0.0016083263143060605	-0.005780775222551254	0.011524407842313799	-0.08529183824249928	0.016360749354119502	0.06373791610984533	-0.10616058438066113	-0.0031979182720338357	0.031051209545597952	-0.03437399600909296	0.00011175354895662237	-0.10548443418200992	-0.012082830987837634
-0.15521390178674935	0.12407213291135025	0.0625413024621765	-0.09928935632645755	-0.049022392756667206	0.22958220878248964	0.03922926545381625	0.12225971009494034	0.02447953831666501	0.01071029924610649	0.026352228464235718	0.015589579865427597	0.036987864690161965	0.0066546842416567225	0.06427701214151028	-0.024425252773278547	-0.086594442317556	-0.012363767111497684	0.010369524690879626	-0.003096501752137583	0.03809800724734336	0.026043459795598765	-0.007692702361350183	0.0132281799734407	0.049629087076397196	-0.01932702135446708	0.0030001764169806594	0.05006217276232843	-0.14133583448798825	0.025768709574897325	0.036509470055485466	-0.032509489111376515	-0.038467139183105944	-0.12940938131616414	0.056704306083898044
