ICA_00	ICA_01	ICA_02	ICA_03	ICA_04	ICA_05	ICA_06	ICA_07	ICA_08	ICA_09	ICA_10	ICA_11	ICA_12	ICA_13	ICA_14	ICA_15	ICA_16	ICA_17	ICA_18	ICA_19	ICA_20	ICA_21	ICA_22	ICA_23	ICA_24	ICA_25	ICA_26
-0.5975808153475464	-0.8865841604159322	-0.40008818789164896	-1.551183187227731	-1.2049591396035548	-1.790862872401108	1.288926474221799	0.3735969705048573	1.023755543610749	1.2386180860018694	0.4268856503591251	-1.326500314083059	-1.5641148414380186	-0.21136514607626455	-0.5487368355723994	-0.07542243781228963	-1.0662541718522816	0.016073804574849727	0.9805362815795658	1.6149762193174442	-1.1063929470454354	1.734607955775703	1.4938601043416555	-0.28930519951836425	0.3129155231575536	-1.3401439242562567	2.727515166070477
-0.4476716725525392	-0.6003013045048209	-0.23487796466651178	-1.6863811714768837	-0.8807153563155434	0.7573379914996194	-1.7444741382533093	0.13417212910210383	1.3277166327808172	-0.6076457731208987	0.5339347078017301	-0.6937357596862835	-1.1081016547217843	-0.3437299844720129	-0.5943240512181683	-0.1510512179877311	-0.34500289020916086	0.2215314371618581	0.12272708369866173	1.8285279006130406	-0.8626977066928393	0.46965806266718585	1.2804652264792609	-0.6665552405286989	-0.1944978076344132	-0.7620346607394154	2.7435326727094336
0.08987083720506087	0.013704615399026749	0.23249435473203234	-0.6256939538868626	-1.474113623993178	1.2603909272587235	-1.654742066210919	0.05809105193203656	0.7248681477979294	-1.0132136096711764	0.9533718173701604	-1.2323587994702174	-0.34533051346703897	-0.5781488186100606	-0.4485089746770981	1.0103909471545052	1.4497125347904591	0.6329554073769313	0.06280645575780762	1.3195826137703317	0.2163125222289659	-1.091625663065023	1.116517846568903	-0.40288016524971326	-0.5584240200907465	-1.1045132698820417	1.4951649234406361
0.04396719692399136	-0.26828827573231107	0.11330080478563705	-0.44514418064109207	-0.0731273346093567	0.10809473763028768	0.30509947101106527	0.14327988732512006	-1.0607305861865357	-1.501868844817285	0.880348697955245	-1.2444417268023336	-0.18145771583603573	-0.996142539115347	-0.2842649538446887	0.8846764140941457	0.6331821646524879	0.39180996221164943	0.5277261568812224	1.445200038479947	0.663351280084027	-0.7289098659465599	-0.3827990920074924	0.2976631283007282	-0.5620714254594535	-1.7806087461876574	1.1429404896915616
0.10427311061544958	-0.1462755946913847	0.2592735735674767	0.46070304933466866	0.859506326432734	2.5132349024234144	1.5286957915158088	0.4204427293712069	-0.7131922687773281	1.000188126628289	-0.3156383135987961	-0.6207566689633672	-0.09491330855131559	-0.1239076935205433	-0.2324375610678534	1.2570059594554803	-0.7039455941186072	-0.16638635228360277	-1.6092358761277228	1.4991131683732215	-0.333418830365584	-0.1651856252347486	-0.5302244046405293	1.3753174093096265	-0.3443584378415348	-0.5209597160579307	2.222651917074921
-1.1327812797978345	0.29957683470917607	0.06946131385329722	1.320202469727079	3.9608585020870595	-0.6344052912360871	-1.0346766921348416	-0.2551457020516771	0.07907557248979888	0.7582234552522374	0.9006757134800918	-1.129677321425185	-0.02837737052452016	-0.9508866491422251	-0.5054167316223385	-0.37950681714737	-0.7932181921747388	0.4716854736798418	-0.09823642835782667	1.5905209334866184	-1.5426758188984964	1.5591483703973807	1.3085878803337037	-0.639141564171904	0.6958627987251671	-0.9435966249512908	2.1851630398119073
-0.1795204486118674	-0.05001203016769265	0.48634025280165616	1.7057100089913182	-0.37665027029959014	-0.1527890682434877	-1.312682769365322	-0.1584013442316818	1.489629760197761	0.5668662324541683	0.8904679724609934	-1.2320828611367243	0.9283353726209992	-0.557591199788032	-0.4454361142201453	0.7567653848201455	1.3766027415601583	0.42196075933620397	-1.2762263136530676	0.6737215452350923	-0.6542641188395739	-0.9727863429049567	0.5526036892414113	-0.04887073184617101	-0.2508655673413479	-0.18171500818275416	0.714393370046447
-0.20083941563094124	0.17249864461869913	0.3540955234290815	2.0774055361895996	0.3374953640153401	1.072315826731245	0.5961202777906728	-0.19778079693648787	0.101094300025201	-1.721178052081052	0.8298861877956862	-0.942418935714702	1.0580339870416031	0.6315274690475878	-0.592635455319084	0.7367624644515305	0.1521103324190559	0.35557302274844965	0.4993732928465131	0.8638542518861735	-0.4236972025038164	-1.0383316052567366	0.02472172356226319	0.15148867386495157	-0.6501356231195833	0.6685791193745242	-0.844430891372117
0.029120073979724725	0.4613473722805788	0.31716733968512806	1.5041868748817981	0.5098150957231993	0.6353004155423427	1.6230680383358869	-0.2824292452011773	-0.6122050026480146	1.1459554101857052	0.8270384894096343	-1.1559921176781272	1.248877995171151	-0.2974367617020548	-0.6412539997379179	0.6042973873951792	-1.8348166800888666	0.41713050652734834	-0.18828825931043083	0.77099725782781	-1.149728648285808	-0.7177232117562243	-0.10780753133310395	0.2348261246607808	-0.7978509622733756	1.1720116519430297	-1.489633725375993
0.22344750170222116	0.27881381053003945	0.347498282992279	0.8154588651168209	0.9626807213541971	-0.2144610059261322	0.2825930150490516	-0.2936985907523943	1.3054679611595326	-0.4577143422188163	0.7880787867547248	-1.140887076909937	0.9458748449749328	-1.1054918329674435	-0.6301071441227488	0.8009519615619771	-2.840409692938992	0.40517271127315463	1.0776092526896657	0.9943592109694511	-1.8222594121153872	-0.5544519767798104	0.36499713551043583	-0.14807915325948223	-0.6680243611984249	1.1536893588493469	-1.0933513448359138
-0.03230387235367632	0.3327707643265392	-0.061921195782157254	0.053405633425953176	-0.43346123336599374	-1.1023425297770437	-0.8563423696815344	-0.1627627812981427	-1.3585969344377575	-0.8930833784969568	0.6988886617084669	-1.2244394472861213	1.7901547148461758	-1.1520283671960028	-0.6789895156702135	-0.07172611138923796	-2.6048101829820878	0.42799058803266243	-0.8410180038685512	1.079826810486262	-1.5661815484072137	0.4754396884369774	0.778235234883409	-0.7935390176196806	-0.5413251165404438	0.6730587808360677	-1.022864617309713
-0.23810261749447614	1.2349478144890675	-0.009016787585193448	-0.01817119790709549	-0.3472872047835376	-0.8035564605077599	-0.9698069527614943	-0.25809017055640104	-0.2329345125844355	1.6552039870208497	0.38221928895037904	-1.4078752760998745	1.6653591383021917	0.8963722758897797	-0.7934603683069642	-0.36568276488825013	-2.254863514200676	0.29239754997613854	1.535403476876365	0.801761405637531	-1.3093740226804662	0.7363291070035994	0.3955853551848295	-0.5238325835228421	0.510787133450239	-0.0009425602456400868	-0.8235517700141933
0.09663348906852934	0.6289887036550267	0.16501138900395076	-0.5180214947808807	-0.8921384142640613	0.55605721446383	-1.6903262894543885	-0.09042393628561751	1.6943986646754925	-0.1556343969930364	0.2837750219111288	-1.281716710488323	1.6473878313974348	0.6354929476019586	-0.6705642582767128	0.002838232112798973	-1.1163325391083347	0.49786635452067113	-1.6800687910182197	0.45370852625935837	-0.7352671388049804	0.17954663228239875	1.0419619876829198	-1.3036052364761062	1.1439005375307776	-0.6834595543507099	-0.5125578870791763
-0.26484769861279045	0.08373924207365958	0.24922151400030748	-1.0497556046115404	-1.1462501342297073	0.327552811650031	-1.3748803100820248	-0.08161225082198997	-0.26304720588518293	-1.647612392418351	0.3347424211859145	-0.9425910428746797	1.824425901388242	0.4383822980032552	-0.7734678101988391	-0.2753315521817889	-0.5336679209375781	0.5140211630946371	1.733152328961796	0.5582985758664939	-0.052949714557219286	0.9428960083020366	1.1824247477302454	-1.2441661092672218	1.333020639881952	-0.9608675204134485	-0.30927623457757103
-0.02033024186839303	0.3493581098454845	0.5545740083757447	-0.022213817871059468	-0.5591775604281753	-0.7993525637117557	-1.457711308413912	-0.027022159157263786	-1.35183760451718	-0.2714648349993404	0.655577983184939	-0.8255803452505717	1.6471379405909428	0.633614639628584	-0.7060552879613782	0.5026304360843616	1.9058211416824409	0.6735007530160332	1.485775120807915	-0.4771926225389237	0.7577535251425505	-0.4346000448961384	0.49566572104164375	-1.686675468580763	0.003551892630294757	-1.5993505241648276	-0.6329273160193281
0.2532064704870618	0.4774543804111972	0.5091441526323413	0.23021036485428903	0.43620206956180074	-0.6582073912448876	0.7735093668421095	-0.21308515298756459	0.2379473979838738	1.5223740250107334	0.7926319692484776	-1.5042459290658037	1.2665789712944704	0.08885803402518655	-0.8289569338160537	0.08319398531912019	2.1003984529222315	0.34760599717194757	0.3965843775692429	-0.03882511777864054	0.7268231614018087	-0.573043785805377	-0.050719426693122203	-0.6440452471622012	-0.4705359764531923	-0.7054706094428749	-0.9261078974152388
0.053553532224361926	-0.05817929910015774	0.4627492438329326	1.0341600957192578	1.0757402132067755	0.08497867399940569	1.0915746608763637	-0.2169084849744806	0.5543707034739387	-1.4171525415033261	0.4938625307012678	-1.4477430373211977	-0.11898254331451617	1.3287027087695407	-0.8324638923015534	0.4914179344356549	0.7437226543886672	0.31728919230886626	1.589835508497718	0.27653926877698787	0.35036886236692394	-1.1095266852804808	0.3107547676454928	-0.9980586312312949	-0.44266357521294836	0.652188669998382	-0.6264585200743809
0.03314738769992703	0.026274719151900282	0.6377204279403105	1.4384504712429431	0.6413161429864355	-0.599668753813264	-0.0899977684571891	-0.09441143942705515	-1.7768891163901288	0.16183702356226357	0.4024715355246636	-1.520570486835889	-0.5602786902167403	0.1415178039007527	-0.7891059587329994	0.6501992346767639	-0.3208347783043235	0.5355343235993952	-1.075719754347816	0.47655229341556915	0.4875299445948359	-1.8640924307536817	-0.1812694157578757	-1.4218441257271113	-0.5694141349964155	1.390910361088697	0.36357816251842423
0.05684553808581633	-0.29302465729704286	0.7060922653553959	2.094697523642799	-0.1612986009146476	-0.26224686375854267	-0.6194019743723056	-0.03615145884440172	1.2535459883120046	0.9560080904772831	0.5601760073333677	-1.4419254237477606	-0.5355489858137302	0.03555417852481219	-0.6902937941316176	0.5780321202172831	-0.252763541598057	0.535203064566953	-0.5413495443689244	0.4752034442463285	1.1971841904806935	-1.4906557990928444	-0.059661478499185745	-0.887411849892597	-0.48480630244750694	1.5557074520236598	0.23119003842787525
0.03732092556773043	-0.6163245959643766	0.6628458077997732	1.8651736435817026	-0.3604879279606243	0.26590522717540316	-0.25437528773987916	-0.07582292299452591	-0.5081303457247762	-1.5162359848917728	0.540447576364664	-0.8583214044376773	-0.7008159809603425	0.8148266440923825	-0.8460839766353084	0.8024201982275706	-0.5511462879938204	0.7050733292146842	0.3361223178741929	0.7745085635372474	1.8229555308176995	-1.2889304739015615	-0.031088366547979206	-1.1159907140851504	-0.154735929990558	1.9675502889999992	-0.2942817778057767
0.29027140326587647	-0.49805814566409135	0.39684117542776176	1.5266757683764016	0.16011810875122812	0.2978523776271144	-0.5170169407454984	-0.09142734187038175	-0.8851634030508699	1.3746832789880723	0.5429219440311539	-0.520000193861166	-0.7992551242055604	1.1980022448494798	-0.8506859475088249	-0.5889329995194823	-0.5091869087733835	0.6833985937266094	-0.06579346696024989	0.5612917078677305	2.016903758048323	0.19110969863330116	0.4327655664941191	-0.7223857515225178	-0.022888694957857055	2.3898114836437494	0.7123604100920109
0.343772526255519	-0.9635871073498743	0.12249207742068856	1.0780662973936377	1.286815707851029	-0.45748028571905014	-0.4287249301152572	-0.059191660580202386	1.2995662392844294	0.6579633205775363	0.553471305768781	-0.17279394960886202	-0.3189308467651644	-1.66362435032919	-0.8254556818942302	-0.45056625167381764	0.3065209378308133	0.4760016987454512	-0.04621160420144115	-0.43215868166585253	2.4594343671335923	0.9635936566156273	0.435984934133772	0.3817192070812345	0.3619314085932576	0.8990848321110012	0.377456131197802
-0.37224815987847354	-0.7348270174126211	-0.07267186028163444	0.16232063707016794	0.08569314917822043	0.13604917550248344	0.16100425713420477	-0.20280881111872104	0.651511112936462	-1.5378418821615654	0.34693927109955036	-0.13231217881542914	0.1316494545300999	1.711136648539106	-0.891649721414124	-0.38968764984387555	0.41897840290540683	0.40152837036495326	-0.4438894014724532	-0.2236294009228124	2.5712506141039118	0.9312949784264192	0.9303554388459818	1.142792515117005	0.8479268096622647	0.3777241198542	0.03144436586526228
0.09021636218017302	-0.7273428514110094	-0.17682384094920095	-0.03684655006054117	-1.293523307860311	-0.4693322125239064	0.2830497515187613	-0.06905985604922703	-1.372508338295649	-0.9148447916261411	0.7520947809058155	0.2629883469094161	0.7000234474242005	-1.7169807591934592	-0.8860518357718424	-0.39092778510714243	0.5972859995590428	0.47480144034838195	-0.7193799171026586	-0.7019507054283302	2.4996040202688077	0.854204480455364	0.6232017861838668	0.5696129464838365	0.6835264467296357	0.46945395730286554	0.2664249508328285
0.032816054664407034	-0.4032852091243108	-0.1745206580858617	-0.680512126116354	-0.8547725698030412	0.37124116567600607	0.4492457525737757	-0.12884035311096856	-1.5104028263442109	1.142594855826679	0.8019045486257975	-0.10264918778492506	1.0480798413225707	-0.09667814609312417	-0.8299259162331587	-0.5914617623814601	0.869347372411245	0.4220252903346004	0.20409421372622918	-0.8088476032454995	2.659811860921983	0.7475339420010231	1.106374316891949	0.23903139229750528	0.7650339152171066	0.4566958634472321	-0.20038244507228117
-0.05768955643299391	0.42957738486835095	-0.18699955741276159	-0.9445341489261629	-1.4491841176993057	-1.4338521836561182	0.9761781065747613	0.06920607140522632	0.2667618229128814	1.4515487896184556	0.9005919741258478	0.5670833842297182	1.2786080210081479	0.42488060591552107	-0.8092195641927085	-0.41040015553507153	0.6015862541961452	0.5251630764141987	0.23875206218918343	-0.8608353350275046	2.65541722349847	1.0844133234035462	1.1136374826413955	0.5704957335713405	0.9255925828306518	0.534055721042392	-0.32132466976334406
0.6327710523426011	-0.23537938622194746	-0.05956179473884385	0.25671201100607005	-0.39673447909093135	-0.9655878573765803	1.827285445392285	0.11106197039635703	1.711387973282155	-0.09832209485145067	1.3048829074380113	1.152556076788567	-0.02804798592694324	-0.6005214815063628	-0.7489428606840496	0.3444425090013986	0.48897817240781405	0.5493272082244123	-0.9033468282906518	-1.556203287555374	1.5732047114186838	0.3371846790553898	0.724378198435462	0.37338312276430313	0.795359779006649	0.22983319835239413	-0.2921747162811786
0.5675477066885023	-0.5221336208031672	-0.24938495465809465	0.20514585432022964	0.8233168072052787	-1.1034845314037984	1.5222380963291688	-0.05747580111549803	-0.010996446140360733	-1.8321008657623532	0.9933342062827246	0.9037896692902095	-0.7320923469457695	1.0760920168965875	-0.9047032563804926	0.4089676503032931	0.01597897322005449	0.5064376074791729	1.0719644044166377	-1.1387810127574483	0.8087180817596937	0.4882532019143198	0.4131842507349015	-0.36528964059823915	0.5359497011731943	-0.16038693287797479	-0.3925744710751487
0.24835345421279748	-0.5541922729044264	-0.3495808188223474	-1.553158850755372	0.7033656926627736	0.994138612037393	1.50295463386382	0.07293318483373422	-1.4994932101583973	0.33911226394286714	0.570841710101067	0.03890536415782906	-0.22241354413461883	0.0871842957489831	-0.914092819154898	-0.058896618630719454	-0.6073693712884608	0.4651730957123002	-1.7458455796673022	-0.5985498515888085	1.071439922643073	0.3247514438246175	0.8919004556260622	-1.2583083327663374	0.38816222601210715	0.37006915260527257	-0.4307795319066507
0.1559458169964259	-0.39308397158280933	-0.36445867168598406	-2.1819199962709566	-0.406380484707026	-0.7683853424923867	0.6641525609841912	0.12083170142525335	0.7873177830034229	1.33474886582388	0.8011340385839325	-0.13611626337151553	-0.33794258452822407	-0.13703442178749578	-0.8615928065365057	-0.19697040467129495	-1.0319418901577595	0.40343609990506263	0.09493733187106336	-0.6187353955748414	0.6621979069221456	0.6267904549052667	1.0045518275061442	-0.6598487480378777	0.6867118575281106	0.6867834674510418	0.1528755891458666
-0.02495558575099074	-0.10799500171567702	-0.3363067935521764	-0.2188509690398186	-1.4604054988384212	0.8478139879816922	-0.36741895011192915	-0.041482125624446926	1.2881351480845735	-0.8508565121758423	0.3883251316616041	-0.3904785099956452	-0.7651942832459115	0.456116287212803	-0.8123277659658673	0.0591287887861927	-0.2404062691985896	0.6029499787503115	-1.6151130958521227	-0.4371140980052189	0.4001778025712775	0.1077048651919457	1.3089663732790349	-0.47115397670944636	1.1310387967500803	1.1698567130276358	0.06579016935459069
0.2316489315801912	-0.24364953937326536	-0.29932790439378654	-0.2142651651233155	-1.5724627730993042	-0.33153462219953234	-0.026271498194041606	-0.00983946314075851	-0.8745676877114061	-1.1105391945209864	0.5500227066614274	-0.21938140284155813	-0.12904310074003014	-0.5712784573692536	-0.8315893003820715	0.2517969017790388	-0.387358466267115	0.6917282440484808	1.5088641160474028	-0.7037020295415386	0.5307732147675743	-0.23406673681275764	0.6298224024870609	-0.016249138115904845	1.6171762730333923	0.24993691466457282	-0.2707830574596363
0.2630316957384164	-0.6180039589846171	-0.2934727776935102	-0.21114685015305698	-0.14103285795181317	-0.37410639289896386	-0.28445335331060345	-0.00984781479097754	-1.2093184742144214	0.8616634428357504	0.5281804258647911	-0.12987559941891716	-0.14358759632900414	0.8953655915231448	-0.7847616576435003	-0.11327732546633797	-0.17424673651273825	0.6056182719159667	0.1653394060492119	-0.9171480990727768	0.7097133318610825	-0.09294144247207686	0.2443054536687398	0.47263218612418934	1.3368324858701726	0.2586096969313986	-0.2937500183340089
0.24675650214769437	-0.2675331086519425	-0.4258210666396812	0.6995651103492674	0.753654916584797	-0.5306658548495972	0.10907968053296785	0.01998187285823057	1.1966172846627192	1.063303388724791	0.9738067260551014	0.2421218010370428	-0.14648562637931345	-2.061900825370627	-0.81590279638316	-0.3396822323249268	0.07903443719084098	0.353211668312176	0.17625621699011168	-1.533453346827787	0.39252290789003685	0.6667215900778442	0.2808583569101198	1.3900157223995877	1.0695612193720185	-0.549480800683348	-0.08217557547178331
0.4689681366228274	0.09177102142588549	-0.49891192223061187	1.330847202759861	0.9679781323585948	-0.10751514745243551	0.34943452025993477	0.06618605045235021	0.903911119664778	-1.460757443673343	0.48523353600666697	1.4836196932662937	-0.2933740689139334	1.4530667291889856	-0.7625056073893633	-0.47031767331952157	-0.0948153342947344	0.3977917164260857	0.08231909462091104	-1.5883695634319248	0.5219798958847814	0.5712272218259525	0.4466182643624048	2.142985455566154	1.5899545987253825	-0.49909535052464743	-0.5991190741857283
-0.03465737811242655	0.519655272801566	-0.5745687427306736	2.0855484214868314	-1.5169046177173626	0.01349496800578992	-0.23300341993400725	0.10748599929219842	-0.920050393799283	-1.0296598926779814	-0.8657373696471391	1.2767248325888045	-0.9048327584581287	-2.780334834895626	-0.7633159840494557	0.11024566549729535	-0.0443647079434248	0.14024207936425262	0.33603847041413054	-1.4311663174876916	0.3655565687897826	1.9127816539252753	-0.9266473724444507	2.5719990555854397	2.3904572181068193	-1.6907602033583413	0.03705650787298891
0.412001977573605	0.012161303785591816	-1.094499886746736	1.5324841021235023	-1.2139767194449265	0.07824453449013476	-0.05487958193583542	-0.020359590457882062	-1.4117012865546126	0.41874175876640524	-0.40872551904498217	1.117276490710399	-0.9047900137296528	-1.3463999373105051	-0.7164397752121996	-0.2574694797223418	0.3716814995247297	0.0527230176144221	0.46317434500817806	-0.8672612603800377	0.14779331867022105	1.7355182031714782	-0.10152996279853246	1.9542348890101167	2.0112636931141576	-1.0305479872596586	-0.05113280567053392
-0.04354911832936854	0.08374010063241555	-0.8327673112827039	-0.5158017427323058	-1.3391771766963683	-0.2211169355721276	0.16230119313440405	0.19143922262673027	-0.8843883144118679	1.3632966824157722	-0.42098359337888325	0.6348829163738724	-0.5090298597901477	0.6333075975819553	-0.6579882314398908	0.21962107250708435	0.7300617916393266	0.17965058204044373	0.12817861141476966	-0.3511112743751581	-0.12491614772230872	0.28973160143976573	-0.27555896535557606	1.8908723072872442	1.1896173862622452	-1.5475828886660217	-0.5875219662307125
0.06003451726236737	0.8082403465251611	-0.6484933463306026	-1.4576034578032349	-1.0857683337686839	-2.2764899241965137	0.3856724143853312	0.3192579447211322	1.133978576391901	1.1467184657535208	-0.58527901097411	0.17015593742753715	-0.39202824171409284	0.22272290864701572	-0.5719374395673246	0.0014062474565142054	0.04680734243025637	0.22881062722619147	-1.189961432253805	-0.656484875995001	0.01291747657949191	0.06443231253288655	-0.4620193526489067	2.353192976901525	1.2757620659668127	-1.7176407271281173	-0.030037095717926097
1.1868540754385744	-1.211801301011478	0.40237622044519145	-2.5551556578178887	0.4376018888915664	-0.02516406648301752	0.5636321966525732	0.35151176060554806	0.9175250923641809	-0.7026102698913413	-6.845041911704781	0.11252271123405817	-0.37597196167030383	-2.087439390358807	-0.9259317167198297	-4.706534863434998	-0.6185462860963372	-0.986321935142187	1.3999845890074782	0.3861776642813853	-0.1755879586582058	-1.0090082773318902	-2.2127202105635204	0.7467191841166547	-1.2513221032940416	0.4145415718551284	0.935657944709055
-0.9854318803497946	-0.05204456225391629	0.5304388996240386	-1.9182444674117851	-0.94740111772024	-0.16177446008580307	-0.4203496786958786	-0.6531815055428903	0.5780509236967469	-1.127857583847513	0.14720003408218343	0.26197219567691826	-0.41709407242833896	-0.3398985574603147	-0.7374251678786832	1.143201141486861	1.085621439106031	0.5654450925606208	0.43295403229379387	1.0428491762210972	-1.0583629661770373	0.4727933249608057	0.9827362767129114	3.7277687897953955	-0.4170459125077506	4.255076539397729	1.2268577529466016
0.3785015712914722	0.5139418616662803	0.11843521532232647	-0.5107084708998083	-1.601320578723386	1.3016371167437228	-0.4774803948664365	-0.010891860849606935	0.3288601998741494	-0.664001978307658	-0.21700793429193535	0.08240082429108143	0.19524666335123633	-1.178669847887853	-0.8644185581103473	-0.5897542154556957	2.460764153134561	0.36448431257552893	0.8135265471873006	-0.7395840628506318	-1.0933484784825087	0.18435852486350632	0.7876417592035425	2.2760391906117428	0.2447474905651162	1.7053675522573355	0.8200656065883615
0.6103269718076285	1.125096918892726	0.261535282639665	-0.9195744962735666	-1.0721296783466716	0.14721827429048284	1.0840071602927912	0.1385881085350565	-0.3638464427955671	-1.0167808645521703	-0.07454361544067238	0.43021603222026567	0.08981041941510377	-1.2839600228419603	-0.6674239368293801	-0.4337535483202752	1.7149770761755097	0.3672409806052181	-0.40654499062880967	-1.531160377118597	-1.2727628920924179	-0.5086627245751262	1.2507097946150183	2.528745791117335	0.09543190848074118	-0.487726479912266	0.17088656029218974
0.7833676186531905	0.5920323208739238	0.3706172562866194	-1.041241770907453	-1.298440052556975	-0.18400793778901608	0.5891210046092632	0.0758715072750421	-1.5968101480617247	0.2919277237736229	0.08605106278555871	0.46799253621305953	-0.5789757444302078	-0.7895486596567629	-0.6720578909401641	0.15057096799732597	0.1988143811848995	0.5270056169111313	-0.06028093429863709	-1.6696648591903167	-1.155399423539348	-0.7234955996754087	0.9840936588115203	1.8737539368110956	-0.47660755025072493	-1.2316030996832672	-0.1986524381268274
0.6246434356473297	-0.6996906275173354	0.6367210567399045	-1.1923526832992228	-0.011003554432922284	0.3970776784015321	-0.7275157567452704	0.2642368500404361	-0.09207063170846398	1.5989089950701758	0.11460743033234246	0.4690306977848358	-0.3504701524029984	1.4500082066646884	-0.5893113259907637	0.4976244710183408	-0.8618827522007387	0.4941966019685673	-1.2101948417591968	-1.2152303432585454	-0.29886049534860404	-1.2353060691735354	-0.4483441124080198	1.066279528423319	-0.8762731606364147	-1.0665269438786231	-0.438590109609803
0.6619376316606321	-0.7882891547910555	0.7537795430146966	0.0613769961301356	0.6496346094453983	0.6176457185652499	-0.5530371937433358	0.14176262596860226	1.5179283774814096	-0.5182337244198697	-0.0013489394482145997	0.8716893931116404	-1.0691175882230968	-0.3664219377787105	-0.6062725495893753	0.3082085211747472	-0.7639330532714385	0.40686796115725915	0.005924590548692895	-1.1842394776946514	0.22477653254157443	-0.7180373238225474	0.0160811462019946	0.9718633661075454	-1.142741854538904	-0.22901318388090108	0.21636943413947132
0.5564357030007534	-0.9342328753418654	0.6493100076769827	0.6625926962449092	-0.3011411796016248	-0.44253704382066594	-0.14063759513905352	0.07064811255991976	-1.3115526875595416	-0.8464289635115894	-0.030179167640031437	1.6064631551391204	-1.3139268747181945	-0.25746401540940067	-0.7090556379335882	0.2983299387565706	-1.0888628793385609	0.41923257229916666	-2.145606748873051	-1.1923419210793789	0.6100493401299699	-0.03752939121387355	0.06149143753658026	0.8939507618230057	-1.1652070068377152	0.13668751163001697	0.19271557186967891
0.31274047933073534	-0.22380323116391157	0.7022466844932904	0.3132618009761188	-1.464781783943544	-0.11769520334694893	-0.4017141150272454	0.16062898380701296	-0.7965148188093393	1.5367860193023306	0.11537244279232607	1.2541330253748324	-1.4674529146679423	1.2599109420651036	-0.73707171472239	0.648247621183111	-0.9739382598788592	0.40546984795828656	1.5268700616869402	-1.0507497922624525	0.5491689010590025	-0.1919519825186904	-0.10157205510388896	1.3853145299085141	-0.4533960826660864	-0.38735550559380744	0.854266853050317
0.5071286071703625	-0.2666132949777648	0.7551839112887555	-0.3063950837890595	-1.0973958869633387	-0.44784476425197733	-1.039961491327865	0.2720859747233842	1.7294559654478303	0.7799468167054168	0.202386138818725	0.8999798091573776	-1.127399618752413	0.5838175865359093	-0.5908919771199485	0.6789394609933996	-0.48435691810315296	0.5989119044867788	-2.164631256965113	-1.3642070587182378	0.8755139982301582	-0.26001549194548035	-0.07269317313297963	0.8219554461512018	-0.37549755553905334	-0.7040314851198832	0.8382575194441148
0.4922671278777746	-0.5192394080797976	0.7039018342306758	-0.35008483085749864	0.6388795769791595	1.7222899675080334	-0.6796872527846819	0.38278475641677623	1.3355983701053487	-1.379424089641146	0.2182507366395978	0.9589835851931138	-0.9327088497553782	0.34331943055977965	-0.7286438523689244	0.3960863858685449	0.09142145133364575	0.4272464205320325	0.8671913869987053	-1.153050506098273	1.2701742864095222	-0.6317053412830027	-0.5048051074895837	0.9174300716107734	-0.7934569250065316	-0.5767386546249536	0.3766458347760047
0.6922475897903833	0.14513369906885018	-0.11200023148496066	0.04470626985565387	1.3195490025584058	-1.6481395434702935	0.10111794348179294	-0.11840313948851866	-0.6938619770449432	-1.686432131795864	-1.6119963117622362	-0.080807320363099	-1.058544715226582	0.8493708513870872	-0.4233987996560185	0.46521387280069876	0.2360517082218024	0.6783342881892883	-0.6189529614215661	0.2536737365704373	0.3606828240565832	3.3401402073718844	-2.0833290847132346	0.24982997272462132	0.17528354442269345	-1.6629161398118546	0.7864878557850842
0.3299919482479201	-0.08234300689444114	-0.5687787932709535	0.5135969214968858	1.8482292095915025	0.1802060733267789	0.3325879098320385	0.14248751376914157	-1.500315491748358	-0.1218073655973713	-1.186703393934445	-0.19565068992197068	-0.26104737194111755	-0.8063895955269774	-0.6128080654706689	0.3080852381075091	0.6334256641895815	0.32341300991136274	-2.28575418230333	-0.1742177003896022	-0.41658109897765244	0.3319186087606351	-0.7410515177856224	1.2171306682210936	0.9402756879665097	-1.299316548650428	1.226347042621
0.42017023536563197	-0.1449994514209672	-0.5466059906909574	0.23739893634198742	1.272219800307844	1.1260212614507255	-0.05128636168989831	-0.003162220241221802	-1.3789223184674362	0.721878774969202	-1.1994599972695479	-0.19570447826931373	-0.01957508952247747	-0.36288449798308875	-0.4730640613700682	0.049673002085979856	1.2315209643926914	0.17907506478121474	-1.2883447901967437	-0.421242935791451	-0.11261352101251254	-0.7614135312342687	-0.6128244357435085	0.8427467984646972	0.002812459698650531	-0.5788643006280441	0.005318419854106597
0.24138574162374485	0.47796625001713133	-0.2980805330871591	-0.12674469114999365	0.27839015346470386	0.6616350981793444	0.9281271452191863	0.017000229974640266	-0.09998584280055252	1.5249275610505206	-1.07806068340456	-0.440970386246588	-0.605884372122342	0.4195191937502322	-0.5994287166031941	0.04817856930953871	0.6076930981108575	0.04420562901894931	1.342574525608869	-0.2016682632431114	-0.6608178521986654	-0.14130216228862372	-0.35351330113996077	0.1186863497732988	-0.3344790852104927	-0.439915919881876	-0.16999734541832698
0.1546662548747115	0.45185808626863033	-0.16212513435341308	0.9848323131275061	-1.2836571743037344	-0.3412050221824998	-0.026852829238960707	0.20967122010149758	1.712274547458397	0.009652329960542713	-0.9428931319722111	-0.15156940923583598	-1.4735232200914374	0.7313932273123632	-0.4587155234868179	0.37284807836581435	-0.16040844096441645	0.241109614066916	-2.0306530712743207	-0.2011783375866882	-0.4659308960865021	0.09160441450927824	0.3794989619722117	-0.8760654869564394	-0.12314952878423355	-0.08903701292538119	0.12962820006077863
0.4003513293896842	-0.36857398861939644	-0.16080440036074875	1.1101156328181025	-0.3196478003536963	0.36885189396783374	-0.1865106668027982	0.06043397417851303	-0.11736476057449824	-1.6001962751777898	-0.6044982083613272	0.4268035339660504	-1.3441417040170893	-0.23185329937790003	-0.5183159064528654	0.07039136780004344	-0.7770319903615437	0.2064116946294909	2.085864440041143	-0.18221703647724982	-0.44599913046368533	0.07552916736421213	-0.3483295755270923	-0.3064554006994385	-0.5181819034186695	0.44237817675450597	-0.03116972972828551
0.5550701749522355	-0.5132890359331778	-0.24351671464093028	-0.13365887808750218	1.2875471637171658	-0.8473509417334504	0.13997727693678957	0.05110207702233742	-1.4765919012937547	-0.5529573189318115	-0.8556813042461205	0.06537018903724422	-1.4241937955268562	-0.3242033636509154	-0.564162923930674	-0.10046014542009321	0.13279989622964838	0.2467038239645183	-1.7996233564043618	-0.5776633792665045	-0.9965384294785361	0.0660774812623352	-0.20376189246524862	-0.2956857294185568	-0.9528025498930662	-0.5110067351729415	-0.260125657401819
0.09914436638479776	-0.19625334239634432	-0.08902609008436708	0.3167360574670716	-0.2574626017205513	0.7787310952732168	0.2726492696547204	0.00392453900695614	-0.7642541453372698	1.570682117115273	-0.7883309682774168	-0.5799352579105065	-1.2050337109638802	0.027549827237276933	-0.6905050564169108	-0.25018205192806015	0.035293564109657304	-0.005716541741350475	1.3245926150692622	-0.28408796646872503	-1.07996424095231	-0.03820382457240825	0.22870379421505851	-0.10641893138557648	-1.0715604669486187	0.7065109621007808	-0.19595369254287254
0.21511946196253467	-0.13794845662461405	-0.16315115373614195	0.7840282050220154	-1.122763841364193	0.3214232094570215	-0.20269889423349888	0.13504906125532798	1.7896203112403302	0.14847568757010882	-0.8537854981155965	-0.789859214628837	-0.439045279487659	0.04467544289527425	-0.4918111463307272	-0.0027562687937710702	-1.0274181932150135	0.08213190525929327	-1.677814005317813	-0.38279494242394885	-0.695717012983444	-0.13000774771923868	0.06423638053775205	-0.3020044047612526	-0.4495852424880153	1.7786966457760547	0.4714750659460131
0.0012190176318575684	-0.5211696296771535	-0.28743136379664286	0.48888769481518146	-0.7335410726533645	-0.7800483626141809	-0.95555490710505	0.11365788957935063	-0.8794403290479074	-1.2413433066086288	-0.5017511921346278	-0.21652733548996547	0.7902232180737325	-0.6560651141986308	-0.5550077460003866	-0.042137124827886126	-1.2713737981426416	0.3336002004567403	1.1989441621881118	-0.2682473390829125	-0.30977924203768203	-0.06064824000779827	-0.26553157074933564	-0.2620659488653369	-0.35502462649845323	2.151867320889233	0.20919373801912314
0.4939210817112912	-0.3434299308046393	-0.3141038138897241	-0.01940499364256479	0.40752870139111347	0.5322331020428812	-0.7517257705055698	0.09683340202831	-0.8359643726644692	1.350568412683293	-0.47731496835219217	-0.1965512699195471	1.32248975524889	-0.6748301315041313	-0.487384969866997	-0.2939384347613481	-0.7637951583033858	0.13084180134039022	0.1419789212363654	-0.5419167748396577	0.078498185378521	-0.6572858468082455	-0.515678410229514	0.5962288861193153	-0.3589838870039096	1.3235612370282381	0.2833512110719485
0.21457306748628704	-0.4776447179255288	-0.23620581289982234	-1.1739837847846306	1.2685612956946213	0.07461057158667048	-0.6215268814802423	0.2024203899560489	1.302622784793804	0.8041273761305021	-0.5922743033289181	-0.27906516308604423	2.0295761044738314	-2.069856335153882	-0.4617306528044296	-0.20258370238438722	-0.37566894439061616	0.07429189538796332	0.7217283698567765	-0.9879762042043597	0.5104072799425045	-0.3724681461247966	-0.22736249472953443	0.4945259705918592	-0.653393906408735	0.19623241454710214	0.07889951542784301
-0.0636435544083953	-0.48988561718021517	-0.2551117030016521	-0.5006555310497953	-0.3842271059083615	-0.07239344038159072	-0.5311999084366472	0.1695732165918562	0.19159207152619934	-1.613023995768714	-0.7102367529108219	-0.3515557658092135	2.067408500319487	0.6968111766758294	-0.530322640498495	-0.15172502755289083	-0.2089582103720532	0.12032679754757926	-0.6465703333667869	-0.45852276672752695	0.9471380433445501	-0.5770920716206367	0.09413977854536597	0.5046685882819305	-0.6475937741211447	0.7922438042908011	-0.0373977513835453
-0.12454765652938685	0.4330323355241837	-0.2416816112461223	0.698579835820695	-1.6864706530052402	0.18897492571495883	-0.18853211159961947	0.15895569505647042	-1.1572906702095815	1.1209915360880618	-0.6545852838515822	-0.5527121221485078	2.062101438851961	-0.12869019360104733	-0.5087025681784325	-0.06717955446188323	-0.40446896709616015	0.19195844549787072	0.8849341483396518	-0.7243610759008586	0.966032671884475	-0.4345169506448383	0.42262401309987874	0.40581094673793544	-0.25668459247445385	0.8777561968210598	0.5692538515078325
0.048174504598459664	0.27416736823827875	-0.24346282480804876	0.5639538684259725	-1.077061104968738	-0.8303931299756561	-0.10242960829549454	0.3646768574004127	1.5467916515648048	0.8851299661503033	-0.5569425454927297	-0.6272052564162783	2.5055057613472864	-0.04971882221052297	-0.3135499276822725	0.26134932414236123	-0.6819583227436916	0.368388339186494	-1.9207150190793485	-0.8953058615682367	1.049677963946617	-0.26546360359299037	0.24221881997931444	0.8641973179835164	0.14138754695192018	-0.30358447993449916	0.5483204422482253
0.2083518023742373	0.06961626893159133	-0.6558700003280106	-0.18518275327965358	-0.16428700669018473	2.5060674647522445	-0.47860187092508044	0.23661280828373937	0.7800260822666242	-1.5530634974196251	-1.1181848021234833	-0.17573313190372175	1.8831356263256818	-0.13419675451475183	-0.35120888133851175	1.2715479261073268	-0.3402233006388814	0.1239024588227666	1.2793094089800938	-0.5251313506089164	1.2202695336053464	-0.9024480949221144	0.027393882192276914	0.8964009889819624	0.47558841142263086	-0.8524720110005519	0.2858566529366116
0.388472129689074	0.28502050386496625	-0.7535876452737985	-0.015919781710015884	0.5182492060104545	0.3791287628449989	0.07437413617267787	0.3340777959153846	-1.2906145491364847	-1.0781472388893265	-0.7089574634188769	-0.0007878902453700591	0.5603486836518284	-0.532389271926477	-0.3038739863201111	0.23551716596085046	0.43293498956044113	0.34856371291580535	-0.4202894565386141	-0.6583451436463259	0.7703233227743226	-0.9783127914445335	-0.8145822867409831	0.1558991735906305	0.7523000151161127	-1.3796995989971201	1.0785715311752078
0.46562265667575287	-0.21136241324706256	-0.576028169774804	0.6287539192164088	1.3392912742268086	0.9097053630676892	0.18338284687103326	0.25129516876021896	-1.491401988983115	0.7242932142214742	-0.84336685432966	-0.2674192164931634	-0.5489830072049995	-0.24072181199661502	-0.2796233535685266	-0.2201355721311349	0.5797590867264318	0.023946207929147496	-1.4923761448111736	-0.6154542982010549	0.1966665868847978	-0.7529966605459333	-0.7048172635071744	-0.599668928414697	-0.2725411284467685	-0.4174361697650887	0.790062077015638
-0.22596046036428796	-0.2661060931059753	-0.2236233613313856	0.5356960738566339	0.9937006477196508	0.9708477195125937	0.5851449334772166	0.27574408312492027	0.43978208122989426	1.3166013415737683	-0.9920049564510797	-0.4469541748678415	-0.4854621088798997	-0.1292511741588858	-0.3442164464493411	-0.1722919877828494	-0.2906199424736572	-0.11022771923615898	1.4006876098668888	-0.1577741185046436	0.4968509713049539	0.2313510706309484	-0.34985563131387737	-0.9960306797490809	-0.7890303162177059	-0.4797115997858129	-0.07649913511795661
-0.22536624444943237	-0.34270405908745966	-0.1398707973903975	0.03283782649875003	-0.1857384532871769	0.409184638971896	0.21180675502955043	0.29802979506054994	1.5342284114996438	-0.6307970590540035	-1.0680357615994238	-0.3994759054457762	0.0891419827260957	1.2106925537323079	-0.33039508493319275	-0.11941466904911396	-0.5366372594146862	-0.11639877582929979	-0.9036614470312886	-0.09969708356710656	0.690536782912419	0.37018872944834763	-0.08037054308475422	-1.3851340407305948	-0.7981160883068983	-0.2853201552602553	-0.30582760586454344
-0.024668055018876783	-0.559148527945739	-0.21652011503756805	0.5499350367928045	-0.9692087928555488	-0.04170152509284693	0.5655670592472982	0.26016869448834784	-0.5580347869633849	-1.3575921781151459	-0.9879220603050615	-0.20014564839905855	-0.3746194236447026	-0.5851693837783148	-0.41255828825626034	-0.06276313660638148	-0.5126738755380869	-0.0319238306889342	-0.48321350879561303	-0.23359929663132184	0.032045438740563065	0.1293149653272237	-0.3626771838246072	-1.1425098817242079	-0.8119255518089679	0.22595872705578102	-0.3301752668001271
0.16851534642913235	0.1521991725465922	-0.12877912523997231	1.1005305169911508	-1.6061731359648526	-0.2919697230199077	-0.6235806574481952	0.18535821063467392	-1.0084003788834337	1.1641044647405212	-0.7302242762538431	-0.8969279177912746	-0.6735375879788703	1.3302126097534297	-0.32572370471839174	-0.07346619824177762	-0.480100205160536	0.15449664473964944	1.3401315665157552	-0.35454623211927216	0.28891582362867163	0.12960386660686754	-0.4836335075968706	-1.6101180905653525	-0.8425907793446528	0.6398776385620454	-0.23114224507768977
0.0018496541956149228	0.5352553808856423	-0.11153379864017796	0.8462278533577006	-1.1819039168113288	-1.4538842395174283	-0.29633874738203636	0.27368623001823206	1.4868403777902224	0.813956656003149	-0.8522069694572972	-1.0885000317723703	-0.13190957015464444	0.19844300647303703	-0.22964198696024454	0.0550107360859964	-1.2073658829899068	0.10227680233476867	-1.106885083395217	-0.18465855759192473	1.1633411867288785	0.42893613976300177	-0.33651320018903486	-0.9640257063349533	-0.2329972334737233	0.44589611180738864	0.047068371181895684
0.11136753693660734	-0.5847686113886207	-0.2723098069160531	-0.6920219150960084	0.19388043802686478	0.8274931065255151	-0.8730947696621612	0.18027448970366305	0.4574254821003917	-1.5814376752821775	-0.5037844752608203	-0.5476342840902345	0.5132968763203207	0.3308740753058185	-0.24304878312275818	0.28090842981938147	-1.179956094122865	0.2634851652452785	2.1291242309463625	-0.06453161540878202	1.625267577907934	-0.46737854148455027	-0.5424596558331596	-0.3789550348905891	-0.1895152613485211	0.835706589843459	0.07976369504892476
0.11934628414464132	0.2831993829918692	-0.303979862897207	-0.19695898239836895	-0.3223680018895769	-0.2230982261350264	-0.8000022759304025	0.1732209385064383	-1.5666346008371745	-0.5568436459132645	-0.7423110164781802	-0.17393371574460148	0.8048278729422583	-0.7371942586038588	-0.3742190988604345	0.1409759119720254	-0.4162161870882502	0.31817516784705674	-0.4477009939530412	-0.32732932993945446	1.5526323897782255	0.040999181320385866	-0.2355650120797697	-0.46970596219227084	-0.18203455192818255	1.1310996550304826	0.7189016412695498
0.05937722095525765	0.48801612964787905	-0.09573883636447927	-0.08866846164246317	-0.616667133786816	0.41574184915943396	0.7257525194865659	0.14860423667675138	-0.9829815406426359	1.2667898768926866	-0.5533529972106652	-0.09519833092537405	0.9709466407638813	0.07730446031708649	-0.4097057789575295	0.07837391258752203	0.30565407156157776	0.2268343266735738	1.3003561041483076	-0.24945718542585613	1.3013425081399206	-0.5678906410704482	-0.21277951827805344	-0.8375137242867695	-0.6246168509921167	1.3622507537126078	-0.2642439712277414
0.26847684736196165	-0.2390109959362332	0.0775278893790161	-0.8425518273259788	0.38372752197219046	-0.754383541465204	1.1761079559746146	0.19357346025223796	1.3876232968019668	0.9712625354904502	-0.5324516705681046	-0.1772282142273676	1.0069341965293017	-1.9916229796775873	-0.3715418772976432	0.23724116725642838	-0.554249719422703	0.10929387294107025	-0.14839456520048339	-0.22352504503703982	0.4531415172350712	-0.5132115500390494	-0.4131578563698821	-1.0513339830879036	-0.6319257792870306	1.4827087220647455	-0.09988391345116944
0.29384558457594184	-0.15370053200364922	-0.06706781381448773	0.18917366526830415	1.2893925547653133	-0.7081501859705339	0.5094838446767842	0.08514360076774093	0.876599396570628	-1.3551135013871805	-0.6356439888650532	-0.09284861361588076	0.64102801870215	0.5739537474519497	-0.36351579807832396	0.4006218610394809	-0.9810976400241792	0.047584479457072074	2.1989156060793396	-0.15458674805296296	-0.8938955062250529	-0.6738088763991219	-0.06984253095584753	-0.6675263703529204	-1.1009180285853684	0.8551121308485945	0.31745163751725325
-0.03356945778134487	0.007880924138027268	-0.09571620539160997	0.7564985001823	0.03730995033090846	-1.8987930632622858	-0.5838313841090265	0.04823953941919785	-1.445723187151966	-0.5407928243331033	-0.9477438339674552	-0.45691452117443837	1.4294856922886083	-0.8539186778746648	-0.3805714818097274	0.08917439801789018	-0.8912414920008792	0.19863521320109104	-1.2565253886379408	0.09650394395820758	-1.0526922573854307	0.022778094918584763	0.369219800951397	-0.8135342782716617	-1.082458517332834	0.5066941438302328	0.047894499466339564
0.006475849214532172	0.41295852243160147	-0.010378377723502981	1.5773528929182448	-1.0867346823865196	-0.8000314107574452	-0.8111150964510834	0.021926810646579264	0.12265951278320816	1.8202668962635253	-0.43044406844623456	-0.4427624083432291	1.980942026455507	0.838980360591306	-0.3418498475967127	0.04212218771155881	-0.39079306321874147	0.22421725028939585	1.2274337057524771	0.012896228915468537	-0.5084530341135375	0.13111491271794967	0.30057069302650957	-0.49803803694346027	-1.3633317373584346	0.2674499191361758	-0.2426730158488914
0.26795732746294115	0.00026054350746389763	0.09380461914796706	1.5617052559379814	-0.070698799509541	1.21747265275332	-0.2912442761249879	0.1021025492289999	1.6797388334794896	-0.6003482005522488	-0.310753021873071	-0.5621285247189948	1.778153447087994	-0.3173243273901171	-0.3254784848503342	-0.014096672356057507	-0.48042353264345905	0.24409753446092358	-0.6733108248252447	0.11950547137410437	-0.1930488511676232	0.06045846653714002	0.12129375270823024	-0.20069832960921652	-0.8918270437611276	0.19003951780497716	-0.3224055679063103
-0.7844405077387083	0.8750837854005259	0.21113922094546173	1.3799706972784416	1.5619071709946557	-0.43932758852651993	-0.5681235425504534	-0.054285883780123216	-0.730746560338687	-1.1122627990386373	-0.42384501234505406	-0.094436555240666	2.127647802297001	0.7269329451297863	-0.36567911700353556	0.11869794134983422	-0.5328803634805961	0.572089984941357	-1.1230547128661896	0.19808301477600895	-0.5079695235315229	0.7607058349149806	1.5650819815477368	0.3480549884958513	0.39626474596505473	-0.31511490604972187	0.28590005961486104
0.5824246225738671	0.4536175157216148	-0.24756463976621465	1.0406934316653451	0.6719825442279479	-0.44443765479054514	-1.0719039820091516	0.0697144685789526	-1.6513112129277678	0.2932049952801514	-0.8616592427169292	-0.35395894382318116	2.045882399055833	0.04806194895676221	-0.2916528791234943	-0.0856650386061302	2.251982192326444	0.03204675866228002	0.013308123346148138	-0.8876661911107062	0.18376229908508357	-0.9595911070063341	-0.27326872888667264	-0.14325357367645195	-0.5535507092875425	-1.238260930452124	-0.0736025134688041
0.1450205321305316	0.6887678634807146	-0.08187112534525368	1.2248349365194444	0.3906196243019529	-0.3957071062195664	1.7952100609678665	0.11819315268982576	0.9519312477016301	1.1184971965333044	-0.6674084862322944	-0.43610327860061804	1.0055683779870774	-0.237693536713012	-0.43102277621779345	0.24698975446326135	1.3774101033222357	0.03176417598212855	1.0251046066237597	-0.9161214083763415	-0.4611202807939139	-0.48802848617218814	-0.11719704766041737	0.15422272243702706	-0.9419701312052482	-0.6426846878504886	-0.5142643922340481
0.14835565895623298	0.7901827356845879	-0.1635945611166114	0.8464626990438799	0.09739698964284949	0.04413490483767811	2.3498775295939125	0.2075799591825889	0.6258995040149915	-1.0590422733410625	-0.6417526202789547	0.1597104790867949	0.25323591680406965	1.1529840547464372	-0.4068264202815328	0.20815191226224783	-0.4051428891546646	0.01836623500606566	0.25902627849696924	-0.6105824347125298	-1.458558057516171	-0.4490398781557758	-0.003594970558000015	-0.594990199898711	-0.5998527478045473	-1.1900087177730356	-1.0310495737547785
0.46962349988433527	0.22882457644277943	-0.010165465616656395	-1.6212501198441327	-1.1065810916915217	-0.24059841062713844	0.7028237031862983	0.11447863644380706	-0.9025621787180667	-0.6886795422039258	-0.5656023587144564	0.08913342187706381	-0.800656769147501	-0.9360387551209652	-0.30392416780962694	0.6255549827598968	-0.7155071284513504	0.26612185752759293	0.2599613898431724	-0.044994713051751456	-1.2708206886783873	-0.5436507953141382	0.42080819067640785	-2.001109997409325	-1.0276988717749982	-2.2373239797931985	-2.2419989036098458
0.08764241634010199	-0.14255956067609327	-0.14536816085965795	-1.88112486675997	-0.44435231379302653	0.9234535693918966	1.1472478865253841	0.15347471041542232	-1.3911631601600012	0.7960284617471066	-0.581447591068302	-0.16835140196112178	-1.8118238874396626	0.967267600368951	-0.4138017516854172	-0.27568488203911223	-1.3957781620045817	0.06153790049863467	-0.47724023888723494	0.11738424867041111	-1.3334825483240107	1.2272842287052101	1.145236961840497	-2.4422192127039546	-1.1474943598021068	-1.0814049346677375	-1.3750587902693474
0.3670174237116188	-0.16787943230361568	-0.039449213925925486	-2.4010040146387737	0.8342307725950738	0.3524261563583069	-0.3747624693997304	0.004190825363016269	-0.27666159734726936	1.3813791378090294	-0.7369871704562198	-0.37722732986541685	-1.7564519592245404	-0.24098863356497272	-0.546822892024707	-0.11436262620125665	-0.3966315397753826	0.035333447551671525	0.9963745432835075	-0.11375587616630684	-1.5441222513165815	-0.38217253928197753	-0.11312644944109886	-1.1045368295513505	-1.1462511485835727	-0.3946192971117349	-1.4730139755723624
0.1963676831562323	0.661453563086794	0.11002455475076942	-2.261711190278052	-0.35594774110538047	-1.3217468161388746	-0.4776672997996228	0.23267913129490986	1.5483083369081456	0.5212606531127589	-0.5226333089769623	-0.1506048885734186	-1.6162197864390342	1.2460211057120298	-0.38968850013653056	-0.485432320425802	-0.5806830090319043	-0.03284788309117139	-1.7995187866440738	-0.36915387843231257	-0.7339010003157951	0.17835229685717052	0.6088322085229287	-1.2717684419641515	-0.9761993663050736	-0.7737963480346756	-0.41879740202564836
0.24019062266394656	-0.45283256383864723	-0.28679501926137946	-1.6327925569637247	1.9329496336245633	-0.660202043522476	-1.1956036146138538	0.2564344034855084	0.9705282735878467	-0.88592924319828	-0.5995322019048529	-0.054939652328706116	-1.6105832054576643	-0.6745648797177625	-0.4864254818406405	-0.30323080625071286	-0.07614642981048864	0.09507660183427753	1.4760956649802575	-0.4714070658588391	-0.49435679602342014	-0.20382053744877526	0.20147937173012628	0.0474511611719166	-0.5771473396789475	0.07233704484755243	0.3134448636219608
-0.03765798392937336	-0.31649215508667766	-0.009790373451550895	-1.0172466088865457	-0.8818060454455022	0.12821316565172983	-0.6274437018670416	0.11762854788498447	0.009425712220244447	-1.4594842312328147	-0.9270652905418534	0.024230349465002205	-1.1734635061663505	-0.8600612816177321	-0.48084090080397685	-0.7565962856661502	1.3701596623402585	0.032296095213929864	-0.22830621148183347	-0.020798080143434105	-0.6106913086458171	0.020604811360196533	0.5611278237489892	-0.9157902750106031	-1.1908238777874012	1.6332807690790343	-0.3821972083809683
0.7447041255052209	1.7529242352395353	1.1288033284834065	0.8386329846221473	-1.9759174732032079	0.5131485428713292	-0.6880688134083953	-0.04390912839294582	-0.595765783573213	-0.7288301244428463	-1.0611623163333839	-0.19157798645009638	-2.228784992626774	-1.7098083688868384	0.0013045792225977056	-0.920421277994905	1.3972320764147	0.3098550687507199	1.7645903155599483	0.02887596320487597	-0.08955112696823275	1.1782225092266083	-0.434163848237597	-2.8859996027881096	-0.6917121923989128	0.6907452643140644	-0.2643134306414085
0.06652373149076217	0.6486677949977824	1.9279348817359916	-0.3054497688816951	-0.3410144461130363	1.9159149519497707	0.23428219950658125	0.18471413604685222	0.2334063562742931	-0.6013208752278484	-0.7221195814654472	-0.24243708928362703	-0.9094155631417848	-0.42113618982309114	0.4331023473961978	-1.2720769318990064	1.6711052667126725	-0.3304061631239319	-0.684619911139239	1.3718666670393835	0.49147233063693024	0.88214685759648	-0.35715991199542535	-1.1329284583102195	1.771290508015807	0.5116763410290698	-0.7924965361544689
-0.5214863759738998	0.7472085648777037	2.1122062012350433	-0.92119819780972	0.48545450109822613	1.8061525089653019	1.5789871238029722	0.27036214981914086	0.7162924017466415	-0.8206397148002063	-0.7323679117301202	-0.5534216395830729	-0.789767658960603	0.40799520947059736	0.5290937455267228	-1.5185143533140164	1.6206826992711447	-0.5391264215756792	-1.0605896269835153	0.696687990696961	-0.5433562625675958	0.32061320322629494	0.4194112244626992	0.44174427614614975	2.5322498875042845	1.5866501732286524	-0.17346906154706765
-0.8806493827738018	0.20436424394940905	2.4075078485593226	-0.19379904730206973	0.525324048824072	-0.721113793896845	0.5313494062566358	0.1452935963856926	-0.30538179823591344	-1.1632305041113253	-0.749296454981728	-0.10402654530811695	-1.4363047825873305	0.9286022578080441	0.7841177045607992	-1.282610063313626	0.08776489935666641	-0.6512596531249158	-0.42067252483859274	0.3074396130708793	-1.2583288783047935	-0.06493841426524585	0.7857408116254023	1.2013181307458125	3.003719178420642	0.9624690035729446	1.5347054770929163
-1.6183159828382305	-0.5847358607878157	2.4442599509201948	0.2455905596424938	-0.48694581037345774	-1.9323694559951707	-1.200231694251897	-0.0013063115905400915	-1.0426590723364053	-0.46958252544821033	-0.8018397986793461	0.09906652341929433	-0.9993514382937423	0.7265027248965941	1.0666975421254699	-0.07531756497914138	-0.5188831475331931	-0.215774546736303	1.1327661816266155	0.2491555216436851	-0.505682189381007	-0.33312414583444455	0.9459848836585298	0.8052179896079782	2.870051617155444	0.24869071433643358	1.8423472313900215
-0.5142010574385812	-0.09963842261268145	2.1477270604377994	0.34615825154648205	0.9717305923175291	-1.4593786660580275	-2.3435521715293572	0.15403978553506403	-0.7678081795096923	-0.5530643284117063	-0.6296734770846092	0.0394534420822687	0.19010044368328563	0.7940775962780638	0.5050122439592091	-1.7160132040574412	0.37992710612607794	-0.31090715639769967	1.3726516641370594	0.3271396602979959	0.7431569979931214	0.162456053648307	0.5753987291431346	1.9298342846138825	2.1337425101563685	-0.07028237386560018	1.7521558612488204
-0.8614378533893732	0.15746527785987355	2.2549370485499796	0.719414909793655	0.9615032358294056	-0.8319379185587983	-0.618285146148906	-0.03537200382820599	-1.4390132520025494	-0.45175523970958703	-0.48454060517258396	0.2917666610867573	0.9231742726246251	-0.1638588724265406	0.5415195254531696	-1.814368394580156	0.5561039698904787	-0.5303595711360496	-0.5887532167507995	0.20990599332420382	1.2685880073158862	0.8057654717939097	0.7015689675704061	1.786364462527884	1.8066894593751301	-0.0759429313861381	1.8508370993326912
-1.0423986527978035	-0.15170201601552594	2.3236021899072674	0.5732762218506494	1.019112602950568	0.09763499612863767	-0.1940506250545272	0.017094033625181894	-1.4584086030387367	0.9095600518074581	-0.8096109471949493	1.322401976695655	1.3573054575076402	0.28431682759161353	0.6574407752658541	-2.1433167713023358	0.31785461896202793	-0.4052589786078725	0.21165373426017225	-0.10310397388024234	1.5538879551061333	0.6874175984416125	1.3515640830024116	1.196893325948303	1.7833715350682744	0.3684812302891513	1.1938344480421954
-1.2748700991332582	-1.137729153440762	2.3860792539819564	0.7558887286864551	1.3217436510982497	-0.17540277550868402	0.2610434230299918	0.10661713566820788	-0.20211059636398246	1.2594738680702031	0.5751201535982792	4.933441890155606	1.9084636373869523	-1.067934099370184	-0.16119451412067276	1.6612051704492208	0.9293686528275089	0.39968577007736517	0.858075236744354	0.478116674449996	1.7221894089220238	0.890049715372907	3.1338888714570863	-0.22020468334415078	0.4688982221314976	-0.08179029475326247	-0.21211433874970298
0.9470113191630585	0.9910538138991455	-0.2186110516046899	1.5008502237629113	1.043878786749618	-1.3572792287615576	-0.13802212079870735	-0.20183147423671047	0.7098449810217735	1.2017067660416194	-7.748779182491697	2.9640904973873328	1.0225706986590262	1.504875923779994	-0.1540734016574867	3.874025745985927	1.840548304382223	0.45868951977609346	0.23459585846192396	-0.08876213999873911	1.5511226371363775	1.50058107888969	3.301118191840612	-0.06136810364425644	0.5937538028562427	0.1074004422757048	-0.04279094355773566
-1.5533866488608161	-0.11405680382435866	-1.7432621269140052	0.11559430802510792	0.111481530567901	-3.629630759849055	1.599396473250222	0.3268251887054552	0.966802747101322	0.5355240336298479	0.012045290393984972	2.5773952222893715	0.7339118665660054	1.838843262006678	0.019356442778787775	-0.1626075292816108	2.3282301799431218	-0.0887228076241415	-0.2749257764720807	1.7766213697284474	1.839282308707395	-1.3494105966914773	-2.54348476809691	-1.974036861721057	1.1116576840427488	-0.5136562738738626	-0.3907165668966871
0.31921603768001156	1.109023767459935	-0.13754387871120363	-0.710095459721371	1.5375139677155125	-0.038576526947518175	2.617491089485331	0.1336095632232653	0.5128103256302937	0.7596389541184229	-0.5653775213260123	1.5677204852024975	-0.3742869724823227	1.0802683567634717	-0.3892535121563455	-1.0587900544735172	0.8366716836726945	-0.008293844346492735	1.5009045233908955	0.6577816335706946	0.39286790829034296	-0.1802853497987381	-0.7529541481015016	-1.2008798933891272	0.5518267432202087	-0.4499253552778804	-0.18908124461765685
-0.094754603222009	1.1638113534332815	1.189210764743674	-0.1185699723269033	0.808008783620909	0.18942613298839142	1.8379768917365407	0.04196865494457835	1.0951168667295954	0.4737638455915395	-0.5729511465759276	1.2116187654121329	-0.7765049802487967	0.5532739173924318	-0.3433822447885696	0.1338071983470656	-1.1816028894342174	-0.044778816258613116	0.8780591180156171	0.43075741543796486	-0.6180450290322453	-0.15468613467274062	-0.6028091989083906	-0.9309045282321343	0.3769406292012775	-0.8215561238866014	-0.5628007207793495
-0.3478027822437436	1.0446039816122192	1.4887161258784085	0.16378961125630667	-0.9717598051644357	1.8758235570236053	-0.3317056492868004	-0.06708396639734734	1.3216135291595579	-0.797060697137966	-0.5951753733396643	0.8558381285698636	-0.4741751090312832	-0.10040839934382965	-0.14879442750426092	-0.29747477217064083	-1.4291269469081178	0.00421317554009343	-0.8463158648879181	0.9204336653387287	-0.7050250378207272	0.041944185799294625	-0.19816692221463408	-0.9873046832136129	0.7791939302912664	-0.9112036806892722	-1.2235415598624966
-0.3508616088901012	0.6592219798807566	1.7048408637577237	0.6959447182778243	-1.716670297267515	0.6529126955866892	-0.8956566516486238	-0.024840044622262154	-0.7543287293013716	-1.2137960913479384	-0.7057037743637261	0.6388934707236203	0.04710955715696268	-0.9116447591803296	-0.07566077990214218	-0.2640175787279456	-1.1715763719980161	0.1701365149051757	0.540689560828449	1.0590623113425233	-0.11717792021546936	0.2522550925778726	-0.1701392568903745	-0.790027445068329	1.2261422822407277	-1.2740843317932369	-1.8590000083933642
-0.42432985889353486	0.3216983076658018	1.8286335251954515	1.0912158926253503	-0.6661047679024097	1.2624625884250984	-0.4248752758830095	-0.053583646225815566	-0.9960764158425311	1.193246909380398	-0.6634057923881768	0.17256475625985437	0.22220191346466311	0.6046965652860862	0.03760520025501697	-0.8257109146101002	-0.9225163380082053	-0.0821282164460177	0.7108181095797549	1.209449611810633	0.5059424645038577	0.602040564498333	-0.6521656810181642	-0.2132825199023039	1.2879093533369372	-1.0255417391506696	-1.8692056915217101
-0.26643285314462345	-0.06512083214764937	1.8578589833888934	1.1277382376345815	0.7164444550908009	0.7839459289100026	-0.32431139860505365	-0.005975601948619006	1.433755035221183	0.7479770387821626	-0.6065827600308693	0.07573597337489525	0.6489510795199807	-2.0787293121496786	0.11182966041237057	-0.6270220279416747	-0.8165557387432792	-0.0840147806972894	0.19134371337343994	1.1354514843232084	0.6274909603509696	0.8469182161980999	-0.960929253825201	-0.09820821092214932	1.1194146009203878	-1.2434910986288812	-1.6963853035914056
-0.5874931861763532	-0.22356076013244325	1.8712305802451534	0.1769103113351943	1.4665230718444104	0.5749788704523042	-0.1836387298313462	-0.04481822701098376	0.9598569261054123	-1.201894714234859	-0.4653140077529743	0.1635015064381681	0.8912245688788902	1.063509617352249	0.1306805001384333	-0.06296863666376445	0.12082781367717367	0.05470143325359976	0.5235759417696256	0.9244564524824208	0.8058128251508668	0.5277889981356315	-0.45937073923761274	-0.20762304025811018	0.5342421271876745	-1.7356108481981256	-1.4822882725553397
0.02415229169608661	-0.7156856763252116	1.7630255515954023	0.30160051816460937	0.5932272967017798	-3.1137427709789653	-0.1315054770648473	0.322717747823786	-0.7780421709850034	-1.4124697700833238	-0.8715480710339041	1.0760819980182355	0.36527040733993327	-0.6906998747672318	0.1285521669399835	-3.6102124341615314	1.1780826297955305	-0.7105905673163071	-2.597166787189483	2.2148803835061037	0.9194398756071742	-3.1597795707436993	-0.050688498354486876	0.36953137601305747	-1.0654629519570291	-0.8795102379100467	-1.5749365205747414
1.2745622185949632	0.25987494428594504	0.21411180135049918	0.142964397491543	0.2653210733646025	-0.29095344486251606	0.6041006933271138	-1.296394987825824	-1.0329033974162467	-0.27237336218232455	0.1600522805571084	1.1437540428673156	-0.002365590856167551	-0.1258637566759162	0.19678714596067967	3.238386507289951	0.6254998423018457	-12.349539175700814	-0.5193609043963507	0.8157924503977563	0.3811915606235555	0.1467285540652179	-0.5264829725323378	-0.2320109402939681	-0.1308721987185824	-0.2726116461573964	0.6292165533095911
-5.197630293257388	-0.39061626720280906	0.3043313613321999	-1.2254407025085963	0.2024205715718204	1.1196714228469904	1.2803662478302613	-1.7239169206040705	-0.8916571393200599	-0.15269422100373184	-0.07637229963466947	1.2966413760602398	0.371320552206172	-0.6849462014207017	5.576748602026871	0.10942437399094902	0.548165908241588	-1.3663302811105784	0.68739667360619	-7.047496137724388	0.13703168232948987	-0.768145497072001	-1.6007317231828644	-0.8360735535887245	-0.5743462589965448	-0.3577836097780848	2.203355759728651
-2.898418598126885	-0.517403410148418	0.5946428751858095	-0.42507410574977605	-0.4440487079898351	0.14045963038785642	0.6875086612266962	-0.7294949590100057	-0.6761278936525404	0.4444679994553764	-0.26704788163735055	0.33900980629541916	-0.8277990857394103	-0.4951639276937128	3.9917868696528047	0.7102740894234865	0.932695681035706	-1.9067524168416914	0.5391536212248507	-0.658463303435348	-0.019637831536234544	-0.6978107726092089	0.3742353958755231	0.5759586970254548	-0.37388194861873875	0.3321751854033085	-1.176785374123471
-3.712261368027957	2.4446208079219516	-0.28996576235689586	0.33712696863262126	-0.2971919442636416	0.08655428095570795	0.6235296042295781	-0.31750391357974256	-0.6050750484714024	0.4544936181080105	-0.5597226400283056	-0.08102997726585268	-1.2209643383114255	-1.5732068362286549	3.2157294849125884	1.605118310139566	0.40973257018929715	-1.2095361899909771	-0.4566060394592505	1.1090927576471654	-0.44617607488001315	0.24736653785869064	-0.494480504744615	0.5618303287361972	-0.5204709124906015	0.9922553210216418	-1.5507015025910225
-2.090968278145335	-1.0142586803112124	-0.6304215263979877	-1.1353569100988394	1.8165567211064486	-0.023023189916507907	0.505305460300932	0.14308388691827542	-0.596082283348862	0.7044471021795273	0.01730926902433675	-0.141830542120104	-0.7382796939101589	-0.74606221271704	1.7385469978812902	1.1512693848198807	0.9688030772917621	-0.64516116937846	-0.9502602623117545	2.2619405474374745	-0.48824466743536704	-1.3271836986440468	0.6821082106963018	-0.2329907063969351	0.09652790627826971	2.216443285116946	-3.1600475926068805
-2.345835247483095	1.068637944946276	-2.1124368953272117	-0.9325397150015152	1.13035056331231	-0.4492261549866696	1.0307155417235354	0.4515282154990422	-0.6501586468714983	0.7080867619432752	-0.021813357654122893	0.4572282870729683	-1.5843224363240107	0.760998481552385	0.26547866026819744	2.2260992508279305	-0.060333960886828075	-0.7636070275666694	1.639347358812258	2.013001469969431	-0.9569346255573778	-1.1845876744532924	-1.9117276744282767	2.1322425152034183	1.27501331052923	0.6625308708501143	-1.8245219002105926
0.8534135965010733	0.7416869267728675	-1.3244768216362066	-0.9949565345562017	-0.9318485176997587	-0.611722351478811	-1.07041887615835	0.25353633019677474	-0.1590846584446443	1.0652244268862652	0.454622873147823	1.1510265760484364	-1.9266383483504033	2.3478297983040197	0.9919265505982086	-0.9315517622846015	-0.9004754516034641	-0.5530461010860516	-1.0479459448191706	0.7693070129061577	-1.5848034690172286	-1.5530429241866226	-1.4877835113816704	1.1255811907994	0.4396264949220178	1.3292331019846286	-0.18718869799367224
-1.2302194795086048	-0.06725041483848083	-0.29709417005890476	-1.419652382161058	0.773131321990828	0.9403623066479134	-2.048268644538106	0.0596756340713339	-0.19644063981006085	0.8786872864165207	0.8656119264039777	1.249139526357786	-1.1984305351839322	2.1419614534547464	1.1559799187595559	0.5135378520872539	-1.3352568836732202	-0.35726071647965274	-1.4423740420967128	1.0517136638294096	-0.8768567030227358	-0.7055602369717602	-0.11158684616170148	0.9803785996612244	-0.24839558673672327	-0.022302193577030414	-1.2049842687543704
-2.6522461327417552	4.719484896183327	-1.1242139581209092	-0.18698459975628978	0.7486214736634496	-0.2214544921257813	-2.1166552547718083	0.02471178413264067	0.3400001064310825	0.9063836402513442	1.2519354867390162	4.626517161640801	-0.9691197042398115	-1.1059984958138935	-0.1185332910068959	0.15860515271096598	-1.6306522075858212	0.2117260004197166	-0.06744070502461211	1.7017479229223633	-0.23230471380689646	0.2139786747200175	0.35736553805983584	-0.7655785987833643	-0.16838974421441388	0.589528358044927	-0.5960017548707465
1.274363137235148	-0.06717975905805454	-1.3084823118054176	0.0036500624126566	1.5867450894412678	1.3227688943400953	-1.4837020039691895	0.12481634971233906	0.44346269148829937	0.59515305770001	0.46113451079285417	4.768013531269733	-0.060965130165855974	-1.8766230877650623	-0.32024151089510394	0.8935821178351838	-0.7568088818126946	0.2572806135465615	0.5487398368955494	0.8873130416017735	0.2546860245207969	1.110886051464105	-2.232298674271366	-0.9768682691042101	1.9953982853992787	1.4923016936186722	0.44003433506046147
0.020308925368894965	0.48822311631009324	-0.9941562227154379	-0.3021094066327678	0.013695148899772825	0.8911382092092444	-1.2564395933733714	0.22690465999178866	0.8659705583361103	0.816540961739619	0.34059732692154915	2.3571405835398838	-0.18429151520646772	0.35260211798521535	-0.28100918985214357	0.3874958390414721	0.910585994749887	0.08151985562582009	-0.42214526233661726	0.40355049961599676	0.6483038310123023	-0.03958154037075445	-0.6593995783830052	-1.4197032452450271	1.1932828960011232	0.20902661128507286	1.2641105012256952
-0.5145578099340067	0.3132838618257818	-0.8987921878437879	0.545959355898823	-1.224990211801558	1.483869528366091	-0.22045222564900965	0.37751924470002934	1.5280252808135684	-0.5714738737554461	0.6068194548010659	2.0143138436083916	0.25492757708579045	0.1592019086774018	-0.04126720332026433	0.3094987107984131	0.6946521220171662	0.11820385393033855	-2.0542490518665466	0.3716147996442996	0.43874808336382753	-0.7692999983565267	0.38596257554477514	-1.4658251794342443	0.6384515811327901	-0.17888843278045866	1.295459686248911
-0.4440263605272542	0.38749286853316156	-0.8950641633696397	0.9481682533548034	-1.6562745429619166	0.5623767969776522	0.5057010884241749	0.4300983414727753	-0.8823605144988138	-1.1514333062692963	0.7513148454167943	1.7224362741614123	0.9698796528094371	-1.6575506315278363	-0.03384204291836827	0.5778707366079191	0.036904177030447946	0.18608856851264394	0.5001910831362263	0.5249960145560923	-0.22510509223496175	-1.4324238816027137	0.21147910481698445	-0.8080222662448859	0.31622384766809675	-0.5590475433975205	1.2769282565672233
0.1989556444333925	-0.07585643653605469	-0.6225293131467169	1.003404477301302	-0.48384744200360824	-0.3120568606720126	0.3779574125778505	0.373241339826228	-0.9320141834717848	1.1504789580701453	1.0042661228722658	1.4125125919210255	0.31996089637377034	1.2376176243735872	0.09333207840768891	0.1984719581906757	-0.03829130146852584	0.16143111561221865	0.28499213349942304	0.5089115521752119	-0.5574001017675266	-1.435188890231741	-0.16871781502645683	0.4579399283441334	-0.8853287448558422	-1.3567530046674785	1.1302480281857414
-0.03680826875112909	-0.33854349264264305	-0.5215795052116282	1.3434783445853897	0.48857192489870516	0.2130020871984631	0.19811949318431288	0.288897139383264	1.540506954700595	0.41031942454359527	0.864427753025732	0.7416201730373654	0.230666228010496	-1.6994544323447995	0.25012789361704546	0.02784851822260708	-0.20482524400496563	-0.19108433164119049	-0.06104251299345798	0.8885149352187102	-0.6261602050515652	-0.2693365532717121	-0.1848506387878934	1.2610022237591199	-1.2823839288762837	-1.2097452877431214	1.1701135607007183
-0.5850654906158524	-0.723385692025818	-0.7231825201319826	1.3352891527412822	0.666106382659046	-0.4941284214484041	0.4111371105939942	0.2400093342217004	-0.39222466532901407	-1.688983729796176	0.702581347376063	0.6291211087257229	0.8357472298602817	1.4626718356258184	0.3822672970611215	0.05627711955968595	-0.6506621317501644	-0.13562996442891984	-0.4196036401256213	1.3602763155294766	-0.261702317275046	0.014809524193944684	-0.325133900477867	1.7047389938358015	-1.4463505599368518	-0.9786353412053821	0.496544637695194
-0.7261949971204991	-0.4954309304719579	-0.6845603951018234	0.6612335247934794	0.6496854911349375	1.4008659785959148	0.24838822926182214	0.24764509611685329	-1.5455495531642411	0.5964463500310855	0.6020155552144422	0.23071584114719415	1.0031133384822437	0.048132036615747206	0.3320484377718177	0.1957026544074106	-0.2824656467378383	-0.16769587103152817	-1.509440442758302	1.0258516784900398	-0.17095253572233793	-0.349367125899811	0.028578019329569267	0.7306277890982014	-1.4287268147544936	-1.0706504488838078	0.6347955443248665
-0.8859883473704013	0.3546681298042305	-0.5711221181294867	0.17648906346663687	-1.3006601566217124	-1.0937845260452064	0.3810167901551926	0.1947060972053736	0.9639465320613816	1.2092289431646583	0.7217299255963429	-0.029952252291652475	0.5832722018088408	0.6084799537597929	0.6138158457999172	0.1700751304175883	-0.05211874757612107	-0.10229485035159541	0.47941961393279564	0.7974933182195307	-0.2143753603022198	0.07933693330004261	0.493784676895101	1.160880956397409	-1.2700288888812625	-1.28260263172953	0.8024898344915883
-0.5248638698736207	-0.7015574624291198	-0.6271659763195159	0.783845728925816	-1.3328995516484705	1.8130573709376303	-0.3718257270303468	0.36671786522418487	0.8016131346567381	-1.243644528032646	0.8569375015017022	-0.17158722887953806	-0.008733165402243894	0.6565182716826612	0.5067910544831666	0.25292005893061537	-0.04641398806014664	-0.03241215689406211	0.7092254834455491	1.1270618350814603	0.06190271840809906	-0.9986195714509242	0.39932350289243096	1.4475566228353918	-1.0923076505791809	-0.3930387396830418	0.8188827365751815
-0.5569765358435258	-0.33867424699069815	-0.8931663663692226	1.4552661695720184	-0.4693793364014296	-0.0051609247156093815	-0.5004560046937709	0.36467946708101506	-1.3354017508844964	0.0286661785407727	0.6415302442562454	0.045762312864971066	0.056107363640699605	0.10705084158980271	0.3316777579762906	0.3272386564141184	0.03303986127745685	0.1844475657228164	0.7907960802883868	1.024667005374043	0.6009157651556872	-0.5436253767778185	0.037708788186699795	0.44575739291774646	-1.2080132193015485	0.5024261016336963	1.325395998814697
-0.5525962207895305	-0.42538386360654556	-0.730813308421016	0.7652449761424686	0.4276758482822199	0.8514290156887585	0.46232841277175907	0.37096702486474203	-0.1587696054892189	1.3812200674182304	0.8703916440754719	0.2551018682811538	0.12192565135543891	-0.18226224313946393	0.2565768358110586	-0.1810204559989347	0.386016830618482	-0.15434272467208357	0.7806759564784829	1.125469523632465	0.8874606175428603	-0.707660830180232	-0.262984913590759	0.47324196024837695	-1.5000122837862715	0.6296266083089952	0.9833537753516955
-0.32933897722830335	-0.5538544552661534	-0.8470744236050152	-1.1354699668076196	1.9146861435349456	1.3268685251987646	0.9423368149285876	0.42474024584524145	1.1781247574743212	0.18075800891933055	0.7299967743918708	-0.056992939097083486	-0.05573492718177593	-0.37367489019302674	0.20390997628652044	0.18070158364390992	0.5045241018738292	-0.3247842893109947	1.5063976345422192	0.722101441145744	0.7576358162771645	-0.9970530085306503	-0.3228952723292068	-0.23248192019586683	-0.7203352610970163	-0.2983568554798694	1.2902481451896395
-0.8443224580118883	-0.617459754148937	-0.7967961088904111	-0.15545236963868445	-0.6857687714457268	0.7836168398602038	0.950897466878824	0.37489860810687087	-0.21475056988872568	-1.5956027834106163	0.6460789120637177	0.09745643741545768	-0.49197180097359944	0.7647436465420978	0.5828454711687063	0.24367053045308948	0.509194519854338	-0.39277417775896123	-0.7318543439746381	0.8008481548484497	-0.02107491257168529	-0.789144072962583	0.13363767555088304	0.21528357770129472	-1.5571558190332315	0.14327910324013662	0.4665457886009416
-0.32684290246487435	-0.11599536148615981	-0.6810539367559896	0.09055501305511113	-1.2658014937752562	0.24146607477989993	0.973490255344713	0.35238473783681346	-0.27575220068228445	1.3621787116615691	0.8101015834771857	-0.26070848901848404	-0.6174002277104162	1.3151716719369926	0.8547571165011045	-0.034309710583690436	-0.65168923704919	-0.40098653040106375	1.152534395515078	0.928367177740457	-0.7429472671852504	-0.11512085982572061	0.09096948752153482	1.4346466165886027	-1.408821798501563	-0.08573821590695631	0.558201640028172
-0.8985645577234781	-0.7414764902409937	-0.5364116225188704	-1.0194968722015767	-0.6841121869130433	0.9836195913191166	-0.8382931928202588	0.4043116734849452	1.6565326335815764	-0.18014610715698506	0.3965213982066223	-0.5128019468803343	-0.07906240634404287	0.9731939863859387	1.0972848675195663	0.41334284171493996	-1.1709405147834104	-0.29551160575663005	-0.3267650162122386	0.9975256083926789	-0.7243398631332274	0.03780278877469381	0.30716391788089464	1.0272984631043007	-0.6832911389753403	-1.1418389599131402	0.27656325436029516
-0.4690754065196499	-1.5356411103171104	-0.7057637269504244	-0.7038742801693173	-0.7391134544217979	-0.31360049604699813	-1.9524298041437103	0.24367198420507252	0.10374642431970996	-1.589955713300878	0.9079529975316989	0.27929602945702814	-0.042835628526397954	0.9568804705662429	0.9792408404219421	-0.08624909885383295	-0.18606146977081292	0.19376076185037175	1.6913599583893844	1.0621023629118465	-0.20317859434940472	2.671723476722969	0.48846952533381516	0.8914756599903518	-2.0075089338421166	-1.2933442585612118	0.3451361142200243
0.04729580140198814	-1.256490721675976	-0.13577160939022903	-0.11845908360561423	0.1261129630766679	-0.7505103549812349	-0.1596651324375331	0.326742203893423	-1.5071341317419176	-0.3682827977102093	0.9160045561227851	-0.37118995744573885	-0.8139581099317946	0.18872028792014947	1.112874126579959	-0.43316887423273304	0.7658503715040987	-0.4386878591207404	-0.5631618465091919	0.8092142532908575	1.006596386862504	7.105513929001879	0.3061501130798336	-0.09318438956132526	-2.50134008309912	-0.2638448200728919	-0.1610734331836718
-1.02883804342305	-0.31382478517035023	-0.8165195356162459	-1.4842230176547502	1.1674018819303713	1.9842396773530757	0.46197712345575553	0.5310424633848063	-0.20551209232397757	1.2900220868203742	0.2565716947036024	-0.9598474823588021	-0.7195218509579324	0.4184347277490464	1.427259760566954	0.1304056792438789	0.706491389464733	-0.7686661160556664	0.31922815675653143	1.0432184621365832	1.0812348062712747	1.4006402082912088	-0.663588211168707	0.7798868093411072	-1.2833615897863417	-0.6406830076777082	-0.0475918085371499
-0.5884077982479099	0.645050449507846	-0.839598995931511	-1.0750179654318628	1.0543679723034933	-1.6677706435743618	-0.6588380755700507	0.40983994458842854	1.376284148017779	0.3237154696385976	0.3025862060121525	-0.8331538881187891	-0.7023070218603081	0.34269059320209594	1.1758479517122185	0.4004324130526714	0.4750066682473068	0.35995103292930636	0.17327027206426845	-0.07043709301220347	0.41026810747718945	1.9398032561076213	-1.9919092077213398	1.1240206018094308	-1.6461452074703367	0.9967328724753245	0.39668149187427365
-1.1386087328030743	1.1754214178579365	-0.7539633193010125	0.5381749194039509	-0.5341126795663047	-0.7347443322508773	-1.0195751864831104	0.3951786407845872	1.1034927799751162	0.3761121265330643	1.1183427603693419	0.04692603753672511	0.45402381379547285	0.4615071105508197	0.016658810938930325	1.084927178455814	2.0358551774208746	0.33716118000468903	-1.164156084812984	-1.269799532281329	-0.2436994729321739	0.8465210093608929	1.6139705072018307	-1.5754610733444385	-0.46847332315612555	0.9589461801379876	-0.1973417609373474
0.43231626409118423	0.543751413728807	-1.1553278732449919	1.268625140142123	0.6611784274395267	-1.2949423571847265	0.7072034634263474	0.4536862691934559	1.5099674448210838	0.4345354057828232	0.5503104797700716	-0.8696677224681655	1.3718869609772113	-1.238746610003417	0.009681669523825922	-0.4799067435506816	1.8938665467387885	-0.07704023382719805	-0.1282261943173479	-1.5790131523791795	-0.6925592834559912	-0.33816070201108217	-0.9175636412030074	-0.06552052902380023	-0.0016078706138432616	0.8075740769294248	-1.1419154311965316
-0.0030628141774175477	1.1405184209762478	-0.9599074189642373	1.0628561601414694	1.2635194086761699	-0.5543746449164916	1.7988988394031145	0.29206096744372173	1.6603461682300538	-0.433976605256082	0.3955297286198646	-1.2270917761823175	0.7426732740453454	1.1330906703891013	0.11991653071417815	0.041104836710631684	-0.182726145651901	-0.033272391099099616	0.6327755653606727	-1.227160566240336	-1.5332070069568797	-0.020180163385534324	-0.36832606340580665	-0.03925136459095247	0.11541593627614223	0.5376278914991403	-0.9654472984013548
-0.1457428673636886	0.18146470829814246	-1.2485432680017903	0.20147946370727918	1.6223311764690496	-1.3460530083604427	-0.022619072199637352	0.3192829346414693	0.4791840957104976	-1.4245686000583768	0.0988370380446718	-0.954213159391509	0.42948254134993585	1.2672859969820955	0.15548618656956845	0.6459850457203572	-1.7142329246174446	-0.07993741199174241	0.6436403135966129	-0.8183388466327156	-1.7834452376830212	-1.026767725023839	-0.6228114193498664	-0.39059344039864735	0.6331023640153024	-0.44133393722315306	-0.681232859129071
0.21079013722343684	-0.10876374168404297	-1.020646727522072	-1.5537729564530296	-0.38841390922503216	-1.0647581768448808	-1.4299761527888337	0.3005309101599469	-0.4600608183846488	-1.3520514901772265	0.1796771805454074	-0.7042632098436251	0.7600191337044144	-0.5513956289797038	0.1058326828828079	-0.32610365126701973	-0.5466333284468294	-0.31984658838912927	-0.05204917719187627	-0.12074235182529605	-0.6263315907397897	-1.7097844455218814	-1.2531959315100736	-0.9119611844128844	0.4611050766886769	-0.3710967832722405	-0.6995063712564347
-0.34819020889915725	-0.13467238733336406	-0.06730099884914117	-0.1933746502772016	-1.007665991559314	-1.187971291835202	-0.15193051023568455	0.11191648154297544	-1.149964831849979	-0.959310266370043	0.3608088734561023	-0.8432519914568205	-0.3993790218477556	-1.6051260582944027	0.29762407234432064	-0.1572745223439792	1.030040227071234	0.06084915909900894	1.2571142690696415	-0.583467129642193	-0.8165624476121223	-0.08341232573850439	0.5505805851726766	-1.2807961650241297	-0.6780490607257269	0.8634844533971331	-2.5102572075482947
-0.6412120909710228	0.15424784438251268	-1.2418426205941422	-0.26848488579467844	-0.07675930463673988	1.6840361932840406	0.7586127023113681	0.17783196568746035	-1.8986423156290766	0.26724340304782535	0.7939513460462695	-0.6016287604267306	-0.5202886948504092	-1.677542327638597	-0.10923972561571568	0.6379402834059954	0.08329355609738158	0.06472056664754498	-1.3010900505127536	-0.6489131930379164	-1.034297784443543	0.776553811085303	0.36113303385957807	-1.2942684809582041	-0.0314310505212809	0.7446598485778885	-0.9971669736641896
-0.13764166076292692	-0.0998805600374132	-1.5070988424535474	-1.2150115156747259	1.1778290611716054	2.071827792404836	-0.3162745482885479	0.2879180992581375	-0.8968092814000128	1.1845553846610284	0.21027173843713068	-0.9747187695171203	-0.16718132375615954	-0.751960255772067	0.10267457348331484	0.8411983788150423	-0.19682234555806455	-0.09837495426156874	-0.5738203573747124	-0.14925040601757944	-0.6420816051653851	-1.2026184017220938	-0.6269192847955881	-1.587265089069478	1.1674186030014393	0.5920931833288368	-0.3234642247020596
-0.12405385760786666	-0.8246389001557789	-1.6217663550562011	0.44316758687817354	-0.5483641665653368	-0.02778441338514765	-0.6898296881339347	0.47739721983370526	1.6936657863912639	-0.019832828484735377	0.6012256363426085	-0.9323142348476935	0.14865409860579545	-1.455346451100254	0.45716277505047637	1.061897194800637	-0.6251062843040669	-0.3196923643761743	-1.4498722146614955	-0.6673757688321983	-0.6212634956394086	-1.2380879525249722	-1.473848589148817	-0.24938434673733245	0.18568944554710878	0.5681936332744362	0.47561231352955324
-0.6196118471763679	-1.0477323331745405	-1.6397248418281873	0.6013745824533624	-0.7409010483209882	-0.8408406964297533	-0.7920462108142473	0.4649059230727687	-0.804005709677201	-1.5213425785117387	0.28838232794341373	-0.5239173023157097	1.2782537214679817	-0.3353328963176511	0.3683837891848857	0.9005674111749569	-1.4959727575297663	-0.6285030726156321	-1.1679532514317836	-0.4314735100195737	-0.48566782162662275	0.4811954541000162	-0.7724421984615999	0.05216314820965648	0.16402340105203322	0.3188365936099279	0.40824803189133646
-2.912056405921669	-0.624661649923998	-1.7201183292908448	-0.25911437055854947	0.23427513780191114	-0.14329658958635041	0.3213631115055648	-3.8275663013330026	-0.44602967445628366	-0.40568356409808876	-1.7518553445206038	0.3676477395699016	0.09499513272203855	0.09325595386582636	0.7580161133852101	-2.2499853496145983	-0.5261140474674768	-1.6018064200088842	0.6869357517184793	-0.18060622231598591	-0.3970005749794678	0.5103729441138888	-1.800870426979699	-0.18963322377820754	-0.5494960580876632	-0.22077547571215209	0.17177591437464101
1.0201099997325764	0.387496813862373	0.004816103752402242	-1.4041121378217076	0.5589958034013173	0.9354550092339672	0.7053928086651204	0.14646020863507372	-0.38418229830695494	0.1715463156112837	0.21364240473091384	0.3000954158024059	0.5410867262943146	0.037348863850061496	1.8549176205172002	2.379500768726726	0.7093125433047451	-1.369961102551312	0.28270523166469974	-0.023646934665747313	0.29645358254091114	-0.29269157592352496	0.20201655393328083	0.03899155336028007	0.5347694473811535	0.39543740349330225	0.5893411684914046
0.8557584325624842	-0.07218356017191987	0.6436043699808734	0.8360610893390159	-0.07614920986659852	0.1066003846340324	1.7497912221475602	-12.519784227666792	0.8791571604384764	-0.07573470708881258	-0.023227079370232346	-0.1382894523474432	0.15422800057347294	-0.04807590573785637	1.9344577058349708	0.05279211694644965	1.9894549042628418	-0.5704777731999702	-0.5606288361036027	0.6161317352724658	-0.007269165172001343	0.06805993764155127	0.19728263659415696	0.010000056818834648	-0.378635013799968	0.05825248174858603	1.0341722480159385
1.5001537784873582	0.27221522289424654	2.0031251582987375	0.3843005603883006	-0.723684117908739	-0.6634398251975339	2.5330290239493594	0.7835573359597637	-0.6194701500760901	-0.9926686775249409	-0.12901848843540575	-0.33253952892358074	0.6460684717026629	-1.651881268100883	1.6583993804388983	1.5710801559895458	1.2219280342099148	-0.6035120205443925	-0.7343743044912499	-0.3549424307658364	-0.3824948666804187	0.38259760331451653	-0.15221525938218236	-0.8680370553667579	-0.6396639141354421	-0.22758498472272737	2.634361964250615
1.4781457243883704	-0.1766970526235152	2.0157590959673537	0.5797152324987755	-1.3524210828452492	-0.8756694871821592	-0.11356912713214408	0.15205008282408522	-0.9508654250260279	0.6980683425939532	0.11947148293633761	-0.507946822423694	-0.0725529485827533	0.6643124355657317	1.4649869950493961	0.650116578044524	-0.48256862768218406	0.13559243006224075	0.6526944881393818	-0.537663649952099	-0.49232704243660164	-0.29918477263504184	0.3712929316116401	0.20703351492366762	-0.44162298472593053	-0.19298538263695958	0.9814989153159015
2.193487431680224	-0.3195947101060249	1.838121222827713	-0.682262552603227	-0.4869670916088715	0.29545719766352185	-1.0051542241072295	0.13105678637074503	-0.14425431948638356	1.2065834193796448	0.31208746794517267	-0.34077474493308973	1.0049996555205973	1.7951563607789474	1.0619409369233117	-0.13168564411368194	-1.0738357715679543	0.33592248961681875	-0.8579374168334444	-0.7132981106657824	0.43980498239042026	-0.253692676871586	-0.9313528727813991	0.4109402369055103	-0.7339840019347863	-0.5562263391975938	0.20067627320019085
0.49611449813300723	1.646935515179585	1.0634125352676989	-0.0745960610503796	1.9498878306974157	1.7150842526415155	0.15402444341625518	0.011840132092476493	-0.11520704603851652	1.116723333931103	0.10376677242971966	-1.0773712033693252	0.4233298062327406	-0.018761358442304324	0.13596875464842573	-1.2698855214402391	-1.1375028479736822	0.17989037681419548	0.3067631323428897	-0.7928593850211755	-0.12501521341310895	0.48794637245291833	-0.0941877213993562	-0.6179877152339166	0.2735175587246833	-0.7040946066549706	0.5479829964590825
0.6520696001389829	0.16105155958147066	1.6947392002779003	1.6508441124265878	0.014249542411894358	1.2421442800129088	-0.2103515240884558	-0.39309012863949583	0.49766897895229945	-1.1330904180222452	0.35866659075256563	-0.702211093578593	-0.7354430055496631	0.7821915620337805	-0.2527514404257489	-0.8113762867953638	-0.09218542714110567	0.23111579500581614	-0.5516236177450043	-0.9446559415795454	-0.5385440710625535	-0.5066642704699411	0.060279857189052675	-0.07140815463647156	-0.044410495326191936	-0.5534787164451989	-0.6593962582772382
0.9205324851749075	-0.3297049957317665	2.0071831942401186	1.1913862258674741	-0.2530253043022208	0.9899165563942434	-0.25587177428261665	-0.03441063283828072	-0.47870916533293706	1.1465516313802617	0.24273867408801797	-0.7971860082310697	-0.3883019052935124	0.9346933480651947	-0.041491560617190885	-0.2988579112272959	-0.9786320469981161	0.17869265416897318	0.6300261202295139	-1.116262760754901	-0.07216159617512498	-0.6383901331230658	-0.4589028354733472	0.27884158732266073	-0.4118212369884535	-0.5181742141405398	-1.481508916366596
1.0059909221045977	-0.7636332386546484	2.0008618520815795	0.28192595938077286	0.00439245854183305	0.7381954243560299	-0.28291233422335293	-0.07366952399513745	1.635858741763454	-0.21943868820915136	0.2495352489571839	-0.6791284954582598	-0.8371208244673389	-0.40404040674995156	0.1498645557137738	-0.2261320227537036	-1.0866198557773388	0.18606322584284785	-0.47505423107370337	-1.3675525585033252	-0.2606179145526242	-0.5554788317092325	-0.0021400648977030726	-0.0819832948910725	-0.8508199528050318	-0.3225257146977485	-2.009447569770497
1.0418892240815374	-0.7342086424912546	1.8973581675961797	0.700944198871426	-0.6777332090432354	0.07709149802772446	0.09711947744288875	-0.05644873706462658	-0.19114161494978252	-1.3875009635300777	0.19309817380684113	-0.5202194745376884	-1.6076944166995684	-0.6150582829219732	-0.10398828051855087	-0.003795076963286103	-1.1892296124510122	0.2794409287003555	-0.5360405861363565	-0.7918301120603997	-0.8899529050517029	-0.4669090656532999	-0.2332553834114095	0.07079413014917603	-1.317964661358683	0.11135238553767006	-2.4308445739633324
1.3263662167700745	-0.7918948537307946	1.6752743080786932	0.0302673561814315	-0.39050655773328585	1.0714368442337068	0.6669839087002607	0.0755374199255098	-0.6852877613137762	0.86466392589922	0.3093938709446981	-0.5649503367127614	-1.4421754061379402	0.154279503737563	-0.3006440546302676	-0.6496787723133993	-2.3217893016844493	-0.004607750576004219	-0.42408874895993454	-1.0856592019402245	-1.5973627283052656	0.33771090208659954	-0.7325295555122036	0.7302601189177436	-1.2857878653994126	0.18798466071009584	-2.1445751480829305
0.19907162195027575	-1.9764743131650693	0.9841476671844619	-1.690364802701816	0.02095242028529869	-1.609828204724513	-1.7196008698633534	-0.0929906029453885	1.1854597042742596	0.6350992794898956	-0.04374146607012214	-0.31695646648542974	-1.0771780508395024	-2.983703617232046	-0.4217626077961195	-0.656026099632865	-1.447736100056269	0.37668850845021346	0.40672343238578923	-0.6164510400084293	-1.6699529802095734	1.0715301864086992	0.8668007424011858	-0.04058895216883872	-1.7255543209467021	-0.9469184900324442	-1.516898068016821
1.6230367339391432	-0.4241733146857256	-1.0584239579914454	-2.3514679674917427	-0.5909444012787807	1.0469072357627978	-2.481610154587109	0.3029452535275351	1.0601958903924782	-0.7073324590842581	0.2541635206124153	-1.0566548368351123	0.04646540623548849	-0.06641879848213023	0.185424330403652	-1.2843805617895028	0.2059258455199916	0.0645454977102902	-0.7983390822084391	-1.030196065696655	-0.29235664247743426	1.1050811278421708	0.9059774420879573	0.8049219289194796	-0.5776375135149618	-0.24517848511067722	-0.8270753263462259
0.6381867191308676	0.012932561196183457	-1.600099918032319	-0.4391322917790408	-0.04468774394777383	0.7261072681583464	-1.1456174888637671	-0.033611023122729865	0.00032458122551837974	-1.441237244903049	0.5447661431430613	-0.842340675525781	-0.5038644738984557	0.03852534595491345	-0.1313325695010668	-0.9864681383300807	0.9633693907758061	0.11578417540359857	-0.03734381082451098	-0.4940348502186441	0.12928607818451665	0.9945223213332979	0.273440366415032	0.2863513238008259	0.4539991091335826	-0.9006766847091667	-0.2583362794924608
0.16987311356819249	-0.08589452924480817	-2.1254998181648	-0.7878423200506011	1.0529219683877475	0.6088194341110751	0.28933347088758665	-0.32031954745459273	-0.9872906194820461	-0.10355323555689491	0.5325555675534099	-1.1593944386034438	-0.816301231915464	0.3345583429937846	-0.06076806528991294	-0.8151652484604675	0.5486978512187899	0.16308426184298785	-1.227763308658274	-0.5967699509508778	-0.20296282122018863	0.4470346366719609	0.3007678059160154	-0.23655339817602486	1.8614221914423377	-1.9488028452068826	0.47236605440407436
0.2853581374695484	-1.1413645014528306	-1.678875593225404	-0.8831528943927666	0.21177475474142834	0.2973532709551022	-1.3260972398682098	-0.013253057961621559	-0.3100431737202398	1.2467205031492183	0.6767200130359899	-0.7448596772447313	-1.0114233258988847	0.5593183515387004	-0.36403562305819276	-0.7935498871620027	1.0390041764138085	0.07332310185261433	-0.17953658788349447	-0.3983435059392574	0.18398986592018965	-0.38139930400835464	0.14466655271114967	0.09001554051539601	0.8888427369560457	-1.6319979782377283	-0.19240309221014953
0.13751108992930833	-1.285363259423778	-1.5195834546051976	-0.1663816177820021	0.7292406928348552	-0.41634573357368665	-0.9053028795980951	8.617463440577042e-05	0.6509395229965822	0.7738923604089409	0.7023896537597233	-0.5894575997851069	-1.202779383279869	-1.1922868725398732	-0.3713338747691881	-0.7236784321442947	0.8308240403922682	0.2003611604897105	0.6812007623596018	-0.1379215937495769	1.2154910194426178	-0.3963545798783416	0.48197877190609917	-0.13681318749200505	0.8014573888201882	-1.2101219493736468	-0.7988238887971271
0.18282640170773318	-1.2031035306883344	-1.4636977971291583	0.032705692758459644	0.1454342695674566	-0.913930618970005	0.36043753273865453	-0.16099177642476506	0.6768316642697004	0.4449422268201223	0.6163669320580091	-0.5069461372854467	-0.8791233732847097	-0.2812760422411064	-0.28489529198114755	-0.724127689478054	0.8680633303986625	0.1967539159891067	-0.05908649660396376	0.29525590848930056	2.0829679307782114	-0.12274860029628296	0.21873264417510457	-0.2780082333976684	0.41699763021922104	-0.6887964657818417	-1.9421718884166548
-1.0526427316340519	0.6781733200927593	-1.0638959810676027	0.21597130759017613	-1.078089045547999	-2.4660488922029518	2.748621243417287	-0.09772848544931233	0.8131331499856848	0.14592710698302497	0.7105435883646084	-1.0744781529915775	-1.7759768063037393	-0.4296045957052738	-0.3169601760378219	0.0929109552682264	-0.3257034220426558	0.3268494412655364	0.2626823098795553	0.642355234241335	1.7769503382308756	-0.9741886942940767	0.9686762869516873	-0.5743856079818589	0.23569305142470706	-0.7644992761086763	-1.5204133808695024
0.8372976337086768	1.1644307218756131	-0.032295215313727144	-1.7697719681880986	1.1429278414055832	-0.3038849298627663	0.7998267223670062	0.3242473589328622	0.799221969638722	-0.7364257842748022	0.8201007431897237	-0.3441978007705575	-1.1918755243668735	-0.6788238588588378	-0.3535965517388645	-0.7267926592196452	-0.3903302776563902	0.2821387952940379	1.259580966776515	-0.272406448838553	0.6209440799299645	-0.050487723122775725	0.4514012395780429	0.49748081548153794	-1.202365254528821	0.738211936451663	-0.008473578558638784
-0.27631813471261146	9.053234338186632	0.08864338763554641	-1.0926092124429827	-0.04271693504223043	-0.5754816792255676	-0.5169413471047083	0.162716879169389	0.06133160848666417	-1.2500146636547396	0.7062325933951875	-0.38406549072929974	-0.8318671841095815	0.8798884424166693	-0.30939582087172907	-1.2545394054161818	-0.12284829107662272	-0.070928988644573	-0.590471486815872	-0.6136577287333	1.6336935654244211	-0.11452091034130475	-0.10029427611407585	0.6884925871644664	-1.648861160025839	0.12703882686372453	0.7975464784013624
1.6556883936128985	1.3498731597708897	-0.8109636140202662	-1.7065646296525425	2.0588169907735896	-0.8481668710140544	0.7452300623062319	0.5421510974701824	-1.0038473176219334	-0.7792920401810033	0.7925631312722449	0.0828387508460193	0.16242842163294627	0.49551591897723135	-0.1261820497343303	-0.6546185197936516	-0.9267182504014142	0.2759571011297723	-0.4885680303232068	-0.6419368417367789	1.3423694493512162	0.5595964784544709	0.8718234258173698	0.24974035359275082	0.9584203949005808	1.1374635188458313	0.5988409927403826
0.6361234667173529	-0.632709905570344	-1.4947142532925657	-1.4020834418613335	0.24312225129895265	0.7556142940910141	-0.12552550049675493	0.11727027930239584	-0.8268851916847689	0.5196263061429572	0.35551654399608734	0.16953792331452397	-0.9699958796173793	0.9457893104124449	-0.08698587158094218	-0.7305322333739749	-0.8159055218973731	0.10280762923380216	-0.25416398185253136	0.6389755419371815	0.7383818623018416	-0.2957360145457545	0.8681447387763636	0.12593676445806504	0.9587474872346571	0.8118352782596585	0.8452413481381075
0.24306904752403682	-0.9893109386251069	-1.4539575957255082	-0.4758989369139921	0.26386538706312757	0.4530188575035876	-0.6030348671066329	0.028898674315177588	-0.19655494289018188	0.861617655063152	0.4694637223692063	0.6673463331909061	-0.5412162410324336	0.38293349021003215	-0.0742049888402729	-0.5447089183458319	-0.7097711876208704	0.3264080247619912	0.31197929314686706	0.7857606234845104	0.3508674804720237	-0.7743721985308706	0.6528009461333285	0.12830587946817443	0.798367261438713	0.9588382560627368	0.7355087068057772
0.1917086986274352	-0.89031227234947	-1.1473406211591914	0.2624990720449016	0.31000938976645237	0.1812648506190975	-0.3966401421209755	-0.04617403444244676	0.3400204721261835	0.8598658586369865	0.5179454856050879	0.675601204103183	-0.39135865773609374	-0.8230076819555472	-0.10178564085588114	-0.4464584873095943	-0.09686160103191	0.5135051979482625	0.641454130434243	0.7320129100600262	0.2868285105910331	-0.8533930574093107	0.6313574306000859	-0.35771433138723013	0.4074115090369424	0.18785282890427937	0.38460079477071096
0.7237537948825651	-0.10594179725287918	-0.7352470220393267	0.647223306042845	1.0450554638971103	-0.01059978173897214	0.9084631441540227	0.025217638921013467	1.1817765599258194	0.22212925260964272	0.7348533483497126	0.3350805100934553	0.10173208471423671	-0.37787722735274687	-0.24051154515348566	-0.8187287377864382	0.3807617320481797	0.24985931344773232	0.741543981715716	0.19477361712177912	-0.055581579381486515	-0.1332681376269262	0.3185095026911171	0.12269954511602893	-0.024700884048470675	-0.31488381716275937	0.659857111843174
0.17169733942443546	-0.44519872256770326	-0.4610434482399706	0.2561454144547164	0.5828628942940515	-0.11919946642479995	1.3402175945813806	0.005482080680247533	-0.4142091345374213	-1.1124041288271336	0.6798338220554317	0.689265824099382	0.3490633450216635	1.7478877068276926	-0.4507404490406976	-0.9388305026086933	-0.04606197300766586	0.3235276542584164	-0.6091292323363282	0.33243150867149157	-0.6243352845261035	-0.6691035172417162	0.33063250370647873	-0.2171645710391078	0.4630407017200139	-0.6575451397122205	0.8059603088958679
0.308938658962086	-1.3246146770040188	-0.3941601819584471	0.32497869479524377	-0.939880099582739	0.25126466614895643	0.4748598748879376	0.12147756704128307	-0.8646018333500505	0.8979255592928687	0.5507810837502278	0.6440565828692517	0.3584287017655165	1.540475307740321	-0.48348925652435726	-1.0724938726220388	0.007426325332185596	0.16007904845693988	0.7657746733567072	0.3453242385742589	-1.24202562075907	-0.7225381897399242	0.35108118218643164	-0.3224363386279486	0.12651179074593494	0.5491830519220083	0.9415310058418367
0.051585695725713615	-0.44391958040878043	-1.176243020608825	0.6180794096934284	-1.0884985281096724	-0.9156334334330162	0.014561967656229064	-0.014453366333197357	0.3835979019681004	1.1476517005691658	0.18402686754008696	0.17677623081403793	0.5126570781415034	0.2933740563555076	-0.14028278078893547	-1.012446614487998	0.009260848495645095	0.275315951329633	1.25843369015227	0.969592590063269	-1.6016527138599004	-0.05665701483393725	-0.2742706252663174	-0.3440134701785238	1.0976198513489546	0.5835989687100308	1.337863567342382
0.0977754824108924	-1.3370707810516866	-0.4018223468476929	1.4797882584008875	-0.5190674967881539	0.3472966890410334	-0.8315389399284804	-0.07726876406227123	1.4814316061631418	0.045275326336796214	0.5824315533693732	0.28030800681632184	1.4001025591722336	-1.0356033987541948	-0.4733425330027269	-1.1209074432930604	1.721136425203459	0.3264483623242477	-0.35158503909409844	0.7023925781346607	-1.05498394272577	-0.24031837662612204	-0.3516257666084826	-0.29829120359013106	0.09586265847970107	0.29547622600874845	0.5556332725758251
0.10631589046467642	-1.1339458449411843	-1.419498698040566	1.1477579394141935	-0.9212927987781582	2.052849515337998	1.5418871834669408	-0.0824336831656474	-0.4651662040437629	-0.9265683252879819	0.2194855625572094	1.536331991085985	3.010246556658775	2.77006771851424	-0.28831080252665986	-2.9275864039775845	1.0899202126083318	0.12697039948491692	-0.7816558826952377	0.38322673188012524	-1.8316451685394954	3.075173345172855	0.3055582829950805	-0.7924112818588337	-0.6957989510442445	2.070383712068399	-0.8560420727868987
0.37511963729708414	-0.0636217095368499	2.557241878063373	-1.3962790768316193	-0.6824756988080969	-1.122719812646511	0.9557747649307805	-1.370225256925368	-0.6365299525995922	0.7287497019726005	1.0319499219323518	-0.18334280715854123	0.9893857498547839	0.29052019834049914	-0.09434876182750687	5.15537731738557	1.079773722378136	1.0749127347106913	-0.2395516618466902	0.6869300853670225	-2.100222760076903	0.12947616918700336	-7.53166059858276	-0.23378203892783064	-0.9477812154805344	1.1221279156932449	-0.3629255536252421
-5.448833727579118	-1.6766751498225263	2.064929758396914	-1.2087040433376854	0.5361251319644854	0.5092745249689864	-0.07102794621605374	-0.8727300084333763	-0.24716450169262186	0.6962252193045984	0.019659696504790887	-0.811061387565339	0.495960738357874	0.6165027736349132	-1.6585588691521733	1.4578502498069048	1.350098158418234	-0.8892972901133793	-1.0188828893845094	0.4326588935189918	-1.6990274696244703	1.5358652296854192	-3.2914951057019866	-0.7643609157740258	-0.48522207506606174	-0.09470637558337747	0.6946611838316111
1.3829958165575122	-0.39319433760741895	0.4676750465180914	-0.45366647240533703	0.26028618892466726	-0.7579809477921583	-0.2288308639647231	0.5208050064025953	-0.3971992732763087	0.6911146481765909	0.2271580263543257	-0.5047284443766024	0.2555949779609928	1.398833429485677	0.9389620873966947	0.9554125168965902	1.6401154056288643	-0.5816365252278896	0.9541219839471833	-1.1263547221685666	-1.9024190432096006	0.1692635769234441	-0.5848220427326237	-0.23172225484348577	1.1524607318714313	2.2119292136545736	-0.506925013164491
1.2138272088925104	-0.3378674064266184	0.4855645938363332	0.3108168372510334	0.7318885746966199	-0.33056193120647165	-1.2304542280115474	0.5482931000609182	-0.13430370085811266	0.7955951604089595	0.04157295255210513	0.2645168753079806	-0.07512051532346595	2.0272765938511754	1.6884565504486873	1.0206163403024102	0.6898614223942754	-0.6013362445030777	0.11575005035717334	-1.4536306441972389	-1.6442922231068966	-0.13709615367105193	-0.4456263712173864	0.09265124105508499	1.0329043189642406	2.1723983521421575	0.06691702233644083
2.0962188135205926	-0.5036932427448066	0.9951242132189172	0.33059455047314135	3.2349188363719916	-1.6765464114271045	-1.3493202457193567	0.1688269138489515	-0.7116993883094731	0.04924540350835233	0.7148884885907215	-0.36234983425410877	-0.04916385861593209	-0.48443606142363765	2.6100584972716874	-0.9634704310022263	-0.1685104475642605	-0.3325267654139661	-0.08307459771720721	-0.4511634779090455	-1.1241809095686237	0.3650079191961624	0.7138316418911519	-0.9985959643634182	1.4349616188352898	0.8404859287579659	0.9045716115510077
1.0777666518604687	0.5090220892597329	1.2653727977688072	0.2911418983000931	-0.4205830034245017	0.1887142298791587	-2.618353579784574	0.28966918678938836	0.06746549876220118	-0.39377962781480835	0.9322497255244815	-0.38651070589940417	0.210860866211367	0.18849488492986533	2.8826985183534255	0.5305656318898413	2.4227739974096356	-0.40495769350303534	0.8331766012510021	0.5931134086501229	0.14927119353004437	-0.028966955070151915	0.281922803722563	-0.5261138995715197	0.42933828119015527	-1.593523064284584	-0.7969500834992141
1.929454353508853	0.9181324966778445	0.5823165911933289	-0.2764262496616699	-0.865387330463093	0.9532949129316677	1.147502308426533	0.30168029840394456	0.4173917483929424	-0.3079861299072286	0.6584525915962868	-0.2588499778970446	1.2920616207665834	-0.8082686603672784	3.701144808808554	-0.09827383472793831	1.984975506347646	-0.5166088136717559	-0.2774199911363106	1.0014910467222895	0.5251646422992498	0.027946548334842673	0.36056681366321325	-0.48327029040820174	1.0673280737930984	-1.033148836458622	-0.5751514811696861
1.6739424819345976	0.9051262377713827	0.21115067873993773	-1.0095151555877382	-0.8273938796174546	0.6351079497404268	3.170283342682049	0.5548065529724747	0.1911553710348876	-0.5788703815245578	0.6751647979320059	-0.37325316937950165	0.7246712852602016	-0.45054553039667183	3.7691505267177625	0.18044376480098473	0.19114448662282368	-0.7196308130042754	-0.771309834180343	1.4573896313348653	-0.16249243368567767	0.05406745187520778	-0.0780939448071251	-0.39177487193060173	1.6127274309153619	-0.7026377727468827	-0.9005534056673766
2.2233718050763827	-0.3261742728515111	0.06355064186934967	-1.622322956651389	-0.6246240871327801	-1.6506721891641039	0.8795527689751974	0.5674833252477088	-0.5358299139957361	-0.4476383521124021	0.5917031122054505	-0.07595867151918556	-0.3165677038065867	-0.3731158192237349	3.7932922498533017	0.6250623535015379	-1.5501405327367395	-0.5323863790083688	0.1279427402294453	0.6066960770335214	-0.9340524318138114	0.12018574473966419	-0.796009194456398	-0.6033579413870618	1.6359724075162165	-0.31306049168323086	0.1917954540746695
