pca_00	pca_01	pca_02	pca_03	pca_04	pca_05	pca_06	pca_07	pca_08	pca_09	pca_10	pca_11	pca_12	pca_13	pca_14	pca_15	pca_16	pca_17	pca_18	pca_19	pca_20	pca_21	pca_22	pca_23	pca_24	pca_25	pca_26	pca_27	pca_28	pca_29	pca_30	pca_31	pca_32	pca_33	pca_34	pca_35	pca_36	pca_37	pca_38	pca_39	pca_40
-0.12395461037963301	0.05113890962282603	0.13676900545253787	0.010129716940927052	0.0526568762307636	0.07373016116007824	-0.14388928342015717	0.02372314425417272	-0.06512795924099352	-0.03891855470060696	-0.026714133229657464	0.0008160832486859866	0.11983030743905647	-0.12856786862731073	-0.06261684820022476	-0.05578152906260861	-0.2291681952445902	0.049057373636264424	0.10419963249522045	0.21088249126786007	-0.021176803170461073	0.03187235877847745	0.08503663882462169	-0.15058209086896693	0.08650917777228498	-0.051371555825101715	0.0216923936425453	-0.23501524815925143	-0.05786448084897624	-0.059667280086946335	-0.3094405595815417	-0.09039480894277861	-0.09576707837943635	-0.07291771628791871	-0.0067457478055786835	0.06723626399799948	-0.05882755628202917	0.0714800495970461	-0.10952288475851533	-0.12434298875589118	-0.08335849422391141
-0.11876058097573383	0.07606362919635198	0.10860538497084643	-0.005104255792590571	0.11022819152884965	0.07580500894404668	-0.11915307192265968	-0.008236203190476559	0.015701148784877703	-0.09603502173060399	-0.06043194068492009	-0.002836467512201672	0.06775599565093499	-0.06474551218281298	-0.004881616216813341	-0.027806292901211067	-0.17578003769055156	0.009283858695502458	0.17188429691074655	0.09875722477429218	-0.07720335706658338	-0.016426839685930006	0.04146984524972886	-0.14372300266655866	0.1516621394594811	0.03795187173553814	-0.04111539926918943	-0.06251092411277555	-0.06000348005768695	-0.03610365067272058	-0.1860897526291018	-0.018160887721798687	0.11427859727936221	0.008739781777070394	0.007984510395116278	0.029133088524578868	-0.0568248067091507	0.08975417383650848	-0.006042763005978528	0.07181049958081176	-0.038880067178924366
-0.0828174342642918	0.12301433215932844	0.11693545670447969	0.041278930269770434	0.18873147828159514	0.07348687743136387	-0.14321821322911832	-0.004378026144539686	0.039358187766054084	-0.041941328528155714	0.013604336927469738	0.010225479879454415	-0.009137947583224545	-0.12931950868527636	0.006034689321943162	-0.21808248429449142	0.02610455158026795	-0.036538362900851606	-0.10065451590190087	0.03190588859042566	-0.2395580036419512	-0.06911603013520715	0.2001211595280196	-0.13235816674825718	0.12001072289361076	0.10994874952201762	0.09928442433029377	0.16093786536865518	-0.07859723253849213	0.02782949242613023	-0.0680778166912476	0.2957162170496931	0.0029762393031229108	0.13468641278609617	-0.19374059184515627	-0.04132993421828493	-0.043790722153482196	0.06932710317295611	0.023619250493021583	-0.02474552328117128	0.19763559330351638
-0.07241511451991448	0.10617890451246281	0.1131002944002854	0.019148755640594674	0.1507158034681484	0.1202693483802969	-0.11377363980956412	-0.033682055163133676	0.015444234333194654	-0.07456879538122385	-0.017080234258088592	-0.07925184917490496	0.07203571827587021	-0.07825483144774645	-0.05996015648878024	-0.11498035620634885	0.03635892205128077	-0.04576397490072828	-0.05157155535666988	0.10186429515969042	-0.032260218822122	0.003956836107572845	-0.03135622713337731	0.195393337408243	0.11104409607339173	0.13973720908287934	-0.054630065006403716	-0.037569006450422875	0.00884854339025856	-0.04186577453090261	0.035439078208607235	0.12416810086689853	-0.01891356132114277	0.16913658174742494	-0.06414703214809879	0.03162958470759149	0.22536763351470646	-0.011502041167106267	0.11934944791783247	0.08764283651483877	0.0036973123946988738
-0.0985416691433811	0.05865377453544096	0.13493959950561873	0.06258338800668746	0.12071777170956817	0.10662750621324232	-0.0778109121140094	-0.03838949054848804	0.030766583218134767	-0.07641957591369536	-0.049598024317845074	-0.04275371614343852	0.06378704859951859	-0.02977394859133449	-0.12559490554064695	-0.012558227555036522	-0.04450619436720357	-0.05208403081804893	-0.0013198972898537387	0.06677192116742417	-0.007301805911994641	0.021531073047018703	-0.010355506376078488	0.18595822612644972	-0.08756333585355847	0.08281804355743705	0.019790709693478854	0.011895233921920004	0.00336720764261475	-0.07975913929458364	-0.012307765991374509	0.05121715934728536	-0.005113215186489703	0.043060894882079745	0.12747808633857435	0.05641383688881345	0.07596911809765064	-0.04041891245010798	0.18392462425986972	0.053361603059288276	-0.10332079063063619
-0.09075646489583454	0.03685955295379523	0.15524242958860923	0.07139040748672112	0.07732981119537408	0.1166984512164862	-0.0065475075535423866	-0.025255315620193022	0.08086133310537703	-0.09235018073041476	-0.059411092861190375	-0.019305792689862482	0.01420574501490151	-0.0036040346487614637	-0.026790671503310104	0.04051646531095332	-0.10970196810726837	0.022058375921559136	-0.00750327861628336	0.04553124476294437	-0.004596345645492075	0.048459118955230446	-0.019355021832717548	0.11204898764493564	-0.2046841489515576	0.04462303293954472	0.07679099672818698	-0.006317317431966507	-0.034158692912137786	0.025067510234257614	0.014776259472936704	0.07559774387509005	0.02169996627052858	-0.06833135303626188	0.10333255166426661	0.04708045838307659	-0.06406308474682339	-0.05517126971396085	0.12490705031759777	-0.021460025384140984	-0.10556920260807341
-0.09093486805150922	0.04166403234677511	0.13373528872522772	0.040214870928000454	0.035100153078830354	0.1216451600823836	0.0501822647666097	-0.023950270400824647	0.07442979825817708	-0.07676766740675202	-0.02166101927624557	-0.06204149709173411	-0.01504170136276703	-0.03067490927757255	0.04543856540952914	0.0453454840692241	-0.0828110677545153	0.07479570533203944	-0.049164001113779374	0.045475848038723066	0.02266339993408687	0.05106098364051044	-0.05468613666839703	0.012787071082214935	-0.1809737753856198	0.02400398814771854	0.09123546176051571	0.04017041812538511	0.04509794356820178	0.0677109436940865	0.01861017533193096	0.000973834843249765	-0.09846237995235967	-0.003065269357739122	0.0423230648078368	0.05464966780544325	-0.1586011092467738	0.043150154580486766	0.03406452051858725	0.021401820027843278	-0.04784536662824959
-0.0891612815403279	0.03927900560324774	0.10625318319577688	-0.01046548962362176	0.009291302694947656	0.13536933435273268	0.07608966001067374	-0.04149166475077434	0.04051865374637831	-0.03492402776035977	-0.029751706441285317	-0.07384111264766717	-0.006034673108327948	-0.07356291584338029	0.09633172128655793	0.044325940973791736	-0.09601040572188471	0.08641428249394718	-0.055587196479667395	0.048278920547823484	0.0656915139653972	0.04326595848705016	-0.10050294282852738	0.01440545382267816	-0.19569036597946068	0.01419396394860295	0.08314835669611399	0.10188115633915226	0.06531240334703094	0.06714243856027316	-0.01026821415757359	0.015456614796373856	-0.07942273758411639	-0.01195794655627929	0.040593655286082185	-0.06165039722879087	-0.09700346578235589	0.035429397475684354	-0.006648579782176641	0.03175628213186552	0.019019543200821366
-0.08512614099932503	0.03695487822670755	0.07712407988393594	-0.02538787008751031	-0.033007623808283176	0.13275267117116907	0.09828978096757007	-0.05831227452685901	-0.08025510668135012	-0.05660427433065074	0.04551937985006238	-0.04521952166277716	0.03903774188220138	-0.03686314531394086	0.12093984177440226	0.08637833360996895	-0.13346257484880236	0.07730297792511605	0.002901560321534012	0.03328784172323079	-0.0075163975412198564	0.017970386595532243	-0.07298020686441009	0.040267685765327424	-0.1439249436394625	-0.01954570326084401	0.006139342371639564	0.154021728773538	0.0589063130631959	0.08428185747452363	0.016513307869390675	-0.011870257899347356	0.04374628606231512	-0.05927413246397528	0.02003496938143355	0.02704568239852035	-0.039261367463118285	0.022660402624427308	-0.11736399970486511	0.022251673011367837	0.08439709804637494
-0.08645712825769494	0.0551587080795653	0.04101120587187016	-0.05065017995004589	-0.03498144280067461	0.09176938654770585	0.036852405157047546	0.03120141356823951	-0.09942536003027375	-0.16304420919141707	0.12896047765862687	-0.01400116748871228	0.0027952262628419614	-0.04360369385396804	0.1778572656289224	0.0250504741768452	-0.1319384253139152	0.15313358194466248	-0.03393760620267884	-0.02875549923954196	0.0037980367449883794	0.019473921661735772	-0.08952640440810106	0.015273032899225282	-0.036928798457677166	-0.05678537660568619	0.04547256951840116	0.08341378034074409	0.048152106164177595	-0.028051663648462313	0.03436137248235985	-0.03241256657997247	-0.048219009588321524	-0.0727540727034035	0.025028231060735488	-0.027613068432406896	0.014682750306038488	0.06196573455409904	-0.07196273153230161	-0.04956183347475729	0.05679866627465126
-0.08605296961824771	0.06206567951307385	0.02883891405545348	-0.10534968246332177	-0.01842481547807312	0.10521334207039819	0.00030495162719917923	-0.01731321071316158	0.025971766333482443	-0.20314401795413126	0.11901279238959885	-0.018647474481735826	0.005555628942898738	-0.03109475183561783	0.14272432411070507	-0.07047218314905233	-0.05384707074005727	0.12280580126752319	-0.046282110602550997	-0.049845803497603314	0.02749974078237115	0.05821679664837188	-0.01490710104056353	0.011456777149877473	0.010535791469304813	-0.08576641806388993	-0.006868405136128379	0.08616830458851299	0.07121705365398213	-0.056763737443800935	0.08789223849116751	-0.04568033946162482	0.0009317994180639208	-0.002558615401000122	0.07591357706548535	0.10956800713894704	0.030841279834996932	0.058792043477576536	-0.1470453098899326	0.014577839519658811	-0.06600789316550663
-0.08515765695953949	0.04940918993366338	0.05013176361805597	-0.10415106213369954	-0.011270907583342343	0.13943380720715443	0.024937144172142184	-0.15181672043216704	0.015905625151620528	-0.1119714570316962	0.07243258995560334	-0.0391344548545273	0.026889554693241932	0.0065037565902304195	0.015426745988335905	0.0022799473593902303	-0.02854351490322815	0.07035014229841101	0.021694908155632558	-0.009667467407541944	0.06739700895655057	0.08542510265642327	0.0021471416138766214	0.04082709321593633	0.02747478772974861	-0.1427199633838846	0.029774530175969628	0.02154172339207397	0.12109944874778135	-0.047947656081215324	-0.006873727401115498	-0.01540790565430928	-0.0885711468777421	-0.07056336225829313	0.06435888532735443	0.05758914101161386	0.08081373626113922	0.059286692105635	-0.02234349830994124	-0.041203805831006586	-0.043898351158192975
-0.04753731244396814	0.07832235148550512	0.07510187156698847	-0.02655422198954492	0.042098929489736286	0.12236000064290414	-0.013259524260739036	-0.17179373773854859	-0.0972119504098159	-0.015961198484757896	0.078661511046276	-0.005465658611740567	0.026082641466498302	-0.0022134452716706665	0.04553325693689062	0.03712026220712278	0.005302034646726017	0.040811094567080874	0.10111721891500278	-0.058147448782793876	-0.008668426516810261	-0.06190863848635272	0.046003257693275755	0.029968254007843816	0.08308006076972202	-0.09574551861659425	-0.04694827686427025	0.023548280789950582	0.07437640249449562	-0.021808129595861724	0.052977548193836405	-0.07804460007721797	0.20734909042166277	0.02165908950369015	-0.054688368689072626	0.028034012655137715	0.08441460368073891	-0.07996888000879702	0.012140776202656255	-0.03882407769578099	-0.07749700054133196
-0.07833762249724505	0.05989385978659998	0.045100850368940855	-0.02696632681354134	0.08019336257177657	0.10151464370035534	0.005045410500111203	0.049677752603766195	-0.13834504042389054	-0.0641411001603906	-0.008412265513582318	-0.1820022245712765	0.1053828032244179	0.0608375187671113	0.12037603577708031	0.05891285690276729	0.07332665686752743	-0.01601646480396541	0.1377137163325212	-0.005778926861036371	-0.02193545760418479	-0.010014785030872941	-0.038557432838414604	-0.012711318239133379	0.1726396483636862	-0.00614960750816735	0.1600587235126675	-0.04007716107250346	0.09323153490695472	0.11993883891432211	0.13828861919923593	-0.08524000715066724	0.24816176567915968	0.08617587269880367	-0.11086082875253245	0.05140399511759067	0.22154487918120738	-0.13478169434116605	0.08871991523612408	0.09314504736674928	0.17275649262604545
-0.16015539801941736	-0.03660887158104757	-0.10502982144563944	-0.04795252571449028	0.07032554131388408	-0.07857409295625795	-0.01844289632959417	0.08445003916461247	-0.13532354192026208	-0.12442170973801489	-0.10564332990559444	-0.385211447616159	0.045421174961537025	0.11876749614522447	-0.08662972843562755	0.1136256773902229	0.1641084305077073	0.24694348535483074	0.16792311746804764	0.16712974396408928	0.039339525579244625	-0.1465236700215477	-0.13557625465944004	-0.21698938061563516	-0.11826857177220962	0.2533803685293998	-0.12229834090493509	-0.2642646474157397	-0.00250385807957278	-0.14920748423597882	0.23382206144308224	-0.12826615896834545	-0.11584289475008891	0.051777763521862696	0.0004682131379649306	-0.11195143594610606	0.08205934837260939	0.12128676556235185	-0.07247932425359008	-0.07944530845510231	-0.0044731550182377094
-0.17025592856350255	-0.11616717852631028	-0.05379280606039516	0.008017213837664891	-0.013895643364863779	-0.15759051302449933	-0.03959752417782564	-0.03699809262093745	-0.0711004686182786	-0.10593843724244467	-0.10091014885614366	-0.08024046970966468	-0.12970758829237236	0.06810805354618277	-0.11545933459925185	0.03701328818057183	0.14876413224236354	0.06510356867469327	-0.01511458496510143	-0.014473827936484218	0.006831253645639867	-0.04943117998550085	-0.015820462791076594	-0.02077973661809518	-0.0034502412969136254	0.011252633927519164	0.03740549491605774	0.05312896623034827	-0.09201362254595227	0.12003648839367284	-0.3110273353549916	0.1803192804155924	-0.016294457573539207	-0.21730934925426287	-0.02989935951238225	-0.05273635271614019	0.14360018782695722	-0.031996710258382646	0.059254179873312884	0.3043864421587124	-0.1503923728494168
-0.1840420352497403	-0.09492170046844775	-0.07063583865154197	0.02915750506771055	-0.024383841275053865	-0.18108875920659773	0.009280088237472964	0.00687412188739156	-0.05961064209400482	-0.09717279984812632	-0.026523155072654764	-0.12452582998458898	-0.1217077854200225	-0.02577641850588125	-0.05073015213376664	0.10483277257153485	0.10574175996991139	0.07289853982361251	0.003075059845592206	-0.003598990928217166	-0.1339880859662704	-0.06713293091383554	-0.06761870756050282	0.015442615567019563	0.04817745732805034	0.03288138507435859	0.10677630648003664	0.08404672710718757	0.0004306509415147215	0.0670540052991882	-0.13283607500824235	0.09504169804768517	0.04443960761419364	-0.08696152479602492	0.017236644525700544	0.010531981715281087	-0.1093801895263849	-0.05337263814292498	0.00784982115047324	-0.005807257208691372	-0.08957083839912842
-0.1857433366561059	-0.06575542079053835	-0.08420312623105905	-0.00567896276633698	-0.019785096937709447	-0.20249877446303405	0.01558411748902433	0.018092212820939257	-0.016374761555934897	-0.09713349532374907	0.014233325423331687	-0.08389575540252832	-0.13786639530934652	-0.0677477288555497	0.0033401419612732325	0.055780136192747395	0.13628850336508386	0.016091291219405973	-0.012948355811842366	0.05544574258759474	-0.18292201955917806	-0.01560520934204429	0.03159997929897165	-0.028423893952279733	0.08533637994739651	-0.012790855207037766	0.18477515389890886	0.1168010137877871	0.05820773015600534	-0.06578686483556473	-0.04775625184649612	0.05791017005055718	0.0754748213831353	-0.004903278818786716	0.037906337513065214	0.08352913128400621	-0.09666923337964821	-0.001864952757034688	-0.05839628297038108	-0.09245733372036365	-0.16323065861595265
-0.16833440986281395	-0.06906996766702808	-0.08302168370116324	-0.04072626111139739	-0.029974458504684328	-0.14359376084979025	-0.011390143090315177	-0.010157221861614163	0.07055521474660803	-0.08303086670256096	-0.013558684564634188	-0.0475202813848866	0.03748103631822626	-0.10611117165661979	0.006036688280706866	-0.021433660623697556	0.07756902068080743	-0.07334484921556991	-0.04118383160922324	-0.008172423876189994	-0.07939942909371785	0.06142134038363414	0.1586624915768575	0.1843924237666651	-0.011053273339236613	0.027505912732458823	0.20710749434859474	-0.04768792648382346	0.019209975602057824	-0.01587437914838271	0.05542151629270675	-0.0345574643975847	0.06202591155426529	0.06697804212309676	0.08265617047734108	-0.002324630800871391	-0.014706753182077897	-0.055353211634718874	-0.13244061244008434	-0.06168450628759997	-0.013962956487312939
-0.15755366133701135	-0.09450584747245515	-0.07867111933759026	0.022674185982798085	-0.030542816985078037	-0.10999493295537989	0.007856948553612724	-0.0796942862379818	0.09731810886055728	-0.07050011566952555	-0.005565759301619455	-0.06293279629708141	0.054230230693597115	-0.08132122464939065	-0.05899013598940431	0.00863514656462118	0.04431687085093107	0.025000014469539478	-0.013698909921826513	-0.0921463665692436	-0.006476109806051525	0.036488619691728695	0.0960232021567051	0.25308532409334106	-0.039979450482520676	0.018393128242287622	0.05810769133974568	-0.08110603008433699	-0.09469245691839503	0.06039654830728953	0.03157342074293898	-0.03294930447249637	0.037831826793664675	0.03863317308448025	0.14805361801558864	0.04885050258299392	-0.020613229994812916	0.012133142523850851	-0.0702350332752963	-0.06100631900276291	0.16189167729774184
-0.1601036736037917	-0.10361204251063527	-0.011031336118602202	0.04662370156178982	-0.056717278746263644	-0.08833327780397376	0.08153793614940946	-0.13092865599080705	0.08996361553350353	-0.018786179908377165	0.02671180308976545	-0.0660173994106615	-0.003016648082079798	-0.14437350358305484	-0.057925925308249526	0.036149587545849	0.02272821140158532	-0.044869350298727365	0.002313163727939771	-0.08869123141252802	0.03987046410547757	0.07748183088170166	0.11779966670336339	0.12745842639917782	0.04542493362222495	-0.0710996105601921	0.08258818090835145	-0.006481294730336332	-0.10620553797022757	0.04015589727550467	0.034355528974146926	-0.08200819124642905	-0.0768251998716296	-0.005734387745750788	0.00918433834503235	-0.006621697088962156	0.033936260041313025	0.07773805146253575	0.10435437558997128	-0.0693031085347184	0.06595596012918274
-0.15881244415765858	-0.10805512326352475	0.004738645094659917	0.07034293047287823	-0.07834871587424867	-0.09034156247384667	0.07745170066365328	-0.16685375467132132	-0.001317833503270055	0.02406915514433322	0.0007290880265788946	-0.04538501563483739	-0.018744757210161903	-0.1760975369591287	0.0011156002676097898	0.06934224830303595	-0.010112970548791962	-0.0663453712709465	0.04125916117172157	-0.09362685761480721	0.03244101370099156	0.028034058773065335	0.09846887723757058	0.08572308385326366	0.0739587373588713	-0.06262067230342819	-0.04612969446427442	0.029202019426784714	-0.08931910121750672	-0.02873246891666217	0.03459673776074711	-0.04000955151218587	0.020840558196783543	0.039831085478707014	-0.025684064491109895	-0.017988320723354226	-0.011027686284522581	0.08754981964401427	0.054334038087809816	-0.0829761825773368	0.022439293101020538
-0.15410235546675488	-0.1053193479778612	0.0014734094222790053	0.08839371986796934	-0.09065294011863105	-0.1009023624212057	0.042627064042832716	-0.11605296782225148	-0.06253890202413012	0.006142617314533888	0.004466186072698108	-0.011185645457085551	-0.0012881607054547606	-0.1296976617504753	0.05219306047396935	0.08366450875702156	-0.05535591541259169	-0.03975673566569407	0.06742281795420718	-0.07058603423797596	0.03909549588735053	0.02392823002108785	0.07962853264696065	0.04963395870454701	0.054178179168913224	-0.03737302094884053	-0.18389110284768592	-0.0018401076551626677	-0.054337806200262295	0.054244352965764374	0.038026274234366275	-0.02806659025084763	-0.023825083576805697	0.0856266853090264	-0.11725716283907062	0.0699193801420697	0.03806733132413044	-0.01224092447711192	-0.017468322936427805	0.008244660432310869	0.02546134445041208
-0.1547004033958152	-0.08958074820758351	0.025987802927346405	0.10532291276026465	-0.08796676041937869	-0.10505282466077533	0.012918931654254185	-0.07185802664562473	-0.057530876145053284	-0.0023730824100766518	0.006782383385342261	0.03406301064015859	0.031229404763594676	-0.08984072074193661	0.03926840966923924	0.07083136207110899	-0.07097732640533344	-0.028540139663419062	0.07475901385569994	-0.06371731420088647	0.06595004395842242	-0.006281976806506592	0.08594520518290964	0.0035991760080942847	0.018612932321794465	-0.05376576695120708	-0.24492274596531205	-0.0049248060416398065	0.029659174562802232	0.024206876554077758	0.01229693074341523	-0.0410957855140946	-0.06448107818457496	0.046987281351563534	-0.1374512951756429	0.04015187089249274	0.02813153133091556	-0.05766053536763906	0.012704281674648502	0.10506078674198216	0.022771652565482088
-0.14861511740931846	-0.06364683538658363	0.055789457199972026	0.11333201293222382	-0.08071871296364248	-0.10543249966969237	-0.004103218532496927	0.014770255708996923	-0.03157681430336947	-0.01436911138549667	0.02733306402203657	0.07193084833020542	0.005013282806909686	-0.07668630215339256	0.046424206741109864	0.0036243495018390415	-0.0714557674391686	-0.009105632694950794	0.026884069557198798	-0.05135933864897857	0.08731259517429754	0.011753364924971893	0.053513193065768155	-0.11449363407395241	0.026667579074261337	-0.06311673167937897	-0.20593544652536305	0.0010028199498196	0.11713642954775448	-0.024431359906568667	-0.039290261942334315	-0.050725107084009964	-0.0736294147082304	0.028387994265771543	-0.09213918964948987	-0.10165549610530897	0.053733753781607774	-0.048809451542355727	0.09195214002171026	0.05415065162227706	0.03436216794961966
-0.1331971794957658	-0.015953393885824105	0.044211620919079694	0.10803582048806054	-0.03456457612755175	-0.0751932964870356	-0.009765997669624018	0.06365301646342503	0.010096518442580313	0.008227027243243944	0.027605726656506117	0.06835058986197778	0.01656865736050393	-0.060313534946651925	0.07178044173280229	-0.059429635371914036	-0.013085534934321325	-0.009778500997332535	0.005819653049131457	-0.01278117413778225	0.05581715450592268	-0.00283254279125017	-0.03974638508364704	-0.11872378184362081	0.016885061764096654	0.00015336330408456667	-0.14884406137331332	0.11121982999453586	0.18987684607957794	-0.07072558996791395	0.052165419693515874	0.0010094484615795207	-0.03768481072401052	0.09050360215861487	0.07904955962205938	-0.10051750267532422	-0.03840874921576844	-0.028714259754923047	0.10448894052183999	0.0512300649035331	0.042684590759135346
-0.12913705006067133	0.002314512167373712	0.02096170918179661	0.06775560621435212	-0.01464730294461295	-0.07308119284489908	-0.004345249103749708	0.10587375112190328	0.04193406841084572	0.04285747465273472	-0.046817808397008824	0.0754184672337932	0.04253605515937093	-0.061951121854400326	0.07258132036493381	-0.06649178669295269	0.0016737627486475837	-0.017940422360579522	-0.031961121159928524	0.004386567488910198	0.028069179201989803	0.0029611923806311252	-0.06820749454802805	-0.07119334622266457	-0.005434314351832663	0.03232405683841881	-0.05366391265177462	0.12545930212598222	0.18784765971245065	-0.033727056672066755	0.0592632349287609	0.06351279837654156	-0.05413166639669867	0.06780181112922866	0.0832585768378003	-0.06702174900377568	-0.0868349844280028	-0.03731311613012302	0.07008007520611553	0.0043989390662298455	0.013157066254901095
-0.12474320925850066	-0.012868124208610186	0.012420926658568697	0.04846358576498318	-0.04108686591436655	-0.06100314957741574	-0.006485979082351566	0.10256460742583509	0.04919724732811014	0.04397911927069847	-0.07628568772006226	0.07550748889146652	0.09836559564015168	-0.009129777464589692	0.03215979988721743	-0.05412131621290911	-0.029932125523755133	0.01308834224517147	-0.042219150334629724	-0.022444114890154916	0.051803014217578214	-0.029035031943520306	-0.043799727618462764	-0.007060559316312123	-0.1059751627884041	0.005268077296404827	-0.1018934348500965	0.06899642335735968	0.14163108769524876	-0.05423063927011514	0.057668808730021615	0.07988987242467332	-0.03324644402063893	0.022649306636802258	0.06518281381458758	-0.08572541216659763	-0.02158620236939475	-0.027215445996701088	0.03892767090577749	0.045441692430145536	0.001967632986238848
-0.12128054560987553	-0.03242874744372743	0.015228530669914236	0.05916529466623357	-0.05065817100231627	-0.07320764440898817	0.01011984699922515	0.13946510495715653	0.07203367137768346	0.07143887075415979	-0.10046696528404153	0.05589231229750191	0.10939758749039535	-0.0022107414689400296	0.026033379950021474	-0.06289049122198331	-0.07431557214067472	-0.012042832361979658	-0.0155306423712544	-0.008685511321007158	0.013770453770319366	-0.036033378090184635	0.0346147455676737	-0.04264946867335889	-0.09434462436063114	0.06469207915723241	-0.07664178768500957	0.05298997343481926	0.0862571264780268	0.05266109913248329	0.02747149374515226	0.050834549486967626	0.13320481761299333	-0.04367905944319961	0.004236343075395483	-0.09105440870240603	0.014655915596627093	-0.041223374183878635	-0.03542465102864717	-0.030358678116249704	0.026357362048442995
-0.11642137971793363	-0.011506324755104469	-0.0004645458109058623	0.01299999354620871	-0.04738796282814823	-0.056586832114700586	0.0624391985909364	0.12834882787586613	0.11545064415997687	0.0676451671845776	-0.05849466425932119	0.05889565636665506	0.04399470908231684	0.03102498669717447	0.06395794556493711	-0.07566493681045236	-0.10616302686466396	0.0007271435839573681	-0.008965523052924473	0.06055811366974938	-0.049873158645496476	0.007166744599010261	0.0374874313615598	-0.06997744159774219	-0.02910611613812006	0.035324951751137854	-0.07163527545406041	0.03831666921373378	-0.016571098544760438	0.09394725415114871	0.0742115270365163	0.05752861121597537	0.09561229546869032	0.020919640476841334	-0.09536389923111685	0.0182405930606636	0.035166164501517466	-0.019070105909935048	-0.03933127785369114	-0.05194892490667902	-0.015486877040921589
-0.1152987782129557	0.005098512072291141	-0.04159710851258432	-0.04010234501105351	-0.040813100575335166	-0.045302217777882174	0.06386861933685606	0.09811870813202848	0.1408428068724668	0.08054325276324009	-0.06332024491654735	0.04224768702656062	0.04993010703372705	0.026046513905013877	0.08602980286182615	-0.076405108569437	-0.06420529638711894	0.008853972643617952	-0.02152199878856581	0.05649704198024964	-0.05235691237424618	0.022825853150984537	0.04228399599887342	-0.0693705360593489	-0.03582403728579575	0.0376992623842366	-0.07351122069792249	-0.0641725554770963	-0.014849841892399648	0.08222318897580974	0.0780025633684085	0.05733011110549264	0.049052513504231454	0.03154166561085668	-0.11768576420419391	0.08273375750715659	0.03996091063915286	-0.052776579502008994	-0.08327276208196359	-0.02260273839257959	-0.019501109675033178
-0.1151871710628931	0.004550256557487148	-0.05861911586822549	-0.07509914886104385	-0.04251300821493851	-0.022665452780812726	0.057354363273841844	0.025176849141984627	0.12658515502436507	0.09811331070714141	-0.07557518894323137	0.05285029442447162	0.11110936363121421	0.06643460759077432	0.023504482136768978	-0.01629636177127619	-0.0367873172598688	0.00975843852367378	0.014017066658239485	0.006566107663753436	-0.07909592727596226	-0.019041186503773566	-0.02334521757023922	0.004750515641191916	-0.013071298712093449	-0.015251530488678684	-0.04469392940905101	-0.08455496251397915	-0.002340851087320038	0.06281205336995524	0.011896530597203275	0.05713468057275785	-0.026354461752748706	-0.008088480586627728	-0.1379575916006641	0.028056885842374653	0.038311386000885087	0.03645609722280932	-0.1086127820966588	0.01804847485015927	0.021587946002444517
-0.10458395645482904	0.010697968541024274	-0.012487460116088178	-0.0693987134899439	-0.06066351775871518	0.016445001933351515	0.01859928011682906	-0.02788895357024768	0.08449362411916875	0.11018600019279173	-0.05658047941881674	0.06609772436994492	0.15414412434752814	0.13675489653923345	0.02389033500468965	-0.04327802001410014	0.0355167469095542	0.019476777490883557	-0.04539924773408366	0.012297376293589332	-0.03365582876831752	-0.050751785243393535	-0.05539012576446645	0.021797415337919485	0.057782272761731146	-0.08986231089626127	-0.004588411883459584	-0.07657961266252017	0.0591630817090866	-0.01785083823940659	-0.08033353211057938	-0.030530940263030694	0.04241825851554332	-0.10672795780511499	-0.04289578222579521	0.09521700094896723	0.07429542144289071	0.0773923644394937	-0.045666630883855	0.023191369635354744	0.05162338029710756
-0.10417981340353308	0.0019361033574781718	0.020107926727101256	-0.01194369046241453	-0.04901611600843546	0.011370482464844992	0.05331743806416272	-0.010060464125820168	0.07435026510284772	0.13681895972204852	-0.048596871324817485	0.04992957352805706	0.1382328337159362	0.13156042632882364	-0.010938919255229222	-0.04097674966490325	0.029718495261782763	0.009438460140450033	-0.010800726568710946	0.004368719877682475	-0.02636298504630439	-0.02721920781040222	-0.09452732383931711	0.010247915679069394	0.0705702881446916	-0.0975027049366456	0.018853067863432195	-0.03853980119813667	-0.007312880589948764	0.07388570128680946	-0.09843582845994027	-0.09229860527236976	0.004132346230008133	-0.06087605147510518	-0.038568077084512806	0.03762739888502017	0.030875105679160894	0.16220043936787473	0.061499523534557635	-0.027581371499042332	0.0653328166028189
-0.0967452625930275	0.0011902723071629683	0.01622099952004484	-0.004618717916866211	-0.05349738456945419	0.05559295760324562	0.11759581351476384	0.016370998858212825	-0.0020071598759377166	0.16304471941044857	0.01200476213964211	-0.009805559010686946	0.049376743477931084	0.09703677424492646	0.04244087821665595	-0.0709526965873414	-0.012845671931651498	0.017961142994320018	-0.015468176492611565	-0.005516192944669132	-0.05190579271390075	-0.015606634821393368	-0.13117278119558798	-0.0175454954629006	0.06697442498036094	0.012171895429974048	-0.021220439504279806	-0.003555937056505462	-0.1263812801320844	-0.041715583813345086	-0.0833207471361421	-0.03112597260685311	0.08829057720734275	0.022693952217493235	0.03726093602619218	-0.12707148292703374	0.004092307892825407	0.11817626826990903	0.0646607099196958	-0.01440840190275015	0.0418604913888368
-0.10006941700124401	-0.004859800869995994	-0.011505922120995925	-0.053118993384236195	-0.09330981033441484	0.017753513790493575	0.06191157707531362	0.053095433471302717	-0.10380377550252906	0.09036674319376233	0.07268730831702294	0.02689055753102046	0.03905395394913033	0.12281671732640732	0.10843050367526605	-0.07928671607934551	-0.052438336996495236	-0.02385865296278218	-0.04238587522018584	-0.0037957080879256096	-0.08277678467449907	0.02161058998348023	-0.09250697248839893	0.0450154318875799	-0.020673081502105346	0.05668327943366717	0.018974835546205805	-0.068911066069717	-0.15282361593368762	-0.033679038300544376	0.0451129953628658	0.07138076383146215	-0.03766419377133573	0.030471062835989576	-0.07785151393342196	0.03973203599889082	0.032055935378618707	0.005179404966509236	0.10770080825426655	0.03044589942773078	-0.05951161908935104
-0.10502331379064597	-0.004964630234976171	-0.038044453586031445	-0.07160588634390068	-0.09175234615759932	-0.03344296897975728	0.030396422018093276	0.08362525817596235	-0.045383898557507074	-0.03824330860251163	0.10372245426002347	0.060165601257934444	0.033120390860079195	0.19917976336245208	0.0005867704026512265	-0.054815301327454734	0.02511085365184402	-0.033479473213482075	-0.019551241792680477	0.04011500970236738	-0.08286750570694777	0.0070794708979421	-0.07599297242496764	0.0065628267844860255	-0.011772953772934372	0.0536251270769931	0.03564496845248545	0.010352073009896566	-0.006619295375818488	-0.09488020946637779	-0.027510815644804457	0.046516099086937546	-0.0888478911639022	0.0030573653525221844	-0.029670630523945876	-0.07040915811115378	-0.028459495669251857	0.02244769025423632	-0.01964547496988362	-0.016751169437546953	-0.07125937999836676
-0.09546205650972546	-0.010034051795685417	0.0126293881778244	-0.02657690251781461	-0.07959359370761418	0.022227824499645617	0.03905624492421645	0.012777371640454322	0.04844879912286133	-0.011402431874714847	0.12901704440869374	0.09334487722533573	0.05954648841489491	0.2187554175596522	-0.048237705184646804	-0.11553205070081418	0.029612955526128554	-0.027807970058532066	-0.03736105393671442	0.0029348119822362045	-0.025320488251894167	0.07478352452913725	0.0009023037197943718	0.07195042035164252	-0.07958580040602527	0.02881657841708212	0.03521845271476442	-0.060906480090283224	0.014464482145497799	-0.010614409649822137	-0.0453737343594124	-0.03566576028276282	0.042495095881004585	-0.06601727865580896	0.08638312757485313	0.02904981307526872	0.03598473890646413	-0.013861535845295864	0.012053900909070521	0.047049320733397605	0.017415488050898886
-0.09656742326125148	-0.006895887662640847	0.025165082687664868	0.00039392842153918527	-0.05354788410092866	0.03860109649889349	0.09750012618918648	0.04634355007985203	0.07404258871947668	0.06378706168953088	0.06477806849228827	0.019008675467381355	0.05501460372218405	0.17801521392429798	-0.03682478664448571	-0.09341681954476476	0.011786734813938143	-0.015800785026292972	-0.04322292704990296	-0.02267146109199455	0.03003349784439374	0.05391565779694889	0.050757563341532023	0.04093720609335235	-0.061061587931114325	0.06936144489090883	0.11198873002402553	-0.10337984386753307	0.05768905478983943	0.06087763147763525	-0.047104001169862054	-0.10030782249226405	0.02275826928822509	0.01295811734115386	0.06480944441088554	-0.027238278650778547	0.026222977274141288	-0.048507311273265005	-0.01670680713976902	0.025394971422937798	-0.08038640062979756
-0.08770320746673169	-0.024347273028071645	0.004492976543399925	-0.011985634639712434	-0.07544758179167811	0.056053630747725396	0.13222800716103145	-0.002669967127135138	0.01088932096585352	0.12411816106345092	0.030476903883741902	-0.02947180458944882	0.01119602533076239	0.1092200458103415	0.02564403100420585	-0.06845042893460783	-0.039606948974199294	0.00014023088269778106	-0.04042105446242089	-0.039961939707509074	-0.01189434283076069	0.0098882759031644	-0.0376441743141446	-0.009848768873749223	0.0033255529843339016	0.040863347122156356	0.016953293205197624	-0.09033261552988464	-0.0542414115317529	-0.03449819693664875	-0.08317105598772957	-0.016214360197152056	0.05312330818067783	-0.0030548590508042983	0.10307820045422927	-0.17831918754244958	0.002968372654387375	-0.009507183036180013	-0.045180065455533894	-0.03769325483257782	0.005780894867713767
-0.08988551534195735	-0.013026958464045824	0.003524343760147091	-0.04830286393045467	-0.10841348015702607	0.02300561583426533	0.06377929139397645	0.02604692518814899	-0.11339985712860196	0.07550053816363339	0.0624224358644656	0.019971635883440475	-0.0023794239929238953	0.10233226586803132	0.09977033628285295	-0.0567292748609721	-0.041606605862289786	-0.052347390221551215	-0.09854688142815302	-0.08183498054018412	-0.07955548742246127	0.037877032136483316	-0.04052575846347161	0.02048448910508386	0.06228953596094989	-0.03275603298119384	0.07308360346827465	-0.14364128635464093	-0.06899679856550996	-0.057962572829540954	0.05577085655062229	0.02031998608213917	-0.027089130175450213	-0.015687703211819004	-0.016232117422788753	0.0770387910602291	-0.0229508327756243	-0.04846985551070921	0.09906448539608514	0.01608892050071488	-0.05012612863916645
-0.08338165526402097	0.0320389981749204	-0.008284829143477179	-0.054270443041296634	-0.05738866618174638	-0.007211407205522446	-0.027073892045611763	0.046598893449927806	-0.10711299827767566	0.03225897791037895	-0.019248231964183037	0.04986348722935496	0.01685457725567517	0.1729033132512235	0.06476825845131753	-0.039860836293558646	0.03939332259349446	0.003621105808527203	-0.06716411781543337	0.03092382755028366	0.009407556768120828	0.1345348259476427	-0.03587245692527579	-0.024990066550859447	0.18560582878215892	-0.08459607299630942	0.10516085598670007	-0.08288481379713611	0.04833097291314756	-0.05197940967096332	0.03083969364965434	0.02354416353559815	-0.1020538664287871	-0.08967006097944007	0.042804281711006885	0.08389485320610944	-0.11657749752427894	-0.06289409292907322	0.09216313778914001	-0.02566392228499087	0.011636050869621413
-0.10436558859605886	0.06820105200111908	-0.04115549868773686	0.039704873291742444	0.10284695638035622	-0.05092175433074716	-0.07015680039310317	-0.013076241681159163	-0.06283547427472418	0.1261532175241198	0.007489566342312398	0.10501415914937172	-0.058429680083903576	0.12632054532338732	-0.01384107680232486	-0.04054874723725325	0.0780523986772152	0.06566350847741427	0.043927509119275183	0.007063430081551238	0.02041416225837617	-0.015398432009668818	0.011185276293480019	-0.04056518256158024	0.018742776116459775	-0.06167476811916884	-0.025700275569432274	0.09937709753712087	0.07956160336174756	-0.009590501238007566	-0.0044313078034378325	-0.06020855616515235	-0.17969282118657812	-0.01655373890515313	0.1948369579598334	0.133994389529417	-0.18151387666899418	-0.04179991732078679	0.07846775061202783	0.1755963108045453	0.09966063729651958
-0.051677536954686104	0.11467760172967088	-0.011137646222514718	0.09417280946757622	0.17054261788348538	0.004757564124211409	-0.014908033473678185	0.04274337187855703	-0.07034183807885608	0.1683530203124822	-0.02816402450383701	0.0450286907049795	-0.04708313129599111	-0.007310002514247321	0.04259799585634619	0.06397779346407538	0.09156051233090054	0.019046336193089472	0.0171752859040207	0.0036293821127215426	0.08315706760758765	-0.017804475037699982	0.005685312168468844	0.03834466419638264	0.05791797231925368	-0.0020754476586491034	0.023569806217096437	0.010574488290488002	-0.00463252530953899	0.12666303324989586	-0.09478480144981835	-0.07977210326809721	0.036068998416906785	0.0495055180605653	0.08185320164376614	0.043445986225420986	0.03141860110577223	-0.10971550139814067	-0.018715499680724154	0.17278964977327613	-0.028657455120874302
-0.04968274079413179	0.11278247569831541	-0.0450012664872503	0.04523822079129862	0.12682389803451247	-0.018155063667387412	-0.037707736512027745	0.09899472245075726	-0.050247714194252446	0.10524975336635647	-0.030434795635540537	0.09946491194282553	-0.06470751280129013	-0.016039893449054113	0.057250917034208086	0.06282007699814346	0.04237943004425661	0.07478629145556757	0.007600371891805022	0.037256667595748895	0.05675261968033653	0.005376131760575567	-0.05030301663993156	0.04103052526621739	0.06931943590902849	-0.08481878820980149	0.0600178937034916	0.04190488690930802	-0.03993717723101095	0.05345534600088283	-0.03579851924939893	0.029957725243908332	-0.037112066891171934	0.041486048598158826	0.04930568320027521	-0.06318428107310996	0.006259828382230062	-0.0057287568800229016	-0.001895621213141456	0.05278880788858291	0.02797433074341761
-0.03954914443093897	0.13145395456395537	-0.08461468139550685	-0.0015564605590781726	0.13218746625935687	-0.03854161695881621	-0.04348318892107317	0.04799651361609649	0.016949410665289218	0.041629971993289945	-0.018643897418662382	0.13317707382594393	-0.062282346266725276	0.02937595262521116	0.06954186607230547	0.10169561687181988	0.06512877429579718	0.017958756132415665	0.05181462092838046	0.04409275180774435	-0.023921067134704717	0.07273204032804571	-0.037252505344565125	0.028767856917917084	0.03269038261503306	-0.034813404740408574	-0.028288820132812018	0.05727481288959909	-0.05078491852889547	-0.024567821958178936	0.035820108686110345	0.05776688078006438	0.019414836168077876	-0.0073851028737609535	0.09054979172277974	-0.009997728479333123	-0.09628573621048042	-0.028195791368409655	-0.051075212183390784	0.0034915249603805106	-0.02433549949142408
-0.035511697874526064	0.1346107769018397	-0.09012512975493606	-0.003908282435798587	0.13590358091608776	-0.018700221082850244	-0.015039350062369493	0.03298013685412614	0.04760524335933374	0.060871809399776725	0.011154097512813288	0.10366844146599721	0.06872674380886427	0.054620869561283994	-0.09488759489818868	0.0497409510073423	0.0915718836220269	0.02516417273748448	0.05200831748543088	0.03043192726516849	0.0029550199329903167	0.003854910727440504	0.0758276274762266	0.16001971277754717	-0.011767667258588861	-0.012091323902945865	-0.054195688415263975	0.021128356454580357	-0.036354692680006545	-0.04277445837202351	0.10621079558410446	0.0004059145568857279	-0.03604067251591859	-0.02207197568104364	0.017254104889875166	0.024884497278879317	-0.04504717758487419	-0.06657588140484506	-0.012787562858224355	-0.08470196999779803	0.00848839535160166
-0.03802862549401982	0.1140988684710956	-0.07306331532424985	0.028486081994505676	0.12413063293874657	0.02646060525025433	0.07514986365989838	0.021378556283878	0.04842068550939094	0.1046352563772795	0.04918455894742384	0.04413402742459136	0.02117760985585626	0.033293510024142214	-0.11433589344528362	0.003509315646438519	0.06469154320420918	0.07730755811399755	0.08774646541001509	-0.014301718374443089	0.04080693359271181	-0.019395372630472796	0.04167766732753999	0.05740183782352371	0.010127280248346367	-0.010012266298184563	0.017128608723172782	0.03859985727274151	-0.08413217302611177	0.07414501278085747	0.014842188308095302	-0.09639638111722666	-0.08416775017941724	0.009735827417545237	-0.07229943974957795	-0.0027912886763073463	-0.054659911195950206	-0.04029165509185825	-0.01482211093115917	-0.051765630348808156	0.024756457909099434
-0.036552920984488826	0.11645277087173697	-0.0798615110021046	0.00443302414011939	0.10518485330769024	0.03543056474315989	0.06498727955735147	0.008383968152574662	-0.049723975931102636	0.17371590224851938	0.025746778194195633	0.03096124573482664	-0.0063717810013235775	-0.06074550435453298	-0.031281370791995076	-0.040294137992121115	0.04357758888446153	0.07011366709494499	0.05489599192291436	0.014500902148114612	0.04888488630432257	0.01812130349587221	0.03262212233749576	-0.014979437694084548	-0.017987785503572523	0.024183453239917975	-0.0356071347483683	0.06556184828987026	-0.1750524858116527	0.0005565870995235256	0.006991998446084655	-0.02111543618659032	0.06549714345969407	-0.0011135873512046895	0.06458692640087343	-0.061310578713828695	-0.06625617169146501	0.012230584684433346	-0.011713089976203236	-0.047665461376115256	-0.011465566869799621
-0.03579979963952444	0.10356371977911331	-0.07615873186165659	0.030385199315262883	0.08209006810279068	-0.006475796357907249	-0.010095968264710702	0.04044193024330823	-0.12911611708877915	0.05484187125129507	0.10336657310417907	0.09891136151334513	0.020808752143086966	-0.038805376304346606	-0.04213232982479218	-0.03541976331360437	0.04082745249337779	0.052943580616371326	0.07263304964998628	-0.001919656387941434	0.06052062512439137	0.03924915227236689	-0.03875884109280663	0.04727176980790565	-0.035976587860704734	-0.06444536297286435	0.027165107324295376	0.018690885116765525	-0.12475611749866648	0.06234031429667299	0.04217153829042174	0.0668903341084153	-0.11710112936555292	0.04705442405333632	-0.07116434761825423	-0.05651799728993094	-0.04263416004162496	0.02631376575296234	-0.02631357893036826	-0.1090615112823835	0.009002957110410329
-0.04378957077030808	0.09648509335569329	-0.046308885391219516	0.057380037517132665	0.08994849987142152	0.005490395272408184	-0.0016348932526212645	0.008752486125308535	0.012345459219633951	-0.03047807377689763	0.1677275940817428	0.0930437762288301	-0.001862761448006507	-0.02121477615750737	-0.08369258813612594	-0.06314242546548898	0.12208720966533027	0.06588496049076564	0.08984158949482607	-0.02566299798880239	0.08598872019612971	0.0591322430081129	-0.04484195653012288	0.01367927899295672	-0.043676655773984975	-0.0398147702355966	-0.05724217555805307	0.022509225738317023	-0.1150499089933702	-0.05014565142570353	0.06571142086336122	0.026563998396870136	0.0935628862382704	-0.019120251168017466	-0.0520450043974577	-0.01628091248422644	-0.016726679221441734	0.03138044366174654	-0.09381190181553557	0.02836642607889747	0.007351679657269843
-0.04942668467082227	0.08747921219257049	-0.04198022029266329	0.06858865504509515	0.0972815986402696	0.03941599509078919	0.06780528055991866	-0.08467311545014766	0.013735780173876206	0.08438027898687012	0.12219584846011756	0.04778225162925213	-0.03938377349557568	-0.04741579708318316	-0.07350691311176574	-0.020782464027566384	0.1153197735407478	0.04933226601773017	0.11903794673829862	-0.00417335669497272	0.10863961509649593	0.08763444811886513	-0.03461008053308677	-0.019506676584263576	-0.008073619617034386	-0.019309990356163088	0.04071987562552684	-0.023699655786862263	-0.018623564035048785	0.00692180784049508	0.04251890616677131	0.025911045652303927	-0.04699819108755695	-0.009586678725209206	-0.0574352147129633	-0.1059605134336081	0.021498482784929687	-0.02419949010401245	-0.06047007654725441	-0.07400890657840337	-0.048248679733896065
-0.044483462138720654	0.08532978821243269	-0.01423630189663191	0.06815241843065976	0.08579005995681885	0.02267390932436546	0.017316238847855363	-0.06759230946950386	-0.12115374370604536	0.09449981680141659	0.09161312202154975	0.05515335264923949	-0.01325414269677909	-0.03276062443981319	-0.03225974994367595	0.02156907604547062	0.11392562487638061	-0.0017810456349022265	0.09721976516226707	-0.0006980378485095286	0.07269398573387786	0.0410889308127097	-0.0532644210400872	-0.0053445457076505415	0.009998937541517976	-0.044394515028277425	-0.016774568691913645	-0.02696748563870805	-0.01595295904031749	0.00579620166377165	0.07238367603485973	0.05793860781844239	0.05139056146625336	0.06412573237021332	-0.029893271495604133	0.009683612098727375	0.04246450896599112	0.004072730060959394	-0.10684830650901375	-0.0028193684821574486	-0.08668113391777868
-0.05046657935399616	0.0893670806895074	0.007614230952556224	0.10168374649404352	0.10767388872195238	-0.01588206051821587	-0.03760409500817306	-0.019152824601973473	-0.07712338572952661	-0.012019430043637832	0.12191738321206977	0.10793208180706869	-0.060762691294292626	0.00037714461513010873	-0.02108099017684973	0.06211592353582572	0.09430024798856265	-0.01355429771091152	0.08518683847662188	-0.04731261391825829	0.04307268201780596	0.05055561636848015	-0.08582246555088431	-0.035662609255073946	0.0452923951478567	-0.09238697292147087	-0.044302069925591415	-0.06057400205454127	0.016705513910326382	-0.05932691056509499	0.005368392162505599	0.008443538388417007	0.05325650353868456	0.0070709230988868915	-0.03234048044668684	-0.06939298493617278	0.006228562970923009	0.02229289732878171	-0.045186576818744786	-0.004814230602313722	-0.007430772155556119
-0.02756807847117982	0.12197785512675731	0.038849231890215566	0.1005916062453754	0.1822154882219548	0.0057946366954729715	-0.005522185459501988	-0.06003300503132826	0.08056931497493583	-0.019661746699520005	0.1477575850987408	0.18473777171013356	-0.12395732263343681	-0.05381896570441075	0.05703955933049236	0.13489613167754122	0.06614530982195937	-0.11534585104536679	-0.05456831595882494	-0.41283901747523727	-0.3455632355442369	-0.3138915505263804	-0.11418673129643839	-0.08078692308837628	-0.24096591539808365	0.11795031902986976	-0.04999405225771798	-0.26785246998981505	0.13145169517468713	0.09636562977399567	-0.07054582222603162	-0.05065713374211471	-0.04338455161975399	-0.011238180006125201	0.039657719319529786	0.07830602874872868	0.11085456987111254	0.10070363067589189	-0.04082987952307243	-0.09083117517042436	-0.06663052842632777
0.02292923792849196	0.076805387379076	0.040822146377431104	0.05326462109783175	0.00886630539222384	0.04491994871359491	0.04401745403570015	-0.03280851578450599	0.05423965203501602	-0.08664347182729122	-0.043950464215418684	-0.04746211452652547	0.023848049540734766	0.12012765707932285	-0.09611011777406465	0.14860799522645357	-0.052985022472663866	0.031533683230282765	-0.21503061256206008	0.0022755792349881477	-0.017578131669670607	0.024194042734299637	0.1313594322063207	0.06364199158668578	0.24667145778913085	0.09954678221632429	-0.16896747898524636	-0.12458208599122972	0.026328079504522667	0.02516358672244565	0.13241620303310087	0.11518500851593355	-0.017526834260390964	-0.017321844214525317	-0.04125452870762718	-0.13356261486184978	-0.25345496627638653	0.0679672816052872	-0.11650023175922977	-0.009145544577606107	-0.03262190284107794
0.011895003024280754	0.05359998694296639	0.03771673198000094	0.04313988698213084	-0.01309545358023463	0.10865396277147502	0.11263781432561265	-0.029497766177582888	0.053868904534160385	-0.05035519429979821	-0.002854076799359852	-0.029665972103488022	-0.03688373699078886	0.06595921941894838	-0.07438089552384362	0.11965339441153898	-0.03908737791717578	-0.0036659217497423714	-0.15859029887111237	-0.05851544665356544	0.04202121660904239	-0.0668777874466073	0.04831865599849273	0.06213395520646037	0.1716943839313099	0.07216381613639877	-0.08839233422208508	-0.06001675636464948	-0.038316476989614046	0.0744633628486883	0.03724015216682432	0.0521208700507705	-0.11604810051618965	-0.046998796101951984	-0.06371532966635728	-0.13963109762199433	-0.076200093774458	-0.03238612720370344	-0.05132052557835496	0.024191821464193845	-0.043372708537172934
0.012584063098250161	0.032775621794159625	0.040118755343333645	-0.006697467113897269	-0.07016901627137032	0.11690413249072489	0.12615280290848963	-0.052297187383739736	-0.0429580385767607	-0.003872975013096934	-0.008835102537878099	0.006631842857189021	-0.020530532553433834	-0.026510429449384244	0.005276593754982863	0.13411683056851115	0.007104818108634874	-0.025130582775730024	-0.11234012969400434	-0.0318493660230932	0.030036965580142072	-0.062327401351768306	-0.00179719632722887	-0.01183325895694464	0.11201396084024184	0.1259405655856293	-0.04552642442461352	0.04581399935527174	-0.07700740663835991	-0.0043181989048741015	-0.002184043294727451	0.06500688911927145	0.054227082972533085	-0.07958098521102494	0.017188641566699102	-0.07999549189752733	-0.041329089496479954	-0.08225076214906697	-0.08708346853714166	0.019951944764637297	0.06897985059307772
0.007921443755816448	0.025889285835434026	0.027811699640798934	-0.029840929151951308	-0.09142640898699737	0.06550176261580665	0.04837156559823682	0.008924184939033311	-0.12148571246234058	-0.06863807894453305	0.002414381936052744	0.07400781042036644	0.03810196425175016	0.010970202251946627	0.002215102868776694	0.1755187426758146	0.025617252762488614	-0.0173932683698374	-0.08386934147065488	-0.02452675572623915	0.007663302223909298	-0.08764755051214151	-0.011553355881676674	-0.05034723112192424	0.052875237024045514	0.07638291543988425	0.016036801648917423	0.039920696168272235	-0.06958511441223318	0.005894527252896617	-0.02339854214300753	0.0011913283755189182	-0.024877391607314364	-0.026665166374423236	-0.07159628456876593	0.10386566154542595	-0.006447628465569581	-0.13358415562445486	-0.03715800986777786	0.016332843758664214	0.14226469830629757
0.0032879954751368957	0.044677013250789564	0.019284945840580124	-0.025801342926032353	-0.06808807252989657	0.03364988073603404	0.020056918224927976	0.06627251505719935	-0.030334912141434012	-0.13273833222689652	0.01645496811924542	0.07305528548070005	0.04438398500161325	-0.010016253444280223	-0.01930656202762096	0.09287984023481047	0.07471568075116967	-0.008885124462273896	-0.15682789277052037	-0.06798798868518745	0.03932528760572809	-0.09932543319917869	-0.018942348637617623	-0.04406160625918931	0.13948314037343792	0.017336029591205573	-0.00304837190504563	0.05035573932762599	-0.02145888292770362	-0.06644006034771872	0.03368198928758442	-0.0505705406675787	0.008958205720413948	-0.0021370667787542867	0.02471715115849945	0.029369355678021677	0.004950076468218333	-0.0694557618708985	-0.021128812941322184	-0.08029126595405985	0.03437015713424625
-0.001265584897913369	0.05889829776222629	0.0162429743812406	-0.040654668789388636	-0.04648484434356523	0.05416047890698112	0.008717868811398674	0.030395357167768065	0.0809734535533872	-0.03612663421151591	-0.05719658845371595	0.029788731473716707	0.0496121557020028	-0.06281566536480651	-0.02243994236470817	-0.0018846815508299468	0.12974896035050212	0.005073411872080248	-0.21808896947173956	-0.03172859640140352	0.0917468108793196	-0.0773289805409553	0.028900449919843807	-0.09203805606960297	0.10206265546889351	0.06065355397643059	0.025671161064016457	0.032854820789301235	-0.016856453435420516	0.024378397296999907	0.025673413580862215	-0.09606587708880966	0.050167919324083224	0.013475820631824524	-0.057114590766782346	0.04762474583721853	0.037523314776849566	-0.06406793177193837	-0.13026497948294966	0.010393564562505193	-0.11836910710341428
-0.0003966146105423153	0.038819039028929914	0.006814904001327008	-0.04015215773963905	-0.05946621029022638	0.08704652638243023	0.02814827939171913	-0.039883000486961535	0.015128797036465387	0.050396093153743035	-0.09577771906289835	0.023520992465763894	0.05375382948464851	-0.08182767245357299	-0.0593917288573289	0.05598802317532726	0.09342616916541031	-0.001988930171442714	-0.1665677848399246	-0.005422542183697147	0.13327479609531476	-0.06900278318674813	-0.00630346789319285	-0.05297663581793237	0.02088881296881359	0.02602236664497232	-0.001584273572277757	0.00656603893199121	-0.07135838917442268	-0.02506229124422932	-0.01866031771568987	0.04598192876538104	0.039032774635925166	-0.01379148619487676	0.03533789015850919	-0.0412582340688875	0.02807387422546622	0.027722601747239464	-0.07512413007469179	-0.01732948140193983	-0.048406310701905285
-0.003230839489999325	0.033600552969616615	0.017560777980708136	-0.021594061227761367	-0.05843207257565014	0.04805421286754934	-0.023407008214056536	-0.040141641804217025	-0.0727290376369268	0.025351816029984396	-0.13215711788449278	0.07734621354920795	0.03299868709393143	-0.062284490022953866	-0.009207973561839757	0.13420827062366084	0.04605713936448811	-0.06628292840397337	-0.12295046127599768	-0.025025402827580725	0.16619229717783532	0.027874033003400234	-0.002959378316236414	-0.08518412065931294	-0.000990601691229033	0.010202988941569225	0.03262412790525318	-0.05262921316424096	-0.022402277042110563	0.11395974332125294	0.007404235999538759	0.0631443266047664	0.0020601958665870425	0.007626860088644008	0.005083883600879397	0.03492300107416483	0.08613324998360007	-0.023956478140816577	-0.06536785233738916	0.0358506424051454	-0.08946513674712973
0.0059053039943471166	0.0456281078347868	0.0520084933828065	-0.037309813361469914	-0.02767563956850016	-0.00031625204267996774	-0.051538467188065255	0.025771225705640145	-0.031040886293939505	-0.06754682850503259	-0.11815775617959018	0.10631161222450304	0.03649064621682166	-0.0061892815738731205	-0.022981838745926447	0.16943527714980364	-0.011121135352372136	-0.06853379707535961	-0.09900147421069953	-0.0037892584011591478	0.13593226954480706	0.04492737615040158	0.016633540894252594	-0.11150067023992363	-0.03352591833544035	-0.07092749543812238	-0.010609459285739139	-0.028319298764220926	-0.040528038469084364	0.031553693587697614	0.007791141529011435	0.10038643510228655	0.06176464133480078	-0.11182330325030548	0.01235828097213839	-0.09609761143281856	0.1272005412164514	-0.03587080768700221	0.08032551036802033	-0.04839768168314835	-0.1008868490045862
0.008158013220490003	0.053497925169420375	-0.005493571136474202	-0.010582949748362479	0.013042408194777175	0.0013239593622220922	-0.01891878222000091	0.04568468654110929	0.04720353698977731	-0.09097476863528814	-0.0926552164674615	0.03415130157471177	0.0031169501137967796	0.05023346067713542	-0.021851110379545798	0.12685545640264237	0.020889873658265577	-0.08052467603246569	-0.057036122428432534	-0.03809015411374628	0.03596430382353581	0.01700811638127797	0.03996517705383927	-0.13767371833592967	0.005604945222986213	-0.0059023615627027196	-0.026188512487466422	-0.010042188432324942	-0.0355574465826512	0.05464704987954154	0.12833992180137743	0.053678901656140525	0.07384786689836619	0.021762340227109905	0.1033403280085936	0.014411126840227682	-0.0156765278659595	0.03552329986468411	0.03965077804694887	0.03808993689699743	-0.03765684393955819
-0.013291903675479591	0.0238490969798139	-0.03609594829902161	-0.04751673640773112	0.007559647060800189	0.07475127752535578	0.09708699723603954	0.0772875782324356	0.062387293291050035	-0.039094165118919354	-0.058812631180086845	-0.03957902108508872	-0.03409562889509519	0.09001885265951817	-0.1611330173561873	0.08287388942359508	0.011289202084612518	-0.09090415790276068	-0.014975964515356165	0.014246595300106267	-0.003614633864855596	-0.0249720481523822	0.06587540400454027	-0.059524625261119755	0.014772078081476334	-0.05007380601367646	0.023366189966723752	0.04035704562780269	0.005620722267311893	0.06900243480720283	0.031333569476867176	-0.0005255386604905085	-0.09761174365283842	0.14803435063928375	-0.01327331327278692	0.07329146684057387	-0.00405175564270366	-0.002674084300857249	0.05144839723941008	-0.0014367877934660257	0.11247545010212774
-0.022843043329238946	0.010720905188836411	-0.04946643603657942	-0.058999499821722305	-0.039341666326492254	0.08641812737399208	0.10639946115724422	-0.002192226832654432	-0.042120473029634745	0.040100270356290275	-0.0044712951903912845	-0.016211055244469072	-0.09520859019098078	0.009293234884850513	-0.09191021293982679	-0.0010706163048206981	-0.024087117324719718	-0.07778322445435097	-0.03189249005653489	-0.023848864794981845	-0.051484546063644596	-0.01084202020459439	0.071616050857042	-0.1596552052278064	-0.059578185642809485	-0.0147214739573583	-0.008174905934867586	0.07777129463569751	-0.03280712297182529	-0.1330501019025901	-0.09695637569504503	0.007183188240138187	0.05212215916706625	0.06558087481016014	0.14842150001543458	0.004667206830902167	0.04328269627523301	-0.013572476442514275	-0.0015951589433238905	-0.024859786620480374	0.10068208470722055
-0.016342796648290855	0.020641699097880054	-0.05565239667175176	-0.06880352865305076	-0.057687393752696395	0.040591540743188756	0.0033613640702543383	0.04359869593898656	-0.12113787248638264	0.014363446898573724	-0.0061017558995585365	-0.003955173025806373	-0.06409820256083099	-0.022276603719396337	-0.04084224849417155	-0.05200738016057021	0.008268179362106349	-0.0679379483315429	-0.08309330765968073	-0.020960633395599615	0.04163743971461493	0.0655787221492179	0.16833392182752607	-0.11202728171666367	-0.09852128127021113	0.027288757162626104	0.08392573173982476	-0.11831286146402104	-0.010916664981488945	-0.08481609006174541	0.06352768976098959	0.09452463096291414	-0.037087330773460256	0.11840289504295715	0.04899273768633552	0.0925116314683192	0.06644640512911254	-0.0747425082984183	0.07451577110077495	-0.073674128478515	0.07840793798970612
-0.01945542854294053	0.016582314430740812	-0.03289419325076464	-0.046129025023188344	-0.030556046231989438	0.012003650809905914	-0.030360043957915216	0.0518321586877453	-0.028230535984787614	-0.09818613510792416	-0.0026488769805953806	0.08746753134198733	-0.06722139747098632	0.03790609751089764	-0.10992179122029368	0.026696649297648846	-0.043767028520095244	-0.10962616708744459	0.03953706131437083	-0.025389250171975186	0.06038609644476828	0.1340375651989519	0.10788358257009388	-0.09882060201569003	-0.11278196491541848	0.00572997435513032	-0.0032812572133538165	-0.006714322832382174	0.0007726653219626012	-0.06592640946081571	-0.09192450206663134	0.02636041485499818	0.07653110105524794	0.027133069191399885	0.06757839894423863	-0.05443823769632858	0.09072976954287681	0.007959095140276984	-0.0414230784757626	0.012893754949324692	0.12251461828152652
-0.019791786043312297	0.021978587896923158	-0.03318328678589343	-0.0675991436630753	-0.025646570643960673	0.08350727730557238	0.10015629167467573	0.01898182775457729	0.05055418244655881	-0.06809536156007999	0.024797686341203166	0.0035297245555901365	-0.08706050243414365	0.06139195935057421	-0.12203760458079838	0.03694283666140664	-0.0035984021496539348	-0.03759754913827811	0.025737795843560632	-0.05318753795153333	0.028229840118666784	0.0714555448816908	0.03371706911666574	-0.08612621258341764	-0.03466421887539009	0.03163258947618096	0.07817884711673936	0.0731944074883279	0.0024564925070520507	0.022167001427904925	-0.0039444484660749735	-0.0022114962753584265	-0.08967968794038766	0.04227114690504043	-0.10089925339421785	0.06328585348181716	0.024120641150688918	-0.01738344663910433	0.03343342607157314	0.012669723720701173	0.10365286897396496
-0.01880113350229863	0.03822855526952293	-0.051916239949475224	-0.07914597197703455	-0.04888089109501559	0.07031885801328072	0.07799209187274334	-0.012001371822182959	-0.08589078205535208	0.01968867861184931	0.022294718033092503	0.0035034760726515594	-0.07474219495508197	-0.03933277327569096	-0.07996693044841133	-0.0010956778432263652	0.008656143586542058	-0.04094922136767025	-0.03791772970353683	-0.012812459277620578	0.04532280525491095	0.08431081404269469	0.0585462249372834	-0.14196233529940822	-0.11374578920962525	0.11494055170640509	0.016319984000892556	0.08265568896429931	-0.06537160018151544	-0.09713958431254739	0.0050701953194110545	-0.013381229575404411	0.06082945072470655	-0.02203589673462176	0.04445180590075526	0.07589901099606237	0.0578295939096921	-0.019189653308192615	0.013646721517167858	0.03290330205696024	-0.000139865224825504
-0.016649833531038615	0.02777346654108045	-0.05281277977735966	-0.06530406297162374	-0.04385099804532111	0.04315607699505141	-0.0594704854760684	0.0092416933243449	-0.11358522198002174	-0.05695293035129349	-0.025068295000793342	0.04885394256898174	-0.02899053108345214	-0.002048812838955265	-0.08345906714243874	-0.014149140695399904	-0.004725637895945348	-0.05569032166778051	-0.025960314272552024	-0.07125748470240208	0.11984989958902606	0.06302791765694155	0.004732233065618353	-0.06384009525168051	-0.07692690027513471	0.07767366923774723	0.08710608345787844	0.034453457887141825	0.003689314378390693	0.014801951125485512	-0.04929797234125285	-0.03248424094215799	-0.13999861085367898	0.03511656175601556	0.0026938801906014123	0.024611704834767198	0.06493680879589847	-0.003791089581480672	-0.09072661641920207	-0.0075680722555937704	0.02200160229273651
-0.018780399361240468	0.030150132424712258	-0.01745306993602118	-0.0013087346169867353	-0.0031675865736453005	0.013506677700231954	-0.11081919871704296	0.060662366638581544	-0.056593014821278785	-0.05865024599592649	-0.05865122779646287	0.010100836628018986	-0.05397022508667033	-0.017091714909140108	-0.10942991112421903	-0.062793529814777	0.029571920187079152	-0.10943755214363973	-0.07907393235761591	-0.05398805846739932	0.13702062158900846	0.054634328043854846	0.03515830378490328	-0.03422452588192619	-0.027784617089829003	-0.011486614639750294	-0.0014839867431466758	0.06220446112230045	0.028475205258463414	-0.02343960045489977	-0.03941817262169299	-0.14427495935226917	-0.0058185264215958425	0.006156258743335231	0.05311623176680524	-0.04856872499356733	-0.03287768307320279	0.07182319917888115	-0.04715998986193304	0.00971483222116077	0.007386681319657392
-0.03038875039150196	0.030496214901345846	-0.03647102763101429	-0.004518381857954783	0.034391473095633805	0.04086999431297194	0.03366639194744934	0.07077958391267918	0.07247921704764866	-0.06272689309376556	-0.05012415177736448	-0.014688714581242227	-0.13403949860342265	0.016699066858273815	-0.13044832564942044	0.0254179573461118	-0.059084852317295405	-0.14024408172285063	0.033831670620511456	-0.030626559991117693	0.020430429597361938	0.07298659853224879	0.02610061270099207	-0.07074818274406927	-0.06411918894529084	-0.0798388964456647	-0.05009783386392142	-0.04851674462335973	-0.13484330339153833	-0.07076507194415345	0.015322623834362566	-0.11357918905562968	-0.0019472101509173789	0.03389822832727114	-0.049876630886338036	0.09902092276013806	-0.11831049109377739	0.00823111420796414	0.06863216037928782	0.03609942129019815	-0.008669127989776416
-0.032406931232550326	0.026512061042982375	-0.07691196754202712	-0.08552457279422192	0.016980085405235112	0.11588318595404984	0.09066442910241768	0.023999672617323758	-0.0004997815624931433	0.012324571378696489	-0.0738726294869897	-0.08740371050612053	-0.04630956690546312	-0.024255440706987874	-0.035471297783171304	0.02574271368833677	-0.06376644901889139	-0.1838903652448009	0.07928281349896268	-0.12029415957889067	-0.1167559785277222	-0.041121528932936	-0.05324834266456862	-0.06840352898780797	-0.02006865758005527	-0.06075338732348411	0.06337549709155779	0.09621731927526876	-0.051079539759653944	-0.11463166297840359	-0.045624095582300704	-0.1197538485926945	-0.04439003572789812	-0.0005753998725901571	-0.057795107614370206	-0.06848574618224039	-0.11217943320287185	-0.06011679240661428	-0.02546357354343097	0.02999051603629286	0.13537772470568032
-0.020764633621787442	0.05044603803209165	-0.03705500146876808	-0.0817957917396965	0.023630551957162856	0.06661552405830229	-0.284917495315042	-0.22326612773842497	0.027442748823823814	0.015691364392892433	-0.24924897378386576	-0.1324877757697717	-0.02792913099157409	0.0643785432593843	0.26169734735409056	-0.14377504691872955	0.10262788615900714	-0.02812321219160749	-0.03321517885838614	-0.1550925119604529	-0.12324426155781543	0.0886159290062747	-0.024692149550865156	-0.04724322101958553	-0.015668020198462904	0.013723281202877129	-0.15026286346197731	0.09679733669562526	-0.2351477592491192	-0.07112130533796115	0.0076753819762172965	-0.18641930845641905	-0.16634835861110087	-0.12544027279472691	-0.00019507660273306027	-0.15175680131450364	-0.0019313965723082912	-0.3776260799501075	0.0744503680823014	-0.16440812430387064	-0.037873029936708755
0.0013236166866151926	0.019688242606963655	-0.02004685156122881	0.0117698164994118	0.011977371152958811	-0.03029641433214378	-0.1607461656874639	-0.038877886278638994	-0.1240231692632104	0.005261924564071838	-0.11828502820719222	-0.10360164075054436	-0.10615160866007503	0.14536735646739976	-0.07206099773352566	-0.049609611680170924	0.04675318301842048	0.04321338228107266	-0.22912834979472596	0.11853021526004583	-0.047346681517125525	0.020533682591606456	0.009817192699794888	0.06588585841243871	-0.18547386659308393	-0.2114272457465038	-0.09529364275668464	0.1323313889570233	0.03901640819282037	0.12601133750909482	0.11161583471269747	-0.033961405628323074	0.0424809555706297	-0.0965701776535412	-0.22785545027646675	0.04364607827087323	-0.05059659418523084	0.221834900134403	-0.12476925249654992	0.058035217591332844	0.2216862069531666
0.016381911071273708	0.06187353798131409	-0.032098839147198736	0.06125034927278095	0.07243027967261134	-0.016911206662519825	0.019284464193360783	0.09692712856970358	0.04013455596905989	-0.054577306852733994	0.029397400435531268	-0.087135411641661	-0.07916609798077219	0.047467884837854454	-0.06992442688508414	-0.033650233624541094	-0.03176623141375787	-0.04215379330544082	-0.08112619065484156	0.0931587251944971	-0.04765245178900445	0.005420212373224299	-0.08426816686585509	0.09418030821978154	-0.10846988564570886	-0.1836171957857634	-0.08944257997717708	-0.03949220625372697	-0.12713327334536947	0.08795405332929915	0.03641727270948292	-0.006447644038272533	0.2007302554187182	-0.1990225592885042	-0.061713096574481055	-0.07498342159173838	0.1497193097769205	-0.042532826366161694	0.08330886396326541	0.06730904689519071	-0.052911767045418216
0.016104155956598212	0.07172895127244937	-0.06679264449872971	0.00866694622978805	0.017623834649695247	0.012600800099785862	0.06026083598089065	0.027595430754136948	0.06941677522031142	0.016551441378949223	0.01938200972839129	-0.0652569696728135	-0.14355384509912147	-0.09408740777753119	0.03262473451609135	-0.05867741154368743	-0.062023418372341724	-0.05490914347836847	-0.0710831600174851	0.10697807918769225	-0.007254126924530278	0.014944643080456118	-0.015104473317242385	0.018389082557417787	-0.0529095224448797	-0.1063325868875524	0.007409109947430839	-0.06110450622672192	-0.05695053996029965	0.05739139293843169	0.05908479750845147	-0.1824561747716656	0.02716724627424357	-0.08835460078945026	-0.1419254420418664	-0.06407737398628717	-0.019132388320076382	-0.006780099692418858	0.05529821276729724	0.041522945274329204	-0.025337158629771123
0.025401078472537236	0.08841407797787884	-0.13315957218403368	-0.0894172758608652	-0.02314873768303444	0.006125211833032811	0.06582356468079487	0.021648646525211167	0.0012483531485383383	0.04664120247446876	-0.03257095437204231	-0.010034388402661732	-0.09805897403514513	-0.1516902176214523	0.11464805752902804	0.0005451531488925984	-0.03764707062773031	-0.08666675625550353	-0.050852715724503526	0.14190400529582686	-0.07232274890954116	0.008404785871618123	0.0040993063104725926	0.07664975993148848	-0.03551330107770742	-0.01908794573878186	-0.013185554392098479	-0.04297131719266191	-0.039710271553536916	-0.07413974842267984	-0.002371753913356143	-0.10545345979039845	0.03192379367490008	0.04221177299039887	-0.0019565484481798377	-0.03656409060634696	0.01552144912205698	-0.02941747223283455	0.043479069275959424	0.045831696997405046	-0.018087253693502697
0.033481732310108384	0.08573878681317915	-0.15525186619348155	-0.1287420461204438	-0.06801273867698351	-0.027182086045530917	-0.03161210676738692	0.019409046516340667	-0.03473327946890778	-0.10270913154124112	0.037138410210895034	0.1018229362792231	-0.01704117520559342	-0.09582265536587395	0.0645731495932948	0.04723625177177112	-0.006074379726113472	-0.04608889728859463	-0.007662720558689587	0.1286587432172187	-0.06317386378320124	6.250812813859627e-05	-0.024076708570612285	0.0941106932460822	-0.06440102319177768	0.01321940820308333	-0.024880340764739897	-0.01564342812794049	-0.011328580108112121	-0.0842997227070552	-0.08848578784183792	-0.012152397971808369	-0.06362227878691809	0.051562771451729654	-0.08217391301622663	-0.08965094289130751	-0.0066028586500367714	0.08891540530286009	0.10331290020906135	0.017895579276242086	0.12110280970211376
0.042287628911303325	0.08323540537624305	-0.14717919068806207	-0.11782019409012519	-0.058876316902893536	-0.013594983060671046	0.00046025278296830117	-0.06416503127008559	0.08641318624820846	-0.11467390486111789	0.04876216774196581	0.06855635219358691	0.04308682414634582	-0.0804289788416416	-0.01810413332083956	-0.002812955640181788	0.0943192449629644	-0.037431709597000234	-0.015706131610549637	0.11137101039171285	0.0003623838364487774	-0.003257247249432272	-0.019863109096941133	0.053428065896029275	-0.003587527124271281	0.03773458001497326	-0.03896340125888355	-0.07223015241402217	0.069046039824184	-5.4062852658381955e-06	-0.049743860534654405	-0.11379321928189813	-0.03092932524961626	0.06193903426936556	-0.05378881055735746	0.0993909123340475	0.006962868110385275	0.020739701320937536	0.08727916492129281	0.04547557133318632	0.0539912096748356
0.05361503808575935	0.061680181028379064	-0.13777042954775168	-0.07980454525959359	-0.05579126814157644	-0.006158940209786502	-0.003782762041120835	-0.1421006343594662	-0.010659158469103314	-0.007866205191088023	-0.02334919376191226	0.05007609558390138	0.1283918367091496	-0.061577715073379925	-0.033556903539273424	0.00961060185557294	0.05119067810779153	-0.0578443764928901	0.037880347222963046	0.13296727721454274	-0.028101790456415535	-0.035224483442536286	0.03188714328466313	0.002838162144514947	-0.016101197520700113	0.06832651406466325	-0.01642695590494396	0.007742939820371159	0.0604981137635693	0.06980928965633884	-0.05142911567483034	-0.0799106033255559	0.10669052354120653	0.007690583669490438	0.05721472438626807	-0.035826374650386454	-0.07872811543859769	0.03424525666205047	0.10716133976460973	-0.033053187539121995	-0.05058136345711214
0.059736184724957196	0.02916615252855305	-0.09716143388254767	-0.027658633346710725	-0.05755300112600191	-0.010282798955209865	-0.053451127716724056	-0.049843109497082275	-0.06913018078165051	-0.11735895786473849	0.017850396149993206	0.06273337087806188	0.2061384416004083	0.0007344964455142941	-0.01286667026505445	0.008129557123112042	-0.006058937104280268	-0.09352514766349408	0.047562628713445444	0.013709863367431309	-0.06036487805413958	-0.15038450315520963	-0.0508367229461264	0.042911303281281864	-0.06835167492140756	-0.01796215448576275	0.06471621325643148	-0.01634395125645155	-0.011470324373707534	0.06867539084855595	-0.035575031904948186	-0.06559972011282501	-0.04426920001934443	0.07208489071034253	-0.03843710443678353	-0.12163776822225454	-0.11107558278740416	-0.03281590659606751	0.05020900100714775	-0.002892228097356387	0.012252734457479611
0.06204522906368389	-0.02903473667787532	-0.043767524041678545	0.024519433420037356	-0.04951139249039421	0.042406560507264185	-0.03258077419420538	-0.06393365189281776	0.07395241623866779	-0.11985588670253175	0.015451638014787194	0.016526199904324506	0.1731079075791417	-0.0037099216540021113	-0.04093528710420332	-0.06865412696703921	0.07407985073702708	0.016291610744077124	-0.018091509382534884	-0.01899950267927321	0.02898233984776972	-0.12935093400812367	-0.02664006927851975	-0.06291450824707787	0.004865568445365137	-0.11647256598071304	-0.00033460221038594806	-0.06898246992007748	-0.03966006571739386	0.0713401651486242	-0.04035773372380891	-0.09785385020265482	0.031472586882339594	0.1253140660982163	0.0647019691541883	0.003554786770916446	-0.047877059213993385	-0.004472234417572732	0.0015962540202700262	0.08747699551574717	0.049937388468066626
0.05770012114962904	-0.07443098992246212	-0.0005396471252603682	0.0599193055720542	-0.0717779481156557	0.07181066846057634	-0.018853817824003895	-0.08779698494402355	-0.06530533180575651	0.0029381470527033724	-0.005699733801157915	-0.0015720969658263768	0.14745238904022956	-0.042491608048299406	-0.02477077854771017	-0.03094679644362367	0.05817336580815956	0.026814522734435145	-0.02400065313648327	-0.0015247149282658096	-0.00997795982392162	-0.12971218308473956	0.002065020526064252	-0.058812493470443365	-0.023094983540371913	-0.12543740964045785	-0.02335331675045209	-0.09029605649873906	-0.10797324914421143	0.016596010816227524	0.015342323094936744	0.02791836729614345	0.08569593231862235	0.09025371832388629	0.14196300344313395	-0.03797574842090527	-0.10291194261526693	0.022128093275275998	0.0626938990809282	0.09037687442048895	0.05035917602593198
0.05493919743776406	-0.08451750758472094	0.0027161992691605926	0.10144660949562184	-0.052781616624466815	0.03310959156340028	-0.05527860050179748	0.050986010395121496	-0.020492230782842666	-0.11367227964902879	0.025386005865949614	0.022575006376956433	0.09790076573555628	-0.019454806008274882	-0.010621804909626968	-0.04611033586789717	0.07757918639657775	0.029290651820755395	-0.051757685691937776	-0.010642243374461987	0.000909039025958948	-0.12497574661464939	-0.026597276034780876	0.018322522514507937	0.014683698156569802	-0.1892951203214337	0.02707735947862243	-0.06739940491355567	-0.04773290492796753	-0.021684826228602884	0.01590042341674148	0.06826406112051235	0.019274815175482945	0.10720561715835215	0.043388435714310544	-0.08880533813138337	-0.05138008998172421	-0.029151393178950616	0.04289773106819831	-0.0691372551091643	0.09439377561445972
0.052290348921654704	-0.0915018899371676	0.0042097090280926305	0.10555885669615794	-0.018891271473966978	0.08252496590761646	0.008904391869974647	-0.03942501432856226	0.057760207513519145	-0.033676901998999795	-0.030856601997368907	-0.018424698374909315	-0.019733221234323486	-0.01619865887416876	-0.015444967725877405	-0.02278644241272007	0.15389848262774447	0.11295482325948528	-0.02310324643585647	0.08952082860630206	-0.020097594864304	-0.09924893215225736	-0.05785843718851303	-0.16009270023600777	-0.016875313025129013	-0.2497467504502918	0.030083291207529485	-0.1071975232577387	0.01905240819738423	-0.02761684788191214	-0.14918111798853972	0.017833444011150106	0.044239363413784066	0.016608934522324002	0.03361590472666169	0.07988750026398303	-0.08921898034436535	-0.10345095844697604	-0.008868406308800675	0.007497019149625034	0.16466993789319467
0.05658210298088399	-0.07721294557009706	0.0010308185118174037	0.10926471886382279	-0.028455635617945202	0.08677023973906124	0.01757854249287132	0.007226888288857412	-0.05812974684111485	0.07454616958578783	-0.09095028564322381	-0.02265213184008013	0.01778433849475618	-0.07903969634513079	0.03131650620732275	0.006423776586072211	0.09900943121079901	0.06327806650804782	-0.06018037832043138	0.04895695251015524	-0.026276549250073875	-0.04607565060626294	0.027523429915884346	0.024352429250452147	-0.06792094578088147	-0.10295442478192733	0.03965783656280026	-0.10043323938098865	0.024148531153732073	-0.03826859879800921	0.012219314468073068	0.014362678898215273	0.08148322687535409	0.017513464050627398	0.10112997818098467	0.07326939658847093	-0.08185523476869459	-0.051099157360007814	0.04750376349403104	-0.017301303608699165	0.012300825706274207
0.05187953736287746	-0.07536501028743553	-0.021693308935873883	0.08800027678805651	-0.010254210634116814	0.04530332685205802	-0.04230166338104101	0.10365438432444257	-0.05232763058586505	-0.00913157914072319	-0.1158513326499933	0.06494282865313708	-0.037352345728499575	-0.04308940184647935	0.04044591888317381	0.05327231983838785	0.0255569650516358	0.07966315043733743	-0.031211702667031695	0.017671533072175387	-0.01135670312187013	0.055046224690532525	-0.03713107071144072	0.07772105181372024	-0.0009550044262704033	-0.09398367037692779	0.06408175455183975	-0.08665438097121478	0.06909248108682924	-0.015983213128486877	-0.07297881595613095	-0.012019590428620483	0.04056411883915925	0.05596026843673428	-0.0356699806570764	-0.06105503990597539	0.06648151052240044	-0.019046380881721437	0.008102378295963688	-0.15935630130011408	0.04192470625486627
0.05619460244898653	-0.05931541983522445	-0.04360034241114215	0.06259311795707496	0.010707908952495411	0.064914536689161	-0.01840740277516443	0.06315661541041007	0.07982173342787349	-0.07586583455825115	-0.09893992521064078	0.06872392974110805	-0.08670126756126989	-0.005199148995056457	0.04493021374322806	0.06087929483939328	0.054788729683608116	0.11645170325691011	-0.027987569560961885	-0.0366201316388188	-0.026025838024910104	0.08581514232725884	-0.06703819260327336	0.03394653865534856	-0.004312211666293757	-0.03686803372709696	-0.07436173233934379	-0.0695508570503148	0.054243499294522435	-0.07554314097735565	-0.0072829755001781816	-0.018926385718063113	0.07925922861702614	0.040713192378305924	-0.010692566653074456	0.07025897097912837	-0.07784959018768121	0.004833783357455837	-0.005983415840522719	-0.02039463419378761	-0.01310422675290443
0.0505465679899649	-0.05115160176835809	-0.04481137891862475	0.012311391612767788	0.019095797663618554	0.10937798448324705	0.05105127947369458	0.026535097271156063	0.05453568149468833	0.05530710968346213	-0.15721595074469047	0.01596583385607154	0.023904364012380087	-0.04311463493792341	-0.04601651672443618	0.08134598916343687	0.04651609264480482	0.08007942260753681	0.0083724719228264	-0.025821212768180182	-0.045107209922188245	-0.016537610530954757	-0.026332261805253693	0.07558125469353633	-0.0011293868891921362	-0.07438723148744834	0.04697848242713978	0.08118256203222106	0.17145077942656917	-0.09743801740661888	-0.13448728412824731	-0.01686324001589249	-0.0036014699860002983	-0.055683442437193725	-0.11644472353262884	-0.009917922610628193	0.0836555739353161	-0.06425900369023414	-0.010721884591103042	-0.16940584591172805	-0.0006169065965489669
0.062075445322536386	-0.06085876749715986	-0.022530191859282164	0.02535702477226765	-0.022716043608817887	0.09506562364729962	-0.033495300558009124	0.023806826752224838	-0.0868611965469041	0.043205585994756615	-0.10147189467872307	0.04706465896031388	0.04738014782499786	-0.056122027466254915	0.0047115533109035775	0.021644963917176473	0.006218335501333055	0.13682479867174316	-0.04842820285607572	-0.05057360667038144	-0.020185082973724833	0.057869738539355786	0.03509263799470164	0.1427800880341714	-0.06076281481133735	0.011703872024259307	-0.029046945932485666	-0.042916297829941004	-0.0648268370262174	-0.054974714982361846	0.016381351457404773	0.02150319987867917	-0.023557628321494495	-0.06426167687298501	-0.10272071428895548	0.06820628049508129	0.01756534059165888	0.05497267044525578	0.05909638672326113	-0.06231131398002933	-0.05089484720515209
0.05667722290576531	-0.06812864920725269	-0.022552196712330896	0.047811913906625286	-0.020889449829064485	0.07951324817526154	-0.060722305862950264	0.08098266805390993	-0.0029975090733699752	-0.10133814279777659	-0.027925729540473985	0.07206553328331677	0.00905961236726225	-0.016998325732677608	0.015280852347732946	-0.031021609432573025	0.05858897452911633	0.11930756973951553	-0.008757359756868914	-0.07192377733065203	0.027340727893095548	0.07505910189523514	-0.03689773387067681	0.1217595903235559	0.03522834413694899	0.009069786505823395	-0.02061003299455156	0.026692263349698174	0.009430898806926824	-0.05950002166116045	-0.029774765923640353	-0.021713192773932986	0.11850797219117895	-0.08522023734856624	-0.045753500401326724	-0.06008077185190372	0.02029698456152607	0.08164331445208804	-0.027798878151528237	-0.04386221582973441	-0.004541050502227743
0.05984582667821964	-0.06305943494908418	-0.03462822110364742	0.03064252317695311	-0.010941315358831643	0.09772209527806403	0.015159940668316439	-0.0817740827630037	0.06983277277252663	-0.018774984599122628	-0.0754551289675396	0.051890020966966405	-0.018098115928877487	0.03770764352363424	0.03116225166576153	0.05552792457110389	0.0281069763989004	0.05498692849762254	0.11153680844018127	-0.005965418661648053	-0.021447495351948898	0.1194608049168528	0.025908120851057547	-0.0021050863681617033	0.06010930590386768	-0.0007363045683681999	0.03696845320516653	-0.06884259820217778	0.04140602643954932	0.05296355460669922	-0.009714022662015792	0.03027897330285679	-0.027299806236435013	-0.08189772755022122	-0.025564491628255887	-0.053464498634286484	-0.026426623072475928	-0.022315792576909424	0.0348954437933032	-0.0389872054266136	-0.017945905646000092
0.06348290848928395	-0.0526191441748923	-0.02416375154154696	0.057358499567371275	-0.026560023365772827	0.06892519516510061	0.020169500844356793	-0.0643402375280992	-0.07825347694118247	0.0031199753841292784	-0.044536210139592684	0.015076955386566499	0.07336356367525874	0.057591438470800296	-0.02023164881993145	0.04148456329657031	0.002229185456140149	0.015415414192201743	0.07510144614940426	0.03324046669992679	-0.08223862997796685	-0.015339271687212955	0.053982074090523524	0.020640399115981596	-0.00740371653953616	0.0574333601111619	-0.04528438994658939	0.1366649185080378	0.045829606518932184	0.1100304809098277	0.03386689798359492	-0.008004710056410878	0.06665184159865657	-0.05951326443350339	0.06708819723253051	0.07727725932991442	-0.02726706334685683	0.022113029592315904	0.01626743244302265	0.037083809297593674	-0.07241893345299268
0.05877855210790939	-0.06984044759273361	-0.005949291576217797	0.10579639953723938	-0.023988689693451273	0.05125831495116082	0.0087525773277442	0.07616936199680768	-0.07262265172248908	-0.08994106167567169	0.003995177167246422	0.04153357066457468	0.02941874454619632	0.05681135169344551	-0.010763060663852875	0.04000869121280599	-0.010210215039649395	0.017802606317306884	0.06323417917563541	0.0025087081904997775	-0.07206299230846111	-0.04758763837092151	-0.06422156101841545	0.009965550089309848	0.007144726706381832	0.07412591992401574	0.014789635525472845	0.15742902088619332	-0.07033162317375141	0.12336688410708846	-0.07633021303293418	-0.08429094449172578	-0.04026708839607211	-0.038826133292743426	-0.042982715732230295	-0.04693348398336656	-0.04286459146205903	-0.022914040650192542	0.070328143004019	-0.07043900690672189	-0.056177609916407995
0.06003767435804983	-0.05822926941705977	-0.015054161423575237	0.0950165994469394	-0.02904816964244268	0.06417212244488571	0.06138086353857538	0.028723087304391756	0.05898445652006143	-0.08425128735024415	0.03546672737695205	-0.009606291092028223	-0.023063467429072868	-0.004280201774845442	-0.019040724720382395	-0.06339881592791445	0.04645531242954615	0.08644923436585582	-0.03225416469343138	0.00741470248676727	-0.02189678345622889	-0.016440686621419193	-0.08932158794696726	-0.045868673745621515	0.06346299766260113	0.05643197547927322	-0.026614293227302816	0.15571757399794603	-0.052956716921702646	0.11551711605978474	0.007595035368851786	-0.06265641595051846	-0.055853900934462	-0.01564552006741908	0.004658703836244886	0.10151270198238685	0.048768317553784246	-0.05262458742824763	-0.0040687257777524966	-0.012594116149804286	-0.0794922617232182
0.060774244559326736	-0.0698476435628746	-0.010841003759238887	0.0871669232706523	-0.06015704417816351	0.0794284386922895	0.047084270514695714	-0.03844552348383447	-0.055179680501903694	0.011754404243963812	0.029357380384853873	-0.004460410292517671	-0.029076621555442446	-0.0632078464812646	-0.0018282140160692595	-0.05694736993340062	0.0607672359597494	0.05179829881834794	-0.02680779608363014	0.05766632289837378	-0.035808027682116716	0.046990365277236774	-0.04558695663200181	-0.014706008919603455	-0.04070850477945181	0.08879259465173638	-0.0999469563247518	0.05390560809721076	-0.08873623507402688	0.02732980525539404	0.025681350828368983	0.05005489911809192	-0.002145952385287645	-0.04592608775867001	0.09680997288266384	0.03129770403276942	0.0075190592874734155	-0.009854082899776791	-0.020157763287251114	-0.002145798725351925	-0.0792939504337803
0.0594126781574223	-0.08411985301042668	0.0008087956950940716	0.110749078170454	-0.053325949343516164	0.049572907337082875	-0.005925849462781114	0.054946884813852126	-0.0770701514837333	-0.08274656569046221	0.05752517821819042	0.07176388273311639	-0.017833877876521024	-0.016580731927631917	-0.02805332290198804	-0.02008654086227967	0.0083235295515949	0.016106175980570018	0.021085362864741643	0.07058844676924177	-0.04355589421268874	0.06502680974761076	-0.012290271151099225	0.059996590350006346	-0.04284194525957916	0.011961595949290738	-0.07298447247998527	-0.034545003905505446	0.049396653325550384	0.0524236872044996	-0.0776884324919983	0.005335977228515185	-0.05061167339447918	0.025281951048685924	-0.07272133447574744	-0.10434062208789398	0.038085257202703476	-0.07854014077974028	-0.10366919956251525	-0.06708260207591901	0.007353965625017941
0.0657948678112998	-0.06733346104871393	-0.0060963330111074784	0.12551622366274412	-0.03218119120152483	0.022592623130349977	-0.02753338081380333	0.0229504180049061	0.07645687594910595	-0.08760689183905776	0.033183417816828736	0.06831281694769782	-0.05054572525793791	-0.013025565304214675	0.03299884129849003	-0.05168089589154	0.0392322610352527	0.02910711598318418	0.018361370666658567	0.04847787747546271	-0.009218445158720397	0.11011082772339079	-0.0033776736767176796	-0.030797048869239035	-0.05384366217879472	0.06533807467052195	-0.11240061077589597	-0.05964694636825042	0.011242373031868069	0.01302925711810303	-0.0033948816858487864	-0.030858457053894714	0.09379254901099399	0.02702358140092901	0.0199783636413386	0.0020991971593873546	0.020034904224831708	-0.057561552814337745	-0.02237934538763833	0.04581512723220999	-0.01028070924418745
0.06566506102286698	-0.05268546712558969	-0.037375235884218	0.0752644883541395	-0.007892859422393912	0.04274528098494368	0.03800064849018104	0.018507617245475446	0.11416381506572502	0.006397632130033879	-0.07690408041470012	0.042044669567598385	-0.049751836656727694	-0.049373735018228164	0.03853020344835341	-0.004552599893907629	0.05958359000326411	0.034876635616355525	0.024465401904957433	0.10341701393192858	0.002576077462218787	0.12761090288931048	-0.027778227686002063	-0.06496066901196271	-0.047995079901701626	0.11020364138022648	0.017001027870787288	-0.050156944609079865	0.0619230593331652	0.14764866723676948	-0.012263401857295401	0.0282329117430254	-0.05685990879604564	0.05239458714267005	-0.098472589760626	-0.018773267363699317	-0.05594864591300963	0.0004496297290611691	0.03829032758223706	-0.02695190234669196	-0.053964688407729916
0.05695613021793064	-0.04033241022109794	-0.07737709799723676	0.01909399917822516	-0.016154928647274292	0.05925264398345233	0.054388348700950245	-0.016519135595020877	0.03721082021314319	0.05602320327641889	-0.11436295122110719	0.06039206823856376	-0.013222041390972203	-0.05208445504217728	0.022833309551040883	0.05450210263780424	0.02147637866073401	-0.018083485276230146	0.06801163472589299	0.10917383408227688	-0.07572371168407545	0.105292797507852	-0.008407175716364804	-0.003157449715275887	-0.02849553382288792	0.11034321998947513	-0.016883821693832297	0.020130769947561376	0.058810225968731034	0.05538177309743558	-0.00478800500031378	0.05120632832946579	0.02368741674973171	0.03825832255107582	-0.02575639142590534	-0.032963192416533206	-0.03975091418079389	0.03021196693365212	0.0033800001540717287	-0.11625189731951467	0.04208760462441471
0.059845304363114256	-0.039108375111427125	-0.08522930360386306	0.014702523803373698	-0.019551126194318254	0.043780088814020915	0.0037938308255492984	-0.03759470489830123	-0.03034940913685641	0.0662197078633913	-0.12137715995328613	0.07788894308855226	0.06566342594531209	0.01991519175660562	-0.025594004042041842	0.04058263661877688	0.010964838798166074	-0.02363994838391011	0.11490942225355405	0.09338590539597516	-0.14854450071016492	0.05796526769595026	0.0837303516207486	-0.007005728101488057	-0.034479057470741314	0.09689170661821611	-0.047386366629510915	0.04565323065014492	0.09853317439352233	0.0528191136064873	0.02895614366591026	0.009832586216909973	0.0808254225942634	-0.017239056187087765	0.016002629224977267	0.028772933419063434	0.01906112303130872	0.0013877094809743567	-0.02002232414224381	-0.03076920266066397	0.03230970440922838
0.05935889659321317	-0.041199862822741386	-0.05295698297294475	0.06387815577393086	-0.02951874760674955	0.04965594923594809	0.006758201170461438	0.03679830197948626	-0.1162803634221233	0.027206442798956124	-0.038043969815915936	0.03870694213049774	0.02580625261543588	0.028908091124227552	-0.027968204945063434	-0.008365492239172614	-0.023713849393199996	0.026033159132840735	0.06599692427253392	0.020807158819275466	-0.052623102876467875	0.0024106152955651883	0.10318075989064798	0.006787901936510847	-0.040014897660151275	0.09139573436799335	-0.02692322936001289	0.02868598255559155	0.004916434490086732	0.12167388137070975	0.004557435471389402	-0.021400134335753416	-0.010168344255698977	-0.016648474213083034	-0.012165219849134174	0.06260050673552345	0.010791895742061818	0.04994341105618649	0.06455798150136582	-0.009311842047776415	-0.050656714981317894
0.05352325049157526	-0.02499867664206702	-0.06832952180907252	0.05737295078637966	-0.032654753367127504	0.027092068326698526	-0.012236063214416146	0.1084859115064041	-0.06126303413373507	-0.08848304651300849	0.05065006772456634	0.004773918735986265	-0.08003624986793514	0.002061983552519059	0.06406194286627405	-0.10566651147400401	-0.01491764942193856	0.04239856188026511	0.00845275481483303	-0.06586475686486515	0.03208939177097524	0.031164142373939406	0.031184030316980568	0.02187233763368803	0.13061768365352164	0.025429621539894573	-0.0036766926199563853	0.04129716304516157	-0.0018666619700006756	0.025774881279212892	0.0593766093586893	0.04578284940524601	-0.024206376485860458	-0.0005334577644821661	0.03253959982304953	-0.05460401531260316	0.10518889788719535	0.10698291137344182	0.07958007447459504	-0.13246345897180606	-0.05258525697746887
0.04173467425718554	-0.033054100605028086	-0.10019824084552378	-0.007843040269974054	-0.01597604460129123	0.09212783318029598	0.04832163445547044	0.0015556146200733055	0.07495932456963432	-0.09158935568971478	0.02802374891866506	0.032877708168906374	-0.12753100040944582	0.053998219440911925	0.028893383175729044	-0.02591686034762129	-0.04103848470950136	0.001658585426685906	0.12534843213842906	-0.04349774888496888	-0.004617274411426993	0.08722204774663245	0.023183443441595713	-0.0005275697884254762	0.07260986513407236	0.024494231666023276	-0.07884604695031809	-0.05467804930773101	-0.007898061265551995	0.039801595559192895	0.03931520191728893	0.03508153894337919	-0.06937962873431806	0.03318906096098712	-0.0736434379476221	0.024940140296015302	-0.024532168861939006	0.08560651142680605	0.052059612599438324	0.02690802232574354	-0.11576957452558675
0.039833686931467785	-0.029080288557169213	-0.10583826455038478	-0.006660592965284122	-0.03709378578933835	0.10161228292714262	0.05653946708787839	-0.06743058019992426	-0.060332657495220945	-0.005110904637389883	0.021000028668867958	0.008002975276589514	-0.03256801993747447	0.047250031604954786	-0.06665520416011858	-0.05202790491255222	-0.01611234424331989	-0.005266501044452797	0.10446692089942236	-0.04357366503847679	-0.0570115983839273	-0.04595213888002211	0.0722704782720039	-0.01954999027852112	0.10081464846441117	-0.019591289354723387	-0.11963694941112449	0.08261178699992912	0.13184573763925805	-0.03463259589711056	0.008802896121938008	0.006004155506557883	0.007741711068650554	-0.05453384668554978	0.07851916567188869	0.01179281625969461	0.03774240575404612	0.09859578203811041	0.020670750747253084	-0.05551293077232721	-0.0637122796453804
0.05019530837176285	-0.028592407741148265	-0.06752008582401013	0.042772300452732476	-0.0402658803620143	0.06467955513201087	-0.014414478246869008	-0.006036932410656851	-0.1369340416283444	0.00386074542360769	0.009733410871133429	-0.01428987787355788	-0.0026750821431865807	0.009904558239386897	0.01752339436672875	-0.08988550631871735	-0.043050292199580044	0.011619267182193447	0.049283477636417966	-0.0904992714168564	-0.015795234747425543	-0.06425224185258845	0.10684852804063907	-0.017921722124812273	0.012716617185703414	-0.02760296401846688	-0.02487369312475068	-0.054971383148964166	-0.010049415285124038	0.07797091164918257	0.09502320907407155	0.0016677209896698323	-0.07316458418310723	-0.0525440645562945	0.05194453355177475	0.10931085581978595	-0.01704035362864181	0.0650916669839624	0.12209631171576238	-0.02170708366592422	-0.08366250761972184
0.03890246285684975	-0.020412518911465043	-0.0438785742323577	0.04909574489346197	0.0036995589750140816	0.020904583918506893	-0.04553020972367539	0.0875739193308706	-0.10136251789174662	-0.04243929071724061	-0.037730344271120236	-0.025055992571554112	-0.03337143540429764	0.061159102171676444	-0.017795488638233863	-0.06344202665571809	-0.09989322402901005	-0.045464457942841104	0.07618630978261745	-0.05564628128229365	-0.012080732306725676	-0.06778036284088758	0.06020057577206757	-0.044482423787654476	0.13437185223014864	-0.06855672801807748	0.020820494921251643	-0.015470834775255342	0.029524028200398546	0.10107471029890334	-0.021030112332797883	-0.07948996701781438	-0.028999423160469266	-0.04379961150287426	0.031044702790391066	0.030359433138621772	-0.0480475973021243	0.023486132217816758	0.044509589262702126	-0.07020175724294757	-0.049914614691431484
0.03431082507757357	-0.01022212455240211	-0.06698614532705724	0.04938638519045726	0.03087771320856772	0.020471270208165623	-0.02293525055471102	0.14287398628287692	0.04714181473661417	-0.026635085383224823	-0.08180565101697612	-0.02422709513878174	-0.06299050013059898	0.0009080930083821075	-0.06377193276787825	-0.13583836493841744	-0.08984390307461976	-0.04848649010039205	-0.0017310676951431542	-0.03706189022299481	-0.004586260500805373	-0.041782167383770136	0.07519317894737368	0.020399313925036466	0.11034175876134796	8.533480726632091e-05	-0.010396593788655904	-0.0029635157804142514	0.00997233510517121	0.023384298463021473	0.07445428763815257	-0.06756281986310325	0.012562566459939072	0.002596023027945371	0.11788922665689139	0.05331651912185618	0.11115997971351316	0.017813436189999258	0.0631062501552655	-0.08293081779477758	-0.11178738937330668
0.03337757222609507	-0.02907271069776543	-0.08007240618214727	0.009708422600530347	-0.011313853353665393	0.07354994689269471	0.01016740262284006	0.03624901559880801	0.051811559701732686	0.03628718657835029	-0.07493547091408727	-0.04851406271852532	-0.11537576794707302	-0.06998401204616321	-0.03534089606237111	-0.14175016678709026	0.009326667256828429	-0.031228283777642987	0.0014093372784728967	0.03393701655548577	-0.016084518538499792	0.017083143222207105	0.011101546440927612	-0.03375853601649288	0.07733771347330036	-0.019010270969841904	-0.046279734933397806	-0.04982477412902303	0.0066606771582361675	-0.06842510887298985	-0.022681230800688547	0.056973783958244546	-0.06916413561180129	-0.00762597863968718	0.029703318059784725	-0.021851849780728603	0.06354455838980387	0.1149485663907035	0.014127562266990676	0.03909681150703866	-0.05762588264056172
0.023640219364631062	-0.009947272070292848	-0.02369229760899215	-0.034957851138298336	-0.009045736506598456	0.05654649775204224	-0.09305265568107472	-0.14445778824123454	-0.02050942831281777	-0.023087425240145672	-0.12199727103370556	0.0007924437992803098	-0.06832902997148345	0.016897169487989548	0.11085293918297198	-0.0045452478278944775	0.028903954018713762	-0.2793496111725216	0.07579742941878896	-0.07632552208018134	-0.13118252764655214	0.051067519930183075	-0.09457182056206836	0.03886280117605398	-0.013577048051195875	-0.053155545481203034	-0.05944541852661127	-0.10903857337537969	0.0781138167340746	-0.007966816311031473	0.05019883490602977	0.180703050507794	-0.1027950596022659	-0.11009961901043329	0.07208728328210802	-0.12083997212809966	0.042698746088976516	0.13859126244792935	-0.1826520996569723	0.1023154367229459	0.048543352730891234
0.029958474729822417	0.10522393023579549	0.020358994658404392	0.07028530348240035	0.08827253079323304	-0.07752537290059672	-0.03965361169502313	-0.08050249114817153	-0.09118182184842444	0.10626370428726001	0.007516966577251483	-0.1166649553444232	-0.00932699966813827	0.011677534014107666	-0.08261746171097296	-0.06460129853096885	0.013633219838560647	-0.02146981790297691	-0.1898731376535571	0.034335281278257024	-0.13828422232373364	0.013342452910074694	0.07883149485236818	0.028447313036044863	0.0068003097340250075	-0.021615217082323453	-0.15213633741866817	0.022140145989888782	0.2705842687562018	-0.16033923685956813	0.0029935895203926505	-0.13318311309874756	0.03165749073788725	-0.12446711334396104	-0.08448762498701873	0.1125620551450697	-0.11808764680336634	-0.028180557276368146	0.06231470901638261	-0.02894541028756211	-0.016914592687493936
0.04181605543448974	0.06511635761561423	0.012860623968296778	0.06759711297310739	0.05053363491576607	-0.03910181749746875	-0.006926630150714332	0.11326239460689883	-0.0633295431204608	0.009815397415306253	-0.026320906967335838	-0.07637337818808664	0.002126487376489445	-0.027555443944632187	-0.015108635264089952	-0.0322345768678816	-0.1336371505257087	-0.1138569564656794	-0.10559097016132772	0.04194242823613772	-0.015075197777995826	-0.07888698987452766	-0.07648537382948116	0.1351684925657258	0.05779132972735939	-0.019429670751601465	0.055016942429738785	-0.06882992832454334	0.0016040202560065053	0.08148174968187251	0.04658883982540245	-0.05991469968764431	-0.06596379757333079	0.04446567886635318	0.06561816816685243	-0.10785301077405475	0.038581132091845875	-0.02563590716287955	0.001744314966351232	-0.018253665742317803	-0.0896072634723496
0.03830741843221138	0.048773037372623396	-0.021004343956118433	0.01495675293804778	0.0002991629411966772	-0.03336509087184187	0.03673650507188517	0.04115627398205461	0.10623861849166594	-0.02901388519067027	0.017580832649914342	-0.054416761528035165	-0.10149869809653826	-0.07866374825068682	-0.013529505266886305	-0.0734968572800756	-0.03448266139673607	-0.08317485412847787	-0.037826427552959535	0.08133708054844158	-0.02258956735074283	-0.030803540920925982	-0.04728679741873454	-0.0137370034492348	0.0458525639992223	-0.041109353484520855	-0.00019291011560355897	0.0027358534165483703	-0.03337399130403214	-0.00047053115947589055	0.07713404083861047	-0.0463489349092044	-0.055357424575130265	-0.03798884432961305	-0.03910350549100766	-0.012034264499237349	-0.0021194083823603375	0.07510829751345663	-0.015924617075568415	0.13594491022705116	-0.08566659813464306
0.0442509424407808	0.05133606195202726	-0.03230928427298281	-0.010365437320001742	-0.045170748304891185	-0.040563822994902625	0.04956162505923545	-0.07312687469070552	-0.018780689160891633	0.0334171006028955	0.06558770614447448	-0.03345173375728338	-0.050011161552222475	-0.10784590046101523	0.02682409889377021	-0.02099593853421177	-0.0004966292555563437	-0.10023251770304115	-0.007052373023745257	0.1356979870979292	-0.026327090410619303	-0.03024779076649603	-0.016553021675756886	-0.020933059688621573	-0.0071470344131982985	-0.01800800238559866	-0.016631686250107785	0.037483777745803304	0.005990458222337101	-0.08983959443424966	0.057483530329252595	-0.021358170835084074	0.03574248827999541	-0.1271805893102849	0.017091314210164736	-0.013684572888240064	-0.004627221777350669	0.058282983374258614	-0.047983209017057396	0.06219500664755314	-0.06495242035656354
0.045439196127467725	0.056861794013103054	-0.018064745945596032	-0.004116401729790681	-0.03840000076836637	-0.05910270983363712	-0.03649991744775324	-0.002911884850867837	-0.05327844943136449	0.020824632101242073	0.002414035289453355	0.019044992526186966	0.030474481783239284	-0.0990466546663326	0.08480793068054607	0.024007435224915007	-0.007499781081119964	-0.1267918500673543	-0.029424177723277854	0.0882648235814305	0.06053708500644106	-0.01997838508821098	-0.04407098816202096	0.03623850839817043	0.01541287329279507	-0.03485575993656345	0.07930256116643643	-0.007556539948066427	0.06445787882847298	0.02910642859509726	-0.0007624216600126896	-0.1255933182177354	-0.061885519087562624	-0.0636318942158949	-0.02497607458529068	0.04696481916253766	0.07330737557999426	-0.022504560775514507	-0.07619561648501566	0.03345470523231896	-0.07187486998282733
0.045401380275346015	0.05668592198434476	-0.04149108641881336	-0.0442423948782998	-0.01599622789209679	-0.06829733482056266	-0.03469205586919158	0.0653121216199828	0.06603705564615438	-0.05345236315704758	-0.02850670182537378	0.07447382296201636	0.044522456262423564	-0.03676165064155549	0.04941096833032481	0.06822199772310468	-0.021532279203516733	-0.07669912023026723	0.02559938570998157	0.08661379110838971	0.004948127950418251	-0.05401646329032325	0.010129819024365296	0.028425704372893264	-0.036417200291706336	-0.03350359506885795	0.051934854664678294	0.046114700653080945	-0.058952467022013455	-0.07193762157609626	0.08188915891008133	-0.04162894209175179	0.049413570291390804	-0.07378033024477616	0.012875633011973767	0.007611318156185067	-0.008913694979588212	0.09579493544131709	0.020137605310452188	0.04177848660219327	-0.07723662454376634
0.04728245758081731	0.049168022252930724	-0.05952428902062296	-0.0777621162224338	-0.03288946063110324	-0.01487507512373882	0.04580392904231057	-0.07378144443786552	0.08287721953285908	-0.011242523673227834	0.028068975172336533	-0.0032666650804838195	0.05971018121632644	0.003971673398797995	-0.020493569371339927	0.01278770450492345	0.01679079018402082	-0.06273553019681463	0.03987976258624929	0.06201722877015846	-0.00651930687470903	-0.07094632657397043	0.017055570857789203	-0.06110921066236635	0.058778480650855114	-0.09000435984767598	0.06232628402629202	0.08900697417391798	0.07730346858419777	0.0032518026101358566	0.030637972751760837	0.019668055643175683	-0.07923756196744536	0.009091238951170987	-0.04722113667549191	-0.07504335224551723	0.0902032750695545	0.07244857744725988	0.00035862468172636816	0.040656227963767846	-0.11551391961007264
0.05329955431526044	0.02180284267636346	-0.003818115266848488	-0.015025422949793126	-0.05727850823292744	-0.028770876296646347	-0.03340787937783867	-0.13376843841779737	-0.06576543278689613	-0.0007019360545319342	0.037993108508010486	0.023082044956120616	0.13615086337277912	0.06751587484092375	-0.033912912709468584	0.022577045165684602	0.004724686730791208	-0.10286466092564299	0.022513350594101023	0.06404963869947604	-0.010569487278551804	-0.040468536802026875	0.08897195455883425	-0.0008634314704469188	-0.06304789273833547	-0.05263150697429767	-0.0008208018052842381	0.03950175468752001	0.038323417120512376	-0.005471854929332547	0.09459735554326966	0.040631507340145014	0.012529429476515065	0.0035865893353542646	0.005249465378632761	0.010886091085168421	-0.0455309464809571	0.08931299611415316	-0.0060389191343833	0.08409651450186711	-0.15087266157350857
0.04769850418641716	-0.007133957816070033	0.06913006890479857	0.0965666382252381	-0.04324525524547086	-0.0483570151842065	-0.08879123799247852	-0.06609483560154909	0.00406964671100429	-0.06912918555044391	0.06464049636735807	0.03378747448580974	0.09945147614671548	0.09942057002805023	0.004315928183641959	0.01841077339281616	0.03198553441673468	-0.08682505019559678	0.009391783774113937	0.022348231853964964	0.0936498255232312	-0.024752213282390086	0.05101163727480991	-0.02023704457848857	-0.0852448027788863	-0.02952621402242564	0.055398146815549686	0.0029279282791793712	0.0013562326016108225	-0.13568712384811665	-0.007236691493706225	-0.04015821460979829	0.04500030345530799	0.0248670034106612	-0.05745942757124036	-0.17168837595130948	0.014820849068211548	0.026638396755289673	0.06722475476055778	0.01753177864651719	-0.10771617662284619
0.051494434403044194	-0.008918509207628385	0.09190087473748859	0.1336664803053444	-0.018512206009560373	-0.05385112794999414	-0.045285508987723266	-0.10604485776677323	0.11651536225098687	-0.05527646799817877	0.0535367326345069	-0.003993640288831839	-0.01335852168851042	0.12248606167096829	0.0782026572573908	-0.014782492707855043	0.08643510621411285	-0.0033125712031625044	-0.026427416801898584	0.005260774166286949	0.10127181600127781	0.04763339875967519	0.0535263117200868	-0.13754352314247828	-0.098723556758539	0.023774557736364388	0.07536765562221458	-0.04683965814306364	-0.04445223773160233	-0.12401717019148081	0.01433199159944526	-0.0061571286808767	0.09460823447853303	0.02867387164824951	-0.1912663106541076	-0.0022655527456744724	0.028052473542250204	0.012132889765679111	0.14314744987683742	0.0015225358264888342	0.016723110336535615
0.05671566564105496	0.011613377574327286	0.07498530542153149	0.14251330365346504	0.010417362649788068	-0.04700391339664204	0.07121853336783023	-0.124854552549813	0.07867215344523275	0.03271299950325038	0.05129660195493745	-0.0751453910788655	-0.013822709002987882	0.09337581769221769	0.033436003510404315	0.07974678167402466	0.013413624646301183	-0.04407333948826341	-0.0036397593897375975	0.0266951961659612	0.05174756032175461	0.021999555063324027	0.04017457477494889	-0.09024001806228221	-0.02556386639285628	-0.04824660473744874	0.13829672082767008	0.014391090911169552	0.030768562899273603	-0.09503299086856148	0.038441799300386624	0.03026107038592499	-0.0224406933788531	0.07338947443602582	-0.12358004167073536	-0.06836114434135002	-0.01163464199747652	0.05583362218818767	0.13230657196788853	-0.1129761062729205	-0.07598708986540534
0.0571893556834511	0.0023930613158863467	0.05693888502105598	0.13598889856411026	-0.005203784549914377	-0.03658913235036778	0.07845970849989682	-0.06871310965358941	-0.01634656716104926	0.09072580813011955	-0.00759041346123251	-0.06939834987734472	-0.004589313332575943	0.028235896814875885	0.06739575357937562	0.0824871812812541	-0.004153360169586172	-0.06366922904572854	0.005779410211374233	0.04559125825989183	0.04784294044439624	-0.0029071309721086375	0.0082946438824378	-0.08085954374250576	-0.04340944502308977	-0.004786246394768413	0.11796290091270235	0.050064993526458795	0.01535252769811935	-0.030002399269291314	0.055487688608157955	-0.015467055127018427	0.07081228024627938	0.0346398964991093	0.03474237285654465	-0.027717520737974562	-0.0010092307335083685	0.051679051769903284	0.03167160971586753	-0.013511534843787604	-0.022383809769866286
0.05766394632210883	0.03581764718092859	0.03858779484481186	0.13078301738894826	0.012689376812713999	-0.12541942471386255	-0.01808930701664206	-0.02845660323338197	-0.034797324801928375	0.0752095021183013	-0.007553755056364007	0.014735557752380791	-0.08638964653168887	0.04455185779042085	0.12727943963081007	0.09888173882257517	-0.06237225868029762	-0.02782629178238431	-0.008766944552048567	0.05431399693097763	0.006157035896345746	0.11247742500571448	0.112339122632736	-0.107750899071719	-0.008013361789540055	-0.026664433168477445	0.14224190886139065	-0.07396163582037873	0.004240517270541359	0.031672311596849134	-0.05280588675553443	-0.04147695947629927	0.03211505342405219	-0.11667302104114811	0.0026142062159982132	0.08176776468431979	0.16667591842327661	0.12285627170695629	0.001070541024040715	-0.0935396010831483	0.12458257533302716
0.07505000382784516	0.09298770999406317	0.003051200733818368	0.10189131300719714	0.08584148240808846	-0.1367197250028601	-0.016322277484597643	0.03707555043280071	0.024552222442667363	0.03136870932436529	-0.021291380563500648	-0.047793022508652125	-0.008495875835754183	0.06765945273790519	0.11920399336453597	0.14886010507266462	-0.11230130759231127	0.06178815721871932	-0.05850916743527278	-0.03910440471774987	-0.017476854956276315	-0.04246708099429322	0.02733944506613545	0.027905813863905567	0.041290187364378825	0.0808531301731761	0.10208697290646362	0.06536747606684426	0.027907424527810795	-0.15448288582409042	-0.008861511674311012	-0.10345428314891503	-0.03236781347375356	0.048127633845878134	0.061207179628956596	-0.09639585377451743	0.04744200452784208	0.050781194589320386	-0.00982155364696434	-0.011225161238290024	0.05078969342878979
0.07941856053666506	0.06965228676641028	-0.03395960030056613	0.08906174086277795	0.06159683369442228	-0.10356528895418718	-0.0034380859921212424	0.04352957141874555	0.09679740175929272	0.0001845366053953855	-0.03446748647550097	-0.04559266226903596	0.04814840656491852	0.06653461791796259	0.0964593418641801	0.10933733206643348	-0.07677901999831632	0.09165695432091714	-0.0036463682349108153	-0.027735062266707203	0.03147279385770638	-0.10721310928168909	0.13596784132702172	0.07535489495413199	-0.023132067450428447	0.018692503530762454	-0.006758649365337571	0.016018452002599697	-0.12350667291803347	-0.18612040915224293	0.014690687327415741	0.04774830382700598	-0.04833740876227554	-0.10335266919214489	0.07224388588973708	0.029682985349937522	0.05795415077640343	0.06875536899489947	0.01745686311400804	0.060775972708224955	0.10634576774937103
0.0815354959084434	0.03346746083007038	-0.04243469778325083	0.04496305588461192	0.020565094301879843	-0.0022623845690491226	0.06194733617340188	-0.0031517493117795563	0.15063269202145785	0.015787904890364024	-0.0489671662169826	-0.022866296874451946	0.052382005443422155	0.043089957632106796	0.10798584344589746	0.08444011770968314	-0.06176848420003055	0.10731912161576078	0.09633872828343439	0.013285875819943827	0.03738597311497266	-0.15560685317207232	0.16149398923789987	0.03866849630302284	0.00516124504448795	-0.0710503658595788	0.0587396833505376	-0.008657902019418417	-0.06728402393873587	-0.0024055828989366784	0.0062315458408260735	0.08033533042150164	-0.19800107571175035	-0.05794085833990259	-0.014241105900737676	0.059123093983975965	0.04747654729519321	0.0066213038603093795	-0.029775812476788167	0.09031907198612629	0.047873471633558456
0.07972712773615524	0.0034167594839597804	-0.07287933142802686	0.004093656033646772	-0.02597855894549854	0.03643115638809555	0.05903331185113187	-0.0038839222080874654	-0.033583557113105504	0.06861880268565458	-0.009507308738934768	-0.025474199769519756	0.053066658432363814	-0.025559740836337167	0.1275945732458932	0.02452180589807894	-0.05949619581671525	0.13415730262372158	0.08571209767420913	0.018939255159575785	-0.004809480792510541	-0.17231028251516076	0.18344912724942214	0.013501451274453038	-0.05099344773342112	0.003244907051925233	-0.021527048134828627	0.03760154724174448	-0.10371240260551022	-0.043894092444239	-0.009917544852643916	0.08226568367445641	0.027091152331344827	-0.03903897311791104	0.08822601088755264	0.014423890665395454	0.11189262776498718	0.029489302173407336	-0.06452040359946773	0.11737639180741297	0.014050538809907732
0.07777236442705887	0.0030189046261872338	-0.08162868802842582	-0.021681431043511622	-0.04118907028308514	-0.02240473294187073	-0.053888516917603074	0.028410899500946506	-0.00872623940679348	-0.08224463231266253	0.0751369880982428	0.015620710408567795	-0.021275978210993172	0.09352657216841764	0.15241510346622925	-0.048079233796581806	-0.02430530611374654	0.1372278757804178	0.029408457341968335	-0.02963769774881779	0.013102267473232322	-0.028506992046176474	0.16984810861012362	0.016686974555656216	0.08650846426158089	-0.03960893412242309	0.031692591912766244	0.023832532492499142	-0.04352204883026811	-0.011283197127515302	-0.05513320573008881	0.13193468391252167	-0.010383797413092585	-0.015832405915841986	0.08631574631357167	-0.03408500504599588	0.07203001098116542	0.06767450001378181	-0.04842476202191021	-0.03046626937542299	0.033558064402131736
0.05818408646542341	0.05647253570483577	-0.06798069755895066	-0.0009398307531260664	0.007111544599792981	-0.044746173291516166	-0.10800805506486826	-0.09615362341072291	0.07906084906556363	0.0018188580982628642	0.019588558525012133	-0.07034615941581841	-0.049505641256506	0.13485554369243005	0.13151896691549106	-0.1649708422286752	0.04993064754278077	0.12813995884225687	-0.141771506423852	-0.1000520548524005	0.07076900195873213	0.03552001358321955	0.11687643224213182	-0.01420942639923628	0.039586966608327466	0.008797256208280663	0.005154283850792472	0.02366300488362154	0.09487898871060847	-0.047021420555605396	-0.10023365990273642	-0.031760221705226604	0.025368444037532106	0.14197010856382225	-0.03429865583302154	0.04425148509413382	0.06440080664848624	0.005939799952978228	-0.17952164294674752	0.04727131929373468	-0.06882103294507519
0.06343039939195709	0.04799563933797788	-0.057903841553327104	0.03876631928879789	0.048613245206904944	-0.03273914692465153	0.03649960075279978	-0.08713043449391614	0.013824326406300965	0.08798562577061084	-0.02545002005461382	-0.09731501913259615	-0.017744315017468218	0.14276776118012882	-0.03714819204784782	0.022413274593510182	-0.06554844239888637	-0.04634353659100802	-0.04650434894347388	-0.00044044680888558237	-0.004163066326689644	0.059769181269947576	0.04403236121750003	0.11132623659258266	0.011350755770237652	0.0025452456469089203	0.052649355286066624	-0.0043684271427331875	0.07559816675851934	-0.008611399528692014	-0.14007725545491514	0.02905542236094862	0.05761935252552908	0.14724928869379897	0.0339821299996134	-0.0919986480724237	0.01334730310307486	0.012444175445058214	-0.07404870120557853	-0.05033795591477273	-0.051813150401146896
0.06435291956701314	0.035568840550166805	-0.055420634742535474	0.05561581592870387	0.0025625128841898215	-0.06950984313034507	0.011085126092952514	-0.003274832439397564	-0.08717478307434778	-0.0019068746874475314	0.038136499765056224	-0.05627457017363323	-0.017312451452780122	0.09028308988563354	5.151198637530789e-05	0.027517065712994716	-0.12459648039045257	-0.03270962435714997	-0.02983249151273817	0.02474609978045975	-0.056369993226828514	0.005366890255915762	-0.05382983998876005	0.03878407084882446	-0.021762154538592343	0.040520006010135806	0.049585564146333305	0.047014284246649954	-0.04122738289037314	0.06319548537416489	-0.06824774103050348	0.043906268175486464	0.029224060857796542	0.0791020373321267	-0.047916203645919066	0.004665266080973056	0.0317907286475672	-0.015549327814439406	-0.05868359362508076	0.016982365816197803	0.02431715981503326
0.06919710767369297	0.023918965784566242	-0.06673209047219433	0.05752353277181795	-0.016250382589303884	-0.062128819623261014	0.0471545789069587	-0.0012262989216478293	0.05651174435789524	-0.09801393997152512	0.11218407196545893	-0.031124620120861857	-0.019497448796884517	0.08429053037061414	-0.050052730637816366	-0.04422913009862398	-0.06287407271232537	-0.019364041066705914	0.0015867023087822625	0.04881154337207677	-0.06166588501325585	-0.001043087819838643	-0.06459030516707774	0.007567146525886796	0.0023027014507831373	0.03803517048367042	-0.02514553630527225	0.004323620687300312	-0.060002451515359975	-0.006727682393624694	0.017574572885619894	-0.011193334942580305	0.056689317424381165	0.04914091027752443	0.01302492889847548	0.0442473660250344	0.013402535916161768	-0.06163782045944205	-0.03242838875614576	0.05481211602933374	0.013220659475866217
0.07399465095295155	0.003785095327305284	-0.05428538915471864	0.06650884600516314	-0.05191761204850513	-0.01109451127591596	0.09474235498902328	-0.08745509729068275	0.0006547609624852913	0.0036638191892797347	0.10026098225113747	-0.0559304948735044	0.008579479272618451	-0.008708952548130314	-0.03136112902787074	-0.055658050075831376	-0.029089942085298567	-0.028292436890171795	0.024018957724102445	0.10419597456293214	-0.07127862159848047	-0.02154257538450209	-0.07043252143743045	-0.026344491432239603	0.020292768220002894	0.06064726259912494	-0.033141163113982956	0.06634244229434468	-0.0038941101118365913	0.0051944403599247235	-0.0728786255225353	-0.004313778132635587	0.017771466205504988	0.01446126316219564	0.10233575267146712	-0.058746263076686935	0.05120157063912489	-0.07343894194323967	-0.010905033619351657	-0.005743961530698376	0.01475958910345758
0.07688233774630153	0.0014962011344204571	-0.05232753808361851	0.08866960055033533	-0.06301044231237389	-0.06007450332799544	0.016272517142473894	-0.013626404700587067	-0.08380359089986227	-0.05059909844949322	0.09040099159835072	0.005267988812346205	0.03350406925868078	-0.025752020862607295	0.0458018640589354	-0.03640231593250613	-0.04494730774623307	-0.03475397481046564	-0.00017794435563321458	0.07326963297432533	-0.07085404913324109	-0.024067160051547846	-0.10601876453471024	0.034185360993524705	0.0008869443935085597	0.05496289381434364	0.03379269746850366	0.02121552137972684	-0.04439190884358032	0.05039707010085848	0.004829217728416639	0.01362087562705451	-0.12915540254624203	0.043785301701229164	-0.027149222828653827	0.03921714460687249	-0.01509450566115433	-0.10313707209543096	-0.008114628491150144	-0.0795579579272116	0.08300032131115166
0.07599895022314132	0.008494890814600595	-0.055322305024503866	0.08182328375943866	-0.03838678990698029	-0.06003066474489763	0.017025580373867127	-0.014694326111296204	0.08605769405827728	-0.0851913371141109	0.08082683089333513	-0.01462883541780542	0.013403625428550177	-0.020448208451886336	0.034469976328583445	-0.11087487096880551	0.03136483781673783	-0.0026743499578335953	-0.04063098426340661	0.03437868582913535	-0.025179749659475902	0.0007513402526456922	-0.12147706458498603	0.003455027508419168	0.07866399191470191	0.06723947113967806	-0.019294690561753924	0.058042195527397436	-0.0102083871242402	-0.0011679594302556606	0.02071212575057535	-0.05074178721890957	-0.02922180228988893	0.07277212697459715	0.03525907604963255	0.14956320993437733	0.024787346533492426	-0.048627778734031735	-0.07055961144591352	-0.0038411248323261616	0.05202983698428838
0.07860376307245284	0.002149153489647501	-0.03652014499731653	0.0811304309763507	-0.04172518680485157	-0.034047590594752875	0.01599604831107556	-0.10634065208888863	0.028529860610754656	0.045404608964087684	0.018231322870181987	-0.04879170563816449	0.01236850719986966	-0.039294577528490915	0.03583417421437703	-0.09257109637738595	0.05696244551924382	0.004849086283928501	-0.057311640842099394	0.0793238365401653	0.03346564439163494	0.03786413894554354	-0.1153544471608041	-0.03012014975209305	0.028550933918770324	0.09998205825128069	-0.006012336308027638	0.03747493456622345	-0.005619030106598389	-0.04677227923426984	-0.06721597189952008	0.06117998165438605	-0.0246212377837101	0.046632895006508	0.1109396821280032	0.05589131023860457	0.027098824782499222	0.029856499852645872	-0.06983320382394217	0.006595304802208877	0.042365238238907976
0.07558148389412825	-0.0035305030141983738	-0.019906380265831917	0.11469608096056623	-0.021591113294574492	-0.08017518183013783	-0.047107643072134296	-0.07665019916626864	-0.0476850724037646	0.03375374096161902	-0.03995587359342104	0.00754669095218022	0.061217303162256854	0.015375443794570271	0.02460115148450969	0.0032004363464876173	-0.011232535405592941	-0.06490569799132001	-0.006341874538270077	0.09087120152038827	0.06601551192272169	0.06826034995637914	-0.08192657701704383	0.02415030443711256	-0.046336250601041296	0.10711867452260504	0.022292150321971155	0.020279613432680414	0.034592164126848485	0.02904148795857231	-0.04554622233358772	0.034679214294156754	-0.08865088625375525	0.09663847372340209	0.017973622027092996	0.1280129614836144	0.09966318969242524	-0.028262098629212605	-0.08380461111226889	0.017310978009517593	-0.0030641286661322975
0.07068849318055917	-0.000727187126602893	0.0052149494809442965	0.14840057395027112	-0.0022965537593331938	-0.08150494453451068	-0.04040680444915261	-0.005969925256727022	0.0356835769774323	-0.04843779477075391	-0.023150408643290325	0.013718322129623706	0.061392107751109315	0.044651030566058784	0.026230896025326727	0.020199469078971796	-0.03729765259477655	-0.06726081980510171	0.020092860254227875	-0.0017025343700012646	0.050870189928969856	0.024927220181798593	-0.05209457235348738	0.026547333086461806	-0.03921907281540116	0.07234046387038018	-0.003647079981102034	0.035007938959604495	-0.03397773439964033	-0.1129741690419111	-0.01204646141168796	0.016642833181994852	-0.0076189181790044	0.014352037905798348	0.07206754194527773	0.005807704351604458	0.03894069752635247	-0.0071023819649642765	0.009793735045362153	0.027371742084098788	0.10085673634097758
0.06922705047474557	0.001574665862608422	0.017044009058186628	0.1310167603578917	0.01451994107865778	-0.03473182633180035	0.046766574374059115	-0.07209664822389741	0.11911111125395077	-0.01446902852967608	-0.010812494617440136	-0.04815827930527976	-0.05067539151285683	0.08336065091395789	0.07311794611170974	0.06484073924740492	-0.02594898569913225	-0.0040322450103696325	0.035058143115645715	-0.038471769346793624	0.03208400278335487	0.03701929425916414	-0.05932651677227896	-0.06053409881258124	0.010501403758020694	-0.02630112833047131	0.0844576275665558	-0.0765638513360731	0.0012831503317302043	-0.02755364262019779	0.019005396092334474	0.09967537413244391	-0.13355804492105758	-0.018659336586703452	-0.008887379308804514	0.13304476926824002	-0.11541387941796033	-0.0060166368587572655	0.08773665109873066	-0.005724427503604985	0.02301323005045952
0.1324926658446698	-0.10696580479817669	0.2062476333835711	-0.17030613349168672	0.4047305728528819	-0.24237996461034578	0.539088864366537	-0.08393842531193964	-0.2211433119069037	-0.26050465747729307	-0.28386480173830814	0.15698636073196043	0.01309238357061054	0.04526339483643355	0.1255317230281681	-0.29111305349074845	0.07293231533383203	-0.043641091183247493	-0.00042192851042741064	-0.005295101968502178	0.09854356465261718	-0.0428205247798407	0.045278389556788104	0.04097477466226664	-0.026407780225732938	-0.009250531725955427	-0.056593913720694694	-0.04929148488757344	-0.0032277888687165315	-0.02098241321837379	-0.04513934299950055	-0.025846021692116847	-0.0003636628918953777	-0.0010774623326046074	-0.015139933227873867	0.0022811481677211115	-0.04050415761620277	0.007288403975768595	-0.008541635233279471	-0.020222007215965163	0.020602477544400588
0.0998159831308921	-0.045363841409128934	0.0884239808066866	-0.03056324707953004	0.0398940512763241	-0.02518995736914246	0.005552198782926305	0.058270766968279694	-0.09065779474797547	0.09503598418823989	-0.022763167964280368	-0.09634716382927301	0.09500845666978817	-0.025261129226657138	-0.09802632308340066	0.10473647271030764	-0.08496400115288762	0.09406815020584193	-0.055206454284249556	-0.11571626089025583	-0.2369672357704081	0.17069614226469704	0.09536097007141514	-0.042886791364510984	0.04184572443989644	0.00925484981014375	-0.013334806953543533	0.022655240378252874	0.005891725698639355	0.04332709319729708	0.09487328890034394	-0.12269761008153979	-0.02476056754590515	0.13310317521846393	0.11198264336690646	-0.013195706409740646	0.023991176925065773	0.0022740496855392645	0.009706500564753112	0.24842069172383596	0.037173131638917056
0.0848232509406132	-0.05846078289646722	0.08234392957517653	-0.029912170830880574	0.030962265964547892	-0.06760375459743309	-0.009486322442810042	0.13041597329830593	-0.020258290129039215	-0.015214343046600723	0.027794651188693346	0.020411180643606724	0.02841451892989178	-0.043437393910419085	-0.054389514029969964	0.03718775039908308	-0.05911939132644781	0.1136130141148451	-0.025750810386930237	-0.13661087295741012	-0.14999464910712992	0.18536498180597208	-0.007373061418188304	-0.03493285938941054	0.05076620154663901	-0.05504326629031067	0.08246036111126596	0.012065954484663514	-0.033049634128395164	0.003473392496235461	0.10081945478208817	-0.05192416930901716	-0.02098211971074259	0.01602550658879294	0.03393838231918202	-0.17030049841776992	0.10202493864521422	0.0030508797744212557	0.08142248642804072	0.08823734650166076	-0.02326894928278595
0.09268795811139631	-0.04523227600473935	0.018318492180482666	-0.05313853691320132	0.038120978862595294	-0.027414983075732677	0.062678772183182	0.015407905892735154	0.06826218899269036	0.017744691168213377	0.028969116863837744	-0.028374811723914335	0.035553895744292206	-0.07608944121189719	-0.04391255321067579	0.026123781521781166	0.012006522189667357	0.12946177745092127	0.0223268567559028	-0.0640036132298181	-0.16076689136159225	0.1515469512029084	-0.011470173161083633	-0.13505824367959163	0.041649123012745155	-0.11958449343618872	0.05973943767281294	0.00377036847084479	0.05301306675707822	-0.003444073504223745	0.0509897515535373	-0.03502788303798251	-0.043195648402533746	0.03638052518044058	-0.07471341979285445	-0.11363125470433566	0.03491975745863621	-0.023347583866727167	-0.03769929999106808	0.16821016746519935	-0.03193543404419709
0.09332578303025284	-0.031167804161003104	8.696449489290507e-05	-0.07417939891471813	0.015318160246071424	-0.047154162759581696	0.015405443303366847	-0.009948677058191014	-0.05632037925346993	0.07790203943570286	-0.0029428237541194793	0.005746216417211329	0.09055207664640307	-0.1276406057271153	-0.019854364834950275	0.010517905390534174	0.022225753703826515	0.10929393535088872	-0.00210876376969496	-0.04985258675028828	-0.1593606842231246	0.15611283610335402	0.051826098013452365	-0.11640114505796742	-0.09039258567346223	-0.03609591507853772	0.04585295728799006	-0.06075227402781489	0.011684582953516612	-0.050130796743120154	0.07966197332659321	0.018124811230093112	0.020988442763966463	-0.02242352626903027	0.020891800894137696	0.012423713468529232	-0.03373187942715513	-0.050077265084994896	-0.013221837840486913	0.16122607967404853	-0.11291905544055338
0.09216048604324305	-0.031302642864581114	0.026445712683873697	-0.06966968889360906	0.011191790047097886	-0.0847743338822751	-0.07474566543858102	0.04397994450821869	-0.06123295688143372	-0.0024374644160082112	-0.0047375177295467434	0.0567730546741411	0.1499967860413231	-0.06691057932916264	-0.056238164604424476	-0.00502444402375361	0.017708173957608243	0.06750848211730517	0.018065374976960126	-0.0646584317645677	-0.1166896904623528	0.11498625680609792	0.03668922332649292	-0.02107285833731379	-0.08379746080318418	-0.026886902393452296	0.12509296288555508	-0.0591186043646439	0.025200943934307735	0.0457546905345813	0.0016037777566349793	0.01492575425701747	-0.11598226447506639	0.004346891050609827	-0.04416833675457331	-0.1154405141661509	-0.05741912520375765	-0.029419491529425263	-0.07584196089304476	-0.007911246258105936	-0.01516714440507551
0.0807467179206152	-0.04726206741710362	0.09325407915397035	-0.02466044786365874	0.007541075258768138	-0.058630190059923974	-0.04636007024908964	0.06486230713539269	0.05495369474826735	-0.044129199451891955	0.04792731092575164	0.01441075949314273	0.12053739245165064	-0.03568155677073598	-0.12651164154465067	-0.053446156056664355	0.060833063928500845	0.041228356939047556	0.005461436048209398	-0.07392008146537465	-0.042984624220592106	0.11529304517502942	-0.0013511937786400714	0.064814653451826	-0.05093354272188397	-0.019197017733720262	-0.03364930129853293	0.013171928919356314	-0.07160209715605885	-0.033829567284228576	-0.011139976082577534	-0.052665446461335905	-0.013971148150754682	-0.05047870143977661	0.06032576031851648	-0.07611437572082805	0.024491796282291464	-0.0007812121316247049	-0.09232524268368293	0.089929138388567	0.10242900945221436
0.05864780243586446	-0.05190835607532051	0.1727450587402811	-0.0073276850135264	-0.02713761381573042	-0.015296982683833721	0.015334875570990161	-0.0011619264343206814	0.0981842691215038	0.05118180631131781	0.0755868329137767	-0.021610105522430173	0.02149402616771577	-0.06969397763869929	-0.12948193114103512	-0.08641677906328823	0.06354057989031595	0.022297553868898007	0.0002258623657046704	-0.041517991000974065	0.015733574090130827	0.06093530111983585	-0.02225825111890487	0.017174437524987343	0.009298836473644389	0.006888999003783702	-0.01592726945325131	-0.007666007495461479	-0.058617643095079025	0.04014961995823648	-0.0211752322899713	-0.09094075217704775	-0.11835257251672644	-0.07105010078803371	0.014577873489490398	0.008854142193221804	0.10305376403990935	0.02923240609877168	-0.08801866957416093	0.015452790530582412	0.0567848844093035
0.056948135447993146	-0.0445529529833109	0.19225543925015226	-0.005249305330815876	-0.052240016095680054	-0.02044183896631222	0.014701519017340941	-0.048694470001912175	0.011735944015322356	0.11071683871346956	0.06405099191508137	-0.049492081014385896	-0.041958052350230854	-0.06894721921268608	-0.01546095930655518	-0.05133557471655395	0.06208276138179438	-0.04068137552220173	-0.0012758306400314536	0.024159959531428115	0.0009640297213196029	0.06197592708170298	-0.05834637084148166	-0.0014024910407136465	0.036059798090335396	0.06646626366006446	-0.06723086198466796	-0.01174834642107075	-0.12044782062998174	-0.042340521285022	-0.02633921433339884	0.039262864713548985	-0.03561905079304755	-0.0629872886927799	0.06928973125843742	-0.014106824491261771	0.0239019160522502	0.08126774616568302	-0.08430706199831214	-0.06171971713631658	0.019168416319006808
0.05143400812243647	-0.02783619202462307	0.20032750022493412	-0.018526880192171274	-0.0455910409097315	-0.058263481784903044	-0.03716381000508886	-0.02032015980673562	-0.04585752972215144	0.08262663495910512	0.032773173563496835	-0.009260069815921444	-0.019144840048691384	0.014815665403936877	-0.0022084783143941755	0.06909394592433446	0.036252401550380946	-0.08184602780122763	0.03590660259846682	0.08097263683090744	-0.015676551484759316	0.03770778721133692	-0.03800427126463528	0.011617818606353728	0.04731336824225535	0.043256244291461514	-0.06680640569909942	0.009543835795018052	-0.033902493098999356	-0.054763511010846	-0.04606472566877058	-0.016832343318827395	-0.06270544720363978	0.00013257558339550227	-0.034375798910064176	0.11604520884648821	0.0637286371138003	-0.019713532906049824	-0.14547585509966485	0.020239573053165663	0.003947982991758081
0.05382395085974269	-0.03673996305157196	0.19593104504564143	0.012796844334406426	-0.033041272465373195	-0.07096183975555193	-0.030276090391171448	0.03752338324635013	-0.02817484863180346	0.032886004039042946	0.03338746980109863	0.029647969002174115	0.026470879353912565	0.07560969682243086	-0.050097470265232216	0.10921104386982165	0.022709427982571657	-0.08176550207455469	0.06410741198593754	0.06941719873057649	-0.05215069321913156	-0.02480165791535876	-0.010633446117824949	0.07397135800217035	0.024007445914559306	0.055122115438823414	-0.09479847126401811	0.05058349808933835	-0.05916571580640069	-0.13341029620564665	-0.06153776360785997	-0.07648113561267401	-0.06876195299070939	-0.07846540861207599	-0.06365030807528499	0.07924767333888647	-0.01558550375982588	-0.06624479693366675	-0.0840891089748923	-0.03525567721189442	0.012439608392692023
0.054582867205013055	-0.04193507571158147	0.2064338233551435	0.01226693433636393	-0.01894637282663505	-0.05914799180181406	0.010347712215136437	0.13787315948066742	0.045222702736871095	0.023171153495261183	0.030770555914405445	0.03952234898961423	0.01437768996305988	0.045063493617608995	-0.026449441839338214	0.10363553944180351	0.028499772240718386	-0.04592276443900668	0.04324092289923539	0.05902601310547673	-0.0672306377313687	-0.027878147353352558	-0.01714831573181034	0.04557138350625264	0.06333140949835564	0.05860122858234956	-0.025404550423674312	0.08289624763550757	-0.06481376662168045	-0.07651746510526064	-0.03395721831008186	-0.13118134694498754	0.04149972696086911	-0.06006024942465326	0.006797671115124027	0.05833598785569266	-0.03534047073103376	-0.06254468240525096	0.02300019423454865	-0.03717005092944223	0.013020200833659977
0.045765504349088916	-0.02638988840492079	0.1534726445754148	-0.0625769151841027	-0.023879259448609722	-0.022701677907329052	0.05269232709508669	0.11857757504655084	0.1288152417220395	0.07445081550182736	0.003145736646645677	0.005922061751807724	-0.008129336785995388	-0.07642115752213707	-0.033269462573711515	0.041136591525117464	0.06924615724189767	0.0499134433434896	0.023933411883860514	0.041252293618394206	-0.020819780206777112	-0.08981869637030995	-0.0310126327597764	-0.024689695262832604	0.05874361159730546	-0.017763234387968216	0.05769188387028372	0.08205206531293519	-0.039507919538939985	0.0030422137912745357	0.03694140802710998	-0.08749901217231792	-0.10090866317878353	0.016372827383865404	-0.08850605962460026	0.11669981482313112	0.07717749840636977	-0.006522591980173721	0.007286416010239761	-0.03970442394528626	-0.04541868606377455
0.0487221215385014	-0.01603405868192307	0.11324289758323644	-0.1083915957640778	-0.06779486753537692	-0.00490429322476553	0.0319396583804379	0.03086512972786791	0.010314509626955688	0.12380429864294325	0.03274111836004208	-0.001979241591474082	-0.017439429760839	-0.10840697141244293	0.037436905817147946	-0.012493333332789333	0.09493961094341952	0.036217770283666295	-0.009622805535637236	0.016173781129196808	-0.05408665871720471	-0.05945705913397943	-0.04018090779929541	-0.04741102478018615	0.029356736819937536	-0.04113594405476412	-0.009644936933518086	0.037167570499509896	-0.09581076210089257	-0.12058974314134807	0.02738696805812145	0.07314005738293271	0.06276449159847393	-0.011554120902670793	0.0024386498949306654	0.028017508545925114	-0.03017120256103277	0.09672399241191859	0.09073048289967194	-0.037613688501015964	-0.10186088356635693
0.047937032529022365	0.0008505842538799751	0.10484420445709708	-0.11725095886657112	-0.06613337319324944	-0.05874713075393266	-0.025158125015427923	0.033757043634783504	-0.09337512313900313	0.06680057487967879	0.05410388452030742	0.012880875786574758	0.027598299221457637	-0.08277120798546338	0.0014872975033290447	0.023439115511080032	0.10132413249057647	-0.01709598400528836	-0.013871207546512316	-0.034588416355684305	-0.015412405932054181	-0.01864564069438335	-0.048355814002389925	0.015580434042485892	0.024955900732133836	-0.02481864406525642	0.044258913912640765	-0.03747212895043081	0.04049735880772555	0.001722049538876707	0.08863996568088389	0.10971935493751091	-0.02339401511521009	0.015628863926912727	-0.04015501098744414	0.1469111092138851	-0.09653018814063904	0.068544892248488	0.08427462674721556	-0.024568689413441164	-0.1356897769932779
0.04475073775850234	0.002420035521259846	0.12408239392584323	-0.10610266803721924	-0.04968992977589752	-0.08119196527103767	-0.09007273848782786	0.11038406718168704	-0.03930860238298556	0.009452576056253189	0.03240289598681079	0.048061584013330765	0.03925512946534418	-0.03032196159795414	-0.03386270060645913	-0.006008456739305241	0.09654998263572838	-0.022840960234940488	-0.013467961030850548	-0.009333110217743478	0.03414564637147547	-0.03510403701363326	-0.02374877671396404	0.04307936110504175	0.03292005768123336	0.009512078479528785	0.047512472282603635	0.028685076522576985	0.06026196118678373	0.00861304751960816	-0.027971227492362933	0.028209191872185735	-0.00114732339111015	0.04638496032171449	-0.009261384346411484	-0.05653763531791547	-0.08471646672163274	0.10408195498936634	0.015681045617861093	-0.06497814915529741	-0.07429962798187428
0.017052164656765328	-0.04598509831844746	0.15885577150565486	-0.1448607098089874	0.019186801653665143	-0.0075090680141219985	-0.1550948714389737	0.009483525293759724	0.1350948562404095	-0.04833014422870757	-0.07515869855195709	-0.04057069653598048	0.020717057633170586	0.14331774872565248	0.17309094264253533	0.05308655570149026	0.14951654587812135	-0.21136725395517156	0.2594297749527369	-0.06964077110698419	-0.002482228826278271	0.10897196611882083	-0.03185426074071614	-0.027754104421664313	0.014409910068169695	0.018878493535006605	-0.008397390307986571	0.11558644968049478	-0.12583904183908115	0.1874082090442371	0.08626421833239523	-0.02653665058117946	0.11955041880038537	0.05155496152676565	0.08274897642050599	0.003224900443327558	-0.11941446486832659	0.18566953813810919	-0.09333878645321111	-0.06459722319469087	0.043752297022305306
0.0053800799169702	-0.06726321725986976	0.14386969440277247	-0.14063071442246944	-0.012659709896394294	0.03813026182111347	-0.05292858573458861	-0.003507330083852996	0.05737238085105453	0.06429302482974537	0.0038882497432691163	-0.1108193115804425	-0.0897060892177839	0.11566706842316746	-0.02364060638536709	-0.018990092391191666	0.1366900763691615	-1.7165662849316643e-05	0.029280134017764477	0.07781335383974522	0.0058414492848754725	-0.13893344685487655	0.054968074793110736	0.015528659296408662	-0.11611305368948371	-0.16510986370081115	-0.09495617120838787	0.17626847279516678	0.046909785124568844	0.1259807103215081	0.04169426761017897	0.035691031720879424	-0.14733226727107085	0.1739141636174488	0.10589298044982823	-0.017602356834769656	0.18057611400427115	0.00445623953151799	0.1019218008261976	-0.1534184773475373	-0.07779439220419061
0.022473253520632588	-0.016959013863405585	0.13706288476118633	-0.10871289663659339	-0.04827327563918005	-0.04409730193245911	-0.06994195868289087	0.07898571457053334	-0.08282851795797153	0.041432109658023596	0.0925414306390655	-0.027879127901997307	-0.13079166352423865	0.04370241942991923	-0.01058768012944197	0.003187681949747302	0.043001982023624395	0.020471028052835065	-0.03464008045478103	0.09935864145134912	-0.03169872018061415	-0.11634176519865655	0.12143121891664009	0.025923824288512854	-0.12227956073793392	-0.11437355582489878	-0.055435463545280284	-0.011039304386924575	0.019683723524165392	0.09835341574655049	-0.019688435145240338	0.09138049845964875	-0.06344752399398317	0.07273732949244457	-0.03140928132745123	-0.06826487288188281	0.042011355194827	-0.03476304831571899	-0.017286849829519873	-0.08648856669707276	0.033220733121734056
0.04026447895389927	-0.001625237198368089	0.14495784855523322	-0.11495865336738824	-0.029051239325227556	-0.020030493700555856	-0.024455508516403268	0.042567158467832156	0.09084566525415373	-0.045910054109051635	0.15527002588057193	0.002711474217929449	-0.16559033799564254	0.09352703310816914	0.008106209354625624	0.05094178867851912	-0.021935274032754616	0.03752232803520727	0.04646282973795336	0.08710183203778388	-0.03466841079127714	-0.040248805200941526	0.17597835730025274	0.09208732994358697	-0.09515945922334601	-0.09459592665142193	-0.14366439791572572	-0.15069559842741592	0.008392499696976488	0.025687854425115033	-0.05433029813981273	0.07856619263131238	0.11209460606798038	0.034747379074104606	0.08438723407829143	-0.026382177453795282	-0.05136370647599076	-0.27677965956548845	-0.016842327260942466	-0.011755475049964652	-0.03289530760618259
0.044453189391002554	0.048956944725499	0.05515272728891839	-0.11742588616114184	-0.04671765027328079	-0.01910496238833743	0.07552264967646166	0.029326546791739225	0.04423466538591735	0.030049364413540006	0.17222955805634266	-0.09704131290493775	-0.1739843154823426	-0.040613602264459925	0.08236203142415575	0.04064718309953916	0.004974176666809122	0.05774813630203482	0.030680299420224075	0.08101861857372146	0.029386439957924927	-0.03670207399808362	0.15456968987789865	-0.029426717872026817	0.0024591110891811208	0.029980288414227944	-0.05181285624875598	-0.05501759181385908	0.1173936862682254	0.10211666354348611	-0.07912416741014987	-0.0872509627047088	0.034402791421157666	0.06395111472973292	0.01868749751677473	-0.15927119911298915	-0.1527971687583167	-0.04874275162492911	-0.05957948311987267	-0.029624488178457038	0.015555223667796743
0.051529200823922004	0.05902293430727309	0.0008309026810662367	-0.19409207217987592	-0.045242129658082504	-0.062458510285936644	-0.03245091366131318	0.017746278837996867	-0.001071258914167058	0.06964763843888012	-0.01156118637846841	0.00023556368830763674	-0.10608124343655376	-0.08998124922252322	0.18770713743147033	0.06239645811543484	-0.03345746916418511	0.03899048014336773	0.006807364191637733	0.04632854925436289	0.08374586911752646	0.014174335562730648	0.008766277078647978	0.06036808628350313	0.04055324240861845	0.06720419027977531	-0.07335906788289061	-0.11591836421995103	0.0025037923633478947	0.11390117202070185	-0.05709889724874499	-0.0466845073048628	0.00675771861187267	0.07759660961964822	0.10837074977830816	-0.007209196085563883	0.04443784254865122	-0.07851277370983073	0.06699827401406415	0.005351255952269554	0.005490246537899014
0.04502263740862049	0.09485609814977876	-0.047231434319532105	-0.22251354579822274	-0.03234469532736573	-0.11222689693496499	-0.07278888908509286	0.08181156669481568	0.046525581715155404	-0.022770149622233844	-0.019354833431930927	0.0421109223126736	0.03434977057305414	-0.09668500232830175	0.03735064606062528	0.08667649033596722	-0.00463082899627393	0.08315329795021476	0.0038785473546275664	0.02912557116512964	0.049014149194193835	-0.06402573832946257	-0.04361821205401059	0.04524305622952192	0.010990360866564887	0.0343279413935345	-0.06734401349274631	-0.008482537488817013	-0.02149518962345293	-0.029757339474601435	-0.041020530611720354	0.04459398404730302	0.03435594749202916	-0.07281398342019302	0.017737095407461732	0.006463574991397651	-0.0114581227565572	0.07540439890126266	0.12258957965515313	-0.027099812679272306	0.11856690638647639
0.07541341337579979	0.07747267323790463	-0.04448411680953609	-0.1820834730279951	-0.006646000147829562	-0.11919459496113162	-0.0737931116535088	-0.11766819049056595	0.14249393713843375	-0.039518068290604294	-0.0039153838256923215	0.02148204777477388	0.028135557037490252	0.010639115757191725	0.01677260265090652	0.02294152214721625	-0.020855392068081836	0.16610728414219786	0.0014310216304042455	-0.08221874094172749	0.10414983934711747	0.07169780471183179	-0.06516807276783915	-0.01717830426433647	-0.02326810138350045	0.0901963774186995	-0.061695870002969215	-0.05011683846034708	-0.03324874764108588	0.06563703270225973	-0.15256914417502862	0.030090359753066356	-0.07359516683433506	0.08229694255004459	-0.07394592462496717	0.06269988800442497	-0.0710487095537943	-0.0005504304894849987	0.17726378495469144	0.15200660281166153	-0.0391003158082707
0.0746946365611905	0.06846381681670409	-0.038280967617308204	-0.10381243568222889	0.01188301895424607	-0.07545929661047274	0.01485080488815667	-0.11752707623856684	0.009882294489357646	0.025591154545629418	0.04678996283560649	-0.11483891152651725	0.08489138685067495	0.05277758398687206	-0.14424209934289536	0.00929083305294414	-0.06835962911987725	0.0397736212734392	0.017233483455359657	-0.1418204788881122	0.03322963642600121	-0.016391635542835903	-0.07279043873576468	0.07665459765864321	0.06928016545940675	0.009324190463446402	-0.10799656191583008	0.10469698662303167	0.12365073671352161	0.025827828259954607	-0.11474690358449048	0.028243715335902222	0.060293196338706716	0.01430053432313838	0.0063263010086638816	-0.05838375307718191	-0.03474924381828917	0.06830318652633141	0.10295808999128486	-0.013281111070228889	-0.010752934077667278
0.06534327126393297	0.0723374196453284	-0.01540034607731854	-0.048598772140473576	-0.006648329073285955	-0.09945548485754487	-0.017338190772962968	-0.0699066159282534	-0.08316434216058378	0.0611147329250921	0.06981239329709214	-0.11714454233021476	0.025488064509768735	-0.025893727762919067	0.006132528461474593	-0.0389411656820217	-0.06673603071417822	0.09339742173393721	-0.06668510907348711	-0.14601396183241216	0.07783534757519363	0.06574096822868	-0.047661116912865155	-0.02090171837687166	-0.06439809983950029	0.07633271465757968	0.005076762971985286	0.010188966977882925	-0.03246281027607548	0.057339407862338154	-0.04486934069670677	0.05146864996123003	0.14765215628124012	-0.004753984206075215	-0.12064183183808228	0.05665862418710902	-0.08207336229640252	0.0020986422573015355	0.15887534340028978	-0.0913526495059372	-0.0239628106061668
0.05376517145346379	0.07346011781594979	-0.025566373897004224	-0.06404951006607303	0.01880578074530935	-0.1368832784631267	-0.03379553821143511	0.022865736466882954	-0.024341526705758523	-0.03736426747491017	0.018358062316284816	-0.048949195264767105	0.038405879586040255	0.012956008120204868	-0.023238486977739743	0.03012503453529272	-0.13758150731518595	0.011429122821129102	0.02539035073735712	-0.11772171514508885	0.05774304269054034	0.05847201080141608	-0.13383350333743588	-0.06921805415284944	-0.0005320113538059279	0.037814012388740874	0.025756308292108225	0.08109660184866012	0.040986397929317894	0.05433302595868457	-0.09121080716166305	0.03188227014035745	0.18913595520856083	0.0007893842801062825	-0.0786432761013361	-0.015169801259215271	-0.0068822716881698325	-0.04898345119792964	0.016770481579096337	-0.12568081954889598	-0.0008424105514510186
0.041330323750288146	0.0744620621717599	-0.0417343247564016	-0.0663078853364103	0.03665644595633156	-0.12196611402534079	-0.030333210423794554	0.01269679944502112	0.09970394968843278	0.014387831696993732	-0.041716946447904406	-0.059816918085058964	0.04288595331272555	-0.01219113950811939	-0.134366527391035	-0.03208580166431319	-0.11550837373436913	0.0326231734807443	-0.005112955387665825	-0.08167023869020719	0.06321933422000023	0.018628989040376437	-0.056561369195977575	-0.07619236773031643	-0.008823975805177398	-0.03137700051307529	-0.03858149730574325	-0.021006248951135925	0.06579474164582155	0.12115119539771414	0.02078651687089096	0.01411195332105629	0.0198952798333598	-0.04286843006656649	0.02061178765088941	0.15227602459347456	0.06082622100763778	-0.07534321448745274	-0.05687143191284056	-0.13071856331678025	0.013724051360002237
0.0481992870173121	0.0546900062233655	-0.016281605336999096	-0.032646341736616014	0.02305697675205252	-0.0769988935316647	0.02104917781326232	-0.056300090597174106	0.04442194610092626	0.10350666942295597	-0.051060442838100385	-0.10169686663393081	0.041350820097470396	-0.061178403044808934	-0.16572403349543308	-0.044208847525019114	-0.15127391617198138	0.01590626277590943	0.03180893298814501	-0.06036712409264289	0.05885327222465271	-0.06587037644780769	-0.04288118916886149	-0.07405612170704204	-0.019483081998955692	-0.06086692158047203	-0.05160991930539581	0.017305685531781863	0.012756615768944421	0.0701505351260904	-0.03556047339140568	0.08626047561301066	-0.010338633823180118	-0.10803886382031029	0.15470357244696414	-0.03042217966583853	0.045323616278219764	-0.027931589471214158	-0.00493670594324748	-0.16198655665885464	0.05354451757433644
0.05705666242563094	0.033825287611106	0.005809948768505237	0.01666556500601369	-0.012815889593199643	-0.08677648634786911	-0.029774181778843063	0.0029714571109850647	-0.09267738622127794	0.025684809273068668	0.032288884657598965	-0.08848998224502987	0.024827977754717796	-0.07067077222811396	-0.060440309809825635	-0.071755050949642	-0.1371391082112446	0.0012540494091207027	0.00036173118244417404	-0.06612407995644355	0.03774009228846843	-0.03383912521200473	-0.09392044952883219	-0.0248480889371799	-0.03928544623221123	-0.057767213090260415	-0.012840776388681759	-0.07951673740991	-0.08814331158227008	0.08067699905836068	0.09216627274575086	0.155747263498289	-0.06593749963563648	-0.07057877632261433	0.008113161954052706	0.07975517631456246	-0.02026523287878803	-0.0249606865165849	0.028106049653390766	-0.11175801617849723	0.11821015292289869
0.04980032280252188	0.026120078990109315	-0.004401245459145175	0.013973906873318986	-0.01041207652763887	-0.083796729310659	-0.040475424341705354	0.03453292641579481	0.059877113829161305	-0.07072051843581932	0.05981718608961357	-0.035823094521783894	-0.04179035192796601	-0.08499762786237569	-0.03084576887587805	-0.11572614496332909	-0.0453088715458271	-0.02597155151335083	0.02572586172396696	-0.05173468074370884	0.026624101107645213	-0.013989074326954162	-0.14916059095568107	-0.08068770828225831	0.03629326287316495	-0.030344437777626646	-0.018554653108827448	-0.043156778777774574	0.02052516352320185	-0.018149784747446218	0.10816331296228365	0.09340601533862557	0.09254315102375231	-0.09356455780239822	0.07995992380461778	0.07275244623905255	-0.0015629971414938722	-0.02763223956659602	-0.09306360526555246	0.0063864130973487095	0.039998326064142824
0.04726317781770479	0.020440437862497416	0.006257066664181765	-0.05287622591231088	-0.004265276578036194	-0.007628840883959363	0.044819828987630664	-0.06683837648579455	0.07618782142958919	0.011249211944657209	0.0010313018687701189	-0.11049441104119052	0.05339914968710032	-0.009465147219279615	-0.0862075496947229	-0.014257191703557284	-0.009786482954225802	-0.11092995394531999	0.17021066873956048	0.08373740072344188	0.02553911227573666	0.04751957647529813	-0.10605056143161684	0.01665349482783686	0.13469110545332383	-0.08492268553577101	0.09705267281190201	-0.10487330070210026	0.16782057201734452	-0.04365785994726522	0.133250930379502	0.25008575685385126	-0.014153268614038747	-0.14207789153966136	-0.010991381062209434	-0.0543637497106229	-0.047505068895159076	-0.2964576839775607	-0.019393925890590233	0.015613904990024796	0.09688791183603383
-0.0490974211446006	-0.13377299465255474	0.09048426760906124	-0.10005765376993166	-0.05959171684642309	-0.0890111512836812	-0.15893360536534876	-0.36388329659665314	0.009067400751385743	0.037496932541027	-0.1451071426594582	0.40150073530781777	-0.3030441124207606	0.08277532106040407	-0.2142005137971292	-0.05892910330084997	-0.2860668164339452	0.23814103412400595	0.011059529961357784	0.11782771509596648	-0.04733771129930098	-0.20070287783689808	-0.12917627650832003	-0.003266220881426002	0.07538058824522581	0.06801872845672827	0.20142904510871812	0.009330399300051483	-0.043017070827603386	-0.03639686227503247	0.27090825540279934	-0.11098421028324867	0.07266824985952605	0.09494806392527635	-0.0018143894364182275	-0.0930581668625764	0.0559067568496506	-0.04591348772950804	-0.03574435981505042	0.014237726397292292	0.03491165556917915
0.02034896718841669	-0.05880627625076025	0.09466383122863574	0.023275129095789184	-0.04606083253476619	0.06987179632437587	-0.04077200221217226	0.019214902118824418	0.015972598818501615	0.08755956760069956	-0.031882160902044404	-0.10353112111887178	-0.13204490521042211	-0.03318910910679564	-0.017011199164518178	-0.06285065041101275	0.05624801439217902	-0.001473435064500199	-0.01085222555935196	-0.05629987605249913	0.10726530996510684	-0.027946786232295257	-0.11364166171553844	0.08537621348177549	0.060485162096486446	0.10989956877991311	0.028454600910197088	-0.10843394994311692	0.03661120129373459	0.10051745868712228	-0.058834042482566615	-0.09824632656862665	0.08263188884275381	0.05662997579919608	0.00541729228136241	-0.05045664306484751	-0.10935941351780817	0.15032017823704802	0.09082746703689142	0.06402876466780179	0.157473309485327
0.02643177597815508	-0.05041745102195587	0.048254326739104236	-0.0054798587830460245	-0.04007018694542283	0.06196869103358688	-0.0067998172481824135	0.02989229839656093	-0.05242888373203359	0.08187508270957147	-0.04793771729001017	-0.038143952235484016	-0.20797199154810492	-0.03332832702002071	0.03407597121328551	0.004253610359530452	0.013186647550044568	-0.01189197712536413	0.008419326589145792	-0.028778309738785247	0.038055459077574044	-0.01429346553147777	-0.1282514779888345	0.09762590147727906	0.06775682752936434	0.022114226676323852	-0.0034929551795526348	-0.08056606347338906	0.033045438590393036	-0.02293474769296896	-0.02093394475613103	0.044049238481706894	0.046653801347280754	0.061752435426132644	0.0349598098438117	0.008391061663399355	-0.04940809925987369	0.10643928322393016	0.07290423626995682	0.13560247296109212	0.087033451443063
0.03197234374973269	-0.03712519154719366	-0.0016841435537215846	-0.05262948585407938	-0.02119910196450219	0.0368836382546754	-0.037933936178100834	0.08469667199956317	-0.08033750665047132	0.010155783138275544	-0.06332024451406368	0.013040190160201165	-0.12376765948913393	0.017912590783005167	0.03379524032241337	0.07342407737569874	-0.008138551774331341	-0.03875375977552415	0.08715911841428697	-0.024913720368962302	0.05523043913251321	0.03336384030832505	-0.07277774505617451	0.11690228403935018	0.05475054346067468	0.025660900320559905	-0.011682436865003962	-0.04955353435772079	0.1282516844226254	-0.017470743571130612	-0.021494900149692815	0.06669590714077883	-0.03388143466205555	0.029653622355868773	0.013265762799870205	0.06373374465134264	0.0660738197954934	-0.018455807023006542	-0.015875302285154824	0.07670926718057366	0.052054480773032555
0.017086724488499693	-0.0358748677794656	0.005005138754971447	-0.05352263668192275	-0.029240069278499266	0.03336582382854082	-0.02610276427487404	0.09961783919934007	-0.0024749481329409025	-0.045723848942236876	0.00909584501759891	0.04481020209373186	-0.04781659423396086	0.052398169128346404	-0.13554056632989397	0.020847077648219595	0.010378757777929645	0.009939721802305256	0.10117570589050526	-0.07355172880978261	0.026756638849083678	-0.006956455527333469	0.03742561595377475	0.1472073472195832	-0.04065230482489742	0.08507170844332063	-0.057418555069778165	0.02953571447617808	0.08648680789695015	-0.23684090865061327	0.007987672995969971	0.04645424425608919	0.01750171169322845	-0.07830119896264313	-0.054752810315080454	0.07421379752389783	0.012503505957971858	0.008067936880845672	0.08903815836392998	-0.01764978427211764	0.0823013845976836
0.018572027731214955	-0.05141260668003581	0.024054860914961167	-0.04045213816778182	-0.04455834960031417	0.09750026098271705	0.05172783722574149	-0.0011876012459002539	0.03535563993970284	0.04312223817301457	0.04389169917616854	-0.01199166764090999	-0.06052124966033362	-0.0043895147996640465	-0.061933190273098765	-0.04521741746133971	0.0008997976123217885	0.029243796731520784	0.1663731611275559	-0.0801355168436437	0.045430896933402826	-0.032159572894497446	0.05059325638407544	0.03179784746126923	-0.00868296294165428	0.0789896659693959	0.05742675318363308	0.044640919048437026	0.08338031258343513	-0.06493364655488008	-0.08884666594757461	-0.0189625666923744	0.012709469910180654	-0.09920319439421428	-0.10456894180292921	-0.02797066721571448	0.03805224249567916	-0.0025012252276625756	0.028761097740405077	0.016282699186091872	0.06448747681466116
0.031823696224677595	-0.01949657856648361	0.02489751841488787	-0.020690330643364445	-0.06938802963696887	0.05477980324239065	-0.06894920764011168	-0.028392640504027532	-0.09206064912857148	0.054318771689043616	0.07421879487668835	-0.03800505695400764	-0.014843307583771143	-0.011434171679285801	0.0414240854837751	-0.13084465401810247	0.03513869946331378	0.030246258841698417	0.06481996280283271	-0.08050079075065046	0.03777483344753029	-0.104022267119954	0.12872831797250928	0.01929473460499831	-0.10113772967876847	0.20250214024924865	0.04504429875883502	-0.019791653692552955	-0.002929992262683855	0.004114366108402165	0.09403063336785479	0.06299590725847273	0.08342233541162178	-0.13110250281187924	-0.1243030064407066	0.03575038480446099	-0.13380181005087097	-0.08030174109756733	-0.05042337923149468	0.08335933852592722	0.061965130282504416
0.0315851780859791	-0.01389795552729649	0.032975978914030805	0.03584398014713899	-0.036290542072339116	0.0025472558171297783	-0.08314912916776115	0.04155141944312264	-0.07822266222439772	0.04047678857183525	0.034364798377712925	-0.030737629081037325	0.010926568872089962	0.021079186776712153	-0.010006817108199268	-0.11930391466219535	-0.021915980132181864	-0.061334043910534305	0.07095992543779628	-0.011435704867237547	0.1379468158122628	-0.08217836008430533	0.1668978376688868	0.03602209920640158	-0.05266085581107146	0.11454743468532579	0.1347888101762954	-0.07085828868759417	0.03982249247962555	0.07205916748046287	0.00912364251904059	-0.09668429228426925	-0.03153376403244075	-0.06554080821447522	-0.07351784411184376	-0.0186455209712733	-0.13896851649008324	-0.043310852647606195	-0.08303155159125836	0.07588369232359285	-0.08537752050942207
0.03210249722737034	-0.021122066665313403	0.0252166340477391	0.06529032953349234	-0.018016706876238672	-0.02107815835538783	-0.09544890292645927	0.09364731220952498	-0.04557697436500346	0.00675522156143784	-0.013591505462757347	-0.033503595105044734	-0.031070555765451088	-0.013885518933726	0.010990222591611296	-0.10016179561366383	-0.0459366673532096	-0.05418081278082883	0.04372516066998793	-0.07530965443593188	0.1452759548591213	-0.07658291978978533	0.024752139763040956	0.006143614125775132	0.02566922962213905	-0.002416233453889364	0.10671696806202839	-0.012039412618726694	0.043514309017938214	0.03095918071560226	0.00010029102714472285	-0.07831363738997735	-0.04554532475123031	-0.0819917744294463	0.011642009913946011	-0.09689777237906505	-0.08196482135957123	0.0024731706300635536	-0.061988534194858405	0.0512521401881072	-0.031177161403208926
0.015337560101799081	-0.02876072926890284	-0.019971973355143138	0.040360381242582816	0.004480946608091137	-0.0037629912142263682	-0.07324352909741035	0.12490498173171093	0.10233311133128165	0.015763904292205467	-0.10716013086733982	-0.010759160098159384	-0.04140087297420218	-0.06727423582505036	0.014735351184905064	-0.08688590595198868	-0.010494444405758311	-0.01936617918977048	0.08454762472431596	-0.07468143504355239	0.11378052577649679	-0.11550270306536828	0.011529812790089147	0.00786860437950717	0.010563743090181106	0.02224343988526055	0.08071821600849656	0.023937932009859587	0.033709365763100844	-0.0328670885288625	0.07659178443451363	-0.04066790727114808	0.09281217641513781	-0.07317729246956153	0.006037394257163896	0.10532373260367903	-0.08487632887654803	-0.02295480413175592	-0.07394438234125608	0.008806792701505948	-0.03242734706344212
0.01755592091042146	-0.05921241677409492	-0.03936784419503632	-0.04031132321705659	0.0081154504617631	0.09609870553215294	0.021403143885958764	0.07808859851160878	0.08506722110279287	0.1091416877826314	-0.08679497332629285	-0.06993509922896975	0.026515481178727277	-0.1134922893064213	0.03280662500220299	-0.07006550687242075	-0.007156343524762513	-0.03113401854384558	0.09130258208240831	-0.15043525356556392	0.0641467111652744	-0.2011296839399389	-0.03424340090525747	0.08442192837534711	-0.1082129231231356	0.0036170937339034745	0.11641198685184972	0.06228626451328376	0.05067955605770934	-0.14816516559633072	-0.018812505249178685	0.062073336661729324	-0.02143337559431128	0.03623708121861715	-0.17413699073802186	-0.09137850365938324	0.01847840658461361	-0.0676730424082227	-0.06190212236928634	0.1470376612008817	-0.07189955730210162
0.007853808571164961	-0.17327289624150685	-0.06919076105790517	-0.07747767933877757	0.10164629785650359	0.059517012321957094	-0.03512392012661259	-0.0016645659276387384	0.00037314880863958006	0.11721135690360368	-0.0744672442790322	-0.07792948578597816	0.016657182817092903	0.03839769150419638	-0.011001361032101222	0.06344603648708316	-0.1122599768772956	0.015694669413911573	-0.026291771256988145	-0.06839670534027166	0.0302559378119336	0.036894742739121765	-0.09019803684680713	0.05222578215066227	-0.04491337518228146	-0.07838954000992016	-0.050386138428067995	-0.010176930351653415	-0.07062489929674262	-0.18822554602105357	-0.06858951516112868	0.06608873981528905	0.0867417613771295	0.26754975348558796	-0.05971542464928783	0.11559085560181387	-0.10130912432368398	0.013269914750649129	-0.18058148394053897	-0.07548668739745235	-0.17319066045405995
0.010996790933067956	-0.2391929064388585	-0.08861112707179827	-0.038122450639236624	0.1535179757786185	0.02891600719110085	-0.06938022546800471	0.042695226594283334	-0.07878900127567123	0.021897762133186435	0.07182858955951071	-0.05236661155891538	0.040005676369884405	0.0688796083824648	0.00509693090083683	0.08174468543532686	-0.182221920126935	-0.11115882353111434	-0.044562958667682305	-0.007167283757526774	0.0898836002732181	-0.03358438032205552	-0.09860254072658028	0.047184994380309715	-0.026716599109464487	-0.11169633192094643	-0.05455856267082181	0.05458232964363234	-0.0855391359052236	-0.01789017064424906	-0.07435685528109616	0.03866442679936025	-0.02094311116627289	0.19917266267819986	-0.07475833077147655	0.07219649142400111	-0.044735682431122456	-0.04156254646260315	-0.11896982552649894	0.04679062221457484	-0.09087556637428787
-0.0031890906564238084	-0.2801713493701268	-0.11253368911069507	-0.05238526241665577	0.19779969238709355	0.03604071913144635	-0.07299972380123963	0.04558564651414527	0.07271353745436526	-0.05016354229915332	0.18046022345961374	0.02734163271797237	-0.0032453984596630763	0.041473292162019004	0.06686764271359966	0.05269043513459291	-0.11496338155845644	-0.07197450346178394	-0.034697690359351344	0.035222267829771454	0.037975778975468236	-0.050457640216297575	-0.020374177072578464	-0.0940049492509476	0.02632601590505265	-0.02500886905586558	-0.04394321543619229	0.05482253098828521	-0.09370136625043542	-0.008464507898361857	0.04005812576116467	0.0033906751250920297	0.06100311819113976	-0.05341106649669673	-0.0011261046185997853	0.05206372311417046	-0.08880900102910935	-0.025849788848687806	0.08441320624117389	0.03150191517264101	-0.011135869517788041
-0.011502555932662752	-0.30606716279613744	-0.10847942260989561	-0.11239178458463722	0.2631357810867215	0.08688421659622594	-0.046988236007402415	-0.03307770606577972	0.06145988831657035	0.05893985799984864	0.2004739077366197	0.029131390413606982	0.0697562619913399	-0.02945255326332647	0.060272166594782725	0.06033666986459696	-0.016066565301707504	-0.0613964212490239	-0.12268550655965295	0.08121601299377813	0.053478521096567797	-0.025281261478338018	-0.005737747578349672	-0.06411597809603112	0.04371733417417675	0.05091687614961971	0.010736159102048644	0.01796028549570966	0.06401980973198174	0.01564233318645298	0.020350986149064776	0.012037192021762316	-0.057280862761856496	-0.12715554588105674	-0.004913756343092143	-0.07015289135776823	0.08259656231676858	-0.028872420373891317	0.03393742885207154	0.02076731711911947	0.03540397708713904
-0.03055094492493765	-0.31692982412620646	-0.07801727922225607	-0.11689189573774146	0.3062999278348594	0.045184216093813775	-0.10703474960763029	-0.05119665754423177	0.028963262551476906	0.1251157249884335	0.17865391727477486	0.017653174841584393	0.06635795390762471	-0.04463138929084016	0.03258315221527608	0.062553727259038	0.03233603414162329	-0.05328632653376958	-0.19387672695640085	0.08609466632768258	0.08518357577691538	0.025273966793165733	0.05453295553388446	-0.04376296526518853	0.03175566911271563	0.15505054864859463	0.031726586815104575	-0.04640052419637083	0.09278574951743221	0.049038079275943496	0.03345829957036687	-0.0460049865858016	-0.010514271037036324	-0.17092857901748587	0.048879415008692195	-0.017647020081028197	0.023412802799061688	0.04972378507000776	0.07092278897668826	-0.08132995094164375	0.11848279414502329
