pca_00	pca_01	pca_02	pca_03	pca_04	pca_05	pca_06	pca_07	pca_08	pca_09	pca_10	pca_11	pca_12	pca_13	pca_14	pca_15	pca_16	pca_17	pca_18	pca_19	pca_20	pca_21	pca_22	pca_23	pca_24	pca_25	pca_26	pca_27	pca_28	pca_29	pca_30	pca_31	pca_32	pca_33	pca_34
-0.15033854987013195	0.051659153388219865	0.12926839396450251	-0.1067918967428037	-0.10628933362392101	0.17509751804467769	-0.0036025625023484976	-0.0643252576490166	-8.475230554253431e-05	0.006008878077488843	0.04501897432737833	0.2429568502508292	-0.02721731427917121	0.19517657466576663	0.1124730610169753	-0.0824989092237707	0.051260691645111864	0.05949142832302735	-0.01661494147460821	0.12893013924006586	-0.12316507769151057	-0.0331190766777546	-0.0482962918619585	0.050041920084158455	-0.11850690628500414	0.04202534329302425	0.17120072738797038	-0.003045165356218696	-0.10615360250859963	-0.1131121585343312	-0.07602530493542876	0.022551622420338754	-0.1473548647634828	0.03252333508746953	0.02912586569006024
-0.18444231529470112	0.1658704906029163	-0.017699001769517886	-0.05908214589184674	-0.09197498795055482	0.028623521223748977	0.09116981285967438	-0.041705128622590876	-0.012067252862708495	0.1132111719875971	-0.024882692507437514	0.12162684833766703	0.013066871766826527	0.21431465222870696	0.06807514290643503	0.006892278140877483	-0.058293691888425814	-0.029406402188554576	0.07142993302629726	0.15314748566042063	-0.07277365775460282	-0.2560962602387255	-0.10623192432359159	-0.05534059412649971	-0.06526132939476773	0.012319018417233023	0.01274523245129551	-0.2771395762079838	0.09526577547010509	-0.09553357887078781	-0.0004485949942634876	-0.030115979023365623	-0.02010474708805205	-0.15879674366574703	0.1766025305961857
-0.14657521858372394	0.1094037138577593	0.009174220937484379	-0.14151556383358282	-0.031069006583762382	-0.011442659170354585	0.10280403028484378	-0.03778978345842944	0.043805358644077204	0.040862034339128314	-0.0168089952230236	0.030129622641407117	0.0798227989177781	0.12255027695656567	0.037653810515156386	-0.147069542069395	-0.011163440384359494	-0.03190139936250542	0.11695921725342653	0.19864624910713904	-0.07192379075841929	-0.10010796100947858	-0.10478263337812889	-0.04936345629101584	-0.1683205931609932	0.016055553044655852	0.06418877707400879	-0.0737937467485613	0.1185718780035236	0.06968505862973806	-0.013961414023689169	0.10386785193354559	-0.015168416749844801	0.0012413854385251626	0.15773484184699316
-0.12022857893106814	0.06497155696033569	0.04923973720170238	-0.23416056773208868	-0.08552666030265099	-0.05830298838202874	0.1206071662879763	0.001178101758603528	0.0665094452390256	-0.00846922627171063	0.034957687582551966	0.0968023235611628	0.06599907185612668	0.02217389084815835	0.0473757030549907	-0.19315142252032325	0.09683943480803564	0.019101109962664266	0.04726575003348004	0.10418746207534291	-0.03661289099599724	-0.0931322349773187	0.055209142514067014	0.07527624522226595	-0.05399119766678514	-0.09267066092034003	-0.09368073795998838	0.009029987043740488	-0.07282779827059896	-0.050079878966663625	-0.0008293802677718717	0.02807353514144034	0.01078899488114007	-0.006318807237092178	0.0560980497087937
-0.11899177904936019	0.038745467980592196	0.07823255683633538	-0.11793030596292425	-0.12550676401853356	-0.04831594473477302	-0.2013386484085751	-0.07105918400103794	0.08456982415569995	0.06479374653193001	-0.04727195712979059	0.00679793057210934	0.08153729470392306	0.01808589217962353	0.035840921968671585	-0.15386573328329828	0.022372313749809906	-0.03464070358506887	-0.08792474882609591	0.1013642814429283	0.01143272922294658	0.051539301106901456	-0.010543471121519845	0.08608510271618071	0.03170309024618352	-0.02930490916946853	0.014328605901903421	0.061963806968688154	-0.0008471783569907604	-0.1415014806260289	-0.07210412717990522	-0.08800023708531599	0.08162579241816068	-0.00019724056483905877	-0.16639118252758442
-0.11520126263369619	0.11650153622282355	0.06546294338328418	0.018439762876570787	0.06152126733643498	0.05820105069171044	-0.0952165020462676	0.06587754389100856	0.09714609367074394	-0.11790930704978296	-0.13426813691258987	0.11095663125721916	-0.00044356552062092304	0.006993331296970164	-0.057497742481903875	-0.12300385106297963	-0.005224020391403284	-0.06394065247161293	0.06875513897254558	0.049589415322930354	0.020150681634865504	0.033473704100033475	0.06040437260031913	0.20903226863890045	0.013228773150660005	-0.07056717090392231	0.06281852216219848	0.02895283820736105	-0.04410672827477748	0.05753937871222776	-0.1479951843321884	0.008381191825258663	0.09583086677917257	0.04269310486267222	-0.027370193822961866
-0.10798934064316826	0.11115483589378103	0.04436296296776568	-0.0002830124264378703	0.0170002442285081	0.05080105083986236	0.04664911613576825	0.16470763024047236	0.04366884531811977	0.010091619216196637	-0.23968858831955436	0.07747173456328643	-0.0011204171336765822	-0.03920988075145712	-0.00140149430374642	-0.006851291437026369	-0.004861839352512644	-0.13604128711068103	-0.12417353952744649	-0.1289549092929907	0.05598883667601194	0.01877094070594668	-0.09921813515243436	0.08731913721686119	0.10309183810168793	0.012824085230380115	-0.03724178808775356	0.04749303380496492	-0.08682356777196622	-0.041575874271583414	-0.1366159204760862	-0.03744781190933398	0.11402738304443782	0.01227879562350636	0.07622826980438269
-0.08846297488968034	0.09311754584070499	0.057486033816524174	-0.12073712257481756	-0.01858161212699494	-0.01598919838402424	-0.03698556182744875	0.09178334793726928	0.05781018031044886	-0.07701589801474629	-0.09336061258573755	-0.03426157613300053	0.007999841217955043	0.040229778696999965	0.11363455907539807	-0.05070544047544146	0.12167068092982139	-0.05478379351075416	0.11212077178118206	-0.16567100868756968	0.3201277757749308	0.09909233140092327	0.0895188455804177	-0.08093151768774745	0.06063368469845076	-0.08688224550512966	-0.0221936187147595	-0.1514614829195207	0.017386915691802604	0.11937516418424132	-0.1400914768447281	-0.007117454585860692	0.07378917697289734	-0.03046615279859776	0.0044597790748196805
-0.09493711158810172	0.08506489654783672	0.08136300220342008	0.0018212306514258092	-0.025693575638728455	0.11203165729713116	-0.176206859028175	-0.0790432503255783	0.07266728740679443	0.05332946866686418	-0.04666476244014578	0.033760303114737766	-0.05928965403732091	-0.028803466641257956	0.13042357701533008	0.03227910460278682	0.008569484039852193	0.09165403434844026	-0.06298867916705606	-0.10528866041018889	0.0347647739183127	-0.010701676177415229	-0.019651416427328386	0.04093293999747273	0.03542887890936691	0.05973869191479353	-0.07899548930007297	0.16537269377471717	-0.16316752071488816	0.06552795096079891	-0.025388343617369927	-0.00016503824327828223	-0.22843823719008738	0.11160639809814549	-0.014920276276418962
-0.12315909780961816	0.156108527983383	0.02536426470097919	0.06735608771465718	0.07292009418456596	0.0853315492232937	0.06849155788407726	-0.049382549664140046	0.07549029591868227	-0.06050903917476006	-0.023565045346325725	0.02115179556134364	0.01580598084015815	0.15602568676987877	0.03920103845127036	-0.03624831972475395	0.061580718882141464	0.04791831266348823	-0.022012762294206466	-0.08165449260786015	0.03202873382627712	-0.1184861320713956	-0.04185841717475405	-0.15571907747864464	0.03262567851408392	0.021549045366445706	-0.07700736956303281	-0.08734834970184657	-0.030802436831852506	0.007043792730333662	0.2014997659657885	-0.07616780077184598	0.07235477083398399	-0.06679291276302468	-0.16112026438172408
-0.08903240306573573	0.05626538575294248	0.0738812599043616	-0.0887796005378966	0.007968308121436896	0.03075009800092615	0.11627220077591924	-0.006926955569968807	0.10381021059207078	-0.0475962293468018	0.012587882810550496	0.03201950618415844	-0.0046204621240668285	-0.022701452436179492	0.03266889315595231	-0.08113043032366535	0.059253295934170405	0.0705852786708675	-0.01909764522306644	-0.09141173291691121	0.018199221212176597	0.0316839764568027	-0.00023775520719404586	0.06634267297010213	0.09791407735978526	0.0002988860345754362	-0.05233523804872829	-0.056156922126698226	0.00318299213172258	0.06057735277490328	0.14891742243706912	0.14751808295738641	0.052268315825469716	0.08769665377132908	-0.151075679892608
-0.10972660649219629	0.09099939140398502	-0.02256300512902631	-0.002082728293071441	-0.12594803225779244	-0.03653031153084001	-0.07354243158607013	0.05449515189078691	0.07884129525157584	0.016116193489040653	0.0016630324148346753	0.12140243888305102	-0.014385062700236494	0.023210861420627494	0.045567641370578504	-0.06924921270172182	-0.003538257487395058	-0.018172425421945262	0.027916288471459168	-0.06947882344711848	0.10258048173077866	0.024030725693941046	-0.059202702021981884	-0.06765171682477968	-0.07280841564189984	-0.03027379718122057	-0.04121367701475362	-0.06058997998351427	-0.15954039273350937	0.009707741614844802	0.21494349182685712	0.1487914599427266	0.07972493152235521	-0.025011493131688357	-0.07304573126389087
-0.09160680146513518	0.07409009382733249	0.06513241042121412	0.025790272539707386	0.06062927890490093	0.0061138267619484515	-0.11231923165834412	-0.11319419377702092	0.1249900553043803	0.016250689112500258	-0.05943376700067621	-0.06358497584932904	0.0482475205563039	0.05508952541751244	0.03550603875341368	-0.09373687921603144	0.014748814599578462	-0.011081180079179232	0.00807859436093424	-0.007955814017735388	0.05444654351917322	0.0017631699128574582	-0.05797916895836461	-0.08952907284744246	-0.13285072345652232	0.05204689893115458	-0.011330193824257984	0.05333319769538492	-0.02337487935058495	0.07122977917556966	0.11838025170455317	0.09528330536661378	0.028434581640130602	0.1373807977828761	-0.13052027061347157
-0.08630665743674193	0.01362320678657298	0.08952969730777792	0.01220346211305795	-0.010079344211242808	0.16242140684444586	0.04417784356957877	-0.0317876005382664	0.060667822155259926	-0.06466528181449423	0.04596687107017183	0.010282375989664756	0.06479513649128894	-0.012647077357342329	0.030948485331100114	0.05655841383007246	0.05214816927466116	0.01891590892841105	-0.032631569831656895	-0.10232151358391534	-0.0025090977039314566	-0.05339344913994068	0.09479310603436385	0.03752219619982304	0.0657277733324717	0.08088611378754765	0.04577083559333664	0.12100370904002498	-0.19796644596917878	-0.049401560501869196	0.027183746424474547	-0.005437248033157958	-0.11372460835443149	0.12315857534557803	-0.12267653089268118
-0.11893681071709881	0.09433716187681213	-0.041375513997231585	0.06918979213369365	-0.010923840093324682	0.0041524988728811	0.036436151467343136	-0.1043490878792228	0.06305506150238897	0.01136358936982185	0.028251057217796905	0.10280549092150444	0.01712342276603541	-0.051136166421580115	0.04657637051690969	0.06130433687251108	0.002145651170984343	-0.10267791533744884	0.04797383367296731	-0.03277664933241717	0.1362569309127408	-0.03833505272771745	0.00822072878419318	0.02059465748948831	-0.06738630826091303	0.006974828540266062	0.08855254264294037	0.09307939255308237	-0.0683202523448968	-0.011737681283493458	0.05791197617907631	0.13216089503453732	-0.0032197821871621513	0.04260425008580111	-0.13225169099526096
-0.0931268423381376	0.07261441975681751	-0.04125914603865721	-0.012200641669722284	0.022874291481595574	0.1087503595253575	0.10168103480598129	-0.061915017035792115	0.13110476640233357	0.05949450828587738	-0.06413407794495574	-0.09220913854953008	0.045349391822636795	-0.12410507093944256	0.01044389969094811	-0.0324818054546715	-0.012092283458849051	-0.029661636694798432	0.048855027726371986	-0.04541931392016533	0.018530737354464782	-0.1010165827029546	0.15148681461229727	0.03868444834080828	-0.04892476011146385	0.04341090179578324	0.08331714039560739	0.03614039697424734	0.08864294893651903	-0.07160987810078327	0.036008514694423406	-0.0626590006773699	0.0333162128681654	0.15805935319013378	-0.0839269383923278
-0.08847912046872533	0.05529238818898009	-0.06530368655291374	-0.04389093430910376	-0.05923973509155834	-0.012293965234831953	0.07093626116359278	-0.024196299082296764	0.10895917423533916	-0.08508388249266449	-0.03732981990305195	-0.14731939782737605	0.06129033374410914	-0.18927928384200587	0.010704817986044113	0.018596711354446183	0.008382881976651525	-0.0034619439117710704	-0.09798056189423882	-0.0032209576343685264	-0.0458960846913411	0.03365762626940534	-0.13069627608748927	0.08089297367144634	0.09196597488518062	0.01866920192193086	0.07256483531063415	0.014587136179307904	-0.02412254809371306	-0.08047437475164795	-0.03752220184889242	-0.03941422273468527	-0.029577214532975488	-0.0022997543729249316	0.1004928469464937
-0.0759914080644773	0.030509002502467245	-0.036996874873635156	-0.0654551855896398	-0.005438434141874206	-0.03551796567857077	-0.045437125842773485	0.005984810301333699	0.03953126124642828	-0.025545947120549875	-0.1516025528912211	-0.04889067288886717	-0.029455388828951053	-0.18845416656237257	0.011990254167724812	-0.012207181709867454	-0.05317692607424254	0.04106544276253593	0.079411951922085	-0.04125666494707789	0.02429390236337195	0.0575822165100027	-0.07275496080560917	-0.05288669778539484	0.06419080716112743	-0.103396859246766	0.03889244842621407	-0.06384455396823918	-0.031300834966762205	-0.19035442395576518	0.00244960284980366	-0.025325643076204194	-0.09150718733095281	0.008111939071153422	-0.007658853028766132
-0.06370095331034482	-0.020572220402183993	0.02634389070662655	-0.016173809221019377	0.03184720170271286	0.03509720338225047	-0.08873090555299439	-0.061116882686689654	-0.010825073024063693	-0.16146307832055054	-0.1525772002751905	0.018469603997379055	-0.062149275425493755	-0.04973486840085331	-0.018285784748510003	0.01314403575293327	0.07433569320840434	0.03341876823468812	0.08380422375451402	0.013910247617105076	-0.05945740045990469	0.00922873370150992	-0.03347837624446015	-0.1106739787051705	0.04377030880201441	-0.004065029864664296	-0.08684937055769565	0.14099733439135126	0.1184929024431055	-0.01930067864832416	0.10692219377220233	-0.0409259995508615	-0.06888267709550372	0.09174847855054928	0.1752367538148445
-0.11000840150711297	0.06058488839807839	-0.06499663010296304	0.1353947509852256	-0.1170172614531707	0.1905049482506753	-0.038528840051956954	-0.03129494684546227	-0.04845831492887706	0.0872249291215431	-0.002717801566232421	-0.046190707939559136	0.0013307915048667573	0.04565836266361753	-0.043302096659626865	0.16016612702537342	0.06124254568656609	0.0919441574257445	-0.0029708847572736327	0.031649740344308105	-0.0008407395096471093	-0.007343492867512395	0.16200010023893244	-0.053125318935928464	0.0500490654844378	-0.14111331395443294	-0.1187222943383228	-0.07473542634122406	-0.013782407452743992	-0.05131542186180435	-0.022358164734515087	-0.12081493533451401	-0.13515112847892957	0.06521092012992229	0.07225341139929879
-0.11383872684953274	0.13019363031135237	-0.10965286456255914	0.10221518945536973	0.0795235439121657	0.028383792843180464	0.05532826423853541	-0.08037005348276118	0.12776353616964992	0.06279116138794061	0.0026005211987518108	0.04091491242847849	0.0873474010289556	0.05202543357791856	-0.038523046326983584	0.11418984999299042	-0.037427580663386764	0.012207252292545538	-0.0672971476423174	0.020820339619840145	0.04034024964629938	0.06268676573849633	0.01774838609296992	-0.031311403939129734	0.052372471371616075	0.0416037634140407	-0.06332710316098847	0.14821671541812517	0.12651364755012232	0.045698445784815814	0.14224486273840198	-0.054288120974484835	0.07867554638737592	-0.23054046427580804	0.034662949425232764
-0.05298275115019039	0.03405521325778225	-0.002945764341522644	-0.08489704220834587	0.08414832714710704	-0.013579510215984405	0.18082059781655355	-0.017514416814245374	0.08028429337383769	0.11494401942980492	0.04118714245619348	0.04718076725258917	0.04928770764085716	-0.0619444380705194	-0.08488305219623798	-0.0216913400169242	0.03706225128248555	0.062472452232775866	0.0012154173524967782	0.01939288910109606	0.01260462548247454	0.11372741279476964	0.08882486582213399	-0.006070063247614471	0.15003573500656658	-0.03150950590881054	-0.07925998727891531	0.10532487328554647	-0.006155172452857918	0.10154172387388644	-0.004487406940670999	-0.03529462287100661	0.06251184553596595	0.008519448867509005	0.04732596462065966
-0.054128459506715236	-0.04716057569811067	0.04871358374568619	-0.12170117977142901	-0.12527941914298302	-0.047594211732716996	-0.09625837557708967	-0.05682180794016085	0.08605974803305572	0.06560234877273667	-0.0036041690356943407	-0.11373622039916054	0.04026162962823332	-0.026431195761160008	-0.08240246576518934	0.08493439124304708	0.11969747230831668	0.09219828946904854	-0.10401883760970157	0.029858749547786362	0.043929600606161995	0.019768140080643218	0.008352665548511107	-0.03427233530296789	0.047034558430361306	-0.158513803996443	-0.061918552383999896	0.08103989581077375	0.0582214378548048	-0.0871328376010051	-0.019188849754022075	-0.052995792427021515	0.021622767951464977	-0.11678915558538838	-0.13245740279678167
-0.10665024351993196	0.0987655122563098	-0.06075382898675822	0.1307523576561398	0.02938744005159464	-0.01428665032617722	-0.13262167581020656	-0.040690454103391865	0.054455049933431976	-0.04071722443128778	-0.012725430738274368	0.11706396450491936	-0.018386818761615298	0.024923641530794793	-0.12716693277346763	-0.04399131888045575	-0.00036754534594526933	0.002265459113707513	0.0751779337899987	0.0258308120558014	0.10093226886792295	0.10399968444603297	0.09022702956678812	0.06900934313963059	0.0024713144522922337	-0.030208995749737805	0.11736310867828645	-0.00892904926834108	-0.1515585151070465	0.13731692677566298	-0.013383465071459148	0.010361169711926275	0.07929015751647644	-0.0727600629964838	0.06262581256090177
-0.08036268661268395	0.07098903572532914	-0.07094365259171544	0.07124898415920397	0.08040263569977699	0.1566821072330665	0.09657505486462448	0.03269931385828557	0.13540978968549522	0.06818056693118774	-0.08964296489507419	-0.09912567205441086	0.006434482402161157	-0.03984028521371413	-0.07143931661271793	0.0284002402463574	0.030470597806463353	-0.0771756309144036	-0.008128773893443117	-0.0415653441439722	0.012863779822872179	-0.002148972000274918	0.20937249716711193	-0.0343284960592416	-0.011173647171989265	-0.0048936072664485936	0.03889102699224101	0.13605488637178773	0.060516360147710675	0.014809975597769184	0.009928911278241123	-0.1052709521634091	-0.013087765841892793	-0.09048038407104292	0.029572406226207028
-0.07944992795032772	0.03702646915142836	-0.10958429011583817	-0.02733458184321645	-0.021769753087533362	-0.008997857372308555	0.16319098450750327	0.03783276203899794	0.07987163831771414	-0.03923738483301209	0.02347902973585181	-0.08975886133143335	0.03198006884561194	-0.11459895872757887	0.03909837599487148	0.036750474327460966	0.03157114775462838	-0.04802595902017284	-0.03906801996308408	-0.10473497994838701	0.009538705421824806	0.025932022286182556	-0.07289209899460329	0.03319905161761579	0.06039684240646753	0.11718887402719351	0.04951587031145156	0.18263646477522053	-0.046465961701387115	0.04751484220878292	-0.14182991678558476	0.08065607821834725	0.01832272657416592	-0.11363706268735556	0.0447631915558234
-0.04856500783894351	-0.06265486116889354	-0.016737935403612056	-0.11636343276647126	-0.06856702309980973	-0.06889795334219183	0.0019815656192994995	-0.09345341187665687	0.0013339986041677881	0.052196119127706275	-0.0209907548203523	-0.09070621020919563	-0.03572151300953513	-0.08062041852162258	-0.003124231269377553	0.012565498282243626	0.07773926552902186	0.031189964544623916	0.09642435988285375	-0.05978255400876252	0.026118737531814873	-0.04842308783118737	-0.013808956311549037	0.01598487018440671	-0.027140834451696266	-0.06619085839963892	-0.027116047799792653	0.062489994199924015	-0.005928999388669896	-0.02105481053834523	-0.10859850760116516	0.03647064014472885	-0.06588622626898316	-0.15757986113442646	-0.04133743023538155
-0.07167142857162222	-0.04719247960536564	0.06637145650015731	0.026797349937732744	-0.05302576450168748	0.0140544647813527	-0.06218188620478254	-0.19514939028681474	-0.06407107236002477	-0.06058637652504534	-0.06363775863261309	0.04092332658115436	-0.03630591545036324	-0.09347109984447878	-0.06132011673114757	-0.010759002808533924	0.06190616820352962	-0.0188740147857292	0.19464105995165454	-0.011796239248580254	-0.0715999167990119	0.04695300114500159	-0.050553899348417836	-0.07265634626796254	0.051060294360353836	0.025441393800993483	0.00786790859738129	0.1682221999335227	0.1059485570369251	0.03336499069181628	0.10993999439170939	-0.003528014538575727	0.012131580004241013	-0.008165678705116794	0.22025488199001403
-0.05562608855488166	-0.010015744536471855	-0.006640105652029314	0.03485478951148053	-0.009494081023672484	0.09776982538585866	0.0689252831125292	-0.1607612509112755	-0.02390753848903719	-0.11772021568892933	-0.12059504435699483	-0.14625483554200416	-0.08702739385536336	0.03294224781734093	0.026285115518318775	0.04758516908365501	0.12808587382408432	0.104001173454219	0.03978544395091774	-0.114588343305139	-0.11104939344879661	0.06940260170526914	-0.16627278264893774	-0.020259029199199002	0.035737323945778	-0.21627290430890922	-0.011674752864025223	-0.060006099537964465	0.13803059266566772	0.04281836058538831	0.15805851659958453	0.04760234963612306	0.07880352562938575	0.030863414475501012	0.07599913658765442
-0.07492676912196614	-0.010819520161817671	-0.09491667325364071	0.09486354391030435	-0.140465560391435	0.14820393196411372	-0.03790364436141161	0.03600522900534716	-0.02381668688391308	-0.054974507646996074	0.06520154690703313	0.06741277481926927	-0.1301784136354208	0.0521550218670535	-0.08793352313940085	0.12556062478714322	-0.082552930699887	0.14555921129093974	-0.06107914604864002	0.020998570655453935	-0.03029167819014958	0.15704026044354433	-0.03754914994783401	-0.012828800253848416	-0.07494309269894034	-0.2798755118474241	-0.147769829404342	-0.09646934586484796	-0.015310857825998808	0.039020110506645236	0.058156174219383655	0.032052660909032096	-0.027584694210928296	0.05654414561017629	0.005896026555516937
-0.1072821126627154	0.10621128878160593	-0.17800080437987378	0.10142637763279924	0.026187313890529636	-0.006697625629807736	0.04111837300657224	-0.03674231017742732	0.13316150883546488	0.04818313875451926	0.08676560496328378	0.08091083081823273	-0.0074087648420408485	0.07912884360691592	-0.08425617715326889	0.13549012274969063	-0.14636188279149598	0.011265539251763212	-0.11483173751586967	0.01898440302347776	-0.0015077524457444424	0.06484455220298856	-0.020786260053011624	-0.13979273596916258	-0.018765098295880082	0.031950537967457185	-0.16731844847913585	0.1243085173287755	0.021372091484226106	0.002977500344125694	-0.03599635443424225	-0.03531798906061288	0.08689579648378691	-0.078656883810575	0.1758696739906641
-0.04145258186476466	-0.010398431788473071	-0.06612332024380257	-0.08533251998412689	0.0811915775539749	-0.024787354502847886	0.1397605867011195	-0.019607262329421508	0.09817770067885899	0.06806387807250563	0.11004230543489756	0.06729013922792418	0.014969403896016375	-0.06713758256675438	-0.07878896398107428	-0.043982467405454646	-0.06019873110687285	0.04085512046338857	0.02059766655326425	0.05617736696746939	-0.00041911797458293876	0.20387486544885397	0.08383598989437137	-0.08078156391840671	0.020285690584991578	0.0013236131644097683	-0.03892286337043477	0.024623861701037593	0.0205809427428989	0.10032622927269433	-0.04036762214247161	0.016641513593660652	0.06296854311588468	0.20323229629752554	0.06563344536875805
-0.023386589293446346	-0.09414702214543791	-0.054059307185418626	-0.12817812907685916	-0.09431401895519824	-0.03768087734618213	-0.04731383893623265	-0.04979776582694781	0.0852481474588391	0.10048648127273083	0.03899700770325844	-0.10621511709806417	-0.012758527116591402	-0.05844091361497689	-0.04949199752878807	-0.03178682089898988	0.06519825305491991	0.10134025133593523	-0.0898075031252586	0.03131725738501753	0.009529591529408077	-0.036438290437807816	0.08401212674074503	-0.01206554919915026	-0.009708110693866068	-0.11782518766443122	-0.04342178857570961	0.04255971501661345	0.01661943149420371	-0.07641829563405686	0.04540373509979695	-0.12671373599351604	0.016525543748721255	-0.007885027865866888	-0.0652549560809013
-0.06739089466944612	0.02097422640360075	-0.10332325095286435	0.0776939453539369	-0.005807101881708954	-0.05061943685227221	-0.13114645787325002	-0.030495562240017555	0.08319633681253832	-0.07736952699476198	0.05323543555445804	-0.018451871391625095	-0.029056482591320102	-0.07172415505047368	-0.19604304404703143	-0.029006331645926853	-0.05751087969524578	0.08132651982633124	0.08122414453829584	0.12348408085532436	-0.07978347796183745	0.012192058090645726	0.0012151290526249171	0.09328387210834573	0.015273316123988776	-0.023853357600286923	0.07150904634084956	-0.009010740298210446	-0.03512099178684952	0.022906597841123547	-0.02063206000671353	-0.01171630753690528	0.01612896889640954	0.08473891845076212	0.016083543970611125
-0.020014135869256655	-0.018212216517577665	-0.06531723649137304	0.021805797616315986	0.14382633813038728	-0.003205433016921699	0.05995912960324472	0.10284564659866907	-0.00459114189961976	0.07279234979652718	-0.14776178589368996	-0.04079691392988249	-0.036274581501843636	0.01632019829665274	-0.17535428179763984	-0.11335589322691426	0.06617645731347256	0.032752824894985204	-0.13102353095441024	0.12307028690060162	-0.0373973315537012	-0.031436745901701944	0.0036135069263385222	-0.01363786727228157	-0.016613390533037172	-0.01959768120270296	-0.019881805929935645	-0.02169520725568057	0.016977949020109864	-0.031454602618739086	-0.02527171950404078	-0.060268460378040345	-0.03151437892644991	-0.03255859007890213	-0.05580854990762757
0.000985637424538196	-0.0943063129283574	-0.034320893815004104	-0.08289792147101703	-0.07648954408492174	0.04542394415737058	0.0476237462346914	0.10469086716645275	0.08256671146835771	-0.06547314944144456	-0.022801428661223207	0.005326017067748801	-0.02449395230927716	0.051839234009641424	-0.1690782603645065	0.004390949529269853	0.11259880133543511	-0.0998236028888144	-0.1391938708112864	-0.02685295105271481	0.019744370552927135	-0.07113434748508544	0.013602245752694262	0.005403035687845448	-0.0013155284389124895	-0.004638952123965076	-0.035957849029707264	0.0027580924780092712	-0.08282834551126098	0.13449064659119514	0.04276613697149766	0.06263598139005136	-0.08941754607896255	-0.08708814078345231	-4.51108137325823e-05
-0.035225781766135215	-0.0019046659925867778	-0.08040320083747837	0.011818454921528698	-0.044457310812933366	-0.06664030625548449	-0.05236197101686701	-0.018716830041620527	0.01575497734241777	0.0761207486021726	-0.057008067569816315	-0.06450509055335821	-0.0910299428432433	0.0462508373246946	-0.1593383769977484	0.02095471450873395	0.11749911325143687	-0.028335871591341055	-0.017180080179068292	0.03074930607192271	-0.02041100804598671	-0.11142003079037617	0.004266750358132645	-0.04940695165171518	-0.002473982935061225	0.04206106070834465	-0.026184710339570566	-0.06578201980325477	-0.06299663575580142	0.13318208967832437	-0.14700091738427468	0.14148137463577326	-0.10650156411200695	-0.02790983996001771	-0.06392737403116812
-0.010999511652526378	-0.03896355405026996	-0.03064803330546889	-0.0224373972519129	0.035185188902925095	0.01508128560956891	0.07014717154182926	-0.012395405947916436	0.024363996132449828	-0.06386119128813773	-0.002896678567665844	-0.0028367961538137264	-0.07426417116648605	0.03765366609552399	-0.16304225126190727	-0.0953425827449806	0.12314218598310205	0.0323131286276071	0.02727407641780097	-0.08139338901985876	-0.0718185598707231	-0.146403051911487	-0.004819185874880887	-0.09842595828474218	0.007071386527424412	0.033653218875952205	0.08221772395232581	0.0011429365024201443	0.03870421907032321	0.008506674760521752	-0.04534675572688574	-0.04501105775378739	0.01768323214761125	-0.028594839307628912	-0.1034762352909912
-0.023895440855123948	-0.03484173308440026	-0.08421449836428084	-0.00044946040404248485	-0.12968932663116162	0.0023984545703517038	-0.040942554278532106	-0.0055770427539648835	0.016984032910147974	0.10872353131369206	0.028185753363495693	-0.06558232897057993	-0.09263884367836217	-0.00380928669980082	-0.03596419064167562	-0.04634125336169143	0.08032400278046616	0.037641388993984115	-0.03128989350994677	-0.046846781976744016	-0.01851117743395706	-0.09279967270180485	-0.07269607523383184	0.03600764345086104	0.027080745066433563	-0.04589311412163636	0.018550369750027502	-0.016450025789057358	0.12070134381674397	0.05577064312363113	-0.012843695441936358	0.06668747924171387	0.0434291657783904	0.04143610673822944	-0.11010280412503579
-0.026016320327944414	0.005116915923824466	-0.03852584197520483	0.01835534928635452	0.04418395306207823	-0.04142300279833594	-0.06027675778249974	0.03431539457479436	0.052544587658356116	-0.08090593220717397	0.034398549528931524	-0.03869551388672138	-0.07852426463449547	0.04902401457508091	-0.07161356100209332	0.004864504535197951	-0.0029723727473891896	0.11392626904408182	0.12153326060392212	0.0024603335252464456	-0.09911562386656668	-0.05236090992692695	-0.03749174236113205	0.02379787944867093	0.10314695912484027	0.06389263169377765	0.019699280592385425	-0.025155512153478287	-0.008152244893828452	0.031082532846558566	-0.025178055584896906	0.04293725381478679	-0.03097135750505626	-0.14393072690186165	-0.042200965257960625
-0.004993147371361684	-0.05883887624225325	-0.021936305224223414	-0.033152700228024565	0.034192686280546725	0.013503734616421258	0.026361489314346523	0.03831698291083179	0.03704256733350433	0.09643564001999078	-0.023981699378133155	0.04201901510328728	-0.10270347496597367	0.02720920917554115	-0.021500567503212897	0.06499785876508547	0.028463265616774012	0.06361587597537775	0.10272875953034338	-0.06936938276411617	-0.06887261840027248	-0.015215611439751572	-0.06834227786107795	-0.07058712725973779	0.1347516900390397	-0.02897835885979677	0.00931873542156194	0.007245521541403277	-0.12891503034285876	0.020713728196221415	-0.029518517185140553	0.04619992725614322	0.041560735739291796	0.014504734231966292	-0.03645285074158925
-0.040582671892562615	0.010089472793485097	-0.08883063401432602	0.058898472481395174	0.005922389305352328	-0.11438732060656487	-0.014273541561952654	0.062335153691602176	-0.028931844817262915	0.021224637322277824	0.03840820614036954	-0.07373549164953053	0.08584437706328363	0.07004656113253468	0.022039870439463215	-0.028503446671938788	0.04368110331228936	0.11024645410744825	0.06805333882007712	0.006720410562823129	-0.07351920868509862	0.07857017772229527	-0.055618718291335814	-0.1071746479391511	0.054065543599808016	-0.007644382937336509	0.0017239677643268343	0.003814839811257978	-0.12239758456189351	0.036765263178706105	0.03399608728259977	-0.041776311019523456	0.015070401760216495	-0.06117579376003491	-0.0941062288732823
0.01228651594248562	-0.09681762776613817	0.02901251295920105	-0.034980828204330426	0.029708790716203443	0.0043744037357421805	-0.07617849117087984	0.03792389244176887	0.10899725473634662	-0.003143159544329871	0.08460921842238515	0.036318003493179526	0.0657331248536024	0.004940045571074314	-0.10798005680069844	0.07476978354957174	-0.023271546827515574	0.01691151422868091	0.09005233823491579	-0.0018587091566559634	-0.1675802683243496	-0.02748021039663951	0.018480860790076194	-0.054366208620183584	-0.016274101039206748	0.0863406784008172	-0.023657629776193068	0.04848533300471613	-0.04966453307025573	-0.0466327628043993	0.0727915489604034	0.08990969727385045	-0.010853724145193215	0.04453947641598879	-0.07360166255674036
-0.028116976830264744	-0.01765916172060633	-0.06043407731224764	0.061371232629587325	0.04018817682040052	-0.08814985824122729	-0.015828034685318817	0.0621424568233026	-0.0003128118173551974	0.1321432075324465	0.014641818811051479	0.002409136916471146	0.06124395834085736	-0.022335507884226474	-0.03356813193133762	0.06787360471897827	0.07269600423856698	0.03283274823871757	0.06763802822516767	-0.029146534076648977	-0.10800042008643802	-0.07047130826592733	0.08052168105998307	-0.06081073301400224	0.05586737900103056	0.04879666355133713	-0.014494638050569879	-0.010410907948921327	-0.13711571105739145	0.0028829645799865744	0.021043135769723005	0.03205153195335863	-0.027377551181227082	0.006377712542289943	-0.0643174708591537
0.005664132940847172	-0.11240939485129396	0.027634599826180547	-0.01356208659433035	0.06789754898735356	0.030764234982523488	-0.03035516449384988	-0.03887476277536184	0.05053456704045791	-0.004609870645469427	0.07077639895092759	-0.056339756723548906	0.10286420260398518	0.032778107023066216	-0.045643599641584855	0.028846343607036563	0.048497883083705694	-0.03560058203196277	0.1035074828237139	-0.06307295327862279	-0.06326264166902368	-0.08159933508333074	-0.07334448015064483	-0.006367830308929151	0.008857948620953852	0.008980441309214377	0.05653675365029547	0.02597692520097033	-0.09662112597012099	0.07397993753786997	0.012946391900133726	-0.0003943362074165027	-0.004636121964390866	-0.027048234052461498	-0.009198224091493061
-0.02621878521749135	-0.04612328923041574	-0.0736250833531944	0.0489161736807844	0.035959757473099346	-0.07123448896967814	0.030418480167167063	0.010760254283871427	-0.07898457767198847	0.041069345007192774	0.023930289096825836	0.037026129494401726	-0.03420503924780033	-0.03965110398563274	-0.02067519877441902	-0.0042696667982498335	0.06156274690998972	-0.0733713720746254	0.053286657064418756	-0.15348462848119815	-0.009675517416075946	-0.06012308619956194	-0.042796868407746276	0.08707426505161896	-0.09771203984052707	-0.07218486238815655	0.0256701448484484	0.05980265087914087	-0.15581635570068594	-0.11787552957327585	0.02377081180046528	-0.010202649262472777	0.04445899421687013	-0.1023537851800713	0.02268985084145976
0.0013725899784803152	-0.12028968657521764	0.026711219078409055	0.0007694928469140905	0.06072130336715459	0.060911063487253586	-0.04761641906111362	-0.08508701296062002	-0.003658989674581294	0.010209936684387728	-0.076977069985168	-0.08291117535859487	0.06168641503577298	0.07336678717849202	-0.026544205367338918	-0.04668893035918398	-0.03616736607862704	-0.06309948795640899	0.030798387279139257	-0.0685904732972377	0.018481862876242875	0.04361847146289991	-0.060099310004094283	0.13544051836746335	-0.23218393317214872	-0.05728406885542141	-0.05376028747134116	0.06311476708921235	-0.07807877931874582	0.11125402535140388	0.06847532513465106	0.04454631905900931	0.014162563763435589	-0.0813325047621182	0.062695659288535
-0.06892192589611641	0.004236467915823788	-0.10451400970616978	0.10625801203857381	-0.01847471939973148	0.03869971564324785	0.050981688839458805	0.10506671427508739	-0.11240798647137186	-0.10646827979027863	-0.03821468385242507	-0.0388152923855763	0.04848716161245768	0.016235361595011273	0.00321496338039074	0.004440967908800733	-0.052299587740388065	-0.08018151952748366	0.16564522727350253	-0.16666732758243258	0.0627321780494281	-0.15934539920041263	0.1372647130047376	0.22733854597969666	-0.13165204842684436	-0.04689616686869371	-0.1309719128409872	-0.03717686360122102	0.07161861337444549	-0.015415325514464062	0.05913814431161506	-0.10771904179693001	-0.041268616947368573	0.16651053852092873	0.050643890529889685
-0.04793886791571223	-0.040653531282989486	0.003622768859017279	-0.1037892304831983	0.13228424852675383	-0.02628029915870654	-0.032477053332502004	-0.03651510967846194	-0.03755425212874559	0.07770131915197763	-0.01209350045202649	0.03697330665340991	-0.04482452306985372	-0.06376183098158753	0.09503085270165526	-0.008009703062527804	-0.11936577849756266	-0.04721518783565615	0.06894362744948061	-0.19030112503116167	0.07116695351497075	0.008037224528646341	0.01922278259729901	0.09841734371564677	-0.11912556961809423	0.06262332316830709	-0.20225666825603428	-0.08976518102969447	0.05396699144297836	0.05606012183638964	-0.07226632061388219	-0.05798811242687158	-0.1322340980614026	-0.09823757677555002	0.04661193839586092
-0.055956565270753204	-0.09628199476707766	-0.02444894911010498	-0.05321304582285689	-0.003618382062196308	0.13731781799950601	-0.037815628084763804	0.00984822255034027	-0.07776967785707548	-0.06951015004764176	0.06463297607907036	-0.038442190673310325	0.01875394982880675	0.01731576174203047	0.11953975540498088	-0.0538622261836021	-0.02727657220299762	-0.018999785578476938	0.00032079200367083824	-0.1407998844807767	-0.057015276901249565	0.01916545469486814	-0.10071873420182494	0.1037899798106907	-0.010189531437251853	0.05152858553037647	-0.09849512065351285	0.016457652096457664	0.000500197295104407	0.04872172507349111	0.04097035678082946	-0.12304937395544213	-0.037269197179440654	0.02355118765094226	0.04816733015459912
-0.06912916956592378	-0.045092758083429066	-0.04881665817660274	-0.038633421151442505	0.07844248586353414	-0.006023443579944608	0.011806681720583237	-0.010809433837009974	-0.08309581369589474	0.013873994171988086	-0.003334828879677563	0.11218271348692148	-0.052121316863695984	-0.013997838036838912	0.043275600358822046	-0.022661549108530687	-0.06942944848494775	0.012969038827592767	0.029880221704511396	-0.06068552197555924	0.0034242304197941442	0.09677674703697339	-0.03781318089476678	-0.003443604127185501	-0.07156834519480751	-0.04074391962821307	0.012881326297799875	-0.03646993034604387	0.06445728281678818	-0.013336484756290352	-0.03997807207514592	-0.11621407167484538	-0.07423891522995281	-0.072947975036153	-0.14930418975925433
-0.03613560709938308	-0.11574548855993369	-0.0773761160109858	-0.13135548313161205	0.0013591855237045794	0.043069946191170765	0.029358450105304166	0.04682997079469699	-0.058013278224501585	0.10297055261354901	-0.02515719162424157	0.046724799121514476	0.00607767394296726	0.03200466264964633	0.09507425158226238	0.05422952083856618	0.006390528658705459	0.03169348538700825	0.07014164772519169	-0.0761668102353226	-0.08996596855335252	0.0067870163440014245	0.04418690060488723	0.056500928124259324	0.0890870399786716	-0.06798912028261613	-0.031228485423119925	-0.010538077183848209	0.01983446553816097	0.0067066868121084255	0.006604489509489192	-0.014137214472552881	-0.03815248629413946	-0.006159576656929448	0.011031802512282848
-0.03450289255175894	-0.07317761157727522	-0.09910994133520426	-0.1161349392815192	0.0795621425313775	-0.12355955566316724	-0.07795139108363641	0.03322225305186193	-0.05051502855703955	-0.006862376288344859	-0.005203322432424325	0.016918667716186407	0.05337032952667406	0.1268114558713077	0.1851578433414119	0.0015349778010469342	0.04722279144903204	0.07541015684057298	0.06224899736230326	0.0061553954225053225	0.0038616067900789077	0.10859020783682587	-0.05216089076660322	0.023957219860002113	0.06539417870175575	-0.10487232793098486	-0.018115210854351253	0.04671461653653718	0.006148411679336201	0.04038617770801496	-0.062140625749141434	-0.09136239277522648	-0.07775207559141119	-0.0479671051920481	0.00957674155445018
-0.016654452046281805	-0.13178140549034464	-0.05022724534711442	-0.05346473112043546	0.0431739178814713	0.05588177238258148	-0.15492849589523153	0.12740548344048064	-0.00613823334050522	-0.053814883431461985	0.025689489607735767	0.1285188877017983	0.030102808742503748	0.06857986053949994	0.03738811636270163	-0.027230076049518954	-0.04523008071531534	0.05058037267121762	0.07331234552667201	0.044876490739315975	-0.07681443363535018	0.030147364940799164	0.021287709791172695	-0.02409913644468987	0.0670983951031206	-0.02261946371345449	-0.02948827875377883	0.12302886677802505	0.09720411068062755	-0.07009285508534581	-0.048885810626862036	0.0655363573312989	0.03181315707819071	0.042250823633305415	-0.009392358778647476
-0.008623896258694566	-0.07806214198093091	-0.08208770515030202	-0.019698891441574655	0.15774812191354645	-0.04858127706548215	-0.10796524048908952	0.07105644850663635	-0.03328946463498822	0.06735105591442693	-0.03181019974122438	0.17131104311324669	-0.025670784394576138	0.07288504744702859	0.11708596163924435	0.08946933700593854	-0.001102139820518233	0.001450726411130923	0.06125898806187481	-0.004438237183306666	0.0320422951326432	0.04674043213495507	-0.012487423484940703	-0.06683946659708864	0.17734439292185647	-0.04265764208418492	-0.0385665894896578	0.08868761162207449	0.0111293675262642	-0.09006095147583856	-0.04758595307949219	0.03809021718253598	-0.05173175493573891	0.031129583033003512	0.0280941080036346
0.004507002390904621	-0.11097742519532909	-0.08498432174440308	0.02244388250263628	0.06635968121157672	0.0962505178022509	-0.07089199467935577	0.13230843212198656	-0.0270434743501443	0.08993410891637311	-0.026696788816488223	0.027770878033462145	0.06288559262770962	0.07785134145710583	0.1522988271578603	-0.011081849137687788	0.09587358270138815	0.039532052823831085	0.04734003734896734	0.04058409109380428	-0.013354938474028098	0.05050172527467948	0.09552159238179184	-0.08901846001036559	-0.024320952965484602	-0.03288626272873795	0.021504784626942948	0.10570709074293212	0.12356323530887445	0.012677384195132205	-0.04992343202080371	0.0783982660576571	0.06293959293584497	0.04424620463971224	-0.030680790314871823
0.00826592608194486	-0.12590996202872443	-0.0022900029105556107	-0.048922374953049234	0.09685703033391198	0.004972539174076554	-0.08658246836097976	-0.029537540979581	0.04347028881238093	-0.051737686172331626	0.05938930547060842	0.012713147239373116	0.04589095453875595	0.09649978733480735	0.12505708142805513	0.11604972261920432	0.029051986142319935	-0.07507179028344539	0.039295856374824745	-0.04292854729730863	0.04724752233216757	-0.13547130456079942	0.028861965990326335	0.015055511441434744	0.10896242982103099	-0.018436126076673318	-0.06837286885945627	0.013204417969294432	0.07556696719917491	-0.03809127892870851	-0.037784431931960114	0.0543151482993245	0.06235154792282144	-0.018950064561349865	-0.04625884769008334
-0.01990341233487353	-0.056584490696417744	-0.07901914091220325	0.0843956887404628	0.07601935505675023	-0.018950105416844512	-0.023934589454039413	0.041197619865275814	-0.0883930882234061	0.01979638777237168	0.05133856195297894	0.10273900948705737	-0.03558460870493945	-0.012441400384499505	0.041422337459853756	-0.02964519648021644	0.005535843505836572	-0.03714433965904182	0.028869390187222378	-0.09325169719887083	0.009227246537544084	0.03713774494651127	0.0026166598720232343	-0.06839493251434686	-0.08924024827758471	-0.054655752465946006	0.07126785478647507	-0.007547364995609027	-0.10251494727783166	-0.1432869739143621	0.01574463599466918	-0.005606900865134073	0.04035873311163548	0.07701470877942443	-0.08323075662926738
0.002247890708761799	-0.12818417439772475	-0.01640647526515202	-0.037018914075998714	0.08723834596927911	0.07028123257943038	-0.021726732499389848	-0.03802290389136458	-0.019749802757306666	0.11362220675296977	-0.012534202209760373	-0.058908009352094275	-0.01665399600432533	0.07351235127099835	-0.012682534869917779	-0.036893881771929156	-0.06251000629287524	0.003906300114527925	-0.034820719627071645	-0.03805806935921816	-0.028743813947650868	-0.032024917729242965	0.07757910474309393	0.05088896937212913	-0.11711570919984327	0.03342663241076271	-0.024382755199917484	-0.027269265203667705	-0.02773657620577421	-0.03672529544004607	0.01744819860624522	0.1083363719363897	0.03266926652565065	-0.055642952234124236	-0.05981658731904978
-0.008454744939385929	-0.09806140037905671	-0.07889438185717637	-0.022630068693969357	0.06530043115428091	-0.027583438575750255	0.053551744051175035	-0.015591535766180267	-0.06596193657671894	-0.0594847762132546	0.05839592633730318	-0.05520098112198622	-0.0204359687562287	0.11342653242270512	0.02629647852970086	-0.05249789765402517	0.02428149973389514	-0.018313618468345817	0.005536899384907771	-0.09841414188314726	0.0275055473806416	-0.04803312072719956	-0.07583647768007656	0.01162175030491497	-0.015598038423770241	0.02636407466954623	-0.02658090240518405	-0.03740830737546716	-0.07703310017506354	9.991617834550874e-05	-0.059736352447350954	0.02679525943770627	0.10846698956741327	0.023094496307385273	0.01961081547336825
0.0016815183319283777	-0.16161631880226668	0.006748236396137546	-0.057901533429751496	0.007571929049289525	-0.0012464172524298456	0.05521961803237911	-0.09333912884604806	-0.04817372828685476	-0.07793354639298936	-0.010830711954447018	0.10543141251014455	0.006676282754754992	-0.00801665773178907	-0.040206880175602276	-0.14178974005604536	-0.0779356561042676	-0.010619117685634179	-0.04694769478727415	0.01352694656497884	0.04886387232895738	0.03807535211083031	0.09725838676844795	-0.014275629354361545	-0.09879020351866301	-0.048861233583394115	-0.08460277542370656	0.08000802507764374	0.07379209588572601	0.06773623327812452	0.055239539609792235	0.04491074245987061	0.07998721070898768	-0.04674686810779233	-0.025842625871415684
-0.028728980157958047	-0.12300563204392609	-0.04915002620777667	0.00225931318678231	-0.1892420606602698	0.060318388558056824	-0.04504526593566658	-0.033509523087456604	-0.07889543410248663	0.1162279126611708	0.058047577218879515	0.08196606987748709	-0.00814674886089286	0.052601303562265014	0.02716071707341165	0.003666976446620931	-0.06064023041888523	-0.04567934534493227	-0.12951953212185555	-0.046512939381770556	0.02320183228413313	0.0011677978508959977	-0.015791974787088093	-0.05040897795933055	0.05439244589230399	0.005837586837504556	-0.03345536737676196	0.07861737012094881	0.05292994920993513	0.109935506819158	-0.02557065626960786	-0.021857781404557568	0.04820402388889597	0.17681508297266565	0.04758378781091566
-0.08395045393062803	0.04576852284982469	-0.18984308927670168	0.07100812896196979	0.030963305505918418	-0.04171739066510468	-0.005120395758012917	-0.03952568475216456	0.04201559166549725	-0.0139017770988619	0.1322597497857471	-0.12762632052681555	0.06843331666753551	0.15859401795219097	-0.04072954893813986	0.0668028931308689	-0.1743764300956594	-0.0006938471842666827	0.062214559013340234	-0.052380835605752185	0.00482305570220423	0.07304449742393541	-0.02744748963251977	-0.11061372987084316	-0.060204789018645496	0.05714957619944134	0.07181039141515208	-0.04472262267649146	0.0008376476126118887	-0.11245171190153033	-0.1487519971098727	-0.10309934295384163	0.11002437864698333	-0.04180672774862533	0.05206055914784298
-0.013533731583114687	-0.06615671714520456	-0.13960362950180566	-0.05020677661765663	0.10165684597106706	0.03540931300555894	0.09482304726391805	0.03254812298377774	0.04339015100971808	0.010057323754305904	0.10328047725046687	-0.1084894484935128	0.04960311303157446	-0.012481371352333806	-0.05237840044537004	-0.09473129865562892	-0.15713483032368514	-0.001918486562636136	0.1357759227288955	0.04955266629793715	0.009423681315493208	0.06991450349070062	0.05478333330140428	0.041928595959166946	-0.0325894180723547	-0.005969066848722886	0.02959462825186266	-0.04967871740119639	0.03855351084450318	-0.052054414794732835	-0.02619549766809362	-0.024117957119498334	-0.05479594473042959	0.14904604979446104	0.037646267180400164
-0.02274939568508431	-0.09278323264060423	-0.173315852282558	-0.0920032647551304	-0.015617071842662757	-0.0328239778006976	0.046397869434511206	0.09362525097793509	0.08052816011557061	-0.0644405866845733	0.0306313216848653	-0.10140863454957826	0.033078586497617385	-0.07140808193858404	-0.027295805906601137	-0.01715663027768224	-0.08787390891502006	-0.09879145613509237	0.06346718079664193	0.0017663942520556976	-0.05358454212445857	-0.08305755852818988	-0.010125232497246034	0.06504330756453668	-0.003589296667325801	-0.023099599656941073	-0.044286046739859114	0.007831600617254715	-0.024696677036029308	-0.050260500992692435	0.054997890510371766	-0.0015556595298862885	-0.05686460796401961	0.0382380012452636	0.05279898608997177
-0.042921331382834826	-0.09011354684722915	-0.09569085894880003	-0.07231968114621444	-0.01286654004518559	-0.15825051941291685	-0.021093607753577163	-0.014563608864438107	-0.04251384822973118	0.02219621262877424	-0.02780838621810814	0.04146092016188267	0.03699072300188322	-0.11031702510763648	-0.02848631960128418	-0.06283379081852457	-0.042736915065405286	-0.1032200534480023	-0.05767595812110662	0.0009381307648245285	-0.14600031305750183	-0.08210319760603525	-0.11292072031409345	-0.012876947766773922	-0.07068221434804615	-0.014941274989658016	-0.0634048148458571	0.09872190137051103	-0.07489522062052612	-0.060253033703988254	0.039684877473439795	-0.12306286111682421	-0.08583437622311822	-0.018857818654582307	0.04918757200614657
-0.04375275994656718	-0.11664546442785849	-0.028711067745671975	-0.015804601467233986	-0.07166475558591064	0.00784951350309788	-0.154504610043707	0.005916758518657266	-0.022855307729125765	-0.059771123146715094	0.020727398857784237	-0.053722593385551166	0.09723390236006882	0.05326896349887391	-0.0670587063074821	-0.05936592492932706	0.023835339463791974	-0.24658057823366347	-0.004597679044337749	0.022597202585774266	0.04314962081352704	-0.03296738009524275	-0.06750928290604899	-0.01966991026230279	-0.026712325647250804	-0.0090724151022369	0.0038057022883499587	0.05629229577062737	0.09854574405995546	0.007545718440740298	-0.02672629072792146	-0.11818258285222462	0.18876978283391532	0.07845771185910204	0.04129425028834069
-0.04174342349916206	-0.035416526003728806	-0.046339955753238286	0.07461155131227083	0.12415158474838185	0.0017474182159591483	-0.05699076550153702	0.01723289330160967	-0.04302042998409419	-0.06169262307034909	-0.005444177618823479	0.0200860517988821	-0.07057425277709399	0.0250204646602411	-0.18968805958076165	-0.010779842896889052	0.03673852061611167	-0.14055693346443332	-0.043772212414812606	0.09369104497659779	0.10027217325074558	-0.025978427557576733	-0.06031635592701472	0.046316009874308464	-0.05144522738102209	-0.11621681297617126	-0.03904012033130534	-0.007700007101357428	-0.017956309876697163	-0.010224298466293899	-0.11050312654312491	0.05178193632601061	-0.11809321282248851	-0.01246555783676112	-0.06216092541523762
0.0012731582183845222	-0.09053128821995629	-0.007414010851393976	-0.03756006765437071	0.12736037814946144	0.054839489763111204	0.12918379051670467	0.06400021946890658	-0.04733244953093072	-0.015450684550268363	-0.05332974600530339	0.00022751247956816009	-0.04400971805973431	0.10267256216681078	-0.1371623286246825	-0.05215570125614455	0.08066789059411805	-0.0804100946873951	-0.09917748930997532	0.08730674789040659	0.13043575554378012	-0.0191320797686879	0.014991008747570866	0.009352709265664626	-0.034237488570161734	-0.11633325423018417	-0.14956792932616994	0.015134281565141768	-0.036339365620412165	-0.010072544645888967	-0.036289140447700735	-0.011075421012478277	-0.15204314728175233	0.09239867389301931	0.018667961881082603
-0.022245115374621042	-0.06470411403485525	-0.06886278443988511	-0.013983705556637796	-0.09669528475622473	-0.04647175255754438	-0.037120849192674284	0.062256548996594524	-0.02680372907180564	-0.09943803137491876	0.06433960574981953	-0.03771334144202524	-0.05561814005384358	0.059264247431978834	-0.06335314059973236	-0.036677686320545036	0.12140233911003358	-0.1683073612607482	-0.140104901906609	0.009060908121548868	0.17293284479365062	-0.09398185958434466	-0.03341943908891714	-0.07410077809330196	0.08658089690364201	0.05837786110647587	-0.07012047106985336	-0.02639295749570439	0.0747954257264367	-0.06589345223314681	0.0021544405463411187	0.06922444498634571	-0.001879557538176195	0.09400054454553747	0.030573895750237362
-0.009565082123906313	-0.048341662358347096	-0.025568335885346752	0.018215790541078	0.08542375969496425	-0.02099244248235943	-0.05997761233422181	-0.11673886464526745	-0.010463119450735315	0.024851126785622218	0.06767188996150061	0.03864215079607449	-0.17824714212205203	-0.029513067695471778	-0.0974979389696483	-0.07195043350493283	0.10044335588806996	-0.02323426152156969	-0.025884984069270034	-0.00047829284294128964	0.09382311621938091	0.03063943954453864	-0.05155421369357013	-0.14262315030995953	-0.05439859670223638	0.019617351579412953	0.029755921589675532	-0.030721821480081204	-0.006848411202519273	0.018204304019390376	-0.07183735224974502	-0.03506412212527974	-0.07785027997602093	-0.04279980292200798	0.04161495836040721
-0.00899977421311294	-0.07391068490208194	-0.040379627085258496	0.027315415826219786	-0.036605898324956816	0.13364890669220722	0.016529236287793164	-0.031205685816542067	-0.027449308855723494	0.15792436319109127	0.10143001673372048	-0.05315944233671433	-0.10546031096818259	-0.008524397277944074	-0.04829457808370929	-0.05014867717152242	0.10702140481873264	0.007965256890536286	-0.017827069433582504	-0.018839148534365524	0.0037817465219394976	-0.030136066106198713	-0.024044743437622043	0.11774338356787051	0.11061489433308389	0.07053220640890767	0.09748684004482562	-0.027971233793439017	0.03370123420829719	-0.015935641911237072	0.04101577121002355	0.08659306721706195	0.060470619464510086	0.05741765839940396	0.055665726091929185
-0.018569791754243108	-0.02025559649762382	-0.02557075822713961	-0.024003008040045116	0.05228390452783717	-0.04266553228075457	-0.016240319616111644	0.007922162840865549	0.03816078528412717	0.05904770296007949	0.04682858894145976	-0.11056597719187196	-0.048754933910072205	0.09169032040148567	0.00401165248776114	0.09673165191237218	-0.009127983550149977	0.03465965813168472	-0.004450444230171973	0.07765286131710787	0.00921660884401984	0.08942783927519352	-0.004459559539124046	0.1797687414259454	-0.0434130846231323	0.006207153280489583	0.11709486031291197	7.742339466155004e-05	0.06997607383883897	0.031746394468214804	0.08193260749918235	0.016124704781459092	-0.053397119328141035	0.03182161471634453	-0.05873262260831183
-0.0037605839065128093	-0.07083932701665963	-0.062321755419181585	-0.03617208505173984	0.059497429771646085	0.014867118050728803	0.008723690376117537	0.07239821003624602	0.07410171444928909	-0.10110200834705345	-0.04832287646736541	-0.028955702662084075	-0.14966854782969	-0.046723755928530446	-0.019828194486898806	-0.03175119345818392	0.021189500877493325	0.04319291183785352	-0.005930451671230068	-0.03354488479162001	-0.12091262477977416	-0.022179292968711833	0.012845494966805253	0.03899502277538192	-0.01853199797791816	0.006040932282197972	0.035449014431770884	-0.027577673953760068	-0.01203074295967316	-0.027234604166219686	-0.00013422110674303836	0.07199801900472262	0.03248692524957369	-0.008957797585955225	0.07792069818255501
-0.024258461121295313	-0.03553485745570693	-0.0812775815300856	0.035333737685880384	0.04029598936244318	-0.06547731754696275	-0.06714014677625779	0.024988938934325973	-0.03247635649608923	0.046729558670487	-0.08637988181744707	-0.09273828079559965	-0.10591213497107886	0.008931121699586934	0.01207569105930144	-0.08869857993835702	0.1007328634237944	0.06714365784955177	-0.13488438664082927	0.011856604214194273	-0.03846946169794452	0.07004576203102389	-0.015678863208532644	0.027208921725836156	-0.01593376583340657	0.08761393530315285	0.03154735564366303	-0.08591269836609863	0.049195672753022036	0.03556595807488308	-0.04948038946879102	0.09354031579843572	0.05383848933671847	0.037022782711532996	0.044545089380036915
-0.0024886804484496247	-0.12096904131581727	0.006536548067601152	-0.018441708374005782	0.04036499140581147	0.10265971440735182	-0.01890203447205891	0.04174865763906709	0.030432164242542758	-0.0812708375055592	0.004003031571791001	0.009714065788266077	-0.06876946706616524	0.041122057340966925	-0.09146774119049944	-0.05704935691366972	0.043438816968563804	-0.006968920731515026	-0.050222647056642034	-0.05453825571078215	-0.08632296110176116	-0.022494150711325735	0.00225229468929242	0.025240156875204454	0.07393945089154248	0.05632277072830823	0.09948110881351795	-0.03526362357799541	0.049399645917467525	-0.012498404952307432	0.011434944619316347	0.032099859129462054	0.05923099513555727	-0.05857264458789468	-0.01195583874381365
-0.012312750028222299	-0.06965388100356286	-0.0671427745310649	-0.009005216156628656	0.039495031485383865	-0.036178881398729754	-0.013623676363667915	0.06937240741274855	-0.029719196227556897	0.021364931983333675	-0.01014301747927522	0.08310287717797622	-0.14271910223311574	0.004005699858327791	-0.00023803682483016273	-0.0025426483308998117	0.06489174858329531	-0.012811476255709699	-0.03954238757989702	-0.09760844717495998	0.0069531558410497445	0.07171789579870103	-0.09046941588184892	0.05394340679735947	0.008987198643700518	-0.05927989515916892	0.09601190311359128	-0.09233755607013312	0.0496861801771026	0.011952714375741205	0.04025903694247527	0.054366167084447276	0.034027311695981666	-0.05426224183491164	0.03258160010512763
-0.0070228347212281505	-0.13085856810194293	0.031080494983848468	-0.025941258187668802	0.006349933112874776	0.05063417741356539	-0.09778894919427522	0.08445574090802843	-0.0003477885295933897	0.12337118068553916	-0.05578079968096978	0.04553187138136481	-0.015040846889022616	0.06669058497698943	-0.011439532937433715	0.026932997567064382	-0.04855744442704613	0.009726595846214837	-0.05207639592038484	-0.04455183931917097	-0.04369138040262	-0.03496761434837284	-0.03845841695080211	0.06266843469390251	0.04113630975117487	0.038467446367538044	-0.00636702817262514	-0.06981749584383184	0.06758865331322547	0.07024646218223117	0.018216241494137392	0.0939053534424886	0.11435003436970309	-0.0705011181276425	0.017360976236520026
-0.05603991275334661	0.027270332213812018	-0.054902624133739565	0.05816109452314353	0.0708403086500265	-0.07883896576741475	-0.04140003166936686	0.09204843095937706	-0.022104047400869478	0.04257260753659202	-0.0005763398075688344	-0.01738323452247583	0.12074357034048036	0.040173754081595334	0.17820422142317785	0.05422310410491688	0.04564102149032555	0.09798317743122811	-0.15071767213187132	-0.08399765809981086	-0.05694382583046177	0.054276936144520366	-0.06594881652610941	0.012231185765119335	-0.1201849434530585	0.12490324863543394	0.08205350304745582	0.04578338364897649	0.0021481793851304415	-0.023696370226587698	-0.03089499369256804	-0.12504940056306285	0.027243414226339236	-0.06356304549139137	0.005056416180750797
-0.03626577651526155	-0.05046995934212201	0.0483051191270775	-0.038604193848683126	0.12932968977275344	-0.032581571845774725	0.016681560610515157	0.015581724708664691	0.003208687866463277	-0.03108088166797476	0.07036892181208076	0.02239335634108837	0.12139944273690066	-0.09560251006790123	0.0858260575646221	-0.0224569833124504	-0.00442555715816785	0.08941054821554338	0.005540419592335736	-0.041879638456516405	-0.13313803694993653	-0.05746122039064522	0.011716334615989983	0.05068760806513615	-0.00044052294493614544	0.09868112382356653	-0.08540456395145823	-0.03875307450026702	-0.04765955873597904	0.06439964493326711	-0.07624188296941084	0.012530276495749573	0.035695934491637035	-0.03720137170222031	0.00557364902852963
-0.06875449092042193	-0.05561745982480989	0.0010897295396706142	0.0711066794779819	-0.09004717679185471	0.013564097510408164	-0.06494227573669886	-0.004633372671639144	-0.0979852697982564	0.10168249564889897	0.05659234231871519	-0.0007228029977080673	0.07726437652979923	-0.1634397034416887	0.04691689457519643	-0.0034609764512245392	-0.02606779545605303	-0.0670612543191272	-0.039794826879397276	-0.02405902620785109	-0.009937069232305824	-0.0040461941676884945	0.004607526999917802	-0.007969719876536871	-0.07545856597277929	0.07906438609588742	-0.1286457140176555	-0.09202441838039646	-0.10664825129229608	-0.062032079019221184	-0.09488274691557728	0.012719336503102016	0.10444384934728511	0.06773659909487416	-0.007856618873719468
-0.05833903168070721	-0.062327948500582736	0.10623185273829094	0.039845227855777134	0.13702899749275907	-0.02599072638307925	-0.03559829673279971	-0.12866197488092437	-0.04936263269293762	-0.038442732634156186	-0.044020446608674525	-0.10885289209302	0.07711508442725697	0.0029816638289386624	-0.03591280686825139	0.02978522973278371	-0.08384030114765502	-0.03208822587633801	-0.018493661751642444	0.09048549494560036	0.05029301229962875	0.0469426653234308	-0.0695286590276197	0.06633289456874701	-0.036106273213387934	-0.0001903738620269331	-0.11143268941105859	-0.094825358164246	-0.07906522532981781	-0.015446077496681358	-0.04952757495583324	-0.05316412045275125	0.028989946258494933	-0.09131464017587801	-0.04333096800128783
-0.04900833050492392	-0.10895034166394583	0.06409431631996267	0.10949571135943015	-0.049215666713455626	0.10884766532781576	0.10885679354661197	-0.013148997240742678	-0.18686709126531217	-0.046090636132928325	-0.011832007082141143	0.0005733120197216604	0.142160732973689	0.022429259612618203	0.06739691329114532	0.0006892000275047141	0.025461346341513477	-0.13728697670037307	0.001598843191678247	0.10162102404198127	0.01951661380787188	0.03683669234383403	0.03325377272129949	-0.1286513292144024	0.019981214166172025	0.02391862320331417	-0.0876907986217406	0.043147126622368054	0.02079797545390453	0.06834526092661869	0.06071807603609241	-0.010417129601679849	-0.020437995007225866	-0.04201591133195633	-0.06857188290529467
-0.06757890058462361	-0.07485280904697594	0.012593770613463636	0.005928508296164076	-0.07593982808554818	-0.059333727928795266	0.10895891546293862	-0.11203466314351326	-0.11747231792723911	-0.08544764633281961	0.023613369878510763	-0.0633133817099923	0.06359873767497853	0.02241373974158944	0.07191595653271796	0.1716824076916518	0.008020846283471343	-0.11059192849889955	0.027892342845586827	0.06010979822187459	0.005760519736368898	-0.0104994983015642	-0.030962399696537905	0.06205522135679861	0.08353367010343465	0.0703477920427055	-0.012658245284654413	-0.021948962938366068	0.07244216247693658	0.019624541302096274	0.014888635411304016	0.08085317837230635	-0.04412756222869619	0.017928650151362788	-0.042773026912414275
-0.05945741248149789	-0.11209322562754463	0.05201750109628765	-0.00875671406965795	-0.08131236465672383	-0.01439457686260173	0.08062556486741404	-0.08390010931089342	-0.1100133253190768	-0.11625854742443263	-0.03077758073600653	0.01127837041268743	0.06910763575941697	0.028467264253677307	-0.004184311708967547	0.05887832815678164	-0.043385117269647826	-0.09702549388491563	0.07020163380879034	0.08781243423761714	-0.05026476175732937	-0.023934457127165697	0.07078118461585461	-0.027712199483101267	0.14587957148794506	0.055971194006161865	0.07079678642704479	0.04488441157470427	0.04455179459753649	-0.00034981312266402654	0.07189462000830407	0.0709497930141127	-0.02350995661218222	-0.06225742681310538	-0.09844688963714938
-0.052119683711733616	-0.11183169163163315	-0.0010895852099898462	-0.013383127058460297	-0.08491221324815726	-0.07151317109943978	0.05701438693231189	-0.14328923367363075	-0.10882659875668632	-0.07603151273208955	-0.030178188538659022	0.07854349753822881	-0.024663831996250364	0.025427916672175043	-0.0007905665915650751	0.08168182931495538	0.02385713038069502	-0.07616152749985282	0.01801136638939794	0.005375168864866463	-0.06471784220632061	0.061375701629408023	0.11679152961879766	-0.085168517418978	-0.033139618873372696	-0.04582273915278528	0.11454757617714782	0.04264200799490821	-0.03517429629253982	0.009285014224644346	0.05083030003493461	0.029444365897391526	0.004426378315478305	-0.04895373386447659	-0.052326024592730405
-0.06876986952020119	-0.07995183414818187	0.002640514333180577	0.05693181749981735	-0.05912747284114275	-0.0719913794673947	0.037447139538834315	-0.1591442031581263	-0.1584288264871769	0.05041714628793194	-0.1027648970833061	0.027984770726440553	0.010794529408330056	0.013189939799343613	-0.004327770516812576	0.07289951110916759	-0.047758749711499515	-0.03459980013812677	0.04943706321527531	0.07506432967523452	-0.10321741917171107	-0.03222719702019722	0.07808862064670505	0.03715208827185515	0.18815777690517854	0.04342558416855635	0.08220316816590745	-0.013064128428555546	-0.0555637999395801	0.012687375826959196	0.00849723137338667	0.0671521305035244	0.049953718620981746	-0.024950972551986347	-0.007328567240244777
-0.06257802490891556	-0.05591930647096505	0.05662260880384016	0.020864910926908127	-0.042548314072112944	-0.05006857319615033	0.07375316324244531	-0.04242900260480317	-0.07991839771483286	-0.09358486466295388	-0.2213368318606652	-0.10178843329231048	0.07216769119359015	-0.019133597763897312	0.04167021013840252	0.10222014869012307	-0.05860206389905806	0.023023264183174772	0.006034675025949381	0.014635975305078581	-0.10149387845745456	0.16486635774431346	-0.037451369119980905	-0.056980293091444756	-0.008928004981799149	-0.0348344957832673	0.07384797880205854	-0.0740042540079952	-0.032838955329547656	-0.07288574016941336	0.07746477126873923	0.05568142058497505	0.0582092012361996	-0.016397094638995274	-0.03745905420587943
-0.09083151319049144	-0.019105647779656895	0.025410563597805486	0.11492755120715391	-0.11361911216775855	-0.07230671692807644	-0.012209031061458469	-0.014530673267300023	-0.1554672305249017	-0.06361508121331068	-0.0367541856589885	0.09606129846776042	0.029112526514500053	-0.06452050199116317	-0.02933289667137129	-0.0057597463128519315	-0.01741859845541843	-0.013305617359509244	-0.027345762829812194	0.022620569048058183	0.007585903800018827	0.17803643205107833	0.12047156028995168	-0.07210322274564784	0.010398390236957239	0.04998665959655727	0.03936002943337079	-0.17100578635942265	-0.0029465883759512007	0.006982211532525873	-0.04145380003733599	0.05773431924306828	0.09975852306802918	0.04820931917233928	-0.022814561052105393
-0.050449758423296215	-0.048940225310115555	0.0852574323022233	-0.005261119654248049	0.04084775474064153	0.018761016163533806	0.03445560395006519	-0.08680869843533306	-0.022958907204698772	0.09979087358577562	-0.00957736814862947	-0.0882095526018422	0.022211191773722928	0.029897831148294002	-0.015445511260202438	0.05325624948160427	-0.04637596618573192	0.1067706613583527	-0.07847456621071269	-0.0061299296025282175	-0.07270543976672358	0.052962151303308926	0.20155998443770715	-0.021651746806168628	-0.045209253087695286	0.048555045589965276	0.06323292975656311	-0.058842414421258	-0.014631028912064824	0.07331803061781565	-0.17557092759095688	-0.0063543426963482245	-0.000992637556196196	-0.04304475227429527	-0.0974607206577303
-0.08916857201959633	0.027936529642579068	-0.03804676798777401	0.06895530051784486	-0.06345319227221766	-0.07127223959191681	0.09150304180164492	-0.016415834574943586	-0.025299966451219475	-0.06158327331546647	0.11770736595246026	-0.06294592985701156	0.09517780071060096	-0.029408598087064388	0.06536322938295162	0.04509152659550907	-0.029143421558087797	0.010284692809014735	-0.013396621694619127	-0.029801326880555444	0.009233764684232778	-0.05524013042474995	0.12432509551113487	0.0988607879731008	0.06161526287925301	0.07501979423450161	0.03859232857493419	-0.06439988261657881	-0.10106504000784702	-0.01354817703454566	-0.06608140986612748	0.029685242277519848	0.09592442130142266	0.005245429868031018	-0.04593711533743042
-0.04285479989924825	-0.06058489507023149	0.11212455478399909	-0.05446918863931606	0.09560734671865118	-0.08940139167273455	0.014397322882086543	-0.10053153524863401	0.008726379410585308	0.02422806499911054	0.03009058026134192	0.038573956906296634	0.04163078615952072	-0.14674978907094466	-0.03704965117576115	-0.009295875907968744	-0.12493543621164077	0.024819145957301638	0.005964551088491354	0.03386670481114213	-0.0005414753593237578	0.020178387976371503	0.023929264751953727	0.054302928562943435	-0.04485937507785756	-0.00037895352664000376	-0.004760406981943418	0.025778782606204136	-0.05274807297454914	0.013298289702160494	-0.01080459984423933	-0.034729202706659884	-0.025996395428453608	-0.04666063590046261	-0.06032079523372774
-0.06465087505332137	-0.04788606227636345	0.09178293945674264	0.052430956629657556	-0.03291670729244291	-0.06347964899719492	-0.047856360842423486	0.038336736273915685	-0.1480543958510661	0.09257467251740364	-0.06461118401263437	-0.010436344614716703	0.09159459873766261	-0.06836917950090424	-0.02109745640980207	-0.026472419746062393	-0.002717406763239191	0.02848950697403702	-0.06134077836405806	0.11543945979684674	0.03460216980489209	0.0034015111481351043	0.04050739349900742	0.05489740507305678	0.024656054594459034	0.04756813756688665	-0.10616595203298713	-0.02209949537020945	-0.025171435973954496	-0.07975479831149332	0.060690788706521656	0.011672753289956206	0.025080279022245126	0.09541939027924001	0.005245953913831858
-0.06781622142195236	-0.05895598993126463	0.16867622760745365	0.043492978116347475	0.050896968440749354	0.051963259191151745	-0.05638355376302928	0.0240957940764042	-0.10355530680442811	-0.07815884615994866	-0.04898264993295145	-0.05759209432313491	0.07230615638196801	0.05212051518410929	-0.07529970407080766	0.029207648696006186	-0.08365229822220693	-0.03979746536931641	-0.0297705324025198	0.07471826139068802	0.08239392672603224	0.018995545139175486	-0.06378222192169797	-0.08848134655533146	0.03469752439016564	0.08507082571794651	-0.07819416276482233	0.004538505876858537	-0.08367728001418911	-0.011282773782150937	-0.011886190959954739	-0.12893512535089974	-0.03110102973774916	-0.08947067421482341	0.059143152446959446
-0.08056832335583329	-0.002069008172450839	0.08616931863738407	0.019192145175098648	0.0060849429097495425	0.04317201425996758	0.08457271409852322	0.05180448294660762	-0.07325519020079165	-0.12079471856946007	-0.0413959893239013	-0.01750079444360563	-0.09057154252730043	-0.050733726068688215	-0.04430413840107784	0.08188792956216853	-0.009357938543486878	-0.03693750413360698	-0.0219096539462211	0.03487891912785734	0.054722596638069346	-0.01573550446272221	0.05643721417112938	0.05287831463242573	0.0055235848338693804	0.05342697169360142	0.010553979996985955	-0.06361385117671575	0.10537750243262764	-0.07883997988610185	-0.06536574878369782	-0.032864697342518845	-0.03892855191174422	0.029684118474309823	-0.05291162453823993
-0.09020425474120604	0.01359712738560711	0.06431769078312294	0.0010241613007832139	-0.04172118295863543	-0.05516781014898466	0.09172770241584272	0.04393857564022592	-0.10715283665994266	-0.07409422761925286	-0.0783049802438228	0.07958249033300487	-0.08847753875837622	-0.10027876725392787	0.024819342568568797	0.016960768263384215	-0.02687442279103252	-0.02289974905823782	-0.21495257720799804	0.05974874471017806	-0.034739218766910676	0.13054626276449519	-0.025295873497103365	0.02707579966391331	-0.04349616897605065	0.10045970256759161	0.039666326242638994	0.010599655775506367	0.043468659104141404	-0.005207475308761815	-0.06966758680899147	-0.04149006364496981	-0.05244837500282991	0.0374195843687959	0.0884791903439167
-0.07464799242839712	0.011687399720294152	0.01571513592237239	-0.05398859202030588	-0.01945785967330871	-0.04347439161222126	0.02389225730022142	-0.083625395075923	-0.016598764583934746	0.0046012836482420775	-0.13063457700615927	-0.1130183838446709	-0.1490340317350044	-0.09323846039323964	0.12193641971126247	0.019448684758961443	0.01656595998617496	0.04321769604365522	-0.11865062262722122	-0.02287151259421356	-0.11751533814985374	0.016994528484505937	0.04330699852144924	-0.09314323235476886	-0.01688617247475785	0.05618969651564862	-0.013852677000089101	-0.08152095794552291	0.09259881251554306	0.011040672182094764	-0.11660371734968211	-0.04834900138746859	0.007685045983968221	0.08943102997133902	-0.0023530448617952726
-0.083860156803854	0.019747757327118445	-0.044388130336293616	0.09548613854646741	-0.14247288379057632	0.0967101103726255	-0.10094497804706891	0.019638341444192475	0.01051947945070204	-0.08448163193851307	0.11761445482251338	-0.022551930806542313	-0.04373460373895856	-0.03269179368978835	-0.01818027814229223	0.061742596806638544	-0.09499864921172327	0.10329165045562316	-0.00283220077334647	0.07719955422770834	-0.06270171749242608	0.05720591450867383	0.09418023833336284	0.10344226008066659	-0.01835377255195248	-0.06645015012736771	0.025599202926036874	-0.16113256367040868	-0.024968259778997214	-0.0192951705317624	-0.12611031863463326	-0.014069287498276052	-0.027118181987989164	-0.019299183922757857	-0.0235897290663662
-0.0604325883605442	0.08509923111896336	-0.018061381310050813	0.01952116747123902	0.16063436889392818	-0.06371813165988793	0.030819132957791075	-0.007924198597190419	0.06080255787508495	-0.03002610396381152	0.06133227029581628	0.1343893685606781	0.0060609276005207996	0.08318184960211528	0.07387369573600475	0.02717446333279754	-0.10958811572253335	-0.03548501177437621	-0.13859270560425718	0.058351763099102984	0.009255226654871575	0.06942650501480813	-0.06636899374801725	0.0383193343323856	0.036402021787401304	0.08023374239101427	-0.023785309176874388	0.11460095445214377	0.18243960829327566	-0.03149075766801186	0.04278347900212509	0.07808877665358695	0.07560135139158275	0.12877696691659435	-0.005746259541214856
-0.014242415101490363	-0.06824903381887659	0.09080735925386156	-0.0879825081462022	0.05271728782813388	0.015575070330795603	0.04082251752943384	0.11252702691082916	0.06977684778674055	-0.02339776116705374	0.06555476261878763	0.0011953565404685025	0.05696063149918528	-0.04809886670267211	0.014927101302108406	0.03053392233140213	-0.04037992916314777	0.10141412575805062	-0.061899525208184154	0.049423924159102316	-0.0017287427303187362	0.04756807308415047	0.04386546206748435	0.030185658638480897	0.09712058555929745	-0.010723088417914691	-0.032467947593590805	-0.07444048013643613	-0.032247133982693944	-0.001275592726436815	0.005504448158678014	-0.028305315007211798	0.09444561697824597	-0.0033273201299259814	0.027150018153155365
-0.031831381886833675	0.006733275120446579	0.08195306947144981	-0.013971476854139108	0.02918358195412908	-0.14912564013824153	-0.06557133326920542	0.04606075222335436	0.03854960003884953	-0.06659999503537543	0.06564888286734356	0.012410715846926764	-0.0029359025219118495	-0.08428213564055564	0.022944080031336057	0.035356177449759364	0.06904485790058933	0.09833733275305737	-0.10179489654680504	0.07646025702829012	0.01987736788205518	-0.05285440930268431	0.0888430081778822	0.02437698310279208	0.036654202336772156	0.003269886255653137	0.011742944390044065	-0.03368751826352946	0.08123845251628001	0.07876962015979792	0.021933057044501672	-0.049733274245807715	0.0355014827259581	-0.1035732281326967	0.03485725969995855
-0.0186779699554621	-0.05072660695122036	0.16471361836441642	0.049672825664795	0.0031268374385906117	0.0393367753326613	-0.0473067411417607	0.10927945881475769	0.010029712022189918	-0.02229843864352794	0.009312517305603977	0.07590645018588929	0.0323044054149897	-0.10804960758224709	-0.06648435668698363	0.04849372370026936	-0.0051289403245542405	0.0638446439030739	-0.03380858107001081	0.1250047085340792	-0.03577604030159318	-0.08737954444005998	-0.06764982926909587	0.0173398520771375	-0.03803354130477688	-0.08777622591795997	0.14018229933265336	0.07315917588994321	0.028004176064405542	0.1243600418815939	-0.04163139980285736	-0.0335279073806319	0.023968130243646378	0.0242320794147681	-0.03976386983451866
-0.027596070992454317	0.0009684275307620834	0.09055513086532933	0.037727566477766476	0.024649340485222205	-0.06457340406822713	0.07063002624616924	0.07751111851144861	-0.03679190764418415	0.011997385875673668	0.020251980951974495	0.07747152773944596	-0.0320877190025764	-0.08095274370225702	-0.03163132611865884	0.13437483937912229	0.05342912370149026	0.020493397192190312	-0.0007901696319526225	-0.013006223372093485	0.0804450903630144	-0.1585361971018688	-0.04608713296681252	-0.13508543949327273	-0.13092965125641923	-0.010578822558117078	0.0983499925108603	0.041729834338738885	0.08847839752490833	0.06371940000411916	-0.1036146298141099	-0.06577213961803706	-0.03223683893244812	0.01691725645954916	-0.05062783849397824
-0.013675689002088494	-0.05609979835194416	0.08607567444597268	-0.003995412834514649	-0.10840870254565194	0.015843339060395454	0.09083999894271767	0.02887979885926881	-0.026328700120663913	0.05831222711056662	0.020390058251494782	0.03874195970981083	-0.013527945319948982	-0.10625451088691915	-0.06681595427659373	0.09447463290301145	-0.06431306456365717	0.03325215665225976	-0.013602605655440057	-0.023417067447858493	0.05512761418354677	-0.14788659710036914	-0.16882416789145618	-0.03163720959819455	-0.08498388181467922	-0.05806375563750482	0.12383623642269749	0.06609056284481575	0.051120104907155704	0.09535919257237309	-0.023808221015149376	-0.09335560554552592	0.0499992784486437	0.07142006557685845	-0.04342680521785333
-0.026498344743624513	0.024042268793488822	0.023014190737003604	-0.0016905640554317036	-0.03973375508146001	-0.15651755542844908	-0.010004008477542207	0.03792586957604267	-0.02017306640376231	0.08881853393813617	-0.013957973605687075	-0.05081035720681798	-0.06573194197778297	-0.03347854706256227	-0.05636849593719931	0.0690823431891376	-0.08306335777225106	0.09801566599616879	0.028135751500964454	0.015049341093808248	0.13381319337936853	-0.16357995809665782	-0.010133669699372419	0.02343185838177405	0.029451988462181687	0.06778697838096964	-0.004221680485522697	-0.04292209766980806	0.010566520202824984	-0.02408825613021453	0.024438544809080153	0.00854431008005506	-0.038996605729456256	-0.057056585039170465	0.08485529561716469
-0.0030988121245307367	-0.04918385506744027	0.0716665181338721	0.01641776544962643	-0.021916200814209776	-0.007572239763458576	-0.015890226096303934	0.11113915665476108	-0.02204660441917574	0.0903718230401089	-0.07522065610492105	-0.060080218991389364	0.032447948705611004	-0.007501033570368274	-0.07105844433185365	0.004744057383647529	-0.08917725435998528	0.15052440999311958	0.055028587258045915	0.040460005948932426	0.0683261136784349	-0.10578004371237493	-0.03645805801888266	-0.016734621220985735	-0.07158230729844856	0.07982202240940411	0.10336888448747414	0.12439198485215595	0.01342095223929831	0.0004069958608515431	0.07265813226435597	-0.0042541961592064935	-0.014150271799493738	0.03721739096120722	0.05114778545004603
-0.005829214324211948	-0.026965137364283798	0.05749480834252261	-0.012164084449829485	0.03949580490124342	-0.10757501422051761	-0.030040807741212264	0.060996935985476466	-0.01292589305396027	0.033153100428540534	-0.05038299549295336	-0.0966988214583124	0.01779088081289488	0.052414013955606804	-0.015450640564890065	0.09688538702096781	0.042234739675557076	0.14054030608275955	0.057424255996604515	0.020196363697335705	0.12065517937603781	-0.051605751792022515	-0.013093480691784311	-0.059209871148822014	-0.1283246120032666	-0.0082778018131838	0.04612900575083553	0.05510307859782681	-0.05190176302330024	-0.03680966970541674	0.06970077389764878	-0.003578861947071209	-0.12835274165293273	-0.012657762608564813	0.09292664193804863
-0.020697661829878436	-0.026673794224011442	0.04209854253633438	0.09661006448368062	-0.021309701211587297	0.011871830031124105	-0.033467656411060254	0.12205222280955291	-0.08804880365259797	-0.0173631594913199	0.06464528610227878	-0.04309740235988481	0.12742801069081267	0.015789623825050825	-0.0005308648661721033	-0.01381282471583002	0.07989176432911134	0.12390409414615955	0.07520365522305102	0.03743171471213337	0.10030774372794181	-0.06220984523966732	-0.057320121914151076	-0.05300098051357546	0.03393726106217642	0.02037277031347679	0.061506533978280535	0.027414061378518813	-0.07597648030606739	0.04064599265996495	0.004966518002877951	-0.03931878954703757	-0.05231971575321809	0.1257071546305787	0.15456749476183412
-0.0314245446434127	0.018841927927372628	0.0567832168485765	0.04939420616793495	0.052250681237400974	-0.006860785621208211	-0.05420219419413048	0.08180770514241568	0.054769961323485515	-0.04756803942589232	0.08315360610609908	-0.013576449770357116	0.014728190895180031	-0.09329176031585412	0.015249436360601425	0.08993092573017859	-0.019626188054409077	0.04608630367375505	0.03215156577305483	-0.017244774486844666	0.035558157520711925	-0.032804020837974325	0.05232517815979125	0.02987810836990249	-0.08771933264856834	0.07509590286718754	0.03400705342753151	-0.0005950863212568352	0.11983094692466928	-0.045784134670610176	0.11235428155758752	0.009440477112172777	-0.13525052815579602	-0.048798987336443264	0.06445070520632025
-0.020464236776665642	-0.029916504176359136	0.114460633536847	-0.033123850757592145	0.05977482973304946	-0.03535011190878852	0.11249912119046368	0.040974063549190066	-0.05727224041049226	0.10164955344340686	0.05332127010259964	0.037913749353301184	-0.03504911384339806	-0.09681873489798844	-0.006358484169968006	0.01998137048832173	-0.0016417543207887207	0.056026600726680115	0.05545137079845083	-0.0666538329779074	0.09663776301996135	-0.021537834769471124	-0.029129496341753713	-0.06479458158500652	-0.054709813446437605	0.019097795148347634	0.0340373053365691	-0.09958348729263555	-0.07790552216958006	0.10069912142095577	-0.002038751708146113	-0.0633728580620178	0.0656993908323717	0.05460841040247299	0.07625128678665839
-0.04132074485095933	-0.002500793796501216	0.037954028142104454	0.043327530599152	-0.03948863379988261	-0.05223605432925625	-0.09840685640738363	-0.02714029793070632	-0.03666070100970089	-0.018968340900279	0.12274096364426082	-0.1449444213541618	-0.023887983462819586	-0.03550083927322547	0.06470238334239667	-0.06916922539862944	0.020579302457823634	0.06921538706812483	-0.041099070335521425	-0.009383322315742976	0.2416694807551351	-0.02174331036965093	-0.08148183327055888	0.03179020491148938	0.003426760170878951	0.050766544959871374	0.047307735443610034	-0.08301749620114632	0.0914240891314831	0.07076813888437529	0.1166140153027829	-0.10963324168008935	0.09187524230626903	0.06977809211200153	0.022916107762316694
-0.028397005566548315	0.01776159883412373	0.046797807331210556	0.10557057687451174	0.11633913129439362	0.06436955816065286	-0.047608898325584285	0.047134081459130076	0.015664323440352595	-0.12577956164911422	-0.04479891643631319	-0.07517452521543942	-0.01619896692373092	-0.15592590893559277	0.02333186306093942	-0.030679510622382753	-0.054102257136715605	0.14855615426014468	0.027064873071231926	0.02114177435635468	0.09729461232402774	-0.0013307385558419325	-0.1283299172987885	0.01682987048474304	0.05707415619789952	0.047629224710053625	0.027293503362543266	-0.035725653467883686	0.02109645241301955	-0.1855754461853957	0.011486509652319635	0.1556548995418905	-0.026035341486583242	-0.04092166281580612	0.027877659715304537
-0.012277313430864292	-0.06472099825263115	0.13225690490905725	0.035326283432391456	0.0076756421418624704	0.09816193806385001	0.0006247747086123641	0.09298436516222926	-0.020285639989002364	-0.059360700891020864	0.04244528775790037	0.05056612624875639	-0.0109492499669008	-0.00804660635298852	-0.033567669627933096	0.1312794602572595	0.011983260347235085	0.10287070757936828	-0.026947375178151607	-0.07679338912086506	0.029716841421156243	-0.06589674450553583	-0.021517540668009684	-0.02071417439250605	-0.10953882897344852	0.04148985167235185	-0.007919939686013759	0.04224287644398656	0.05070684987088636	-0.03992549178626944	-0.02865500867461147	0.12973931229770636	0.011816063150370364	-0.04522172694477957	-0.00984556163694075
-0.028691262094674517	0.029976446293248298	0.05334613329987307	0.052233438793294826	0.06811567967933047	-0.07844035574504063	0.016223242648481472	0.05219661332805591	-0.04759020042307418	-0.014693924100261902	0.11969264504624126	0.057117466724525015	-0.09408226881868356	-0.015326090297670193	0.05598146736421808	0.05191562592181153	-0.03527180040142245	0.09544325630462606	0.028456486352627552	-0.04806124449010235	0.0865143426985541	0.0020782341238291075	-0.009954869131626725	0.032462429961964974	-0.05284103517020724	0.0380697419526749	0.0721239146804249	0.01793488368510892	0.09274210597145205	0.05465244356291887	0.031206888148185816	0.05184492424116499	-0.014551880844984329	-0.02261846052132332	-0.0824248380087173
-0.011782161994930608	-0.010822755019641023	0.05146246918113182	0.01151812832508372	0.021251358658329653	0.019218476375014767	0.03835712429550269	0.16445463835459337	-0.013823909934487358	0.014707619634078755	0.11282277791057196	0.01795456017827217	-0.03682471683317142	-0.05673088730197691	0.004759585413664291	-0.05478791633771807	-0.059373941699005305	0.041212932169613546	0.010189666525151336	0.0462980567140801	-0.02591634921711341	0.03549553192470801	-0.029586946316480733	-0.03090540745828743	-0.014155204602456657	0.022362602839938378	-0.013901290149426839	-0.042841450857988086	0.05830925041843947	0.04195228564313379	0.10964953177008996	0.027984412370063175	-0.05237118448717891	-0.01802320210227878	-0.11061726931653684
-0.004011719522981177	0.008659408036852709	0.05678565547191487	-0.07564761458533655	-0.03459638895271417	-0.09142560481999383	-0.0385341160090739	0.13248093985726533	0.08840636950061662	0.01862833250505046	0.11862444926738407	0.004169416738505441	-0.05510725906578678	-0.015518017665610003	0.014211595215071302	0.12317381077995569	-0.05452343867505454	-0.09824385312318723	-0.0757168876277343	-0.006831984160717973	-0.0478236735902042	0.04778746833552289	0.010515715156441877	-0.06102930010769389	-0.06161301288258937	-0.038787728520997586	0.04678682242224365	-0.057745971083393216	0.06489917132115387	-0.06266614800090557	0.18433927942107275	-0.09828241036700572	-0.07996422918668625	0.05881914597065662	-0.0904740689444351
0.00022132250217254024	0.05611124400542174	0.10363119601347247	-0.008232580856044789	0.08414178727344374	-0.13195061911159178	-0.12040559930851938	0.021851251554840082	0.0445795866400668	0.11216329155331778	0.03866067300976584	-0.003100654460475803	-0.014992274771497012	-0.041912355845493694	0.007006954147170419	-0.0006119386812402976	0.011948548669922902	-0.10481137614353508	0.01334880767123111	-0.0030582481971304165	-0.09000762629841282	-0.03080952710570797	0.0742044770921139	-0.02792063850630288	0.11874176402421652	-0.04230041363554502	-0.05350333214932501	-0.17514375866673632	0.0039492975695467475	-0.022507058535234603	0.15287259890910448	-0.08247402019941047	-0.02793783293735453	0.06296064922498947	0.052241039473384966
-0.0009858714224951367	0.07510264110197176	0.0795264791178822	0.12067004294598684	0.1050796316706423	0.0014156701449296258	-0.04198639222193695	0.12092205818572105	-0.03189600370182298	0.08739007025059549	0.03795951223930582	-0.0706529635976036	0.07715133017032581	-0.006556453383361954	0.02579105739941473	-0.0904755709234893	0.10814209078621914	-0.09666019017639955	-0.020034755322779357	0.06845084098926577	-0.09816746643295085	0.15132010191885395	0.0036032188263996293	0.009480268818317601	-0.020520601470105357	-0.06386551437366436	0.026360259324455432	-0.07209794979150058	-0.04869609082402558	0.10279299976349704	0.15569681992218654	0.0011802098976477042	-0.10892102133550892	-0.002205097791107183	0.02887925942639099
0.019672143813568892	0.02148027937717234	0.15585619886043417	-0.03149257634057133	0.09634487210486009	0.06958577749446132	-0.044748659684586536	0.06027456047995536	0.09440965234358593	0.013636011909579089	0.1550388950336861	-0.09168568744661758	0.0368232907923085	0.05981060391882284	-0.0425077793403911	0.10895432435125052	0.05981822357581285	-0.20986245848439503	-0.03984649829891364	-0.007951288699950976	-0.09036452758541484	0.0363407384400259	0.012090794030701433	-0.0800281766269598	0.11027653520693426	0.030946274313040634	-0.026025204612069756	-0.14200902307839558	-0.0741808614077599	-0.030073247638214083	0.08658478461217703	0.08196645524678775	-0.058258802562235514	0.04102113858191422	0.07329619856862882
0.005148370022763286	0.08002533174573064	0.05045409082574931	0.05239867081557992	0.12147803314188309	-0.04250815483258693	0.01038117507055761	-0.04759984817972466	-0.04481344982120236	0.016977990565150494	0.18349645049019742	0.0315109312553421	-0.10408411708031677	-0.07147184844369513	0.06940733808989082	-0.03983557950636507	0.16943016477524445	-0.1315827121782469	-0.016521420474579412	-0.07707128222523102	-0.0645640760352291	0.1086671323177249	0.08082879344816382	-0.06710655801005323	-0.01681260153621024	-0.016692521227593245	0.07150979250459406	-0.05693057751369899	0.051175899766976896	0.007325725747009914	0.05204649130924579	0.06280583487405998	-0.01688064656907879	-0.044530607383699676	0.0555798709476277
0.033156735734335	0.0028168855622530105	0.08049422554255135	0.04783219259694289	0.026940190180906463	0.11659846573497722	0.0013181225606398257	0.04047254269828708	-0.04096751817514341	0.1764523652819152	0.10664225568198303	-0.05468812943181188	-0.061899784820791025	-0.09042888630633117	0.03156786580606763	-0.12458703463240851	-0.00989755981520602	-0.04368884420088013	0.038960476403992535	0.06439043554763754	-0.020321459624252344	0.02704232650020935	-0.06107469938861093	0.09885436109995493	0.06651826914081727	-0.004105789679520747	-0.01708867661194778	-0.06959608215833402	0.045428589668157104	-0.04923285928644426	0.10329729457205536	0.011141788821151737	0.10029578598841649	-0.21224325377563738	0.06482220109446701
0.041754031404699195	0.022065243562283756	0.10242513193539032	-0.06765565650732691	0.04156974310922068	0.0022928574512289164	0.02755355448618842	0.0429675402224833	0.0169925496373158	0.08674991773886424	0.06252084481640559	-0.1188769965339429	-0.07814564278092224	0.09077920344489557	0.060522001089662304	0.08716306621112525	0.020675468831574447	-0.061416303680424715	0.01249186885578548	0.09003407842158033	-0.006475150469116512	0.12912921884802853	-0.020961617299912208	0.060873258937810995	-0.07377118811016947	-0.012747127990393597	0.01685642873959028	-0.006823484916837652	-0.012427686125743895	0.058904375047109304	-0.04934138585202473	0.08838556204932313	0.005260949925622874	0.0379389967295192	0.08729745970791565
0.029914303115466796	0.06481298969413142	0.016177790340072974	0.007986123247934622	0.04660166535742394	-0.056333197945861585	0.0251367432865908	0.05179346042477956	-0.04232710388820324	-0.0747799249063688	0.12187813778398861	-0.03695592429541629	-0.08494444523954496	0.003904479565403667	0.08390381172003969	-0.030637462612342643	0.08937655623245036	-0.04690704049059532	0.03361432807897967	0.06448243312210335	-0.0535192204564848	-0.02395140254210641	0.1084993214914008	0.012752880820442729	0.0932284703381327	0.006168366857421333	-0.0010105961864532577	0.07401490498064735	-0.014752752623758128	-0.007795659558954549	-0.0385491754345049	-0.08593394539244698	0.05555793483591295	-0.08338614590289953	0.05511608915147362
0.05416396990521192	-0.020546275756814978	0.04297794664374035	0.02180120849041376	-0.03053720960703408	0.08668180901360263	-0.00972559034271478	0.017067319767093355	0.018599816290915214	0.09140932827856078	0.11288479364072884	0.008188721593371287	-0.12117858651792746	-0.09857574063818972	0.1252882249484743	-0.041931266467524195	-0.0655034982500834	-0.09885475150664078	0.1102193170254956	0.08370433869224236	0.020143407639248375	-0.03224349460887345	-0.0604555880591021	-0.06030866184981334	-0.010952739626397956	-0.03114969494684175	0.04285854893966814	0.09524472829702689	-0.054567415054130264	0.10467440081073841	-0.10604032655738291	-0.09592130294233041	0.05104695261805296	0.0041924423960257445	0.06704952097573486
0.06248727510779105	0.011586095268784962	0.03017531000154913	-0.01736805680668772	0.05196148883721072	-0.0606034123440069	0.031497388618514165	-0.03786622469796618	0.017861079030907695	0.033641793353044736	0.014615270116633114	-0.10931251989172555	-0.11627905449065591	0.06021494337180583	0.1617474248957565	0.034543604934130036	0.005394221676920735	-0.02698282798873188	0.00961870862259983	0.19904278821962468	0.039060978554931666	0.0026677071690918014	-0.01780421796973554	0.06317065811227132	-0.05511603840583228	-0.05351093017035273	0.009536289905730345	0.08303584142060086	-0.014360287641614155	0.03280140021802437	-0.013558042279729033	0.02581470154110625	-0.01925403110236961	0.028806698198600694	-0.023317844291413044
0.04520131595342182	-0.0011437346691676494	0.00649128511273961	0.05730386301029818	-0.012081584518375734	-0.009583999340857189	0.04424575554171105	0.112820801913534	-0.027723857649224158	-0.0687085232326453	0.07723558646907736	-0.016086370633511104	-0.068560924621582	0.01718441155265633	0.08383622439487762	-0.10834721134197794	0.03307249876005587	-0.004146527550935377	0.020647310075921202	0.14687362971086038	0.0070689989165304	-0.076657865002864	0.030287213791536947	0.0014552055677786238	0.12598459156139954	0.02723830452154272	-0.012256251203163511	0.12273231128265702	-0.012751836742615178	-0.05092521642230742	0.04033202577605219	-0.06497562972395912	0.002741185265023593	-0.024113519776858407	-0.05999797537020521
0.05634850411182337	0.012838293064852853	0.020086513151514843	0.007285993187695189	0.0038051410356373084	-0.009013926898631853	-0.0403242164663959	0.02967469499258801	0.056511238412636874	0.007986128086937057	-0.06212638352231007	-0.021636976657579996	-0.15653698576348848	-0.12689722529955705	0.1696523759397688	0.01557318910417614	-0.044994973922087414	-0.13527436280378596	0.1419939285342085	0.0782009902301689	0.11807430963634123	-0.03992814583069994	0.02801207055211946	-0.24224412736255097	0.05740757607266446	0.008496843663459371	-0.006725377685365642	-0.01792093623321024	-0.012291967939180196	-0.057987807514007866	-0.03967297505161777	0.030033413944933737	-0.0035905707543070695	-0.008453545647514146	-0.08506615495194451
0.07426791884936065	-0.03286826016793066	-0.03320149110930942	0.08446732215303587	-0.05040978844452177	0.11226479461207273	-0.02275119523079037	0.02290274949979964	0.10288465793345605	-0.13772872876813042	0.0615435950563157	-0.048238194585217734	-0.11799935350615585	0.01569072772730396	0.16452888353724815	-0.016040316395091382	-0.02387711567534041	-0.017596463830420798	-0.0038037015131839455	0.03292788936356029	-0.058724645124764226	-0.08729406936213426	0.0030578570244764736	-0.07512737503535354	-0.0017141581898104732	0.008465315668138311	-0.019078968066199076	0.037428195680796944	-0.023973681842976147	0.07057439986316508	-0.07435708554058522	-0.08354345180531474	0.0002678733981035693	0.03569879574193244	0.0014685093705686589
0.08087657163353675	0.02727857475657143	-0.02933029372064923	0.0407996940412019	0.11077578530112249	-0.03342050440264883	0.05971267629351106	-0.07631929544460297	0.010985787327439432	0.009828826388726083	0.0020664817086907617	0.05628661323240783	-0.18281620800688114	0.01808628985187048	0.06080423132537657	0.05656907713485522	-0.10870061853200061	-0.05037686233150973	-0.030850492697712416	0.13860318161435545	-0.045244339591491864	-0.03978428318480662	-0.06739389039141601	-0.0059209588873207104	0.032304264486851295	-0.06271322116347067	-0.12197733824049073	0.03593591992727025	-0.047874875236440316	0.018518684898536177	0.010009888961861169	-0.0875636688218441	-0.01948956457420047	0.044354665914216634	-0.10869208082903027
0.0804037232700168	-0.03166849410045144	-0.045820189378322225	0.03443532288527541	-0.09534636098273887	0.023103183337970377	0.11725050868882088	0.07934711294133205	0.06356465177434517	0.0933123065467738	0.005137110100448397	-0.017251638823816147	-0.08723387163464352	-0.05673300839567612	0.08262533698311178	-0.05472808220276285	-0.03220487245878313	-0.016463623740408953	0.004221450033322631	0.07153520477301874	-0.048391868529419464	-0.06272712178445254	0.024835253426619956	-0.08267248239900808	0.022395466262455723	0.05202066237389414	-0.062429703156676015	-0.024257388643960664	-0.03590858322435815	-0.006982123216641666	0.018094840861983492	-0.04925538828655116	0.11138045647864782	0.10413783509136751	0.0972783135982177
0.09042820785725855	-0.04760290847388224	0.004775309495808783	0.004853599356694975	-0.04071046122969643	-0.08572070395600853	-0.04355584822566315	-0.11919193317166729	0.18600772464376422	-0.0467846844702392	0.013690021165062087	-0.12699632746601447	-0.01607134971914963	0.08750223802094696	0.09241729000029603	0.026238437850408122	-0.043984966545091576	-0.0626142498420294	0.012677157563717553	0.07501921558014478	0.044002968290868145	-0.04108345325713482	-0.06850337167951104	-0.053400505071215895	0.00013263516777674202	-0.09743799666768022	0.06637629983143735	-0.06916057746823182	-0.0016067994684664175	-0.04385512447589482	-0.046198973819666866	-0.0932972754398864	0.05123140818712767	0.05718781932154116	-0.06331385036158099
0.09050895380158444	-0.02688798394222479	-0.005153510465981401	0.128744434574337	0.055647182566830676	-0.0745880324988791	0.027185939322507506	-0.07867292822774613	0.07782554613977648	-0.07731913472365037	-0.00536377209539534	0.10531968794038012	-0.0785065717556216	-0.013797837679050455	0.07250835609457693	-0.05815895262151971	0.01541842748097362	-0.016541454746728773	-0.03232030414092899	0.08761965337896291	-0.04229572391949588	-0.0183643196512374	0.04114553271849553	0.08406735919916812	-0.049178183570234	-0.11717921163231455	0.03312432776128045	0.020846923042606554	-0.09292340736237935	-0.059443112296481276	-0.023755681328932063	-0.029245200533361985	-0.04986933070307824	0.053663117258930956	0.02225891405627778
0.07510781557900843	-0.05739267372490289	-0.011634340893754445	0.17800701381421294	-0.02612432888497167	0.022854291770620812	0.05143475465584248	0.011146539575350648	0.0569292427041219	0.07059724641446936	-0.11082863535229746	-0.02833670421823212	0.040914035630931364	-0.03904835081363406	0.13280606874583684	-0.11574095195192723	0.013421623972156092	-0.04584066670105502	-0.12868259763341863	0.09328895949051261	0.015326117247674888	-0.0910462971990405	0.11292586392312018	-0.04465084262631645	-0.05171465457592514	-0.020010342564930166	0.0026844654604278404	0.011549683778306272	0.006304630143246318	-0.017845373373210863	0.007950239744934851	0.08796277646410292	-0.056888254430021046	-0.08950711615999277	0.005068605660733194
0.09622945737954915	-0.09853873253713574	0.04425552812418433	0.05982260291709709	-0.005481705781798891	0.019492208342603567	0.06931086771942191	-0.05647699962316795	0.1584278426087265	-0.08812512539766384	0.0036160595926187384	-0.010872292391702175	0.07258597274701374	0.05939213884762943	0.08815551767089581	0.037207936990781225	-0.09277777408942899	-0.08677729970748382	-0.06864082294882323	8.91033923850499e-05	0.019395691995452904	-0.06292423336479373	0.0896067189387221	0.053357027481736846	0.12453644563434271	-0.06277672826308693	0.06664734933791007	-0.06093757177686987	-0.07423948529829295	0.09581004808789229	-0.057923410905895575	0.07617056668664782	-0.11769757839064737	-0.09032325325455828	0.05676892081712618
0.06810918397926362	-0.029189708935023363	-0.03541555633428338	0.11849161212619495	-0.010212263006812704	-0.1318698776328573	0.1061452886884344	-0.07487539286407134	0.06075339944198363	0.022178570572218458	-0.031269985454394716	0.08838594433976828	-0.036414776819241	-0.02004529242758262	0.05655676417501641	-0.010415175699606594	-0.004158157787092287	-0.08984618953160958	-0.04210600902975146	-0.045933332818173515	0.037694051003451495	-0.06736298600146808	0.047644719344074146	-0.003098255715526458	0.004818321082755168	-0.05498160958373857	0.05188773641632057	-0.038781591600093104	-0.12105751004409278	-0.03372236217866446	0.009114230998290583	0.019648206388111177	-0.06956101503555741	-0.06093868717270032	0.00953005906508985
0.09676781294885242	-0.11852208795427027	0.003585202041431259	0.0871107593066741	-0.05938052503653269	0.007958280782236682	0.06471750439801953	-0.05336465864090283	0.08897593892018506	-0.04685589352413849	-0.012686079181507713	-0.035653344819638874	0.14199976755898855	-0.0019677577442403257	0.05978836713903673	-0.16522977964319502	-0.07614160890653997	0.005653239891647302	-0.11686109677645731	-0.04339657684830517	0.08272707290739827	0.009187783620751587	0.01865531623369692	-0.03440984593356182	0.04873248047791387	-0.08538370148155747	0.15376924013353294	-0.03249715082881683	0.03429012362006657	0.1843208244632353	0.019172074681260733	0.00872519086932658	0.029267961330379233	-0.08385327682166806	0.13757376017376058
0.09496672757231496	-0.09093625193751677	0.019056603250450707	0.05645188459908668	-0.026017538457988258	-0.07164734349604933	0.017972419072090115	-0.12175685679526722	0.0937983628027093	-0.02164266349028203	-0.008253623179229567	0.10551199975560413	-0.01387490378682319	-0.027849008596451647	0.038956601625412174	-0.051312966850937516	-0.1325772735773758	0.015547318923162683	-0.05360782317176041	-0.11230503415679065	0.09252723884346337	0.028872556536362996	0.028599202730883823	5.312798272797542e-05	0.01564639632547315	-0.19850426495883078	0.1386347005547523	-0.02961877229777958	0.04326515457691939	0.039190384203717725	0.041111437284998956	0.05021754880103646	-0.1208743115526876	-0.0736249232152215	0.06859583835811
0.08474604938370803	-0.04157750107906334	-0.009223070897582541	0.10037284528823409	-0.01005535292166342	-0.08138404494740552	0.06697630298536042	-0.057997344511285964	-0.014599600100353936	0.08334845541137437	-0.09431296600011588	0.07706489530498199	-0.021083847921780786	0.09709170958633577	-0.017805448886762745	-0.10904096901617374	-0.0442051092377006	0.1042733801131509	-0.020786633735292017	-0.11838855446442484	0.09573322088527009	-0.013396941083787969	0.08192035500230248	0.01087366229317048	0.1031651995682863	0.01715401431312858	0.04903471386693294	0.0071914773279805715	-0.048394509391505074	-0.17412977977247157	0.10930409024952843	0.022823252394895518	-0.10919502826032852	0.03405932319922062	0.15726528311577703
0.07666498671373347	-0.0660725335340647	-0.01177741373649079	0.08544613779850074	-0.10829167288714107	0.03787016486245756	0.05882402661894988	0.012176477132863918	0.014301986092327315	0.09833927626187655	-0.04751584301189647	-0.041076156155860924	0.05689571099278492	0.08535174783431637	-0.016060665347219023	-0.16839065589108418	-0.012085598960958078	0.1263482661471304	0.008351380656056534	-0.06744199891953036	0.10673816168901472	0.08204155710893167	0.0917332453246379	-0.11571482487118041	-0.027856313887979833	0.09455031410417707	0.07080789535386034	0.07368086320424762	0.06686633391319424	-0.13256592392916067	0.03674995151253794	0.08496274769995255	-0.11338060461079648	-0.0029605032773936946	0.07334275609871048
0.09027892365552397	-0.04002076570876578	-0.006076711387229684	-0.018182423437627243	-0.03876892699546284	-0.06487142464343316	0.08270838895763678	-0.10627811303516335	0.05469077283900122	-0.021017184078094713	0.04463755347741094	-0.0838387769558045	0.004259497327040676	0.16043864535390426	-0.0038197940584402293	0.0021928718620017077	-0.049977149973835934	0.08908906797409819	0.05319686280849169	-0.020748854489215693	0.06329040715003886	0.10094143157299629	-0.06417021720629301	0.045299308097686446	-0.01962720082916774	0.07906507822862166	0.033747658978532144	0.01647044923526994	-0.07567932522768786	-0.03828758058760985	-0.00693739887078167	0.020536494628632374	-0.08411903889595541	0.14692360641305763	0.05665929525042746
0.07218766545505138	-0.020241298795425508	-0.05808242124177946	0.04482600122102671	-0.05970234502040891	-0.13808186786470386	0.06904462599045054	-0.017347577844030702	-0.01267792698707879	-0.0835584638251612	0.04247625367308441	0.05006415946645912	-0.03284700449441781	0.01839080000783259	-0.04128085420681422	-0.14099060289887258	0.028540448098734995	0.12070928784327961	0.07933403433210927	0.005705992288439497	-0.02783743451446746	0.0632288472272277	0.060178515099086366	-0.03301480523812347	-0.07552104694979667	0.09503736167019282	-0.07531174068065896	-0.01303347885541245	-0.037493001831611555	-0.10938136225744288	0.041030541042268345	0.04262547200419734	0.01713206710838362	-0.005349006346864243	-0.03168443709040324
0.10593046595652238	-0.07754377362778693	-0.00854545322739638	0.028081447912935136	-0.09053839748327674	0.03518757140320169	-0.04731890984659003	-0.05350781850130685	0.0850049593896337	0.09858167811807855	-0.021243109966177492	-0.009972088699199263	0.02584561779141737	0.006838424255149432	0.01706955615815225	-0.14652248121355665	-0.09278439214147903	0.053402967599959356	-0.008911292588558013	0.03771690192425711	-0.008289132350942797	0.036209521725656516	-0.013111679861492925	0.029510554977699714	-0.024454850304606857	0.12215858570690091	-0.029204638875610194	-0.020934297179041328	0.043552929431639464	0.006481877900974897	-0.07744355987661591	0.027715629855596464	0.022260542738955023	0.051879437742884366	-0.09141593014253901
0.10264821764938149	-0.043466877928425046	0.018632718648930884	0.04430246745796621	-0.011484354037318421	-0.0254092260441832	-0.03424450164234881	0.005236087970616744	0.12048387736784216	-0.09905239098673534	-0.046341533961346104	-0.006373858625197591	0.04000412162211112	0.14599911762380682	-0.004088197703107507	0.03581173860110913	-0.07738733077849592	0.009250728072361387	0.014550853960278595	0.03166939723679152	0.042988673988030426	0.009697589799972444	-0.08072400420725741	0.07649572067175509	0.09067198627840455	0.055758692701680254	-0.05480986898144328	-0.10191113334456695	-0.010667291838320991	-0.07557895099727087	-0.024547808696259103	-0.03200124398777512	-0.005364532370960587	0.03538862995882998	-0.016281752416174494
0.09719468703063285	-0.00299542821141514	0.014391191973250528	0.08913648339846589	0.023066683493732466	-0.07976275165695237	0.041347450617427554	0.08156480349846389	0.05949077435813086	-0.11374194355989227	-0.07231645344044899	0.1121522005952875	0.026523737469193225	0.05860009312382488	-0.04166657320654892	0.0022071436434795704	0.05970789013060545	0.03250894149296034	0.02521162504290307	0.03333291113414505	-0.037906319845796385	0.0006198883713219999	0.025357243107468813	0.091615418578139	-0.014838974510012336	0.0647416128503292	-0.05707644096375032	-0.06394067390934269	0.1008817607467016	-0.04698223417158799	-0.07465630749916383	0.029269218608534014	-0.004151509591160174	0.08224540867523489	-0.05252041376168959
0.10603479971440485	-0.009532032289953613	-0.0036653129979554518	0.08625530595451222	-0.01616417068033312	-0.06452836913105274	0.051897853014306605	0.09714064336732403	0.08600335583243693	-0.03362314026394806	-0.08931130667521682	0.14305554002564938	0.05412621213492227	-0.024421465797206388	-0.04067137494568106	-0.008414291352362633	0.030983445832802693	-0.03312274968552291	0.024259954724401803	-0.006956971517552124	-0.04979312743092876	0.08136921076369454	-0.04460802149157793	-0.028217942672738604	-0.08397884333303912	-0.02322201023496403	-0.03676303569453825	-0.08681654542361275	0.04923951197865677	-0.013213244674014964	-0.05821640650555786	-0.021578592598416532	-0.014186821698185186	0.06838518568881831	-0.058921693530970036
0.10490199950689129	-0.010512587691098838	0.015404311018944898	0.08484823287469496	-0.0899191730399761	-0.05802751997973899	-0.015803350633422	0.07719568999233217	0.13692216996016038	0.07257885607236698	-0.13325950207105433	0.06597688723690517	0.10162561345444256	-0.059049515152381604	-0.010109009732968572	0.0013766483613702504	0.03444586255547742	-0.038857788996190884	0.004557905073923107	-0.047960555726220634	-0.0641586662128378	-0.012344602985937123	-0.021928985164969727	-0.03316404758937836	0.073166368453421	0.06332806408292321	-0.081917308406283	-0.11157588963024165	0.10463912358354725	-0.027950942059831715	-0.012640637448524922	-0.0019633338805900603	-0.049041284724908346	0.009121906730119464	0.005813559431661352
0.11033302241171533	-0.0006457711870704283	0.11072899453622202	0.053428183825713495	-0.03568919365069345	-0.0488516060716803	-0.03596846280720197	0.01779944582355364	0.1564921243639278	0.02402129006367173	-0.07531239598287001	-0.004524404536052357	0.1561277056626578	0.09278733251541581	-0.03542738181078661	0.09984808094689185	0.06937353026617511	0.011231191722717592	-0.014313915286168067	-0.018412843377061776	-0.042263917655779276	0.06329180836501436	-0.08081518998717885	0.004668765341625134	0.012579289729618894	-0.0692852950126082	0.04878903719081999	-0.03677765523066327	0.05137695860270722	0.06297611605589937	-0.08407625729938029	-0.09538630695217878	-0.045256821973772586	0.08764989388124045	0.00953238343247934
0.10628950339652833	0.06675307288902972	0.07496042829928072	0.08715153052834783	0.015643317047811436	-0.08242640605330696	0.02557721638590418	0.003162938185468088	0.054457558045845705	-0.09522337674201503	-0.003039398783368956	0.07410237496021875	0.0819481532728569	0.02081007965803691	-0.029986644067219733	0.06566185191141478	0.21022849452523762	0.07174955096034556	0.055751399488058115	-0.041729598146589615	-0.1164095656044721	-0.05155996810882852	0.0678489189999571	0.0433425230522463	-0.03962084245403295	-0.04698767530909869	-0.09228289087838079	-0.045688996032762816	0.06947801829488329	-0.05103214930659957	-0.1275840586012812	-0.022525384706867123	0.04198709336787704	0.011621100368974104	0.1029471346031044
0.11550289225448335	0.028564065906958463	0.09617708875506754	0.13352459518191875	-0.0849546902990305	0.06000776788190041	0.0008514461538841457	0.005356247635933961	0.038361800630593156	0.09219834340524224	0.04444821800223243	0.10677257386593318	0.10173851485089591	-0.08855873532378984	0.031309714832566476	0.016219911880332477	0.08521774950401716	-0.025115435104338557	0.14031691050109923	-0.07145884807868974	-0.03448340893101305	0.014177889078596441	-0.1296484556782485	0.026766992870058695	0.04142565563217983	-0.10720428235116836	0.011826776209853652	0.05505180942920891	0.06716335774225234	0.05264976279748612	-0.17250872314723997	0.03822632332812752	-0.006337596594056895	-0.023960365901818353	0.05903596247310961
0.11874232126737	0.07680673248983165	0.07289127395784714	0.049769951165634145	-0.008577774239362672	-0.034549027913548774	0.007684512741905247	-0.1083577560562438	0.022257423632292026	0.08437579794759555	0.009089480256952845	-0.041630930530312776	0.030323412451044224	0.05083846026520071	0.05512006863065246	0.18573165776050554	0.128960046082966	0.012150750165680442	0.015441826771722785	-0.04317880647484106	-0.02614245089229835	-0.06686207219521773	0.06333660322719444	0.11517453945556634	-0.10552087883504821	-0.05734938631829123	-0.06224632517935043	0.06372274740570502	0.13754914080156458	-0.0713674697926513	-0.06822603346602994	0.12669570779477082	0.11833861380172475	0.05209023458664127	0.03833320392594578
0.0793052604416825	0.098086054615289	0.039513764113853087	0.11544764180104769	-0.027202359526974213	-0.04268456813932518	0.06509048394105177	0.008205920925785285	-0.10446788316792417	-0.013311675174626005	0.07590022335866888	-0.07048522739283694	0.10958866706173162	0.04110200020962163	-0.022213851048444998	-0.06218130611890265	0.07373397168691025	0.046923832138344904	0.03826296934498317	0.011353282170372169	-0.025924435121716854	0.0010899781541949744	-0.14135582188255127	0.057425130798849255	0.05405834907143188	-0.13305026015227703	-0.06204773165267692	0.07080925885122297	-0.03262803276996514	-0.04815504956896939	-0.03303161693157756	-0.0035361750096251643	0.10260831503345712	-0.00291394193729725	-0.06250986894843634
0.11305936561862916	0.026082661773657898	0.09359081821374338	-0.01522946246208364	-0.044033559612966344	0.06089121846962098	-0.06275204313084053	-0.03737204605130005	0.05249884987704834	-0.06618849233444057	0.0896023922360367	-0.010660323826482092	-0.03875470616635352	-0.03335285719984525	-0.12619915526724526	0.030520511820233034	-0.07838295517969351	-0.034266892476955885	0.030726016867529012	-0.04233284172780194	0.010214635080640754	0.01630396268003341	0.014735362743030622	-0.10016720054353356	-0.16243109066330702	0.027926490529754794	-0.06416199492395297	0.05285449153258627	-0.004387626118207828	-0.17240491115641174	-0.03137280888442076	0.1578569606949658	0.18996041852213683	-0.06469186997980782	-0.007175562813217944
0.11112604921211812	0.037132749368799726	0.08235153260443537	-0.003006247480496958	-0.02416431554751635	0.014186259713198325	-0.028323359544628595	-0.05650156518945737	-0.021303859657923817	0.06891583954502088	-0.00371210822067431	-0.005133020721776792	-0.09263212369189593	0.054749091050705884	-0.04466177073537164	0.07419554944635347	-0.06605414559117853	0.06161671943070189	-0.061810583466096365	0.003444991432548096	0.09740319018607071	-0.06543310712002125	0.0351491969900709	0.16774770760951263	0.055185698778493414	-0.03883990243302173	-0.09228777936032104	0.051919337589302124	-0.11268824774959721	-0.12508483455751768	0.03710520999662346	0.03072799032308968	0.17761094757140064	-0.010340698585356412	0.12414776349317214
0.09384813139463741	0.09555846911685056	0.04032969487245156	0.05399984592295064	0.08906585200736467	-0.058526923471227045	0.03771526361814619	0.010365800929159072	-0.15320234911565853	-0.04241460327316876	-0.041341245714951416	-0.03740436761397174	0.01891608464793002	0.12709236073346514	0.0036965504343358666	-0.050083905165242006	-0.0015249209224715982	0.12259909242021291	-0.05122571732130003	0.01454063702840119	0.05032898349538154	-0.058546422661642186	-0.006254549445078625	-0.08271295256566194	-0.021436904678324965	-0.15599440734801487	0.04564185225453669	0.13806213857662458	-0.07537749672551933	-0.058883784725406826	-0.06663385946407023	-0.05423261954750708	0.15920311379645286	0.004563209068430864	-0.06977797702794203
0.10637008352358435	0.037147553674964265	0.029643555615422333	0.0026030612463722462	-0.011970092116368035	0.055088575915254484	0.03447252178010561	-0.04677186695398886	0.06812440247596255	-0.1844869320379099	-0.05713903171609617	-0.04206931456152062	-0.14017114795687216	-0.129523911324207	0.10766966840363004	-0.03363111274992708	-0.03058430884359025	0.0642004668681035	0.02151472415711341	0.01238095625281649	-0.123381626321456	-0.0446184686884732	0.028638807701082347	-0.06670869257070404	-0.15792886473746573	0.0361576483405051	-0.14813783790145635	0.006208349651153189	-0.062394737728477964	0.013080004165509668	0.010607460450497801	0.006518398373788606	0.14766933050958153	-0.012047852403808592	0.04882731382039926
0.07627546687118816	0.05831484572713782	-0.004904573065063548	0.12405525246373479	-0.06361553878119337	0.000985772085269108	0.005799914184912872	-0.03934251575289872	-0.027065588940068528	0.04128258866139649	-0.07243721319797164	-0.03927731194335864	-0.098798307714068	-0.03204137192427243	0.09867056862024964	-0.08577348101283672	-0.016035784161240515	0.06497155991956706	0.039465217667091865	0.05434207952803906	-0.05128841671642047	-0.0456416161565298	0.04188055232181127	0.021347823319213102	0.014090205129616418	-0.004218774798039768	-0.27493495856735994	0.01892365056552707	-0.027582240015246826	0.10683521802000356	0.03839784417443347	-0.07334117619562644	-0.008303950541006546	-0.08618328752476337	-0.10168337418238302
0.0890161866531002	0.006088624045601078	0.06399565294108976	0.06416461109161799	-0.08305736373447577	0.04539412924090504	0.01331723792936496	0.03253653395691437	0.08248405699126479	0.03232622696952721	-0.10242916454214447	-0.017444276081548617	-0.044221791541382977	0.0024521576880198108	-0.004323917305217564	0.0025072957998093157	-0.1253977985082878	-0.009532408070488682	0.06440261463868016	0.024729885633490597	-0.039000295343781806	0.033333298120980424	-0.08846389814527922	0.05261396124684804	-0.034700834766730915	0.07142730108398379	-0.16176531770584668	0.022685743062050193	0.03985336437589076	0.0855646890137693	0.08852978912424467	0.022264596740167057	-0.06981660821100782	-0.11804790697409835	-0.11005253809246282
0.08974845465643379	0.023598634898729005	0.11357742665607226	-0.06458549839529702	-0.10840800802841997	-0.08268205684640459	0.18028880481598417	0.056896411656299495	0.0166737449431225	0.04970187172419105	-0.03456233456457076	0.08115697171243079	-0.020712230882666095	0.10231483425904585	-0.12458251592293103	0.10340525435109929	-0.06407410184684972	0.019840978581754057	0.038979566802639976	-0.04596551370446759	-0.024822256160795014	0.06281826030122017	-0.062015269772360195	0.05527349322012576	-0.026951680096356886	0.08351264636628843	-0.09423672780877772	0.074348276544572	-0.0349333028987817	0.11842406719239616	0.02378812042348226	-0.05077777930664049	0.04031562610715886	0.06575738633560976	-0.034560494446217845
0.006440364940965697	0.13265540029463493	-0.04349539739359428	0.069151179351096	-0.24813506007782235	-0.1943623667987257	-0.0064052183652899665	0.12557354806818258	-0.05332150796908339	0.05376361915993289	0.05503534684578899	0.02170160185645638	0.05886629636794897	-0.017518550146588065	-0.09605378769723155	-0.03345359497243171	-0.040939045356297055	-0.09897844693841044	0.11114390555982599	-0.08065842128113009	-0.05408373740701809	0.03278591297396652	-0.03391669384625119	-0.04959268727012438	0.02667455964397864	-0.010117937889823583	-0.07158707614285367	0.03822221089846171	-0.06029457841553558	0.1129125096829114	-0.0016780098521603781	0.00926795028019354	-0.05054153269053858	0.011616414208395466	-0.0046252847460189865
0.04239638503685536	0.13286312894324429	0.0814801985271152	-0.05016763761587176	0.0727343789917783	-0.10645568602444692	-0.10978343077187161	-0.1134670265245688	-0.03075409350829219	0.07455485808480045	-0.023521198071858134	-0.06374240525992052	0.09257732874452045	0.022271051700148765	-0.12249693310160555	-0.09265838375220169	-0.05909153236069878	-0.08050315268027095	-0.015477189451106502	-0.13089653564019396	-0.10930686235728651	-0.05772345288420046	0.11014008818331111	-0.08350750867926998	-0.00038189631235404503	0.015770253990826745	-0.05185939125502938	0.06422029238571328	0.2051519814387536	-0.056472655897337125	-0.07020834835005355	0.07830085214535801	-0.08185007764402534	0.08883743757999957	-0.021962028204899314
0.04812218636821361	0.08148841372519801	0.07154213069248785	-0.008063441937030623	0.01585871627426902	0.01987829399381413	0.0686587088994001	0.03236230952230879	-0.12852079704179192	0.013568588287365162	0.08301738787446959	-0.0991262418276721	0.07372347467100433	0.01537008798560754	-0.07590302940123916	-0.1524469421324469	0.04466951211581565	-0.034953748397253806	0.02589819081097283	-0.08716802846215257	-0.043900751177892154	0.09864277620027649	-0.12696933744304478	-0.05187126314105515	0.024611368043891618	-0.051508458683720414	-0.04734634788424762	0.00892748960747215	-0.019544439839171684	-0.055160799220309656	-0.007610846310929946	-0.04276255082893724	0.011172314072879736	-0.02474900374349219	-0.13367894658942242
0.06314206157952684	0.03642858161844406	0.10924939861784559	-0.09586860286565452	-0.09657490792772852	0.02501056922072739	-0.03201422323887879	0.07585732786122514	-0.0005547878258568409	-0.033214817696075316	0.07182031356258378	-0.00138442093233681	-0.08525542851010431	0.02181093438465097	-0.10433209056553575	0.011094138990855467	-0.04552455642927608	-0.10662747518721474	-0.023024098728377865	-0.0036491114074098377	0.009830348777675846	0.1062014607480796	0.004835893513967793	0.029804378052977476	-0.03312599175047089	0.08124750181785453	0.01646250137400878	0.09624398277002066	-0.007220802610545848	-0.16042591094514558	0.021464044411153207	0.05658362124124833	0.025154795629982914	-0.12599803591546943	0.03151566332974906
0.04635641599970712	0.08225649781442214	0.10456133321196559	-0.050818246863170526	-0.02022746997872879	-0.010721287939685135	-0.017517349060565863	0.00353361657056827	-0.07674925870516382	0.09535503482772495	-0.05335191509447766	-0.04690599539167195	-0.16795450087360575	0.1454442832571983	-0.08644873737970897	-0.0008813928266762178	-0.05553060249662237	-0.08692000426478634	0.004580999492439546	-3.8851934253790986e-05	0.029430382823354927	0.02750561675281657	0.09771230018916913	0.0132492673112709	0.1149378878994572	0.11799221425988847	0.06523989574619543	0.057323267457114246	-0.0817096388307643	-0.05473261238188072	-0.024444241594603622	-0.05228284565182745	0.0136652092371205	-0.016729386782429308	0.08630329701956804
0.050321218868729194	0.10801114543099069	0.026325226114193453	-0.025066545849509826	-0.014435770289078874	0.022634469162990577	0.05328457532883306	0.06432833898975004	-0.054488686411540366	0.015113575151644196	-0.06597509831851035	-0.12129012730747775	-0.1394624618895656	0.10302659002067201	-0.02302891840734741	-0.023265497125380508	-0.026935031613078905	-0.12248963648250645	0.06059764927200953	-0.02773476571278649	-0.012760729185520507	0.08064116045584505	0.07658703432715315	-0.02385662615323169	-0.03629709056703537	-0.00764275830171092	0.17837022975088587	0.0739173074561993	0.05200922990994873	-0.08961146661055508	0.012134455124000826	-0.13438612856928944	-0.014104242788369303	0.02389002366013112	-0.07017886371740516
0.05726996638920366	0.08653531622397637	-0.00754940944028488	-0.0592701360903852	-0.08089762471764952	-0.017091715580681868	0.05502736362319877	0.09325981887930014	-5.245162043239959e-05	-0.0536210979080774	-0.057772952652151474	-0.15586831832649048	-0.09235651698302372	0.04618555476660974	0.01632711776706896	0.01801345397267126	-0.008900467393036161	-0.08447997002957161	0.0395711112545626	0.011100612934694247	-0.07266487216125678	0.14458072352606233	-0.07059207851073869	0.04110827629742188	-0.01900489680433756	-0.004906384393970141	0.08949324007944348	0.086597898826294	-0.11016163096749272	0.04896607529840063	0.041442764212272665	-0.0005472649060912563	-0.0010972104111340378	0.028880014408118486	0.033645017932992294
0.08245411825181909	0.07796514561184668	0.09918404614092027	-0.10419340380277273	-0.051042414893420346	-0.083367355640619	-0.05306263426520259	0.015639989027101533	-0.07999946804499071	-0.12051051134577466	-0.012070951943639828	0.037158443286861506	-0.06970486904316958	0.10118967476947854	-0.07650512787221457	-0.018101937383707214	-0.020649173375656173	0.02600377473079641	0.06127781574815137	-0.04361696967450321	0.002771602585051623	-0.0005593493214702148	0.19809160875301332	0.16138404558476818	0.02554461620854521	0.03340909637123762	0.018321434630005403	0.06174312973267468	0.08194871575336292	0.17606992491426954	0.15412585647217475	-0.18592155832501217	0.003690984047896251	-0.052352340686734944	0.013795517557954919
0.08439084254905801	0.09825040457515993	0.048023999509617096	-0.05994118130981928	-0.021022315050366287	0.07146985602287019	-0.11412463714916089	-0.022942239060376637	-0.0631013667038725	0.028636839150854087	-0.09483061848407305	-0.058457356295181465	-0.1057889010990881	0.028305579590362256	0.014793836251049403	0.03990984659780367	-0.03918986218220535	-0.012777026001806515	-0.06140579559810224	-0.11676483606816972	-0.14618564878565388	0.07504106690211473	-0.004902694772270769	-0.10184578878857388	-0.04808944369620624	0.10746446572202878	-0.015364187622902498	-0.003537379723863733	-0.11464002544931422	0.08109730050027855	-0.06517332870856382	0.05894839542472151	-0.06482121755873868	0.06539209033907556	0.03138430602195066
0.0280920549084906	0.1923385256177547	-0.050520972165470614	0.06134420497845445	-0.006699249981607661	0.021352966765664054	-0.002544944517671692	-0.006430332609558287	-0.14912774578963336	-0.1162627003285161	0.11957058553481606	-0.036808656147093055	0.010779285603954216	0.0878053786465387	0.04560592038324306	-0.11685866757472149	-0.09536964686637578	0.059596939381589865	-0.27366147474603053	-0.1401098565906145	-0.07337033393233545	-0.11689276952890046	-0.13101538344114463	0.03866848598788299	0.12985783845482884	0.03049194265195284	-0.01327056085242058	0.04643462127623309	0.038218103026263495	-0.024773826542424295	-0.027809547638187174	0.05905448197804774	-0.14910531132067736	-0.002540022731287575	-0.010125421663462697
0.08266832472553852	0.06840225398841858	0.06230937288223983	-0.16365912472805813	0.0500789202615357	0.08393608813851026	0.11641297524498465	0.029558851192210564	-0.08637027072008958	-0.04004797086338572	0.05057825369802659	0.002100394289691842	0.0717461686640404	0.019312891678421235	-0.05055956085776469	-0.07930724639393706	-0.24566234918865357	0.10521708693422167	-0.10376896021223245	-0.07800109906832195	0.02830475629635594	-0.06274686320329424	0.046582797756705145	-0.18476441598368118	0.07316936769290279	-0.16724215509583104	0.02904354306659892	-0.07774247908316403	0.028706787800845783	0.06386702331157817	-0.08046024456721716	0.044162666952546725	-0.03293768384531637	0.04477731201419074	-0.06934293833944799
0.06012664770228036	0.0898522668942133	9.152635676001058e-05	-0.19825744682529464	-0.1264089556611701	-0.08136330330225795	-0.02983349218364473	0.023141215202148	-0.06099349179361128	-0.07979211455935523	0.14090738610044864	-0.006384768242757009	0.003406182189060996	-0.028970631242606563	0.054587881005919235	0.02205360611127743	-0.040185580250787147	0.06900346941637175	-0.16171682490857248	-0.08286269051811584	-0.023619199784523447	-0.04920968254673379	0.13251980548032724	-0.007203427055688882	-0.015424231191508039	-0.17811243739351246	-0.033409874614052835	0.027734755894946228	0.0059873879496648375	-0.0071296114113840806	0.029257015814185328	0.05168524031747371	-0.04200873886124066	-0.04487415577583718	0.06252202850963984
0.0385675664401003	0.14934291623077714	0.005957894475574081	0.013071454311456298	0.0408826420698741	-0.055338587220014945	-0.20799653562037357	-0.11855805689081104	-0.06546063348512056	0.018854221364446613	0.04409664681636894	0.0366427309500562	0.040698477728951334	-0.08888468007109035	-0.033111154391804606	-0.11995120036303125	-0.16363772523331205	-0.06390193954243198	0.0230126479456029	-0.07296899471585093	-0.07160984226800138	-0.05048959291269242	-0.06384216901358561	0.0013172513153820301	0.11339861795276979	-0.06519722007677024	0.05213450047816627	0.039521919464104084	0.12546222055669298	0.0328874253792593	-0.02897894912996276	0.07752420461358293	-0.032530585651454245	0.06814917603241136	0.000641623459009491
0.093209915187534	0.07974219306245676	0.10570566112748424	-0.06843060907594768	0.13673347217327655	0.1391791521119398	0.0547700348483582	-0.02604288286554517	-0.11723953670063528	0.07156557214896689	-0.056800108218325984	0.03485846438815706	0.07768363647836164	-0.0367089825041153	-0.0434155576887205	0.010024572674444789	-0.051279200227197445	-0.020833758543891953	0.04182070751194929	-0.08844869764036563	-0.12621664721065506	-0.040725754530935965	0.02091417458960055	-0.029533446141508504	0.02040867014253577	-0.1757254446729493	0.10498648540137778	-0.038749466042000524	-0.022357199533038115	-0.159597515886773	-0.028820257170711752	-0.06836567767913865	0.07988183292387105	-0.02015808110439158	0.06331393318769123
0.04372941293613692	0.13382031901860938	-0.0868387762056204	0.010854975798520615	-0.11868561089209048	0.05420757376529231	-0.02513469951995593	0.13143793729715278	-0.10532269688340079	0.05730966659196591	0.031652825031854896	-0.09956511773806272	0.08196975441322812	-0.015702127449266627	0.08216366636562294	0.03805270642194837	-0.014028009831577468	-0.10867808795448557	0.040386589373879234	0.0004874842574067802	0.006621352234714561	0.07473995331767204	0.09891008109496427	0.12049844125764769	-0.13511041978004426	-0.13172007349825943	0.018545028683800775	0.05789723264770856	0.07172246653827129	-0.00804330590771452	-0.053981267603403445	0.1631539690579965	-0.09004813592939845	-0.0979036215778996	-0.020390445243460113
0.06979505803212263	0.12222884944758768	-0.05778648991534478	-0.04942477212682603	0.08985814284309965	0.03993139206621476	-0.04278688379974222	-0.05935579105990415	-0.03620328988572766	-0.09199066780592825	0.02035259614415706	-0.10727876366688979	0.123668456091535	-0.06374373858495708	-0.09066446168723319	0.02075044004202949	-0.09067546914481721	-0.05507373802205099	0.048162060209596964	0.08170332522062196	0.05574513101321602	-0.018395005517300042	-0.02223947005355842	-0.10034753905454522	-0.005714930373820266	0.024424749585055514	-0.06767152101275453	-0.057543404776251195	0.011851670668246522	0.11434100266505365	-0.09277386394233408	0.1600723872747341	-0.1755912976456397	-0.014461472162422565	0.008021160262544742
0.11463980960614344	0.036191124915409434	-0.02191146208418213	-0.1531161731146641	0.06391828403328678	0.08299772104136005	0.08758038214163516	-0.12494944249888146	-0.05227245788641545	-0.04884558144265706	0.06189443395419457	-0.029880148082613522	0.1023105400615828	-0.055508080058550895	-0.002882669060202123	0.026180127836480993	0.14603978059395273	0.06550659435367015	0.05489812637308309	0.09085946114772683	0.0993223438079899	0.032986007322229276	-0.03736560978627223	-0.028843953925740216	0.007065464306411251	0.025324946444463897	-0.05389293934898665	-0.052391340507828024	-0.1317177167715595	-0.02450180448202411	0.026559839174060164	0.01092486385409561	-0.04243309966923002	0.16072365881810702	0.046260006685776324
0.08448120848259147	0.07691491557191293	-0.13029392096384212	-0.02481762807311473	-0.09213112257969096	0.10034729776003547	-0.04892540524325619	-0.0602596068812896	-0.05700773386309908	-0.08151056322940392	0.13142743190161113	0.05084505678410274	0.021446242195284782	-0.11793878064331945	-0.01262353452566047	-0.045076188258708814	0.1523228144113841	0.054897717499299545	0.060676318350557125	0.12838440759797556	0.042672691121388134	0.08682899974127761	0.07358087037048724	0.0016768580286486447	0.006431143121790683	0.08209716618147049	0.024133284562867605	0.029391144035495045	0.04188503844718856	-0.025346968004395645	0.0026328236670278005	-0.0379635281526466	-0.1027392174861059	-0.06484607896489689	0.011462383260415591
0.09142236138007714	0.09909546783871061	-0.09501061114703753	-0.06913483626817207	0.04217229352932054	0.07221287999166363	0.009089423310212992	-0.0585335414503097	-0.097410874627232	0.043169486648468494	-0.018042152330947435	0.06772780380133978	0.018028188554440844	-0.08798790498183978	-0.0634315013065084	0.028194347097804124	-0.029175151381624496	0.0681345951726003	0.05887224570979212	0.16185339544902794	0.07730018810364031	-0.01960959932246051	-0.12795249705717032	0.04566444957221042	0.13377726014770105	-0.012256306952749364	0.019342226099116545	0.037538294697439814	0.007941892839553578	0.06719791187567159	-0.019282076346263874	0.017601955934956993	-0.03725974859794934	-0.07756294901084944	-0.0683220690406574
0.10549639009059765	0.07110792305533739	-0.09835571739572907	-0.17547489767837307	-0.01857857114444893	0.06875497300376815	0.027545341230452634	0.12008239910286357	-0.08126507701880616	0.012883945105731027	-0.15693677573296042	0.012539564600143278	0.04467298304447799	-0.06296844545188325	0.033374369105715306	0.039914443613549934	0.011526041435611856	0.07278094330887662	0.09505067502735888	0.1185444519567668	0.17694121017404288	0.05552611840905886	0.008522121072547198	0.005639574185319102	0.06397066854206669	0.04532583995841191	-0.07608566983609981	-0.03704049683825755	0.040777665008777275	-0.05172820899545765	-0.007841589532264685	0.1814745946541465	0.061047568156749527	-0.05503462813791747	0.005562215750223268
0.10773512904483445	0.014710401060919073	-0.07392748432215308	-0.16279426347695122	-0.06563357090356665	0.04320331079235045	-0.1184402012910759	0.012595664066595841	-0.00855179113782191	-0.13114801291598113	-0.025001230074118364	0.09345313201621705	0.005635233810772728	0.0537099868973158	0.034625868178241766	0.08165510521261891	0.010572988583798671	0.03523388716929387	0.00765353158563228	-0.025892822777523257	0.06938378364516033	0.023527520975307095	0.04295315444140038	-0.13272997178640525	-0.015844620821035486	0.1621095489554019	-0.004756807400566998	0.017045070314667135	-0.03214540357027618	0.02520519459392527	-0.04690524921746931	-0.0648294253077594	0.036061487381505504	-0.08442692262721957	0.024308481962096312
0.07951357716466849	0.10040997418311814	-0.15642679807207546	-0.03477911750364499	0.00893506547207249	0.033986129559601994	-0.1066667538050808	0.005264518469197372	-0.10847305352231734	0.018754007052903292	-0.10045219705253962	0.008355361448816425	-0.05395081430251945	0.027612809673379913	0.009699702350240397	0.0732372009575212	-0.11533748780079137	0.016812932147280902	0.07769341837095689	0.004430684879198609	0.024830398547374056	-0.13487152478934256	0.06247451033750619	0.06995068489479622	0.07841672078848339	0.027527310159967067	0.1081418680520768	-0.04735977114533645	-0.0304352685541921	0.12260825427238181	0.04523831482297282	-0.004115661739898486	0.06735468547302839	0.05457604908856633	-0.13609540462954114
0.10695711333488897	0.06735175545348854	-0.1840815634803265	-0.05412689615006086	0.05166541221147699	0.09115423863740706	-0.024874902580216223	0.09815513620489533	-0.029477967285216206	-0.016360006776085942	-0.16983856512360085	0.019042068166377598	0.06720476406842299	-0.049189258844590376	0.00677836160772419	0.08777794588634794	-0.0980177562086914	-0.043561818313572837	-0.013480072952251893	0.016144977640494	-0.07462668164240768	-0.1087331197106643	0.022153046308675525	-0.013059436068996733	-0.02675668929082608	-0.02602371135658081	0.15268801467450938	-0.060575069902233755	-0.004672530485743483	0.07681614705756884	0.1743945792588491	-0.04147917827080219	0.1045909159487588	0.07548448247376166	-0.048591005104574765
0.11177975406859489	0.059365940030642834	-0.17863208971276032	-0.09999515166156449	0.012794724578447915	-0.0278259832149927	-0.04142644083062065	0.088093212352797	-0.05633765098277153	-0.017869272193657186	-0.1101739751236629	-0.01231542401636591	0.14750689041541498	-0.07118322232781564	0.0783323511727987	0.05755158148153664	0.060427440947602114	-0.004671487199297587	-0.20100854536777968	0.08473586345618858	-0.0832405545981465	-0.007865216570065416	-0.06318319666281337	-0.032191889450484845	-0.10776417304782909	0.0065598962356718075	0.09319392062052685	0.048778576841524035	-0.08879155909347772	0.07113823942507862	0.08292501314748418	0.08865975044421134	0.0019094686840620788	-0.045448028755124464	0.03736452323117413
0.13478269676945215	0.0056593536106928554	-0.056936179426986616	-0.12398711283474849	0.005602454255300849	0.01025854179958996	-0.17219588573667316	-0.030312881344080153	0.011487915814208594	-0.10958658351779249	0.015237041357518402	0.07967609444458526	0.11767911340123202	-0.04420022693959137	-0.03933202508212083	0.05740430460471485	0.044530654951499896	-0.005691651798723697	-0.083163942826438	0.014559492424585941	0.010680416281920091	-0.05724548178039858	0.11309190584789947	-0.07407676161391458	-0.11630138025146178	0.022155144291918935	0.04575426233772681	-0.10174791910514593	-0.1453276541214302	-0.0019262924738813504	0.09635488663895483	-0.08114538633637769	0.10989340706885906	-0.026448216320429516	0.11860350071522603
0.10642649526326384	0.06608539295941616	-0.06561698594538334	0.025137596790928057	0.13006482201961783	0.06464118339397658	-0.1074806291874975	-0.17515884113075816	-0.1301461932705628	0.06918750332966599	-0.01859072429735869	0.035436903446336494	0.014962844136400356	-0.059096733956162655	-0.04487388025449988	-0.044299594498688054	0.09886191961587076	0.023993080134796337	-0.09952043577233935	0.041528736229801105	0.01575094972795097	-0.087975930505411	0.037194259354196506	0.059901166131865545	-0.00413676706685067	0.08770975603709652	-0.0014740193381036666	-0.05983879534418522	-0.04937741913940136	0.1385746583244551	0.032752828129566765	-0.026242057214620407	0.06601006632522927	0.08523620535476653	0.09711295096472328
0.1194489058630972	-0.011094064691584521	-0.046845445490159926	0.011774207296937489	-0.010805479457154888	0.2769452760641288	0.007371882481295142	-0.06835779860098284	0.018155987182741303	0.08829805545984909	0.06851603292268559	0.05892386304615987	0.061066580622929426	-0.04316613552797596	-0.03120441569020065	0.08129101832600226	0.05749768241648225	-0.040226821981040585	-0.04318537686453365	0.03290360807355573	0.05620575294864535	0.08423919681788188	-0.04131098496607187	0.0051559654734411806	-0.03564152453321817	0.004750654487153721	0.023957403266768533	-0.07599326384398881	0.006179347753118292	-0.09321415845191139	0.014989223692381232	-0.10884758457673273	0.004870938673424029	-0.08463833684039762	-0.0755192615453872
0.09227351514900718	0.07822180093057275	-0.1310935745800849	-0.027821992560176857	0.0538412529242443	-0.052546913043419595	0.0982294224272021	-0.12584172067315902	-0.055752199482162285	0.001537120804593727	0.06633373587135677	0.1236036358112636	0.014134066226472983	-0.07281591151113039	-0.029086241909952723	0.15256530088809606	0.135489955744947	-0.0725994421511105	-0.0920964518534324	0.022695504109447835	0.06493165191002155	-0.015058695622994445	-0.10529864297257367	0.10180581819908871	-0.046556382528427157	0.028314759904713174	-0.01095261515858028	0.013552657492134912	0.06472108249571838	-0.08087009412821498	0.06504500915354357	0.01587286433338604	-0.0007408388639882253	0.07349354514308787	-0.10744915670451487
0.12127826306372269	-0.04914606643824816	-0.008879904043568773	-0.05956171339424024	-0.04751611695207154	0.0537548732046297	-0.02958890930291983	-0.0438071060726616	0.09230889107653989	0.06016140288086255	-0.04678536400861194	0.1317618562297037	0.08440162327521526	-0.06964720637830261	-0.001692485915139837	0.01560134563849354	-0.03284828013022631	-0.06045087233352221	-0.028858944666757223	-0.008537250442740021	0.09811762220845949	0.07308979892478468	-0.08956860591305452	0.07138870154405093	0.07924497964923172	0.013396606319820106	0.052931376706887766	-0.04737966678264519	-0.006670285883492269	-0.12449611705211666	0.1051218134814633	-0.12666106016506423	-0.08903610324607393	-0.028375454058481756	-0.00238759279650224
0.09258474790893087	0.02837459107735131	-0.044888138504550715	0.0015148913225635288	0.023782333563842902	-0.04165656201093589	-0.03976413104914753	-0.03875276610729117	-0.016246441694477767	0.028822987649518433	-0.09940924427007171	0.0022882139317797773	0.05670808593135126	0.07369005708294434	0.0693479433295994	0.003390840183308076	0.12691856189348302	0.010165654239399916	0.02095675286667361	0.019855353856494184	0.028578476746154456	0.08711361043470164	0.04630390637048213	0.0420251938702161	-0.11485933326974407	0.1306494644892547	0.002897107306627622	-0.0057596933399706035	0.048080630787107795	0.02016539491557969	0.00864328771393814	-0.09264626512575941	-0.051279688540580674	-0.018729410389346893	-0.06337815156459137
0.09727532389260335	-0.011937605377604079	-0.02836124564324507	0.01044026485134162	-0.05658038016653325	0.12696792702815926	0.03529943304906368	-0.016344290161629246	0.012270899919363856	-0.06276880830620504	0.04565930366040711	0.060235306896028795	0.03512647977017665	0.013333917321022048	-0.046277661018507145	-0.13866393119724255	0.055355623388654004	0.040802822991549983	0.05172294150460928	-0.09816985497609668	-0.03955135887125549	0.03140771571492517	-0.037243129514079105	0.031241636450694672	0.0026011123706832437	0.1762601665475908	0.03514498085592071	-0.066080711713359	0.09566946155477249	-0.014037557371922842	-0.05906814921094827	-0.21312024390789605	-0.08812547598510011	-0.12959216827110057	-0.10543516979488471
0.09234178708174287	0.030092127383347603	-0.05486637221804739	-0.08201515371803911	-0.05213929133263529	-0.01961178928373301	0.09238999618806541	-0.14647279236752359	0.00669940619956768	0.055577862457041764	0.0017429295912814533	0.07762343163304651	-0.0611417176354545	-0.01340728559099486	-0.04418154909535518	0.0827535431376412	0.07435844113518651	-0.005653747436802766	0.04873111095195135	-0.06891611861957785	0.034530786900033625	0.08449749124377004	-0.12041646922675929	0.06678188523110831	0.00578195016634632	0.127155768022939	0.030655837046811275	-0.16582021963820412	0.029697184817680987	0.04958257566969537	-0.05215550548637268	-0.07627248676494602	0.009732473101761854	0.017777043093651086	-0.045107047014154016
