pca_00	pca_01	pca_02	pca_03	pca_04	pca_05	pca_06	pca_07	pca_08	pca_09	pca_10	pca_11	pca_12	pca_13	pca_14	pca_15	pca_16	pca_17	pca_18	pca_19	pca_20	pca_21	pca_22	pca_23	pca_24	pca_25	pca_26	pca_27	pca_28	pca_29	pca_30	pca_31	pca_32	pca_33	pca_34
-0.20818320175707755	-0.22164733649510066	0.19770819209832102	-0.1777820481747224	0.04859272674945569	0.1873121656979756	-0.07645529979565312	0.11035411428997138	-0.07682178175963113	-0.14946131789357414	-0.12388305970141773	-0.0060923801953236744	-0.004274452627663162	-0.1891689308685702	0.0138677135054232	0.08240547720940604	0.0009933403921211668	-0.05405656767990887	-0.0812949280993382	-0.019718237067511475	0.05079153098148096	-0.05940492379488574	-0.01935008020433362	-0.1681858200972949	-0.13804767375941313	-0.1672278106127267	-0.009799790678113018	-0.0763540117233575	-0.12082554263061822	-0.011865889258513217	0.039830809306268845	0.05752793222007491	0.2100115203216265	-0.015281399462328165	-0.08661775816260543
-0.20586596150195235	-0.2210865064212474	0.19022926805131218	-0.17355996220106734	0.09988168139515609	0.0973836776228266	0.005500105790934822	0.086179704823323	-0.0476113261855002	-0.061562456723386144	-0.12603219523907427	-0.0005147872481376527	-0.03998318294127724	-0.15325832401606032	-0.0480076042549425	0.1598023652285833	0.06119120152155909	0.026280128745337243	-0.015900885952396866	-0.10508838186600614	0.009151920308706584	0.006660168317339298	-0.1893140903125875	-0.04119248865830884	0.0044716137279859	-0.1664631159180338	-0.004575527569801865	-0.03373816440483667	-0.1231179817835139	0.04488795420981904	0.02206447459261584	0.03540585338135486	0.12135235433391875	0.12952308807066354	-0.07919548405550494
-0.2064129459503466	-0.1970236154407491	0.1383502065197874	-0.16320254761151204	0.1090278553200315	-0.03938797168374367	0.045634360672110456	0.07341791934752792	-0.03802148494503442	-0.05735330987857391	-0.03981070124459472	0.029958576030690638	-0.09099586727082955	-0.060477675595973925	-0.059605546110381366	0.11916299630673115	0.011197224136298424	0.11722994212720804	0.1066221324266222	-0.03842048203434037	0.030293853863789348	0.020451219166969972	-0.10821339513471931	-0.06184377246572359	-0.08142739139733651	-0.06733786551367761	-0.02050716932105152	0.036571538322680376	0.023190811649502617	0.006175539040019914	-0.06282296182786588	0.02802760097453729	-0.025291681728945525	-0.08043399635071159	0.03122903482486066
-0.20283780745197827	-0.15683888908559973	0.11711552987921214	-0.11111863767663593	0.06914372299083202	-0.07460091564639193	0.008476829667933339	0.06894111171566568	-0.012146905309285666	0.014744633639093396	-0.013100366264509777	0.020677953672603302	-0.08028135261260923	-0.036022019471304706	0.009288980279145775	0.0756840902430179	-0.05752422868133585	0.09589138497232275	0.0738137011324186	-0.05881682472669536	-0.02444765372465307	0.09623440288692615	0.11781594079962585	0.03524779431282808	-0.004443204545309483	0.07809920592790615	-0.03604775463588735	0.044947215059432874	0.03439435609416194	0.03516365293018898	-0.07126920008737359	0.030703743010724906	-0.11533681656905267	-0.1480179142502527	0.13273850535071308
-0.19981004931906546	-0.13523649548056105	0.13178559061224526	-0.03182931792239556	0.01109416340330455	-0.10047929352265217	-0.02098289138591343	-0.017429392345321426	-0.024439947656255234	0.030509914833110247	-0.04579731964091402	-0.04504597320268354	-0.09192337666529683	0.010810086053090917	0.028391391640319844	-0.013741445582560616	-0.10334710055292702	0.025112742144148985	0.07910346250478631	-0.005585048682625882	-0.04700983427262461	0.08303751455028247	0.12738080078662542	0.04307184897013944	0.048630404540807345	0.061608867671000704	-0.009201393496467185	0.07350672938810171	0.05791510954828625	0.05636461738906915	-0.03211065829781182	-0.0276838662384867	-0.15295446437976368	-0.1473740052616785	0.12082973283605865
-0.19658837645212018	-0.10885991552498801	0.12871017270000917	0.002294184073766581	-0.017141155078138542	-0.10809017393410433	-0.02752058237340045	-0.09356923397178675	-0.0432210678322765	-0.006153165848398479	-0.01256848989944008	-0.0730899586364577	-0.049738103728201574	0.11272355770396156	0.06475307061734631	-0.04603324670745529	-0.05335904253421798	0.004004717632561092	0.0985819067392462	0.010515414594587484	0.020395160691564572	0.05119847317385469	0.0769471026839553	0.03443635111297905	0.07096189806977402	0.09315375276401539	-0.032709576555599765	0.05187462685378608	0.029679006935892954	0.03632331823209744	0.039958986516964376	-0.059887509396270744	-0.13358988387139945	-0.04182418486769923	0.04443005066675708
-0.1958738307561914	-0.09436738471738823	0.13908810741240432	0.04303315808970176	-0.026737419310472757	-0.04090753351633114	-0.015212704218431822	-0.07353684710754962	-0.04424719535883842	-0.03989235972261315	0.03194868922547184	-0.09083370562310866	-0.01894189477499138	0.16069942350945524	0.1265198327328066	-0.007678179629206299	-0.0570152292102507	0.025552795536644267	0.04409323834025866	0.04450055014501315	0.03928151624524964	-0.019248912965019998	0.12022335794121028	0.03142480817081929	0.12728838601616077	0.0989146094565543	-0.03732308608065295	0.08670666857590084	0.03376809609435864	-0.008511111364126689	0.04394738846615876	-0.09555056413986084	-0.14665682807082916	0.07068217886509029	-0.03882600957258682
-0.19151546093333197	-0.08579042185760122	0.14344984111441475	0.09519408473715063	-0.038124627129846836	0.02439642679169729	-0.02217652622911523	-0.035504563726083405	-0.020239088593599984	-0.020783148437994725	0.01987027039888306	-0.07986170208213385	-0.03965476446096914	0.1270931892300185	0.15583201568724553	-0.0014960962555834179	-0.03172181751893525	0.004095085715477412	-0.024659744475556827	0.11483708277025728	0.07423384460062003	-0.019002771080464727	0.07664523112375643	0.09655419689539411	0.1277173898862421	0.04133759386910128	-0.030107075054691297	0.08509382720744643	0.08471520446854236	-0.03406991948440502	0.04795531212424122	-0.11807062476681977	-0.03011251959869642	0.2046317006222163	-0.030091349415719785
-0.17726609659162632	-0.05540196359124196	0.09212090874315931	0.09669847709324353	-0.03042649548563231	0.050765986939495245	-0.013717105789438924	0.011642805068678708	-0.014695870622279422	-0.03518517626030271	0.09578221489236816	0.010626025642061719	-0.02336471506678795	0.044420201220924806	0.0926251975365942	-0.1121917105359473	-0.0076430583884913176	-0.06409943265034404	0.06410709489451717	0.10598083950090889	0.048052464481240405	-0.03405603365984708	0.057267046661943245	0.18863008199348372	0.06692366310405454	0.08732048800065478	0.031439152373174795	0.016746110852524893	0.10614898199013212	-0.07613220520809033	0.06776950517421408	-0.06640715629515757	0.04553287354824476	0.12710385345012137	-0.01465698335618022
-0.17195670826195644	-0.044047875754110725	0.06471566097168506	0.08989831914581746	-0.04176799167245426	0.02603978372908765	-0.014731672537872803	0.026872512410081706	0.03025323956389675	0.02619328630868474	0.04808223266167408	0.027282138569642643	0.005584515086573991	0.043832195222632875	0.08078617376418738	-0.10826307482137787	0.050937816842759324	-0.1425875150191533	0.05132722055543763	0.048028130357910745	-0.036239109349333894	-0.09815273820779347	0.029381096477397794	0.10869528018274956	-0.016960815415383718	0.08282572856589472	0.09007511849886568	-0.14386094193107052	-0.008525890733294572	-0.1618765684998085	0.1211543428607585	0.06382810488579088	0.04537175798170115	0.0675668846616967	0.005183722224712167
-0.1655687186428842	-0.029918268197497384	0.0298274828185883	0.06337999925459559	-0.030474871334073894	0.006708370699358923	-0.014613268103664711	0.05030708523585142	0.07792760928228534	0.07513023879748149	0.05596545563717521	0.0317499322610566	0.04599983145362551	0.12425085258837293	0.022775285712226243	-0.09686816914024478	0.17198632788905147	-0.1167271045793078	0.07512278598492479	-0.00403683125634989	-0.02237432597770382	-0.12532759848015385	-0.051714372048166354	0.05727175907840294	0.05611895272598655	0.13439089421914346	0.06481094548054217	-0.11759484413487517	-0.09471454915188407	0.03481457347696528	0.13324755379894682	0.06399274270737262	0.12923215343169925	-0.050575498761093136	0.1142626046535698
-0.15955659547647907	-0.012354530835650595	-0.005387428597100322	0.02999391184567627	-0.03434129765096883	0.02382897431313269	-0.0043172701914170886	0.025595789397180657	0.0650993878558982	0.1381447560935941	0.05682885372708435	0.0041561155839944805	0.04281560551496787	0.1073951524294304	0.05032655851580544	-0.12239708792062041	0.07345943087877006	-0.12840504294058563	0.04534969057612981	0.06185468830027477	-0.04112934700649028	-0.1204495627014473	-0.005439009383456851	-0.047853037986444136	0.07669230785158601	0.08381370988995723	0.09351828707879048	-0.09066730708196	-0.019130537151898643	0.15670168455932684	0.02320647474743068	0.14493811873553014	0.125428094504197	-0.1037551799274605	0.002692452843206218
-0.15442977599972108	-0.0015932853682108065	0.005428910893734584	0.056185928427763855	-0.03141786555149875	-0.03709012054712327	0.06887927805902394	-0.042008213001644756	0.06254429139163975	0.1075790627452845	-0.01460826668289314	0.010120691206420653	-0.026036032144878065	0.03435422647567821	0.0006215391223256816	-0.1276593809173219	0.025610489261895724	-0.11953848505757889	-0.06545232232712053	0.11294929439020253	-0.05472479172919971	-0.035479728921997994	-0.06378128732278301	-0.15158409237665177	-0.012578391368544578	0.025062977673726505	0.08462346887236798	-0.11684856095492398	0.08890067680039376	0.026066112255371456	0.019788986437212032	0.14116519328728605	0.0569174886996878	0.03021099695400959	-0.12922476320226414
-0.1457483261729792	-0.00106697560640276	0.0007244386430562554	0.1005959414610241	-0.03837106892104512	-0.052040464402184544	0.11601388044756611	0.003229171270915779	0.037480869132404726	-0.041965380105240084	0.014441015899690796	0.09975682565639682	0.0010650426720059895	-0.00834957702288952	-0.043781033527790524	-0.07027409872587695	0.14542391413156577	-0.08497031227465354	-0.07071054006458224	0.1161713950040755	-0.03920398926340321	0.029187990605179508	-0.11626502783026724	-0.07052870538371181	-0.006646524594297758	0.019765159135971877	-0.06895586583367254	-0.019359048854812044	0.1559480158524386	-0.05116627720715501	-0.08216673555917847	0.010256736812146734	0.04352528221199056	0.04365050509130373	-0.14736170046827587
-0.14036658499637542	0.015313914721550406	-0.05475955653700326	0.035123769299822596	-0.06230199303694186	0.058055420793397754	0.042440674617933494	0.12498456324680834	-0.028082654077767694	-0.034925611360049624	0.09175800310575993	0.15323497062755603	0.08132798304009385	-0.06557345986809227	-0.03323392800298891	-0.07434823766262272	0.13437274462574902	-0.07635661144030914	-0.05350044380009358	0.0113187615419972	-0.044251951024830316	-0.011337494491635458	0.016841126292845336	0.014363067002637092	0.0232339360659259	0.07016039196616737	-0.09730822452286154	0.06592002787307029	0.03847893692400736	-0.11331169428098073	-0.21289751069741122	-0.04777096853466433	0.020479806899299097	-0.006969548120068388	-0.059591918479609804
-0.1347358122128802	0.0253264638767834	-0.07603161048846094	-0.007233965078551968	-0.062277684148017154	0.0788485208804152	-0.01614188995853094	0.11272804216897253	0.008085653732626819	0.1327286122638211	0.02900667680977581	0.06448130713454805	0.016370459536666226	-0.007353147268374188	-0.03147029278575468	-0.07628577084876842	0.031574253822072754	-0.0918526195727364	-0.09176702699355593	-0.0817803818075897	-0.1692864634183989	0.042727297739294276	0.03243075628068613	-0.092956963888113	0.01757989089454548	0.05019080914667984	-0.06793308998978495	-0.08272045348995466	-0.10015817488509575	-0.05577053333303301	-0.1659576952003221	-0.06721113536651183	-0.07999307098993226	-0.05895730763627552	-0.02309420485277671
-0.13601963768275277	0.021562985994826422	-0.05558878604902541	0.021120325438412323	-0.02966969085241919	-0.02998808403363839	0.018467435777338143	0.042745564120159285	0.08950670280283168	0.12243536844504077	-0.03700679271633234	0.03524787314110235	-0.013925225125039725	0.043137269796110655	-0.08635349632076147	-0.09992116002549035	0.03727623129651794	-0.028029180431152684	-0.06874658275816703	-0.012924994113099539	-0.1930702868441557	0.11417549290529865	-0.039247999404535175	-0.14079219016097125	-0.005344674952378836	-0.0374584743679026	-0.022928708547827706	-0.14749764444088936	-0.14656054964566795	-0.02409588997497484	-0.043133619488368066	-0.11298577005866448	-0.09917562212627547	-0.016637672932371898	-0.03032839922653809
-0.12676166846170558	0.027427438306785755	-0.04865893464415567	0.062121610370013555	-0.022944101037818725	-0.09754432841721455	0.06240523119824662	0.03066993096743495	0.11881302983876385	0.030546628995136216	0.012660237231377547	0.1189212551660488	0.020666681728445293	0.08204126561442564	-0.10579847138693424	-0.02090335022372153	0.04984683115387434	-0.0026792611150496942	-0.03390627685967679	0.024790315304318473	-0.148221142234229	0.11948392625770868	-0.1271123161705736	-0.06513973030054226	-0.010326755485272437	-0.06095723581198779	0.03800454155783811	-0.03500803238743461	-0.09439289723863864	0.06702271748345497	0.04128148260398518	-0.13796034667497425	-0.03916141749546323	0.018758572916203312	-0.0994625586240824
-0.11891178863987445	0.04169918743141667	-0.08644484896254892	0.011484218464087355	0.02137762185859446	-0.07009351226749225	0.08292653683930684	0.0505393448468425	0.075965306240945	0.007165726713837806	0.07089241214631314	0.13123309658151336	0.09596997789483504	-0.0012689304848935434	-0.11230850621929916	-0.05921216521596005	-0.03787546995688916	0.01929194584267513	0.03811119930731127	-0.05182491079964993	-0.03906130226129595	0.12164433433228003	-0.05512847633201795	0.036631835502924315	0.014401035198996257	-0.027215642786913408	0.03130698785458079	0.08421489161952264	0.005106810796147703	0.1882723643996916	0.07742580668318863	-0.06189235761088208	0.02300602156465356	-0.025339331388579953	-0.08996079549558642
-0.11860827838697001	0.03548759465238662	-0.10088770862199802	-0.02714594526520415	0.04497463053787513	-0.07777586695849067	0.09705692030616768	-0.029170221808777808	0.009647183590763997	0.014293886859211236	0.04059989280798215	0.12896638063374746	0.11276186500575	-0.0029238821898981415	-0.13394653112683647	-0.061714891481168044	-0.18911315891096644	0.03821413580643285	-0.00020468874559287364	-0.07939154581369501	-0.0709594896359533	0.07281820496447766	0.05683054302203659	-0.01306940746349003	-0.03711383489014744	-0.012179567510334444	0.038173061526469744	-0.04013634149823109	-0.014510597074624237	-0.03169892345300407	0.08039823528639296	0.020387489631379208	-0.03168846087893169	-0.06994663212997476	-0.032710516505121384
-0.11360321013787554	0.04866476358854785	-0.08991140096011871	0.002197012342955271	0.020332592754029707	-0.09266775964257176	0.09076891538741587	-0.03489141666423952	0.040274613587951064	-1.918636425832232e-06	-0.014940656224791321	0.13754804680497215	0.1599757667791588	0.06508495500340979	-0.060474077881338205	-0.026353695168211067	-0.10640077552942193	0.07292701489213399	0.03708192783808234	-0.02528831339675717	-0.0911659529151183	0.06175790204161872	0.02766554785953168	-0.04827728894197758	-0.08443867475313331	-0.04116281713967756	-0.03301525448763084	0.055859824871700534	-0.0746010593408493	0.014238007119849905	0.07106440516302015	-0.027419992937513085	0.06701372444329523	0.036420447419230555	0.023365022265271304
-0.11582375088115028	0.04549646113470727	-0.07422097843065166	0.02122575330160729	0.011439254285430418	-0.05192483486134601	0.07612882883527196	-0.007255533931012451	0.04226772025201576	0.0032282511432068853	-0.0050150671933914745	0.12231398789580844	0.19328657223399007	0.015708963660178474	-0.02779336873698468	0.03277418746572708	-0.12648623249763247	-0.022054002151763008	-0.011037860353515894	0.09816122257790011	-0.012631445827083254	0.04277080701891556	-0.0068745614361006915	-0.026870095007891476	-0.07779010479991041	-0.0819689662898071	-0.087124137098402	0.1003005524981909	-0.04531527779573857	-0.013907191409213218	-0.01419276540005169	0.05561726907461835	-0.01882258197899872	0.03448091142616126	0.06837350453569553
-0.11333277033974504	0.0482246500629666	-0.06494874369915166	0.05656735015864822	-0.00967337122946804	-0.026065161130047195	0.060361641501429114	0.01729427170303021	0.003685333018442554	0.013182543806886021	-0.053705642371791276	0.11269837606267186	0.14763607115838656	-0.07783731072752526	-0.09830166445814195	0.0025774735527221565	-0.12339670523275541	-0.026090640598352303	-0.10126770358642435	0.1098635998621093	0.031440029653633544	0.11168070584792869	-0.04492792650015451	0.023156752623980148	-0.018947711959172383	-0.04810401689048308	-0.09141047516723978	0.11094581685624548	0.0899898677485517	0.005261850005139741	-0.03157986022729749	0.050985889070086166	-0.003981793607620687	0.07509712620777556	0.0895540593256916
-0.11141904737268264	0.04766693614923776	-0.07058318726554072	0.041678380666623334	-0.02352865776368836	-0.03317098225161605	0.03350819921970957	-0.02751057849399226	-0.06865762134987795	-0.02742791231942128	0.02321657064774274	0.11237735834530649	0.13152436672699866	-0.048593813186348415	-0.13304996865918065	-0.011409966469613897	-0.09088954703553767	0.0009865068174291225	-0.038228558842891114	0.07409811820927353	-0.002129562830192	0.08193036472845378	0.001120798090811559	0.0901109017187174	-0.09569394845910087	-0.02403372719151864	-0.02471883385812328	-0.017699604465541773	0.04280200891224995	-0.20147194187274825	-0.027299439183258896	-0.03930827951611726	-0.031952191301007626	0.0039776124471268045	0.08488678429686916
-0.11586016251883965	0.03877111578590236	-0.09400511400701116	0.023147789674603916	-0.03208577600498873	0.009345106066209015	-0.03348315964591229	-0.03311993880465064	-0.0886214024511274	0.05330188179365581	0.021635840881264554	0.02826943445765545	0.11143476988506448	0.016011895958923036	-0.115484594680001	0.11624774885484028	0.02365828341280104	0.0570977415139145	0.003797119747238814	-0.1117090958321671	0.12377351716602514	-0.035433918623773285	-0.009618320698390019	0.07378026704823998	-0.06536376014432656	0.0666341501386642	0.06641272310365551	0.0685942255444633	0.007393250634353504	-0.017137884290809424	0.016171163249467768	-0.011439139142012935	0.12082116495443454	-0.011286643981947812	0.11909252232080295
-0.11151972509475434	0.0466412070676347	-0.11522023051345269	-0.05615089973437812	-0.010604425134421516	0.015050897389965148	-0.020783888540637407	-0.04487801437721028	-0.0852254019569792	0.1055395251696117	-0.01478234920643963	-0.09414404100722723	0.12281466461215944	-0.03922682206116381	-0.10629320764332728	0.046514414851403424	-0.004951301875029909	0.020765240916323105	-0.06124512699558522	-0.06284059855811414	0.1845890809607164	-0.0036917478697872375	-0.04102387333234839	-0.01968400575511134	0.042158737791818654	0.13993380829095087	0.01938134844576482	0.04085729927614547	0.06493032867744178	0.034068806133840314	-0.07692064647126341	0.16301548180889455	0.0038197360946573833	-0.0711911064553643	0.030924919341580214
-0.11011569958645785	0.04769540594194904	-0.1135664894299817	-0.07401622945065733	-0.009640435868466253	-0.010624589666892675	-0.0053553522492663765	-0.12366435596017021	-0.08397418985587117	0.04072277136453738	-0.02061202087558607	-0.1515806810330706	0.09823843254286857	-0.025368550883687474	-0.07239267492481793	0.007969831168200964	-0.01034274550462068	0.0632673220854523	-0.11642767262926183	-0.05262615943260196	0.11932534090043442	0.009331881606288756	-0.0711108004280591	0.004806424373906493	0.05272344237590221	0.1309157550109786	0.027248700237700103	0.016020422416035893	0.07924043987868695	-0.005732509384747174	-0.15513465256319106	0.1735775185362518	0.005592118501553556	-0.022026039326950724	-0.08132988458367933
-0.1075885699945795	0.05727490579638539	-0.1103794985340881	-0.06888572783614622	-0.020913656159632293	-0.003172099714989889	-0.004091582202016894	-0.13559681931880296	-0.10267260795704085	-0.02219877225227108	0.09447425644974264	-0.13911288615421102	0.039292270250786965	0.04247081807708572	-0.03591901858758775	0.06468937720216889	-0.02222306132376444	0.037718768884269505	-0.15946784000763825	-0.03913994010234245	0.052533608120488975	-0.06469796519605756	-0.09516448077456915	-0.011785795902796922	0.014066971796727779	-0.0044124510425300675	-0.02589572175710353	0.042119034041040976	0.09048866713483428	-0.02943196560393961	-0.13520084073316738	0.06153601596405306	0.11497250689703895	-0.009427616868435733	-0.039620448687416585
-0.10622790061028213	0.06150862882589544	-0.08834395317376474	-0.012364095945024578	-0.019642785654934283	0.032525708764422866	-0.01024014568836912	-0.1022333790699072	-0.07934574119742756	0.025603751389354702	0.1600245644758877	-0.135621978607441	-0.058868574347872515	0.07105451494432388	-0.034801975086806436	0.059046341488047105	-0.06102265885875026	0.037033809421550525	-0.10705680039958405	-0.07341043052721015	0.04969161235661712	-0.09021371592439073	0.030087932831504502	-0.02077696559785694	-0.12502443331687887	-0.07088726917027548	0.008889541196499722	0.061971679920261855	0.03944158056497978	0.020497462576155943	-0.10555784021640605	-0.054096230534784004	0.08089090999607795	-0.0022876252489135787	-0.0043915989973797726
-0.10045217947881199	0.0732232727102979	-0.08702946791338424	0.0037585641546078186	-0.01652120321683744	0.018912473650785907	-0.022028928732709268	-0.08998694351312604	-0.01770862960602956	0.07847248450160126	0.09472880559104041	-0.16121239935842024	-0.051874940041047785	0.07701557057737149	-0.03318289407710623	-0.025459478528600976	-0.01277553533135686	0.12288128697029438	-0.007355062081447428	-0.07935192050346034	0.06264719833563288	-0.04382694331668313	0.01949617267217096	-0.021025201456867065	-0.16482696921500542	-0.09434778263365373	0.08567913677979289	0.10730307055773744	-0.015809038802969633	0.11311684237219931	-0.06342785547741595	-0.024728272944642943	0.11064214379534099	0.033141158033812707	-0.015719370188382494
-0.10171817188816966	0.07192329554519526	-0.10450940629027176	-0.055738517613485944	-0.01364557852978627	0.0005308946957754524	-0.0445894297053881	-0.09831549036172058	0.0033657697904535366	0.031440844537047104	0.07454128223173467	-0.15127621315628978	0.03986653095575647	0.06693667260897332	0.05003794431549085	-0.08410151670862864	0.014535130919345402	0.10852223860256038	0.019880123347718937	-0.12502069617147327	0.016023422630743023	-0.11310537554885491	0.01711076138322824	0.04169043443426032	-0.07592484077326067	-0.12409178480375038	0.06817359495438613	0.1317903233832577	-0.059958589839756604	0.035116982762692144	-0.0035253888914019774	0.009616446739793139	0.1018289463870261	0.047742850969950304	-0.007407781396910396
-0.0960219809953321	0.0837195803258061	-0.08518223003232783	-0.017014264969801258	-0.017303689969770088	0.010940764449732378	-0.0735432251143649	-0.07554110241918054	0.020155366394259973	0.01665373738690922	0.0938217736715171	-0.14923469509143705	0.019949251724522745	0.06699465145068881	0.10387059206560548	0.013304953244498962	-0.003627173893289686	0.027677931300898295	-0.06657139105635337	-0.058196775275702106	-0.03383269060767524	-0.11413424076996387	0.10372002070940599	-0.04255482634394825	-0.05800665427141369	-0.15489530247941097	-0.007606109067441726	0.0812527972290075	-0.15386832782038318	-0.01112624914271074	0.061801156530233034	0.06270825391992149	-0.02151788349441558	0.025280051243129313	0.0470056768370262
-0.08696391661800391	0.09570355156321743	-0.05613833724255043	0.06622642029293387	0.002571636713244412	0.011856998707738615	-0.048129722219668394	-0.017316765006574936	0.059015768836644805	-0.013668288986421216	0.08029223042480922	-0.1486922469133729	-0.029616997820769344	-0.04197151491898113	0.05399296399377827	0.057913738396458976	-0.030847974302094204	0.03295490549218208	-0.14759969077522142	0.006324964758057827	-0.013460660009262972	0.03963628703907107	0.05474113839262795	-0.008953498981576657	0.02445854754267124	-0.15578668050711736	-0.05835319877294467	0.036913118653754545	-0.07757746533037807	-0.015549683181043116	0.12065717139611012	0.014768692121634133	-0.02564391474317871	0.09864943244250407	0.04801506258952649
-0.0821215946036313	0.10295053780099106	-0.04189981457709793	0.09275444827447471	0.04078628428715382	0.030728915643474117	-0.057519767887471186	0.03250601719358593	0.1058783412876006	-0.09922482065375794	0.10905106629380154	-0.12200832146093456	-0.04670548182248854	-0.09046720514087937	0.05200280468970393	0.06127022425655411	0.03883582885750454	0.09383252411945402	-0.12940744790928993	0.0057791791649782764	-0.019890657188941098	0.05366966489472347	0.016381366283631512	0.04863289499093734	0.020255542055353466	-0.1021999046053349	-0.11919982866977977	0.00270184462288919	-0.08931559173558279	-0.11428123160730014	0.1311562331087118	-0.04871589601714821	-0.09690677198001688	0.09429865434379997	0.04918530889961373
-0.0758869111465024	0.10632474666292285	-0.03165434382199435	0.11452192311018665	0.046737602882918505	0.06897011090391082	-0.041358641262242035	0.10793436802683792	0.18009928380809234	-0.04613477726351354	0.07666489025133374	-0.08690965277147492	-0.08271877186916428	-0.14439462896621463	-0.028600479108578433	0.09829473112438993	0.008066507340450807	0.10307096679211761	-0.09719576060607296	-0.02797827812229159	0.0015808270747573062	-0.001649070121437328	0.0017419981924644591	0.12317713529239574	0.0053477031698578766	-0.006564918241960985	-0.13272836254630627	-0.008495119529102368	-0.04553563617550403	-0.03690092915543289	0.09103151774546649	-0.059263287570569034	-0.14229504799517906	0.03128406621537841	0.08998738268234176
-0.07414893102328515	0.10032947783778162	-0.04788444505946279	0.06640245595376609	0.0218520688292616	0.1411473477279795	-0.06229191085412228	0.06744166102141215	0.18738043061220358	-0.03252414772246518	0.04373844768656321	-0.14988701420162645	-0.09767167656764908	-0.15683500677530354	-0.08985309770187493	-0.049102569847668316	-0.0038560210560932145	0.11191605100590984	0.0364419711463211	0.02129668480562212	0.022647775206908957	-0.08248340051049181	-0.0697785035120383	0.09413464824336526	-0.04844502320064324	0.06961353695522834	0.03927532277856109	-0.019168774894031397	-0.0026651418956073064	0.03478394417670841	0.0409561018112219	-0.05756783505920278	-0.15138428372402893	-0.045937698184258885	0.24629527188406342
-0.06513760088193508	0.08963243778644316	-0.06539784413624988	-0.020461329187941087	0.02885533187572891	0.1648276609318457	-0.049711014667190294	-0.03288257869065348	0.1511426947980087	-0.06724647992653075	-0.025374886935227797	-0.13482907962890328	0.05872283020891889	-0.14976841089088377	0.03922004034290351	-0.05450471997624208	0.16215363082507495	0.057129021262800075	0.07013008744805546	0.11897263941020256	0.06333718933931912	-0.019047409893621588	-0.052127357924419034	0.0026928199896061565	-0.063272979931653	-0.0037673512964396666	0.14171123314391593	-0.02617561145439467	0.08581552373933762	-0.0013190974944186015	0.09912623526727007	-0.01971978904102019	-0.09624236282765836	-0.25045287935793803	-0.013056416669830803
-0.05790533850768126	0.10449638839908489	-0.057356885111816455	-0.03713512386491387	0.03381681161497185	0.13315717215208445	-0.0008449129434040891	-0.07489668988193754	0.07387512729318912	0.02347233700304831	-0.011966451134327245	0.005786063846381658	0.03069917803032574	-0.19656680521823636	0.12038464758448618	0.1509936766232329	-0.015041759061241517	0.013881301731329003	0.0011604177850439187	0.16401801411088185	-0.032611856523838995	-0.0554592082434506	-0.04843808093811534	0.10314526545092377	0.07794673552478684	-0.01250334902764895	0.10691951415352538	-0.043534896515107294	0.019800528452440486	-0.00033446018474844047	-0.0674425865987103	-0.005054927959725654	-0.08529515992148601	-0.0935622112568029	-0.17256041851144407
-0.0511733286272359	0.11498641905793479	-0.025561171416927393	0.005674807766199686	-0.03076489756438673	0.06254208512232205	-0.021043495095391086	-0.18205826902176475	-0.007375231211794462	0.08000887913399726	-0.08697228009839784	0.070326828836965	-0.15373710439385305	-0.1663667881286545	0.07001476477677315	0.05418004342693036	-0.12028098163861939	0.022236858653836136	0.03726340330851616	0.03654186705305433	-0.032750085282205875	-0.02693962065562061	-0.056441307150917636	0.12049086976869651	-0.008707715252456994	0.00200252798528993	-0.045215291740423096	-0.12345553639569545	0.0619038855152868	0.03970418614040146	-0.03449814735942769	-0.049803025597473786	0.014937529854299483	-0.02041141664647425	-0.08272611270753348
-0.048285986627735984	0.11271859783811432	-0.029944002560905358	0.015272789106367533	-0.07092221338356343	-0.015266804335576856	-0.031670901640002094	-0.21596411652320477	-0.08927583168790161	-0.06278209696799618	-0.08818324767488535	0.05930255893564429	-0.13549362698688427	-0.1005628649176022	0.07509529006462709	-0.0330225691366827	0.0092610324670545	0.08683851923324994	0.1106210938333148	-0.028058681265910386	-0.019702029239734315	-0.04288672494438302	-0.07719340662768893	0.01239928931123555	-0.08269003597412447	0.013092316765733795	-0.0592112938991441	-0.16821234656703357	0.06717426119094089	-0.03089385745605366	-0.0351772285085013	-0.042474419544074576	-0.03961853426945364	-0.0795752073874452	-0.09266139329906084
-0.046052363532107315	0.11354150503168162	-0.04634784047514353	0.025256427543737053	-0.08416301633337381	-0.011971637284785943	-0.096188529895162	-0.0564563628133524	-0.04581674984037511	-0.07352967009602078	-0.015374470570295003	0.15728061841054466	-0.037262882101890764	0.010771767855903178	0.13934389568095262	0.12265138575001107	0.13199899866736817	0.12002520493188794	0.07298523744504481	-0.10083019111009503	-0.061561548998241955	-0.1117227978422945	0.025016018409022137	-0.07100966186883981	-0.07869611053051592	0.01680885073873538	0.0027081550450840947	-0.09694862581236284	-0.05034783298406143	-0.12319193399199382	0.019599094212910274	-0.1426436602765249	0.0600274383522469	-0.09820141672314395	-0.025451488725068153
-0.03871488856033469	0.1176034780004336	-0.03003056538323436	0.013899537054724671	-0.08662406734066265	0.04730469026174516	-0.14304177290867134	0.019540139631567	0.05549812638660957	0.13483361247059758	-0.09581018109332633	0.17029489055407598	-0.0944903182436685	-0.02851730300396452	0.10130919026588114	0.14785902270911566	0.01953060441857206	0.09198795447548161	0.03034928530418215	-0.07703190832038652	-0.014881414099083013	-0.15235475386760977	0.03783701507160978	-0.06297814582568446	0.019858210847223112	0.02660362716973693	0.02421456916737108	-0.002972904854178858	-0.0036849334605613404	0.08963597057753817	-0.03274638304950918	-0.09460198149129151	-0.0236499753276168	-0.048846843570003094	-0.033275863129824224
-0.032876229275221436	0.1257691166477644	-0.026857795297036916	-0.004124436985981695	-0.09505787924747018	-0.0648145700078454	-0.15444032905356375	-0.07715549886712997	0.037506730572045635	0.09463314441338644	-0.17608415697810562	0.1506729545933085	-0.11912881176601356	-0.0882449201063706	0.005337327506324954	-0.0008942650456371468	-0.00835349961913488	0.046695679789648774	0.08387463779194483	0.005000371792085484	0.033836842248741894	-0.028515097303008805	-0.0753403359185687	0.027445698735184945	0.12493362442721791	-0.028776784733856864	0.01714467363308481	-0.06201615366828714	0.04524400107602278	0.21215477078441763	0.04111604798428008	0.011254460609960455	0.007391905005806287	0.019498510780337125	-0.05572345660948533
-0.02811246935391771	0.12834491100615397	-0.034339593530493526	-0.0351876381240187	-0.06123024165911114	-0.15428859056713826	-0.1340728190657565	-0.11335043738789971	-0.04953920508011588	-0.1162465710658302	-0.03179890401368813	0.12184040517313664	-0.05971611335059335	-0.09427212639875403	-0.022458897625881838	0.051787165311433944	0.09452986162745461	-0.08581454216862973	0.05008326493781226	0.012665620327804928	0.03157942268266839	-0.023810341687687253	0.00523849456212587	0.006598353157987031	0.09862154881871268	0.006302287620812752	-0.018619110052799866	-0.09419072249484776	-0.03915728864562021	0.07072699518270098	0.12422081031727246	0.06909006591101084	-0.016796955697476215	-0.02066042377472798	0.014279588668666451
-0.022736133363333105	0.13411169289344776	-0.0104379610210696	0.045394969760077904	-0.02806435725144362	-0.11456224589735567	-0.06640942035663343	-0.017205678266130422	-0.03886922043750686	-0.09737032524611638	0.040513880982775176	0.09136643209527834	-0.06633028346448464	-0.08618983179383966	-0.0001524022956040913	0.12471072148082166	0.08523908092894693	-0.10552996369600241	0.04277478529127434	0.005468184467725172	0.08886114196546432	-0.0019189676010243776	0.1599156463895297	-0.14868576816863716	0.11062959000511068	-0.030038839059288332	-0.03416758116798311	-0.014182203409500552	-0.021161606624899496	0.0968676670141076	0.07230727075893609	0.05972845628823269	0.03811880257489691	-0.004773701957185594	0.031212388893568678
-0.021079485644778597	0.14400361785302665	0.007594868274407097	0.05682232953681637	0.004223336108869102	-0.07171021803072898	-0.046631996515293296	0.01898829115700327	-0.04540969763952671	-0.055067298968854	0.026734311168452787	0.05497250599088416	-0.04237897624929834	-0.13278088864191193	-0.00818383217953045	0.031996865857943896	0.09017084098639669	-0.10205227486317595	0.0667889624874245	0.0093494262843545	0.1857013658458347	0.07007738480599718	0.1264691626368851	-0.08051395265794783	0.0841345885878672	-0.09089849497189015	-0.05484095793721164	0.019132773088940968	0.06615893708998825	0.030615229113512932	0.05396047887151325	0.05646464725532807	0.05413489211213772	0.05442726476584804	-0.0203865306929416
-0.01567793407406921	0.14774371868521716	0.01868781084659232	0.03774888696236676	0.008478920068206566	-0.04508106120722598	-0.020295800109313863	0.03646828113009327	-0.07343688415853902	-0.07270265582215849	0.03915718176818908	0.007027978291977374	0.00983646043724263	-0.09489342519260165	0.016286939167098783	0.060292873395106916	0.07721766874830559	-0.12971800445045295	0.09528450669638631	-0.02039917987312155	0.17150415060938387	0.08735857527819911	0.1089792305231664	-0.07922958346789971	0.013071695684281515	-0.02500093767346196	-0.007467766415104361	-0.0366250725949401	0.026800737182163057	-0.12135736599517721	-0.016889049835452127	0.011907222847175785	-0.0043474605666249805	0.042404091906585936	-0.040635504692224635
-0.010300933692346864	0.1564223443404304	0.0206242615674722	0.025227482512511803	0.04574206125043478	-0.02167587378137959	-0.02731501339317286	0.0899927102960933	-0.04101041264325164	0.004478189249702576	-0.019962462464879333	-0.05198126572599475	0.020616017268092923	-0.05573083552640393	0.04447140445127568	0.06901602832151954	0.057382780956367216	-0.022404152976396682	0.11071979380319596	-0.08817392796579336	0.044737943299342664	0.1477356667958577	0.10546468458790684	-0.09948117356554875	0.07515685695419738	0.01069232884100417	-0.0005024253571993828	-0.05527981139907267	0.06579985763740132	-0.024089362457950785	-0.12519450789809763	-0.0489022344912719	-0.03311612166419801	0.12176270475262893	-0.038631704165699325
-0.006041157395197474	0.1623331834036628	0.004521492915733275	-0.04631983854243131	0.07614001784706424	-0.011840007735713295	-0.050876226002697415	0.09836144552634049	-0.023826826738260372	-0.004533802694407778	-0.06372878455082177	-0.04299582332899949	0.0636664352179975	-0.030468300218114943	0.07869538396685206	-0.013110259136420978	-0.02756418876072586	-0.008507392405764216	0.18432277276751305	-0.09917591195497807	-0.07125327370200082	0.09201275258191813	0.014735396299942746	-0.02417387091088782	0.10014467352609013	0.004089041418798164	0.050827444329292634	0.02414117388305847	0.002703014033076296	-0.004801801615973003	-0.080523163845	-0.011843187405263536	-0.050921159697623564	0.09311846502918233	-0.06547528008910547
-0.0015623764536948225	0.16064169227619346	0.016309521352106424	-0.057818227821697994	0.07121450134086534	-0.03697381028326246	-0.041974218010719405	0.06491126010241996	-0.020891793757120324	-0.0015974251339142122	-0.08396945143423583	-0.004837850743662517	0.03427395050983115	0.03334193424846622	0.0768300592527274	0.02227369401596934	-0.08713870125132811	-0.05702166768111209	0.12658458821390606	-0.08620113466648849	-0.08886015740592018	-0.003009192803051834	0.05897659363689148	-0.0676441250897152	0.04931585807867147	-0.05900716214126296	0.08697482823506816	0.006062275134853804	-0.0027227635711363427	-0.01399258346475541	0.02283322165307037	0.06553543829124109	0.005858263878289369	0.06438358571130427	0.03283740806894331
0.000810164486176472	0.14884020424732738	0.03454117827389368	-0.019966004975103126	0.07831872293126446	-0.05928407898640347	0.015158576713802089	0.028951777984627888	0.015996809303139757	-0.036150714815163576	-0.08164021986132605	0.026935931321701138	-0.052063366923657574	0.09015840020144343	0.11229156115471473	-0.02004195219840845	-0.10703806669205601	-0.04475584784293661	0.03909929773128949	-0.07282933510175298	-0.006745975117233221	0.00855438099715184	0.035316210005385706	-0.09092164354951233	0.03096358404820502	-0.11180384586716324	0.04933974220864948	-0.003917748861192314	0.030074681646808047	-0.00494735889387467	0.021239411433087416	0.04430627465688691	0.0827479473107864	0.05953543453530993	0.11002285115604923
0.008171219752364189	0.1491289784627964	0.05309487427156325	-0.002146869520713365	0.08994248856270597	-0.03618344167038614	0.08415880569385822	0.023333570952075524	0.013735817478793565	-0.11410839091860316	-0.039306418026673395	0.006427706935141842	-0.08508969026203649	0.07945317319953245	0.11286840524349159	-0.05317409804833402	-0.07295430628192448	-0.060097590822532285	-0.02990310415405853	-0.0490957562313653	0.03009465116781608	0.030664035930073812	-0.021731980282383247	-0.07334643577800969	-0.02388526555125506	-0.023619978151825684	-0.004654991846334319	-0.021762639402636556	0.05384494817915665	0.015312808374226975	-0.0433262259847238	0.03406859320715295	0.07506100007521278	0.07131252455397885	0.09373988994653541
0.01215704811534024	0.14788055220966972	0.060857778540534604	0.000254719144664836	0.12439474308388133	0.02922194332249799	0.10186747742159824	0.04119746953546686	0.030191315334687944	-0.11819001218755587	-0.0007795710670015074	-0.01435843434211268	-0.09213339390216158	0.09252483264309361	0.083115854925483	-0.04188073203074758	-0.07106937325853245	-0.05885861539704298	-0.015358856729735828	-0.04514974208223485	0.004431831009956439	0.046585107753118894	-0.02166202055440584	-0.01838566115942715	-0.025946094756608362	0.05465079314721457	-0.08973473094535668	-0.04823049752653699	0.004023799057240342	0.014504937567663394	-0.08408008060118222	0.07226103951521715	0.030513863125174977	0.05564181112853955	0.08135599078339374
0.012726901088877527	0.15762439004677187	0.06916468298188364	-0.028475852739742614	0.15070565841732764	0.06098859358213321	0.1190211915620523	0.037972883477558714	0.08476110531485866	-0.10585969646598478	-0.02449836112382277	-0.020687549548144897	-0.11397241019097908	0.06142894634807553	0.041922022145300795	-0.06797058807363326	-0.03799635048871327	-0.02889236230004138	0.026953919607478338	-0.0634709183375269	-0.049860634469975386	0.034207228313050585	0.01796699808431191	0.02285355701910351	-0.05364467722797148	0.0760901938721397	-0.044692232087737115	-0.047268873509131365	-0.07981987431590483	0.028890578633285743	-0.13752910808477795	0.09690849116867899	0.019408482932951672	0.02227996858025886	0.04880032960381182
0.016381739437874916	0.1526551514743235	0.07232721956778755	-0.062306929746356245	0.1434148097216707	0.0583181259411484	0.1099834513592847	0.024287785294111196	0.08387701880372721	-0.0704856009776858	-0.09893820449018377	0.029738236545575412	-0.04958111347170806	0.051723641983842425	0.01816683174243048	-0.06345780138455041	0.036041143715605725	-0.013866416258475728	0.0357391209182379	-0.05663504220239939	-0.042716948178261	0.005182098217386671	-0.0034746835183918218	0.09019130921950269	-0.07144718046643632	0.0672152530894453	0.05781868717610143	0.1299375655575934	-0.07902749566584848	0.04988282958466268	-0.05452218756669159	0.05716526594930871	0.04672729173806961	0.05943070038724876	0.016796255090784
0.014509110992157617	0.14653461498992879	0.04302937097278322	-0.10920601261196351	0.12996678138140055	0.07877489814402543	0.048219770955575544	0.01894518292194394	-0.01106138848641662	-0.05517702284891493	-0.09273950871397682	0.009622154322064029	0.022422851079880103	0.02536254818265238	0.06690306339099451	-0.03091303140887061	0.014111444360050811	-0.027484789363172835	0.020034158799705434	0.02157571274359369	-0.012404741360759218	0.012812000596649305	-0.06540018036493725	0.10394720731181224	-0.023631573572387585	0.16511230908644803	0.09416201341102212	0.09010215775803641	-0.07860217538649901	0.00927555210526739	-0.08638364432908294	0.0611530913576324	-0.002035515815342819	0.029719492408912335	-0.027049829869605264
0.013841485669634626	0.14774451146642378	0.02182668269059755	-0.134509919073821	0.13900347099806307	0.05109007628013537	0.02248953385133665	0.015829781951801365	-0.05678836058768499	-0.027909326453053968	-0.0437451916750351	0.06446448527661483	-0.013168048113064483	0.09305536354255134	0.07098062794331794	0.02938010634473122	-0.12212582088016588	-0.016445431305965635	0.01858203221152211	0.09619565436286116	-0.02636586489228657	-0.016583874611671167	-0.11084726841381924	0.051411477881345646	-0.016243973719779294	0.0977614421068539	0.12994196569311833	0.02777616557344633	-0.011026881217802315	0.07297776837287494	0.0383851159606874	-0.050061210616504107	0.017978823395157325	0.012383694437680847	0.03299641772278754
0.019804426353575818	0.1360869001385002	0.052582403672329074	-0.09477091060134285	0.09148605725120836	0.04169756395757379	-0.005233958049995291	-0.03145309571322662	-0.0916719192278223	0.010454898137305478	-0.0630917260079704	0.02681126030204649	-0.06877220321474782	0.08896074175891051	-0.005202869081927451	0.004335618118768865	-0.13647470440897955	-0.1316940202458681	-0.05373151690319276	0.12550043550834772	0.0051038915246910295	0.02390638273624336	-0.06420278536307227	0.0796740609892439	-0.08289282088949025	0.05580584175033609	0.03578158154310171	-0.034882935768197856	-0.0015379409546306217	0.021424470577197055	0.11705299143140743	0.03900648376984288	0.04127738683356981	-0.029501251754755105	0.10196553208888645
0.024501747325309024	0.11729473192314455	0.0815561929676452	-0.029770301716220037	0.0641260513468273	-0.005397152885632964	-0.00132160844714042	-0.057241817106274635	-0.11029944035699066	-0.05655930418959851	-0.04205433188720858	-0.04102928123075056	-0.05968877914940819	0.05730050821406859	-0.1234753712663457	0.04609916010605936	0.046558636359374725	-0.11554279154613745	-0.09256697862305212	0.10351867533297329	-0.010062413653748357	0.06589229862212578	-0.03222198134677939	0.08442435074447231	-0.05072354750965541	0.12012959411045426	-0.08231570646112216	-0.09098847078533098	-0.05083184078813878	-0.053418294567271554	0.050844365040490704	-0.0051091984609811444	0.0642829157275275	-0.0329995347833024	0.06610205338074944
0.029182764603732682	0.10611978104223262	0.0930523353605983	0.02843550434054141	0.08095552202683734	0.012860492925332112	0.017912151791594805	0.0379631655319574	-0.11946491013623735	-0.07597425542640264	0.05265555567520515	-0.08840579569584849	-0.01110923183140933	0.05970868494113752	-0.14027049200475908	0.11361204815551997	0.06657330862831533	-0.06586437926176462	-0.06496871028604616	0.04718495058754674	-0.013154102366090954	0.015638067932836088	0.019465364130320142	-0.008830904157574496	0.0030692948927145275	0.19161818175408749	-0.1341144426940809	-0.032947922492804704	-0.018352135246810286	-0.025659627380921597	-0.007502057805701873	-0.06510658468967215	0.05329454129605807	-0.12670611320064015	-0.024037538334472808
0.03494046932446861	0.10748192310874863	0.10202543264447575	0.038678018953603156	0.08243358413712831	0.058062145755931806	-0.00487248179631798	0.09651165474856516	-0.09885835025883181	0.06604857544013737	0.029038689615282005	-0.12669089320413077	0.011204335961267456	0.051025672756571404	-0.14294761506776835	0.06496833532386002	0.02386508039191418	-0.030087565901877614	0.01520153486620884	0.12447419819628479	0.023980212847048807	0.028902788948542424	0.01829059016300834	-0.052578497346311065	0.029435950428521786	0.057025160699562094	-0.14911848359482296	0.01483035801942166	0.034001559132814774	-0.024157202609431824	-0.009633781672182233	-0.09282093890949024	0.07224586351235404	-0.0824177214800088	-0.07214051175000472
0.03387767200848016	0.1228999976309552	0.10869958721796583	-0.0010450175597606554	0.10508408078118082	0.014800102820724474	-0.05441601807768536	0.0905177724175455	-0.10592299473464	0.08484570599194975	-0.0493260133262828	-0.14339741443205584	-0.026280240140432155	0.07220389258847965	-0.17455653729520215	-0.017031305469956605	0.075093806513379	0.011863438241303379	0.01618525610401504	0.10615016725207976	-0.04883154242165501	0.04742544883328537	0.01934695119237795	-0.04690105564249786	-0.06266762830493405	-0.021188473268220636	0.021687465835350667	0.07273529526533723	0.011209613579322951	-0.09974987887338753	-0.012931642650897168	-0.1733900432553276	0.06440719130472976	-0.06477279722307336	-0.12251964536656099
0.03306927115985783	0.10685276838621885	0.09448497397084073	-0.025119158020301926	0.06746216909814194	-0.018754631599694267	-0.11165783901540785	0.10731702668573181	-0.049361550636658764	0.03584159723165204	-0.07977158229153895	-0.08877859645581024	0.023133103883544184	0.09528097464657327	-0.0698493175166821	-0.022838224885939142	0.12894889160234108	0.03388833876351056	-0.029386472069397613	0.008126339449313423	-0.11328919250741322	0.006973901000280731	0.022830684046199305	0.04079037237398759	-0.02847336595687336	-0.019382817872603528	0.0399843391709412	0.12411826558255416	-0.060456349633367594	-0.0624914636970301	0.045632254122657256	-0.18749542886544407	0.026227272209602824	-0.048879145919255344	-0.1307557226437639
0.04297065020992374	0.09143441227912164	0.08721770740700736	-0.07205287589391637	0.05110210353959576	0.005823049763161682	-0.1508369976694756	0.11395580053742754	0.0003166533730079686	0.03535950756566088	-0.015223809622828908	-0.0010346364911700957	0.09099665686353038	0.09199057165757818	-0.07390295842125745	0.016946849908911068	0.002346384743113779	-0.014138785630374231	0.01506133046025461	0.07676637475563833	-0.0723417636819039	-0.08334317482330388	-0.11467683014947411	0.05275608883297858	0.054169502407077984	-0.05247556770660903	-0.044319337711931694	0.17872241193205307	-0.040619692185173875	-0.044405679948761954	0.12304621619195982	0.012286763360373841	-0.0638183837153461	-0.0618020702602949	-0.14232333471787534
0.04310341433100807	0.08500283872662631	0.12212911767872749	-0.055272396821170286	0.013578523840052231	-0.03349249925843989	-0.1412570312222292	0.08123501225885014	0.02750957031248849	0.09731136018466285	-0.08569873031166302	0.060504836571284304	-0.038849545469364935	0.10580503463511597	-0.11645797298369444	-0.03167126948048895	-0.06947362993138846	0.05192931987516641	-0.11006093455623148	0.10132606968440803	-0.002713309360822865	-0.128602788733935	-0.0030860941479383293	-0.10943997557342931	0.06790233628466853	-0.09342282258657227	0.05384456708221133	0.11516346421236182	-0.018226864936670424	-0.08468653401690501	0.06612119979703418	0.1553066505189229	-0.0990482214689645	-0.026199696012653956	-0.029793809950913158
0.04321833486295835	0.056850653435781204	0.18880652942474277	-0.11213065912117195	0.019568447324039288	-0.05995651747637533	-0.12023674072086019	0.0327344724562128	0.03466690482194165	-0.05572553794005697	-0.08549872014782237	0.06647016119034538	0.02980301844873682	0.14407785601784298	-0.16032371301949036	-0.19921890218048352	0.10733212685666038	0.18141393041348933	-0.2560937111618613	-0.009488714637321663	0.08632489388439195	-0.039979488619001934	0.14880089652190265	0.05221759267807752	-0.1642979741972471	-0.1417948919363304	0.11692672083861386	-0.13853376199493622	0.21830572768236195	0.06595977479375809	0.011379478075752094	0.09656739009564595	-0.26376421080717605	0.004401630923374717	0.018641294177537772
0.06044108928510681	0.0492318975416032	0.1802931918193365	-0.15872860191818092	-0.02344075519244753	-0.01689742951405476	0.02371979244486135	-0.004395934833844059	-0.03367036590639743	-0.08213016908318045	0.12242365925248111	0.14048370300374347	0.09851507568887129	0.019847834261901336	-0.05940173329702525	-0.06653432990953402	-0.008560879654196309	-0.03278004396099799	-0.1298334115349419	-0.05129141594687788	0.03000460923934875	-0.11809534348551134	0.11215447979888882	0.10408100132492637	-0.01693788561746891	-0.027829153044417586	0.20583432082327108	-0.03700331843422272	0.07345425821979906	0.06418995540351613	-0.022348743126335086	-0.05708344610722038	-0.10782148983426336	-0.20022578546810268	-0.08928682531735228
0.057686268816646666	0.02815965825027477	0.1696430256630236	-0.062177840853642745	-0.06964677996250665	-0.0010121206743543033	0.05426254500138567	-0.06425467047356667	-0.05136613778279883	0.08742000315044252	0.0938720257405731	0.10650610416834873	0.03201052816247669	-0.03548467579417506	-0.05558803225444748	0.032231926215717105	-0.08339848668412458	-0.025191906807379007	-0.08469636603013471	0.009648982424384018	0.0642287796532493	-0.09352960587833753	0.11432292406865521	0.10002790481668955	-0.015092339575726442	-0.04374859661204603	-0.010925222180285087	-0.13626516724578985	-0.047669110228282977	0.06786505007355757	-0.0878739502169946	-0.03306352756158201	0.016919926095945156	0.03610607634505022	0.04671491043446498
0.056233781840190136	0.04899461594423249	0.15965419206519088	-0.07263809532206583	-0.0780406511577265	-0.03160636075749635	0.030122575837568444	-0.08177378860353217	-0.051299458262896065	0.08604159119423835	0.007830548793641727	0.030419765711623144	0.08542651421447421	-0.028620291177193485	-0.038358417777334716	-0.09520651168503456	0.019771358377446955	0.0495104824699892	0.010273770392256697	-0.0040615230877575886	0.1013405188360625	-0.011411212528258288	0.023547400350955903	0.07462268807636271	0.05857301047541333	-0.017650381512290154	-0.1310573481756719	-0.030592068541659054	-0.04449268322256647	0.08580234577621933	-0.09525230305844287	-0.040655025767406566	0.07069406870813075	0.14100606533717785	-0.014496715382480985
0.05362130296259067	0.04014168344214437	0.12029622214871634	-0.09565687011203003	-0.0777204353535007	-0.057580806527101	0.04607917623876042	-0.10448243437084333	-0.06969802416924817	0.0148476888575062	0.02866716784016635	0.0023787209662792424	0.11624113034217995	-0.008223940695267119	0.029768207309339413	-0.01311282072174143	0.04234475809467065	0.0039216374749391925	-0.008867178051792185	-0.013819284224231974	-0.01607430432832556	-0.10026145927973848	-0.05908053492030837	0.010512280809447574	0.04609172821696884	-0.0036312847732510277	-0.10776650991013609	-0.05333582883464585	-0.0922192237629409	-0.058563860181683206	-0.032755768493319584	-0.02939425761862295	-0.07878502752187605	0.054503115036442805	0.038992444744565036
0.05569454409746824	0.03264710558804612	0.14203128678727273	-0.008288427027262046	-0.09486815131510681	-0.025034395259265117	0.0637494409036313	-0.06049275694965844	-0.001896391070207165	0.0860033301730057	0.045889076010123826	0.01218261282137783	0.04813336545883632	-0.00955137863622261	-0.011281544823589342	0.10205160787180295	0.05420134536835579	-0.04877210295530876	-0.04025390825809866	0.042452092706126765	-0.028671752278329875	-0.05729530419852557	-0.042150024621535775	-0.06998169501547469	0.0627677244161514	-0.101429071472276	-0.05527307133122791	0.05610019858550205	-0.0641844417120085	0.016260392873764556	0.010238814900337578	-0.005247699656625293	-0.06748232862115032	0.07785261141978767	0.14301562955093503
0.05675997690849902	0.028467258004965128	0.13667592958649205	0.0006151663595344503	-0.10988982579310329	-0.016799044717943072	0.06719862128934319	-0.07940858506524566	0.02800868898517773	0.09940739234701268	0.05072360547403643	-0.024908536844972847	-0.03302262489818474	-0.008443458139761885	-0.073392194439481	0.024872473838774684	0.13685919400118657	-0.04282076911230792	-0.012670848011062693	0.05594230106635424	-0.0021300198603368993	0.05360077583969265	-0.11344999085260507	-0.0028599935866121737	0.03888279136338765	-0.1305187051626203	0.020148488318769826	0.011988460346406854	-0.03438141792535739	0.0298066393259967	0.004664381084782381	-0.029985410902518096	0.03756968216034817	0.06776281818715223	0.16117640555663082
0.05639615416428441	0.02999476424174793	0.11866321126264412	-0.008010150404690462	-0.08325985833724926	-0.024675504145666754	0.08313184091306676	-0.05822605533449663	0.03413952645749672	0.03836024695046523	0.12019439193778733	-0.0182396470818383	-0.02703291803936278	0.013506360628910474	-0.08781201598097511	0.04224524160772433	0.14827047685513028	-0.04218201435071316	0.04644044333223705	0.014271750945451401	-0.028616749910556342	0.009813083967839715	-0.12547446670713225	0.004317965769254424	0.03668171790554509	-0.11828882500495115	-0.012780328358337846	0.11503385462388482	-0.018141073506233975	0.10569027379507148	0.015512871759571018	-0.04084667460471782	0.023086673883942966	0.007511398461760979	0.03496862194586424
0.05711906469756408	0.027652584312359587	0.11878286226358843	-0.048937748922553544	-0.09566290638726815	0.01613786932772787	0.05625510255602388	-0.06456838200417833	-0.003962347599590602	0.05767813330590353	0.0916596122186825	0.03768977014165105	0.028089486854982068	-0.08368412455561176	-0.0616134880367846	-0.030246094330630927	0.08168038922945609	-0.09026426469530388	0.07563708247209805	0.021620571986028993	0.0796210408313636	0.0048967857878849975	-0.020608868403837702	0.11830515845818762	0.006015953117898945	-0.11484835539980598	-0.0496959561766171	0.16625481064477832	0.013131674160396331	0.013999069655392002	0.06628452722298432	0.009402802934908368	0.04453356870657205	0.005865799329442423	-0.014466765527465428
0.05869475714185667	0.013165612232140194	0.12553648940788006	-0.0555523759873522	-0.11090894887456253	-0.01486976417668072	0.014965423524205688	-0.08371844454230049	0.055866844104697735	-0.0003931043619606157	0.05406276357864621	0.021463548299178566	0.09499397691188395	-0.0459589933218559	0.0025382645626881683	-0.009637926171194869	0.03959565963433624	-0.0231496631944445	0.041644608652418424	-0.021006342036094753	0.04377977736179701	0.05063340082150463	0.023440974514055038	-0.05707556903216804	0.01191146509082086	-0.000818782848814861	-0.05270906167042926	0.01772006866940434	-0.04521471242686961	-0.04163077151171695	-0.0631868015562916	-0.06017558698218732	0.04249573614335965	-0.11397669543763166	0.1265019213433568
0.059185058485062794	0.012847915752957552	0.11342940559921483	-0.04735790890518804	-0.11351238434117839	-0.015022111927421715	-0.010529526867753302	-0.036094091382756446	0.11811441590279076	-0.024861876750188732	0.06126496454615626	-0.022212831704233514	0.09726006978910501	-0.017292473115851657	0.05556012454660071	-0.04751457898683594	-0.07225645873281339	0.019455926029639952	0.03913314623865839	0.013412286793459616	0.044946620828993554	0.05341254422958991	0.00040783752176761986	-0.1148794400653807	0.025381999834453932	0.05555232774793649	-0.06031161906509981	0.02457416306321235	-0.008307125540603595	0.06666261251361792	-0.16022979482954838	-0.13766135820624137	0.04841127062635456	-0.07029936673789507	0.12383926322969854
0.058855486657504674	-0.0006840720111018048	0.10043060522743985	-0.04309392215720592	-0.11269489696413021	-0.011783477101161031	-0.02468065742091732	0.021959232074742818	0.12678556633367302	-0.08809284169046999	0.10811433128957122	-0.03347584803433463	0.0741917051396086	-0.019519901831790018	0.12198342003635665	-0.0372280783008449	-0.06667631729244534	0.06542661339165093	-0.006404479233762157	0.04559511458302102	0.03724895345088246	0.061648751009169056	-0.05678932993318882	-0.10019824297619032	-0.03755736346954017	0.04970077538024827	0.0021375833375060008	-0.03650505341026277	-0.006355360114661153	0.06034479403345924	-0.22557383364750208	-0.07931734558157552	0.016225131486342123	-0.08203787017489272	0.07285530003254992
0.06024472037050064	-0.004317185371585042	0.08598624055632065	0.009104445649757991	-0.09506796914786653	0.012119190301150686	-0.024684286496130647	0.12828020154417324	0.14001701185446166	-0.017328550408302217	0.11920127304386118	-0.007006645922410207	0.040478700491270114	-0.055267194051442974	0.12181524143737726	0.04386031701770607	-0.13101509356167557	0.039772160210368	-0.07628408171778533	0.018658050173702236	-0.02180440757516115	0.050074072099008	-0.08146572895239278	0.0006892634905892783	-0.015169063058849262	0.05416483987881267	0.0016559636699998593	-0.07839980205594002	0.056464935763995944	0.07606887975408212	-0.19932186725519593	-0.047976024511398305	0.036073256629879785	0.10584139987556394	-0.04996762594445847
0.056459602095170515	0.011380876277839295	0.06927637219821083	-0.030523276623131188	-0.07390015748690752	-0.023531142185510254	-0.048304205959966685	0.13077904561540477	0.06611377289840471	0.036129980817717455	0.08237622508119777	-0.015866975459655635	0.004391703344749265	-0.17423792302926705	0.01831528353250571	-0.09824941969455608	-0.07074490279091704	0.01661740508733155	0.010352920543718034	-0.07449987635944054	-0.016970369643395024	0.059585113527096424	-0.10841729042527033	0.1476554838410154	0.0031302718346953307	0.026919659224639285	-0.019400851591386156	0.05639772958648447	0.10566117842149125	-0.019562348215570884	-0.053986294192228355	0.03778990107418589	0.05187952355102206	0.056558794568677045	-0.04492486074259604
0.05755464191836208	0.005324270085377392	0.05064814418398238	-0.09752366257170526	-0.08248037383146169	-0.09381171128674683	-0.07501647633699784	0.0636050935698375	-0.0011497836292850006	0.010027887681887806	0.11548010993109195	-0.022253993284947204	0.07107740659383285	-0.13922903901468398	0.06726188722510201	-0.06892175292001926	-0.045651056211976994	-0.046627446728332925	0.060553080158659865	-0.05279089970895519	-0.06304458272590133	0.007178039175578892	-0.10598872011051862	0.12836566129140262	-0.07084353047788516	-0.00010192170746705156	0.0026283785550090784	-0.021707114216768512	-0.011515634943341159	-0.17716376816719107	-0.00732984383965494	0.07050237252476427	-0.07964015929486767	-0.05961624932511588	-0.029477964685503656
0.05532623382718395	-0.0006319669431317364	0.07433221902489452	-0.04850398609945167	-0.1009702556995507	-0.11467395046968663	-0.08846933609154499	0.030344260708845328	0.029334851558743987	0.09953767556229187	0.10761364900211254	-0.01015991611890541	0.05088405342561387	-0.023232377552304825	0.08899612054176834	0.04036593066925344	-0.028169938441140602	-0.05348709544538872	0.03406207182160398	-0.07624759365721638	-0.06518145892671187	-0.06560504002571578	-0.03166188060320666	0.04816790152794264	-0.11141830073442646	0.01264710762802708	0.05022337558250157	-0.0018219999207219877	-0.029992438161656317	-0.1101703116474215	0.019117485939742773	0.03982577687825206	-0.01510399025489631	0.010230999083070833	-0.035161892515119766
0.055039615992858046	-0.006806054946651285	0.09183494653316923	0.016240039105553373	-0.1037981819550485	-0.13021036470512012	-0.07407227691549553	0.05010781133822252	0.05648286184574549	0.11893926010019557	0.05190283498693476	-0.028890574354974972	0.03801455207035437	-0.04455520952119499	0.1037588815040038	0.06299897374544451	-0.010467314758443994	-0.06633558588140293	-0.009385384936793651	-0.09854638604989047	0.018730256653894328	0.014730931907704234	-0.09859059628886539	0.0370032433605179	-0.10576824629269803	-0.00020654620794975068	0.08254559555787379	0.012164322925529221	-0.05628552688715187	-0.0453408826704594	0.033326549096882346	0.07002881848252576	0.009508470579419774	-0.0032527520448421346	0.004625598750652226
0.0551083259274356	-0.005374076418148259	0.09834384615548007	0.052465895297599596	-0.07749221834858093	-0.12984728767757728	-0.030346894004043765	0.06573556457418812	0.005843246104746132	0.07095021627111507	0.05233889146319135	-0.03678234022869965	0.04912347115112911	-0.0793539035732855	0.10008783939309777	0.03809251781570644	0.015436567984999552	-0.05154804886703028	-0.08677898181427175	-0.12482963001016448	0.03318538275342149	0.09352330829080933	-0.08154406320675565	-0.016397909239039738	-0.040635440857009764	-0.004344082402217445	0.10446656192682552	0.02129084757733423	0.016431237681440666	-0.016779956501501794	0.03695856333834806	0.0016345653328026233	-0.06165192251809974	-0.009302804515716719	-0.023247178034220724
0.05616311785892454	-0.004355422869438214	0.10122769047221762	0.07674211198125658	-0.038117421525471144	-0.10122622968574484	0.03704049395068626	0.04208542852409621	-0.026607445816789817	0.05447676494252778	0.09146703937531557	-0.0620261658137105	0.021793721479261965	-0.09030915574616057	0.07253100718590837	1.4679217890516092e-05	-0.02974305965032244	-0.03923219851689979	-0.05082517740938374	-0.10653995695326039	0.03688106518208174	0.04579934113799983	-0.12701193132243052	-0.0530374195647519	-0.003164495265102655	-0.006746377744848445	0.03657230511170924	-0.008196929197760668	0.07715883612939431	0.06058350970816994	0.03348256926481569	-0.053593529295101604	-0.08479912187569778	-0.012799148882955073	-0.034140562149897406
0.02774403613033822	0.003231628786106761	0.015158299486510691	0.11685452957536363	-0.06374851790211496	-0.005890075591473633	0.1538776036752899	0.02211109340299752	-0.16415765413991687	-0.07069021470361352	0.12200195160761727	0.03345828905568241	-0.260530273875385	-0.18652056586207996	-0.27461564510948694	-0.18381248843158746	-0.214258958408286	0.04282641879493875	0.1582548896362065	0.02723134975523943	0.11827416327763521	-0.2777032092157451	-0.13421812544585648	-0.2653943761985086	0.1510031314397164	0.09574933309450122	0.261944266559178	0.15345047024033026	-0.21269598322614938	-0.13653627804499152	-0.05278557822740956	-0.03754453088907003	-0.15916968250982305	0.10284030835298563	-0.01845469301047328
-0.010465437839161108	-0.0007517324441485147	-0.11175839447298955	0.026718859104135212	-0.08858841515071067	0.02579884428970708	0.12005236701935086	0.10911001822711137	-0.11985990325389712	-0.0734823382864118	-0.18681170207088518	0.09906318320950613	0.0337201048199691	0.0460957417617512	0.03910950394178485	-0.03451850753748744	0.2223431787811723	0.12262183105847292	0.14944006810290963	0.119804735963315	0.09295526217035903	0.03265183026468278	0.04291864668007421	-0.023664491356299135	-0.107554956897649	-0.20083120643710697	0.03247806926170846	-0.03884712894295521	0.18084856170199254	-0.009495407289127839	-0.1116545169948751	0.031753867884257554	-0.17310079637656023	0.12980698211527877	0.12477936815626145
0.0055400127976337	-0.025908001157945077	-0.1205696587181153	-0.03566036565906926	-0.0655211361946766	0.05751394827918869	0.01920978963371306	0.17519843200220722	-0.08349968569025915	0.056940071604884186	-0.12091044845065563	0.05889857505827801	0.04070039724749172	0.05500349937667607	0.057180302132565274	0.1039426599906068	0.08779009198051507	-0.0413813126482334	-0.03264513103268873	-0.030473734110720893	0.040383108544388875	0.0008839150163504408	0.028571215181054405	0.06456651276321415	0.06551218912875945	-0.042174732874227516	0.09030721165173926	-0.014695555313984664	-0.02988173399784548	-0.09423623996987199	-0.1413758561803208	-0.014978557866606866	-0.16209876005698465	-0.011400816020697861	0.1868098539957319
0.02010348731710643	-0.034147147046567954	-0.10941951636297595	-0.05124795413391365	-0.09746114214123879	-0.0026631326709582173	-0.026823136204222334	0.12072922963271404	-0.055754932278406194	0.11960275407590279	-0.06648892265642586	-0.057427985065916134	-0.14996125038935335	0.07677082384468509	-0.04690112004665053	0.07026415569591526	0.03623690506223458	-0.10964349833473068	-0.03617590576709333	-0.021719522339232872	-0.032037620734503995	0.0831682596893082	-0.081770022973539	0.06883084595430763	0.13021197751950442	-0.08955526188725027	0.06422710031217628	-0.0008783184875956057	-0.018393673782566823	0.024847189297392394	-0.07861458749507379	-0.04695726506762503	-0.061244540088398663	-0.05538619612970142	0.10912611314687688
0.02021471364875736	-0.032469827079033224	-0.11709756537850753	-0.07948145383849378	-0.12240441176422193	-0.040080764621822765	-0.029372597167440975	0.045536150862883526	-0.050232874549901746	-0.03876791408256272	-0.0020611286232736685	-0.043031072250389414	-0.13302928292965024	0.09625505226521688	-0.09905360544505663	-0.04448100164342837	0.002325506366692015	-0.12532064778740415	0.09776879441770774	-0.05377517125965671	0.032393956946939986	0.09489213950308599	-0.1295413310919413	0.1322372542947611	-0.010234274850246805	-0.06759003338943732	-0.05874473907552539	0.051273130212236936	0.005121184200322329	0.10344423548816087	0.011313742309460868	0.06906769390194252	-0.09929869015437649	0.007268609967632031	-0.09426788945212684
0.022062979496500535	-0.03320928046649533	-0.1022353615859504	-0.12305491803141094	-0.12099840857258343	0.01649070225657099	0.03394335225225821	0.021643005208313647	-0.010659661186088656	-0.1554060223907765	0.08236038170705598	-0.10370615795489335	0.030009488094847683	0.14341656816598755	-0.09419579296783953	0.06546654889480948	-0.050382001017104425	-0.17961512402482915	0.1803947261839413	-0.14981130216479077	0.05309142386827443	-0.01977602500533721	-0.046540690073679114	0.01612048700984285	-0.05448377161351775	-0.010295930802748918	-0.07044739019452932	-0.15277891375109806	-0.007036274340351527	0.02241673831135106	0.06158505606693811	0.10419475464842004	-0.15682768251958246	-0.0080099198375215	-0.06818940872554746
0.02564820257070642	-0.021031999712342438	-0.03761656759761379	-0.04351253964404632	-0.08115939169401813	0.05669729152226817	0.0866737228578909	0.04647021072674309	0.10991797442715838	-0.016182360104970827	-0.01170866994271354	-0.11449105185903874	0.05314569330901767	0.12326653507196816	-0.11629472824541959	0.16453655621739277	-0.11387143041068198	-0.13762199963644517	0.12844486533065008	-0.10553025869638614	0.02820996759897449	-0.04326251129201624	0.16415851727677191	-0.08545919677221328	-0.010068265810107817	-0.04617491934455793	-0.03213702828994914	-0.17183215966342938	0.03581004318387853	-0.03681183395640601	0.0019540094308577727	-0.05701828803580036	-0.061997072042585116	0.03412962253946793	-0.15359847303136873
0.031972239001140004	-0.025525596386134327	0.01924445286945899	-0.00804258875273529	-0.0861504117515341	-0.0408014009696776	0.057999801101818904	0.011906374335390843	0.18145740835743676	0.025165738311647156	-0.14900696971564978	-0.12164229707205937	0.04756851225052615	0.023794885520785215	-0.1452575166625863	0.07763178222597052	-0.11366457447596814	-0.0451777888694564	0.02020819079197277	-0.1309373408022938	0.0337396736016852	-0.002238915861233287	0.13304814399247725	0.05319401691304898	-0.008766018657869978	-0.008885240782534092	0.02352365081932801	-0.15895416681453298	0.12091478767890715	-0.08333643354542049	0.043446391037429234	-0.09933473037442486	0.11635890025867297	0.10456946975838143	-0.13054512154805917
0.025753215769812793	-0.025892190823008945	-0.017722224203182483	-0.01905103086591102	-0.10666009141604146	-0.11228342687425105	0.05886434311695662	-0.015895191789012244	0.14150077209330725	-0.13532471367622692	-0.18276949440361726	-0.14105850952289858	0.0006411074990672182	0.0024964668789890137	-0.14846900322541182	-0.06005028002490188	-0.03433529653345968	0.06604792277106054	-0.00975495944948112	-0.06777802144715328	0.036576135937886334	-0.09188286845861371	0.02239106748250927	-0.0695282781608733	0.15093996635673834	0.08791297957301239	0.07990459374262761	-0.044980802769185375	-0.04908612035566595	-0.04055843127951103	-0.06331437912475743	-0.010929710644317595	0.10371572542346677	0.010780755130026444	0.05292773679736376
0.031040561948357658	-0.019633037985933438	-0.03592723582455478	-0.050965307083369875	-0.06395285998288133	-0.039865924953612616	0.11768607286583382	-0.0020172510983412	0.08110462021032355	-0.2545629748793818	-0.0358886146149767	-0.032953103055579525	0.11288381615741895	0.04200650755094156	0.004189806823240941	0.019043705566820054	0.08557530093286969	0.06926136825224816	-0.0595090867660627	-0.02486775700855103	-0.021706060826816777	-0.04127697883258052	0.029574808922455804	-0.009662725526390442	0.1962316627513777	-0.01305759463485373	0.0777908208863039	0.004618767082238684	0.07350434891290573	0.05636476566736095	0.03218901137890044	-0.048481311971976554	0.061378457962100764	-0.11835176752091338	-0.05820601335888412
0.03552247418938394	-0.017188278458909717	-0.023845641543789136	-0.044074043176371445	-0.016015842031935977	0.0697296056584387	0.14763910676219397	0.03329345932083735	0.027675507136704774	-0.021758432822532654	0.016386893601939647	0.023307517656730777	0.07271770929545686	-0.02172392232676338	0.04600234477104404	0.1928699792313212	-0.051813904926153766	0.01644700690601227	-0.06401636545682006	0.00567746056674534	-0.03446285801305827	-0.008229515270535104	0.06755925957479156	0.1374748663118761	0.16408013629577237	-0.03465385964881	0.14767996857291577	0.02733909195427086	0.06428932367178064	-0.03183425330886046	0.04665261847343168	0.04648759016780737	0.036332751234140225	0.016514078844569565	-0.07734189412353479
0.035464644613595164	-0.02156695553590548	0.0022836964035366056	-0.018296460372978003	-0.04732481924561579	0.04101270825112486	0.13506751564660568	-0.03903939584934903	0.01062750074926663	0.053745173681439176	-0.01066978010382577	-0.06799073905585416	-0.031699935730976854	-0.05257274976945037	-0.05068316464487856	0.0625244516042705	-0.026584189749571892	-0.020251899804313696	-0.018417893070983623	0.013604803816059326	-0.06135624030988028	0.06271532993239916	0.09927144787042413	0.1810662079845229	0.019412602292859557	-0.04016057495387833	0.14814090326689375	-0.07386934617129261	0.03125639301758301	-0.13463153332577538	0.02975470006145466	0.11170509653448318	0.04036454522429865	0.04475483879040156	-0.01420753289650866
0.040127749143102735	-0.031331336551873236	0.01553159808675721	-0.002015304035959297	-0.0931495552249517	0.01824953948240271	0.1793585729075315	-0.032958916958453675	0.03761542693788409	-0.013937027441837847	-0.03099005354890487	-0.04957508698613863	-0.04595388038969614	-0.04840812193476886	-0.10514843169796435	0.0605430458847222	0.035115441061084524	0.04861387825040312	0.015564331616586392	0.015527318363268046	-0.12506364893665498	-0.0064163459507751985	0.17462310864726727	0.07175685639777225	0.019586880511476504	0.01035641601305027	0.24460347813385938	-0.0659058518561785	-0.09289128175490552	-0.07770978764581496	-0.033042085597233636	0.08777605112035558	0.07817931572195677	0.11233918937933443	0.10500298284918438
0.034388389669446816	-0.01499733090226992	-0.00981872101908922	-0.0031216347239112663	-0.06522380399384001	-0.020821135110227804	0.17411123998692743	-0.0017541794369722364	-0.006325407515075607	-0.021226259954263006	-0.09281204885786186	-0.028134562936074275	0.08570756735917155	0.015058937963325369	0.021089089191714056	0.00427074942378969	0.13530656666292074	0.0702870773404768	0.025263198958635436	-0.015041796010863046	-0.014493673231928956	-0.0723821502806346	0.07132571164225107	0.05023335952453192	-0.08365014890710226	0.03886042637176956	0.03611826780244249	0.06938854366164132	-0.06454153389964615	0.07648326915766436	0.07354580232584529	0.0027559986265753462	-0.05689716370279124	0.17359976108057193	-0.13109702943468973
0.03205187980912577	-0.007917493311785486	-0.03762894324751031	-0.01090078834992102	-0.014742294413649071	-0.001149101695373025	0.1406402262616412	0.07673423682058779	-0.015516811162153945	0.018683809402892514	-0.044273420841531734	-0.02070328495925073	0.11364029515583185	-0.0007596212259115254	0.12361469982553568	0.06337800302464167	-0.03774557808214572	-0.04223820051224741	-0.01760846095214995	0.05569106667666482	0.06558262301819973	-0.14946738909020552	0.05161668082710305	-0.02764012042706355	-0.0128166863538222	0.021722439116716133	0.011026375587097846	0.055722187131804796	-0.013539711183203471	-0.008811591883110719	0.059893575293143896	0.015815935326092555	-0.0678097800527212	-0.015173496751018591	-0.08152896494805474
0.02755604418144724	-0.01567749928438752	-0.010978969089597787	0.06765137056291434	-0.01715643887955745	-0.04501167917871253	0.12563337168365177	0.03183415917974339	0.031089619345725867	0.07525956046173579	-0.1567585189544318	-0.05316204191311055	-0.01814664740121553	-0.015508480381653166	0.0917899733089002	0.021148510039072095	-0.06681317222520113	-0.08627963160398762	-0.10527444630222879	0.032470189760096226	0.10760038432386385	-0.05864984358197802	-0.010428380570257138	-0.014996226848182087	-0.011641844896933241	-0.06363903487151445	-0.060399663804380145	-0.01591413659295219	0.0074179858052528976	-0.02414448428091386	0.050552373741213186	0.023572989353251524	-0.02121698868396711	-0.08910108015016384	-0.015410104474635688
0.027270631360529124	-0.015777336168811947	-0.0034759862903489054	0.09696129558377678	-0.04311551623977984	-0.05813250455957251	0.14482216361660538	0.018407172653962314	-0.0105139177294406	-0.058646733641524236	-0.08292573220265037	-0.047396451177859455	-0.07968139426638093	0.018982613953128717	0.0779094880486648	-0.025965380692672856	0.03757363915043494	-0.050963936320881705	-0.15042995649684138	-0.05454604737763177	0.06104102660841329	-0.036902596114120924	-0.08284149685487129	0.01655615349979317	0.022928328967693257	-0.04767736940284763	-0.05617298969693118	0.008292894670895935	0.05406447223390608	-0.03322870477548396	0.0521569849205505	0.007355206565692794	-0.03424382986599019	-0.10797560466693061	-0.01585094658002011
0.03295298791858527	-0.005410067902415801	0.00291905036009058	0.11298281592358321	-0.048696171653671655	0.007077473550973984	0.15947776249485823	0.07658380461898875	-0.010824711972843439	-0.042818849660368474	0.01815263921744294	-0.04571700393519652	-0.10677184160830606	0.02524078107231879	0.08385694819577527	-0.038845257043373896	0.014586674456269648	-0.04945848906807563	-0.0866540805408239	-0.03405225629483155	0.04599405181048267	-0.07478367249080105	0.005227262439294943	-0.04880032337976496	-0.04519997049374891	-0.03668791358178832	-0.1009413160295873	-0.0018753513812905902	0.06645653336514887	0.01022325889095395	0.025284370483127094	0.02637220048354199	-0.0424879017623265	-0.11580357753786324	-0.03387387353653849
0.03298541658760531	-0.0027974715626040043	0.0030545517697984476	0.12295456708948108	-0.03530905261967871	0.024121808210397253	0.17650176635806794	0.10762320908009695	0.00657312986021993	0.003551691420752967	-0.0016213510391813975	-0.032892250777784134	-0.12261809046178551	-0.012142220939931135	0.06088260122709715	-0.07872071320492938	0.010971571984588261	-0.020308977328903383	-0.008518506554658098	0.02456459767570819	0.09445379547161625	-0.06670376968671418	0.026820656514526385	-0.012463475249341244	-0.12389930993939378	-0.08717533479440542	-0.06202279337338219	0.020859350882615785	0.028064353715416664	-0.04045287400439967	0.03231234089743077	0.03447171513866035	-0.0019128011525676725	-0.09821438607540815	-0.0661412806436785
0.03107757672834671	-0.003158972659687533	-0.016683256236830844	0.07742875740851651	-0.011092434734631196	0.023148173111503162	0.16217310701077098	0.11511137060661522	0.019411263155944197	0.05476611216618805	-0.10385557192186634	-0.06009349296416375	-0.05927540909031214	-0.018526430085730333	0.06511443239772582	-0.09534712889811939	0.05028891316964804	0.025179539979407636	0.007558566502541386	-0.029834456023887214	0.0733249728537237	-0.08602658285724406	-0.02355798668068522	0.00695081557532852	-0.06649912713499537	-0.04576714072416922	-0.05797499042746339	0.05806106492443994	-0.004438529373535114	0.033711551928838804	0.0036260368545391365	-0.05738485443065286	0.011037416132328254	-0.0501510890165638	-0.038549405972051046
0.029705270370027244	-0.010335489383218235	-0.05249746048934868	-0.019507364694246455	0.009074516528821889	-0.035265131235076096	0.1326936134294062	0.036399437025822406	0.02984315533318671	0.026164287911189892	-0.1719128753306342	-0.05965299469655218	0.051433553399261124	-0.02155475962344105	0.07757690162570229	-0.11567081435254811	-0.01440504999704705	0.03760837831474384	0.06997460457993582	0.01445041524103011	0.06515054186777015	-0.07508401797745025	-0.1083453447607473	0.07021619060973766	0.007710122659863447	-0.04753360480565634	-0.1367052329182689	0.06560008084419805	-0.025209820103107634	0.03333300343625328	0.06576534379627558	-0.03692982241516903	-0.021598055762851072	-0.06085931927368349	-0.0036134858466396365
0.028831628749158365	-0.02269095690007635	-0.05642619403304617	0.007795825059812813	-0.09048113406083894	-0.07162939289127002	0.09949306640724609	0.016309897397458455	-0.09063350525117167	-0.024839266441938353	-0.0776103891970997	0.05105138341177881	-0.05513023478729932	0.05754788140199413	0.05091142457500194	0.0881994306452154	-0.07638397525208393	0.05749284008257598	0.04408204829381199	0.15246206383240016	-0.039881417144508775	-0.08494677180411123	-0.10960125155388911	0.04437124257184511	0.02631624204644161	-0.09972340243872921	0.010223496694396376	0.067365806394029	0.014293364777656234	-0.10531140767649494	-0.040530337507785744	-0.0849103938909059	0.11521782280838413	-0.1272534277651398	0.1323385081447537
0.03601244490543542	-0.023587769955059488	-0.06751981900291955	-0.014391263567865844	-0.1604848326935575	0.010948138067317327	-0.011680316283122131	0.10586512721795442	-0.16172358340254633	-0.02116662390752733	0.018199943905664685	0.13462882691952607	-0.0578691221083679	0.07305109281162125	0.01912706492348017	0.05078910098101491	0.061426836340214966	0.08212924152744824	0.07463043146890846	0.020476272100566344	-0.026163968935657127	-0.032346601462245696	0.053498343368178984	0.14328656130532547	-0.051895077876203816	0.0376792434332394	-0.08617912368153036	0.07676429954642708	0.004220743491526985	-0.0664710073687915	0.02776749738317852	0.015902552902579935	0.1565428724446836	0.004571929388420867	0.1318364436663202
0.03978118585785784	-0.018304984931400523	-0.08519613415096922	-0.09702635096361753	-0.14412195153125779	0.06607360214492729	-0.05936939406127452	0.15166065089529035	-0.07680434842627243	0.11606083967054939	-0.03803218092513834	0.018128088802041878	-0.053904243923714755	0.03187082184941129	0.05159954834793025	-0.05115879591741156	0.019154832188037325	-0.011725164813427379	0.0028245808431690443	-0.01302012629966009	-0.043792372799059405	-0.031390309087583945	0.03356788426402922	-0.02023669874615194	0.0344372287538677	0.07707551758600642	-0.11776067982185673	0.11681674432732728	0.020654354044177592	0.07404904026661843	-0.02694153437646176	0.0646955037469941	0.052973277333617175	0.04680131450812958	0.09197535088271402
0.033828914551514856	-0.024014326165736833	-0.0973553668046778	-0.15362045635102559	-0.13555734839489045	-0.01222480674904936	-0.06388500637649883	0.05793822976795472	-0.08443798075565422	0.06437576463231984	-0.06981699051462649	-0.08379377833209897	-0.08384512206070432	0.0052479370503970375	0.08769709882435778	-0.12758351066551515	-0.05733637839293262	-0.012383942102816571	-0.024807425087012214	-0.001745327320380876	-0.09870253182850572	0.04811341860755887	0.018758022602707175	-0.0393178014426418	0.07221419405814299	0.015537431890932492	-0.08373472136731597	0.023676807452582535	-0.050161712502288874	-0.030824774466494252	-0.022763200650103056	0.057843683112689726	0.01912919053919784	-0.05490323870792871	0.0070026448065601266
0.034837433391872404	-0.029619127969908628	-0.08635687109220684	-0.12051100350378499	-0.14328643440999964	-0.05088553883434034	-0.06343379938693339	0.011147926432981218	-0.08571744792946887	-0.08723799837729607	0.004488761429450105	-0.09832279570495303	-0.12449625889891436	0.07981593221531293	0.08058241819034546	-0.045588819973911475	0.026118012782651995	0.02627018370518293	-0.06799922266395836	-0.005948498474339425	-0.199057427847083	0.08008419112042574	-0.03970871505545011	-0.030405524366093728	-0.030234381356434636	0.017624837954343334	-0.026159929896713417	0.002725683935814561	-0.002462836404483998	-0.010327359650239017	0.023481918516300233	0.014097104022248789	-0.04046707855153412	0.07056995122847642	-0.07151725209130909
0.03999711376683421	-0.02608023010436051	-0.08157818596765645	-0.11528968020022992	-0.11883450327324716	0.05797003571971977	-0.015966313386051593	0.06540249909591477	-0.04247436026323591	-0.1331164408012883	0.10758158571814272	-0.04109566476551173	-0.06793035187138635	0.01090037644876169	0.028797544353017037	0.012362916073330787	-0.038338109811724905	-0.023049405856981637	0.03565190974663462	0.016587070124572924	-0.15738144153543862	-0.005797615027106413	0.018217037041088714	-0.042304528765298596	-0.07667706513685751	0.07522677043551423	-0.03812821176024335	0.06870077837190283	0.13527364498425626	0.13911648430165385	0.02590750088389671	0.031063442972045094	-0.021823797130650836	0.04466396110631541	-0.11509398951572183
0.04377164808167388	-0.02441302151146571	-0.03200947060022738	-0.05350187557544272	-0.1129781752722875	0.04783229790859316	-0.03521159589648462	0.025153018251944007	0.04781204286729643	0.01615401656639909	-0.015141610030713298	-0.04766486871323254	-0.051292269095847436	-0.03977793252606268	-0.043339446317835	0.05439251688226347	-0.10962946452674988	-0.0640439871207894	0.07580909062275304	0.1627808341884071	-0.08559980765459091	-0.022202524255028028	0.10592799625832916	-0.0950591918043281	-0.16431521370047597	0.05617005109300409	-0.0699726259850778	0.0256848214714833	0.09041730283899643	0.04006098575641664	-0.0018814691270184723	0.0397178026576313	0.009044906044986499	0.004663660942260971	-0.05818261964093488
0.039059693403054443	-0.03134054222169477	0.0026351979339123274	0.004338571198186276	-0.1309967198628697	-0.05266722872379706	-0.05632994501915756	-0.030731263389154082	0.07520297159357862	0.02250247111635371	-0.156318451707273	-0.0778096528352259	-0.020913556430039597	-0.015880661648601947	-0.09575077085795546	0.06976409021074474	-0.035186871539207486	0.010516798818683934	0.06668483971062071	0.09733762900494336	-0.031250545019227534	0.0364214243361702	0.022255549853184634	-0.028416679428527762	-0.14744702995712983	0.06011880960004324	-0.08411473447685325	0.04623449000868118	0.0503590533940036	-0.014196941346958432	0.06927423534877772	-0.024343878315904385	0.07019972964884455	0.012975918727259266	0.06142909401507767
0.03933428798253703	-0.03490330990304835	0.006070175729555505	0.030585582202824372	-0.1302946438758609	-0.07530884399664287	-0.06087354944416727	-0.033111565647648035	0.039813861415212586	-0.07388145868331704	-0.10900939011976742	-0.03943171795922676	0.022325669615697607	0.025505583479057875	-0.04465936453465088	0.13399193764065345	0.023689425790641764	0.062496539409695136	0.04380025185961278	0.02288098230355186	-0.057928674987857316	0.10294813422406095	-0.09830049465934095	-0.033316530334197125	-0.09543572101318863	0.17925886717392425	0.07475881578990948	0.09792680860284173	0.06781718835576567	0.007602157249897875	0.10036374075390465	-0.01463242317422989	0.005293287027178951	-0.021703781427507	0.008917076040554165
0.04319190523046404	-0.034562039762977274	0.011139299491766718	0.09124011574685688	-0.08564957149685173	-0.01788935263276233	-0.07908744549443526	0.02841949423777329	0.02825603865237398	-0.05634887986161823	-0.020884175544400717	0.023967046968886553	-0.001757997909900161	0.01924599933513764	-0.05958115417811193	0.16287784392273788	-0.06141808420319584	0.05041760795386176	-0.008073676647756604	0.07266950941125559	-0.03511629932237441	0.0884233869746315	-0.06504471754952115	-0.08632412075725897	-0.02185326396386298	0.18495898719963932	0.09828843157771097	0.09936660870072894	0.04144064409815682	0.08671349981123387	0.14305256357832175	0.08496589267905204	-0.040690584882719164	0.032577464759975076	-0.02641306854191606
0.04328291914787071	-0.042084296260194	0.019810804073847464	0.125852808192359	-0.04996315969350646	-0.005523848551315779	-0.10131822411960376	0.06401648623109996	-0.016416221479416012	-0.033549070574200174	0.013017262225702549	0.023322657174895935	-0.025760839058785637	-0.044069389246622695	-0.09574781376200596	0.04090705241341263	-0.00881737620724091	0.06114351189302474	-0.06040924277384999	0.0788576146728785	0.0481572855866864	0.09105118452723604	0.04675657746999537	0.012796267324213469	-0.026000407468697348	0.041722294273503616	-0.0005268194752069554	-0.02188181639466601	-0.050818190428851134	0.09017677503556976	0.10031539856296381	0.18669965648419473	-0.03462049389915149	0.027490951991538455	-0.04524218536131595
0.042388032017418045	-0.025436658508191736	0.013068042622749779	0.11447343707322277	-0.02184802699602093	-0.00405564258124694	-0.056469714820092574	0.10753407212274445	-0.06480769209087706	-0.04196357085801079	0.052876195045002634	-0.038280349111958455	0.029630655015342476	-0.07147478274498728	-0.05644237249214283	-0.023119268741623976	0.04852766189331735	0.08722690822082153	-0.02694186840274207	0.03340274653122391	0.02526750491353214	0.11914480346229953	0.09621565996795761	-0.018851967898464342	0.04605723518365534	0.031126260864557755	-0.009232254265532567	-0.04791710646235928	-0.08359091145973495	0.07846723172393505	0.06232267455805581	0.08680161124899656	0.01617362272303212	0.04458298524358082	-0.0641631268632302
0.04497424324381968	-0.017341040772366933	-0.019278874233871836	0.030356306204309243	0.03377099672171031	0.03517855371479228	-0.03851180466716123	0.11961428153682029	-0.09531066728884227	-0.030256619706918706	0.05877590248671616	-0.06552266318641846	0.15002249793534705	-0.09677341232234007	-0.008045846876682892	-0.12835383047802032	-0.013372178269365452	0.1137613524962983	0.12256933340865164	0.06358961155066677	0.00307860235644865	0.08582160124717052	0.03961068979604569	-0.0036168317534947883	0.10526501049494771	-0.01643770765606012	-0.022846552839088322	-0.02038227375729961	-0.008257782123208355	0.08068398490788209	0.08902977605512609	0.06168808901450022	0.04790627441820897	0.05074753344907707	-0.02370777199285597
0.04464637169223922	-0.016631398710811814	-0.03350468690434338	-0.022016803899581026	0.03373891486136547	0.04475344246141789	-0.04855215241980749	0.08046373526476812	-0.10284956248260949	0.01785451735842323	0.05157466125755545	-0.09441617973278567	0.1817454490748041	-0.049410960865129465	0.06814487433736102	-0.08803831827609104	-0.11431784242394621	0.07160138131625911	0.1305753667814799	0.16828744719292857	-0.04624463402893195	0.019508762635351742	0.007479012458753044	-0.06554744705680587	0.0034107821932131133	-0.08098987416610584	-0.027467251529113924	-0.13142627995748	-0.022200615142255728	-0.06310368027358419	0.03437814509662356	0.15619379457720373	-0.026402032693643638	0.004412337086752007	0.07773919060076837
0.04351899314240029	-0.027468527954223193	-0.01325304277239008	0.013633540276492051	0.024469007135232944	0.030851636872160255	-0.031294258041030205	0.05618743213437074	-0.08694480109988363	0.06449720051357917	0.023065061163325806	-0.1126335253313901	0.10756718925752723	-0.027228212009101305	0.06713948233499305	-0.04034378789258861	-0.050362092187878224	0.06486837284950178	0.0671712339728217	0.17170803556211073	-0.025182218780271874	0.01204259242623434	-0.04113859500064103	-0.06858532403092964	-0.05632901459492463	-0.06631944141450909	0.05783067015639341	-0.1300905146744812	-0.0028020464981403925	-0.009900870501546782	0.04199604327983839	0.06014108057857234	0.029318592683686237	0.017493360895094325	0.1247511511283914
0.042331840781240686	-0.023516006270054585	-0.023054511240247273	0.0008156923480286357	0.02063428710975267	0.008701315742307052	0.01883792331394391	0.04365976892249028	-0.07766719789370273	0.052706057798963285	0.0072849500423228745	-0.10385397880313235	0.04119454560705779	-0.01795590878273472	0.053283405186051146	-0.04454362862409562	-0.04275290218797487	0.07519558537914756	-0.0120817684247875	0.12058513265523968	-0.07198156384083969	0.029510687213482427	-0.11004826066329676	-0.05768733667872842	0.018021600236853882	-0.06331573910923145	0.10954234745086909	-0.16015786098911375	0.07886654435358095	0.011185897135571929	0.04810432010207313	-0.043505466764647414	0.05186214159084519	-0.006552775890297952	0.08529881614313502
0.042059585408274515	-0.024950642571909314	-0.01222488581806572	0.010465130297738517	0.014354427414789173	-0.036286321062649306	0.06531377474706984	0.014624249082716574	-0.09269485489094223	0.02042318488420712	0.04693255760023577	-0.05208573567926819	-0.035944857595556726	0.010218847359224733	0.010022393962701989	0.019044609065413488	-0.02979870827270195	0.10987224016929537	-0.009634104292224237	0.014959335201471198	-0.13959014147408771	-0.04288622082704337	-0.02643576574747159	-0.03708910490934379	-0.017136203372485812	-0.017164656325001543	0.03378916899650549	-0.13238596251138135	0.08765155832873883	0.023082087509927057	0.08206644534220857	-0.12433498439984936	0.05970058226257939	-0.040498787318001966	0.033409283882276715
0.043130886471409946	-0.017598495655842122	0.019014451823943367	0.04855094613918002	-0.011188844838275574	-0.012268511046884725	0.06914138138245643	-0.024506110352378575	-0.09298581734031851	0.05016127799359198	0.011176337027359918	-0.03408304577385367	-0.033662677723009286	-0.002111120620969971	-0.041373500778383074	0.03226653128258077	-0.052862813443002976	0.11529402496972724	0.024930593627230966	0.07115263507012368	-0.09280789125023141	-0.06541115714571388	0.05009415017981109	0.010331442793337782	-0.06553445369980582	0.018840818586978336	-0.04391446352546985	-0.12505788501969073	0.037662094193943674	0.08763208115137174	0.034018403079431284	-0.05236318503557413	0.037701918952679506	9.83616320354673e-05	-0.0213656655621245
0.04312954583569064	-0.021772258452686395	0.03556613220366963	0.053010081173900686	-0.028001549431261586	0.012362488666578943	0.07499709541199119	-0.06933641797842288	-0.06578285784146502	0.032977539864383294	-0.027737589902933884	-0.055077096117836816	-0.038227172013059876	-0.02687680869186886	-0.05736646440906939	-0.012925437565737241	0.010863641736687645	0.1382493968524032	0.013680382419064885	0.06560715932402084	-0.0729381083179099	-0.00793183398863695	0.04962005749656953	0.05102352934582331	-0.04593665039379152	0.03699001470924633	-0.07427557008160279	-0.13344275130824138	-0.07146883780658367	0.07055802482363902	-0.055318874748345535	-0.009977689723000338	0.039648983949002355	0.05680959480817574	-0.06756851305553475
0.04653021272878219	-0.014069857280488382	0.022710651835042058	-0.0023795233582777336	-0.010747760353913345	0.0237386687690508	0.07349986147140408	-0.05856026702961638	-0.05421355559656509	-0.0039031563492224197	-0.00999141242054508	-0.010812483138791684	0.08974899296161527	-0.005446964413618068	-0.003957898776313482	-0.003213623493877655	0.10920453264994552	0.13255695837845274	0.07617500353115877	0.03528188180048625	-0.040065881322457815	-0.04119778439574026	-0.004522003242668559	0.04438611442810302	-0.02342966332286934	0.08003591578343339	-0.11013497666506943	-0.028944551849221976	-0.08943990602438558	0.05947695479999815	0.03277199096283822	-0.009454356292734594	-0.01346108050457408	0.10669713616294149	-0.08461376711863092
0.046274236679584996	-0.012622155180606968	0.021018922086162038	-0.022595997811163726	0.0313419335835506	0.01308915561760883	0.08842510502614337	-0.04932610257812699	0.01583723219091463	0.09424893156855857	0.012604618044438833	0.047267842773652737	0.08539116468295306	0.05630510454986413	0.028450311913631923	0.1336215470732001	0.02086478718026265	0.09108039133138669	0.05347506706847073	0.053681213814555824	0.030032413565553664	-0.07350403233371383	-0.024442997533214644	-0.057258843308653586	0.0282629514806957	0.045103689434499994	-0.10202598476626969	-0.016816956037292025	-0.11809642619660922	-0.004019505144730949	0.07954403974451098	0.02847715481369479	-0.07691219386757542	-0.008403055014447151	-0.0109650036586698
0.04526630944718198	-0.01477817969813512	0.0502617202320072	0.031937003865199126	-0.019901544058975925	0.035380365316645915	0.08190630588925855	-0.1012163084252909	0.062487993646561754	0.10170318914016661	-0.04123816355323033	0.09421953776346723	-0.03518303330963845	0.0639003026335455	0.04127524854181752	0.08021306636049431	-0.0875532670808511	0.08496964516842807	-0.06975214060042338	0.03202343578450453	0.04445831683696848	0.10528494426508547	0.031126943055806894	-0.011867000069011948	0.06035391356523351	-0.02145714059826868	-0.0012514395823281727	0.07200524397812058	-0.08252388136316322	-0.01943680432762443	0.051501773406927284	0.08876969832791635	-0.006928368299046271	-0.06653009970899737	-0.00969387996632827
0.04608404387681903	-0.013728620862590636	0.06854918775945397	0.05538127534835102	-0.08040339640738667	0.06486382019902565	0.04131354042673961	-0.1282536271993149	0.03195095118175333	-0.039014787374482704	0.0012331341528303047	0.0903188815805829	-0.0644618082994436	0.06571842564679153	0.050141209848742485	-0.018261434704786094	-0.03784654161598788	0.11614546910767466	-0.06768067366229522	-0.0560749317405577	0.01147045562147234	0.17094386857271035	0.017829196241049415	-0.029210789441461105	-0.004410440840398176	-0.015514126412797013	-0.003782843948042524	0.05029571836990993	-0.05313705694141513	-0.0370009346165963	0.05326377443112469	0.11034369521278424	0.022912681090731468	-0.1260957627594506	-0.014373108727807522
0.04657223466589324	-0.003964947335313902	0.061316636919904854	0.07056773443157853	-0.05698623302993409	0.13845780554811132	0.03836615098946824	-0.05512268653068125	0.01692923188097067	-0.07682397267402301	0.0959515339856934	0.09936307106318912	-0.042236840645745094	0.06475481498137181	0.055762238275444166	-0.01303193066552093	-0.01675368692779368	0.1025973878182451	-0.012118636247724402	-0.08191021992110227	0.025357747170117104	0.13735820151484207	0.052699970427527866	-0.03762349181574596	-0.011371546492329295	0.031129208844569253	-0.022079049452749966	0.04662490681141626	-0.06923251571848915	0.0035752452214678834	0.024902149139531315	0.10130884343952097	0.013646930026632365	-0.15051461482892664	-0.07041629207462859
0.04441145958313902	-0.000757978875100115	0.04581810870154653	0.0417391888444582	-0.05155265597865464	0.19047694485748515	0.054906258173317325	-0.01652831775815497	0.05216549407107262	0.01642203039724942	0.0562053794112265	0.07882619415224819	-0.03884010412630224	0.05826715481804288	0.0332947013506956	-0.020610743090750294	-0.08484240224963416	0.13062667372574613	0.039989844683690864	-0.042692340973089396	0.032507070683573544	0.08554775307715944	0.11537078282855749	-0.09020843329649289	-0.015531907715708879	0.0046053491958589834	-0.014941489237105872	0.02628860290217142	-0.11232294147759357	-0.026024005357648382	0.020551527997479974	-0.019973613769543243	0.015093417647892238	-0.11646947671622257	-0.07142980396669975
0.04186396116965719	-0.012009336774558876	0.016577032925384417	0.0011640414945846258	-0.04989088739061528	0.14634268756568763	0.032309752453097626	-0.06490791621294628	0.08049773993570557	0.0725966454598781	-0.07332530735873663	0.08389413857414849	0.030619920417437864	0.08372866008019102	0.13368904549631005	-0.08611358304730744	-0.043356691277355766	0.09376286363498686	0.04890699124136279	-0.056876340329966996	0.08271403237279258	0.12897056032713583	-0.004330638730355413	-0.04588220275405617	-0.08372535155653604	0.002239147014491478	0.006505646752377606	0.05295141188764154	-0.06928836633762009	-0.028641253826397872	0.09806099479171275	0.006468063780864758	0.03865196768944889	0.007746395401638229	-0.09272994369258461
0.04361399895360555	-0.022794708627139688	-0.019095013567230715	-0.029027248647419193	0.03401542006604315	0.07990171547003981	0.07203997905732842	0.0059415654197289645	-0.021449722794203152	0.012530149235019989	0.08658459200592773	0.08429045774917555	0.011432818899849368	0.06928450641203167	0.09006386992107054	0.07177728889732866	0.08930867879710978	0.007622749429041474	-0.10055805823051543	-0.11572971542111374	0.0550449869376346	-0.004176803941012967	-0.19029835622555652	-0.056955390876610945	-0.06480818506396743	0.15947122393635224	-0.008059230046071713	-0.12720343945759818	-0.034137860759915956	-0.05148597774662627	0.14065436561495898	0.09006571895803701	-0.02355711025014491	0.03138716482032138	0.0729616107192295
0.047551246128327916	-0.023838985694880424	-0.029952072203141614	-0.010565035883520753	0.13973351956093305	0.0479878966104588	0.1297302530971418	0.1217417683809231	0.027881302362133927	0.18571992649130425	0.14049116949315105	0.019863400739288717	-0.08833025961195785	-0.03182893993466617	-0.031626974714683585	0.07789350233055434	0.04376484492751324	0.008412932261882913	-0.037938770720442945	-0.06020993534407454	0.08022704489758244	0.012704966522259711	-0.024351757073853716	-0.08396906024424092	0.022946867717200073	0.1494437739865168	-0.010918212094222196	-0.0702524315375504	0.1120339803875371	0.0710650881307113	0.11764250641750404	-0.026647460063166976	-0.001187543842627807	-0.012677068657533694	0.06662994209362065
0.04279544793017976	-0.04165761066219535	-0.04310320961756415	-0.09910395902403701	0.1226317122988349	-0.019608526732323356	0.10429180494418576	-0.02060312308040259	0.02678341118601381	0.18695727455398808	-0.01683237159221251	0.02065673420830645	-0.10785387626599632	-0.12165040928196547	-0.009354883307216361	-0.0449704334054266	0.05065672680191988	0.09909406795978815	-0.02724984375489803	-0.056326234271154435	0.07660255719663335	0.07817597064650511	0.0166610522913819	0.031375137670086664	0.06382534391020994	0.11667163208891343	0.034266925484826447	0.007844180860090422	0.09853830172452517	-0.08981428055611965	0.10261343949546108	-0.0490797422683475	-0.0013801450101888976	0.0582630857246275	-0.043821282764300196
0.037771154442220504	-0.05297825233545406	-0.05571722457820699	-0.12193218755148703	0.08917034736446482	-0.12270862214224375	0.08016028094358424	-0.11670482927868416	-0.007660120807736896	0.07893056997039559	-0.05399085169212788	-0.03137641563825103	-0.039379086601327926	-0.05050216792812825	0.030842476208556797	0.005771330171569033	0.1041044038486799	0.07849450865447703	-0.02622941402898029	-0.039813553858907044	0.056455205693741274	0.10193841938951383	-0.0022878212356512817	0.0184088294616367	0.03015294521165901	0.13547678312862454	-0.011241076919547973	-0.03296807755536743	-0.023342941389079382	-0.1574332260862445	0.019720670913708188	-0.059934940559125884	0.014689330718940876	0.04821906747205801	-0.020029488627669057
0.04121013145150679	-0.04864002346368723	-0.08070149327891979	-0.07982145392528117	0.09982241678900503	-0.16802261988103245	0.06266041299106292	-0.009980757583830258	-0.02925790653269225	-0.07241365260105329	0.0954040287950261	0.004760176720506862	-0.026228633029488316	0.014637672040834899	0.04020205521319729	0.05578517848239108	0.076121477298394	0.09584836618046158	-0.006061288983035007	0.0041335066035250705	-0.055912121117166085	0.05060296599616237	-0.025249468996203513	-0.04541920171516141	0.03399066723310433	0.04116897347706923	0.043674616889125384	0.02616052587578005	0.08279805837425047	0.015162077031674749	0.02671339483267511	-0.11589007320203108	0.08870632798147039	0.00452872693970114	0.0329510481116412
0.042688571943602927	-0.044029696839445874	-0.089391260296325	-0.09030440582010171	0.11887448185774074	-0.12098950432953841	0.03410444853128501	0.07795308069766746	0.0025572082566157413	-0.0015742098338675187	0.1457738689263377	0.058469136902189904	-0.016467121699624315	-0.055824218780262495	0.0021903925192230667	0.037974234216105185	-0.02633814472745865	0.03565548163847501	0.04329700010626489	-0.02432215466405278	-0.02562079703585915	-0.012901993466604606	0.08001926987722785	0.033913839797885516	0.09557067160925965	0.009608338170656976	-0.0010372909130681174	0.055708152425313434	0.07325480905294618	0.012167087588342295	0.07850774223110055	0.04371664063124732	0.05793143507990521	-0.08202963719647638	0.028123656127394463
0.04252270183694567	-0.04555795371799415	-0.057554428309248236	-0.026143302962729795	0.0661066365228377	-0.1284838068815935	-0.000899596270460473	0.036533712143458824	-0.019414992015710068	0.0718875941441577	0.07138519343276262	1.711711584381837e-05	-0.09487003196949528	-0.07964289674784354	0.017473300242538525	-0.02182833536498635	0.00983758092601395	0.0013805010438985568	-0.015479913361996233	0.09934279012224	0.006515674986397976	0.09973449445243977	0.1981621184171075	-0.03364487609255201	-0.08110410206321231	0.007084661545899713	0.08233035370661321	-0.02417870820709162	-0.03163998567327943	-0.09872377689329104	-0.028244402546919876	0.07000697072908785	0.0646843201975438	-0.11694383955969541	-0.012002636300548937
0.04376324224251114	-0.054069235017309834	-0.052531787584016665	-0.03355524057534687	0.049557914257297504	-0.12891776254519857	-0.03748143567729948	0.04121318135535306	0.030171473648730355	-0.02166074115927107	0.06086205070840119	0.007426338015382389	-0.042709706301386166	-0.03035998843776989	0.020294924142027364	-0.06216315540018629	0.16917420915501877	0.0849828880485887	0.012887076285796141	0.012373748488937134	-0.003877878411134789	0.05771563861674811	0.10055197542001763	0.018580630872625115	-0.08256509801858762	0.08016197383749164	0.0296378161420265	-0.01622955932625107	-0.12595804113149187	-0.02120761275740765	-0.01855248087309006	0.00763705589166383	0.12550352957329297	0.005692029152689817	0.019979757473729348
0.04324715927710486	-0.059123010490099735	-0.06378181173806374	-0.06036914855173136	0.05944798628180451	-0.08689884539306003	-0.035398345431226295	0.0759815762804426	0.09483295250590522	0.013386042748889153	0.08062244614298487	0.015157375014955898	-0.024968298095178122	0.009100250624542503	0.006553586641340396	0.044432868747420806	0.05261338045713902	0.05115921961679969	-0.02151661749605227	0.08639602038199422	0.00034786355430015126	-0.16525616401066012	0.0841431439687504	-0.03576365962565922	0.05181434279216784	0.06033635884320204	-0.05984236274419789	0.023013511549309543	-0.05737736287656035	0.016390551605035143	-0.04905233866128239	0.09443017028665447	0.04569170232649535	-0.004807125595937725	0.016065196394241102
0.042050497055786035	-0.05600983774363462	-0.05046879431971229	-0.027116146432687335	0.036560957547849424	-0.099822677196949	-0.05538720325631668	0.049527441295688486	0.13430063249650426	0.06195347755101406	-0.015442171082369234	0.020567083825115788	-0.10118436880078967	0.012601302447978661	0.02117915553439166	-0.0316802141189548	0.07016609207920026	0.04199784453215987	-0.05341038458772334	0.1261340808943252	0.06109105747496542	-0.08147006973971431	0.06123618416929536	0.002512233390046379	0.06277902466668342	0.014243221116295727	-0.08130813166237061	0.06887308661586625	0.03307231561726849	-0.030442694714928477	-0.13624674261584363	0.12504493392027105	0.09745270974952822	-0.00856002097903322	-0.09535761379121255
0.03586076775347095	-0.06043062086495977	-0.07213449733728423	-0.040141823195611735	0.04892702520062901	-0.11059764055722762	-0.05865387245503283	0.03091631167707678	0.080941068358837	-0.07893176924300781	0.0033967889942786342	0.01622844811440678	-0.034644634632310586	-0.020208137392888573	0.0448108797281597	-0.0429930505616279	0.0863108619933878	0.0020743403148741997	-0.11178810678285962	0.04982551298340609	-0.010523812481942809	-0.08379775232539081	0.038469321991232173	0.04158089380716535	0.0491536329929361	0.013944672681494363	0.004585579890963323	0.021203997278441453	-0.04441933670122075	-0.027271934833354942	-0.0524716779794657	0.06745777028199879	0.08120264492676493	-0.018354559350763494	-0.02236652439368876
0.036346251286375544	-0.053945244885555986	-0.053328544810735214	0.037857333996237946	0.059187405952792344	-0.1045456628866958	-0.007899628364244174	0.06043357582604899	0.05352293722900597	-0.05186883172036755	-0.06853938243561845	-0.009928661912775878	0.004597790441133388	-0.07204704056232139	0.023167977723607024	-0.006097113904466153	-0.05205036198839988	-0.06510041096181923	-0.13046670664811644	0.01234580172252809	-0.07806459227869617	-0.08710897624732422	0.09410745750939316	0.03555849274263611	0.09360672330583254	-0.0853628277989504	-0.06367681785084461	-0.0030775473671355857	-0.0508815160481836	0.1448755149971506	0.002357047364531739	-0.009494808767577592	0.13238419487307565	-0.08183062701461158	0.04918204634069146
0.03919184734520815	-0.0505035358594256	-0.048583968303272086	0.04615477532954505	0.0889739267495708	-0.11733560437577771	0.02608307450531871	0.013652434671444617	-0.015925332772082926	-0.1309904643534951	-0.029096755606130408	0.0219774722281037	0.025893684671804303	-0.1332995907702912	-0.009998925676461693	-0.1343629845164913	-0.06473864737915459	-0.04129561915315627	0.0049251669672206195	-0.04163521817453171	-0.07565074481284345	-0.08155971623977334	0.04327855559436995	0.1410901887873184	0.01530643600399588	-0.08197282744859374	-0.10521680649476184	0.03034483056849784	-0.020422755239545686	0.11596230697883421	0.019054649179344543	-0.0551299273164188	0.07747540027401986	-0.10574015671317245	0.014910325033374371
0.03565169494239631	-0.058118142785427505	-0.03127455523180505	0.09338367912116056	0.09458891990969247	-0.057798668527283104	-0.004491719792552413	-0.026921594144311656	-0.08732635751328428	-0.08567148200748842	-0.01155498632059741	0.042457834542486125	0.07209190939500401	-0.05294514418295425	0.002274558346880989	0.050898963699427126	-0.0987336675351593	-0.08479785280842002	0.036816157525991315	-0.014366727945833893	-0.07729304914055223	-0.15194011353081677	0.026755437162427335	0.10317206729642224	-0.07633737238099597	-0.034287992436815684	-0.048876879626989826	0.03033949627037583	-0.019823699371494703	0.0039047133328866043	-0.015357754083900593	-0.06958448296045484	-0.05054177831362651	-0.09615984763966687	-0.03812152167364153
0.036415378447741266	-0.053653952621342836	-0.003650444330163987	0.13712241566426311	0.05187744881221929	0.012415839044185388	-0.01745347866595657	-0.04455873098941649	-0.10721473260264515	0.027921321390190598	-0.07115534580525515	-0.0032569935559777262	0.04586239419330914	-0.02680392911306053	-0.055450738406787624	0.031801987161284455	-0.0467117882250335	-0.042173311325126486	0.0024225977227066943	-0.023461309576659407	-0.008071291855142694	-0.10216741223804898	0.029572155994682617	0.059722488108260606	-0.06329442323090488	0.06003695790096491	-0.07498862093879559	-0.02942356979133493	-0.04522538569962648	0.1106667116751629	-0.06580000589928008	0.035965489309062126	-0.04928155412532352	-0.07224867020820361	-0.02551361590416798
0.04101443239312035	-0.04189569627591845	0.009429572828454772	0.0851956714366324	0.02350203304388156	0.049486293330437185	-0.003914535126585498	-0.09907575349379162	-0.05098011242564885	0.004855990043246177	-0.07505279103818628	-0.05193231791891933	0.06762749404794809	-0.03150913309604294	-0.009043262692374434	-0.03680085691929981	0.069505713886358	-0.007452767554249555	-0.0037501948314593732	-0.00442519572150194	-0.02579054743502872	-0.00398312274459979	0.025300550034357792	0.07774460965149024	0.0028951036542896637	0.07912016258661056	-0.10412446823852035	-0.048900311902844905	-0.13951277951567623	0.09442376759759173	-0.11598945636510474	0.10075640279619749	-0.11316211711716331	-0.0826214145935929	-0.04978424003814074
0.03483405610018453	-0.04821153413437648	-0.004786671684368389	0.09892124656999714	-0.007522473232650326	0.11190394120005492	-0.014458189065580442	-0.08367274782736327	0.00036995800265898174	-0.04778682307037951	-0.08000028790297162	-0.05304622973132306	0.06622891251350697	0.008912228023262445	-0.010479414056870551	0.045367395131590715	0.05014205540167818	-0.03344162798223223	-0.008424668141202695	0.03604696747964406	-0.0458846949167513	0.06518108823946517	0.05699789806399012	-0.035827266557458895	0.1391590406161612	0.019003895188687538	0.023443829617273107	0.09044890109647875	-0.1477094205711284	-0.03220478603563562	-0.12261331477335838	0.05313980829906101	-0.0746118490891948	-0.052357460946731646	-0.049218768506940354
0.03346124898575508	-0.04908552299609066	-0.022555666208789894	0.10587595992572163	-0.025282714709547547	0.1525959573887885	0.0035708055073780396	-0.02337182050780537	-0.016452066402488218	-0.056058378147314875	-0.05983221015943911	-0.031539436759751516	0.04581507395994175	0.04108395831813364	0.002429977621309594	0.08803485738379481	0.10263608488779315	-0.018988578720829083	-0.008296152398446457	0.034529068433418575	-0.08252579645903586	0.1334273436224861	-0.05625855611221544	0.05122472781310798	0.1140565471298644	-0.03766484000894883	0.09679591533055495	0.1080514557358753	0.008305088341318627	0.04564600048320633	-0.09447457431314521	0.058360031536012456	0.005426006950639016	-0.014743077467320216	-0.02881860268536012
0.033546628998069906	-0.052194865307473005	-0.048272293617812385	0.05046029358417622	4.597741561420187e-06	0.2304864767067138	0.012195384246519973	0.01578751182320947	-0.06491648815755692	0.01387920824257862	0.028263587739038747	0.029217042342704547	-0.022052430381386476	0.006798611170165948	-0.0004874742910716142	0.06936228737874406	0.03318606001555009	-0.11730847561366775	-0.001317819508058331	-0.09887071150237159	-0.07205567458084175	0.04090049683217581	-0.060165380934515005	0.12402553030775298	0.041910435300549345	-0.021120792884202155	0.06737195159391997	0.05548603712835206	0.016948605324970455	0.027066016436446516	-0.05056594521473441	0.03790699278502123	-0.027960629117445263	-0.04077320780722185	0.009030403629748964
0.03805029111688542	-0.054434423430704725	-0.02869439327997565	0.024120620672624958	-0.0025354832769876197	0.1600194212686833	-0.008615197006559537	-0.0546909510265858	0.04550207882937769	0.08999826746464512	-0.047166575627607836	0.010113154646645925	-0.0792336611825063	-0.022836481686352245	-0.05516608820886334	-0.06365759226821102	-0.03272348297237814	-0.18018655983863016	0.018826596842851265	-0.05463078807634533	0.019438158495588064	0.06865954778650035	0.05577301058340918	0.023790486782526845	-0.05907277429460205	-0.07492864025929998	-0.013880109558011755	0.07154112722546692	-0.03698392485858958	-0.026747054144413012	0.047947013440421765	-0.08443116532855602	0.020578048865207088	-0.020803026844182892	0.026757276500601
0.03730270764234318	-0.060346539446747616	-0.021439028348084387	-0.0023407834870402995	-0.0240417833838916	0.04079256665910873	-0.06165398057509021	-0.12621472061446376	0.07063312316277655	-0.07156144338701871	-0.0851516571309442	-0.018305172789195974	0.03354406244597718	-0.04890435846531978	-0.044087571864288334	-0.11134525280111819	-0.009455197450143029	-0.13060865093116564	0.05974069563415342	0.04414855234762948	0.11310152982085342	0.09002903824272747	0.025006848321249917	-0.024839785276581042	-0.12083563734990427	0.02571737204384731	-0.004787586091357276	0.038107183517894425	-0.02391712846366915	-0.11578448420251963	0.06561530392932764	-0.03588680462956206	0.04612145364844784	-0.09064272502553165	0.09013358793703623
0.036422464416445255	-0.0631036090990514	-0.03565539337468405	0.004188523701764973	-0.0024719824238660405	0.045446955241992854	-0.053784591053230316	-0.08519807381388815	0.0897251145505253	-0.11717317580868718	-0.047803967485115145	-0.002132211891750023	0.10456316176316567	0.005435079668986802	0.041571841664227865	0.018443988862468532	0.02701245445907551	-0.1041901511375065	0.04784879287558354	0.0765071797082845	0.09202434590358263	0.04006649652596789	0.012340835353595751	-0.0878511912588128	-0.05117457957273946	0.041382450999548646	0.0884506491874251	0.05834942023431314	0.004204519935084087	-0.09236418077675677	-0.007609787238220353	-0.05240192538463974	0.030882382929839684	-0.04137073334746043	0.04762696499564595
0.034878627580172974	-0.06405154338380162	-0.032621835515184966	0.026915282268297282	0.02719673160351686	0.017059410967771697	-0.038272216283974585	-0.02370626923459195	0.14963322218907177	-0.06969871818040503	-0.05044424731071741	0.030791175093455962	0.019210751843971436	0.020559183061768377	-0.0011243674127191694	0.09703754251504441	-0.0587474956301869	-0.12376909417424051	-0.052990762304516076	0.030332502485687904	0.05095891330325442	-0.018729310436204016	-0.019549626816405166	-0.046797223860051966	-0.04842426855853814	0.05546937697560749	0.08981284774798627	0.03491144724392857	0.008971635644301737	-0.024984652730962717	-0.02410886080397726	-0.09204096060430174	0.04312614774581626	0.062361866919929926	0.09222992134768691
0.0377522142153062	-0.056458465710502	-0.030252262783249127	0.0630744770837452	0.03490822836140685	-0.041459011246528836	-0.04077352496357676	0.04360860287187596	0.1416213076230828	-0.05802398859891802	-0.05647364501328357	-0.01378577491727238	-0.0912352550282149	-0.030871784382132953	-0.07468510733894343	0.007115752646223934	-0.07122358999775406	-0.07149387832786898	-0.08533942798071595	-0.06474828144880385	-0.0008956642768675922	0.014931255017037293	-0.06083797217957056	0.10320913052662312	0.02186484001011589	0.020343058459988336	-0.03311009359869748	-0.016172357715587483	0.014424880332593672	0.04146076319468372	-0.04066317677966741	-0.049155206518781955	0.04515054601494203	0.06620391140901256	0.043708456673474894
0.038621551124529946	-0.06362605340275118	-0.04479971549236909	0.018459213942421022	0.0548883443885191	-0.08982792288839793	-0.04662600272851285	0.01275003325465578	0.08439620859867042	-0.14717626131943362	-0.0018334701664306844	-0.005297807144363876	-0.002822900871490616	0.0012326925852025666	-0.08762821864023176	-0.06163108996639328	-0.019497474624369016	-0.007119966293863923	0.06578554067535171	-0.07697499690291063	-0.02316062062221199	-0.065661073695101	-0.08509050489056667	0.15592678157332857	-0.005332017716626523	-0.0017345043974471026	-0.06835515618907635	-0.035954079988786435	-0.11093785296563473	-0.035374309904398965	0.022099717352485542	-0.020777708431345437	-0.07225782666376378	0.029723796144125497	-0.006661416316746816
0.040324372489201364	-0.06685922894481071	-0.03259663610050523	0.03673204270521698	0.041391647281728824	-0.05200705721758726	-0.08919985598167135	0.02435794506622236	0.08268813447037116	-0.022662112244180795	0.003430906684539553	0.03132581846375017	0.032561385366312395	0.08754176189674223	-0.00891317744478109	0.1235944349710049	-0.03806482338983899	0.004515813814670179	0.05177229198108499	0.03204472344333163	-0.022861020938718887	-0.09730634976538707	0.02497723175654016	0.06261250251385418	-0.03544425740781572	0.007651582457185297	0.012392750001369015	-0.021463845287149657	-0.09414214867244308	-0.04646623107063787	-0.07788457690773706	-0.053163072137814814	-0.0747246797988298	0.0542983263514497	-0.037441741204785585
0.03304363848647208	-0.0652585711689495	-0.009629894811669317	0.11511102088107598	0.01983324850636246	-0.03410745105685726	-0.1290506001576602	0.0059923843779940015	-0.0021915019671951974	0.09905044075845416	-0.11882007883434209	-0.0008851369053114789	0.0020067409232979376	0.03769023683156892	-0.0019896354239852254	0.04045652542134844	-0.05545394766319396	-0.012023010243094847	-0.05492008966546114	-0.023375136275066172	0.04313290531428169	0.005855491446025063	0.05658730812381055	0.061189835224166766	0.045756249809289926	-0.023390911460595708	0.10791725758312873	-0.021108778203381463	-0.09320899589563479	0.037761944636005254	-0.09177126307944047	-0.020827352303673646	0.03290266120120584	0.03116218049206694	-0.02235205645478859
0.030161569832709574	-0.06145684954665892	-0.0065185096053064695	0.126544931297365	0.015609112279904785	-0.05626501727160207	-0.10084265632680992	-0.07402673342351168	-0.09440391498659455	0.011942290426399734	-0.08988553584474218	-0.05784176852551644	0.01072260985956943	0.06095395800973311	0.006823355437280223	-0.04913453678360941	-0.02807792868800473	-0.03184356361822214	-0.05278720566009543	-0.010499714252734743	0.07491502248280288	0.10065519331390335	-0.06342487680638613	0.047385099131357925	0.09688512204773882	-0.08518281832791788	0.12981086563445907	-0.08987936960963355	-0.0371001507601453	0.08778047703064032	-0.022334210052212297	-0.057548924652475804	0.03573225622540137	-0.03649106161764039	0.04166818200278405
0.03287347392168558	-0.0541484907135443	-0.00645298948843542	0.1382753228714562	0.02863455134483583	0.012709764704347615	-0.083942418556884	-0.05417203635476206	-0.14523773134686024	-0.08781209555363093	0.05798497795359907	-0.022645678215883373	0.037042621558636725	0.10298770902573223	0.02958587221676157	-0.014286295087844835	-0.026881414883792275	-0.04192016915388283	-0.003394414634608326	-0.012751221191143575	0.04967009648740046	0.03537946644542919	-0.06012048529448966	0.030855490836551477	0.056842035150062316	-0.06998786218665626	0.08607166114185597	-0.09517398059505137	-0.02158775338434801	0.07817932378429741	-0.031137606176367905	-0.09008873389523453	0.07956590456061066	-0.0254084902607766	0.008717549037774688
0.03604481675773532	-0.0495246419172602	-0.015806111001722956	0.1309468868623487	0.044435481834151275	0.07582314404261355	-0.07043141320696697	0.02756675935851864	-0.12149879462998152	0.010440675392904249	0.08707489099614314	-0.022626510813206574	0.006304166647768735	0.0486557803449273	0.03697939847060442	-0.02655307344891884	-0.07072972428279435	-0.027972409950505452	0.07227835642926601	0.010176052268289642	0.08992644742232027	0.037894869723455224	-0.0038731125202760616	0.05583920853168247	-0.015017922021954871	-0.07937101921632204	0.04439427794797666	-0.08330667919504503	-0.02523607456195001	0.07495197597890639	-0.06609089940538262	-0.05582238933609529	0.06453812290006589	-0.048327074261557676	-0.026340348532293882
0.04168978382992481	-0.04666682167413289	-0.04016720332987419	0.0419169559851088	0.10287163902592533	0.006334832058877546	-0.04114233464372581	0.059927595383612316	-0.04583221631582426	0.07561865001536941	0.023503656326314768	0.009498004428992448	0.05993484537760869	0.02595540390777829	0.015757558248148118	-0.0523394371477902	0.020905108086673077	0.06134452992081749	0.10861560047391193	-0.05503054162222043	0.12385397042406714	0.0915171829975552	-0.049353684475040155	0.023240729437307563	-0.015567753957963015	-0.018863638851564113	0.04921237625984144	-0.09443495005296622	-0.05394412518501765	0.022372730300367002	0.010038393850385796	-0.14460073305856563	0.0612058032872605	0.00897048045120322	-0.07712811133383754
0.03733789687963811	-0.04624087104604651	-0.06808304125368793	-0.05613257008815669	0.15276780433526774	-0.06586021497070674	-0.0013798291139830504	0.026889256051818626	0.009348360587856005	0.11046785697956091	-0.006196239053309867	-0.0005565898212047241	0.07965314414867583	0.0515068676208023	0.02620565386703752	-0.008121107830087815	-0.050902371011729265	0.05920246786546843	0.04864923422882934	-0.05028338142096117	0.14000391439426507	0.008691634546830978	-0.05851573468965828	0.031104586742827532	0.17509022450608408	-0.022417470553480104	-0.02939070746741136	-0.0667998682709074	-0.011313243759520634	-0.07176963015930005	0.03487187367195862	-0.07170105150321908	-0.04292706581119386	-0.08598568399616435	-0.0726519747569433
0.0324167457438698	-0.05302769566258096	-0.07867991967164496	-0.007363335020479637	0.07351791104791486	-0.0643777037510832	-0.0021377529230866255	0.012243348259597461	-0.006929893765706286	-0.011573618514321803	0.08657522184349259	0.06789384186522499	-0.10790728995521547	0.18214960166721714	0.04191498676805555	0.034097544336877776	0.003989257588059923	0.06323811156462619	-0.0065150249849491425	0.04240333709237652	0.0840052294050039	0.07055805149953419	-0.07695764995125341	0.012421579374600915	0.10546066365538923	-0.1632092970969006	0.0059405380990306955	-0.07018335263890892	-0.038549118078495044	-0.18728412923954574	-0.03715670724668593	-0.013826931252971866	-0.01358125761373508	-0.0786076383828325	-0.06956560492864058
0.038570461960256625	-0.06306141970658634	-0.06150461148584347	-0.002831669610413854	0.04570723864054761	0.0755247851025786	-0.07350368295723289	0.0669279235613555	0.022942217941916046	-0.013583051139059455	0.11205788705352955	0.1741246119503299	-0.08606303687718224	0.10996379702065423	0.015512176253901723	1.4716197083100849e-05	-0.06067460202061169	0.06066110775373552	0.0498597463291475	-0.010994423823174438	0.1618232803826991	-0.029322466973572804	0.000219985928907835	0.0951418157820628	-0.056550482533577376	-0.03170466340472819	-0.033753668210178604	0.05102984647483434	0.02689329614655021	-0.05148164182649132	-0.054093659265489175	0.040994196214619485	0.016124757571831936	0.11756305498354647	-0.17090292730391485
0.03911522778135713	-0.05963059975213285	-0.061410913445533045	-0.049764231302340846	0.04281036236563459	0.03341707451522121	-0.10934276451287021	0.008873858591242933	0.080327182061691	0.08674483608419985	0.0028768924831754183	0.05521943558273502	-0.043851529680039456	0.1096832075703345	-0.09159301669392139	0.013412792863267695	-0.04586578189640857	-0.0059843182689982	0.04425912161488315	-0.016305867745169823	0.18372582323749226	-0.015335682514851092	-0.07531668182442978	-0.006779958211012231	-0.050189276207280524	0.03755452758796651	-0.1625153057265819	-0.09560740641823473	-0.020083204602762653	-0.058822798204317066	0.02401996309649623	0.058836536034344265	-0.02151608311172963	0.03910204582849301	0.03756584390362952
0.03668393143518193	-0.06550535045351331	-0.06026324909811353	-0.05111992910112537	0.038254196304131245	-0.02886113916981928	-0.0809902620304881	-0.04547212487198179	0.13333017835080857	0.01979960068116845	0.007436820978941276	-0.03385448143528287	-0.05447281469742297	0.14666006590552375	-0.07256063204161599	-0.01245425031961208	0.031026620837560817	0.023137206846641924	0.04653953041973674	0.06490163779456934	0.1702900153257312	0.008588283874923011	-0.04741230893038146	-0.06274120342868453	0.01980630847123386	-0.023795707785842873	-0.08152865417969607	-0.06465337908324136	-0.02270446576545156	0.03483338862751965	-0.07437173313315772	-0.024463216033696646	-0.0367690196299679	0.02313185103567617	0.042770514289576705
0.041886520496251314	-0.06834405216471336	-0.07031537219118746	-0.08060886414488534	0.07089781879585372	0.011117766766393913	-0.027347713526125098	-0.07926392809306729	0.0845425637240117	-0.12794798924603892	0.12333774763257117	0.011369668101114425	0.02134280022714574	0.06983360935552115	-0.01840242658644187	-0.0023385035505626528	0.05831922871147	-0.05557748227720648	0.04501264363573429	0.10913926330657447	0.09857894841514672	0.017610673024209378	-0.09262850595479553	-0.044809560250932114	0.014761426389508205	-0.0765189412597423	0.018967198360015276	0.005085983428590599	0.02475936585935551	0.1305078894364389	0.04827093133964803	-0.03835966099117232	-0.029069416708537386	-0.015494977721140082	-0.023364584057025833
0.04611381130002558	-0.06589371915257054	-0.06194334673373082	-0.055335136695528885	0.1291162462150621	0.08649192421523103	0.03137897897785246	-0.03953840580056059	0.06757146446428322	0.0023595410821591932	0.17708602632845902	0.03273745036514096	-0.03553430201422267	-0.01304001942660348	-0.02659355711726228	0.0934249350488206	0.004307439424414389	-0.08861982901072825	0.08182227034226822	0.11968693076858913	-0.06502449277535148	0.033105341329036184	0.06899578136629607	0.006778442547842451	0.01211679581757169	-0.07320758506305347	0.03449399686592512	-0.028412641943057253	-0.016917681649508843	0.14666437280780692	-0.04446510236454383	0.011900043043965143	-0.0724335584542052	-0.01733684590677425	0.04954220109342604
0.047235021407610295	-0.06936489369545656	-0.049563695986044605	-0.09198858130102575	0.11837498468600093	0.035707760739009886	0.012501572077310794	-0.11895242728606954	0.08212631954201828	0.12488927860291715	0.03545293715524761	0.022206968358600584	-0.06770718801484374	-0.07549293111655282	-0.011582489071310424	-0.06489609419545073	0.06523886768152444	-0.07770932348631539	0.06689223683836926	0.10347923668917522	-0.03193087322410881	0.04486214917026991	0.09232175015318654	0.0588856029397353	-0.07848057010696619	-0.07536271037931713	0.07097933758971028	0.043728979835061875	-0.056565818528474185	0.09743281014791565	-0.06832972522706571	-0.08758293233128941	-0.023462889751975045	0.11349284358829448	-0.0028423797142511364
0.04445206514245958	-0.07417142471094888	-0.053944362730868556	-0.11366769382482605	0.11005855002790046	-0.043610522022472016	0.0055429464219330545	-0.18654223085432553	0.03369999455986567	0.04163805340117746	0.01353626880049649	0.013391068740369582	0.0026113227187048774	-0.05763001257142607	0.041256240548606445	-0.030537224771590744	0.09018384652464762	-0.11820719196522825	0.018213991378609712	0.05730433950512331	-0.01279506058287335	-0.012829486394761294	0.04639866978415037	0.0012977660584572517	-0.08092385292935783	0.010383895155170249	-0.02294431396996126	0.027552189023855558	-0.07558469414443567	0.0007686275508255458	-0.04378905352660293	0.024623780475140408	-0.10812586306370506	0.09816664846624527	0.021767855298183814
0.042075917625608784	-0.07396346792353246	-0.03672774351098575	-0.030422464390579124	0.11094595162464432	-0.08689732036300081	0.015843679657147315	-0.1501434901152353	0.00378059060079497	0.012074378599186728	0.03199066992825013	-0.033936983874466795	-0.0348850530838228	0.005193587805166011	0.07107899677628556	0.06484679075705412	0.11158405948668836	-0.06834017672469736	-0.04437385442916437	0.06803957699349558	-0.06994989138539409	-0.036407181201640465	-0.02617600002863174	-0.09735595441241539	-0.08528396789402953	0.033082571059422625	0.024916323079939663	-0.0006572549651935981	-0.02937116941207351	0.01234964844969938	-0.07614969443671822	-0.00981324433447514	-0.15419159424782933	0.1379988472618366	-0.018006088544454443
0.043189394214437585	-0.06549661950371492	-0.018780876938708384	0.07791895781414218	0.09894348254630383	-0.0677954631032902	-0.009600214401822899	-0.04506226961660831	-0.04374632670127219	0.019810335207725144	0.0675871669633794	0.029958934716311773	-0.07662173286644447	0.0020006806549086923	0.06853561733617962	0.08804965451173813	0.01071831517491352	-0.08475283904140257	-0.06796695491074417	0.0742715477026351	-0.05210675120495673	-0.0030044054405709134	-0.0007846929479121342	-0.09467736851773001	-0.1539854552931534	-0.016091845347014536	0.11310382724379461	0.07867296915217553	0.14233691887846484	0.033772909089441736	-0.08135167562941692	-0.030219092849819357	-0.08545036002718638	0.03166623779818406	-0.04690692518517545
0.042556926018902826	-0.0631338486172074	0.00371527951045818	0.142206224610173	0.05712353804576243	-0.043045977292192054	-0.05090049501179994	-0.025066955275102755	-0.08944892448126224	0.0582205841560789	-0.017716745119487527	0.06415549989132753	-0.051395569250424426	-0.07276564711580062	-0.024079638399919737	-0.010456963325354835	-0.01615125017762001	-0.07601073299676639	0.0044645791861568085	-0.06365575013621316	-0.0016060252506417266	0.008840621093830034	0.03833334027216393	0.02700220470089292	-0.17628241665244077	-0.001421689378491145	0.048958367635593185	0.11182537359528015	0.10574546783334157	-0.0004419670742957585	-0.03366013348229769	-0.017240919914234196	0.02583122372827936	0.007573429803312402	-0.0033928346694815856
0.038377333432501	-0.0627169580010174	-0.004390720345202294	0.11443849831035374	0.04439083459234796	-0.03773281495380545	-0.0872461109171703	-0.0017034179772146235	-0.10668773176690173	0.0050483458163057965	-0.029690418522852938	0.03101946699198631	0.03063900610971666	-0.027721612996095032	-0.020674236423358795	-0.022208029811887804	0.12495911683857237	-0.05848296212838786	-0.019064322114880877	-0.2203431346254937	-0.03511432167369109	-0.03756497807362649	0.05265809975270111	-0.010773692977363008	-0.11544259185582023	0.056475319837544585	0.06191135675995642	0.049419263464783536	-0.02410497964378267	-0.051120637688691364	0.041940071701011196	-0.018061129258081725	-0.00977840762235382	0.0016236763962663783	0.06740383968754031
0.041789933749672895	-0.05026783244941576	-0.005534628747312885	0.11429896931420937	0.07042337622836521	-0.01823920194151086	-0.03928770058974008	0.02811805029170524	-0.04759229027898145	0.052649382539631896	-0.0407733534425969	-0.010617909324350819	0.05483009942368678	-0.039607899958642806	0.035635598795638185	-0.050852444957252496	-0.0025385240725793803	-0.0630805988854219	-0.023123273500381923	-0.16074917986155207	-0.03941701744619199	-0.03999512225842155	0.10417008592086634	-0.12216161179677362	-0.055845763202486354	0.05834185504983755	0.04798401484684488	0.058970333258905036	-0.020468035414482263	0.09968912466532791	0.033355380946509236	0.009458595644879352	-0.04076357674031457	-0.010933630498684824	0.04806040282356201
0.039134785403132526	-0.04982783954066787	-0.00783188020663247	0.08611839400344859	0.08236994200632462	-0.02498274355798157	-0.011742380933372557	-0.026282406882478144	-0.0346902907579014	0.02900040356100562	-0.13193091828285602	-0.07599986943238075	0.08637909965428316	-0.09022672213811989	0.09103634199069217	-0.12851362657201257	-0.010341706944954582	-0.0014385086227229615	-0.04630946948982305	-0.06062102369649848	0.0366597069665817	0.04819860686336338	-0.030966645147215054	-0.07338934243641246	-0.03355409649280812	0.05567583032300476	0.008154192012342487	0.06583926305113355	0.011185358503423434	0.07067545647829686	-0.01604475787611976	0.04428627621729767	-0.04906462322350633	0.05126819728530338	-0.05082333745975177
0.04232047631392469	-0.04934275015469033	-0.015134563062185627	0.04578110582067732	0.10156512556071655	-0.0623381201535488	0.001363932846178514	-0.06457590855216767	-0.05711253912368042	-0.08874345452323223	-0.04682496521197645	-0.009417699990866429	0.15368584059415652	-0.0277180043099181	0.09502951781279362	-0.013842200349117135	0.014649489683008735	-0.026412828610751227	-0.03596256782168919	-0.03733481966398077	-0.03458488945285623	-0.04389263387414592	-0.11458004376963858	-0.07863900172638268	0.001773867303878119	0.0334146140162983	-0.04740717923995391	0.03608365327750969	-0.0013689312071931796	-0.08107999740834262	0.021210068622406916	-0.013104024728558237	-0.07750516389378759	0.02990060595672843	0.009475844527154883
0.04644389804037636	-0.03913509611017492	0.026508090986211198	0.10814221220983768	0.1125418341407418	0.011264794549639152	-0.005922509854445766	-0.03718345028260462	-0.06087637890447757	0.02790510744057181	0.0010346283200469615	0.06352068626941569	0.09090409063601917	0.027941530593875896	0.021674821490985128	0.12328777299628484	-0.07417434094441938	0.021839912350184704	-0.05822372059877811	-0.05885464042429468	-0.12059678624144907	-0.12453334576127348	-0.028383448367531074	-0.11655617773583027	0.035770184014955214	0.008637445200717287	-0.08796452515279796	0.021469822326347504	0.10464634241179933	0.0165735417396148	0.04041766388825129	0.015296826517083452	-0.04537693613075402	0.11200669163173883	0.03605285228645279
0.04646113253801572	-0.030862842989811335	0.059243149375598346	0.10863646769398863	0.09691686465021859	0.06931312340616462	-0.006173310765530957	-0.1047365138377345	-0.023863167173101434	0.07297168999599611	-0.01288532211804031	0.022734602027789125	-0.023939647078991117	0.019701234419338555	-0.06152214996292253	0.021872910743485022	-0.03415029343820095	0.0737008703175446	0.022976370161674642	-0.131868212955311	-0.1560922015395117	-0.02872885351294865	-0.051478022260435824	0.029513943038963	0.08739742767494513	-0.04268755007179115	-0.12370904720952486	-0.0817662571456547	0.13473041648360004	0.026800557079767695	0.0029307741437697224	0.1485873445654648	-0.007610224152194908	0.06863913430915318	0.08124184204964596
0.04797182162112736	-0.03292783413886056	0.07337794429226925	0.098670543238109	0.07874759534143119	0.07240456752594267	-0.028984558951375108	-0.11509307189242633	0.025249561125894854	-0.021611306159431055	0.016012072458802425	0.008971159691389804	-0.014820235223361615	0.017579983653787046	-0.09393256646986879	-0.027334475946260345	0.08740819066061382	0.057210484062495744	0.064930717099314	-0.11568762791476775	-0.1585809565744722	0.008647740922554714	-0.007593571013721805	0.00854506710612723	0.08197383765535782	-0.06190834243477068	-0.057436774842129	-0.010649830943672133	0.11751495464271844	-0.12411015123939427	-0.07022568401521721	0.15859527943617377	0.008657162930117455	-0.04709285053989861	0.04906399136763212
0.05009337521868506	-0.03409846976108828	0.05849652579372708	0.08685095472116873	0.06931730422143728	0.10486021597990758	-0.043703996398972225	-0.05724443123885285	0.06975425723817594	-0.01614150882601056	0.04005587107397013	0.011021942161587094	0.008733820165019019	0.022348813338709826	-0.08247880918975363	-0.02884882819403009	0.08891314397205453	0.05017737488743252	0.0972838266682436	-0.1063450185720963	-0.13439680926692563	-0.06199202573849049	0.01904424550694237	-0.07268758715308576	0.11916410010538314	-0.07066415103472151	-0.04417130701796987	0.039794492075120314	0.16378984810866515	-0.0756807405798529	-0.04981620045728578	0.07471837228137738	0.02188284318858524	-0.04982348106624037	0.04452021588490172
0.05009383452857103	-0.037376504454374015	0.041197865415047774	0.052189819509541165	0.04859157098922791	0.10258873222008903	-0.06280277206074582	-0.057243015348721234	0.11849740689822903	0.026725908413008356	0.02709028329485322	0.02651450673561447	0.012710599830606335	0.06177075799263624	-0.05951715200856525	-0.051067524819715014	0.04308923831117362	0.037073452619251	0.1292117873815274	-0.06887225358627745	-0.1052495498486811	-0.11313797270025754	-0.017946934103294128	-0.08188218053911173	0.020294518664504088	-0.08843751432437744	0.011940205267548305	0.01879720150060664	0.20558286710173473	-0.09429509496125116	-0.001955196896314071	-0.0027461930706284138	0.05920026959089096	-0.027464364896123243	0.04358387349326723
0.048052990379261175	-0.0404463360160342	0.014773511703385317	0.006355783280646537	0.043788760583921525	0.0746427671485276	-0.11128937553797737	-0.020367435332640394	0.12671195051300738	0.015069415928683863	-0.039384231368691645	0.03557811045450961	0.07246754999840863	-0.00043080301834283436	-0.02545865255887847	-0.06109570480268377	0.009455989420242603	0.01780831720401197	0.08664722272229394	-0.050381483840663925	-0.012164019474210645	-0.10616497445244658	-0.07499204592770964	-0.03579728982542468	0.023299230172815003	0.05151604446488489	-0.04235937273589147	0.08824745054796064	0.19858553885256236	-0.053133899706643596	0.0028588098628301727	-0.0376007276327146	0.13591073161619174	0.08076093131848813	0.047491943305008825
0.04306811875651094	-0.039659848598488555	-0.0026814254905606827	-0.0015495772949240757	0.025112868024755573	0.014428248995342516	-0.1736970946937	-0.045962331321037664	0.04412270251146504	-0.02442243617129574	-0.035370141590765354	0.040235738774346295	0.021506152385941803	-0.014448834466228687	-0.0031050743116729815	-0.033447693342650166	-0.10170140724512412	0.01726325119654805	-0.060533158915739266	0.0938579390730728	-0.03586778263554345	-0.04602697071208553	-0.03814986258568867	-0.004899503187109454	0.06466504588424296	0.013105900751090475	-0.026905589025312444	-0.04168566241568319	0.026607912690079075	-0.16679160625946576	-0.08022960040027774	0.03715171589624966	-0.0003051775647095684	0.04067723048438685	-0.055152519610470366
0.04024880933825273	-0.03478292020059031	-0.007625357862891496	0.07069531010942118	-0.024938719167190003	0.015527519306335518	-0.13317083359995657	-0.01063202132303493	-0.030164849862006612	-0.12428072044918229	0.0059003234051601145	0.1298053725770578	-0.07694136196274094	-0.0013379479289835413	0.01017085358896848	-0.07387238981764828	-0.08750564581668163	0.06499627685620375	-0.14278731376586673	0.07133309459519706	-0.0006094025140807452	0.0464685684821929	-0.04251463740910912	0.006984793115087644	0.007293975892625294	0.014306210383690236	0.026808182075694294	-0.01914487861298686	-0.10187392312768842	-0.07867842893705307	-0.026236190874294952	-0.01124788673980686	0.0735813750834283	0.08405807603668827	-0.07615591338185806
0.033338476624648915	-0.04434633418593982	-0.07056684703051773	-0.02923285634242031	-0.06471035649186224	0.1587544303889818	-0.047872314718754576	0.1180902040455288	-0.0689419500871552	-0.17017073676982375	0.002845377088588278	0.12873321337869964	0.031307522991665546	0.03288849073354598	-0.047345634168423356	-0.06463401575016754	0.010422917243084771	0.09459679094382051	-0.16001052085581619	-0.035435479199044065	0.07405034133953609	-0.04258133787850814	-0.008513632050242673	0.006190546318254164	-0.015288737113997225	0.11471447443399191	0.05676379582631398	-0.08943140585920445	-0.022287365321329883	0.12333982544819763	0.018172882474864906	-0.138011602690537	-0.0503946155985371	0.1603569562507265	0.141660308987742
0.04029474087099117	-0.03932507742203797	-0.0811957745016732	-0.15354711786835326	-0.027953776638041175	0.2145449303205196	-0.04339232194211222	0.025091576414648778	-0.04650513042666944	0.06262436914039213	-0.055489782784491445	0.06953738810242723	0.08603924519614965	-0.060857408673129415	0.00634519672805326	-0.07290948435559813	0.002503892891746422	-0.07083699983265	-0.13461633860145505	0.0055624417529320305	0.049779509215557974	-0.08734540782855874	0.14082273759919772	-0.08958447728190641	0.07094482558738925	0.058991262309334894	-0.08103491370169891	0.019324875281588924	0.03921225538958427	0.037250119607381615	0.09880575812751288	-0.20587356618815553	-0.051455023122251184	-0.005036342576267637	0.04001620524754815
0.04228246429310974	-0.04104771920332272	-0.06447611175354809	-0.17123130745121767	-0.01866327901828123	0.13119500800999648	-0.028307652654796487	-0.10263083186764227	-0.0615406765945041	0.02291890990292174	-0.015807690499703177	0.028921424294406185	-0.01679272640480727	-0.08747541857615174	0.026657772123164492	-0.10398578122804368	-0.042161996648577144	-0.0986338627599714	-0.1669950955384809	-0.0438453987158512	-0.03949176013331661	0.05469441825798517	0.07848650672319374	-0.06748677360139761	0.14905712835698376	0.004321297722558862	-0.03575804305441768	0.03244144348725303	0.08048055526129487	-0.04721363160129135	0.1540727144351091	-0.1493007235956809	-0.0014892532915830523	0.05871930730294299	-0.0017877500176814373
0.03949192389289531	-0.03990951230561031	-0.07124829657330176	-0.16412121798730986	-0.03263067327313962	0.07661679723144606	-0.0032226325987583823	-0.16463520370777507	-0.11162958621426482	-0.09434867614142925	0.05638612179745778	-0.01130967073916767	-0.08333166534329535	-0.04755626490628876	-0.011387354808850577	-0.1709466850692337	-0.028646616870641232	-0.05572437535604956	-0.043159079651964714	-0.05986671496736781	-0.10768723051978077	0.07704658616847067	0.017852849582457274	-0.06349434259888272	0.1028794855919656	-0.039411707490960124	-0.026265683376324345	0.019699366524084633	0.04441471238073609	-0.05578032017812403	0.13258780661113964	0.0010027518138101266	-0.02745387507268337	0.035498495006839256	0.02510040859729364
