ICA_00	ICA_01	ICA_02	ICA_03	ICA_04	ICA_05	ICA_06	ICA_07	ICA_08	ICA_09	ICA_10	ICA_11	ICA_12	ICA_13	ICA_14	ICA_15	ICA_16	ICA_17	ICA_18	ICA_19	ICA_20	ICA_21	ICA_22	ICA_23	ICA_24	ICA_25	ICA_26
0.5787392003650699	1.0488782136466464	-0.8143614295882635	1.149533777761761	-4.6541870729221575	1.326864673898282	1.5212145116008124	-0.5986975718892279	-1.0173841942792035	1.2057248627529915	-0.9580981538243334	0.9972400338416467	-0.10215874496859062	-2.1345360212164133	0.20627819508966924	-1.3882760153387914	-0.24844577933689205	0.7436976405142965	0.331522941237674	-0.2944147961625568	-1.2612810263800556	-1.5911385120137824	1.4468641266207944	-0.5586887179802983	-1.0289840774786272	2.695292666372804	-0.3453392540416341
0.46817719915935463	0.26730741016073056	0.28779225310330103	-0.0017247077285652479	-4.442481310800478	2.3221993005106976	1.4826106666947205	-0.3461668506159813	-0.2979933452851156	1.357172434250749	1.0033321886893112	0.4810484435646745	0.08554952373092542	-1.900252375041347	-0.6575783791956162	-0.4912839275132664	1.1570603282737968	-1.7140876976367696	-0.6624619238445398	-0.35683796318725425	-1.1741268912876228	-0.867404010622646	-0.0760711055859285	-1.3794294319471334	-1.3860695547277135	2.6884089983298227	0.2927332782465234
0.45144100549081406	-0.6321386440917258	1.7859776292358172	-0.8681044462153865	-3.809931992652232	1.444453662133208	1.6610176274706971	-0.2509776531756456	-0.04455488635093912	0.33331835761816875	0.2798671172137496	-0.6605457694791363	1.088961527064357	-2.3508814064775962	-0.48881820945266263	-0.800793346541422	-0.30322094541180705	0.3230138572867636	0.03444336666705289	-0.5260882678013101	1.3816926818527477	-1.5503853983940559	-1.0044715798195436	-1.070444574060137	-0.6785542858490538	1.798441816423017	0.4730756138294592
0.26278944446098723	-0.892763544387559	1.3479268380152487	-0.21794723368631702	-3.0429468591915283	0.1700913219843974	1.8279109765479944	0.7453063967218923	-0.1264990988352099	0.8182073321627777	-0.7583267166453859	-0.1285324491879182	-0.4977529217777409	-1.8197116009735144	-0.45534865742684605	-0.935322482366839	-1.2200259799486657	0.5463476454492653	0.6837475280987995	-0.4306962721251432	2.3704489928837944	-1.0050070432841833	-1.0986424678314337	-0.6868937786203361	0.7096244023130996	1.2170896526211514	0.8343995613926933
0.22175567980187352	-0.8403520277271581	-0.35164146463519075	-1.1418264885365694	-2.6287805914533253	-1.138057898233655	1.9279295924694473	0.5556757680430399	0.1983497498273979	0.43744155063172907	-0.8584590473111893	-0.12466697073066513	-0.599824051569961	-1.478386838459041	-0.2565668199270839	-0.2531331941338247	-0.7997255028877729	1.2802204904500276	0.6766005370147281	-0.6041238071356926	2.2328178702203414	-0.2295532711783804	-1.4004615100486422	-0.4289503086884276	1.4135013075213672	1.0422936846053585	-0.6717839521738308
0.0487792773145086	-0.7323227969424957	-1.0343506801020688	-1.6337304007494413	-2.1246404711284326	-1.2122740916335768	2.013862116141402	0.4066783861989667	0.5469485780151074	-0.9648854691162223	-0.15719381947620178	-0.8331773321895005	0.10906902703755535	-0.7910479357396103	0.3933092978157008	-0.06921130768502791	-1.0550870616901913	0.7982318043738591	0.24467291757973222	-0.5452593769609513	0.7585302696636027	0.6727020072308031	-1.2260546807074555	0.2467533607632713	1.9586439571042682	0.9887849901517103	-0.641972515647434
-0.24711660028742508	-0.5088248542178339	-0.987188167723982	-0.8107963026900302	-1.8983790800849358	-0.3988130731617234	2.0308014505887697	-0.062286024689695345	0.6100009054932796	-1.8617199541351124	-0.2586580493732812	-0.32618451015318445	0.46609588414417996	-0.6416568952159646	1.4886387422769471	0.2627749436439374	-0.9587482053368168	0.3631776864668832	0.45973699318242806	-0.524151820152378	-0.5333703286480027	1.0770121341773817	-0.2940624124847403	0.6381893821427458	2.838541167710212	0.8003954477647139	-1.3654575972516734
-0.10634788195820057	0.22011152348064844	-1.2325541410837668	-0.27937514476858927	-1.627487789801989	-0.13839320936856098	1.943757790885483	0.4013480190979115	0.4603111168221089	-1.257726574507434	-0.9580693583400058	0.15419292634821022	0.7510820236280882	-0.44907209569569745	2.3828548035232697	1.122547591013217	0.17968379713318017	-0.004247545079771586	-0.016802877663090705	-0.5849168869806929	-2.718199991757429	0.906747704082044	-0.0641636803135582	0.7448120756024197	2.9600283218368912	0.7979414293072622	-1.6914566676594986
0.10408468705459337	0.9267975384537425	-0.7150820820465682	0.36224243721512156	-1.0301672133139104	-0.04332350350367267	1.997467599731477	1.1660194658139977	0.22835983782577773	-0.8393937689795906	-1.3768053143258605	0.24057622763917286	0.05312113261693542	-1.6801272669373366	1.3825646900882258	1.245030892048099	-0.2342835392891785	0.061339764661082395	-0.7996610446740264	-0.7003686783592336	-2.7057600289557815	0.7127752544250445	0.17564812882442668	1.4736545917744486	1.9697628972680554	-0.09458161201337906	-0.8182454422117414
-0.1818014393459104	1.0555377593112913	-0.8807027226345506	0.9058901978168542	-0.6353667699617446	-0.29886037182593167	1.9042144356325523	0.6717507427081358	0.06167727230287694	-0.016768589514643925	-1.3678237318979694	-0.03317530551985464	-0.5285407990811669	-1.0638691935413813	0.04403564468796491	1.6335980133625272	-1.0597645540850682	-1.0548575083960734	1.5055608404479528	-0.6943110090993477	-2.4298126933103683	0.7634401361361006	-0.11758822596824849	1.364609401321982	0.564698482220502	-0.2114170600076273	-0.5110075526633282
0.05614820400567777	0.8376118512944349	-0.3625549315151992	1.703864738576001	-0.33656572489729	-1.2396862058353504	1.8508653619312248	0.05746427744122758	-0.12418394043042519	-0.13519513926927545	1.307682068118027	-0.6465831364008547	-1.055394328886195	-0.07742192498298715	-0.5186328716473071	2.5012194615458117	-1.04328637896227	-0.9147302681205883	0.7033760850443342	-0.5391660816082438	-0.4166472758817992	1.2381940470138006	-0.11409403312621151	1.4691810139584018	0.3051069603615799	0.00650158918344079	1.5267310219305184
-0.09563657601067821	0.6312492920952736	-0.16573560628675194	1.4714575411502318	0.04419648697496343	-1.7060642708776743	1.7857577035529173	-0.31955213308907543	0.2840231352090347	0.5568665283336541	0.6844509412661155	-1.1569948448724934	-0.5988076992663772	0.16836304700367297	-0.4251137037093452	2.0672366922760452	-0.38185008050968944	0.06034748212568185	0.28719562333564264	-0.5266360262556974	1.7604759384921225	1.1057524852581626	0.7261188536023868	1.6436912907860588	-0.8173053689442675	-0.2575145200791013	-0.31710779492147756
-0.39196327028807126	0.21175191728492593	-0.3798999651828772	-0.3056475544222114	0.29822094296128693	-1.0838318054143996	1.7530936198041476	-0.9618161403273198	0.6240434489513208	0.6258628100683296	-1.0480298580409564	-0.882789701890443	1.3629485469222196	0.2473916732384681	0.05942048194285831	1.7751206985986416	0.8240859767803038	0.060962905629078884	0.9993349232372732	-0.680396924655649	0.16021665088460682	0.12723142541561952	-0.5415994518816332	0.24750353542943343	-1.9268504845412593	-1.0019120255386993	-1.4414871154960098
-0.011908333663180008	0.42380526246818356	-0.045530450182226206	-0.28477335330510933	0.4344609908734602	0.23634479175220802	1.6686746768471115	0.11539873343869682	0.43554086733744474	-1.3772630125801661	-0.6289774839514849	0.4264168506052675	1.8509923282181902	-0.13967971804639895	1.2052777983011131	1.2819110353955843	0.7991224130710286	0.020683365481707575	0.0643355350872437	-1.1632272498766492	-0.7255245131949708	-0.49436210038797496	-0.8721382560576293	-0.7915843975005824	-2.498117130551129	-1.5580756317769726	0.021550254663342126
-0.07337879873412602	0.5742938222694534	-0.06014962547226643	1.7222524382194178	0.6249987816020751	1.417994965247416	1.702670148385177	0.005845515262938821	-0.08830478397165559	-0.8111550430701112	-0.7148316295941102	1.0961377786180437	-0.16881937639790054	-1.0433277638110174	0.8065021076380948	-0.13593915406257803	-1.2589364902091986	-0.2008380374193697	-0.693025973827226	-1.1256859213245376	-0.17737130897759557	0.1493435957922467	1.3952657264489539	-0.5679627540323722	-2.360948312261774	-2.1347676786656207	1.544674368342209
-0.35806665564716994	-0.6285130467459932	-0.6119756368700983	1.2916669098299651	0.8259478295005783	-0.23331227854052142	1.5980094066129968	-0.8343845648300664	-0.2939349057156601	1.9355857857498993	0.12078386314553805	0.61006448566571	-0.9302785204028049	-0.20372254784581703	-0.5172182540847279	0.11984006703039995	-1.351491820340817	-0.55652324123272	1.0788627329225453	-0.7472268616839197	0.7733741566218134	0.34719239279984854	2.1421471702874664	-0.2473540988328753	-2.652919307700809	-1.896547159899455	1.269590822741998
-0.3511590932472998	-1.1092621296593008	-0.0864183286499681	-0.4335870985563165	0.8290950214796428	-1.7023575134877353	1.5492872574225247	-1.7143235687038538	-0.2586391974399179	1.7151975289020849	0.9185088830340167	0.41083192267775454	-0.9855325260587853	0.646876482380374	-0.5602586682797119	0.8228660002507427	-0.4875448472545225	-0.6617550134225576	1.0798471521009463	-0.6869239592213225	-0.09261501622231666	-0.37182940549332777	0.17261311906278978	-0.46744218684969524	-2.4767772242408856	-1.8109487432217293	0.3614327236048679
-0.3829449952599614	-0.960550938440465	0.6039126524866867	0.17527082490953583	0.9927825842297063	-0.845733705294885	1.504859501316761	-1.0075199256082734	-0.35490847723295504	-0.3963872127543823	1.7020137362848908	0.19332538870085678	-0.8167257028706888	0.6044669281263131	-0.20343156749773197	1.1996356059138304	1.2229485159810682	-0.47282906234661254	-0.32563651448166137	-0.9703093497976196	-0.37706259511659806	-0.35789058447477506	-1.2415170244731146	-0.04733785746950862	-1.9705669324204687	-1.9524540656722211	-0.1961018598738414
-0.4051181603652262	-0.6948252296738713	1.3036546342449329	0.5476276764670078	1.1913215417928977	0.7172360663122896	1.5208408715820598	0.16329536982143836	0.09653785605822097	-0.22057711872387123	2.0065681195828953	0.34504667825370605	-1.2145584122826478	-0.48672291609607515	-0.615711465898163	0.1721749587105377	1.080997708682519	0.7456156213229462	-2.754322900531779	-0.5574822926266989	0.96690662540348	-0.5236876912509217	-0.9802265295704065	0.5533094439252876	-0.9473598528356927	-1.8472377866036434	0.16178171672334515
-0.6206200065133534	-1.1202334151809858	1.0516680788507804	0.08008520074861065	1.2354540446881581	0.584361770913614	1.4893672726739087	-0.8113484726497044	0.6538756600525251	0.7197929351695815	0.9123767049253353	0.12447876806431814	-1.0611645579553464	-1.1960297404345783	-1.3554607334362196	-1.8568538912067023	-0.21142143582860923	0.978865356098804	-0.09695209598742145	-0.5631307445616842	0.6276786570100952	-1.0807084502560906	-1.3944250574757757	0.7428236233712419	-0.43157952471808203	-2.4786238245000947	-0.02079070152169973
-0.4818707846249247	-0.9544918848409699	0.8225470713748891	0.13477027655984594	1.3332527873191307	0.5087732694212944	1.4217784072419752	-1.214252080924214	0.624301249219358	-0.3737910375834335	1.518300076408341	0.38921456138972355	-1.037557742395647	0.509587273824714	-0.9617794275157869	-1.3254058841968515	-1.0072726671501833	0.6771176537460789	-0.48858936493050054	-0.6417203082194818	-0.6022915333137551	-1.0206679505850127	-1.679810013097523	1.4106935410271888	-0.3061518097589573	-2.0399308051732965	-0.43514519443270694
-0.3677404125144247	0.33842097710570007	0.7061544547063443	0.6407918700381318	1.2597414222244985	0.7995539375510603	1.4338430138180116	-0.5289432625660794	0.5367749204123508	-0.10769616879412361	1.0383020287822133	0.6566358786605536	-0.31971997873489405	0.5730283091885862	0.4866254315443432	-1.8248119885351985	-0.30576576542262923	0.2998622366679969	0.21946254163114723	-0.8314703776538144	-0.09369278142077149	-0.4821479846762147	-1.123118289165412	0.7283169918020832	-0.3503561191020227	-2.1059385407397353	-1.591115350718574
-0.25364868238383903	1.2086685603941834	-0.13667641221214258	0.29610849441352727	1.3202118557850107	1.0386896096403446	1.4099643259652155	-0.2714924381775823	0.38779608088685924	0.8210285040249372	0.2580977852042706	1.2078815561764986	0.5026722199453637	0.11219713848740266	0.9196637095917168	-1.5355564582202568	1.2665403217266495	0.6213045341299687	-0.7610973646276767	-0.997576889498521	-0.28539259018963264	-0.9836761797775118	-1.3855426043658834	-0.30161233323093145	-0.4086809876185467	-2.141509959568225	-0.6444803911097415
-0.44198528387502	1.1569467980711825	-0.28596467963045824	0.1293752424177412	1.3071693625995942	0.3652305093143158	1.490947116492825	-0.08553170156620622	0.5248617977724584	0.1544786705192236	-0.4751580889019922	0.3865394845678531	-0.03633706577503849	-1.01057582896773	0.05885390923475038	-2.1965048189973686	-0.2899814356630156	0.5883884512882018	0.2212743610385319	-0.835762329679553	-1.3763689795764302	-1.2498339038953417	-1.1192434225079266	-0.22641514016554792	-0.08123556225101948	-2.615211055406669	0.31331373485857983
-0.38182991971156677	1.3107465673825576	-0.7417750567571474	1.5510321495326496	1.4821911129156413	1.1205125226777601	1.4376078656353561	-0.12355721264579561	0.41095411242886815	-0.07012721745672611	0.8119716365742169	-1.3485451229976344	-0.006149831463371882	-1.0467206757075405	-0.9260793636681093	-0.7495842698571992	-0.8884135241669997	0.8619734940129166	-0.7887239429405721	0.15968336635894637	-0.11436860723541681	-0.1823792383129598	-0.6514817670546921	-0.19424175156459433	0.9843408891986791	-0.5263886089906918	2.1281398381454384
-0.5928317324424194	1.6033304029841133	-0.29728557715054066	0.06159980255083435	1.557307672566297	0.9055491205754294	1.3638002404223248	-0.5662220882859414	0.6189830324223191	1.2185310662785596	0.298037783621807	-1.5871146936607474	1.490685806015612	-0.47699992352334475	-0.7280922489917865	-1.5712000549462228	-0.3841741624055117	0.44753262978893327	-1.0271177229675723	0.1653783751604343	2.8019118897929958	0.6501973391537411	0.3708409234966487	-1.4497074461382524	0.3745670739399718	-0.43135864959071046	1.9653790306339176
-0.594487348130596	0.861940986330576	-0.3219973506729979	-1.470975421618704	1.624131761448075	0.3382218404926564	1.361161853572823	-0.5011752139927355	0.6896427557171776	0.3394956336624493	-0.7262201031513031	-1.3897237491278158	2.142141178437675	-0.25949579757480784	-1.1363015629250024	-1.9376921403251504	0.038566794540815144	-0.5233246124803685	-1.0981643832830363	0.07618572698953914	2.688041376512222	0.6678053470164343	0.5237370921518507	-1.607686338982423	0.23656404355883653	-0.752328075962272	1.479944964416565
-0.5172746518310494	-0.21207870223483669	-0.43372409211696955	-1.045151970164423	1.5693647373846773	-0.15713203144465251	1.4673226261715357	0.0316555718690644	0.8274285956211372	-0.9406370133936639	0.051708148418902325	-1.6612738264276263	1.937268617546043	-0.5378805532734329	-1.0048470806830851	-1.7733546891867762	1.0159491635174913	0.22875861344356777	0.09583588500334482	0.40452836277424714	0.7826853121696808	0.15603196756213586	1.409533270461355	-1.043489201092575	0.6128835921756554	-0.9498486338822154	0.965081866985479
-0.5698894589774691	-0.9177243435063202	-0.48971784090454157	-0.09653055777959464	1.4905949208585765	-0.8543809539652297	1.563101271231029	0.31852722189378785	0.8477527698796524	-0.6679667147612094	-0.06823963771226915	-1.766820546951498	1.19009120797129	-1.499023571156326	-0.44652148508821543	-0.25485138509272276	-0.180217227919108	1.08889826673796	0.4486532282337515	0.8482390679796712	-0.17957539000722383	-0.5185397815732475	1.7706862066766522	-0.34250674187215985	1.0298412136627448	-0.8668538135235452	-0.020001867851004242
-0.6404677132848612	-0.6411382746849533	-0.21233133501788876	-1.0035323943224512	1.6445879874325882	-0.9678158082735027	1.4857664640901806	-0.365305112477713	0.7014730270858996	-0.2302936729527398	-0.12129295505590497	-1.8236037331657284	0.3776588202260718	-0.7838801813191622	-0.639981078141454	1.0651656918129109	-0.9447953456801973	0.776375692716363	-1.2895082540158003	1.0459365925188107	0.3409034330324444	-0.7225258617823631	1.1299642225920081	0.3097306896588215	1.0448797270902945	-0.47354354180113206	-0.3996973669021895
-0.559792236578453	-1.2476755971355267	-0.24598414039806588	-1.3271428701424928	1.5855109037844506	0.12145486494661498	1.4815471603489854	-0.49432634756145516	0.544214384958534	-0.706548530896161	0.12687564254925712	-1.333324853260133	-0.9698482522856208	-0.06302068664541799	-1.6475390922839104	0.17461996540578936	-1.3637786085435009	-0.07493179153807011	-1.519033791098783	1.2039980330427766	0.09626660431577969	-0.14976345479354983	1.3878894000288622	0.5475274840100904	1.5936423560935389	-0.3010788592320518	-0.6237291701606305
-0.4340390812534719	-0.8826423952232622	-0.45453162518812434	-0.3936229130599464	1.5853128855613685	-0.4092472492549025	1.478730352156883	-0.6457710482252165	0.3625424286035301	-0.7496415812565821	0.21464767586055367	-0.8018281227226471	-1.7943336714517195	0.4195837488092516	-0.5432345363173985	-0.2065670435229708	-1.0291543836866404	-0.770286227985125	1.3647231727886222	1.5035363646714601	-0.27930214352331134	-0.28202265062619847	1.850314575107127	0.16868737981412413	1.9408220646448766	0.047046686408276264	-1.4218608579463008
-0.3682757039257499	0.1575638076508286	-0.050627955319661556	-0.8431954873598282	1.6939414972509117	-0.45622399456371027	1.411338996599498	0.04412094851219685	0.08183588602384051	-0.005707021375766466	0.1700866979193422	0.7656879737152518	-1.432657386880321	0.15212986037507653	0.8100659783250954	0.18131905849284102	1.2970981251608922	-0.8008637871356827	1.2486728570190655	1.7307100815837066	-1.7427390957657323	-0.6288930229771843	0.9766174801762006	-0.7545982019352979	1.999262407720473	0.06375381782984861	-0.9810387208435282
0.12798063252098127	0.3839884722613938	0.7980268544039886	-0.9371359995775547	1.6316969601541864	0.04667664425407983	1.4777200914873907	0.3203260411869931	-0.6127773386504911	-0.49911227598642177	0.07830773776165972	1.9614658815364119	-1.1411640476104592	-0.19229544404678575	1.328540133542833	0.33843168401644197	0.932485398912746	-1.6524738414382896	1.289686553054717	2.2163042016776178	-2.4735098393433423	-0.8778559946440725	0.999317531464778	-0.9819656292089749	2.328253885705821	0.034671114825579705	0.06460053832437657
0.05458642509975283	0.53926292512483	1.213080872675747	0.4451338816877652	1.6495987085093275	0.1420655575249732	1.475402343076856	0.8115872288635576	-1.5402752142326201	0.8050795712830517	0.6266835627890341	2.725002701629779	-0.11334768012219795	-1.0414780596233475	1.2542703209119128	1.2303571584616328	0.6807391775666934	-1.7531538988724868	0.8929400281073167	2.224556054184131	-1.1148729772891124	-0.9534067892377796	0.41572106427573596	-1.108568567436218	2.198831632245222	0.16400241928012232	0.41182755771317775
0.08349142923893872	1.2367976376539571	0.9702551157632252	-0.1692054961049663	1.5911508625446982	-1.2796737449552131	1.4440895171464505	-0.8627308776600987	-2.131820407666952	1.507750611428618	0.0367549470375562	2.0281984112412235	0.724349867247313	-1.769345413896759	-0.26329455935244017	1.8525019761282082	0.10570867888122851	-0.2951846074896015	-0.36574209074006514	2.2507325681674515	0.3796025646576816	-0.8258150823506107	1.0976715127249084	-0.14396989308108002	2.0666252246915393	0.4738621733254574	0.5251890624756012
0.3018294522940531	2.040306940864342	1.2103481725057723	-0.18655914876158655	1.6046342862745688	-0.2951881070389683	1.132827572859235	-0.3277124024879245	-1.282572194826814	0.41316336784227964	-1.3777883793478316	0.7395791741655916	-0.11835403057449415	0.2803986700429359	-0.4524154042618443	0.7883348731796945	-0.15543457107617273	1.7878653679970378	-1.5007821329152466	1.8559257881520634	2.155349325766606	-1.1257583279317267	1.6254678944675192	-0.4570013142830006	1.2670200983617366	1.0980466930043984	-0.4800814484848896
0.09651270211404134	1.1393777316714493	1.3250516466767805	1.7710953870327142	1.609786862152286	0.20882843416580177	1.1902305380024174	0.29128149423002175	-0.13747812853935798	1.0143462432307435	-1.6032597838570382	0.6781671795229288	0.21905919556045791	0.029112357399521307	-0.36955574778122935	-1.2282112381052603	1.5318561816370355	-1.0051538973551353	-0.8252205697670083	1.5807364795120822	1.6464157205098773	0.4805822995942572	1.0237933258202487	-0.32184660039011753	-0.2965607881611195	0.9909808077537124	-2.766249772162584
0.20036587105032802	-0.7510714004334254	-1.1810204845010206	0.28417051961064244	1.4901592259103347	-1.0068875536013675	1.3344655338770708	0.9172397576677479	0.32346184499626024	2.0839660189146363	-1.3885142218358222	0.006303937044690288	1.4280039085343867	-0.7426279870083677	-0.3761959362012539	-1.1289169657073	0.9449787239803958	-0.8745305247575426	-0.7465488566561218	1.8051304549305065	0.1976756404644269	-0.46307965260901157	-0.6985223468434436	0.9915854079765916	-0.8080328208664663	1.5652020670338564	-1.8517783267786427
0.1379612795772238	-0.8957029489759912	-1.82972430970448	-1.4434347207176372	1.43866070691592	-0.9375453957500512	1.272108060440047	0.10464269446068085	0.6413533465837007	-0.469637232027399	-1.5546677874364985	-0.34374033558817985	1.8843944012504623	-0.6289106880116738	-0.4763690373812107	-1.3187261695222248	-0.5864756568349916	-0.37922606344552834	-0.4642671760796053	1.8239407729871921	0.5688711350200006	-1.3112782117466955	-0.766420584320953	1.2112856927869815	-1.5589387270599466	1.9708587707347207	-0.30921709242422957
0.01317978179546054	-0.8375996804899187	-0.969032834851198	1.642018892805115	1.4526261488425036	0.4977664289744843	1.1719400117625127	-0.706785714661648	-0.29786625277942963	-1.8529911659054987	-0.7883448067046898	-0.3256278127795364	-0.5244950655651869	0.570498056708023	-0.42728691020915316	-0.7153873203411906	-1.6114325428711818	0.29118889552701643	1.1005819823504357	1.7401861373791885	-0.7695627249494584	-0.797946654944198	-0.09768792270043357	1.4364704553356686	-1.1131505998505773	1.8426846107090125	1.1409385391202258
-0.03537438926637083	-1.020155960615421	-1.080247384223445	3.1108314155410994	1.3453627526067928	0.8504722927709495	1.1205343413780327	-1.162782263920572	-1.3219389456386126	1.2027179919238258	-0.296219740085089	-0.4696794339178914	-0.06062868271190798	0.9335630483823594	0.18520980730537467	0.484265240038817	-0.4541765703098084	-0.06353220336670273	-0.10022809322648954	1.6963790288092198	1.2911527738972317	-0.1473345110599836	-0.15252981262349444	1.058760915267671	-1.3236494918208501	2.1618751078348897	-0.697620951806867
0.13741679811806676	-0.5690896084952419	-1.8052580078972815	0.23985448747519644	1.3657361534185928	-0.5206665019947108	1.1305415181462863	-0.7605997726034406	-1.1694629680259023	1.5342676050646957	0.21497152219359444	-0.9350161932884801	-0.0994335683955991	0.9603155637585779	-0.028743671764296923	-0.25021552799126273	1.5705766089677544	-0.8496887126656305	-2.511863281445421	1.2009280886880838	1.446930081291566	-0.47265173800639715	-1.853141332684728	0.68184005733736	-1.9588962986666913	2.707464036909815	-1.131126774162487
0.27018122986443244	0.17437675996179022	-1.3179172126688818	0.149828255292113	1.2065574584604095	-0.9183714618988223	1.2395948749631152	-0.05346894362698627	-0.6389792708043401	-1.536910687205514	0.3412963610218605	-1.1766707444032145	-1.1908173499209198	0.3420853472333718	-0.5204354509072684	-2.003639562728715	1.1453342498838017	-1.0322518686597746	-0.42612577721837425	0.9598593418333032	0.006416699517424351	-0.36908458258251425	-1.4337180332245383	-0.8822808122319424	-1.381777523189295	2.5831363879371305	0.41469727553234476
0.00037877205240752617	0.781481738534998	-0.30890148117836924	1.0257534296103195	1.1937482335556109	-0.4174068113644973	1.1723336884357634	-0.17940361417137823	0.05189550736392529	-1.8392236308645038	0.5252511338156068	-0.4773837599649914	-1.762559003505613	-0.04356386521644531	1.2409575898265692	-0.7574145820670308	0.509547564925791	0.8341882411180354	0.7354482181680615	1.0146490586891912	-0.5132104724855102	-0.05669333217467156	-0.8694942039448245	-1.0542313537836367	-1.6926560243370097	2.7478309451900964	0.18473854685512156
-0.10562505602746314	1.4231215694397772	-0.09210136288696717	-0.1499844875587712	1.1670285933977007	0.7615702824518463	1.2203766876843654	0.6772847579513104	0.5841086325303909	-0.7162985956594042	-0.08298225852083224	-0.10415678615345851	-1.3688652000027917	-0.1359168563437134	2.129815410367911	-0.28421929957482883	0.2667232230200605	1.1809005813049025	-0.7636829588607934	0.7482924232707491	-1.2525988515293196	-0.15915161663786448	-0.6990600918114286	-1.2795870092033472	-1.6023962123939335	2.2903500628385127	0.04533987164419797
-0.6986286917623441	1.7962390628736562	0.26765457643299795	-0.26951955411688777	1.088159386810524	1.0296568886327615	1.189865128242481	0.8739605641656031	0.8027497540294746	-0.883813323715035	-0.7446000999667199	0.14581582980702323	-0.7441760795583804	-0.16845363994784288	1.64164552034263	-0.7352522441898753	-0.9077324226877863	1.1765390111348197	0.2861214741617583	0.06963650250269085	-1.6474348488365582	0.8179515699324228	0.0003730393079694623	-1.221373449135526	-1.7543252418953716	1.895216685499295	0.49495969921903116
-0.734905211401943	1.4181876571879142	0.9891725510761971	-0.9123403708200757	1.0552399593778807	1.0517023989157213	1.0843608119267014	0.4581093994834296	0.7147998427491102	0.14889389663349675	-0.16878638777587399	1.0456366213313277	-0.41100752871954804	0.963527257274109	0.6618822329212867	0.0003935989421150041	-1.0106618486022452	0.892249073815616	-0.17510147595101316	-0.016680482204279912	-1.0641050031580963	0.6819012190136489	0.5257543889632503	-0.7961265486438258	-2.398924181216411	2.05528829899023	0.6883839417367646
-0.5057415795928092	0.7350063299847203	1.2208468600663172	-1.4083932423399057	0.885449093012998	1.698154867290469	1.1118587110699236	-0.2595452773990668	0.46207308084345255	0.5265949964072639	0.31460359623992934	1.4391048894424165	-0.9908758163945758	1.2447990034826788	-1.110524912254475	-0.48212374258467466	-0.7516733065482677	-0.007611426253043091	-1.1478857805572023	-0.6612336148933916	0.15306830953765463	1.203574046892048	0.9036894771591194	0.4731555194136129	-1.664121370053451	1.8565321194159703	-0.5068011971833916
-0.6270756755147814	0.08468659507857997	0.7834549584076371	-0.567619495284584	0.7510945663331815	1.2590084581089267	1.0785879463505872	-0.7247804204861956	0.5234273442149937	0.5574002393282516	0.3608181236698749	0.7908052651284422	-1.330956002001911	1.3582138822635503	-1.4051355671283512	-0.5597148061599763	-0.21431363960244498	0.486041931496639	0.7173980750375324	-0.9933245769784945	-0.2850316252060722	0.42664869899928454	0.2457082862746531	0.9626647568059284	-0.9652097115665834	2.1165426423996707	-1.200511116996271
-0.3767514852556922	-1.273103950273458	0.7663289676032492	-0.9370132715545109	0.7123190535407666	0.37259515624318496	0.986014345480746	-0.5548712544441352	0.8258695439201774	0.2796512709088008	-0.08350478931620647	0.8957770995906729	-0.7442870264807663	1.3260497186115885	0.04785909466125574	-0.00667839095697987	0.6946377234526533	1.2351016097562946	1.2176782536257327	-1.1011966459969542	-1.0984927952597212	0.11468083633531911	-0.4523334202238614	1.530355976406727	-0.6509846354070471	2.1450080664858575	-0.6703558951654286
-0.33381905390163835	-1.3366466178463718	1.0406504857096583	-1.0681876405200759	0.6234778175885647	-0.2090580640737303	0.9529600176207057	0.070396899876067	1.0423338983528936	-0.5415436054339802	-0.7116478372992243	1.6034077766078607	1.0206410616416632	0.9541341954585674	0.7444897972406482	0.26880605875503677	0.9871796838961102	0.8129850634459437	1.004794966414449	-1.321012841252694	-1.2473830726829271	0.19429249349693128	-0.012671382222104963	1.3884554236928355	-0.7453567547831443	1.6821873260506248	0.38794842440981664
-0.1075409916976554	-0.9741492897851076	1.6025772342364653	-0.953187298028878	0.5434261873430439	-0.4154367587022878	0.9566036944619251	0.6363961940584043	0.8445305858250189	-0.19537520211807877	-0.12959451527141247	2.062521651491579	1.4387751460250953	0.49612090213914783	1.0392645817174713	0.3054172154478402	0.270314539447928	-0.44419793240683747	1.2939039632918716	-1.55400694819643	-0.7516859378860701	0.2832834929479211	0.6880598402929787	1.6531627735134007	-0.38678493658701774	1.2726353453549195	0.9212693080350189
-0.06755352169848078	-1.1335266275795628	2.216762605076971	-0.8585606550019174	0.49340196492124666	-0.8427755056627064	1.0795601096622058	0.3315807631093948	0.4329149570172419	0.26438224694422013	-0.4608712633363004	2.386200009313259	0.7333718525770231	0.18350564723719243	0.36547887789647937	0.7488239957433739	-0.8058872672692596	-1.412572757485617	0.830161796786716	-1.6830279533133254	0.12450914531023909	0.16853909465083586	0.7028480696329353	1.5191209253725042	-0.6766935172709465	1.2793250085519259	0.7544317410316569
-0.026125773162653004	-0.9320325262699125	1.8299144985335964	0.058523991068176545	0.36122268111830846	0.6445115218028992	1.018092916462051	-0.3453661182285178	0.35433352395648	0.07003619016579965	-0.7100298908797655	1.8634831043622795	-0.02049326653948479	0.9606158117259535	-0.5410664900337848	1.1061904217656255	-0.7211751005426495	-1.3891320200082322	-1.1066327786524863	-2.1743611383650756	0.1287196136113084	0.14365114182425853	-0.02672329526621136	0.916700973305283	0.2199264443122619	1.1115951668145514	0.20518783264272028
0.05546361468599763	0.2534179960259308	1.5899153622248123	0.46950141168713	0.3721945724702284	0.71384356148912	0.9377125935223116	-0.5913436294036338	0.6259815355843055	0.2860240786677734	-1.3309138814018306	1.2436605180828277	0.8583496058419368	1.2574974174768059	-0.9191653306245537	-0.5317684247005001	-0.2420285387599961	-1.6794630304107636	-1.5012957909090778	-2.132070484410392	0.8699621057425737	1.1746306050539337	0.9349232079189159	0.7378877435980913	0.38078280517180546	1.065683381039781	0.4440583210811481
0.07167099453013503	-0.4087587972836705	1.781947938045491	1.279172161132884	0.333266643223865	-0.020433729537749346	0.9240445851933959	-1.1045022271345901	0.8943509395766192	0.6788600706664846	-0.15619136779352855	0.14733885751575762	1.3790055302100352	1.205737552178193	-1.1787285240390803	-1.2573165531121566	1.7550159068127194	-0.00893851342044598	-1.046472148568683	-1.856758314691368	0.027466122487726927	0.42467921611362597	0.8930221462296086	1.7780858235264299	0.9238779618323086	1.2374830399521506	-0.40204363311344815
-0.006634568351082295	0.18608211213045614	0.07806012903976178	0.7440427868451535	0.16258798228666152	-1.2174707670824816	0.8550825140845745	0.0991890378554387	0.955240282968067	1.616304745301433	-0.3479085138741164	-0.4437696739352963	1.233498607120064	0.8619643368375118	-0.4582695049392649	-1.2222429022237025	1.7531102030973078	-0.013704691510896093	0.45184651043885626	-2.154649299315882	-0.5715317942102064	-0.38470621845507474	0.3540447837368181	1.0816418604108533	1.55166926744119	0.9388652814593217	-0.2961396667075363
0.06192308789106301	1.2396299729814273	-0.42436740380528787	0.020012355776575938	0.008778344839356142	-2.241896854813588	0.7468764796242975	0.6577456605028252	0.7703676307126403	0.14238687430138514	0.30557745909549	-0.008880520787505907	1.2354662562005627	0.6350388392218187	-0.011242842686132404	-0.8324594187913515	0.5492013170873291	-0.9523641579472946	1.0343518587295595	-1.8539269102613662	-1.2529927926452167	-0.4451052751345027	-0.23315744428534557	-1.0837544476688872	1.0943295759306622	0.4821588927788538	1.6836192194718003
-0.07752568813958804	1.8582649349366824	0.36567152650881934	0.7907207836259496	-0.18813237951428463	-1.4809759784609373	0.646390718666746	0.6861045305750372	0.8723528663487148	-0.9409039537183521	1.5415435333807168	0.8146965456935016	1.6965314534675258	0.0008553735100915756	0.5558753508466979	-0.020653658834127838	-0.3156470486045834	0.26611970832117626	1.403744514265179	-1.2618212913728726	0.028888863116403665	0.24024340624730434	0.5085288332168669	-1.4472204965540652	1.0620138788851676	0.05853259690872322	2.1984599078875195
-0.33868655708801526	2.5221544087857324	0.5838474563730925	0.10549681901894449	-0.29779174657788393	-0.8835151018683037	0.5057332038090457	0.20899276522514343	1.0928880515605601	0.9049463462042197	2.1067558621687255	0.49329137613316076	1.4306366153207581	0.4875314385570905	1.4711425809328649	0.7906024098983215	-0.6001825979027477	1.1851691061509482	0.3570160546991674	-1.0029308914302837	-0.14616805731024218	0.1172320239026304	0.853711905510328	-1.208069518552809	0.9006757701370479	-0.18394117245485783	0.3149768702985277
-0.18066783438255307	1.9258587037020871	0.4404164183281925	-0.843716226513434	-0.41058150979151203	-0.850495008868527	0.6820762727036694	-0.942006970020442	1.0028485197945178	1.0605245253636313	0.6380841528811092	0.022460030552861773	0.5223902075444125	1.0168205724913388	0.08001761231527624	1.4488147898789245	-0.9622408929821721	1.4007209210274219	-0.4410411952160799	-1.8386339013790747	-0.5791044524568773	-0.48491295498643766	0.5789436349008216	-1.9832998226433662	0.8336560794699946	-0.31986566472939615	-0.2832943444507944
-0.032444361833739756	0.6709117120890111	-0.09386028821353037	-0.043331554056197284	-0.4561235031303303	0.0006160788749937819	0.5477396871920673	-0.6508842687197907	0.1014583631342164	0.052929221562259696	0.5275926717784108	0.6047362219190862	-0.8879359281620186	2.0651386381024364	-0.7358877261537761	1.3706543523697219	-0.8390796166808338	0.10291894781688962	-0.9655031096000969	-1.620207618264244	-0.30899633250359543	-0.23962578129461673	0.5514112799415652	-1.5927834362326223	1.4176684190339217	-0.059102802664756274	-0.048146519039216226
-0.01416565962478034	1.0549399016351566	0.09039516574648371	0.30538365080757834	-0.7000820842181642	1.747232834924416	0.4096609673509195	-0.592799521475741	-0.9649677141064388	0.385517559011045	2.1422931663506883	-0.09623665374170347	-0.4487888528736751	1.910678778271058	-0.0542796294637814	0.10215363397399044	0.7146373707899145	-1.0546297762778767	-0.6791083154618577	-1.1868888837932516	1.2796848449163436	0.4467597795946168	0.6715208056934905	-0.41421208317501784	1.678679907798982	-0.6179855814344762	-1.6804246519588257
-0.38846533799020466	0.1386217877107117	-0.4351339258225009	0.13058889984431146	-0.9003303347039128	0.8378371286599738	0.381037681102107	-3.094559915312823	-1.2463686853989138	1.4415149533377394	0.11898318650395033	-0.838194319749922	-0.4146915565673208	1.7121440188721306	1.3404108871155729	0.5092949801758403	1.1447866703141625	-0.8211898824719893	1.1947191143965519	-1.128900174088165	1.581247639150221	-0.5034223212321149	-0.6873143551036854	-0.4829080956053032	0.8431849801055606	-0.4344707418994139	-1.8421196567928304
-0.8560842702369734	-0.889635471339734	-0.5081177184186645	-0.29195710140127523	-1.7003254279074485	-0.45936253189963	0.27564623391996695	-0.6261554602533725	-1.6136459568196528	-0.15123753937219175	-1.8827120218968232	-0.35693456986705924	0.547017755854195	2.5741670158377934	1.5726405574624425	0.7708540754178675	0.3845357035903269	-0.21759309423189618	-0.901823995765585	-1.1363341805361429	1.3158195691982701	-5.429640906587919	-0.9585052417818737	-0.8678184335318903	0.2432114587676614	-0.9403547285319988	0.7217826286105243
-1.7186672760613266	-1.2636860829390968	0.04104657484552788	2.8089913447416373	-1.9540374075490339	-0.2655716018301354	0.2194773758810469	0.7668941464693557	-0.2949995852190114	-1.4673873875475494	-1.162108449149827	-0.15054038080894508	-1.0502292794317982	0.37497783357515424	-0.002594213074374298	-0.6982366752237815	1.1390818817515471	1.18282958342153	-1.0606862287503356	-0.4508049739047527	2.181974641091003	-0.6381568285427532	0.10002113500060626	-0.11197765166702309	-0.4745338867268043	-1.2834151054655862	0.10942112261949671
-1.8109230280552637	-0.5308162471230238	-0.8910091663153873	2.463550428952575	-1.5837822895472256	-1.7480679065590468	-0.060858001774052185	1.0764334735719792	0.5993937753542743	0.5575678321056922	-0.053079718651769504	-0.3995016845538151	-0.1842214298286968	0.04783282618737202	1.233641772301507	-0.774453364640559	0.05068419584367847	-0.7756900021517186	0.06403006602997584	0.917378290841731	-0.5968071475658658	-0.03413369063451725	-0.819751933844633	0.3368437977948393	-1.050765960247105	-0.9528055059462444	-0.4247884260975129
-1.6542984303562187	-0.21853315404033374	-1.2307318880714457	-0.2530991379403757	-1.3772738307869419	-0.9504983637609048	0.0007700009780583619	0.46398107296993146	0.744369233183274	0.30745993030647456	0.7228254795934486	-0.19190334845592566	0.18599515117008053	1.476734860736569	1.3628558875315733	-0.5556583453003705	-1.0139337037977045	-1.2304601786986002	-2.455328448183878	0.9557049259110172	-0.7069541707379604	0.6052652629652309	-0.8839687660807252	0.2157877201890869	-1.084150923905032	-0.6163432862498183	0.22378690008733418
-1.6329006175597245	-0.5306447375653282	-1.107502348934808	-0.1503284534909311	-1.1583678062362743	-0.39821856000707834	-0.09790387099914893	-0.260707793280735	0.9239543906488028	-0.9374358100373694	0.8428734179604006	-0.12096633620436752	0.4116166455771658	1.678313408544428	-0.10831626136809261	-1.353132721777614	-0.6578087734322694	-1.678084100323272	0.2933825057162694	1.2025150335145551	-0.3364394685390219	1.0261723964214071	-0.2671575377303975	-0.20160886453824553	-0.6343300955844406	-0.5948152539739946	0.09525512415540265
-1.6372026398465904	0.31304245882930953	-1.0523285305037655	0.7336157818370185	-1.0808033808609119	-0.28242239540031727	-0.2077911773634069	-0.4738407467658794	0.5830582302237894	-0.5009628694820532	1.2546584247169432	-0.3065084105885797	-0.6511767249569179	1.6391846367302887	0.9369009800008691	0.5377830913008249	0.9533044698947313	-0.818427787511044	1.5499898893350634	1.2511503955692702	-0.5893154654198053	0.7792376545300266	-0.6607168203748267	-0.6631662377294132	-0.6592319206340328	-0.4266477117106531	-0.8995676807900078
-1.5960254909321228	0.5687380654716082	-0.9974614047910646	-0.5584924279969828	-0.9198889430135051	-1.474341376142698	-0.2588699565701195	0.20354274857193785	0.3036659635182228	-0.013221975855549283	0.7046842110227656	-0.9760286088497948	-1.0602615361860492	1.2770215551411284	0.8318884112222156	1.7202706071425937	1.606205051478471	-0.6116905089887721	0.3526882954855778	0.9601456777207901	-1.0820788963972785	0.4506730008576775	-0.8417583821115227	-0.8005618174380934	-0.9781549848539641	-0.3859006267556306	0.1901823742164828
-1.3784391720560278	0.11125266231110048	-0.3558812869311847	-0.34475239261871815	-0.878604598364712	-0.5731826090427453	-0.1771902883533503	0.7277980297961744	0.18589451313198027	-1.3279602976350984	1.7867170783973743	-0.9859453605813572	-0.899511208513772	0.6742572806009047	0.5022213637775382	1.9486249239092168	1.449141155247345	-0.43282055124028884	-0.46941708740830923	0.8642883290125759	0.14571719169050634	0.556144037863216	-0.3779027410230012	-0.7270554710868868	-0.80278180983567	-0.5232494274079865	-0.2316095229169417
-1.4288082893623604	0.4491193683669656	-0.9988969081427524	0.12938333611514977	-1.0191077370393162	0.8356871980520675	-0.1369500229099835	1.6380220459392083	0.24031765219577783	-0.2445710190019879	0.4354787599547296	-1.0016732276065294	-1.5076039578005445	0.12404635981931927	0.9372560990630154	0.5564380576489503	0.2340660564467742	-0.15554100978134114	-1.8334418438920903	0.8048608744830805	-0.23353674526571622	0.5675529996220778	-0.4634629874917212	-0.5861232053390087	0.06612892329911547	-0.6701033339281495	-0.9019907930272124
-1.3541371079175626	0.06103536008433735	-0.7451576616036343	-0.14710178898577908	-1.1645577105746623	-0.986529850337317	-0.28336136500331466	0.6552812003722633	-0.699960311424215	-0.5820093645747618	-0.00786455589331148	0.010943610444080949	-1.3449588997451225	1.255204710889858	0.8020400912978645	-0.5332609669313946	-0.9507443631152418	1.4399695919810405	0.2860942126697422	1.4720905095066967	0.4722858038541744	1.4522593507897574	-0.596033084267142	0.11849434072908759	-0.886537892659963	-0.650441954827474	0.819479438114905
-1.335807802333223	-0.4051476285383737	-0.2164024944355113	-0.47258893851985156	-1.0915446688535484	-1.8881542494686403	-0.35534562300451483	0.2769541447650432	-1.483639307391211	-0.618930144710614	0.037838387876474734	0.8727464268424241	0.004615956110832872	1.592795127391871	1.0752006993555634	-0.4289096548085161	-0.6254785129042139	2.3409058454914935	-0.44656713061465453	1.5834009254716654	0.770304026353464	2.2147254467399513	0.01880048041895102	1.0571369830492592	-1.074204932478681	-0.7522019209486539	0.27020363292236205
-1.3315386032078118	-0.22773851077954085	0.5034271212821156	-0.5420658181454692	-1.1180232529026168	-2.040518783227766	-0.5106405786526698	0.6486273233702284	-1.808091573420288	-1.2807931848733025	-1.2531724510104096	1.14451329196813	0.6756479266713531	1.3799648110290894	1.3406043345705403	-0.3697541617130381	0.16555648282044047	1.4525927119104878	-0.15273829715593815	1.6324568359814409	1.2991046177921637	1.9031417466734681	0.7798912791748347	1.4587498454738843	-1.4826244988053656	-0.7694180556320814	0.35982575976839687
-1.4493817449204809	0.05737095096292811	0.7503824514052292	0.5623387814194927	-0.868100831069074	-0.6341481137666802	-0.6494864399473934	1.7289330556626814	-1.9575072676946619	-0.1419766673103583	-1.1653579547194959	1.7415244604357578	1.4555076046999211	0.9396975861381053	1.1936391368150632	0.4334210157414233	1.5902587163774375	-0.3350803609064986	-0.0985262250778994	1.3291011893384925	-0.22474782646791513	1.7749288767319562	0.8389890134793192	1.3428062193778383	-1.7328793983662343	-1.0574865073441473	-0.4517593710234771
-1.169721389479011	0.29602961044372245	-0.01210422680134582	-1.0051366523509158	-0.8968175014327758	1.2694889696053806	-0.36090755982433886	2.163905217229533	-1.356782331299131	1.0667079643312127	-1.2486111650328469	1.2048902793322234	0.13113241693001887	-0.14388377028347812	-0.2851535787534531	0.5517565926725825	1.1296642413318811	-0.8028957594462852	-1.8079641486320441	1.2362926870302342	0.2187616233365292	1.2318908201094299	0.17691189958255182	0.0420526501256065	-0.608679588846585	-1.1253536192799443	0.20344039591927043
-1.3255528573950652	0.20181540613392546	-0.1851545656858742	-1.1367466563552517	-1.0278209805473029	0.919433820717108	-0.37222474374569137	2.082697605806797	-0.7757590533716953	0.1350626458402184	-1.4141603336282023	0.02771762385559045	-0.5757960814882331	0.2152692517937638	-1.4013742252397103	-1.19590172654047	-0.05663429346601155	-1.3725978721971663	0.11884659754124964	1.3511948061144867	0.6523991286670634	1.5464140667323374	0.4208135836216707	-0.2868637163366628	-0.5095587546881873	-1.2383197194320703	-0.2638687462483454
-1.4309004430368861	-0.1916203044769425	-0.6479272562845266	0.32988423609549555	-1.0053685623572557	0.5936622541417732	-0.38285313467519905	1.7657378004987885	-0.7684685376834484	-0.23165243456837456	-0.9950064119064795	-1.0699033841180636	-0.43993804262688624	1.054432721020183	-1.2281154245996164	0.12195626207629788	-0.5477382118871609	-1.01543246295053	1.2438723938394214	1.4454223547270935	-0.09646704095183319	1.8477839943465781	-0.23688735417261372	-0.011817020955189099	-0.33096212081406357	-0.9473407666824648	-0.9686580750612263
-1.3998550010723543	0.3017325076697513	-0.9292970555338199	0.17676094322738134	-0.9069712164870244	0.4774788196056979	-0.4951441811412791	2.111861837663571	-0.5484051061530589	0.11248066422619822	-1.135350648038453	-0.5801343009509619	-0.458618317992226	1.3260880526297656	-0.35112318077828886	1.002160343258696	0.47319952751896066	-0.9111807175763513	1.1214029614555023	1.4362150073471909	0.32967948447154277	2.437733970826227	-1.0803494448972457	-0.23991981729985926	-0.46657908722040686	-0.4036233263417327	-0.378209872938445
-1.2927596257208456	0.3796156554854735	-0.8995076499127789	-0.07250386778138143	-0.8800694423523474	0.9093988308896345	-0.5343493090455848	1.7953318735886308	0.263015398789471	-0.4276219997988072	-1.398430142354591	0.33256124813930127	-0.3967661116071213	1.2752251669326147	0.1956614296152214	1.1554681597608076	1.539044336917467	0.1389462061882461	0.7395265737860847	1.3803474788340258	0.3988667015409048	2.0342097454010375	-0.9343498106138822	-0.9921591242167683	-0.7512603296250941	-0.5330648339990832	0.40760626804132283
-1.0828663512006473	0.12252387522794882	-0.6220964439874571	-0.4566958444176961	-0.9107964435185842	0.4979478033758586	-0.5161339964985014	1.5527189810718744	1.1338363955734485	-0.5041247475711986	-0.15745685572862939	0.7661918672861018	1.0086926780115435	0.4357174173365761	0.4553854487390658	1.411197269931867	1.9448539572842825	0.7868266707776014	0.3835735345506572	1.816221566333135	0.500828734063482	1.755849244370888	-0.6195613177961571	-0.5833244653780634	-0.9133737712269717	-0.5880213489090572	0.10231160386525953
-1.0372928373644958	0.13850143425909908	-0.6571924685080773	-0.812297394485934	-0.21146665170321088	0.15734734037276704	-0.05686015996856959	-7.367599684310662	1.1676699055011264	-0.9544550892301943	-0.3251373414846776	0.0407413818952551	1.460590691056201	-6.382080492228967	0.8038414471919619	1.2084876421216277	0.7609288445192554	-0.16753230756369333	-0.29812221424525603	0.6802980625521834	-0.057445987280113874	3.2956238456422544	-0.622432781161588	-0.31333202903323787	-1.4595369964950862	-0.5954455549054642	-0.9437259639083544
-0.7865945372027561	1.0322904051858028	0.197265652878499	-0.511414325652422	1.2254782604075969	1.781597910977983	-0.609654298676493	-1.5648115847022885	1.2070323368841005	-1.0974651691775028	-1.1377352289281986	-0.06390760840829743	0.5634006674474801	0.5179550915611596	1.2761491203726372	0.026311991765043407	-1.41024765998632	0.39332908660303906	-1.576643222502506	-2.0136445721396323	-0.5167370482224067	-4.644601573373172	0.11371925971915635	0.2779700066959791	-2.296109307414925	2.002463237594927	0.1939180098050393
-0.5585963734757474	0.1835748421103308	-0.03316788805473459	2.0298570225033723	0.8897183744498284	1.4931981641275491	-0.7636466164662314	-0.810774625211839	0.25584152878872835	1.03317706894255	-0.5409962226973689	-0.027539323466398882	-1.0810711024179755	0.2475673111184424	-0.1944947755000732	-0.7884336431310536	-0.2791672136927567	-0.5243256458025483	0.7064662036275036	-2.254123584951635	0.6266663623541517	-0.35393809583784297	1.2937771637656814	-0.8608490468776817	-0.831754097218441	1.1600664616011038	1.617272526245158
-0.548540098359472	-0.7121571604521687	-0.7145579625385201	-0.05353214829434972	0.6235182976666772	-0.6963985443986622	-0.819820193654273	0.1197257733432117	-0.33749584889096357	1.8711330483540574	0.6729947929876536	-1.4977879896729762	-1.1406696242729524	-0.40700873940300303	-0.9223513740397553	0.32371859107213397	1.9618027257809845	-0.4209481432066761	0.3417755999645601	-2.0947482288957353	1.057152102446158	0.29197568343338387	1.2836637080546287	-1.6443869927287431	-0.6116144410377953	1.2065821276020943	1.091680000553841
-0.6722092348500985	-1.0669385840261796	-1.0893967616223137	-1.9226523602756123	0.6399154122758532	0.2436936209619541	-0.6752388404734916	1.5625509503258652	-1.083816911876869	-0.10468377238773936	1.3464521783016954	-2.097597006844932	0.11042032925886835	-1.3353439770747755	-0.7110770185871622	-0.43797634479331116	0.9398266064023241	-1.3942660802190439	-1.8816500608482272	-2.202223600881502	1.3971186500744524	-0.38894190383814004	1.1184970825579548	-0.49471072951346673	-0.4370483422093305	0.8224646898178739	0.2663624369351431
-1.9559769188040068	-0.5447840580462682	-0.2092382103337276	-1.1275442333410584	0.5510533491106534	0.6259632965280495	-0.7132781871012975	1.8878415906530408	-1.5709095815125609	-1.3467679261631795	2.9208794215875664	-1.6571642961221098	0.7485627057776906	-1.6595624566520848	-1.3124196432699011	-1.6070081344679836	-0.9322340761005874	-0.31968536317185164	0.7000570820223132	-1.4681849958738982	0.6472492583607742	-0.07145511018258992	1.9125291787367926	0.4492330772567943	-0.7420728200304175	1.1368322773129311	0.5254423210975996
-2.342614371736288	-0.432507631832529	0.5522029222316374	0.40080331407225156	0.5321462553255252	0.2558186387611978	-0.6994854578257237	1.1138141140988156	-1.664740519926309	0.3685373231092838	2.59798054563659	-0.36825816049474036	0.36758980376676903	-0.8806021714341641	-0.30232076884909376	-0.20654125075030458	-2.073958321514941	1.707591760956177	1.7554799420453007	-1.3133947063873324	-0.8356081536790904	0.13325734041079323	0.6339550392078643	-0.372849827693437	-0.9585315922010029	0.8220979643335444	-1.4846652365847053
-2.252404456494002	-0.6143643022966542	-0.21118317965664068	-0.5356283380422424	0.20819662963155752	-0.17745961866144114	-0.7039992938730725	1.5463559441330998	-2.15584116740998	1.3791257083905077	0.8185529465102565	0.6741544371917899	0.5372578555414076	-0.013620276039298784	-1.0045301971770006	0.5748264407490714	-1.2759089333628701	1.6435769482789429	0.3249418641690549	-0.8808598323296865	-2.1401430573370774	0.08687186131139468	-2.0700782301588014	-1.287366989685472	-0.01557081695580203	0.3175990164910759	-0.906507887085828
-1.5165641560338783	-0.8757226326615632	-0.3172922654548273	-1.9093317003209263	0.2752239556124673	-1.8542601081526575	-0.6676603179780166	-2.469660517331801	-2.120251461378802	-0.7869988705124845	0.3763503222799123	1.2938228038200417	0.2892203524843476	-0.3815895533266421	-1.2177902567262797	0.07755459518199537	-0.6186657095816919	0.6951334305586452	-0.08198915107740869	-0.763339067172532	0.2837205412320607	1.2067754739445045	-2.0589615496576243	-1.4696068175982124	-0.0023097004505178717	0.8966619320583252	1.0047759362987894
-1.130246478427706	-0.9274261369499013	0.8972006042762213	-0.0518394785240671	0.2953720089796175	-0.13795058299307061	-0.7681439693816565	-0.6297171939135857	-1.000150448613335	-3.1850838561990975	0.740960424584657	1.4680709179510503	-0.9862370109186984	0.5104826309636779	-0.6829382830001279	-0.5543942123678028	1.4521271993237819	1.52834999005334	-0.8313691762422588	-0.6203747714650991	1.158406740727736	-0.44991154753466844	-0.27345886637343964	-0.5270278929474944	0.4177258878123212	0.6755877285475809	1.0521294721851338
-1.4300079002386594	0.09931249995013332	1.472693123663542	2.0157313772356096	0.2738072949956027	1.7670065811008486	-0.7823257274989821	0.6439292019593607	0.17561603734752676	-0.18994508873791488	-0.3582172047585651	0.5438513045298897	-1.4043284357332395	-0.3420278391284537	-0.555077936298629	-0.6205695787936236	2.180095892767581	-0.33384997088168017	0.2048105152592409	-0.6081515269314453	0.015597966331216597	0.07659323898966641	0.020029267154525354	-0.17320006134254215	1.0393214989019024	0.23361096011035865	-0.7453581638113589
-1.6187035269308385	0.5688814353677785	0.38717685478218	-0.18716209060696976	0.15337186639333936	-0.1275992465094741	-0.7016331408048628	1.1337336710154053	0.3688177028101355	1.0952031742086026	-1.7175111331703228	-0.2594452327641228	-1.4423797317116007	-1.0421342620955547	-1.0466248479075138	0.18050085861669798	0.5911511812474339	-1.165991352293069	0.8855569742868932	-0.6782111761522581	-0.9040837332648805	-0.6017517232406581	-0.6005539981029565	-0.7583744975854421	0.7838543085383666	-0.2624167832069149	-0.5685013258387197
-2.0549827197995914	0.5643447958395592	0.52349968023618	0.3877136918133296	-0.05133142041068815	-1.4285826585794617	-0.8467583506113904	-1.3169973474299874	-0.13761507933811717	-0.3278007780054428	-1.7609892958390976	0.2419526490449912	-2.2139663843731605	-1.2874694082305325	-1.6059347461270648	0.8882662247937516	-0.42322396847110366	-1.3674947973924008	1.1719012152101096	-0.6211925218705807	-1.3515049171814324	-0.722656697038205	-1.1160815533852995	-0.6258532881580687	-0.12028360232577637	0.11070245530895237	0.030132431303657798
-1.61640132172548	-0.26895063060446445	-0.0014445032399444018	0.8023793514645176	0.18326172686192976	1.0693730183028447	-0.8141121705994459	-0.7790526662851301	0.933858894139219	-1.7008352096150634	-0.1735298243375023	0.49174639500551387	0.48082698240130534	0.8232182552893169	-0.7361384900026896	0.9147727452275755	-1.6985708736246825	-1.8637836130600596	-1.7494439457049307	-0.5333787664929638	-0.6094411746863122	-0.9533281183041902	-0.6636468137296728	-0.5204130753779377	0.4532135147407911	0.17569714013639096	-0.6574533487159102
-1.2010559015370972	-0.15742386154028218	0.7088558592157667	2.0462408079004795	0.3088068398339777	1.3740459085581462	-0.7475921240986418	-0.4871982363941059	1.2811328814891199	-0.42456475329307075	-0.09735199931997376	0.7133432605238882	1.0537597083140886	0.5234538170800824	0.11106511846416009	-0.3488035761702582	-0.6253512557433497	0.25365014539950287	0.2519138258718601	-0.4404105260900562	0.5397757650512415	0.684925436672456	0.26590040608708326	-0.24661636499904535	0.9066417588097034	0.2711244149683574	-1.6195958979656249
-0.6287100726011733	-0.8328020555223844	-0.4965373628073561	0.48397122510909674	0.4335267843416934	-0.1330309073398884	-0.7247883595331064	0.471702652357935	1.3010473206400137	1.256862251461751	-0.39685069227324987	1.0944007626268315	1.2848602775884645	0.4948417166532549	1.1329050804502312	0.5358790630922081	0.41744756050392445	0.5785858692400943	1.2875165516974378	-0.6074857995693527	0.600512816470832	0.517185280405317	-1.2521394638205052	-0.8953646330938398	0.6772605101125613	0.7055362789570507	-1.2978594006904176
-0.509258777352942	-1.417474105941315	-0.9280900846283412	-0.4317791908009736	0.40692718148838486	0.13452913353438234	-0.6473065201777582	0.7346640898239124	1.3056787542959658	-0.8439236113278383	-0.5225985083486497	1.3742844467317012	1.2296251027379206	-0.15567781125067853	1.064834683229378	1.227791021457759	1.5123123004393837	0.17929830651007073	1.245706894266749	-0.6804086868046852	0.630193695908758	0.01862622873001325	-0.8494181365286296	-0.8621300703724178	0.6901219236271218	0.525723026053368	0.6243931890431808
-0.7758324182965957	-1.1305846079537414	-0.39348249728419527	0.2331555079917044	0.31163603878933926	0.024311096663561287	-0.614946940450847	0.8575906848367514	1.2747687255170734	-0.8492070797349341	-0.355780398786436	1.3437980478317617	1.44411118209322	-0.8605886977843175	1.7327413055490726	1.8520092709502376	0.36574332574285084	0.62976509783322	1.6148487499931297	-0.2377725381774207	0.7497183679367749	-0.5189076854002506	0.3828811711945809	0.09897871880800206	0.30693261416555656	0.27781757966602333	0.1315395440147348
-0.8903490912165593	-0.6276930533067646	0.12093911416108748	0.1274732418266679	0.3475500000607684	0.1841575058885735	-0.6209394134613172	0.6542449660304783	1.4221168744905093	-0.0032163609780073267	-1.0186292406484243	1.1895305203200233	1.0658892118600474	-1.349067524965472	2.1540916855163803	2.2841316698810186	-0.6137610221142872	0.5142339810981538	0.73782406235811	-0.4009053591292024	0.23536966551497623	-0.8082912570714258	-0.009253304646137354	0.2474842228034236	0.3862228998077538	0.19005946686021347	-0.7329531702717201
-0.668744477071003	-0.9929886843578998	0.11334109544691727	0.19385450230817092	0.38255506447119153	0.4329941026378318	-0.6829821129098406	-0.14208562692566865	1.4422453828779906	0.6822252219356228	-0.11442567813521821	1.6408728944742612	1.2450625583329997	-0.28520344838916106	0.8775050785907016	2.2808190703807627	-1.0703137995000647	0.30741052210599956	-0.8370663572132971	-0.44780679887172525	0.498923374459235	-0.2606829380119554	-0.07995024184207293	-0.14924541028143368	0.3493221190198358	0.5732015280050445	-0.22995593553351693
-0.38718402374203464	-1.2982109596204507	0.24472294090987662	-0.9759661584358893	0.3916471216879403	0.5320335278606126	-0.7478288206887471	-0.24741837442342884	1.2148183537686534	0.9016107836227886	1.1426240505839844	1.449121682465199	1.241188077995633	0.7169859810730476	-0.2507848043754502	-0.009995859805839431	-0.8790773992084732	-0.14301204275156879	-1.8358401492205487	-0.4102417709718606	1.0667763421780017	0.08165688035473423	-0.7266318438243653	0.031264285342751774	1.130616796329107	0.6384771575854047	-0.7858693639527857
-0.6726495222972912	-0.7006394387632799	-0.16543414711357798	0.20960026939739204	0.31067607747948556	-0.8137463445406995	-0.780820977886918	-1.0090158736595303	1.0141934358897686	-0.6314126457214997	-0.05141572305023105	-0.21472724186014894	0.44206027845433177	-0.4510915824543559	-0.29745543940387464	-1.0040316949671733	1.2454521286508153	0.9741524341223521	0.8634016118421916	-1.1472087080232611	0.15069154174433338	-0.24593740485420165	-1.0446072075444692	0.5855622084355478	0.7174377797118114	0.5697682162353094	-0.7633663039204203
-0.7507164219820972	0.13949276963364368	-1.1365806600683794	1.450845983575269	0.1286770414464322	0.771199746079182	-0.8151961413796781	0.24121388814437555	-0.06889018019635239	-0.8634750828607264	-0.3132542109279152	-1.158051451536455	-0.7963807540281247	-0.7948393037238155	-0.09428463842115178	-0.8101623357032289	-0.981265533487349	-0.784610206238824	-0.4663918413365581	-1.0275781069669443	-0.9293893450353461	-1.7399925850400177	0.43300765568367994	1.4399857367722189	1.0300972315133565	0.47687514856523855	2.010042104064573
-0.7139052196445657	-0.4760616339996268	-1.2225541493919103	0.8468336977470075	0.04634421816825001	0.9348343993765914	-0.8704719396501648	-0.7631202669717659	-0.747085980625912	1.489581076672349	-0.008788956944434403	-1.0054824038473347	-0.07660614403904693	0.5935641627786589	-0.649003564964294	-0.23927812941617888	-0.7123795652994451	-0.5629038719457042	-0.9850390391178749	-0.733598125990266	0.8320193405938846	-0.362732864388778	2.2798492428194783	0.5576518248472592	0.06897746916561856	0.49126727981368173	1.1746296266098222
-0.8430587246804074	-1.503480191738002	-1.2667738729002471	-1.6411296346448607	0.017292478037063526	-0.6353989424138312	-0.8385263811175173	-0.9112154059214953	-0.4198395506386753	1.6022294815824645	-1.00561628974388	-0.951942743094187	-0.758498555327613	0.573096440098503	-1.5003226377366037	-1.676466346220879	-0.24255555229680167	-0.5253930404058443	-0.3635930321683095	-0.6121987184958454	1.360540501497291	0.1793381196033889	2.1509955913490963	-0.056738269509165024	0.18573229405093736	0.553687134649063	0.5273693816743957
-0.8011535453169638	-1.5963101108356468	-1.1441967681888785	-2.141943552081957	0.04805428195946532	-0.6514927129541498	-0.8568467519622456	-0.38885816856683114	-0.9308658268674656	-1.229946323881265	-1.2748877978989852	-1.2081964489056185	0.14857977312181658	0.6770434679056665	-2.0322986612580056	-1.0528573156441408	0.9770975027845669	-1.4773413785168052	0.17192650610649096	-0.6568710914876403	-0.14602136980552316	-1.0616662346045842	2.222496616472456	-0.13910661352098894	0.2715734784279933	0.42171161200756024	0.6102510068636074
-0.8668211082431772	-0.5456851581166631	-0.06424396372978255	-0.07167266498100013	-0.03127708696588378	0.5662374057549694	-0.796814027463141	0.5198568535235825	-1.6123653439937433	-1.614581756644734	-0.3170797765319224	-0.7214133967318804	1.1126857890380428	-0.6933764643060114	-1.7708833122755798	-0.7521249148872156	0.7493011145931702	0.23944014821887452	-0.8577050599021465	-0.24168499739805377	0.6266101716717889	-1.4582387323734354	2.935061969057712	0.7625449583793515	-0.04954954347685737	0.27423759759449723	-0.43742987756583507
-0.7855603402471883	0.7503501691186046	-0.3236703155672103	0.311668664730991	-0.08165363760989774	-0.8443907510528118	-0.7727712373946921	0.155188437282862	-1.978086146654441	0.6720907325171054	-0.7347929019464345	-0.7982190411021142	1.391606591138905	-0.2175338985369617	-0.6274874792107096	-0.5314549231323403	-1.0972218438398085	1.0976274571769746	0.46825102351797687	-0.09265802952119481	0.23474816615731617	-1.0843630990057662	0.9206406892068243	0.040969995385313734	-0.07312164013204506	0.0049054837012547075	-2.471759054969936
-0.7310204789147384	0.9155939195818318	-1.3605273037815517	-0.9187940904510417	-0.07483058940475547	-1.1558883732631857	-0.7726991570776524	0.09410540508633157	-2.0556751583325643	0.5772320288629498	-0.10444571426552585	-0.4466991448837376	1.126219133338751	0.7870070503895175	-0.754276043447937	-0.04579592360462193	-1.225869768329218	0.9922842261941783	0.23913361008079528	-0.06945789846823658	-0.5060614749860053	-0.8211488305844997	-1.6390281064631864	-0.7834034276274334	1.001370588159547	0.38646247852284654	-0.989445119611714
-0.6171163980912171	1.373074931595679	-1.1101753845192246	-0.6887522533178728	-0.0465301681183177	0.1555069201877265	-0.786536821986965	-0.1396972493865521	-2.0361900074700525	-1.5517995452229305	-0.6253905835631078	-0.4163463389167953	1.1606255015244902	1.0312973794241025	-1.308178088995445	0.15808401241614592	0.5557504564806961	0.7451276092672308	0.06582963513657204	-0.14433524021512723	0.7206116889949002	0.16450786302677134	-1.6897674331147503	-0.28582277183089977	1.0718485452331241	0.3594545284359608	0.5662914965658385
-0.11382837159787446	2.149832270010944	-0.6490844354200944	0.6025614301407077	-0.06092668552837053	0.6389623375429634	-0.7999087263272247	-0.8470706698309812	-1.9521890588079829	-1.2168993633575234	-0.1962514902605752	-0.3023519504240213	0.9136195086712867	0.2156586557640173	0.12454977274190168	0.49617972558140394	1.950255455865575	0.09356893700358573	0.5590929447342771	0.03757299672715827	0.8866896550519046	0.2548686787015868	-1.1496423181469246	0.49053463739169784	1.072548651774434	-0.020817464858058382	-0.08670745094922669
0.36988173493812754	2.414406027182939	-0.8886404238000458	0.29324229091281195	-0.21787019253912726	-0.3540374551910247	-0.8297069915024451	0.08972346149679078	-1.1139700470777252	-0.2968201593055433	-0.32662454282117026	0.05610759900345302	-0.44411206458323355	-0.6638931462546127	1.8341987146226175	0.5219269920253872	0.9704092581633187	-1.5990839641771382	0.055274400340771475	0.34396149261056114	0.6665764695467608	-1.1710077105955745	-0.8760791041152197	0.037343336225446264	0.6392662939478073	-0.29291955847765383	0.23957288702894616
0.06124955657437304	2.4175950406029774	-0.23502311946223775	-0.1860406007671948	-0.2251718586001273	-0.4927890330029236	-0.7765942375810646	-0.15791048939574462	0.025933869007964912	-0.6117938694673433	0.06877666143258655	0.8954326820123101	-1.276221970903077	-0.5086221120127236	1.4906629157455478	0.5737592916070201	0.1137245261669464	-1.0143778100701941	-0.7114794903679506	0.6558562408967693	-0.0811851004593537	-0.7091375841011798	0.0699818272968444	-0.21122709421989838	0.13020906536664098	-0.27728058559621444	1.1154225489772114
0.12729203359543295	2.63698717472243	0.7149803430796751	-1.1802484215348188	-0.3253408687628602	0.4782747440116475	-0.8084188613113906	-0.5730725935233439	0.7726589653751619	0.08592053155742889	1.131232212366583	1.164282085159289	-1.3213382455601816	-0.17424030069268243	0.2534296184439151	-0.42589591024470863	-0.2289750997394294	0.1491513886221986	-2.3657038902672394	0.8947720720960658	-0.04740118106847098	-0.6315436112998665	1.0226507320525868	0.9741077383419898	0.3638451305715317	-0.35615669084874235	0.31601579955245707
-0.12114079592628181	2.7434504493596394	0.9293595271222458	-1.4926031046504755	-0.3028752094653723	-0.22302914320370304	-0.8609909845834531	-0.8702627484930938	1.021506583002323	0.9809587848883069	0.4642067490049818	0.4431125424614146	-0.4716112259855548	0.47331055208304756	-0.15014105704188965	-1.7806567258700663	-0.6867798119778078	0.010391353333473201	0.43578219495049864	0.8685265086426488	0.11174313372930189	-0.7602470720856935	1.6374619844070502	1.7214481255503147	0.17516503286886376	-0.6295687320373449	-1.2583804063708603
-0.04849830618303933	2.4685809896233013	0.5716343817273638	-0.7822668718682688	-0.35355370381601314	-1.1551473527384029	-0.9125702828724509	-0.8085206671507567	1.2062640841648757	0.9771498337439661	-0.06914036389794237	-0.031766787403271074	0.2822744063364225	0.7413433729941813	-0.3201664792844433	-0.3490729852388393	0.10854530903183526	0.5080181617835409	0.526287725265511	0.9280437791445242	-0.5550624375371551	-0.6897062659448618	1.0417260402169912	1.1292245527411335	0.3264790362793414	-0.25612780302233595	-0.8354749601119771
-0.23036745942650722	1.154719732788068	0.6190879612557288	-0.8970531939106294	-0.1871686537516287	-1.3703084149649511	-0.9043920739746485	-0.8491235060684377	1.3008990610709266	0.9641398337964933	-0.10224984397442685	0.1570368302034838	0.7349056175633337	0.6667122552857215	-1.0101924202189805	0.10400177105738512	1.9010231758718503	1.0796726264140684	0.2654449749185238	0.6728075943704552	-0.6019262283744964	-0.7546328583207111	0.8038622038410587	0.6390489047798468	0.0114907974197459	-0.21940421589698317	-0.07950189994079142
-0.332866150075345	-0.4156381543273618	0.46928188179178904	-0.047349323045926366	-0.30505612095484724	-1.2060249342403244	-0.7775683123217813	-0.36884454465358	1.3790353280372838	-0.1498571729542721	0.5883341528365665	0.06813012345280078	0.9373968591003982	-0.22352662297855178	-1.543621353456767	0.3729329620026697	1.0419696086018755	1.0669987017138507	0.837839731748818	0.9191451882558029	-0.7739352060887739	-1.5007166062812076	0.10639129773647231	0.38388735683556613	0.4050911837994391	-0.21800569144923296	0.361236035586879
-0.45504058493729055	0.3043562783042039	-0.14853686186460452	0.42878477405886894	-0.31273788212351133	-1.7385381175926484	-0.6952384622543762	-0.10515966096678522	1.285334456207981	0.07794134248614487	0.6615352483626367	0.049874932336926914	1.46760477826486	-0.5239361461219623	-0.46808451196117384	0.328074228098184	-0.3080970241486661	-0.10713567463227011	0.2938056561058909	0.8010354759655761	-0.2756474781968821	-1.8308414836615605	-0.5502401218010343	0.5980794915654983	0.3876215489704078	-0.27725236635809813	-0.636887902153076
-0.4085267832948099	0.4631906107606019	-0.4704861401046503	-0.4342969236162274	-0.31981770416561717	-2.2286962210265324	-0.71103244022799	-0.20161700144436406	1.0145778213788164	0.05956770895326889	0.11242596892377815	0.41257215931307656	1.044708695541499	-0.42312189293752334	0.1316151209471625	0.3437973676202573	-1.128439240560276	-1.8332111469879093	-0.43272604008297805	0.690764860251323	-0.2577799871358704	-1.3537778349106433	-0.6397742877859507	0.3137631677550493	-0.11800143568491264	-0.3639338880793034	-0.1605845506519605
-0.3347790537618589	0.6258220939282015	-1.5543558549812227e-05	0.07068350692948701	-0.352961696900943	-0.009254114152039168	-0.7044873400582086	-0.4799034056713298	0.915238244355323	-1.0338042922743405	1.1053468677699114	0.2286009673419006	0.8590800777727085	0.723530282588045	-0.17446938582218163	-0.11090092426790227	-1.774566270721388	-2.2284941376975222	-1.4748204896181085	0.8708209217349782	-0.39052867404358804	-0.7268652470318521	-0.17017445767051537	0.48554912529479816	0.3229198779650734	-0.34702372747350746	0.24190974306417948
-0.3469725606542827	-0.012588192758194755	1.0399980203184147	1.2935741007759984	-0.29063815557787814	0.6091787234739972	-0.6727584616867122	-0.9192542486416161	0.8734393620922363	0.11372555753331141	1.943940578051793	-0.7142203602938255	0.6049579465008587	1.147567255774884	0.7246246217412106	-0.48198315351556814	-1.0147956947935544	-1.3603603809660125	0.8617384573470561	1.0626061406915344	0.5832761528245758	0.41348449138003357	-0.6773921681683246	0.5505832628056366	0.7106362171133608	-0.25730326113784396	-0.39185453105045576
-0.3277208653969101	-0.8226957705859048	-0.034551401342670415	0.4215893162567266	-0.12559367680593983	0.21236720353442587	-0.6381043780496192	-0.41299170176358435	0.3202690941719671	0.9928783446716507	-0.5458261964814013	-0.49177985815666775	-1.1571181564762618	0.7611844399460383	2.039800256878258	0.029922529153193014	0.8754756705974001	-0.5450283409015685	0.998027406299219	0.17711935271217527	1.217878065267993	0.4476641651735284	-1.587046955920724	1.1973090946316094	1.1328661665989554	-0.5761040627915871	-0.5708433688487963
-0.2997842517409614	-0.8259230529187555	-1.1204589172515975	-0.9227673662922712	-0.2514036242607576	0.09595436623985217	-0.5616707286831647	0.09724879418559669	-0.29602294435005616	-0.49857874789283785	-1.4848876115668652	-0.04334850683046279	-1.579325641297628	0.23149496891224114	2.1456599677030535	0.2319240111584022	0.7576505621754955	-0.055154124897640995	0.9152696539274314	0.4863493831735591	1.4014477924900983	-0.3652604435864864	-0.9063349420631416	2.2424544868815213	0.7994904373120568	-0.6397412170646133	0.9487948278949444
-0.16333779808149176	-0.23970272667963205	-0.47289732878524665	0.07175882099953979	-0.21665859211719113	0.6205085819667024	-0.47278917927873065	0.478041371785494	-0.36108047433204626	-1.0335006439457548	-0.8857872111542084	0.35250618718057614	-1.556982851004675	-0.5735458742376661	2.566503459565586	0.5560435735401791	-0.02392337089998884	0.049737126349970816	0.560692312531759	0.600789784623659	1.7217691365572128	-0.1561640695708552	0.46771679897630836	2.8801617503067454	0.49156620099369297	-0.6569666782936927	1.3500418192835406
-0.6103137110640062	-0.5565004933646207	0.013158708404259187	0.6696029335299554	-0.134452411064293	0.32594243180047655	-0.5231436596972998	-0.8144383457924679	-0.4854390824214542	0.6111337979279496	-0.3988395083135719	0.43059719964227605	-1.5353525513492932	-0.6447002815024777	2.4819061770884288	0.6211174064659439	-1.2597679001635427	0.8846801441639062	0.25524680275633255	0.7024247422961225	0.8726710665886009	-0.05557357478590262	0.8173533469214757	2.928951436587711	0.5888055266472728	-0.6638105476754945	0.253523612613386
-0.35112975899468585	-0.9486215335082321	-0.5588912644532135	-0.2432842608563283	0.10769273908933374	1.543268566756014	-0.70944127622704	-0.3485378335853872	-0.3093195874371651	1.2109546877509638	-1.0961387091864772	-0.20520827215902382	-0.7271243334252571	1.3232107467592356	1.6236876625507544	0.5018881493862807	-1.2206029901484297	0.41023655161211653	-1.1841330646857946	0.2774163134896819	0.01738823404023297	0.3744876125424678	0.1242871053690404	3.164590145571434	0.6869108874927942	-0.35254936658418695	-0.10346827844766154
0.0831237442762988	-0.4266940289567823	0.6109590270953623	1.4958717739419307	-0.03947859125370684	1.7680457933316247	-0.7389040383783385	0.09341317277827416	0.5838843594060247	-0.049219347123641864	0.25305381965459783	-0.7835401376944774	1.7555511077282788	0.6504089249967357	-0.01548400250763764	0.17525380444321134	1.0174133054016092	-1.550044727488473	1.6682650943178103	0.7665881911770768	-0.6837106354205217	0.4538672039922767	0.9021960492498854	1.395218620968642	0.17717269633540092	-0.3315702756335102	3.4345650661432545
0.2881913715550795	-0.3485894834681434	2.7697091810170718	2.033572030760731	-0.12898061207055744	1.0772642873013716	-0.7413141964336795	0.37183928796856597	1.174659396273341	2.2157809647175535	1.1809749790365627	-0.8387023527206847	1.6021689775422328	-0.578661777144922	0.046613016237259164	1.7848898954296435	0.8887687899603157	0.8336461958081969	0.6353294592502813	1.1477759097221896	-0.25767594487452977	0.0966035722200257	0.5313141713595915	-0.719388542972726	0.2308724737174139	-0.3342839659537875	2.437781653584236
0.4939568642964767	-1.5957434182975887	2.0337473744873047	-0.3022166274655809	-0.1945520075691779	1.5991090274716053	-0.7813085409896775	-0.3883172448530548	1.0491761578922107	2.778689456235156	-1.347761880235993	-1.2318759499090381	0.5495912778446523	-0.1387351922334138	-0.9894262814436526	0.2574501896475244	0.03669623762882256	-0.13016205159272257	-1.513299554094786	1.0709977273437912	-0.764545590863162	0.10582247885303696	-0.8849681157476196	-1.8589357979543584	0.8525059206569042	-0.20608403343173026	1.5659697973422333
0.5202925350067827	-1.6729469539506747	1.4898877495569698	-1.3912893521879368	-0.12004029462960476	0.17447129926997984	-0.833164985324975	-0.1986574478253898	1.1047933879214393	0.756704591596688	-1.3159544104186691	-1.5192443411230911	0.5815259583095755	0.8398015448688455	-1.5372635853087981	-1.3552880392008793	-1.0172879340230603	-0.8162702298157909	-0.5697963453919579	0.6008508629319541	-1.0287355967968794	0.8954345991248392	-1.331320370202914	-2.3485540209264797	0.6146617784958416	0.08718479084486032	2.057218579494064
0.8208620280289901	-1.5074877835575664	2.493513074963427	-0.6270439941587247	-0.13086655447443002	-0.1998335965864843	-0.8671766432332323	-0.07117623346338842	0.8612804262978926	-1.9147139144604621	0.11539048705413778	-1.0154797769889317	0.23769406747861388	0.3949389395763414	-1.9156821730043734	-0.8235863483315391	1.1372515006807913	1.0869045015358398	-0.4046842558889727	0.5018122908842428	-0.8524883594250096	-0.27439695064330527	-0.47254768269646946	-1.224892441998295	0.2226230046462843	0.005910107315620927	1.5858877230873765
0.799679133086591	-1.156966582124313	2.853018282973323	0.4734563171335055	-0.17668475821064072	0.9957007453670557	-0.769525108415343	0.7008931710655776	0.4050840371139515	-0.2012417602605268	0.7098564375946428	-0.8727459833919893	-1.3026475263206814	-0.8896900276197152	-1.4796887744446754	-1.0824274448692284	0.6968175563709729	0.6744474234219142	-0.21450412798670757	0.6351933155433104	0.5761575470435771	-0.2299631002178394	-0.2334321237136984	-0.8920157707646165	0.689487776327436	-0.22269818662836358	0.6594115884947842
0.697070567066758	-0.12285366444568128	1.7821993658892488	-0.15683237945698822	-0.14070310983930104	-1.435382242094284	-0.8088541667693175	0.4167936146202713	0.7142712209227773	0.6527852134779034	-2.683436396769483	-1.3778958268059014	-1.5653757373418586	-0.5942909801653702	-0.27623853527847453	-0.5399766514341307	-0.9417110826882578	0.6274607362197187	0.8413517258641884	0.16993498216279673	0.24522450711625865	-0.291953521709374	-0.518603488104095	-1.6493541876769704	-0.03590115640214594	-0.46314577774828747	0.031622079398400636
1.0164300362771226	-0.4305579755451066	1.5662183562876677	-0.27882196340912824	-0.29631804207883544	-1.32552832524495	-0.8685595767361532	0.12625074157238741	-0.26420765607265223	-0.9706804542111451	-1.3889688610052056	-0.8212762824208026	-1.3732409141221016	0.28808683101112775	-0.8057526813367393	0.15119906850671364	-1.7952502645176844	-1.0556538367732782	-0.8178392115414889	0.5476300184956151	-0.7658667774572682	-0.1370291398155438	-0.42303049756555533	-1.075379309790554	-0.0006674306215029267	-0.19429206674157382	1.9684296650128121
0.9455740649340855	-0.7658942328235034	2.1073458950316852	1.1422599626577636	-0.2955395171104629	-0.5596523636243496	-0.9006835835571596	-0.7192131622607715	-1.0583280797561443	-0.47822035956360454	0.47810871783533054	-0.9258244929107647	0.030275769870809075	0.135823289275854	-0.2705056503326993	-0.2207169566520392	-0.8978107077546642	-1.2728343161880133	0.6065014358350794	0.6279405382411389	0.6159439413022484	0.28158392255296255	0.10582942975004228	-1.104245803764421	0.42996275750513113	-0.18266060046102425	-0.11391947275687817
1.2661181643196844	-1.0806966651338865	1.457873812348157	-0.27883202341668256	-0.0867164696128999	-0.4873003398225592	-0.871983889760223	-0.019626352953211742	-1.3133384592546908	0.40455913041210667	-1.0984210314310259	-1.1468766471439127	0.40907868662468283	0.5886572743575731	0.9893681941817901	0.45314881742022656	-0.6495607483800605	-1.1761483344761616	-0.28642225041087943	-0.21202963476705178	1.0156229006972723	0.40855813200575497	-0.642727736680417	-1.5096420643945092	-0.05404621164984141	-0.1420290632359723	-0.7175098275992293
1.4653988959970856	-1.1813712190299146	1.0378016288292289	0.12577238112546174	-0.032778922241971646	-0.7279995975444575	-0.8495167398494758	-0.06448307324739225	-1.0390178420309057	-1.0237867653320425	-1.100423614894995	-0.1241831801134428	-0.6006126471445813	0.328845092503735	-0.5844058098047046	-0.4071789129218654	0.19349183429775454	-1.2175101798378896	-0.06468014817156513	-0.14525805464382158	0.1580124049099941	0.2886960128450994	-0.21770231959581313	-1.4837277263584534	0.287748012105455	-0.07727784283530238	0.34863749609919475
1.314263221336528	-1.0952295198683892	0.18332804706818903	0.9752974405110398	-0.0011301459660125078	-1.712798111680022	-0.902743048482928	0.5757244005002077	-0.009737522799225304	-0.061497893856919644	0.8958955439443658	1.8660357678243662	-1.2177359062225088	0.024019091664284772	-0.7845632318572924	-0.2215619500823245	1.0268283144119856	0.3447043130816959	0.3478799395487277	-0.14133994455529433	0.3726752136873452	-0.20316728016504831	-0.8693126449011759	-1.1885603182087559	0.24205113807191628	0.3462775752957043	-0.7787068364489806
1.671007473570232	-1.2442543613561785	0.0005017862796273344	-0.2693623336391577	-0.14155196501663184	-0.9603563131560894	-0.7524998914079385	1.3341223260723951	0.7923256899078973	-0.8807417107163675	0.9982314889399624	2.370390803107959	-0.8281464659607883	-1.279852682180565	-1.3174574418372051	-0.674257273440423	0.017822177778467244	0.40616877606827506	-1.342770994865407	0.10632471403327051	0.4057324761070839	-0.6343696991048594	-1.1775022920263585	-0.517632733685723	0.2706063045053326	-0.2699817896101721	-0.6679976525143594
1.8041939358502743	-0.0076049661506772314	-0.46803480575833684	1.230496111295637	-0.09330252683434716	0.18860831393050748	-0.7094369893672049	1.2548103253193807	1.1391642913157585	-1.3053554384420392	0.9536925758358484	1.345334860613313	0.5199486024253664	-1.411505921478256	-1.1213847574086444	-0.9418131204833167	-0.6771601125760689	0.33605178579483147	0.7299755868503643	-0.23459362764640834	0.3400307354522084	0.023670922995069135	-0.902234789543246	-0.24697067853005372	0.4141213071650333	-0.509451667722983	-1.8802990227797152
1.5368518013120902	1.1229215401256285	-1.50464453702242	1.1495507034233103	-0.02640856796704954	-0.6376397714901926	-0.7595021398436048	0.7422568233262488	1.2299723223490988	0.0013442404545572996	1.0273912003930479	0.8386037825756165	1.3487027407954657	-1.0307188014980357	-0.04746639685853936	0.1300338808745096	-1.2232694267551478	-0.6084507709715165	0.43055306006888366	-0.15488930484232558	1.562057699563047	-0.11379859945951518	-0.8569525710340938	-0.02968442884331598	0.008217633649355769	-0.34095756603049027	-0.6350964068445164
1.2345956817851755	1.0997501729702555	-1.2811949730292485	-0.14917444497923027	-0.03183868033012673	-1.2352617656895721	-0.7646869317896962	0.6427998203364158	0.8551901651810426	-0.21840716410900593	0.38762185928731296	0.9789839681193248	0.24676803673109507	0.04178546815148532	0.3579679741102727	-0.05162697173056668	-1.729382104998347	-2.2578491920047594	-0.12149044346802278	0.1318160149257245	2.44442002315964	0.24280756526147096	-0.09179951223815036	-0.1386893668869013	-0.20635548397691933	-0.3652483285019311	0.11351963124074696
1.083111119409706	1.5931398190041148	-0.9861513779070493	-0.3305720659483888	0.2672567265648302	-0.1882970100576755	-0.8225041506339804	-0.9901176692867786	-0.18341028435722162	-0.748739318392628	-0.04494722363315215	0.9648778456095854	-1.693449381901494	0.005096338258392168	0.9022271947497156	0.055500224029602654	-0.6359777028793542	-0.708649220111844	0.7554758513990636	-0.7283644121954193	1.5329784071303234	1.4294573826629873	0.4038814907289191	-0.34697771244762143	0.019006163171630817	-0.16343044216091912	-0.529924816834469
0.8822621079305231	2.115062129506102	-0.7108960789677053	-0.20041135834393484	0.4493193188930259	0.7205724044722529	-0.9434699347174251	0.24660208655275298	-0.2055034451493465	-0.9063565601882257	-0.08401970599130283	0.7001253070193765	-1.4428538111456122	0.11544436814875451	0.43883951849405023	1.0495637238228974	1.4866099633988312	-0.4048824968043893	-0.13985617240442594	-1.3540533876029104	1.2069058271640634	0.17894969334986918	0.8628693652091903	0.33364543345714387	-0.1466391821057817	0.10787031495657118	0.05173615084738526
0.9547046257151101	0.8870353043640724	-0.898138119318218	1.3644879702378032	0.33878995321837524	1.7314578152127673	-0.8362091225797965	1.3626004520144084	0.1408160569640078	0.6532053135292569	0.24552296922041433	0.1733479908371261	-1.0802470717827857	-1.513604399860985	-0.4215937881528594	0.8711498391912262	1.1538956200260866	-0.5394163738680322	0.24245380816859233	-1.062902350255897	0.8227148580316175	0.1685152083270801	2.1369856882983633	0.8943360257784658	-0.18774660533313733	-0.06530793566135379	0.6711668388496401
1.0122686882959337	-0.5346635848067712	-1.4025598919006537	0.3066130540629092	0.15015741193106236	0.2371259688891283	-0.7790660883450029	0.8176695606541013	-0.5222466070527447	2.261883739523604	-0.026854703556064747	-0.36208947847413553	-1.440508221643349	-1.0179376366448871	0.1615003135870421	0.91167467667089	-0.747665798722032	1.3323247970111727	-0.14152985552549416	-0.6420963865383131	-1.0292006241708243	0.3852564086653084	0.7687532064159737	0.013044589473868686	0.2730407699549078	-0.3430177775660917	-0.6735709942575285
1.0932740838535255	0.546988956329641	-1.251717479483453	-1.2156139516263726	-0.009699798658593979	-0.7549621716612862	-0.7674292481169291	0.37761579282634744	-1.4137225132623978	0.37041587318041974	-1.129122426802403	-0.32503198502155534	-0.5949408747484749	-0.1655179993555254	0.08602360626797523	-0.8258118227066817	-1.568260713967151	2.3061882168260053	-0.327522410185691	-0.2017678075173305	-0.7863112162169059	0.7146005279361352	-0.5813075577249246	-0.18303008295316225	0.7866898835903907	-0.25320375923196253	0.04840367958861739
1.1243753016014055	0.9535613448368039	-0.06620884190639333	-0.018284847974150305	0.14272301432123136	0.06435256019699127	-0.8843067568125547	-0.16941746003525807	-1.507606416426288	-1.1515776542186966	-1.041266508423062	-0.20915432985000026	-0.33700295589101975	0.595838362610556	0.11643311895423002	-0.7760102854213318	-0.7997422651192344	2.4190594896590825	0.17386202352275035	-0.3034295813631907	-0.682339368820996	1.4355956358434925	-0.01057450798597563	-0.01766517085835007	0.22421529192105097	0.12830676628182625	-0.38534319903113895
1.1603575797658436	-0.15723012653247756	0.28621116735535546	1.2208086085205345	0.16584974236256342	-0.18249885497528348	-0.8398061585150771	0.019201684273309465	-1.9910652111113454	-0.28750496208283	-0.39086033407649323	0.2753227740967879	0.6126090011024038	0.20908746701737355	-0.21543902593920503	0.015051174377152652	0.5549713903176171	1.5582816730452294	0.958005599157784	-0.6168256858333109	-1.598904667564805	1.525461297230898	-0.6309480708815169	-0.3397525244802009	0.1349257828152264	0.004832309583161245	-0.5280530597693602
1.1823673371177308	-0.9541281584501458	-0.004445394484838463	-0.3139162748324923	0.15863055417950928	-0.7115590478161526	-0.7963934624139717	1.2903800796082756	-1.878194320563256	0.5883774769711579	0.4529044799479874	1.3302334829527147	0.6138073859882816	-0.8275687598033086	-0.27826387655392215	0.7749532482649584	1.281224901243213	-0.42894339747850585	0.0978159208917962	-0.607070847502927	-0.9511021514010173	0.6976420772514887	-1.0826697660229254	-0.9355218078624837	0.07123980146006434	-0.02918818232834312	0.3285373954520725
1.2134963379553234	-0.9911656063928201	0.35976472499429946	-1.222864995380412	-0.07886089658806525	-0.2235643746701795	-0.7880968982132653	0.7401258140975211	-1.424335829984917	-1.0462985703375653	1.6424680970371164	0.9511104580476532	-0.014368632365709328	-1.2292638874116777	-0.9867482543130985	-0.3472879496594688	-0.5710023242648503	-1.9273551112727285	-0.4435767174869453	-0.3267980333391644	-0.48688481883425816	0.39069642463789356	-0.9693162431393852	-0.4061647206002909	0.524977940671343	-0.34570882895415894	0.1877944500991541
1.1020264880886834	-0.1749325959290012	0.7338957286100979	0.9977955478452936	-0.07023927893886166	-0.2123749530806134	-0.8984607135031907	0.29326025911577364	-1.431433710546999	-0.7842470917603453	0.8698947522475149	-0.26896262005503757	0.1714751394495797	-0.04390801329541021	-0.15932004868329971	-0.2619712216394793	-1.1414013433378976	-1.1850021749311455	0.949587136970464	-0.43624179168765415	-0.4908883736613878	0.8071315499459553	-0.6373670628615564	-0.1311762285244474	0.21802197389721215	-0.2710412722558601	-1.4169791021015334
1.3610267816224006	0.49948436844432315	-1.2308575481493604	0.6936652044190345	0.035879013427032216	-0.8682985284250749	-0.8795787406469207	0.076449910817055	-0.2219784097969581	1.026142301591845	-0.348685844792253	-0.030339756243357118	-0.8701242664214348	0.14466781892323952	0.42894470304702365	0.6173060123343407	-0.08498104983249172	-0.44131863793299414	0.07098469553157767	-0.6720743076677534	0.18458610628192842	1.219169602258771	-1.261490909214584	-0.3425842519229378	-0.05320597082851868	0.19282203723547522	-0.7392270706711489
1.4235103911496947	0.7424505732469335	-1.87147200574152	-1.150867121123346	0.055922449614176056	-1.9790241689624823	-0.8497838325662217	0.3549156597449756	1.0109509331091537	0.02780353292666137	0.18196653124056486	-0.18183004848196307	-0.8016317281938947	0.1262162193302472	0.4735441736996423	0.3111326530572776	1.7403547487652344	0.7808656541441211	-0.43361460749708847	-0.5692249479575732	0.20835326071133728	0.895789202881031	-1.0440258371218718	0.07944461506107058	-0.03225243147938536	0.4691671534131586	0.3578858497712274
1.5339359172578357	1.048718475648445	-1.3813062012091648	-0.2744623416137025	-0.02118804180917498	-1.4460797025489107	-0.7524654452238587	0.8426480338291591	1.1941161853765723	-1.6272304880245925	0.9324340885502989	-0.091051141382161	-0.3677456838629438	-0.7546028013426085	0.7703437518018386	0.11781084207744	1.3896536562858435	1.123838849122431	-0.05449947818010747	-0.3576952172530928	-0.6850274171330996	0.734783847753833	0.39262149705619864	1.3957671974497374	-0.1079132882622215	0.08984008152120526	0.5836833394169155
1.3015951570812272	1.3566199465635473	-0.5535251399316775	0.20218307012640857	-0.009953122795587662	-0.9502014230870678	-0.7834464297313685	1.4210007221896697	1.2244857406940064	0.044642898073524166	0.5855905656372133	-0.11313697222002464	-0.28126007621602495	-1.4545854324881304	1.3963059348765212	0.4911853792434483	0.1040838952864227	1.013231976634466	-0.5204875052935615	-0.07236852564167537	-0.157998555975992	0.513221946360024	1.0435385907474262	1.7367261049652845	-0.18206408203825228	-0.02110896700698662	-0.17198139205801832
1.1388865168688458	0.4409586834310533	0.9456575688449521	-0.1347672225961993	-0.02757203591030166	0.2788882863763319	-0.890282651699008	0.5690810981950093	1.0218116198409741	0.9331177152733663	1.0385899887279404	-0.38990386587132786	-0.19790047794786816	-0.09940379623808616	0.4173717705458584	0.39061922172992264	-0.9057413568952981	0.8025350697427324	-2.0419333341031445	0.2574951337051515	-0.8388212552648141	0.7766328819611139	0.07230334096274697	0.7098602167084064	-0.46708236686756494	-0.14191338443245743	1.1052606013315194
1.0207539342042193	-1.1382965291302072	1.9940807904345457	-0.5102492431270743	0.05685160899790802	1.066130210633439	-0.8355285084561911	0.0880091601391834	1.0327214541457983	1.6820912565022403	1.9794816927496004	-0.7662140942822422	-0.04261645078306482	0.42684376200330737	0.08879811743823571	-1.1401379676494148	-0.1258443797074226	0.4982911180730425	-0.8436873035579371	0.13016853257970284	0.796902842174063	1.541000650822947	-0.5440873278064979	-0.5404610140352658	0.6775474179096007	-0.1497243402055089	0.5731828656416968
1.0423190342105797	-1.763495139639159	1.7521083760181944	-1.281340809166336	0.3274905104039031	0.11475952782167777	-0.8540120098840321	0.0885856775605834	0.4424396798101644	-0.2819234334786198	0.41681939647824146	-1.9403541677820697	-0.8951033423385953	-0.4434833363940945	1.7156864834365093	-0.6614580796772077	1.2125020080028202	-0.4220791077856972	1.1995301834330965	-1.0219664361593683	-0.2880960812057592	0.23323930380476865	0.04306953261158503	0.24820533684050275	0.10762345322027712	-0.15180508711484414	0.5691897177308979
1.3158189861116818	-1.1241035006663094	1.016472444248286	0.8404603465158099	0.030293830632466354	2.3535465684717143	-0.8301551230428148	0.8275427776598197	-1.220197656645868	0.03821561867409668	-0.2789109995385919	-1.688529043133166	0.585701677405838	-1.491557259514317	2.156831522172112	-0.20015532146806497	-0.48712467920791097	-1.1195015104986739	-1.4481335139642846	-0.7128126607112802	-0.8775360552592177	-0.19560095380176673	0.7842689433657876	1.802120445218745	0.14496047402974607	-0.5403315918130486	-0.2586789228868423
1.1610908094748447	-0.6092074555916371	0.37505573969961564	-0.2099064642241547	0.050361906744536916	0.498467543836041	-0.8403567775102057	0.39249782498801683	-1.7702008844056982	2.111510911462397	1.817991523138616	-2.143277114812587	1.5532414194458297	-0.1558388273534645	1.1945682377232598	-0.6997681674267664	-1.2331238792599026	-0.696815323110676	0.23779291838664796	-0.11684933715683343	-0.45200509092963564	0.1620164659249945	-0.02647835549006704	0.465619572905009	0.3276930167202063	-0.22767406209756874	1.0464879611291384
1.1490123613409173	-1.030410950547275	1.0283171495068897	-1.310513960961755	0.09596073471824393	-1.4712904055123692	-0.8997961074731377	-0.2817928908382129	-1.7877342792954878	0.46395379631546013	1.6390079879868116	-2.1563159959918217	0.9975392357479682	0.49626623459060826	1.2611323428969967	-0.13583540634776775	-0.7724529000349821	0.1594823518839652	-0.38998655588419323	-0.1321283781024402	0.08035500117395834	0.3773152421643906	-0.03661751423794222	-0.40085810836546015	-0.06702270152168985	0.20763092791175686	0.3816264894195459
1.467094009203633	-0.5236665226933239	1.5692443995271452	-0.3889906387915872	-0.06554421526464464	-0.6185527429574214	-0.9270376557074984	0.3833834667055588	-1.115099681721844	-1.637377521302911	1.5458775747151547	-1.7718408122234812	0.10302279768473946	0.08631205194734391	0.2843922096509847	-0.69997048337961	1.3949219020253552	1.0066351314160888	-1.3861225081440598	0.23646151152321598	0.01628904126489167	-0.031543011105089384	1.010481939223387	0.015370002900130578	-0.0033500257828595987	-0.021052000599938614	-0.4011370891837001
1.6287021634194667	0.04729453087678733	2.5579839440826646	1.1664972825255149	-0.1659586222121795	-1.034263669668661	-0.9086429785451955	1.0012740829101934	-0.23083993038978717	0.09012943919849926	1.1731929452131586	-1.2420090584310775	-1.2740483416055244	-0.9853511535285392	-0.3997819482856363	-0.2826878111563202	0.7040835976683594	0.03488024140057614	0.30063809307281886	0.4145402377972593	0.26501186750148964	-0.5409232450597488	1.5306625775255733	0.012347507095825532	-0.6541464910144621	-0.25769640847593883	-1.370306777231958
1.829831459453431	-1.0960420764453536	1.421086771271145	0.2432555237796069	-0.3112555015920655	-1.2164701081347502	-0.8885309312341787	0.41759349105535293	0.1360397303080585	1.4315436818091027	-0.8315277921058207	-1.7332399006588621	-1.2268152818489635	0.04948435890893208	-1.1722352014073123	0.2405054535867217	-0.9639187251220237	-0.462209707874	-1.9440707384078022	0.4373587600519278	-1.1302435152059473	-0.12084651200046424	0.4714014615885376	-1.117752603221558	-0.7367781590815734	-0.5358273379760198	-1.9750013691394852
1.921752145321542	-1.2267512949686101	0.7405847944508991	-0.2992169729094697	-0.3385163968651518	-0.45249847388132913	-0.8612440696350032	0.32639028366904693	0.43536622598206315	-0.034459241414507215	-0.8170463656089493	-1.8336279171369518	-0.08819362373260152	0.7452193453388174	-1.5023663619488512	-1.2856079696465144	-1.4333612723417037	-1.3149792422202353	-0.24403624729885184	0.6202590048255041	-0.6619951152529981	0.5421299801655084	0.07305836892891518	-1.6259210495108982	-0.5229216376977543	-0.3988860951865958	-1.1707365458318955
1.828065596332364	-0.9002581637653945	0.8671106840766499	-0.3489603591164305	-0.2929661096533658	-0.5953068218354287	-0.901751768250728	-0.2671630756561044	0.8456176131650787	-1.3880420039601689	-0.8044587940550822	-1.5345725137997857	1.483640538254087	1.0218537008340802	-1.2883163094238252	-0.1854333329322828	-0.21657535560458424	-1.3885326704777723	1.2662418678621776	0.6558072923040649	-0.7858991219209215	0.5531168059821802	0.05086120733299206	-1.8522431759195932	-0.8701477242345879	-0.23540589319530045	-1.170739957392765
1.932685373904779	-0.0970931798792655	0.5155058220875495	0.6498113433693089	-0.22294701267649483	0.22958424856336093	-0.831142155055388	0.748766056281807	1.0044431370643774	-1.2852480562925088	-1.8626008262409355	-1.0903645924791374	1.6005257961621142	-0.022266093407978742	-0.2975823145150921	0.9014546467314597	1.1784467192837205	1.126962294032529	1.455384354010891	0.01967024496349048	-0.1805102706038152	-0.10495470431098743	-0.13753773720209217	-1.0527354683330736	-0.844236614595789	-0.6407115765385898	-1.7622297751199973
1.9250260893831652	0.5768340896784887	-1.3311945384752382	0.41600215009138536	-0.25447190737724396	0.9786124686250369	-0.7351053362654681	1.3905541110367567	0.9770099246292855	-0.023336005216275425	-1.4792638415129096	-0.19885705433334705	0.5375027800405153	-1.10400342135259	-0.2986415475264466	1.192541339778292	-0.4971546175356075	1.2114905489246222	0.17222283518735254	-0.036889863991888414	-0.3896565445316678	-0.19759736665121794	-1.3229725658384264	-0.5408949988837146	-0.4304373161788707	-0.7734967300579626	-0.6526167069382878
1.7378167820665311	0.5212822285444522	-1.8213757993819584	0.6676710205573206	-0.2888304969787396	1.4757311267597146	-0.7322240493816818	0.4029829303382726	0.7409045417165238	-0.9185278555736054	-0.4444382224615513	0.15924349242608996	-0.7874298760733819	-0.4198254258400289	-1.3454313133529694	1.2146629666918722	-1.6280651115215554	0.3282332371380893	0.9250493301913572	0.21354155342027353	-0.629941905217617	0.1039900964333717	-0.664004697631419	-0.8319024815852004	-0.18956407819625506	-0.3309736875213229	1.7942466068691072
1.4490343518113087	0.2612451247308729	-1.0162378805873848	0.8541481438561171	-0.2149207088884767	0.8201712489734809	-0.7967921162280684	-0.31681500113213007	1.0157041274911394	-0.0428700383933343	0.02947511499854633	1.006761498016249	-0.4508040909215776	0.08244896710640273	-0.8434642892364982	1.3456040969215028	-1.2102701838718934	1.2365851554486194	0.7992845555922695	0.5193441007677784	0.6166235692314362	0.5686006446089725	-0.2498302089440798	-0.11684101129262836	-0.33875967706130805	-0.240873274451671	0.18829668412890044
1.4575447235790697	0.5380594414873375	-0.8049467486698504	-1.2907652075978078	-0.10307566005400855	0.883935603417889	-0.878292321063409	-0.3165974026078172	1.3357670795127812	0.34875168496005304	-1.0700798803831588	1.4877791429291451	1.094392287880259	0.952098558421949	-0.2197735419147305	0.53018791824974	-0.503735175117309	0.30445654854447934	-1.0172950959983376	0.4293681270238653	0.8357967352682512	0.9511912922191766	-0.5329819908574769	-0.36676752141897945	-0.15191992057656703	-0.2518954269260797	-0.31456340374650904
1.632095953387693	0.20216554872700138	-0.2113823246352243	-0.7862381896305828	-0.21813658250325618	1.4602225633306267	-0.8170365318976088	-0.4377359300451331	1.2526833846721313	-1.5718641279216687	0.36648771412630404	1.2322768171773038	1.2058734587237978	1.107558139688084	-0.8389229911718749	-0.9699330921400157	-0.0038580000029177297	0.10571913003724259	0.8928160839006549	0.46922348315605295	-0.36678937614447144	1.1317351861299971	-0.4808067327511862	-0.35114542922538006	0.048398878285541014	-0.6609510279065517	-0.0168856423162414
1.6111408985924327	0.37488386310873456	-0.3338814761168673	1.0220196303481217	-0.3898726542068296	2.0031717434855802	-0.7136231439391255	-0.5658776233811399	1.1224665194702494	-0.5267543730615136	1.856479537977228	0.8637163480085008	1.546488511855776	0.649234361996587	-0.3077051869409173	0.21571894632403754	0.6978378904146522	0.18778157514284785	2.3763781169581484	0.8930304970772133	-0.7884836647925394	-0.3016916701109042	-0.6614297601826834	0.6632536213792563	-0.0040027983186166245	-0.8808814901454061	-0.914158346232317
1.5681957067768881	0.34472926084015343	-0.7443860524279651	-1.2859129055975604	-0.440056601200729	1.0520511761034017	-0.5532929640910889	0.7465199274161776	0.738018440330813	1.004245658464795	1.9345703876736695	0.5536641869334666	0.4613732329628473	-0.2278988061883187	-0.3107451118807628	1.187908008417308	0.6170681321971785	-1.2546179845090681	1.9748232321677952	1.0416050828931105	0.16497400984301022	-1.4096980932795198	-0.9488722964881705	1.4067767058459812	-0.32901310910934756	-0.5062295546699456	0.107969867846033
1.7060036644430978	0.829566363377121	-0.4105349784944997	-2.2309849183470463	-0.5500290981595592	1.0959834571640636	-0.4588911393483884	0.616362387570368	-0.22445603227233182	-0.30390521214293464	0.6936219786627914	0.4491464787596843	-1.1201083554119884	-0.4208494381756229	-0.08268635580416163	1.4550896773938724	-0.45195186410702537	-0.5072567455254948	2.1708014338094546	0.5514491369410823	0.7003730236477823	-0.9999167534206973	-0.6952917371431483	0.6023144419395426	-0.6230792868851671	-0.8525104412915704	0.5584537387016586
1.6163622341906265	0.6829804134897921	-0.031545819837752	-1.3747463460369527	-0.5343682845213248	1.5698028643144868	-0.5320889925562486	-0.07275105946965435	-0.8271568710977035	-0.3822974980375303	1.405009788508701	0.49531319707623844	-1.1197307915786694	-0.28848957504979456	0.02813670080578254	1.9653984354139085	-0.587284700968769	1.0222702633677863	1.6294684009513696	0.898780241071118	0.6012960564605682	-0.7237334195650301	0.015367413825596362	0.6955069246473038	-0.6642809729596214	-0.6365495811833155	0.07213723376669683
1.3377534198245848	0.11552950095834821	0.03728302224497216	-0.9777450633346866	-0.4478034943981852	1.4417809894395706	-0.5933187861889001	-0.1740575468834448	-1.384558228927702	0.19004379744648978	1.122804872610894	-0.28714774030588736	-0.32602633158489347	0.12765980339839933	-0.4375176867097585	2.113993852276616	-0.7788607094478298	2.0429575050302646	1.2385344562625056	0.8971766402697612	-0.30853531687197855	-0.7065316117336712	-0.03122008819651747	1.322431853230656	-0.45586392010709714	-0.790624671803959	-0.8379258492145176
1.5538558528816155	0.3037711657657674	-0.15460713199927473	-0.46156312435728225	-0.42624188286752385	1.9765316838237053	-0.6333114114397621	-0.11623550863288715	-2.022892593769629	0.5719336160163182	0.7961591623430491	0.15066280067749493	1.0194718366204683	0.8353316986253314	-0.7482185459819864	0.9927667096588141	-0.7398206576220046	1.7508481465750816	-0.7084333155807049	0.7677353811022531	-1.0542004666023594	0.5719850294876754	-0.2398816743442993	0.9025125859957339	0.12290748899264888	-0.5930092984768994	-0.17340271470350363
1.6133137000545419	0.3515009592759273	-0.5305462636722496	-0.7978179782482844	-0.30470676168438515	0.02926174235984035	-0.6185759241500006	-0.7031575882712036	-1.800053968349203	0.6610864427295959	-0.9045466104124729	-0.015174281606502582	0.5253938892803117	0.43044770281154365	0.29139144526450395	-1.3872146193690453	0.36591737769921645	-0.6148828370742065	0.7717867318895014	0.20664433996846873	-0.476831293495478	0.7464925615012418	-0.06086901424085887	0.18682042262800488	0.022303334359159797	-1.0212515883498339	-1.1443789474193349
1.4624276258105988	-0.1651743104363807	-1.2115470135885673	-0.09867979064258366	-0.10700245897267029	-0.6140675868078972	-0.6399488936420201	-1.1797707284522119	-1.2478548357533819	-0.70281492231559	-1.8108081327794288	0.47360864326350416	-0.21207552184119224	-0.5925562933247485	1.5344076621865068	-0.8771897997011139	1.5095262156432325	-1.2546211230333617	-0.27160192116437687	-0.20108309851416753	-1.5024405987274851	0.18496312131238704	-0.09328188774657507	1.2622357409533511	0.028994335684053196	-0.9572826322534691	0.3583754020136788
0.20426708547931793	-0.2029276234619765	-0.8291570770729271	2.6268561239139983	0.07958299855574147	0.2195795965538911	-0.9461701975105449	-2.187108170230498	-1.5741408633907354	-0.7321234090155716	-0.008226053069928121	1.0233625032913665	0.95740116443974	-0.6743558776598091	0.44362085519073235	-0.8369602946041231	0.9834391925640059	-0.16491810346190927	-1.9949567856895336	-0.5767171831830223	-1.7692230575824544	-1.8452869053412868	2.046322693872352	1.4653232063104913	0.17014942707721795	-0.20050509678134862	3.3367615662247303
0.4362633890959154	-0.9695959381730122	-1.1005080553028892	3.1106590571530464	-0.09008721228744578	1.0766809340521584	-0.9105755393811357	-1.7927611121629379	-0.7147030224387318	2.2018696706175103	0.40186967258851813	-0.13247983508035782	-0.15701092523562543	0.6927585729666375	-0.4085686242382564	-1.7424068312503833	-0.7430319116164323	2.226745299759383	-1.70206253373367	0.28173273470335103	-0.8248758012281866	-0.7862807105468229	2.8895319911655184	-0.4984740888909238	0.8264348915946866	-0.3282679724412291	0.8476743090282736
0.5332252296292491	-1.9244078718432267	-1.3581640183135444	0.3100908275469741	-0.22115723528942144	1.0143591564691667	-0.7957772416363397	-1.0672186788659803	-0.2790490108819943	1.771567951208579	-0.6798819239819811	-0.7484092268975419	-1.123238491813582	0.42334530741112325	-1.3124059924883793	-2.116857664633675	1.4142847021054947	1.7277428325097708	-1.0567226625834656	0.5524805521901207	-1.8450955841716257	-0.1953716233128598	2.186982252777332	-0.8486156762950697	0.8613779348304885	-0.39926737610440255	0.727426770669402
0.45283367611932646	-1.8713314609506677	-1.2693391775001548	-2.23781347934725	-0.21677351621977894	0.3519730119209895	-0.6905451803333379	-1.1266158252455858	0.04283963056680522	-0.007059681571804003	-0.5702321612328823	-1.3346152134581082	-1.4320550946913846	-0.7957598588176267	-1.8669222660501572	-2.172383221900402	1.2757400015015494	0.5950807028513965	-0.5378717637591482	0.4612880500004831	-0.9932394887671306	-0.9317724520744822	2.1576680288764494	0.09063190106729253	0.4394587909376921	-0.2520290131143435	0.9098649507331414
