ICA_00	ICA_01	ICA_02	ICA_03	ICA_04	ICA_05	ICA_06	ICA_07	ICA_08	ICA_09	ICA_10	ICA_11	ICA_12	ICA_13	ICA_14	ICA_15	ICA_16	ICA_17	ICA_18	ICA_19	ICA_20	ICA_21	ICA_22	ICA_23	ICA_24	ICA_25	ICA_26	ICA_27	ICA_28	ICA_29	ICA_30
0.9212232173935918	0.15702729953479563	1.0872282985738786	1.7184016105229105	-1.5999002255222907	-0.060171950134662554	-0.7142005788336536	-0.4547541260415981	-0.6128096185038389	-1.0159943573879813	-2.617069740185387	0.4164525087708818	0.6381669138455093	-1.7670706844526611	1.2871470193908625	1.0892752497301983	1.5454768203397617	1.797910498532229	0.8979573325497138	-0.46820326300274845	0.6406573117448588	-1.1999029370565406	0.7189978030849006	1.4860416081327954	0.4269889646161696	-1.3746242467759833	0.5977925346346372	-0.7942332625507273	1.0705852370209545	0.6670237880457148	-0.2184145010173623
0.11255408875753191	-1.012755408484164	0.7086625945962757	-0.3940011795584678	-1.3732435206594635	-0.8568791212481549	0.9099859020910038	-1.1511772134067493	-0.032064382560597945	-0.7750055964045258	-2.3289481729172365	-0.15030223085845545	0.38912594097438996	-0.967955023136907	-0.3838574950972737	1.0958933060789429	1.1790783165709486	1.1175611115699333	-1.4165750469610758	-0.4052380007556344	1.0350549514747176	-1.7349478154450615	0.6286438447404298	-0.8320861555488184	-1.4724844988368746	-1.589618951194061	1.0730959433618716	-1.7657432189604116	1.3941727397364059	0.2844284871592316	0.0970990594206142
-1.2915171162066268	0.5103579579611354	0.6642174865898345	0.26546282210886163	-0.9680890232122997	-1.5292271060427427	1.181898229643618	0.5756830233964685	-0.30889758525803995	0.08493806132265129	-2.0672865908134637	0.27670334162423116	0.8508884806168545	0.39903234800707166	1.3700723998911715	1.2190763471295059	0.37688122375842115	2.317047604802568	0.10665962377754737	-0.20929435852526826	1.6483279783087492	-0.8892309460412582	0.542422169721848	1.139968214489793	-1.431916739774939	-0.8156677348094047	0.21958579409212153	-0.41373939799746406	0.8503580046072511	-0.09176466618595254	1.396901464593889
0.44377322413012305	0.9049193382862658	1.6515152243893965	0.29050723631102293	1.1259853024612863	-0.09979454554855155	1.2560805138226812	-0.07227239230186508	-1.0635303306323556	0.19806006666173703	-2.068352830432091	0.6102056049947867	0.2812164847521941	1.5387108516703025	0.7118527101378934	0.27110966078536175	-0.4367868128471525	-0.40146664164822193	0.7026292997672604	-0.5750658249253676	0.13607209589629424	-3.6120699739996796	-1.0967574114807133	-1.6634676575834573	0.30513951827259017	-0.3531610911419231	1.0621153784959774	-0.31616076063461246	0.2559494782298147	-0.7768054590450438	3.0512966955884933
-0.6123131172669327	1.2445565040738922	-0.00699011715072204	0.5037811699050262	2.9710390482436195	-0.9362728156136454	0.7100832058768851	-0.17940116488781221	-0.06688194845026699	0.18988455748767577	0.03811099007674615	-0.7284394669268459	-0.8050297137552401	-0.1386923637911101	0.14714229811577964	-0.8874215912093858	-1.1208432301282776	-1.5256370008448517	-0.43624613725038414	0.8248744631445829	-0.16446727905630099	-1.6028931461280074	-4.542206169402706	-1.972974181036116	-0.24975650532703414	0.4688922597136596	-2.200715919162099	1.2855515851144526	1.3316521536133294	1.0613657576019444	0.9677890846983748
-0.424499563595725	1.3837698971006045	-0.1505620356673267	-0.49557740736517025	1.6062154118918934	-0.22856187539287237	0.3750750875642437	0.8329607081831385	-0.220527543405506	0.5875682738928975	0.4469382005291796	-0.14453809996677347	-0.31887455052187536	0.24982199449688203	0.8087224446391577	-0.2808031469860897	1.1066514961969984	-0.22636641108865588	-0.1041800575159339	1.167709874873439	-0.700680782105204	-0.24112932898628364	-3.350879429108779	-0.5372364173299077	-0.6723097155886819	1.9377798147811176	-0.38389283582712924	2.1168711250223113	1.2493705732981282	1.8726367590913051	-0.39768021979234663
-1.3340775902259292	1.5035894948358948	0.34585090937453905	-1.5779414577782689	0.949497425510669	0.2725480539682538	0.014985355580123578	0.9106574495107659	-0.6840623571433717	0.7112620468264891	-2.3348145425299958	0.39462450885892275	-1.3004365118362045	1.0148025465759862	0.007321921777649177	-0.03604121384436828	0.6295350223511682	-1.2787130735723244	0.19338495547972234	0.4976755790081442	-1.295755957197455	0.82434407002321	-2.054342536619643	1.4841241017669917	-0.7325921009578447	1.9971735829718986	0.966804695901243	1.7689869131768137	0.6551119163753374	2.4198866939976527	-1.3854238708637243
-1.0879439926685233	-2.0990026463333162	1.04658040485011	1.0224094627329852	0.8349662363255824	0.4514999414662554	1.2344027367418786	1.1980821152642305	0.014673578276841109	0.48206540571787687	-0.3403607902881736	-0.2012181521399631	-2.5576205620107615	1.0082245751030492	0.5777960582819334	-0.2940818643162979	-0.3480897754922036	0.25267132536345144	0.9914126513836977	-0.5145453662598493	-0.6362580119722857	1.3326557174209006	-1.4490360606002286	0.7735091649185277	-0.823007967298123	1.3359894706177615	2.3100351543716076	-0.43082120179247335	0.7549933171816365	1.5254762316744224	-2.770868024035165
1.0427245620211039	1.48962867279866	1.099992389317867	0.2773188986029873	0.6432120941521395	1.6156899186718057	1.0773689046447394	0.1314861375290647	-0.6024540322975597	-0.07509106552040766	-0.4602366195316307	-0.3266921203247729	-2.4505362309825993	1.5622432839797722	0.5306771136358167	-0.6424721653814784	0.08616310891825736	-0.31598403312589496	0.7565628914505622	-0.5237425290977279	-0.8428996227271149	0.6271612712395358	-1.944939221064421	-0.6976657389862385	-0.47585634878529076	0.5159463239355572	0.47847053394505284	-0.9798486762036819	0.6600077751567471	-0.4486006073156151	-0.21482491394994677
1.3204520361205214	0.2590115100054493	0.5054532020148399	-1.037630343609589	0.33807976394994693	0.1568161234804799	-0.5694271015613194	0.3505787384336531	-0.41805942314331496	-0.09230331312723392	-0.8777749694064623	-0.32693847891812816	-1.0002860694442506	0.22625996783408653	1.1602582513189637	-0.29880983168524966	0.7077515085206991	-0.36878148753098744	-1.002708580708103	0.9151479901042319	-0.5664140169838884	0.4858384460309417	-1.6313037889237365	-0.8045745761603266	-0.5561262919479005	1.5359136813569867	0.6665890248797374	-0.47612976957863246	1.165862439643895	-0.3010660451146265	0.8745158346761425
-0.42262188277802276	-0.37786323996248117	0.26678159176554134	0.623453314515023	0.1924265219788266	-0.04726520798930158	-1.5806057049458535	1.1172389030286614	-0.6599464894360711	0.8257377162020375	-0.7234998926042385	0.05480884422222471	-0.988938707086213	-1.119123173506058	0.971458486451937	-0.5993202782682897	1.2595457256259255	0.24410876594173367	-1.7293162161644309	0.595805197373087	-0.38223158642097016	0.5929800055208333	-1.36424237756453	0.662801876425598	-0.16129267664014374	2.1494631761114436	-0.8220655527459783	-1.1073161662932096	0.6038810696513263	0.10183335445753695	-0.14944864967497334
-1.6596945177835059	-1.6041486821534616	0.839872499692224	-0.6501910052548908	-0.21508704055506636	1.2202411605734858	0.700414091684704	-0.01818104408881123	-0.3450523276209796	0.08982181690418926	-1.9996214096622715	0.33004025715765395	-1.0309709844486101	0.005110752342188582	0.8530807874731052	0.2565233962185405	0.17651537210238177	-0.9906896454351358	0.6057636882229075	0.7471325554146828	-0.4954648479994904	-0.34864153167550177	-1.261546725117046	0.4917880878055545	0.5476046348972845	1.0464560664164666	2.349245734869062	-0.6749213031805806	0.7367895072444834	-0.5617321193194874	-0.0004390113637830207
-1.236007910566124	-1.0522687677196494	0.5157818962298285	-0.843311880744464	0.1138194567652044	-0.39588272851239786	-0.8407050140321827	0.9157395765676889	0.434894359981865	-0.12173671299214477	-2.2325703177495884	-0.4473798349839385	-1.302771226386002	1.001386183402001	-0.5738795173536626	-0.1061544459006737	0.16469593370275892	-0.6125072877745501	0.5980807244551417	1.0747861483424885	0.8145799383017046	0.3869074207975425	-1.0900818346300303	0.4943143494850067	-1.3600251694208012	0.852828172296844	-0.07868330708811416	-0.9965797935414955	1.1745261572340733	0.10062504102660559	-0.3877103443677589
1.1833842977371083	0.9474803579560005	1.316141716135687	-0.14591185590396968	-0.5746833713164072	0.9102067329785762	0.40702572126953357	2.212457931744748	0.09570372643150381	-0.14383976353680433	0.20799906496968099	-0.21831670002081335	-2.4894124468394443	1.270838956086465	1.2404280410635977	-0.334515914138135	0.957555035615967	0.197739818261606	1.085089292659484	-0.5459417882531599	1.4271730927214454	0.7709799212129594	-0.4342306784941083	-0.5414763739705134	-1.0051000816228972	1.301452830870266	0.31859924156126246	-0.6631815039299659	0.3029621380772434	-0.10979348523598986	-0.05891721206169329
-0.8174340955403113	-0.13754644181601977	1.1240930118936805	-0.19692477750305393	-1.1326216081073142	1.7699331134058853	-1.5770317450231586	0.6703503586624381	-0.014678747846297907	-0.31632312282433445	0.13407748837249092	-0.09879436498300097	-3.178707186582972	-1.0779473349313324	1.0895108282745931	-0.954080673885886	0.9916472663188933	0.2786958970541482	-0.7678147643649452	-1.0054932113273929	0.49030970938693746	0.5099987117241498	0.05737495961505303	-0.494128985083945	0.4527525824406556	1.1605744972037355	-1.2230762488068687	0.31433436487630534	0.0294155576973178	-0.6050247655409076	0.8799531272083355
-1.0675312051722436	-0.8554689941007847	0.672519736152136	-0.91776919224434	-1.5654900412879036	1.3093327857943329	1.2285946756657269	-1.0931141148360914	0.544922338762737	0.46712757503476504	0.49678195967905925	-0.5365242733296868	-2.511527252686901	0.08303141154375612	-0.34827758328657504	-0.7261291666850309	0.17103346443894074	0.4400622893684237	0.7696584526920223	-0.8537049650724913	-0.8322506195942648	-0.37443018123947736	-0.1080511388892068	0.8005414501984627	-1.1790336452362358	1.2322476143690106	-0.6106870212661869	0.7683882485136575	0.2847066675967356	-0.22920421300153812	1.1869356158452955
0.8498976825051965	0.6868371929684822	0.4783276931411662	-0.4831058034784646	-1.1918088084389948	-0.9262613641145991	0.7428740068252333	-0.8855131687281669	0.60092677613891	1.6770280484719087	0.9168671791655193	-0.5083221446284341	-2.671351022818099	0.6339876949440529	0.8850566150886207	-0.9334546116672406	-0.3506310244706211	0.6614100889501239	0.18170778374445742	-0.8687879717066153	-0.7007915027382234	-0.2637614237829709	-0.2256149656713781	-0.8980447644487097	-0.5987410855893419	1.9334940779824683	-1.4665200934149043	0.3319112289387468	-0.06081616538567589	-0.019317469469137552	0.021957341564584374
1.1426408948937508	-0.1996928918341817	-0.26478243356690984	-0.25446037516915615	-0.8219724329912532	-0.4064569992015056	0.4089542101677883	-0.7807372278766661	0.13066781777427888	2.1278737920097046	-0.6302388320765647	0.2860089127257506	-1.147032361902219	0.0989346284881454	1.5168034504329448	-0.6373128208714345	-0.48482234861803597	-0.1295652973009953	-1.130882662282293	0.756365455614254	-0.6855967069014548	0.3537465224190772	-0.23842298447437876	-0.5145629641005541	-0.6885202276545707	2.18204833450504	-1.25983236956963	0.34217206765761327	-0.5393168615575146	-0.6882954594381991	-0.18283368951323
1.0227330546213784	0.34546374923512596	0.30038629592160376	2.3893046494689645	-1.141541339162492	-0.5000012042853723	-1.0189473377509024	-0.8725592188626404	1.0303070470035292	2.084754416602362	0.6546372924234605	-0.44190164985318503	-2.04979701344974	0.012763451507974994	0.37974473074866816	-0.6173408198118089	-0.10943022780064418	0.06564222511357821	-1.0801554495872145	-0.2242968973124162	-0.05947883942257078	-0.10096233860632338	0.12761326001264653	-0.47834016046990097	-0.826883276555662	1.9164843935640052	0.6781067673221051	0.4722442086809312	-0.11915274382776642	-0.4413672168714878	-1.0893765419430266
-1.408308039035587	-1.4089459936582123	-0.07143428453881889	0.9043877203577563	-0.2817517208221833	0.9039047742203786	-0.37477431888448454	-1.529975134967466	0.27848894274606106	2.110794742568797	0.2069767432369978	0.15820860824902647	-0.7120816775611369	-1.2290580677590612	2.1863106933532293	-0.23373935623264822	1.096695357409374	-0.2180625510338517	-0.05218539917817744	1.3358804941128644	0.25776027171326205	-0.18911517955696042	-0.071910796737768	0.1967347732432959	0.48185432393925876	-0.09996799288085365	-0.5612146677114841	-0.10954457356661271	-0.3949972625290738	-0.8576097696180023	-1.7535656294678794
-0.5174202540335557	-0.8967594301538198	-1.3545011811365917	-0.26802889710434924	0.8988353675505117	-0.2035983168423254	-1.6896674809360144	-0.9322453275570887	0.9666784071581541	1.3629480716059836	-1.73080189517971	-0.4837636809731976	-0.8446973760408095	0.06384902732214627	-0.15712520988569886	-0.5017599132410572	-1.185551708836722	-0.40004922064688386	0.7614798558258455	1.1745830819989165	0.5176018107957765	-0.7838892935175383	0.6899958037028632	-0.5208387129720348	-1.111984859187705	-0.6961693275764262	-0.6216496705775053	0.5083666138286618	0.348247731277535	-0.07111540916121502	0.2883429153974869
0.11190991883148332	-1.4044581450883036	0.056494233623820785	0.840715553029338	1.6509002638719037	-0.5415324769620948	1.8234459406586467	2.5007981361818095	0.22107567705330522	-0.09565224998986145	0.1301616668042234	-0.11478028622131205	-1.2351600343081917	-0.34520324536601676	0.595390433992839	-0.8195647164992994	0.4625895279066202	-0.5779129550660907	1.6823195043161565	-0.9440918711531661	0.27065152156658584	0.9653595377319987	1.1258902608432704	0.16452761597144766	-1.2782052480901962	1.0628889384121116	-1.44850973374622	1.3963060660755935	-0.28494742080460056	1.9232260577361904	-0.766676330268793
0.6173050085113371	0.1047094942502749	-0.27180572328997704	1.5833372247157889	0.7356533959460487	1.7697047170212774	-1.1142104771092944	0.9007173359439649	-0.2152218016975817	-1.2151862824287365	0.23168465110240682	0.3765135173716924	-1.5890929967566971	0.2316239631024057	1.135682365158224	-1.3158948248107698	0.9351319740804644	-0.5794499457211025	-0.5980127523586316	-0.8552083797828547	-0.47501879164805505	0.676909100921631	1.0251749596090105	-0.09521768599414397	0.6402316592803305	-0.7527122171038103	-0.4371356094475689	0.23815524097239374	-0.9214850507349767	1.3255351377258042	-2.484999164390222
-1.3353406089222335	-1.8705653203229193	0.01129426969006981	0.38921493054104617	-0.14469194882960668	1.0675500836425984	0.5447692539876928	-1.2020624495418315	0.687233649349479	-2.7441372401095236	1.19371255362946	-0.48981692250308434	-1.86482280398634	-0.9082446132448718	0.1536401836688853	-0.9432584493433864	-0.7391277950471077	-0.11161204683987823	0.9209842103481525	-0.5331035073380809	-1.0368688637567176	0.3970146158884871	0.9775929739526713	0.4527048915615163	-1.3700674752596769	-1.3544449272938832	0.06118941725554435	0.6398237625469524	-0.19217766343107476	0.3364495809427794	-0.5220583816249013
0.20755422343647745	0.8625458331474657	0.2980150479882287	0.039482301281015465	0.1530708000152817	-1.0579057493937472	1.1382642143244999	-1.0334294442572656	0.6340091714384278	-2.3000754625947732	0.6878808873838782	-0.6107490162929397	-1.2265516410753332	0.8269686905155446	1.2959313364900649	-1.0891382687096984	0.3483946324035176	-0.1489026787420233	1.060235744511705	-0.8032540489384558	-0.9185022530331127	-0.37942838519000655	1.133754192230424	-0.22284205780843638	-0.03841270771636839	-0.5142470082841895	-1.79176286720919	-0.290696453682326	-0.07062733956768763	0.24872498820654845	-0.056944565050335426
-1.2157436508524755	2.0170612866498905	0.05334866742211571	-1.3765054293393608	1.0075786193603764	-1.549120941695696	-0.21966070422153436	-0.2400194158214247	0.05082972283948042	-1.3285678933342602	-2.3793163329280653	0.4639547739117068	-0.9487507969756602	1.0399566657968746	0.07597425743065973	-0.7930098889008379	-0.611481347843092	-1.0081989074713344	0.09316111258408127	0.02814876255278456	-0.44614282322110194	-0.7424776276982353	1.1624413220624845	0.5728325792388148	-0.35487450384009145	-0.8263280677866631	-0.1892860003709489	-0.6502779150679888	-0.399796735243158	0.25760003780441515	0.457152190357866
0.7371253654148844	-1.4501545460579837	-0.08380107196330513	1.6056043591743205	1.7867835067349116	-1.5467341759771844	1.2683762054619918	1.243493385117907	0.434560486148448	-0.985867149999102	0.6394356158352635	-0.4321604219254703	-1.0090437766139677	1.0699283667463886	0.3145975675091045	-1.1953763233853754	-1.0761874331288446	-0.2649251434697721	1.3865177589246926	-0.931211389146434	0.356353373611812	-1.2747096057296246	1.1180430775177386	-0.23288224518945475	-1.2600884173206477	-0.10325203944484548	-0.605442504045356	0.757657483458756	-0.2851091264219588	0.12423109287470623	0.34380705194120637
-0.4548197420383165	-0.15459683425909101	-0.04754200067232046	1.2851102823445788	0.5879644882515102	0.5874920344539257	-1.8155789870034604	-0.3403862116464887	-0.16165630703125117	-1.0872874590067136	1.4265618501598014	-0.08840652822510298	-1.2181558800174357	-0.8954527104996142	1.185021772827311	-0.5121322465283664	0.874194796465107	0.5487905249515286	-0.8684631538675354	-1.111685002767446	-0.943266693118623	-0.9021505973037697	1.3274341672201868	-0.11354934180419969	-1.3389033540619188	-0.27957095588075564	-0.3243378046854095	0.4716675052101043	-0.4671965034299845	1.09807370486615	-0.9265328974628239
-1.0806147221094482	-1.2226669724825605	0.9836855829637007	-0.05334238329253384	-0.08523995948726108	0.2270812461072035	1.5583930249598903	-2.099152022535995	0.20662206720910928	-0.6956231327586396	0.016597963630815088	-0.3383206623101669	-0.9116473075582777	-0.009633423409671655	1.2680890362592476	-0.7697254993762138	1.39637975385102	-0.8189021578883537	1.0747108201621094	-0.9035147777959297	-1.0503491694350717	-0.12407140673378983	0.46139105849671563	0.5917584387893666	1.1414444877918397	-1.9533982826657732	-0.2803295532788072	0.4647464700697826	-0.571827178667491	0.12943986133509414	-0.8646559157529985
-0.7159872379344625	1.251404909348038	0.2475358915314185	-0.6811597436556929	1.397277761112177	-1.5384474531122658	0.6568715220029488	-1.4024073436116036	1.1758461870414763	-0.7273434706778868	0.46477902544067423	-0.9221554014583535	-0.18088671238796367	0.2650953224081736	-0.18728097611977843	-0.5660564618779983	0.9112181638915429	-0.6267637763101521	0.5915968659005393	0.9084145567827211	-0.2467790666672299	-0.9727394260258122	-0.14029068229164962	0.5001415055173147	-1.313879093127759	-0.8341376646822545	-0.131342572857176	0.11004053268036484	0.040560299095415045	-1.148201111254414	0.5652559498891166
0.607158749494806	0.6937560380058825	0.3466286806603831	-0.10912569916649856	0.6010047433733621	-1.5887481723167902	-1.7535237382410311	0.24573186958869148	0.19969941449081655	-0.462127881163533	2.0160755690571768	-0.051110901580758754	-0.4318296549487168	0.389480657564572	1.2150749019704128	-0.6394662830552833	1.0892686857652756	-0.5059258687563919	-0.44510136033846937	-0.57810245415809	-0.1690853788142071	-1.6858677470906935	0.42092812289564574	0.17769174930453754	-1.0174225039119713	0.895278573067885	0.1482097934259507	0.8466597686104791	-1.1225434992372676	-1.1571285696262574	-0.17427549728296876
-1.429377930501395	-1.2089884746507826	0.4326893060760737	-0.67266061422934	0.009367928851745363	-0.3202681034738013	0.17590235622175385	-1.0266384959464123	0.34331745405736364	-0.9697333099708111	1.6188518189876755	-0.6489046464417199	0.2419614424007687	-1.3997055738217392	0.8285653667969252	-0.7894964403432327	0.00925512159943081	-0.7058476654655536	0.9923044490936266	-0.7056503503085109	-1.1213651500905744	-1.3341294663522254	0.6050924175007203	0.6649298831001934	0.0029246904365269667	1.1561190888891169	-0.19808660293339608	1.6005549049819845	-0.6765094606952483	-0.3813072646925425	0.14415790464592035
0.12224040597194732	1.1587422883949885	-0.3805675087190993	-0.9926917709660835	1.1575167437733715	-0.4936275722592929	1.0148049832876798	-1.1222471357046273	0.10199909713304656	-0.6695271342487914	-0.3377657522567315	-0.7533233345866239	1.7349488355370237	0.5573154186893923	-0.6285219794312735	-1.643647836933723	-0.7427013092540281	-0.5879727296216384	1.1737559228419727	-0.029096778166837044	-0.5499675901681869	-1.387147697196117	0.04707280663590812	0.4331321186588408	0.2710161764581089	1.4360201692259464	0.5641479664461096	0.7378629186150226	-0.43795017797083385	0.061469718095694036	-0.5567920059590846
0.5185721895403522	0.6917970946989414	0.10991776472047121	0.6121989891629523	0.8409047707068015	-1.585174374866774	1.23222393333722	0.863848459567106	0.16869791166769818	-0.07133856459794356	-0.10434728139296831	-0.7214907707094622	0.8911275652964901	0.4692180999195134	0.21166411849582323	-1.7168568161985338	-0.23594590785166109	-0.6046707972204088	0.033403389362240035	-0.28512250246881976	-0.04554413582414421	0.3164334708711949	-0.4646053075050458	-0.39032607982595907	0.8485209191669841	1.6671634963588784	-1.9409135136125817	0.38332112064806384	-0.3955983936869339	1.4194534503170733	-1.368612365693324
-0.2587235128090297	1.767452319308379	-0.11288596935486878	0.6816569421369773	1.1947761761974056	1.0391828835692651	1.4250123400168	-0.14286636861026358	-0.16967639628685105	-0.003428835266432414	-1.3192436949365476	0.03499703493923209	1.1230530655617383	0.7599586134924827	-1.1360400562760231	-1.2777732305254406	-0.35812594240787043	0.02332467637534337	-0.24943684638655966	0.44117169527729216	-0.4378105190851135	0.48711466563723377	0.28331145242070954	-1.0040300319073092	-0.43288100817729436	-0.33565543119697316	-0.5977677912805514	-0.9564739565037053	-1.226550588026223	0.4875912503213852	-0.45808258391092166
-0.3924000641120401	1.4767251950021154	0.44029765695780193	0.9320537843693557	0.48420529730940004	-0.2209002834223022	1.3356526609679609	-0.14167427541767846	0.6599520665741115	-0.3306150226436887	0.8505436116844498	-0.667005331975735	0.8287291444390991	0.6608594568190999	0.5625317352196053	-0.9158330741302388	-1.381558496708133	-0.5385301408071443	0.1102895494377964	0.3616806074089726	-0.3368352014567164	0.202050135571303	0.022396502156940664	-0.7979335452044757	-0.5463429584572504	0.08346066269244458	-0.3987419463308046	-0.8889415732674536	-0.8343446160789232	-0.01836364650041621	0.7834824378041304
-0.4853919593933541	1.7820272190268607	-0.0664443381073658	0.6080699317203743	-0.25646950226850646	0.4938060989380315	1.2053538861216446	-0.488189660300356	0.15619210647765697	-0.19683236894156322	1.4940552917089698	-0.650750703385339	1.2600654625017083	0.9907437961110367	0.7722367754659147	-1.1097791362585094	-0.5180609558903881	-0.6651344083251278	0.3922606457991101	0.0192860516068603	-0.9119717578304425	-0.3760483483950323	0.2828796005509178	-0.0304326321259834	0.3068649456958722	0.25195068576623436	-1.0762322793551133	-0.3976511096708318	-0.7596156949851748	0.08070826790906986	0.6361667888542405
-1.2094387833869154	0.6644440974499063	-0.32692895722009147	-0.6371169729688204	-0.7609518921845999	-0.028575859610015682	-0.7338686070923627	-1.0734922840567094	0.1306058609579845	-0.06394709116345364	0.2743286237720522	-0.662198992658707	1.9297287244233847	1.806184021014012	-0.9412850531441367	-1.0115235318194202	-0.3646535465691341	-0.7395238514040825	0.49566589154006124	0.009803028980513336	-0.9153187088494583	-0.42162686344297784	0.6050278405857029	1.594286723100709	-0.23682664686549654	0.21741976990162667	-0.8390028617628161	-0.6415795750911948	-0.8734590682565258	0.15724114045952525	0.7184012564306868
-1.2558110576355848	-2.1761586029902547	-0.24221778829247376	-0.036500036561986915	-0.5064042958390135	-1.5615648246576916	-0.4089198982521072	-0.15819134080759148	0.24684990265204015	0.7487063995465176	1.441308253620199	-0.734464497525341	0.9515641062238822	0.6539526357265122	0.09934046585025261	-1.1913773977679318	-1.2090529283268499	-0.8581996876758351	0.948176702647916	-0.5729458668807186	0.013855266399439575	0.49576757205566563	0.644429667121462	0.1468800172265456	0.15338493777534795	0.7733641930356889	0.1538885046713551	-1.1730973722949876	-0.9285152080838136	0.6107311187423363	0.5692927944204007
-1.0376620401974013	-0.7939517641909655	-0.5273660669814354	-0.14527464503480947	-1.6739421674630377	0.5733647974420385	1.0883955884893919	-0.6756525192796284	-0.2503473239997638	1.1968155314923827	0.7310476215268301	-0.5825278284790067	1.0760967373870876	0.9168184313500127	0.45674362152741504	-0.7359061253196112	0.5779317704320308	-0.9983346042564326	1.3596214569406753	-0.4352222122766669	-0.06701621707453612	0.9401314353427384	0.4564580830610159	0.4792105348782141	1.8061811491699036	0.5332621066540787	-0.3678370133391134	-1.9981837969103464	-0.9821950855325662	0.7251937734858327	0.775612654643908
-0.7488343388292918	-1.3803114861545105	-0.2913283994126027	-0.10911944737682476	-1.2124146859124885	0.0981657081582443	-1.4848851293006968	-0.9619762241840097	0.5439098065196296	0.9758279029529572	0.26032473293485087	-1.1895462632274878	1.3136100867036957	1.4361617241206932	-0.725751623562918	-0.8670025317204288	-0.9436141462310507	-0.572175070826254	0.9145088854195382	-0.025283208898142024	-0.028858015701041722	0.20398459750458434	0.19296575444925768	-0.14545674829343783	-0.5382982888297178	-0.40354556724329604	-1.0309773482345566	-2.8852262717165185	-0.19689296144273258	0.518588384605271	0.5978881006757993
-0.6753439002076433	-1.18313558104855	0.13729655887327144	0.13520216798233892	-0.43141973638757874	-0.5558407752386891	-1.1052276345670975	0.6189258352589865	-0.2250106058079445	1.5783288354376686	1.0513822379327578	-0.8579982907970163	0.8998452323452598	-1.089694517302686	0.3809786884093696	-0.9862757580216801	-0.13880349140479906	-0.862083343029867	1.3298454821181251	-0.9276480972520827	0.8175198337121002	1.0498290753316393	0.3908530985947856	-0.9571643248702705	0.0054068605442298195	-0.7506324939583537	-1.8108044547832698	-2.2466133899052156	-0.8860801234967131	0.5836990038495753	0.05748659406810045
-0.44865075313237107	0.16901870665217325	-0.5782292283777246	-0.16651633592538706	-0.21016580711027738	0.8028414515921256	-1.2219356635392915	-0.18958529247616476	-0.4076552207181194	2.088460373891467	-0.3839342010197096	-0.1965859858546403	1.3604925749370744	-1.6322169202850196	-0.2002101915505769	-0.519697391688596	-0.1351495520165641	-1.050304858460697	1.3443469833387267	0.24453224197415305	1.0540945690495964	0.6048931618183245	0.7083858882704145	-0.8514960592511746	-0.7631881608531341	-1.4977219849252406	-0.020824646264446457	-1.2176091675901075	-1.0232769506715562	-0.6129327683450558	0.3810523393582876
-1.1133884785772497	-0.4133791067126885	0.027504504332480674	0.16561031401679416	-0.6864844175202345	-0.1408328630613798	-0.7161622958450472	0.3983080673775164	0.04575614474607693	1.7763943526427841	1.0963559279047015	-0.9372068477302611	0.12484583019884728	-2.014197110741082	0.4156016475582941	-0.6096888571528155	-0.6577784880567698	-1.7376036283216858	0.7537210682097483	-1.4261654985339618	0.6067990411288255	-0.2586764201133093	0.9713565282454331	0.11305905442507529	-0.429125973254981	-1.1385189468327237	0.7174886391386979	1.2406533916846505	-0.721449432117775	-0.48022693067900774	0.9421748476033814
0.993701833396032	1.0702076318925018	0.14322191377340662	-0.9645118843225949	-1.239174629023827	1.1942108439119714	0.9822210919688992	-0.6538747658282144	-0.1652100890904286	0.7808923677225468	1.3934247309773022	-1.113143949260603	0.4191035832745272	0.709198253190039	0.7614013552691415	-0.6980337114274271	0.5164655123878902	-1.3812531611097816	1.1624363363572647	-1.522805003360117	0.1704305004044192	-0.5134977179430895	0.7965956462332271	-0.49368149028212327	0.49720906542533727	-0.7829439800960613	-1.034545125349859	0.010313426656364439	-0.6053445992890352	0.7488697007674059	-0.23585504011938271
0.8531599718982577	0.380613110361996	-0.43246563740904753	-2.79186766888943	-0.7200282946212578	-0.5922893304664408	-0.6664301220970564	-0.5087530638837282	0.34791682377104916	0.4260248114124268	0.39383159874666246	-1.1435416400438072	1.2789513358654232	-0.8138508175181222	-0.49817484216766394	-0.6692915506748229	0.594166655846951	-1.1359881399703835	-0.7619701479895545	-0.2089152402245196	0.4532164875179131	0.3537711837289847	0.6741574285715407	-1.9102387632910391	-0.9481715666203916	-0.42808042122630097	0.2861162341766841	0.2672834345295683	-0.3931441933347919	1.8607236043424056	-0.6039964887907983
0.7958050418198672	1.0748524755967723	0.23343263873379438	0.6428312286818092	0.5363627057807783	-0.7432984675252949	-1.1586487160962624	1.8661518766839147	0.2796320765627583	1.6271088093265196	1.331426355370101	-1.0576525150772966	0.23163974227257844	-0.05514476784769122	0.8200988819106229	-0.7973048749832157	0.04692151605589934	-0.7489547057132286	-0.8178876655368185	-1.4911582172124487	1.0612672149095475	2.1017314608837143	1.212884557686475	-0.5708647096108453	-0.3357338062758762	-0.05311847016310229	0.6767645049260378	0.4112156340994462	-1.0875438951855183	3.250597458275058	-1.5372058369529695
-1.0202184290934266	-0.07619606914080072	-0.16644503806912972	0.07286088713515868	1.6892323179754358	2.6702378785907928	-1.0837115426517472	0.5414988365511217	-0.9605495259487816	0.7083904745929517	-1.47304905298876	-0.04154674979163879	1.6403295630654025	-2.06681475127969	0.4528679533186742	-0.8483564651289491	-1.6611307121045817	0.5703604585551627	-0.35687346768162315	-0.2175434271308263	0.6860309700768056	1.7054712183470568	0.8208649413931594	-0.4225600427784329	0.4883849971016156	-0.3912432107835023	0.35172866894405924	-0.10034673750308779	-1.4221568685624855	1.0772501900719957	-0.6450782809141181
1.0422523169240512	0.30211543623940895	0.5006874639824415	0.2824581787850297	0.6557486847647527	1.2547523136904748	-0.879733833808981	0.9766000602236778	0.557237516693795	-0.04580322593861062	0.6029895803817644	-1.5436274097105604	-0.3219210814182162	-1.7847581120983782	-0.16460520400428935	-1.1559948550714245	-2.1698469513519285	-0.7400986969544703	0.4522218826093686	-1.32183732709042	0.8277528555643562	-0.30609887659313056	0.6809297432684569	1.52059991401348	-0.3126027676976624	-1.279332831134609	1.1501767764152653	-0.3615049490237621	0.053590423641512626	0.14445719244339594	1.2084356045794689
1.2383276159672147	-0.3294566025448747	0.08247163952256309	-0.8270874619615407	0.6597717063331503	0.9457737897738018	-0.2516209619675098	2.642095783293019	-0.3899381763718337	-0.3573788270792891	1.1747533424891274	-0.9789280320925214	0.3439591407202879	-0.7083468805579954	0.16862702700197035	-1.3017566959618794	-0.42511691223269865	-1.2392910716817853	-1.100307610669998	-1.570596051145384	0.9891960041126652	-0.713900512768125	0.7294167627723591	1.4846908564933947	0.21229183271179466	0.25601509786622956	0.47979096634224283	-0.1556180695501017	-0.3659265268405921	0.027099256129469614	1.468503170306222
1.001741265282475	-0.6261448914808452	-0.3128228321763007	-0.7207639519735224	0.20349010932218106	1.5959745968855195	0.08758948267279823	2.222541274403052	-1.1028986745645517	-1.01428040927694	0.10437884111062282	-0.6508747366560755	1.6890879819471483	-0.6965006866265901	0.20580063591475606	-0.9608148248994861	-0.20444377611742728	-1.098648528144805	-1.7027506673769093	-0.4814537242827493	-0.11231269505342134	-0.08711278559815172	0.5082551633618153	1.0528833009196135	-0.35896776845461226	1.1701754311099106	0.6863045147638536	-0.4228011241786013	-0.05753047021660653	0.2614229661457367	1.2000425022780785
-0.0014344830067051864	-0.5770416968394023	-0.11249825854034734	-0.4465686294608487	0.15118818982038007	1.5309750138913927	1.0750954357463227	1.051399698407228	-0.7060661588669412	-1.2120936113372556	0.4317135582162806	-0.6411626141118074	1.4952036668621222	-0.45353115842363567	0.43313704355832494	-1.3489130755970506	0.571752299176806	-0.14097024188612883	-1.9330792451980132	-0.2427627657300487	-0.6901127592995475	-0.2804656705512688	0.3716393707653533	-0.7344077095095486	0.06846354108563471	0.5503912386866542	-1.9866416815768833	-1.3289435172760373	-0.2656393255619207	-0.05992936234700918	-0.49802024701038566
-1.405193373143513	0.12064651722539449	-0.29282813185669265	-0.4075373160213888	0.17606121887754958	0.3775974858853309	-1.6321486453684741	1.1177588278328734	-0.08514032780008392	-1.5693253450610798	-0.7991990180816427	-1.3185834015934106	2.5299743262738628	1.3961638681334163	0.15798198090644938	-1.1979520420863043	-1.1014178652962583	0.23485841802251703	-0.7635075697222223	0.013690299021574252	0.5648957844013502	-0.5829583808231442	0.4960305062894307	1.1837654933445163	1.9193903222720186	-0.3027078814307724	1.7472141668277694	-0.14321059873377376	0.3489759906077383	-0.5070386897783082	-0.8554364404337029
-0.5366913680629835	-1.0732421649622284	-1.5548902677178502	2.8706657907029443	-1.4806950910756587	-0.5033184021070637	2.20167656553268	1.970065507628821	-2.392673347707087	0.5719948430331611	-2.6963545834712725	-0.6574196956510016	1.2734355792593792	-0.6452318869362569	-3.5464363693478638	-2.12025197575987	0.5500287050005612	2.2288378481627755	1.0513587931434927	-0.6061378888132424	1.164101385206462	2.231353438271811	-1.8505069820602047	0.5154523682699159	2.725282642148666	0.20304999592592982	-0.08637522803819289	1.7804385303829497	-0.06838268480743427	1.9061256408271914	-1.0091644444729
1.8307873154693055	0.8955257829998673	0.7786896760529712	0.5232431470594998	-1.4687192533962794	2.466063367491362	-0.6528228461083709	0.6399097988845532	-1.0688051404907004	-0.6268716272948852	-1.9211956757920345	-0.9214951554390004	2.7837567423950254	1.002611224640903	-1.760100342927746	-0.645739929583496	2.052114203751382	-0.21702936608583348	-0.2731579819121053	-0.0028773204382098265	-0.5747554611900426	1.7390570114160293	-1.8352023738515468	-0.812971200462308	-0.7803697978522269	-1.432036946135817	-1.4738837336873383	1.071561118146359	-0.2894142598791846	0.11595310292099166	-0.35590202702611745
1.1551340206321927	-0.8789647208069656	0.3265550309012428	-1.4512657699568332	-1.3200653697706117	0.05536248073104265	0.04309917259534733	0.7511354482889414	-0.7081027167557387	-0.5415831035429411	0.3409882326616815	-1.2513547420267916	1.589244833782732	-0.5530315101619628	0.06682161730573954	-0.6143118410864221	-0.11716168980880969	-1.0653386214847331	-1.2780054854434184	-0.296980479564951	-0.49085311086725664	1.2684246215017592	-1.0798302679546403	1.2191825698844454	-0.14313528852497753	-0.43340078371841884	-0.5703611995007879	0.646720498014278	-0.43448388729925747	-0.4317405406011063	0.556798596303438
-1.2866887036308525	1.0676628803459556	-0.30046314074051095	-1.1087341444186845	-0.9454695670498825	-0.35956060325956235	0.7741711034415463	0.9371599755685172	-1.1142849295817023	0.7587446654230826	-0.9604098421178656	-0.6439791299412806	0.8651929455453721	-0.3827576607178582	0.05732512697092536	-0.6592376900812429	-0.7411769044225368	0.9891826139564714	-0.9761571818475814	0.005002412120336775	-0.02559542053032443	0.8643516035847157	-0.6002966691075555	-0.14894085101388976	2.706601043946285	-0.1967346474464804	1.7806857596871033	0.11076246199447362	-0.8849148874674683	-0.5860524506090217	0.18813212708880173
-0.8507820408138688	-1.4315958359002203	0.7550025274843191	1.206020445948488	1.4230386332630471	0.247284366675777	-1.7286445748673465	-0.21104462008709482	-0.8416219080143619	0.7439297994779576	-0.34944690083945223	-1.2730630274466623	1.0995588492408614	0.8935197659734702	-2.3597870496724176	0.028319733020100362	-0.4658227519149506	0.11508705948687774	0.47982355117769204	0.6351220231078413	0.12186497476258372	0.7452125383661555	-3.2778301123344207	-1.3437890239342312	-0.3585839204171228	-0.45669002518887913	-0.8426508580947789	0.7070238290126845	-0.8225747030506965	-2.683708324176928	0.3646049707373859
0.659856803379989	0.537123533693805	0.34576282351255067	0.544998051350949	0.00827156620865028	1.0350685726421072	1.7140232816984637	-0.15087292165471317	-1.463423224994692	0.24263820062994187	1.4915388562608012	-0.8913140221546775	1.4464303398948999	1.1331741948110492	0.1033971034047617	0.5517872532913134	0.6096320982480185	-1.7130803412470172	1.3189776236459367	0.17172844527559364	-0.7741049401618877	-0.5997184326713325	-2.5192787293946024	0.12655982128648907	-0.34589725558656115	0.1633683767783919	-0.7511795509214697	0.24025593414542157	-1.142432317392669	-1.9294106137547913	-0.5585240630918842
1.5455377348768766	-0.37788964611110676	0.8993412453254709	-0.024218247187547316	-0.17455454965117076	-0.00938341329987522	-0.7612938826009131	-1.373527407872125	-1.4199252601745471	-0.7507090140450149	1.3980628035614644	-1.3080968463734342	0.7025802720518864	1.1360952835028297	0.20746743708078053	0.2901930759151334	0.28477566021348916	-1.2402544554878083	-0.8861451710911924	-0.22209734481842	-0.8871304433973699	-1.297111617599455	-2.807567701242196	0.4285359529686437	0.6498852640463714	-1.5151407377827089	1.0929977495612877	-0.1188070749814683	-1.0078154559591574	-1.6115818926577554	-1.6783012156417048
0.8813852392606195	-0.9168671909144747	-0.07673007772735016	-1.402750107698868	0.4917169121170094	-2.0942832063829706	-0.032472472841193256	-0.851878010512627	-1.3246929624647135	-0.22962884985165266	0.41598562205280276	-1.7501924496392915	0.12696600982538755	0.12779203649144627	-0.5385493276941521	0.9122810736796374	0.12187610904666414	-1.2309323355664354	-1.418298260044919	0.29644711997135104	0.41977032274724385	-0.4655656816648213	-2.8506837293650324	-0.5570786978648306	0.8917303902858643	-1.0844615438086276	-0.7468781718085917	0.5827861937839733	-0.8515073672854977	-1.1900128092397804	0.6676854774252494
-1.8419861246520846	1.8348835336886735	-0.16520862257117633	-1.400998951260393	1.3530237711415292	-1.5016956121480702	0.18679714240094744	0.059084149745109935	-2.244273623524275	0.41573541439234557	-0.6190734909464298	-0.3901770490837589	-0.07670246418948277	0.2099518620050373	-1.2919842609046104	-0.5486472247896221	-0.09819523472373885	2.080823510986194	-0.726054370778779	-0.35815139288423953	1.2055296791065722	0.4256413302223693	-2.371857233244325	0.7543968273203809	1.4332728058229172	-0.17581272242753487	0.4391344443246654	0.3572615122411334	-1.5550061055176039	-0.7465278280207909	-0.09165502098532669
-0.24128325908051781	-1.8734138133172014	0.5957670587500629	1.4122352869211976	0.45463118473719183	-0.0421913174235359	1.8513383232248126	0.144255797952843	-1.2485832453467756	-1.260378393877197	-0.13012244262155018	-1.436912946900035	0.7536175023341638	0.6546063605829134	-0.7791639621034624	0.2279970225209776	-0.9025736147794989	0.5433303204559156	1.4510799389290103	-0.25226270888413277	1.141659931338284	1.7210513851785665	-1.3747444498493229	0.49660237141382707	-0.06455953145370087	-0.5440395946087073	0.35470182327256433	1.0193777107805706	-1.1935279501305445	-0.6695096348093954	0.39705610109995454
1.4029920587350926	0.9164541187742639	0.10445627412974264	1.2212261091138716	-1.34772139279796	0.8463603600204725	-1.3393682512021063	-1.0494039173361964	-1.5716329069599748	-1.8412116689718312	0.33382714045839706	-1.3590689826574112	0.5473079688001644	0.7763353847513924	-0.3930768948558113	0.8644472237310151	0.13095814930988106	0.27259745480103403	-0.3241290879784053	-0.01610493989897105	-0.29494786176292986	0.2660468517626391	-0.9147581008875579	0.27833005227028834	0.26465100806936476	-0.4557696526454087	0.6137128126059387	0.7410522050677876	-1.2405491155501254	0.15507937651490916	0.2882957856646857
1.1445806497583761	-0.28648717796120854	-0.097030763037408	-0.7460677293757215	-0.25664404684992953	-0.9848680544641434	-0.08523465981915315	-1.1001255756694193	-1.2906836108848296	-1.4156283048823435	-0.817254863532035	-1.6569571177224875	-0.2990940964914561	-0.9441570045745892	-0.2510974239205765	0.5397672557494005	-0.621634980259926	1.6613492520821274	-0.3736448951130223	-0.08037229414577161	-1.0800591241596953	0.8359536015312387	-0.5978825907320852	1.359342937689005	2.4503060247430515	-0.3539795449240951	0.08956148265667414	0.08721682687388566	-0.928865409466916	0.5778325023783117	0.6066216268475023
-0.8321829329625663	1.231241640716364	0.6990679902387306	0.4001256179213756	1.1993130615105692	-1.5771328317137974	1.1313751118668494	-0.1402048141946148	-0.5568112389116598	-0.3355744410991257	-1.3215913251466271	-1.9403323048209051	0.29963422489106595	-1.181393943996956	-2.159216182914409	0.8873611535021718	0.6994370878526066	1.4907749574010507	-0.479682850458306	0.0008984907174774588	-0.5006540876845498	2.2829737975117035	-0.5247192213595898	-0.7624124821378591	-0.3946962089105187	-0.647710428059513	-1.0972848169420408	-0.5143959889256471	-1.0712470796627012	0.34985296250453546	-0.447696175239974
1.151743889495004	0.9316972194870509	0.27635059077522894	3.074018125972821	0.4159336495332734	0.35189195097689197	-0.5617923922997535	0.6559957605282254	-1.7012057702427326	-0.6013422352945064	0.4155134195904852	-1.273557410381201	0.37705827547209053	0.9395612321075393	-0.02099024827968628	1.8265042965440421	0.733981647797831	-0.7060510721952205	-0.8646395835111248	-0.20506798931352674	-0.8736310926220012	0.7600883649037645	-0.32217826124814386	0.5493156129076237	-0.2976323258817046	-0.19067120129359788	0.5172342512423378	-0.4245166866012228	-1.9206277710368402	0.10046121914692294	-0.7669274707042657
-0.29744176043900816	0.13128677739359215	0.06832467600174066	1.7213011166910448	0.7648941593364298	0.8860240094334499	-1.1216433699570572	-1.3281804350535873	-1.5625669726528582	-1.8735632730991565	-0.12119731243746619	-1.552985631097379	-0.007659170510804818	-1.7665082260218776	0.18824783191351996	1.3379012577658331	0.15633462427259434	1.0332010830087106	-0.36199265647782203	0.04621720629619788	-1.1486995421601807	-0.20615400532675487	-0.360536935548933	0.31303240455740283	1.9832797774912734	-1.1635838102700442	-0.4657318743193285	-0.8986921626263836	-1.3838604977762663	-1.0686892506243597	0.6670944158859853
0.6432620122348008	-0.3235333237161261	0.2188606304337872	-0.9394275629824715	0.6840120161017548	-1.655920559865913	0.5780744368515983	-1.2544346754560378	-0.5473926741197489	-1.334364122191448	0.27931866759207385	-2.0430924391013074	0.24221224065155353	-1.6263190616042476	-1.9619769130106544	1.2269772280931335	0.744629662431208	0.2587726407755767	-0.603601137972209	0.24240406312875634	1.469508615597907	-0.5351629795939649	-0.54535105124824	0.09701141365757462	-0.15726354998918748	0.09325067663387197	-0.028859001031308052	-1.2454662324912518	-1.0086488475057969	-0.8439290367980176	1.3387111087298633
0.8825030614144052	0.636520382158353	0.3533206923862636	1.537573415924316	0.18073049418160203	-0.74950653245353	0.5024979703714845	0.5485578498628847	-1.3950419417572426	-0.11682495883465277	1.171989109921001	-1.2297837540946253	0.228742987485724	0.34441855434425483	0.047967126814211156	1.4682487570952814	0.45873350486974557	-0.63662904545026	-0.7246027929998026	-0.22922877900050273	3.5735986839207654	0.7088560733113887	-0.2626502206177851	0.33482051915758915	-0.14607293215906483	1.8102160831899172	0.5176509187245452	-0.5333719555450658	-1.9948252728538696	0.7646529911954965	0.6314403824624217
0.0262613835562443	-0.10848197844870543	0.27442770448533355	1.7498834856465737	0.16176873292218222	2.0515660902270016	-0.9015243369570364	-1.5468836323269708	-1.5728652866818118	-0.9511231557258412	1.419705611575873	-1.3430522879550675	-0.8049333555828883	-0.8204947895248452	0.13712999092797815	1.0659521886312893	0.9530798388710326	0.9624254545500586	-0.9279818686094081	-0.146582946571361	3.0025920255345477	-0.11596704793826844	-0.3062825041065721	0.7447215755686424	1.5170696772940508	1.2918483304345323	-0.040549255354984236	-0.21252373134650754	-1.6860398297026755	0.4161734025252698	0.2498349234021288
1.0091049871348095	-0.04838793512674384	0.2070431031849788	-0.4155666876777154	-0.35133207744448164	0.901442886156239	0.5921543697830625	-2.525860351862647	-1.1688479775351448	-0.9071638141363051	0.42052850354474786	-1.448522930836257	-0.07314221295716722	-1.5632505356538022	-1.7079879612339028	1.1590188114749949	-0.06479169139740838	1.3263697622537385	0.06333905644710762	0.32714548798257487	2.2302233925687664	-0.5280511625010603	-0.5250159491687295	1.6187183097717321	-0.6146767598720464	0.3362748102730229	-0.0005161859515051694	-0.13572106735604364	-1.3913513843804932	0.10185433577306915	0.7793576211983462
-1.3058755593086877	1.4566942552007112	0.294889004397178	0.5653113986584111	-1.363121689925793	-1.3439540861934909	0.5359551334334235	-0.9133440331061703	-1.3031292799404843	-0.15842208050772827	0.9434808820383316	-1.4544361035024873	-0.4933358920044988	0.09319127557380026	0.19754608592696235	1.5264718878149983	0.09900167997481484	-0.5903682835329701	-0.15414543682119816	0.004183447802809824	2.5603320113368158	0.5541930981684569	-0.4841125121465648	1.2296718729566851	-0.30114596836886015	-0.32540727473073383	0.45961987569088675	0.8402202287431223	-1.4766513971373028	1.064395100435654	0.1930729053907297
0.6808548922702403	-0.19955711276942675	0.2109505683520418	0.15478478030151338	0.2794182376802591	-0.13735124229089501	-0.9047876191001858	-1.2854038511835444	-1.7951048140134211	-0.8551557736741642	-0.5813589326705539	-0.8530777155296193	-0.9628362523083078	-0.2789239625323618	-0.4749747792125317	0.9476696647825087	0.3005503756497397	1.4606445773209513	1.545883941968395	0.0745141151671365	1.7660517068826989	1.0291962957130618	-0.43779246236730146	-0.8303237850121303	0.754218412867172	-1.027358939414695	0.6860743170757143	0.9437612801072857	-1.9906062455048	-0.04007052368112006	0.8240272520363576
-0.14932356730256754	-0.10117511862520054	0.47728573702672095	0.5913377424189128	-0.5038036447495512	-0.7394774985890773	1.4278508770337757	-1.168904036703346	-0.9707608099115634	-0.32112873736706943	0.3317927757755269	-1.7856889959002142	-0.24204326139445725	-0.14223165589708708	0.05455241812660428	1.7776346245374308	-0.021174805042817744	-0.5417328339147623	-0.8876253425961628	0.16375834760883262	1.6169331080795153	0.4810999196738751	-0.19072108852319114	-1.0296123078678119	-0.5498348843831008	-1.543301493176004	0.9036309779696878	0.47418405021172905	-1.2964304453740434	-0.04695060019984932	0.5003011375349622
-1.3904340818576175	0.6567862603370548	0.47576443004165825	0.09021148705612765	-0.6411674016836391	-0.18930325889142494	-0.04800536129746466	-0.886492747206646	-1.4451134717149055	-0.521507847940455	0.319429939993243	-1.689803116935266	-0.31462693183167434	1.3539614991773536	0.17092721562480687	1.7565287249303418	0.9654728727666576	-0.7164048786039013	0.15739024322939607	-0.3602536817839763	0.34936813616048734	0.45510001024018626	-0.28463496086015294	1.3887284696385378	0.16266562061617995	-1.5066261183020304	-0.8013716747269409	0.9256529737561141	-1.4323203946457392	0.8976047223793507	1.245565517604556
0.09454328657584118	-0.8131476332584847	0.1572610692208251	-0.6824164531118223	0.06365787814871525	-0.6526884514192843	-1.673983120140908	-0.9649829935542482	-1.7249349796913989	-0.21580990453488993	-0.7890763262232381	-1.1758371993748946	-1.038475266534459	0.5410252192049562	-0.8635942588052528	1.1568803067176348	0.3227542248030826	1.6206127940149717	1.32221676967689	-0.2698990213170495	-1.4214084517271761	0.03631217418102667	-0.4355851388463996	-1.3101579028076684	0.6399891482383652	-1.6108857431965904	-0.5415634431637358	-0.15067858510053173	-1.7627316156217172	1.664812124087325	0.6137648083604356
1.7087651253378187	-0.6220008214725297	0.2829314965785425	0.16499622803395378	0.049686972479537114	-2.1602311498973634	-0.3990848767023852	0.34588122795070203	-0.6475302173992901	0.340921486032158	-0.1765634372530776	-1.9352818435323962	-0.29348576303589924	-0.22542732135609214	-0.1772799395528916	1.8207848119116217	-0.34341542632050404	-1.2632155196816781	-0.5008065480921913	0.008295772563997038	-1.611861899867408	0.9756953699952591	-0.12751637240867414	1.2793352037892154	-0.27928205918642773	-0.8422945341085105	0.7655412011043463	-0.7217305879813852	-1.2643917606830424	1.8199959879674756	1.2320194621460294
0.9743024801447115	-0.5241901221344373	0.25361361855018943	0.30594722247715445	0.20208969082581424	-0.18884158283065453	0.7402246929259653	0.6024588308502622	-1.207478172999195	0.6208520310575458	-0.029300234781524895	-1.3786959920067214	0.0180952248655366	-0.3212056349644012	-0.1273550283727128	1.931907821806996	0.5235087703154792	-1.1898508748980572	-1.5663706512636908	-0.2241520098500857	-1.6385087484593057	-0.016754988412670396	0.02660936432146466	-0.07851445219024422	0.11673178224605048	0.6910854881095047	-0.5749360937035302	-0.8294555005753419	-1.6325513085117733	1.0938778500507944	0.998772463277135
-0.6431675585530169	0.536352760627044	0.309925446142505	0.2246675000873237	0.8843972781621128	0.41298617423901096	1.251107267608768	-0.0998847859526106	-1.3120481237243036	0.6104079501356325	-0.88380087578154	-1.0178013747940586	-0.4362889624464531	-0.2707105472528185	-0.5621501045535126	1.14617990266533	-0.6049745357514593	1.596428771715414	-1.1764149687087224	0.04987968157203714	-1.4455422767956805	-1.421882141283445	0.15500903632710053	-1.536573291419346	1.8975009860356997	1.2363677638954613	0.664848674462367	-1.0072401417496821	-1.9942905784811353	-0.25812594008028616	0.2796188000422082
-1.367754943846537	-0.27889593217330705	0.35739534317629257	-0.46701854317844516	0.8013130399396998	-0.5034038752273879	-1.566856034451346	-0.412162432455578	-0.41376338778452104	0.7689118240882086	-0.9062122417012174	-1.812872036177324	0.3436506954754696	1.2069615983538373	-2.3045370350460055	1.307648400564777	0.36302388131065344	0.746363240180959	-0.02754851356873506	0.2186928011758328	-0.78389319632389	-1.336805842484183	-0.07067663463571766	0.056048968347769575	-0.14233825563017247	1.2715467691092162	-1.01148649034382	-0.8169479257772816	-1.323075791418056	-0.08713620033375637	0.50016665506543
-1.249447639929169	-1.674424215459746	0.5037077290514665	-0.509073446056383	-0.17861003030902736	-0.31388469290121845	0.8844093011498148	0.8878531160990443	-0.5611790403057283	1.4286318780517586	0.7432913128174389	-1.2080489892758628	0.7427173727676873	0.05921218898454214	-0.10420621385658964	1.6398141713974808	0.11439763829912164	-1.0070485188994123	1.5553339536205257	0.3333565612971178	-0.21668918482350305	-1.0561075710066672	-0.04009123658998814	0.2515661114730371	0.060324797054705934	1.8115377517177174	0.5131853019028775	-0.5660721774307245	-1.8037113688172808	0.24117770906321037	-0.1656500046576692
-0.6785440816306503	-1.5318553018188537	0.4972538684627287	-0.5066787685750975	-0.10113022448937276	0.5551555486624536	-0.584604290327318	0.13907753136524265	-0.5194630495545973	1.802886326116334	-0.1020608743909644	-1.4876424312562124	0.45825386370203897	1.418731499569217	0.08615983302652169	1.5649814777259272	0.3615703351344977	-0.3762163514479146	1.1318592012477107	0.2557771120664592	-0.29002520816209265	-1.5335062304252152	-0.04462152110391105	-0.061004278594290216	1.535789542023687	1.2168086797835735	-0.9846652159350195	-0.5515233550274683	-1.3371250374682457	0.27184567516446867	-0.22935337441888706
1.5691199329368835	0.6848986873351839	0.4295720161768514	-2.254073990067263	1.5008036775251874	-0.10050669006401554	-0.47556969156051837	0.46041531374842315	-1.0100288184923356	1.7528537037612233	-0.8427018957377675	-1.187387952750015	-0.4600995482515775	-1.1781769104182092	-1.7287423817907812	1.2205274411732456	-0.5569793119054256	1.4328637105307993	1.647520781273166	0.2066116126378495	0.28336812035012665	-1.2694186561513354	-0.1680091952343933	0.8357538271141358	0.17475132387521394	0.07488583195418846	1.386849397785978	-0.9674220096974739	-1.676080930922457	-0.2732931485003104	-0.5137867644848823
1.4615108449405547	-0.49537745042202713	0.30859218496539326	0.6320391088336156	1.2316673284920319	-0.38640794213091756	0.5842483311912599	2.9310911399041277	-0.9250894810487031	1.1723289586291852	0.2203212449579641	-1.4805826548830956	0.010926483830859797	0.16817015009297212	0.03706053910010973	1.7668222061943264	-0.06222702427944253	-1.1983919904901297	-0.9791674494440685	0.09341922174780805	0.31356223901476543	-0.4470194343939068	-0.03158828254675625	0.3006878322066178	-0.059899621910969675	0.35462411563718704	0.16892385299472393	-0.17543252343054835	-1.410386144252951	0.7328858813064332	0.07523055969193775
0.7867703953971407	-0.33790433131147857	0.1188901462502144	0.635188138111965	0.9856606042106008	2.140793037256181	0.14424312474834058	1.6030002532953707	-0.9215320597411136	-0.14484326757674346	-0.1995988472489042	-0.8249982817439575	0.2425394389696834	0.12643190589069975	-0.0984807498818112	0.6854881757457303	0.6656973414220548	0.9053081117523479	-1.6424853912236859	0.3904052775405801	-0.8445752641916049	-0.6487439357511631	0.0816882046916322	0.8575307008075238	1.8700914259966346	-0.03335773738566612	-0.3834931326775025	-0.4182397864519751	-1.817594137725013	-1.3473562097858323	-1.0076217231737166
0.13210143193302123	-0.20549894912680222	0.5750499023778494	0.059514584188983956	-1.499780167871864	1.1708141909961003	1.1518847509925787	-0.2217009039150288	-0.1341393708098549	-0.9954857783917583	-0.31859915138219763	-1.2975895889542215	0.5340835816180644	-0.4214424163976536	-1.9967720357509613	0.8153698323175873	-0.3219308588493472	0.25298089241477284	-1.1335862103919045	0.7339447228117607	-0.7923366351937413	-1.0024743423175553	-0.13659584515955045	-2.107328253634027	0.07821201125082858	0.185884190638082	0.2506213442223207	0.16770375898981024	-1.3250018068259493	-2.258616449350247	-1.1891889539004357
-1.3664727277087283	1.324607555515458	0.3998452429571946	-0.47355269101296343	-3.2707847155843788	-0.7766650229920848	-0.7389704279113707	0.5996274549902524	-0.18624732818419035	-1.082740076901969	-0.006138369728995176	-1.022101663011137	-0.1538772010824537	0.8076282378452849	-0.14858778672327067	1.1227939468217456	-2.692298466779293	-1.0999760609372544	0.1135430036951506	0.7801659599585773	-0.0011681426449045797	-1.0001151404467357	0.06474760677938811	0.367524834457901	0.45763691883112484	0.5079181897189129	1.2276903914114214	1.3053211006311525	-1.4352026713102213	-1.8800067216491092	-2.006379243614284
1.329192954602474	0.2647837716095649	0.5389427809909965	-0.9752660493622056	-2.0378492553389815	-0.9735088931375528	-0.8052723917269765	0.8328320455025231	-0.9378827556083178	-0.6084719998205004	-2.299034434526794	-0.5694836103338609	-0.34539436802753026	-0.9614879590753171	-1.1426724903813732	0.23161554006243212	-1.0399274249942576	1.975615902657006	1.2547231682186908	0.4701295858240853	0.08391194442824647	-0.6666249225097431	0.13102501701999	-0.15274549599562212	2.5505749291979005	0.283923251117515	0.6771571584751417	1.5172336191179672	-1.6317698848444584	-1.7634044905570418	-2.500053364171146
0.32614993118739516	0.17819409458254423	0.7464854484767814	0.13017488447394102	-3.667380266468854	-0.4803178588259446	1.1035299644191738	0.4807946992771549	-0.09927067788792446	-0.4137993663411026	-1.1134978016546384	-1.3471332880386613	0.5808536352894279	-0.297011660881992	-1.2088521021554024	1.252408960651688	-1.1935856712611876	-0.5698780102031732	-0.6267261819582406	0.9005689742298826	-0.235386743588775	-0.7814090711351339	-0.14573131467462744	-2.838279011813835	0.07764900836522311	0.040415977048657716	-0.29865256383360783	1.5076380048847056	-1.1445489904656048	-0.9996543787706437	-2.204053417868163
-0.7340807971221178	1.4265960160377824	0.9398514160290906	0.29357292506871074	-1.271650663470555	-0.14730370830009704	1.3031486465789859	0.08887368453036822	-0.8020739315695882	-0.9904096486493663	-0.32679629042478003	-0.7829839434639013	0.2854177190612843	0.6806142588982985	-0.2456918851564189	0.9226301930510056	-1.1321439972456024	-0.15420437315863295	-0.15618053033867657	0.47042490512983565	-1.1398011012755214	-0.5282226708418906	-5.12821058861881e-05	-0.8152265365893875	0.2310878267205884	-0.5635512755942675	0.30348407016462403	0.051356725311865754	-1.7817234343490156	-0.8012549589690804	-1.9626343748974366
-1.032171472619015	1.084036623168161	0.686276902811397	-0.4310215616645782	0.6901033921325229	-0.8278764454000781	0.06180419793736208	-0.23300898850114354	-0.25526961555817873	-1.4872950235862656	-0.5588734672472436	-1.701362222647471	-0.33447309400708475	0.8439100417501192	-0.3027158417662586	0.7833308745382812	-0.019462648168982265	1.1742602218313953	-0.05512283277396539	0.5607931902237935	-1.3527361097630164	-0.3172145520891118	-0.14822978800219017	0.22205671597115614	2.6952169768561167	-0.959486875476146	0.3094491752842132	0.5191491761940389	-1.0627842256429432	-1.2228439820305068	-0.34787919189224153
-0.9093734098631666	-0.8278684664084838	0.48850257488757365	-0.7789629962439073	1.4476656577198874	-1.0524642526596324	-1.8894934665767138	0.7671064621071024	-0.6887084408879844	-0.4245827356789673	-0.8991039160566434	-1.0987138382093053	-0.7914904592155657	1.2835467435539147	-2.80604266600119	0.8821224715142487	0.5676189812481215	2.1083009513155724	0.5446477331128216	0.48058947486094206	-1.0749415371786513	-0.37410320566056005	-0.2900503883525344	-0.4838422339319881	0.4249582799806785	0.47730159076684664	-1.7994099358197153	-0.0912292416106856	-1.6784995488598675	-0.21867068878420812	0.259111425260085
-1.0393480047430483	-1.4048905497416153	0.6135910084717072	0.46367410383791013	0.60787792089398	-0.0960324493331541	1.285557042981031	1.2210351903242214	-0.7700431972445299	-0.3040694951595447	0.9109013582602008	-0.8548485902149863	-0.05800406601019523	-1.3180320975514217	-0.5695489113949821	1.562720428074445	0.39551193213739544	0.2994104495758223	1.604308458141797	0.6683465538448967	-0.6740863304166085	0.1854121497510651	-0.052110002741470034	-0.24885970149883344	0.2878914015748107	0.4367500426912219	0.5921940077443287	-0.4850955180615573	-2.1496842505202873	-0.4662540668600985	-1.1379576887005736
1.610826846173342	0.9600516136241722	-4.27998640557179	-0.03483398891760963	0.581839965730485	0.8828241934590831	1.370524063154403	-0.7529182069879105	-0.6759144980507289	-0.617101404336039	0.3271828753109526	-0.5596563950080965	-1.501891653793311	1.9854561749325108	0.06648847347057674	0.26076226952561465	-0.5182465956968161	2.2225326265700716	1.0601944722421388	1.0671786690762604	-1.0304993278674215	-0.2259517479040636	0.8234208981689306	0.031250146717661624	2.2146599102236966	-0.25240171707029607	0.16854975974218547	0.010478747857070054	-1.3877256787677867	-1.2819617185929928	1.110896196554902
-0.11416371115850468	0.2939006009378182	-4.081326371865592	-1.1031333109290078	1.1383113515060381	-1.4041855371372978	0.09789360470821291	-1.3682862066998507	3.8943832842808606	-0.3898557703751227	0.9923584037188499	-0.706911022535048	-0.34280032414161976	-0.7977707159110622	-1.012485022224743	-0.6209279170027489	7.806269397920185	1.0574610943941705	-0.8402569786017895	-1.4187918748411128	-0.8975744297223318	0.006039911291074981	0.3698236285122691	-1.5035616337868862	-1.5322143527169225	0.1150727590403638	4.245716515382232	1.0934062814610763	0.37513443399951113	-1.5970576025220748	0.5680663382843608
-0.6163546164479552	-0.5491992054833866	-3.5729531476507903	-0.9310373209447242	1.7242798443745895	-1.497827744323117	1.0828574374043032	1.8394406028809813	3.6356272565084	0.640291731910003	-3.2230984535974354	-0.13203502454194435	0.035530358267924854	0.7687249852175947	1.8054339413666802	-0.4412209677976957	1.6641788578358883	-0.0781499640230977	0.6668937887096733	-0.9434494130203266	0.7437054746560554	1.9204358028603126	-0.11448284198704373	0.8543613521878666	-1.3609766637488105	1.9148358263904524	-1.0773912573716036	1.5261232118439885	-1.1987813104503657	-0.13126132773604185	0.5757120448758497
1.0324231497901082	0.917760574721893	-3.804364157434033	0.3884246872032524	0.40434749777846807	2.1442223311698454	-1.012029201651101	0.23101468236739925	2.7836345675278937	0.6140485566006849	-2.7947332893086	0.2787311583920095	-0.1810079764588229	1.3362561655861565	1.5475325995266327	-0.1650978833183747	0.16054085916123123	-0.7076869112420546	-0.26299772107420577	-0.8363813252592338	0.16376067749995188	1.3054612744916871	-0.8132878655780569	0.28708846544511424	-1.3370400074430184	1.676123665034769	0.6323461720882914	0.9205381756218454	-1.6789092766487215	0.1987444612859398	0.6375954565612201
-0.836019764513005	-0.5510800286200381	-3.2020351794275586	0.6298002613082255	1.0358026659905386	2.122527863818161	-1.78787384992454	-1.3689957836607403	2.4767792154838904	-0.24557197937985206	-3.2786096485656406	-0.05210912396943207	-0.7278278649451524	-1.6104246153979618	2.2254098520642684	-0.017244962330112367	-3.190438319656951	-0.6520236239887842	-0.5280443540982036	-1.4430256774830212	-0.1875398116385108	-0.5873093783277933	-0.9595814889963491	0.6969315306809659	-1.0718452137907748	1.3775016642091156	-1.2010398889259533	0.21452825108429852	-0.9531743671580689	0.4458591063370102	0.2170580923404923
0.7319578622282292	0.39947238319715506	-0.6645031277562505	-0.4823064370564003	0.01852634507928864	0.5165031769067472	-0.5534214439217064	-0.570507198286011	1.702716682462358	-0.2996253807019649	-1.7343636903355153	0.0381584005051756	-2.3059052522747705	-2.1787190564439016	1.6049425090842309	-0.7673391760099744	-2.171894051000446	0.8280893854414872	0.5830203075352726	-1.560890407718187	0.1585751602824768	-1.938407890153927	-1.1215201226751232	1.6337520555473448	0.6255983884120363	-0.7017695932082287	-2.771214087240474	-1.511107610484909	-0.5651755746568579	0.48552259316594865	-2.358013149049344
0.6241834556397194	-0.7298874316652114	-1.9829079928797841	-0.9300580499352221	-1.272078376217253	-0.08912469741854488	1.0147296175925697	0.6745696444364778	0.6880239813311723	-0.5457178156803771	0.6994750002160498	0.08631979449243497	-0.7091652493805596	-0.7740452111947392	0.9710196681022258	-0.24978248316863205	-1.2218673294498787	1.8520878107766021	-1.2180086823926233	1.6401265876580036	0.8088935316653711	-1.109012594383294	-1.536733862960182	-0.3426468327357913	-1.0234468303633166	-1.5084557125135591	-1.7527694478280544	-0.7371599271490108	0.1681037162157955	-0.25828168630756115	-0.35198921838783886
-1.557647417379109	1.6668674871286553	-2.1053258812769617	0.2828486601708183	-0.6619521199869659	-0.17326762576855115	1.2701013963434085	1.6111447622231048	-0.678721107982775	0.008574058354696585	1.2025677823709608	0.9502449920784709	-0.8848283336025932	0.050063177310818864	0.2483812824214787	-1.769782073888391	-0.785171179291213	1.2712951085546131	-0.6154257057621848	0.40430934666650314	0.8048211403336031	-1.5229080724525392	-1.3884108398595083	0.21552125402169203	-0.4505416104948827	-1.2857826926675082	2.4443304280701024	-0.15914420931131143	0.33048106408605343	0.1907393341353144	-0.9637234490986339
-1.238786403894536	-1.8722785183959554	-0.9657709189952063	0.675932162670512	-0.6134640503748373	0.5520460230654153	0.8159707663877448	1.2240794146449003	0.7323186660911764	-0.3587165550482695	0.35244554767805847	-0.1637800102394288	-0.84587165624028	1.8616952149191002	0.41122128900691574	-0.5305808571979398	-0.4289331281517925	1.8466435162333663	0.5780722285001151	-0.9983124928867205	0.8194092553855978	-0.8961043198526929	-0.6527169872490772	-0.028545100833412378	-1.3028144083362652	-1.3524207378910578	2.0639732896940317	-1.0160238632713376	1.0736613401838915	0.16532838554670376	-0.09792891918141328
0.3335973238871812	1.3693510722774742	-1.4927905912209334	-0.3370150556983423	-1.66398818042833	1.09225279199374	1.39174166363423	0.392935052277276	-0.6997482572716812	0.25090121648004504	-0.10021628205238955	0.3157140670550063	-0.421092395101053	1.769376895695865	1.5117818796164029	-0.4432073610051557	-0.005408841660284329	1.5352426688367273	0.7785401316408133	-0.0924377940388058	0.26702291296120095	-0.6931722924086652	-0.4816153473210873	-0.9954976151644801	-0.9208745241526857	-2.259808473687975	0.3353200875697397	-1.7227669872702902	1.0688985990960413	0.25089096859034254	-0.11127972167551321
-1.158261648033529	1.7962065491365158	-1.1884839638758016	-1.3789779175614711	-1.2803502204222565	-0.5437741540834813	0.3398986280473223	0.1693976015917533	-1.0107574998472093	-0.36971414304904493	-0.3306557086306424	0.7556061895063834	-0.6915903801729805	1.0456456666234908	0.5723924583855351	-1.3691765281860984	0.11905203426624603	-0.685464232995793	-0.01061391019073311	0.07374428058405606	-0.11556073407180766	-0.8236466979571674	-0.28086644079043865	-0.9103547977526661	0.1120515116075295	-1.705025328358798	1.5269902168357778	-0.7386105237868232	0.995786889982107	-0.18392850714161788	1.1410990482311543
-1.0497456572245707	-1.9735655020892213	-0.6343348043171848	-0.6203551015888566	0.5220464338527148	-1.338230009742535	-2.1037284609845317	0.5711007689280903	-0.028390499020536267	-0.07120528813229646	-0.0458306372805463	-0.4557122866693758	-0.553538376761867	1.1310360418527667	-0.004883370446126232	-1.4385156712087612	-0.8447859473491206	0.8264041772721065	0.34752343599779306	0.00235357278412602	-0.46918297392991914	0.3894400308630939	-0.2227361048787046	-1.912231391095582	-1.4980341103910917	-0.12918920746832824	1.077722314711259	-1.237874610015185	1.4594162875665833	0.131414800147739	1.0474708917830078
-0.9680918307967977	-1.1778649212237002	-0.7603029583080542	0.260487030621676	0.2403829386425804	0.5379095856563719	-1.0035544436347112	0.7232733690906925	-1.1452242015212646	1.045758466641933	0.32358525408496336	0.07909250613152237	-0.38004977741979407	-0.8298882054108303	1.6007357720538837	-0.21694663495800479	0.5141772164253341	0.9219428062516255	1.2052293250631707	-0.08018302162308966	-0.6251284958199339	2.0199071924192946	0.07647152055956172	-1.169514712749401	-1.7684660326524384	0.0206893664489341	0.18890475788124725	-2.222940882073676	0.7297112545821601	0.13994589240169064	-0.2377232543226199
0.49411417380727196	0.4547180162182124	-0.7088486694548773	0.7435465125788391	-0.008775068452034523	1.3901481273807934	-0.5097028586948722	-0.6258262419455468	-1.4361605223885892	-0.07470284789565448	-0.24607862782123271	0.21044040800650257	-0.6739449116586638	-2.0011239516462482	1.1569489299550866	-0.8263359450294561	0.7189177084591019	-1.5260550139018498	1.7967037668044614	0.08549492941578817	-0.09258504149200189	1.0820248283255929	0.2604023928686339	-0.8791925638913836	0.31416293372006737	-0.17388464228977668	0.855501140230362	-1.1824418538953199	0.7830265573798	-1.0987223315332575	-0.41584457564384875
1.366324515620153	-0.7299725657591535	-1.542440478043916	0.7378944348645857	0.4444100329614689	-0.3337092901458891	0.5026959864717031	-0.4869524260374703	-0.5575763347999686	-0.5880083037729106	-1.188659132930989	-0.40065022109712356	-0.9499996501102734	-0.4590495643229735	-0.06409863611123184	-0.346224558219153	-0.7402138892121518	-3.0805001604044957	-0.6963343235652948	0.351887329733438	0.437450372227782	0.5660800547948279	1.2649960522216186	-1.2082383711212163	-0.27360596021635997	-0.32041431149730515	1.722780861234074	0.38809158893843904	1.5421819587598764	-1.1559090704124193	0.6236869464133299
-1.3031667562629217	-0.24927998249766556	-0.9702040862309228	-0.03189276152832497	0.529096648899258	0.5296475525311667	-1.390620758073517	-0.3638797227373127	-1.4168490553148798	-0.500986144358178	0.7120869751610257	0.3814596767266766	-1.036654472738745	-1.286710466756051	0.1312366446296209	-0.29604023183916617	0.34479449099643	-0.7081957438185179	-1.0651858872897073	0.29609949576102246	-0.955278759650805	0.14969684398369656	1.405955604884126	0.13587542825203466	-1.1405028480711192	0.4316002298535483	-0.394260051728797	1.453653375015003	0.480157968373964	-0.44200126391294015	-0.23375612240213878
-0.6956576056831514	-0.3567212781712567	-0.5917204705270324	-0.5157109910140086	-1.2362161524208923	0.5026861468341112	1.85867206509935	-1.6603527197664107	-0.7142402952382814	-0.3032553824024409	0.42275419819642807	0.05668533702116152	0.5407738782647726	0.4252669755209325	0.8173059686452344	0.09266689886918046	0.18922624796615792	0.775047052542824	1.1364703430251482	0.7107981750198271	-1.8634532883980648	-0.6538626327913969	1.232810458106611	0.6255008644716185	-0.5149116670974846	0.12779501816708624	-1.085496353208172	1.9637787020015152	0.9204920514062522	-0.20133900954263578	-0.7824016605036586
0.6560752329926725	1.028599026091069	-1.0197905077598632	-1.4641162904251452	-0.58904372345151	-1.1293818011702168	0.9032373935060739	-2.3004807313292	-0.9085156454888632	-0.42277475007942267	0.49976177512286096	0.5154119382389775	-0.3102974150801788	1.008182164377734	-0.46782665484820246	-0.7426314541653117	-0.03567993426824025	-0.11137511033088437	0.35577757861326836	0.9381307167614824	-1.8173618411824675	-1.1659690416290793	1.1576680963535493	-1.3217208820158313	-0.8146003991793772	-0.03646030854056366	0.3312449077243042	0.5622479378373494	0.5041876755806212	-0.018560686273964063	-0.9807793215424642
0.08954937309543565	1.1114377057124438	-0.693988084088558	0.14950128743527363	1.0407827291244236	-2.825804534255732	1.0074864969075734	-0.8886977225488597	0.0022020053265695387	-0.0040569712488901215	0.5026243394008079	-0.11999230313626337	0.06730180814912678	0.10233027003031471	0.6104662847188693	-0.1628339778228039	-0.3385918089960144	1.360272506462034	-0.28573145959682067	0.9703183376112224	-1.0937049515877841	0.45899834920826643	1.067950399651575	-1.7082615443039422	-0.7796377681214582	-0.21313914110779117	0.0019521162216334475	-1.149741804909215	1.066737829968208	1.2716316142579447	-2.0300497480632966
-0.6393537886829306	2.395653618361857	-0.11090461305418396	1.3488441239025433	1.349624293824145	-0.6377198695365243	0.8510432844288007	0.09278945156369289	-0.5937896510920468	0.0476155617927722	1.015343452977853	0.06665614686420636	-0.18438362456008625	0.33892097536623444	0.12924475388201287	-0.22516267821129193	0.10127273028925467	0.7614763400690586	-0.2744129978450135	0.8061058464710246	-0.9970188934459748	0.2329079230315331	0.8815826771564004	-0.6617504042641592	0.14657512395054753	0.18827377860716785	-0.6436448349446321	-1.4582956435913454	0.6927667555785478	0.3527191964961898	-0.1334345217376834
-1.6738343664102953	1.7904537809043959	-0.4806421186253092	0.720491970967469	-0.10591982124380582	0.3118801970882648	0.15790218063235836	-0.3622011277521435	-1.2064989832816286	-0.14782402002841594	0.048861849831490785	0.8066535260694282	-0.48887748766631883	1.0373515171751737	-1.0339613768699083	-0.7695347976517236	-0.09198723878213012	-2.268361259743206	0.34605301062069477	0.7985104498355374	-1.1065994393455325	-0.2893088657560797	0.8601125031439554	1.7110343529508856	0.991868976848127	0.6594804920667977	0.7625446740170243	-0.3307381208831499	0.3859038762895631	-1.253154801062486	0.30751324217864606
0.15542330808794502	-0.6031290149476388	-0.5887338784918623	2.0561388747826714	0.332439703282762	-0.5766884857266467	-1.40402212985155	-0.4568154119107143	-0.37454455008559706	-0.5384724094358514	0.8099345441222927	0.10144726153282055	0.24171128761853392	-0.36193973857617123	-0.87249725509193	-0.9421070594980722	-1.1906865332197205	0.027050653913833312	1.3364562095430248	1.0577226748532915	-0.4942578178507062	-0.8243029991679481	0.8243291472123392	-0.4306880198135013	-0.461891024446269	1.1539199315698108	1.1875918261624343	0.1527998850061591	1.3300483609835059	-1.5804407409161227	-0.2906437535223902
1.168501172351447	0.34364752715537467	-0.26889062853891205	1.4163418751643404	0.7669196237063874	-0.438986351102499	-0.7189618051367116	0.12647120429259331	-0.7906676220507753	-0.27210123937395486	0.9009278219154444	0.37728619785518647	0.5213210609045265	-0.5066629552942387	0.5355580521212813	-0.6015354982719237	1.5378546632862782	0.039331920104792195	-0.10373601104459894	0.7213728884100687	1.133973510466088	-1.2033277222259344	1.0115189339543444	1.9678153063636235	0.5125972685702908	0.23824392426991012	0.04794169657754261	-1.5231724740347696	1.214811380587628	-1.2273958175683524	-2.2166846097522193
-0.08003181736851371	-0.4910173901098456	-0.5780909167265171	-0.5826117146750941	0.3514484788593315	0.18479802110241056	1.0418186969301566	-0.909372381253147	-1.1850919252021024	-1.1448202032644428	-0.33262044666085927	0.8327430707696166	-0.2638778812832329	0.10619418313534904	-0.9906712232345504	-0.8203071803277742	0.6524939205804955	-2.0440586872266358	-1.2556413908151287	0.7722776029642447	1.9099435537281189	-1.047969159590369	0.9483525971850522	-0.3817670990259867	-0.7455030679491591	-0.04955436934183215	0.6040397141154937	-1.0711182456275055	0.7135761756767158	-1.2656374451390804	-1.1841941551132162
-1.020077563094085	-1.4227486148815152	-0.17233218309036896	0.30524519932547267	0.15735177716338175	-1.2566348327513972	-1.2763877187611634	-0.33170396993573986	-0.4138725527679121	-0.6955733389838328	0.3054658378783628	0.06734591293727542	-0.37220091466520255	1.6488246413188832	0.5053746146555586	-0.34717917625166084	0.004729949898876617	0.5767860256107025	0.33978413929686957	0.6660036897500192	3.0123975586210916	-0.10491016454495102	1.1696004983079806	0.10109289811557239	-1.0133058767882719	-0.6212715130750285	0.004284741287100531	-0.7665223752674766	1.2729520994297696	-0.9907411007852823	-1.4797915430106587
0.6595444491137816	0.6835598131352817	0.19140392310632096	0.6031099267637129	0.053132891490516566	0.1199534933349802	-1.24227248467323	-0.35333010194431674	-1.020202540828566	-0.7193033488018805	0.10910357658435271	0.39396418164384683	0.21344604680374873	-1.1253041538712367	1.179088897718039	-0.4680589184265125	1.280242670186958	-0.21101474392491276	1.6716841030430338	0.5727470018211137	2.278939624847596	-0.10352168645996941	1.3497418160936359	-0.6889585169235426	0.46348134329411456	0.07291791464942166	-1.0887298895673556	0.7182690994328759	0.9046756314216768	-0.9988418295960044	-0.18437519265133756
0.8439847147812336	-0.9015327435265179	-0.4194041895977319	-0.7188035311776462	-1.0320084193818182	0.3033245336575262	0.9078738640972271	-1.338741857242214	-0.43195786136337877	-0.11793184777055185	0.5813719995502808	0.10372813229172208	0.4764107792435158	-0.2057212310659971	0.07608684960994559	-0.18331309450866884	0.35592428381552166	0.37944507058370813	-1.0756270634144742	0.8669388066697264	1.8442993955820148	-0.46493054551550617	1.4968413342318792	-0.45694972127682637	-1.4948318424894458	0.18310742808948247	-0.28022876726765045	0.1781742664080653	1.0909035908942692	-1.6383946671746263	-0.9481495421209996
-1.3034095749809345	1.8686911092566263	0.1924419198227215	-0.7448403131396166	-1.5268322275391943	-0.3589040445411538	-0.15989023676350028	-1.2626066817177972	-0.5676566355216701	0.3095582388827541	0.2826875028387425	0.08319263768401354	0.5865852535506388	0.6423546527591332	1.5140146398707945	0.0844683808845011	0.5718356106332643	0.44768561485524055	-0.016575279824810434	0.7261523677260094	1.6294779063397276	0.6966888257139946	1.5172624286688043	0.8633467722192718	0.13841583954580783	0.42132496836283595	-1.430247987853778	0.9093513817312904	1.1618656856848035	-1.1513257438047537	-0.48488555634483466
1.3061545218766255	-0.13918831027950276	-0.1678337221005523	-1.7661404157363567	0.42597814846192517	-0.3383382635428288	-0.8903277813622822	-1.2632188554380244	-0.2076505918953052	0.5202113907702471	0.5105065645198168	0.14516807589928482	-0.3009383616024767	-0.3966066493661907	-0.3691715044081172	-0.606801103651485	0.5662329406121409	1.318547523789756	1.162338028150602	1.0362199675951498	1.781951517787689	0.4448246327368243	1.5450884525997062	0.26690310095337594	-1.414975618400797	-0.6473330425629963	-0.40524718787934827	-0.29952852368451793	1.067143005749974	-0.9360805282393104	-1.1391646927988324
1.126215846224927	0.16275216812838847	0.0064311007609815975	-0.3069100759477232	1.001240620300727	-0.5815288339203095	0.9304005428848253	0.6571507258303031	-0.2607478379358661	1.0247444536848362	-0.12499864506482154	0.2468086543195957	0.23690635425021345	0.29394327776759877	1.757643506694134	0.2522930306203096	-0.0737227555856776	1.3841847346647786	-0.6690188120598392	0.6187079858262434	1.133545184335624	1.3897907239887208	1.8356963199125855	-0.5832858953715394	-0.45264997099073057	-0.09072287996222889	-2.0101323674765372	1.3449972174422542	0.9747156627199636	-0.3971146104225879	0.6743497535930536
-0.2416193935821445	0.7155886975162844	-0.029347959323897756	0.09313715454456302	1.412738223410026	1.6813999375446251	1.3758605017283696	-0.21693294149623815	-0.43656577018744447	0.8239916041609362	0.4111102693319272	0.5327206590779245	0.43523932506036866	0.16855439704639413	0.058374536103749035	-0.19148519944800999	-0.01103958091042166	1.6676052424467909	-1.1322735982000418	0.5464294483720777	-1.2614689861833777	-0.4323282929839782	1.65846217236944	-1.109185525781608	-2.0123111233568935	0.7228459838980065	-0.1480761070395859	2.259476726063073	0.8311060244774889	-0.9619902503215497	0.3329882896146207
-1.2329370916068685	1.1260902311100875	0.2297138944560703	-0.7193295770983308	0.6533751110198479	0.45979725916926517	0.6162944952706997	-0.099570164883207	-0.19537126200184246	0.9084199573397945	0.29068632870553973	0.13425020917791955	0.8414838579503173	1.1010844256428396	1.57558226136614	0.27529228640170245	0.22853846633656308	1.9645022485229828	0.17248421731431002	0.2866716114393799	-1.6487655479856895	-0.35231677688957824	1.3993707723450766	1.6550243043765756	-0.9207398682214537	1.212792519166556	-0.5860118587962487	3.3734480866411762	1.2444164987640218	-1.2981473927989065	0.06928765283555764
-0.5527198121421033	-1.8761244262374266	-0.21948523131741887	-0.8250026778533276	1.1690542174974683	-0.007344199403745357	-1.4180544921515759	-0.12702109951825127	-0.5480601253671586	1.2125686216005531	0.5098311119325641	0.3993999511222316	0.14328323668390947	1.4224693791629908	0.1516389595760776	-0.4369242554735489	0.023870350219620768	1.4923196382979802	0.6949306878490643	0.4396477871932699	-1.6469153807770607	-1.0171696503523533	1.3790493489281885	0.15310511165126536	-1.515826492202317	1.151258474654228	-0.521223184073486	2.4993368268223275	0.940073063143069	-0.8225580109642187	-0.3885568654972435
1.345616632790118	0.00486410483931502	1.670160741142574	-0.04955520311812988	2.00749952433167	-0.7553535889355923	-0.5240304616529396	0.6467150201640894	-0.18062562370052318	2.229259505526116	0.6085677908250567	0.15029675547920984	1.051600786530256	-1.3993285240550395	1.4556960057791866	-0.4201156650262874	-0.0002795893307897556	2.066500599988314	1.3827053671586158	0.6786472290568292	-1.4701013733492507	-0.6556144726758578	-0.4889072019668528	1.8084521219755985	-0.49412239187983437	-0.3841149659731648	1.7037995395531376	2.0432042098580405	0.724491772742796	-0.6286793780472468	-0.683117263768093
1.0247077021089468	-0.6317040229912336	0.3393168769152303	-1.1936804120112294	0.2424058244145725	-0.3528009088154014	0.0664148786281911	0.6361721729890054	-0.4780043272382438	1.4313488788783126	0.8916862568535651	0.519923855862616	-0.5568189433096487	-0.6710728050421222	0.24149845788012486	-0.7912487662311277	-0.295288505295101	-0.7548887543477631	-0.8712002288172986	1.5176136830078062	-1.0641128834650448	-0.20446305921696462	-1.5655458079164115	2.0277445647634167	0.7139341983678995	-0.8539994047211816	0.061606932106888175	1.5211448128602687	0.3881728323235114	0.5332934538466194	0.6340171377515054
0.8877594374992102	-0.7592737906015417	0.8782888192884089	-1.796202662192752	-1.1137031665267891	-0.348437423567452	0.06124361453999415	0.6415789031678	0.3837042314698696	0.6429428796954484	1.4350678962095411	0.12923238309290325	-0.1885265378230245	-0.5831044715138607	-0.38740007220375344	-0.5743598546521369	0.008525739640350801	-0.6682907183869798	-1.2582111858544203	1.6494961485140895	-0.81117789867135	-0.1829463406772567	-1.4362621488531766	-0.28107897027445006	0.3398773292945118	-0.17891391410721652	-0.9963302949900471	1.3340502412688022	0.6082676585166182	1.710178663731338	0.4029290459526392
-1.5951171757125586	2.1216293505539694	0.4945775335331001	-2.2850941578420882	-1.4101459636792182	0.04430848499292154	0.03128533622749652	0.9640046987528398	0.3091650788406742	0.752099705257969	1.0113389484041526	0.6343025425230439	-0.4805291298529121	-0.46741521079230863	-1.160762434476275	-0.8250878968507257	0.5775093961657849	-0.27015187631810733	-0.7099677278992924	1.87602076126844	-0.6560033145333843	0.6072059074556584	-0.8646320022765432	0.31906358699538356	-0.19021542476502667	0.28462675083259176	0.7136025880461737	-0.16905152843154597	0.08462457182681585	3.075800939654423	-0.15840875250407496
-1.3868908580724195	-1.4801743314104179	1.4736335240096148	-1.1443929582708083	-0.5275128587342964	0.19354752977790896	-0.23048800402269679	1.5729889525587657	0.38249989795546024	0.7346294216435241	1.3531006269459132	0.3194397316603762	0.31445301737729586	1.5307637451187033	0.4358863690723387	-0.6420324149318871	0.4474552638525109	0.2203049684941839	0.9001216696030717	1.5731157107215428	-0.18917344716292203	2.015670695581383	-0.48225964810467076	0.49836244727863305	0.2173794670562433	0.22306315982347028	1.1882075248022024	-1.144920223154497	0.2760738360744901	2.636729728739542	-0.12259668084085026
-1.218642999539136	-0.6926979812503027	0.9845226382990595	-1.4159485122633824	-1.3592022387023117	1.5659930984710668	-1.270254398678065	0.3108975359243906	-0.007577643561729768	0.5899393633591418	0.3221408262437221	0.7584337687493751	-0.17518354717408482	1.507291019043178	-0.9692303040403473	-0.4874815754694586	0.1883533396201948	-0.8513330519120108	1.171592963289884	1.7014809200088263	-0.04635389488005102	1.8043850383927478	-0.15542712450552817	0.10392206694077015	-0.37456700566713563	0.48975618154036576	0.7973656850139339	-1.1546171801278262	-0.03755781457266458	1.3314614629890782	0.5673503502293511
-0.6854422190237079	-0.12669664993458174	1.5971124680982087	-0.2777292539677932	0.0437588216704288	0.4438389110056388	-1.5639544987304368	0.27839499264053635	0.3136078436430352	0.2378658595169552	1.2270984146586497	0.4150764730767179	0.7411915265564575	-1.2778952340586793	-0.0257153771365181	-0.7900746567055675	-0.9455290821920694	0.6806971130951192	1.6782141298751339	1.5946746251619663	-0.2624102736012695	1.4572560826817693	-0.04985596817954665	-0.9363514558472441	0.03480907460001358	1.732296723378328	0.7296308308250692	-0.9435246031632951	0.1311758365585263	0.6319426513443903	1.8880997052476551
-0.4316692519609388	0.5757835349103624	0.9652846787491268	-0.06069768752609113	0.40958094114454224	1.0564993255680561	-1.1436588892362025	-0.19468909980252322	-0.42519042600300494	0.7565725988870468	0.06030717147021418	1.036826246337439	0.5300519323055878	-2.206182566760636	-0.45765763340596965	-0.5509301758224737	-0.03278624563188489	-0.8872956035025376	1.817042326615656	1.8381749827659757	-0.20609564435534933	0.739215599026207	-0.15913794043031984	-1.024485228300508	1.180573798093762	2.081409240304496	1.4326783499476088	-1.421638441754199	-0.23230400494511488	0.4702825696981459	1.1647877184926443
1.3511179688167896	0.26827207382106444	1.3856003272027664	0.5910379553769609	0.5474578029705266	0.2687133246968112	-0.3007515449040965	-0.3181774148734485	0.6440425722988685	0.7644594153968972	0.8348679129049694	0.2609067000171007	0.3854643588106278	-1.5819427597570719	-0.3714174949725874	-0.2761318345748537	-0.42902140468895017	0.37786713676627853	0.4286619789036111	2.042578698262127	-0.1810459203344123	0.5022852637952825	-0.10814204441314615	2.41519423514021	-0.005004805114945739	0.5838226820717228	1.5412433601136182	-2.0466413003494304	0.7249905423321954	0.5356801856650539	0.0944352427234827
0.7956474387559597	-0.4237913555999973	1.1719789182365068	-0.7045434697050632	1.0892665653661147	0.3212005716567507	0.5010597959357262	0.21684432570279263	-0.36337738218182336	-0.07826739828863015	-0.20423103255696015	0.9714047330420766	-0.27883541228717695	-0.7931998431330554	-0.17662275190588414	-0.644844145946098	0.5472194460592357	-0.8304583924147447	-1.0937426872774663	1.981714668147354	0.2172789751619751	1.1385457592728676	-0.05749464568406175	1.4744861021802893	1.5090267913064936	-0.6601118571527427	0.3653821675504954	-1.8842157526155836	-0.2407895558258462	-0.24920983880207118	0.7554378639143176
0.5852644589840729	-0.07811608213119603	0.21490223832246963	-0.6389353608642554	0.007592297211393664	-0.0014408476375188473	0.8138512263931134	0.11906201356224227	1.0763118598985026	-0.3610261860557561	0.40373290495038183	0.42097571257786326	-0.40535760739135596	-0.6394805341757345	-0.5520217351698233	0.15903459914708784	-0.031080472665875082	-0.18566028533072937	-1.1140980916223497	2.183733237158775	0.5116338088436979	0.07442128252047658	0.8507352115672074	-2.013411011453326	0.21472124911720797	0.02488843650173053	0.3611743156977671	0.07277148542720613	1.0015256734937967	0.4644376892708854	1.6176816272984686
0.9058500855687406	0.14158708380663917	0.1966957481504991	-0.5635871749800575	0.5027261439085453	0.29978096343332394	0.42882550347580356	0.7403213859327621	-0.015361573548699686	0.15964988865494112	-0.18975919408501843	1.4299319459137074	-1.078183104517454	0.7278652314700086	-0.13955431892311182	-0.4344806656866771	-0.2572042347907006	-0.7019326322641912	-1.1195003044798715	1.8054428917211847	-0.01208167917853728	0.08101918860977966	1.112580719202358	-0.7795167460623023	1.6304603530592727	0.6000102854699029	-0.5528225877627159	1.5850239204476753	-0.060594946101271134	1.2743578371165643	1.465493403008614
1.156507804282466	-0.28606478466417307	0.2229152126866445	-0.10499653491298007	-0.44133424818585476	0.6315913993013592	0.11179850716670574	-0.5779148863543964	0.8693777294843207	0.038179551165355124	0.25687649633002624	0.6528723138287065	-0.717954493606083	0.16921561442545124	-1.0923299274860898	-0.19115516318780829	-0.5429507392883727	-0.3314643168575842	-1.1624363888817901	2.13418516654273	-0.20459327510350878	0.06165856398907281	1.091489223519856	-1.4867921509783668	0.5415650683514941	0.6880484739617168	0.020913712468419336	1.2891557279011605	0.7883373773795622	1.919349272920694	0.6073185909511882
1.195524785977611	-0.13340765196560697	0.11703731842332175	0.12510326387324475	0.3938528760498747	0.07561260342707143	-0.07972425373556988	-0.060927376362696836	-0.13714081552794408	0.4747277721424812	-0.4479732420319306	1.4073236833967473	-0.8287431339781389	0.6245042027501317	-1.0636691968766265	-0.7342164286440024	-0.8259727260177596	-0.586253287781851	-1.2382553923501587	1.8435734023709185	0.16114344962942723	0.582284331189737	1.1433683979234968	0.09554709681297832	0.7466470499500878	1.0107904171198765	0.1298248691961251	0.633663676603384	-0.18733798213993716	2.276212853046126	0.010383556789346677
1.1375092031384206	-0.2522004108093844	0.7435099344484415	2.078901577067405	0.05213788732745099	0.6246071181728169	-0.9463656100850593	-0.5071362898716866	0.5476680657045387	0.42915296005809356	0.28653426391019626	0.8934948359892684	-0.4537387058580215	0.19888163133590805	-0.4818954990284622	-0.48230118959339396	-0.5099057668597302	0.06544851062405557	-1.4809055290319688	2.0915076249342377	-0.008745603165884951	0.3226570611644635	1.0398473284999603	1.159428470366657	0.7098441118368348	-0.44205461608530594	0.10240448418961756	0.24889506018254876	0.41705312435043224	1.3182874564138427	-0.8559277935670296
0.8880572031854105	-0.7740840049702697	0.7749273179128593	-0.32111698129400795	1.0001977526916326	0.5844720577128699	0.3146484470102855	-0.795968644586911	-0.07024402586794871	0.26313014933506346	-0.1367091697596356	1.4553812214308468	-0.912346576660071	-0.0927842463020946	-1.3011369135207906	-0.8281590178407675	-0.7215882941115096	-0.4567164344435353	-1.4075555054826219	1.9823463604578533	-0.005173916547482324	-0.14080337748778146	0.7350648388763334	2.1027010056034645	0.500784339313928	-0.9724977662488801	0.7997064328661045	0.5347654188953479	0.09103265498079173	-0.15983225687864017	-0.2884910605028573
1.2198206397539189	-0.753442986547485	0.7517423736160296	0.10146195119208566	-0.6825840436375485	-0.8208248764361479	0.12208848310516286	-0.056366784887552195	0.5673750976868368	0.44698842806622646	0.2459167542919453	0.8192191493980603	-0.6048853917203343	0.09152620310980467	-0.608467051077507	-0.135021021383298	-0.7017999558558327	-0.3498560080978977	-1.229421931647241	2.502345687891814	0.23082543230027536	0.5374510038501861	0.1865710434943987	0.15767842331795068	0.9442165668054856	-1.2081826084047496	0.7368268208144101	1.6659831151042739	0.7979971256912943	-0.2260255112475882	1.5017774265582147
-0.26134286271277657	-0.6824465788635139	-0.02671078864059634	0.7760341688522048	1.059566750476706	-0.24631336409799126	1.0713148390450435	0.8289509105696802	-0.6449384551089166	0.456481572087171	-1.0982507149116763	1.6153399684985632	-1.2671794831867147	-0.15473569995534217	-0.7200518823859628	-0.3438337721622316	-0.23783198060064656	-1.0312826230557994	-1.504550443208023	1.5065413965197818	-0.054211312236966194	-0.8542274352997766	1.0004746881562412	-1.7914563071032388	3.0111617908899895	0.15750303888513548	2.3254754717917563	0.7249238422218819	0.5277623972966807	-0.5274113372617653	1.248594111200617
-1.1601246023769658	0.0026721063251774757	0.6651126604590339	0.2895395647098369	1.0801798678725636	0.3376033316229796	-1.6499730957283807	0.8561502925707081	0.12903632867018447	0.09868814515464476	-1.6238492130797313	0.6046347448766621	-1.1472680463460867	1.6110490891897502	-3.269317749069254	-0.43852102683175037	1.7596741700092062	-1.0370605886055162	-0.1885627110299999	1.4765906926173193	-0.08098142021353123	-1.2474414254549375	0.8349244437323945	0.5398655491034048	0.4075052806253842	-1.141496446592559	-1.9157154680513517	-0.694405915741667	1.1594150992646688	-0.19859061927003116	0.8760841619544564
-1.119541387077	-1.325633145519725	-1.0573630578419504	0.4196522252027052	-0.3303375922432724	-0.1277438786770251	-1.2847463652550364	1.8857101686171536	0.6643127373393799	-0.6212127425156212	1.4185793639349937	1.3116620393788918	1.0231522306354996	-1.063490641780339	-1.005169160994376	-0.7593209151729635	-0.04450650395032451	1.2584466972090809	1.2396984172489107	1.8384013683223344	0.7652823253260838	-1.7130054851317278	-0.9702570178546666	-0.8486356626997729	-1.638609230790781	-0.5502966230486106	-2.026539410267694	0.5610215152420988	-0.48128247997248935	-0.44233205882362636	1.4625928541373447
0.25427356789991573	0.3176911063897677	-1.0280813911564228	0.5945129780973977	-0.527638531766964	0.6910316748253925	-1.1243778299157408	0.7336437845185279	1.0577258561049687	-1.0279373479513594	0.9247887925662718	0.6990477086929174	1.0587963232576467	-2.081047817825095	0.9848255467696057	-0.17474842877051405	-0.9282932530954158	1.8064855061135996	1.8187978345071851	-0.8322450542165121	-0.17950260319823244	-2.0278069909231733	-2.1143024785061084	-0.21797027706810793	-0.5968495108354825	0.25413231896034366	-0.1974073762282683	0.03190769136367036	0.6707272240534226	0.7891068470334955	0.7449465803657125
0.7742189180080972	-1.1377110165634534	-1.2952122481407653	-0.8698956348489048	0.3766530845185141	-0.17780267239414793	1.1111694409604158	1.1231425199343639	0.3541948843813044	-0.6991148527606034	-0.582334422521312	1.602669751358747	1.1229109513404705	-0.8361237906509902	1.7533740257452268	-0.08434774895696319	1.4250577513308347	-0.4583860882911863	-0.6765641207087979	0.9347046315543686	0.38045325757795173	-0.9277441929592651	-1.2313151667884996	0.9569994929648175	1.5784569656186167	-0.40353611002506967	-1.3957070722134117	-1.4621443964877163	0.846121835017082	0.5589521160261384	-1.2087196591915643
-0.8869923816001488	1.1514715744498216	-0.6020902407581877	1.4793344692078585	-0.5203867907413098	0.2236214772418646	1.7206202147451748	0.9331974384654178	1.0096210161755421	-0.9309451105158428	-0.8578177832783895	1.137340068793087	0.44994572797369237	-0.2566565385804421	-1.2684327097413748	0.22031487302710198	0.9864940162974464	-0.617596569246829	0.046086738809898664	0.8789764206954188	0.06187965989687519	-0.09156207304304162	-0.3938688382681682	0.9087815592935445	-1.1748983961062796	0.1336022464151763	-1.1284948393643401	-0.3518035445616115	1.1971491170663435	-0.29578744417915914	-0.27081696889880214
1.34200404023948	0.6861802967489962	-0.6322321450576243	3.3854846778611387	-2.0004343631357435	0.9712186222218717	-0.7007535198555649	-0.21621822194437196	0.34424024654483387	-0.9606092104525258	0.8410467776877132	1.6110781922177777	1.2482023493452017	1.1994829340009947	1.0865416356207982	0.0534985250491436	0.8969163571623525	0.24739442391784366	-0.3013352554663226	0.792332841737261	-0.8516187619065496	-1.1880485001506598	-0.39856245129055423	0.7487517490430009	-1.4221171146090323	-0.26971611054126815	-0.0492673655492187	-0.5711439105474427	0.4438929443081245	-0.6574678620868146	-1.923929289358549
-0.9957669789855101	-0.7199291601532734	-0.5461272108035164	1.6395404983139719	-1.458278183731275	0.1421758566052807	-0.7877513409786131	-2.1997903123221416	0.2261069786025889	-1.3948487845849917	-0.2890862715207925	1.2456373282797353	1.800882852935687	-1.7869036179654765	1.9388037201254251	-0.0666796979131908	1.0254745594266732	-0.18305253167276475	0.18300370126735302	0.8522933970523842	-1.4593707720608338	-0.13992498848667606	-0.3863648268078046	0.2605911132348776	-0.5216466482143365	-2.6166733745924224	-0.8422442323263186	-0.4323400604028702	0.7638751827706036	-0.8549691859751137	-1.2038892905041223
-1.0471531944714172	-1.3788634734437295	-0.33279760438550626	-0.6716935073987975	-0.344318021092514	-1.9140967706615326	-1.2519671578763651	-1.8506132433436429	0.903728649517139	-1.288504871471652	-1.311283625718876	0.7084048290810361	1.4942101707234718	-0.2540664256337382	0.6105400563978489	-0.01830749028838201	0.5000577178060301	-0.7032684994321895	0.8978516325587449	0.9324012482418742	-1.0425618457696013	-0.20100720394451438	-0.11327868418165109	0.32514505490225903	-1.8353179956876866	-1.9081680141165602	-0.15362399009355335	0.1833490188872113	1.238021785253736	-0.720478722135421	0.7070100325200362
-1.154802966370379	-1.7116472785645265	-0.016281138885863744	-0.051513980852867174	0.016866078257883686	-2.494656011518041	-0.3367223748319321	0.4875554412564924	0.17530281574867984	-0.34433811402305897	0.2375038797883453	0.975464173464192	0.9253201691305815	0.1580958381371716	1.1012386323933891	-0.20886751454443814	0.4141536379177534	-0.9268216169261573	1.4379806056135112	0.20895471498027227	-0.4056305032283081	0.6573385797327328	0.14698975446548743	0.3394544010831868	-0.9470919154847712	0.691151463400485	0.8801654865635948	0.19307338823954065	0.7644571102246146	-0.32470714664358225	1.2874881967704026
-0.2968381848046762	-1.1965798534560645	-0.6235395564623399	1.1854090672357571	-0.735052047291127	0.07581406065153157	-0.6221085828875376	0.34353879720825903	-0.4230055251538963	0.42850851064855366	-1.1458607070338493	1.4891349459925587	0.1936630493132306	-0.02625705357612894	0.5742027910192031	0.07347440195695834	1.4204738165378408	-1.7447005832793956	1.8014493846097241	0.5536752679497758	-0.6666329239086716	0.17688689379962055	0.12737261371659475	-1.3697977506312713	0.9761751971906698	0.5945080253823435	0.2688627156178771	-0.8884684906662081	0.38208798317860443	-0.37452256871590284	-0.14386878907103373
1.6198457148336125	0.9890618311837784	-0.21846539963041614	1.5542133450086666	-0.7481774093871022	-0.10150639880612837	-0.5545797925009168	-0.004907292480765424	0.917963287333256	-0.3670431870616178	-0.7932819698998627	0.45395534527072484	0.0344400987001934	-1.3243621420825589	-0.5342233617498684	-0.2128461425489083	-0.08800385861683631	-1.341801725619888	0.932962248085867	0.9148849114630011	-0.3632412004543063	-0.32986093312576076	0.3077221401986903	1.8193645952599933	-0.925701686387755	-0.6970728986860898	-0.07054085463454901	-0.13419866589752744	1.1228142237279006	-1.1727514329572044	1.1102858817901657
-0.2564637139922545	0.2039161288615832	0.5160235591387486	1.1686062925853107	-0.726249126825165	-0.3157831344551377	-1.424340629067543	0.02108949786613649	0.16036893890250878	-0.058660194042471935	0.8881754739926568	0.8041881531796612	-0.6631824006538481	-1.4349664059767757	0.1443366393863047	-0.6995313897647379	0.12433616760937562	-0.2555044424899138	-0.6042485987256331	-1.5258201096514272	-0.6870016136784872	-1.4900212525798164	0.3492379742462347	0.46726137062604617	-0.5527091951587347	0.17289665435338847	-0.9561983821819011	0.4056418622512253	0.32691023336221764	-0.9846790599635171	1.2781300918852052
-0.372433494025099	-0.06979864958775771	0.6394946244125513	0.33474654435927276	-2.2776768605375897	-0.6390064771799558	-1.310110710774802	-1.2182257546152293	0.3909097318090874	1.1643350410802003	0.3916130167846073	0.41204232849918654	-0.38964506552680317	-1.7394423869348383	0.6345915755660502	-0.6352002735777025	0.2430394488660294	-0.4665736750740844	0.598719718535902	-1.7670642287355944	-1.3806004088322474	-1.3552237078155418	0.5267729485408479	-0.17529565617116857	0.619144792233186	0.12655035503296866	-1.4222474809815122	0.5438418405511162	0.7068738851691516	-0.437151137114566	1.988755325465639
1.3571748454257302	0.3787223264182446	0.06191953542174572	-0.30631407458858195	-2.348153462053728	-1.528648909678663	-0.5422495756930398	-1.0850355170018522	0.8194831442387958	2.765289250549901	0.03333775136463294	0.48226424885569913	-0.8031037767332514	-1.118779472392275	-1.214232660766656	-0.6905906485935652	-0.5913833625807241	-0.6486547107855298	0.6348455976866415	-1.5091937911773066	-0.8905562988493344	-1.1487589351190366	0.6121183087651747	2.0106425777698838	-0.5325267208791293	0.40084483793778236	-0.018882187811888763	-0.274152141600794	0.6449354171934883	-0.6312774120137266	1.1358745222731854
0.5563880656307959	0.11892903117365358	0.42814978821057653	2.4274276272586452	-1.0660734500860405	-1.4490929305779756	-0.960444424827266	0.12200158955324591	0.3807249831304316	2.868470428263063	0.8481991994628457	0.8545177966785291	-0.4399572494402566	-0.5732820592401737	0.23262801933070282	-0.6702295720221563	0.051352067326813224	-0.2861683540165364	-1.1118625274921685	-1.7081525943834834	-0.15100223078565841	-0.6662783727218309	0.42276634843333255	1.270800385072135	-0.41863059819873766	-0.038685305970936626	-0.5366885059663837	-0.42467594798623576	0.1552596276658827	-1.277184460182675	-0.7355471652675657
-1.759279068789721	-1.0227236630539038	0.45777874115689693	0.7382879270707405	-0.2915453762148082	0.5822096252986485	0.28450336698798584	-1.1547121930313688	0.10650120141630164	0.021115654833664902	0.4544456428611863	1.0506328275930263	-0.06252806988243176	-1.2527445823090193	-0.3762387271946593	-0.5116497255594419	0.06809599988453541	-1.5106397876090092	0.49840016305294366	-1.8397663872157204	-0.5113021672335087	-1.2509993604597687	0.35117866872298853	0.6000726217381643	-0.21760562987817472	-0.36474703574927103	0.13128822295803252	0.0033662540207565813	0.06682589054296655	-0.996844527847807	0.1360272609569538
-0.2558632849522865	0.6959339731820129	0.9445055690353864	0.39983082961791894	-0.06066501752735432	-0.7248441710731196	1.2894709125793047	-1.1780332087801764	1.284286929857128	-1.1168583085852928	0.34536765303778066	0.48210682334816213	1.2167718128735108	0.8360874878670843	0.14246091840801917	-0.6000048437007915	0.19442600039700128	-0.2312189141536136	0.9798793206917751	-1.1883153659975403	-0.3371718271507684	-0.9894698692484141	0.32435106435309036	-0.08112745976569843	-0.16584958952828496	0.02281668295994336	-0.7306149064724683	0.2848806916732094	0.7632417447101594	0.5951115654979481	0.2686506978460048
1.2855743606874797	0.5155693666396176	0.9333492268233039	-1.0846708789279629	-0.1895210007174598	-0.7823180697169356	-0.01829184256391689	-0.7965781884023954	0.8044531430610234	-0.8655011231049776	-0.012508404736550837	1.2611857297878055	0.6273783878182587	0.996442160162634	-0.2724729888046694	-0.5028074463256571	0.035618853856242645	-0.34527860185835174	-0.22782067328031796	-1.232352588164813	-0.17406088000101638	-0.4140875293311378	0.35292538825945025	-0.8426993167012985	-0.34577780823345344	0.6589669489479615	0.12210618857952667	0.9592916605346836	0.11673977789977584	1.2478107912222687	0.15222783820722782
1.453245621739561	-0.4315128564909049	1.2534645602260241	-1.164337320396567	-0.00480324507861162	-0.9661616561699148	-0.47577502544703315	-0.7450462970121546	1.1337843171476203	-0.6783662253997655	0.3659691635416596	0.9810378005174815	1.354857726237468	0.10398798976161204	0.5393105731531349	-0.24076126535669262	0.15418084056364653	0.4848116624143658	-1.0218814173036825	-1.2949412043943862	0.07473321317659183	0.43761934723467544	0.13174746129375803	0.2517931407369798	-0.06567873164853284	0.8816442461784872	-0.02109758088961221	0.9189925014343471	0.5479849696649062	1.423622176601206	-0.42957298674965955
0.7320367623542813	-0.5665200774724847	1.214196108947141	-1.3639737100910272	0.8632283499162136	-0.3616834212632485	0.6001669007033752	-0.4073948517165346	0.7075142542545199	-0.6111169693144571	-0.13156034001211814	1.4484725474003555	0.2237176963616211	0.41600375378962295	-0.3091975628957824	-0.9261152027995098	-0.13374118074934643	0.04131705615433911	-1.5097525699031122	-1.3372771533336036	0.5513855376690895	0.741024472418917	0.3445879194232792	-0.4912804239624806	-0.7178299853239158	-0.22714782005928577	0.05117472062191346	-1.1271751390626226	-0.07978202594956377	1.218051774356041	-1.6243428830683557
0.9639651259961817	0.11861281176877488	1.0637742528420624	0.598769666689347	0.22231287474092498	-0.7249099116848935	0.6836747870950977	-0.1323787505337224	1.3143495089842128	-0.5223718173277468	0.11582869580937945	1.0636290585698087	0.3252108841609806	0.7741897940399599	0.6050798576455774	-0.35115015247082426	-0.5523504169935519	0.7798595980815528	-0.9808350094588693	-1.0662697286688607	0.7081241330381439	1.6941714668806227	0.35742718864004347	-1.0160180191516341	-0.3909047050034562	-1.214345136078936	0.43642077547587	-0.525444946563923	0.4047569063573044	0.5453618999433902	0.18019255361465816
0.8833308997497659	-0.7036024733963268	1.2150243791732727	-0.26611704427810406	0.27289946693724315	0.26638639384052404	0.43246812545738217	-0.6292577798403518	0.6478882145566481	-0.8596539907523091	-0.603504609150572	1.5277100398968926	0.6161471424102059	0.8387944826243529	0.5765833627365466	-0.6413688012595352	-0.46126275552621077	-0.15187253565779896	-1.623969579413216	-1.3095913612163228	0.5110109905076339	1.2389204878784255	0.42596638002821385	0.19570132477359237	0.4397927150135298	-0.6059865539226563	0.6597030132313699	-0.09478800136217873	0.17391701274154509	-0.5249585380816447	0.5254525189273935
1.0415147030814589	-0.4937840920089674	1.3270161530384939	-0.6104448209615366	-1.1263347184777608	-0.3093838387241842	0.18303100296726907	-0.9372883309417583	1.7147505529227975	-0.6234941734457573	-0.18155056800650538	0.695651119121343	0.6145369297129458	0.0551577165925372	-0.01431438140534241	0.13471465781389275	-0.6484182031367005	0.6236860474244553	-1.3822292734968733	-1.0282828546294982	1.025277864003061	1.376602148037775	0.3109727870485401	-1.1004007089003935	-0.1507204328869718	-0.24010728994926203	0.7175073985304206	0.33004607924760676	1.1486810433590224	-0.43755487624075856	0.42616903236757636
0.9151551221139038	0.07992406205206021	1.4562842824050546	0.32354925966264575	-0.8333176355387177	-0.3195033346897137	-1.1838083702145124	0.11089990676813916	1.045223710883019	-0.39266262215847664	-0.1741013962260255	1.1504753825602194	1.0797034738982412	0.2523242670828893	0.7090538594692936	-0.46122818821910916	0.23323769076921294	0.6329870852552679	-1.4604406714035414	-1.1778964832826493	1.1553115341278786	1.7744575672113223	0.38684479175171843	0.6163889372088832	1.0881317900139604	0.6570275759547837	-0.07283860558378331	0.2507334925503782	0.5671707532829642	-0.7308301527303603	0.4355611144341128
0.812914808759888	-0.4497665817178269	0.9807713239028931	-2.071604714185184	-0.37407517551827885	0.3091804592164274	0.186272312216607	-0.46892724122184437	1.0439646562035152	0.3030730578333904	-1.0009293775517452	1.3495080641265214	0.6764057294583568	-0.5213207996792962	-1.383190118209293	-0.25658328632145044	-0.14629182425240017	-0.36839182534904524	-1.2202413192832204	-1.2501637992440582	0.28508180271118205	0.9677713037808009	0.6736338711642976	0.9982243627943191	-0.28299424521498484	0.6185788507685156	-0.6728874384059088	-0.05155056166855627	0.4789764721543961	-0.7643070447601067	1.5805761103111566
0.8922684019917146	-0.17024618996767585	1.0503646066986936	-0.5385614046799464	-0.4834766919568779	-0.5560732854736996	0.47723409177185905	0.32329777400468573	1.6957215486310233	1.5780176799336334	-0.1858491402307507	0.9234388184176427	1.2221969610499737	-0.1370983996193273	0.3088126186204515	0.6858751423214466	-0.7436793445146956	0.8977606384599779	-1.0652200787614248	-1.259310471492157	0.3109834437474787	0.9059984546216349	0.6173844831254793	-1.2264571919240224	-0.1231951440178551	1.1868419957644232	-0.3134487153360342	0.3611721670499514	0.7292718436993035	0.18446946748875906	1.8282851850600639
-0.0916670771752084	0.5825366375401438	1.2157944717861469	-0.019219079446688582	0.8379708505125985	0.5772162334339889	1.0388024175719885	0.17075860310725177	1.145456514235204	2.5072366074797667	-0.5589692484699927	1.324674124032957	1.0825308787924386	0.1979934548636558	0.7901282007288727	0.18188484847077796	-0.33626400040537563	0.29558531755138906	-1.3742521572033248	-1.277836429177228	0.4834301152556853	0.20999698247790258	0.6551036392475011	-1.8814714345059895	1.0479514768001652	0.7763968018403755	-0.3579049155688962	-0.49941041974064204	0.3755757130362807	0.05843166828407964	0.7114531869883224
-1.5627441483914415	1.0710268150206415	1.0431277539487218	0.31207225932202515	0.994404517370767	0.9889315908188656	-0.3008271207882473	-0.14610777721033535	2.1873227030972213	2.47733839818722	0.32959148385318415	0.5494090630031395	0.844364551801056	0.9079809254855881	-0.5597970222318206	0.46506774117053223	0.056326852059630096	0.7854666133386662	-0.6950792049921909	-1.2235249415712504	1.202822819015497	-0.2476904548959086	0.47200889428332626	0.6884565912150209	-0.19554051906714767	-0.5882645467585825	0.5647791901380453	-0.2656925821290962	1.0400249243323727	0.06965350987976167	-0.12166650848923712
-1.3106147711953982	-1.0418032735300284	1.1753130025267722	0.4518875169354334	0.9186349012154894	1.2020075897861198	0.019143674260926023	1.012638805101341	1.3837654913588715	2.667124346640218	0.25358037353054996	1.2122633400793013	0.5887683577712769	1.3106210615471898	0.9023361978107726	0.9076407137921483	0.7132078343269364	0.4693859914675311	0.8568738427251603	-1.343119406703294	1.8302623138682201	0.2750386541476467	0.5360917805326216	0.07883339036011433	0.8456505999469551	-0.9293220624075793	-0.24514446873290294	0.668313329805515	0.49016304747500233	0.3953589533643972	-0.6739609198408215
-1.1359186781873853	-1.3617011209203576	0.4167678707371558	0.2574851860502926	0.3096769792978114	2.0743826532221443	-0.7658130463413613	0.003495902360273334	1.382387893057764	1.866128839353794	0.2686124617374568	1.159041586027269	0.8533698155502248	1.3050863399614512	0.05770634241784821	1.6491408659409632	-0.7168482478028719	0.30517364941983754	1.0231115321108644	-1.0154799201820097	1.1658407528241728	-0.8816567334142391	0.5568097121887793	-0.1958932069664526	-0.08843032866395613	-1.3592282881608597	1.5949484687309952	1.1141979191965725	1.0969850107182442	-0.09594914301062606	0.44168124767383127
0.7561991975944098	0.29181200034624316	0.36361754306199284	-0.6395424397969918	0.8276444962685381	0.5923780438946356	-0.9146627297740606	0.8178431797234269	0.27452385788041644	0.9457158535574895	-0.5192223926023533	1.6160882924676656	0.344405821678198	-1.2646744722711698	-0.10317373178077392	0.5589849231508639	0.5262395925238286	-1.0956684463707573	2.255848547820939	-1.1930524831853984	0.7482140938734236	-0.6735991919540482	0.16019556362250023	-1.3993844659623162	1.9480867399672919	-0.2448071685631689	0.894815021872762	1.7686061801243198	0.6778392445034236	0.4919154935577537	-0.12095660513637985
-0.44498528167457	0.71964925511728	0.40516530817711616	-1.0429331881133346	0.9851366664554432	0.5611370550360177	0.9349804932025055	1.307072102353209	1.8051415688086279	0.21107656091769805	0.7068244171898371	0.6023825114893123	0.08467152729954741	-0.9527871867985899	-1.6069842345353766	1.3099006548840337	1.2402776884390874	-0.18879259334819792	-0.4759353117761691	-0.6928376561113867	0.5180823556860744	-0.9092279393166137	0.04025069903119855	-1.3003255914562692	-0.4467176449086169	-1.1174225682826318	0.7662199958356759	-0.24556318925293857	1.5828427823660105	0.9501635122176091	-0.7772882125931097
0.32755985077020655	1.5008745107808765	0.528285480192266	-0.1773075222710154	0.5128191421153723	0.715837146773148	1.2016931980239747	1.915759091508896	1.081847568778635	-0.7092273342955145	0.9838191181797009	1.446918060800047	1.2832168460865592	1.199467068600585	0.5499636983826329	1.8069084994671671	0.06949118360554453	1.0781894142415787	0.831219443566277	-0.7575825994588652	0.5234961902417105	0.13810891143519216	0.0063693614996749495	0.015159176706132526	-0.3031395957558997	-0.14467672656930797	-0.3392166812109623	0.13567038346929203	0.900128930441202	0.03616462140772239	1.3619952047876431
1.5053044453542397	-0.37644941346988003	-2.683498829901272	-0.4397984027059826	-0.3738437589825819	1.2191894556606169	-0.499726203012621	-0.121880122544811	0.9421608332707961	-1.1169416437131268	1.7117727873533588	1.7314216603560852	1.8781057405872694	1.0973185916899448	0.34930156216630875	2.1003433196827723	-0.3302002781959649	1.4739168399711096	-0.8647803583160526	-0.7044438817566578	-0.9533893637783101	-0.06149322696194529	-0.20153842356494966	0.6683805860115186	0.5999112972198472	0.517525085186531	0.22307561895312694	0.09950980802079096	1.2907610186163683	0.5671500449236271	2.4008043386095546
0.6894669598832615	-0.6204209130627509	-3.0809352589047165	-1.1164534306551737	-0.6117051468151357	-0.2679505107331892	0.397735058990149	-0.563513514419776	1.6460590599747769	-0.47083769797454295	0.7261069697977419	1.6505039658816405	0.7126985923136384	-0.6114830745558524	-0.9697743950057127	2.4266958510965018	-0.6618508169147931	0.48290908549312617	-1.1512831547441145	-1.6854049921311343	-1.1648358597332573	-0.1333796879222962	-0.4118492738593344	-1.0005808991078782	-0.016081238805270417	1.262618511216348	0.1475650983998537	0.558239331961063	1.5294450125603254	0.9861885144174359	0.7342432517675025
1.0212438177856518	0.047209781182044504	-2.014408774785776	0.7157381124988625	-0.2319392900463779	-0.24602099058663326	-0.04463868168219922	-0.06837218341853216	1.195835261369149	-0.07802321841627685	0.6778124856502843	2.0537961976774475	1.1858457617821465	0.5664999583835287	0.5023677135518504	2.482565776673806	-0.8214813046405549	1.1605732476418529	-0.993222481966694	-1.3488437357135774	-0.880032755385497	0.5673944343687256	-0.33046732228388614	0.403463754296994	0.20932407174827547	1.4087731412624638	0.19768764200821012	-0.1099603154478652	1.0389692507043957	1.1398216505354304	-0.8375612111428398
0.5876445617135448	-1.1831313304125277	-1.128921669852048	-0.5781577375149102	0.5425144011675554	0.3730040925924538	0.8154838077574611	-1.528998463055497	0.7089900683109797	-0.8450838678806332	0.1701546074179519	2.14943237768603	-0.35663069166041533	0.4617459309418603	-1.1488659067164697	1.2895632449891485	-0.885676263072211	-0.29136436710977504	-1.6333515928459206	-1.7828258549984561	-0.7769255105892723	-0.29407301360455584	-0.007796716238164524	0.4535556502318817	0.39698183117355035	-0.5699771474706368	-0.014519469225797827	-1.6712930171056875	0.6061986133640309	-0.2727593543550532	-1.7420075079938369
0.1792476391692658	0.7491628175352258	-0.37670475154414956	0.829536475660922	-1.0242087064552976	-1.4605685195136033	1.0705398083777447	-0.4643890839770783	1.6505193125977664	-1.2899302240282127	0.034581255196299676	1.3347324156473481	0.3354587593807082	-0.10092557588574862	-0.3449278904084561	1.5959104472758907	-1.344571674619894	0.628246504216142	-0.40114093375569887	-0.9551629034431768	0.0919116392870149	1.1178044845487736	-0.0747678169887534	-1.219417186570282	0.37815326710756514	-0.3069800600685024	-0.8760647582834589	-0.5325507044821336	1.361495212540314	-0.007676044530604186	-0.04233229774980042
0.07611413291556621	0.8705851013266217	-0.41122978813204814	-0.09502329243367665	-0.13074705880763762	-0.12704575705240045	0.8029196916662152	-0.11341832392251888	1.1444597705135207	-1.6384802563943202	0.31255947027926967	1.9480941679069947	0.03808580158393661	0.6467274481002957	-0.1414565738775567	1.8972045406068143	-0.8983547771953363	0.2785964461874857	-0.48753548792074586	-1.020321647519794	-0.6187701165740668	0.39673205585587606	0.4329656989781235	-1.763181589880568	0.9905625517771562	0.3416904850599156	-1.0347762047907618	-0.035111431971394776	0.9903221161013789	-0.07768857692443798	0.5875351406365028
-1.2018465402470981	1.9361261377472585	-0.6710084543620737	-0.32267844220189096	0.1333931896690014	-0.5151168541180515	0.08119653413771322	-0.3917520301202625	1.8645671315530417	-1.4089409810146172	0.9040571905307937	1.1949060775572182	0.15707601448330927	0.032685516340530206	-0.8069850181184689	1.974607192492043	-1.10057676909336	0.2215382171561072	-0.17667636095051456	-1.0122389475545002	-0.9644937173953071	0.005079968069562119	0.2919156651205421	-0.9799301663869597	0.674928880023587	0.5264738714169698	0.36085623668486844	-0.13877101162598415	1.6674098286909684	0.5725217919691484	0.23340941474263374
-1.0679448874505473	-0.5861475673011852	-0.760276169944523	-0.07767976281756653	0.08728822665437598	-0.6095275359899468	-0.9433240106736366	0.48606867520504016	1.1394568223960384	-0.5062775602449471	0.7871747484097513	1.5736722857205763	0.10526405860418048	1.807710590426544	-0.23693891120034286	2.278797509198597	0.005279410295390196	-0.44079841847019524	0.8898766492452834	-1.2580411276328998	-0.11662051364340793	0.6145978005973618	0.1716757974556602	0.3921289866389839	1.99429547440844	0.62959000075693	-0.7747965698937036	-0.6322535573038224	1.3691235054376352	1.119793958095061	-0.8536868665857598
1.1616106648441082	0.5405125242581041	-0.9549160612437116	-1.9946375030318038	0.9233042244974133	0.4704885734661459	-0.38146023498738835	0.1585844041047001	0.8045350080114556	-0.2779090545054211	0.35573644420672523	1.8466922860225181	-0.9399443238164334	-0.9009436230981255	-2.2898408513374586	1.7334858216916977	-0.17404048147283213	-0.10804141063805683	1.5126743976656472	-1.058786988720064	0.03488378176908218	1.37529702320046	0.199598551203552	1.1585040157521873	-0.02258455199977846	-1.318957463350925	0.0829079910002259	-1.8938217877188683	1.2391062837545443	0.16158920603341123	-1.8244764827088193
-1.2991708205562817	1.8607551005791376	-1.301850543959629	0.4761768241638384	0.5121623199847621	-0.7090981060990168	-0.30582199267292465	2.3199674718380665	1.3486163352960086	0.1779435710981076	0.5885659628453274	1.3437583328394966	-0.8727430600851163	-0.3800660331920044	0.561913037884173	3.1331497253868927	-3.1509034351390457	0.3876628748787389	-0.47087066923943527	-0.8778615874143478	1.957496047795658	3.323512738358234	0.5460667208818426	1.1016581649834865	-0.31765818868894524	-1.8701715296830883	1.3284014083685427	0.013766970256682007	1.8035369077305947	-0.6555293567031008	-0.016809250279565487
-0.2699370576763791	-0.4208143426793323	-0.6727213196404337	1.258745508325877	0.9569042410840314	2.2178819128148506	-1.211333110744832	2.0325217824903783	0.2684661161415163	-0.2902460102132187	0.22619146182036015	2.001624893280899	-1.04965813612616	-0.726207353948001	0.1430821288460026	1.9643592492491695	0.5875429269514133	-0.7310853512171583	1.2854245369360016	-1.2983862242074187	2.3704485547408938	2.1290447894208353	0.536624810895184	-1.3194862176776683	2.1110837332592958	-1.9479563177767267	-0.9084541397934798	0.8205802516071349	1.0147628786288274	-1.7628082952717556	-1.0153877506212643
1.3046081601482533	0.07180447971756787	-0.23308752416838294	-0.8465629318422268	-0.2996531084631219	2.2949996684919074	0.708808874501599	-0.014290734047556547	0.6378896550334997	-1.1739204636042901	-0.3402833778724694	1.3628410996536735	-0.9574780254406347	-1.2036328174755342	-1.9844910293268554	1.7775851654057955	-0.6493209481835766	-0.44867482788627133	0.280873340190434	-1.2531417236593665	1.2218492014699	1.0482178604344863	0.6727167691477421	2.1619281919957087	-1.1766977226112545	-2.8175863383830793	-0.4395776469303025	-0.11017548136173647	1.285410621363649	-2.3158490594970056	-0.9042639901187774
