pca_00	pca_01	pca_02	pca_03	pca_04	pca_05	pca_06	pca_07	pca_08	pca_09	pca_10	pca_11	pca_12	pca_13	pca_14	pca_15	pca_16	pca_17	pca_18	pca_19	pca_20	pca_21	pca_22	pca_23	pca_24	pca_25	pca_26	pca_27	pca_28	pca_29	pca_30	pca_31	pca_32	pca_33
0.09753094094335547	-0.04086473690416135	-0.14853876924427367	-0.07084690811271607	-0.10877509490293194	0.04697872652893815	0.20954029593810772	-0.07897889815518531	0.07353292082157185	-0.07138601399150807	-0.05878911802323968	-0.0564900888817414	0.04706764433407159	0.045083101653192036	-0.0047150631557980405	0.13775281402943007	-0.12558405957455235	0.0080573839109069	0.1776803962218232	-0.0012734176136869491	0.025722414998762454	0.1013978742142841	0.00015500612087869032	0.10546860519656027	-0.01820666814703258	0.025930300667512993	-0.022881372650972485	-0.04577147322853331	0.07538371197701928	0.051711881507082065	0.046758503578819395	-0.008256993422878637	0.0023162212565263963	-0.033006699434088474
0.09436600612070511	-0.022269908146667183	-0.18077877148101784	-0.029356048444262817	0.024699845704269086	0.07656740626046604	0.020014121228296322	-0.1942898808779038	0.050096208099333454	-0.011539508063871402	-0.039366403834824586	-0.08130143337566771	-0.0140584000490688	0.0338131134203801	-0.04059409182034373	0.17077881866634606	-0.10213485561669644	0.02360823611950413	0.04591985190932181	0.021829103606721807	0.032879447943524764	0.07830280233437988	-0.03426282120850566	0.13495137929760637	-0.06776441382042295	-0.0823465982098411	-0.14630355980300436	-0.04440539828423554	0.007128203576654632	0.07969258303804508	-0.03326832795611778	0.011528354189152167	-0.04462744342912773	0.0524510794570303
0.09620602016117519	-0.055206166604478774	-0.139983289039311	0.0022422434076264652	-0.09089415718253077	0.12529761799261258	0.10699101455008403	-0.08854309669646392	0.08054620715807623	0.006545811633533058	0.05203966223877063	-0.12106656733497181	-0.0036942651311110478	0.02438341604246241	0.014036790604637986	0.09955043151489115	-0.12003612132285646	0.031263507033629415	-0.06339351543704912	-0.05657351907012388	-0.023247052740813096	-0.03258963882940031	-0.0721190862397714	0.019119793617656897	0.0241979021077963	0.012414506134962032	-0.04741068393100372	-0.11205944426508206	0.055037819206746	0.08475967613967518	-0.13092099834471327	-0.015984795507111783	-0.0925844199533628	0.048388985701229084
0.10075534293494913	-0.03529200617172401	-0.180758884659728	-0.1155258322327101	-0.017292164796767873	0.046449413096166625	0.12290009683059289	-0.10628168237572452	0.021384806480560153	-0.12485193548767692	0.008088589125280377	-0.09193608437519304	0.029613932046621272	0.0029770113763592995	-0.08260519305161258	0.19332638561490736	-0.008210171991447385	0.07118412153781975	-0.03099094496489173	0.022771333697565364	0.037089097984245874	0.03157327818151744	-0.11260219471334851	-0.05345145469664982	-0.061355311566959975	-0.09041921194805642	0.05845090517963799	-0.023062275788333378	0.04058542322628854	0.026489177346522525	-0.06595222581927182	0.12449068976032877	-0.016122101893278448	0.035907497458462063
0.10036612794374136	-0.04665616255366578	-0.14341849553628516	0.003516163541872591	-0.079321017226085	0.014182760280484909	0.054139041088019174	-0.10215002074036847	0.017419010138293035	-0.0475357727619333	-0.07922966508332868	-0.04388630636122426	0.02905169321865318	0.06301863183778064	0.09840235690205883	0.1430768647068535	-0.09338562405797948	0.03380331025830738	-0.05165349023459645	-0.05088931991685926	-0.018892980540559254	-0.022618403567446627	-0.06020232680897415	-0.032426852017852226	0.09977197085514256	0.11550954910906208	0.002486429068754315	0.03667528009400977	-0.0374074138279023	0.016920216769218982	-0.0644639972712058	0.038940880149354415	0.17444724012308122	-0.009729366676814507
0.10050312091692223	-0.020673279792302324	-0.17421954010260332	-0.028726805932030752	0.03705217347664219	0.025468152759633156	-0.0010740124676599794	-0.10969683082122743	0.01915423851546963	0.008820803514348885	-0.027654181664546397	-0.12241825702773973	-0.00855284607541721	0.03681569574037842	-0.0336444238575934	0.1824306357603645	-0.0075845966767889295	-0.009693517899684622	0.06160407013016819	-0.08560183666260852	-0.053280311831349625	0.036990931206150754	-0.004713056605204033	0.03386020634800263	0.016546273528646554	-0.03025397456656987	-0.09633117963087359	0.05130539282779835	0.02500644426722254	-0.09715762886454316	-0.07207924966833598	0.05667480262932455	-0.00744551305193508	-0.05329488126147938
0.09513789534609353	-0.03986157646545511	-0.13656236838233074	0.08547486112913816	-0.03879365391637446	0.03215988066642662	0.0005765253462682307	-0.05349600191262768	0.004593107500499544	-0.014919161833094052	0.06337925088938648	-0.13214482627886237	-0.0855187505451001	0.0397790834304335	0.043931013376309364	0.104034007894136	0.02298850762680146	-0.019113824128856625	0.008396759454972522	-0.1080877024560906	-0.07337602279591515	0.011030063577606893	-0.06979159679002836	-0.029210663153750538	0.1033797646375002	0.012865268721329993	-0.0752946324267821	0.08258117020201546	0.052332977306308696	-0.12092624647733832	-0.054875902866592635	-0.029285632945747778	-0.022066101145581704	-0.14927218068920287
0.09643750642175423	-0.028708438693879276	-0.14555486674285625	0.02329761666191199	0.03331839662641756	-0.08337599829592286	0.11430479123767393	0.05016102144263479	-0.06848910728171599	-0.060445979851710976	0.06040706308160436	-0.09933364883180332	-0.11672773972252191	0.014128690502062835	0.012993948778387	0.08006730329889342	0.08367641096954578	-0.005206322469319831	-0.08216719353796476	-0.03424007141604135	0.0012071450308039702	0.10635072167877288	-0.06746463999626816	0.029588531213918565	0.02407941794230036	-0.08399120332466606	0.029145323174497077	0.1675643517224079	0.077834158761381	-0.11517766027795183	-0.007107956992633304	-0.053366860013586516	-0.009330484229013235	-0.1084696723916575
0.08845458471216136	-0.026376794793053535	-0.1459004520453526	0.08899300435374996	-0.019233568937287338	-0.05974822045422851	0.07507391426604235	-0.0025281169807611636	-0.06731864293489376	-0.13077803082607692	-0.00011134045104999046	-0.007649414791182724	-0.09209746751328274	0.06445680484244111	0.048725007761447094	0.0720716060849038	0.01965324208178794	-0.03511360168624802	0.08507591717201476	-0.04562761703718931	-0.04822044296481435	0.09766619959818992	0.0900220790494652	-0.012852478993756591	-0.002027136901560169	0.008945160283690967	0.018992298484781456	0.05941741190647318	0.05499082336416969	-0.010135273994422371	0.04118453788537693	0.03541552894960166	-0.008663253231709923	-0.003286545946654517
0.08935192603775992	-0.05554914006697621	-0.11312855347577357	0.09519876474502581	-0.019741490070156326	-0.11916252697890038	0.08073669346975526	0.04372630587497871	-0.05147413914540983	-0.045584276579559116	-0.07259500643393141	-0.031031981141741105	-0.0493814104190044	0.052812398398838944	0.12641849998721538	0.029556696238014546	-0.023883724194502923	-0.02125665380707071	-0.002114647230710795	-0.07668458990168567	-0.020354627895694047	0.0034463079950188408	-0.024126760789897308	0.011904699818635234	0.012777704478177694	0.049835566670561215	0.08457874369926985	-0.01737549960192622	-0.007253469409975885	-0.030451559246812573	0.0840846159598054	-0.06161886618137886	0.090804418834406	-0.004176643303903792
0.08471562782029222	-0.009247320241182199	-0.1480443880298542	0.1440258677136986	0.029512692995803502	-0.11495358052016855	-0.014710907530292194	-0.021783107023110884	-0.07366359514320076	-0.035403840794597574	-0.01646137691490296	0.01598988682365854	-0.02557534671321407	0.038816334267672156	0.047091748940713204	0.13340240787071803	-0.03555742730243064	0.004199953991025983	-0.09163466465788747	-0.029650425606442793	0.0676060784913092	0.01143245930909001	-0.01346447467814894	0.0715740762397002	-0.047263321246858836	0.016467955894159815	0.10716003103896343	-0.06981620726964771	0.024137157707782395	0.05119897027933068	0.060005462950834226	-0.05646565452101048	-0.09708072827673077	0.0013143304479817618
0.08979480777009607	-0.061910420726645744	-0.09279667939412004	0.12769780589946414	-0.05388942398766583	-0.09285475485009412	0.08241473890267073	0.06247601062185398	-0.008157137828753547	0.10069108598515653	-0.06635126599230175	-0.031186991786696816	0.037461152023152366	0.049385734935719294	0.09653433963403091	0.001206827964913837	-0.06992186122180237	-0.06767999137925365	-0.10950598149229424	-0.015783054091864982	0.09568591193603543	-0.04131711453721201	0.012677594224687201	0.011191971800762951	-0.1067684809535055	0.002038188445074876	0.13429362592140254	0.05563211095309088	-0.09254909803630101	-0.013231718031311526	-0.06741108135279855	-0.041877987376361975	0.027248951185944708	0.07434365659147135
0.10403732911580076	-0.0709930931874719	-0.09562945728834782	0.12205500767962575	0.09341429413151636	-0.03003731381995467	-0.06603496167144046	-0.07458321710959984	0.02521461766624669	-0.0041735257805070695	-0.0516223277948728	-0.08133958496256366	0.031072202584969608	-0.10705703711512997	0.024176046917038632	0.05226413723283729	0.13416341878361027	-0.03835867588281961	0.04797324052281392	-0.010495696224201911	0.019717216270594216	0.07371343917408457	0.03234314202263202	0.13496231713610599	-0.00015953644133352707	0.00406524068504141	0.07084811223966965	-0.04956063994475407	-0.07537885280194315	-0.12374180874331404	-0.014416909172955086	-0.023602893573523243	-0.1282839638778796	0.044429947691972047
0.11236414830104219	-0.10755356057678175	-0.0414306469440338	0.2014382931158338	-0.05114330357557506	0.031202657627800945	-0.005910778687170437	-0.03500140973228631	0.03624859644887207	0.07795566787036201	-0.022933030182304748	-0.10948026657431004	0.1629286326821047	0.005784484470515716	0.01803794337881724	-0.025376895369572057	0.19063400187099294	0.020867276193695872	-0.01505700024797757	0.07285378139462895	-0.0498363813645291	0.049755928847816586	0.061535189101465944	0.039399461633473284	0.0854730266858757	-0.04362282272739018	0.04939272504542527	0.0755861648007585	-0.02750273159806621	-0.03293220314782722	-0.06715856033087027	-0.10727050225011595	0.04957826808894811	0.051256849944702365
0.11928994157922722	-0.17916596162583112	0.028768631113261136	0.13116209813146437	0.03484911433263946	-0.007246240419877481	0.0460414629029047	0.06912235196558117	-0.019626812918215164	0.03632809873936141	0.04837887938834484	-0.2836377056359746	0.2612264535425259	-0.008778385078298284	0.03611038543677801	-0.18663945094934786	0.22884814607256854	0.2129050506257223	-0.0801093166634157	0.0355024895542627	-0.0827602810643642	0.01793965103199205	0.014643044363163887	0.05469044482686784	0.08331952344295006	0.13383667174761238	-0.1914861183217011	0.02069411977817005	-0.13326000160859822	0.06124284032405581	0.18867547023406828	-0.02776300780874579	-0.15567092402936503	0.2122756908341197
0.10937784823098477	-0.08487785902532041	-0.05809652378460159	0.0687450064964496	0.1905643537168547	0.0008295554191746421	0.16859693622167302	0.10691055983286935	0.005014210556057719	-0.030083760113665148	0.057530740141575026	-0.08930333544818808	0.17703005365659774	-0.006542510363285459	0.04677397369201303	-0.05209902853197272	0.14845133446205974	0.0060276563445181095	-0.12968324833547643	0.07674453594817136	0.07008852588883346	-0.10542703851651639	0.15306920488847667	0.008815686965007952	0.13938395211898735	-0.020992261870964937	-0.02629610611999467	0.08433066019079134	-0.057764763286458465	0.1373365866682399	-0.008056467210024953	-0.07153436771712435	0.15750584724275754	0.035134465293682145
0.10450688600638078	-0.006927642822355562	-0.11607755263810679	0.04648400165257065	0.06215923018679173	0.07592090813358579	0.1462159013220014	0.02388607614248306	-0.04208151999611448	-0.07749783053019887	0.07951835739247581	0.05698170080974363	0.11756287298830834	0.006066831194937811	-0.13610532549214552	-0.016568891015275478	0.04367485929178652	-0.07386040733321313	-0.029300309785183665	0.07822056252945551	0.040757951118794995	-0.06455355119620787	0.1375144132722705	-0.015422224641167714	0.031482159219889325	-0.06018341138783043	-0.046682117156009534	0.0365207297561827	-0.04218174324638843	0.007758576757453561	0.03411917363549678	0.04515584570985284	0.1469147489984988	-0.03578511815752505
0.09653780479195392	-0.00919359101499315	-0.11676013806220513	0.033075704425320186	-0.028860537301542803	-0.0029160812601798872	0.07776978945334115	0.008252949315917468	-0.13795351306812675	-0.06198696345774207	0.050185667568956205	0.1184114170674043	0.031103781230248817	-0.0031411767194242657	-0.10715103327757988	-0.024238704252269483	0.04416379701618392	-0.03172043683221964	0.1599745424114971	0.030759502017627043	0.005267188677189727	-0.1253201748716616	0.11176846246516792	-0.02223759748464533	-0.09314655006990485	-0.035961467308766606	-0.08923448002445887	-0.03167008691292536	-0.06791880080711403	0.005556636057629433	0.1495152525786913	0.05282594548398388	-0.021458140626554566	-0.10544148847867663
0.08686537540260587	-0.027303236081331256	-0.10597766873171954	0.03543251603954585	-0.11598491103647592	-0.06540610935727366	-0.02817995534113501	0.022389784718721717	-0.1625739362704026	-0.012098683319765768	-0.012160697222206529	0.11069623206209322	-0.05495604949588692	0.021106304043712942	-0.09639003308015137	-0.07776104316153282	0.003927667253409872	0.06127868105576922	0.04435769165916645	-0.05924351849265071	0.05558533777638646	-0.17591257488592146	0.060337673632017454	0.0977385477677522	-0.05240736800320881	0.07851295782668971	-0.08208846840068355	-0.07580869491945756	-0.05064654525246661	0.06981876634808493	0.1585342309272033	0.12232814745300227	0.0024190148489614226	-0.1219794049412953
0.09487138725754138	-0.09102174844684313	-0.0457851500979355	-0.01575963486414929	-0.06898213440794407	-0.12213623925958254	0.00692521374730308	0.09317496718717638	-0.08281981830142027	0.14641870827748604	-0.09838487633370793	0.004788304120110609	-0.08893037275349544	0.026675082878422296	0.03885600166768816	-0.15002273868454097	-0.08397006211311485	-0.015546611880815409	-0.053341586444538985	0.06890829014295048	0.03453871989924216	-0.14103109745549838	0.06216968000828877	0.05487932863044902	-0.19199253413954273	-0.013351288730302127	-0.02557324453853775	0.09412630033391016	-0.062052397893216926	-0.10040395979508723	0.08939543292493335	-0.018517675008912743	0.015047780244235434	-0.033650259273127606
0.08385805548054799	-0.03039128393750591	-0.12358269422641391	-0.024900527644044306	0.009905956194591965	-0.052060610803501425	-0.0440666192347867	0.008047982637726714	-0.08507161010608422	0.08779828615634576	-0.055859173850101196	0.03818020537481437	-0.16575972763174146	0.019646606738130568	-0.0651487026579461	-0.06845165967709171	-0.0554307600640504	-0.0044990802095775054	-0.028589076388412377	0.08098519079954085	0.012473088928892824	-0.08762251956177675	0.18690896459413223	0.0242424314490743	-0.13343712037983244	0.09615559063218505	0.013767397413401536	-0.04521919473369544	0.11710869064132765	0.03251027148050717	0.015521144456154268	-0.08282119509056476	-0.07038531632839334	0.012849074862633938
0.09049528493816848	-0.04192135841163007	-0.1252307181771291	-0.08773877642727161	-0.07900064661486969	-0.00621145386096063	0.012397891146764484	-0.028964450638183842	-0.051911403100515896	0.09137464221850623	-0.07809463224210206	0.0801417983393205	-0.04284080191211505	0.007352692986727027	-0.17052384786572886	-0.09953325122413112	-0.07768529162667387	0.07912237254172079	-0.09016037193168201	0.008947706819245739	0.007380134017225204	-0.05061870423103551	0.12883461678666658	-0.035887798246891645	0.01127222444403328	0.05242497595269631	-0.045036702711163695	-0.0292295036008812	0.13170120365999088	0.026235521687692484	0.009413141746331566	0.09527196884557267	-0.05775164370228347	0.11779489635546266
0.09665292210030801	-0.08750620799333528	-0.06854945904025819	-0.07176753365808	-0.07731712138358397	-0.00525151342649495	-0.124773882861945	-0.024163747633375365	-0.018113972824125565	0.06798566933573486	-0.1027135960725412	-0.1251453889625817	-0.00180055571382165	0.02183867511501303	-0.007273812138613139	-0.12178175007289659	-0.07279958416305343	-0.04493137869026758	-0.010406667874774955	0.10708984827413809	-0.05127458772671794	-0.05846659394692447	0.031097908944022694	-0.1493666780157213	-0.08166184580947133	-0.10551591674133419	0.03602055152139433	0.07520643247711518	0.005770212661626167	-0.007901543085278004	0.02215854902492914	-0.0031587682720206484	0.004234726814724988	0.05431421562345299
0.08524804402353026	-0.021000681965939502	-0.09989680088652685	-0.06402233046030031	0.1324184077473288	0.03141610788763511	-0.03423111093915761	0.03559954835640513	-0.019288678303768028	-0.016299747871767314	0.014139127897748377	-0.06914451673364908	-0.049795050428111776	0.010329290070523856	-0.0050540339762420936	-0.10244908160663752	-0.11865381648706261	-0.08174142180896099	-0.08981970786583973	-0.04778283150834042	0.04100812039773889	-0.12348542424377704	-0.019565452925362072	-0.1701797467667728	-0.03404484178685677	0.0370533392626488	0.15363536736828545	-0.00976314296411282	-0.019635733119949178	-0.07622386882737933	-0.02696162535823246	-0.043998485798613075	0.06205625550495495	-0.028982851975487875
0.07724099937234276	0.00428503998633581	-0.09772577789753129	0.012797675618493274	-0.015192341948980129	0.05776658838406413	-0.018830362814261613	-0.0018398427155533568	-0.05822898007385411	0.1172127651452519	0.06816862755980167	0.13910951916354358	-0.09330444448094348	0.011321518338816589	-0.1022615431720587	0.029083885119990605	-0.05498137323281732	0.05036707396117235	0.022914198229035565	0.014058268353432808	0.0711998089065473	-0.06452761807255666	0.05345981340226345	-0.0963357307542217	0.035454677476393574	0.07316128409067113	0.11744181887230076	-0.09164442672080557	-0.0015675885955848783	-0.07190856348307892	0.07305021880645751	-0.04754069335343791	0.04669809299533467	0.01915265473805927
0.0780787646311199	0.0067412201653272805	-0.09746518963532036	-0.0456960394436211	-0.05540491241915452	-0.038206551975788976	-0.04736025179272955	0.0017446458864022398	-0.12016182156046054	0.11663175900371991	0.034316412801186455	0.15189062420061153	-0.04232425635961223	-0.03226607750874759	-0.10894458926706335	-0.016815375199729185	-0.03317227679600088	0.053785984538182514	-0.022708338272574402	0.0077518501709970804	0.055113723086369096	0.012880263781441137	-0.07516529306576487	-0.09077080941690688	0.05139170125411853	0.02666883131405475	0.044390925726292066	0.026774090273329512	0.037766089246952766	-0.0032657460247195458	0.04343713584172612	0.00454517038309403	-0.1380690496080082	0.007848147605025658
0.07590045383512048	-0.044828001395301284	-0.06470316169073652	-0.032877821763027566	-0.051991506889906246	-0.08341878159264621	-0.07701227454294868	0.06348244188574582	-0.0860518926901071	0.10916639465508472	-0.038051851160196326	0.07844209185444645	0.014643444236226235	-0.01914494237023733	-0.00999900328697742	-0.07312031315592815	-0.12757277451168722	-0.018012912638842683	-0.07687391377182173	0.04427173415422931	0.004572231965792831	-0.015224116887516626	-0.07572054735680199	-0.05344617453054759	0.005690211315354285	-0.06380558463344142	0.021314673715114058	0.049805795433644676	-0.0484990880466061	-0.024265615042501416	-0.027693761956203378	0.04158243361327134	-0.006521394961667093	0.0651962795053139
0.07473641559397559	-0.02591702306600842	-0.07437689324299229	0.007405419147712906	0.06809365819763398	0.06431326852224122	-0.23937719464810034	-0.04286725827294064	-0.05966742740562492	-0.054311448387646157	0.003800291899536911	0.01218436620080513	0.02249882791341666	-0.07021054994784946	-0.11198355368622731	-0.09669806130344243	-0.009014516661301875	0.04907601836831532	0.05087168200017392	-0.1736243598152472	-0.08388392880534885	-0.030515026782406918	0.09593241819151248	0.00451729335731621	-0.030002208650377532	-0.07363168062547117	-0.02510569093055383	-0.11668371945218194	-0.05388533111164645	-0.024962316163977566	-0.05944458821305981	0.07049567331802636	-0.056395187153566555	0.19287402667406434
0.06303811395429491	-0.036834142347682106	-0.03361739569579813	0.09824900810027071	0.08248923761121707	0.10232283914959567	-0.03470280109322121	0.021153297389434403	0.04759119338007844	0.04482484735954958	0.02815838836789693	0.14321808235245206	-0.058145422502906156	-0.0845239213528106	0.04482506960168409	-0.03637580771384732	-0.026047350150507617	0.09451814309426393	0.060843215748777324	-0.044742643056442974	-0.061701437246827584	-0.04632348530338942	-0.03912673803973829	0.03197291404545255	0.0950908770345773	-0.14827916794640042	-0.054805037543347784	-0.15588714601267606	-0.08225534503918493	-0.10447599604097425	0.08680772729594034	0.026948291083402222	-0.014909456219621493	-0.017384150758448777
0.06678963415701515	-0.08291934630820638	-0.008769106032859693	0.042274079066337185	-0.059879109558914796	0.08514787806017717	0.008605284346343335	0.09343147756598798	0.023425290563240504	0.14687542955791466	-0.041816471305333766	0.032227483767944445	-0.06546288987016995	0.03312854605206959	0.028995620316748405	-0.0804452806214994	0.062355867679017934	-0.012992810589153341	0.042039747745111086	0.068031228341428	-0.1934949759011918	-0.04158358961160935	-0.04369151210256443	0.014098186535901502	-0.009682050165042498	-0.21295207168158328	0.08151602629917826	-0.14817613646226913	-0.013381420662634175	-0.07530066661180126	0.05461525767198734	-0.09162513122418255	0.015415394791300137	-0.00810399440411913
0.07226856543590388	-0.03177678195814617	-0.06331576124624984	-0.08271760395311267	0.1103601811982983	0.05105965543221399	-0.03794040338670701	0.07884926420912967	-0.06637461424360722	0.03741106449319761	0.010514080041273143	0.03666663409542369	-0.1273572482326615	-0.005740445326979132	-0.06856273553094493	-0.1401524345116857	0.040294691482291076	0.09728853244021042	-0.03137404463766325	-0.04673490400009044	-0.21699937766804978	-0.03546786445719427	-0.05019818229985022	0.006579814687541541	0.021831375137401392	-0.02480260357579564	0.01069110982683602	-0.08903269735461258	-0.06895543301930207	0.021197610970491616	-0.06917831832627458	-0.06145827394771315	-0.07146007494488535	-0.011252819790276147
0.06291455437272218	-0.004984614435141637	-0.0506291948727622	-0.031726329939122666	-0.015740749473097483	0.1034373850383945	0.002260653333220032	0.0007318123422692652	0.0011252598097038391	-0.04841948132901328	0.10291181691570443	0.11603653899125309	-0.12431022226191384	-0.02633873456839275	-0.0636122534927338	-0.11626647250890776	-0.03425908296078237	0.04169199262982698	-0.06584866164879583	0.18450751817646413	-0.17380169683118984	-0.011604444430411632	-0.01620812186914957	-0.0011998357234205975	0.138728567036143	-0.013847189458072562	-0.007272132107040502	-0.0231415634149415	-0.029086242466506804	-0.006008343443499875	-0.015931170905918557	0.030376593317146663	0.10696918090251831	0.13824801222529415
0.07018593715349897	0.03630165376125221	-0.012488126737764874	-0.10713558443901412	-0.019418291193112978	-0.05852484745409443	0.04906314513483952	-0.05056373967069492	0.007083653969591539	-0.09074100515734905	0.06132832063586877	0.09436830236409897	-0.09249925937302204	-0.12330165491965973	-0.04673259887328836	-0.02161257224623487	0.055298298812843344	-0.058106764258544996	0.06897367279288522	0.040055972166340145	-0.042247812069346274	0.08075033180025645	-0.05092891411456359	-0.1396222501810319	-0.0006267773851708208	0.0213264047594557	0.05643969435901578	-0.018459314781102288	-0.05428753965858049	0.022491526326189837	0.0524417017764826	-0.05227949201519934	0.0051750131421863885	0.11463539655805768
0.06434607874985346	0.01666608967289974	0.006695572583806041	-0.014712348548835035	-0.09469392471497518	-0.0475693189779203	-0.10594066743290405	-0.09001720430466062	0.021052814788577262	-0.00714074741271521	0.004195419927134449	0.0672420636674615	-0.008459989735713776	-0.013291363001189566	0.06788929213543926	-0.04990822905824049	-0.09268103226674851	-0.08881545735832357	-0.09599253816572967	0.02760372176851445	-0.018251585788682037	0.04444398955611906	-0.10453727275734583	0.031090925858594513	0.17970491103283276	0.05618916586158206	0.13025703782344888	0.07103977771576928	-0.14830331531152957	0.12279316040022037	0.010436314806440517	0.07777709074393417	0.02235782550427106	-0.007076301117173223
0.06757225995362227	0.03056553096252718	0.01879775009521843	-0.07625313304524968	0.0909878578955509	-0.08109738682851915	-0.0507351299192231	0.02174558415423414	0.039795529200273	0.0513903682003387	0.006575925773739932	-0.08211220641423526	-0.027168656009846356	0.0416363481824846	0.00995192648973294	0.0174956759924433	-0.0541406768944281	-0.0957408229955042	0.10768023096707219	-0.07952254857365879	0.02927838054966863	-0.04725775258335598	0.005364828136953131	-0.1341101753790483	0.07929003275218373	0.03604389876592352	0.10940387758564578	0.08254579543095814	-0.16153291338475487	-0.14246130086815584	-0.05109331761079751	-0.021702687324396397	0.021204443429837603	-0.007608655844081408
0.053710462888247636	0.10957207874460234	-0.012180288143025533	0.049965661332038114	0.009398133092892093	-0.08443272704014679	-0.04384444145572695	-0.06483815673539464	0.030090108419340077	0.02264600847024594	0.0718022548706775	0.0817800302311285	-0.02220284506151486	0.00123894553945142	-0.0006163089361293191	0.04194655904932772	-0.09049606919667787	-0.05063350872563728	0.008805024517754965	-0.016701321681363856	0.13675953843589278	0.14173915200822057	0.022978833721457412	-0.1550659336933206	0.1312583207671275	0.112459376069541	0.109134597786022	0.11908395861154158	-0.056681552096046556	-0.018132065893834516	0.08946415614549696	-0.1525833366435298	-0.05381732716371523	-0.022442900726696385
0.06478502337582642	0.01655703752466506	0.033389697355123635	0.0679121418176435	-0.14009730071973764	-0.0013332662154459918	-0.073203361969583	-0.020501481549108108	-0.027171495152865262	-0.00805532320044598	0.005951453104521952	0.07703344241903537	0.09667896055452799	0.05984090518527657	-0.02484015336125149	-0.11001583645001964	-0.04774295533459399	-0.027500120263849764	-0.005267612347145995	-0.12212120885231696	0.030471147544311922	0.038055765108926456	-0.07806072222677976	-0.02598488316947202	0.11406038310693084	-0.08246813814566079	0.11469837043536643	0.11461775783986872	-0.043173296028311506	0.07639745885338846	-0.08425517976012754	-0.07115399808619305	-0.09574082733933775	-0.04217519210934137
0.06273343734116867	0.01725296657712375	-0.03435950133627447	-0.06793021353218408	0.17373896271648923	-0.047700450584626394	-0.09501253002915633	0.045164826089442264	-0.041491024192823696	0.027173901733828627	-0.07482066370639834	0.07232031792643433	0.09113354520371918	0.008021361458398856	-0.10365556161704151	-0.08705638062493698	0.007617706521187767	-0.010289285279151787	0.08536366443345389	-0.02626410205868945	-0.020247902212629815	0.07048540088689062	-0.12916503964428097	0.06163686890928588	0.0013456849458323992	-0.06061248812950441	-0.042752225478167566	0.09873814312898216	-0.009899769789980611	-0.06920210774408331	-0.031853840039055205	-0.046936278862732	-0.04635609101946983	-0.09208567714713967
0.05964980173148205	0.04614605868713413	-0.0383735579417244	0.14726909467752025	0.11942442891944655	0.06721229451376325	-0.0854731262109806	0.03910739337242929	-0.008221076425472944	0.053784512944917665	0.05301196605770681	0.1239674441738939	0.07895973980113602	-0.048029974442947244	0.038625289166965594	-0.035674067095407526	-0.04666783174491771	9.01185015809566e-05	0.13772392308549905	-0.05348026361046377	-0.049755020389102	0.11133091993920863	-0.05680568152263644	-0.0657872907091738	-0.05584862902514937	-0.01517018116962241	-0.11804559084133698	-0.02760599659832031	-0.025428362683000208	0.03769967798770167	0.056828373150821905	-0.08547654512342363	0.09184090464112457	-0.09097111191046874
0.06571667843723254	0.032763282770540275	-0.03250870090863383	0.1298658704864723	0.03408626171565395	0.02339221499943636	-0.026204637045082222	0.07765277286105556	-0.007155622947834814	0.12016594758606366	0.05187318898456305	0.17909163696266533	0.13144068624549934	-0.07161626842881393	-0.059054859255782625	-0.004479619478535707	0.0056300431746543434	0.052829865674171916	0.057982017487316594	0.04783822457399904	-0.00014229916621809238	0.19930031634573014	-0.10049034166730458	0.006278225423125384	-0.08908816128426558	-0.03383709054239811	-0.03759940757420259	-0.019906531756599045	0.010255980074754409	0.13971324795777687	0.020182576781346273	-0.13351020845009498	0.04360958087375014	-0.16406602728008923
0.07226296681983906	-0.03575502840773185	-0.003179135044401946	0.08520696780268239	-0.03881277476910099	0.05472933469660108	-0.042640228184652275	0.09457234708131047	0.05168668651962753	0.12405199465323154	0.00017566245820587741	0.032771439034219925	0.13222762274049757	-0.026413669657921534	-0.05451835713379153	-0.09875422314713102	-0.05305917664809977	-0.07144561642642248	0.059628660043455926	0.04597857065256655	-0.11147305552741968	0.11638714290248854	-0.03192127343844767	-0.002469710375472384	-0.14851831385692352	-0.12466450468052961	-0.008332716565925796	0.06867418302485181	0.026848663597749182	0.1660168420956483	-0.12444823199510134	-0.043769316269326786	0.055518032322075556	-0.1378096963466609
0.07411218988659612	0.008031014871309063	-0.05291014234966474	-0.0661589819015609	0.10109370074831267	0.11704667146062782	-0.019217020096473785	0.0498677938228991	0.03324763249457974	-0.007633337940770332	0.08988645121918619	0.03397357045805016	0.14097977673281567	-0.03725995752435694	-0.17171359593208962	-0.1950409970058676	-0.0904068942040574	-0.007115513744279642	-0.04335060876284855	-0.05560738124462931	-0.06686607059806574	0.020021261675643776	-0.039533439169441624	-0.007977548046100106	0.01157137415896791	0.10902171065177801	-0.0075012899866435615	0.0042399040101752244	0.06647848052189542	0.06802342687204396	-0.178247456407506	0.04800264275678844	0.0348120600246861	-0.18710655499633383
0.07833924798334514	0.015721870175456537	-0.009522663272530017	-0.028335340071963665	-0.005209319402968467	0.11105912994811035	0.029539407628696362	-0.003595041498806351	0.06297019396600541	-0.07498352144356495	0.10029179984276573	0.05037399970465611	0.042888891381924865	-0.09151097902359968	-0.11026277640342584	-0.10757344717320294	-0.061882661298824464	-0.028231416579841895	-0.07470915430327596	0.11798421984207381	-0.063867754579248	0.019579471876323737	-0.07782947659479522	-0.07719149124149363	0.03719768363115369	0.04267812595183522	-0.05346878757846665	-0.025160224958011693	-0.0012690912076476317	-0.13591667252120604	-0.063202062661852	0.06620706046214486	0.16802930178493633	-0.0430946018477336
0.08361875708909589	0.0435006655112222	0.048730536605198035	-0.02724823677407405	-0.009065934028843254	-0.07802020619254638	0.07269939188707529	-0.05534429654509072	0.0755005517877251	-0.13380219059317072	0.013138135673793124	-0.019713355739504813	-0.08134759042939843	-0.15057618396156291	-0.021754794188328888	-0.008599615865559377	0.08718640741401773	-0.10655886316944158	0.012076459400711176	0.10857923255413529	-0.08120026277518831	0.04800819910364818	-0.038948444625068225	-0.17230425417261913	-0.08247508797152245	0.011376729247201595	-0.011982187492872547	-0.04339115791483267	-0.0701899083305772	-0.04237403041853804	-0.0023257703110937597	0.06132451531855466	0.01328861470297731	-0.012756234028321213
0.08374210195131153	0.01602526313615357	0.07756283654280176	0.07811090906635768	-0.06043567788659982	-0.11582662589408486	0.03852899185860515	-0.07117165230879342	0.05562619491725318	-0.10176987977256272	-0.06736897320964742	-0.044720360775777845	-0.06289562560720006	-0.019743437533613965	0.1007209541851879	-0.06316294336717414	0.09131319279596482	-0.1245498715074381	0.0011606668392873736	0.013694729142537946	-0.13016249653188003	-0.09324937227640692	-0.01972217855276459	-0.09668448315560027	0.006830923215227873	0.13417884966588817	0.018415382955480508	-0.004330072803072904	-0.005067319988593479	0.08138583438350452	-0.019152812211505117	-0.02565387018169643	0.16694333557087945	-0.09574610765591626
0.08568478337438382	0.08011637341970301	0.075466955358434	0.05640596809579383	0.0347844014867313	-0.14506521359554547	-0.0227833510427305	-0.11778945079977535	0.042342887720705776	-0.030357329996087794	-0.07235424829370869	0.03690733322514956	-0.11193536748720778	-0.0781320682917494	-0.07669534651260083	0.016577454187027416	0.1351321621589906	-0.03489406225624547	-0.060409442053239386	0.04571621950795122	-0.04632421262130887	-0.06596811020858528	-0.012953264150969939	0.009355311299312476	0.030907260555228314	0.09270293347607443	-0.11372941914068299	0.0280080224603881	0.12712390578212107	0.054636163067435184	-0.05247909158010813	-0.03508980395044345	0.010445716522494645	-0.10957916719953786
0.08252510519156965	0.06160302791531097	0.08941196614066291	0.07995129861050516	-0.053573095804974664	-0.1262027807951368	-0.015178101572413937	-0.07902212207183937	0.05026810757262045	0.052500096975054054	-0.02333542184378333	0.057953977587182744	-0.0945187192461886	-0.06181331869106511	-0.07861103121051531	-0.0005385498375744824	0.10976356481616216	-0.051200197962395576	-0.0519899964077037	0.024568827059476002	0.020346545833918483	-0.041298209085419396	0.0175448121562097	0.03719404954855304	0.04889131328349397	0.09600267825787522	-0.10337488303019002	0.11579855997228708	0.13943519369799745	0.09232904517723714	-0.04581008729127391	0.10023890958004403	-0.005431585881122053	-0.05768240586441283
0.08275722431670199	0.026096224173092295	0.09680244222909877	-0.05032401149204742	0.027749280865474096	-0.09990788806585217	0.09388657100617764	0.03365130881239546	0.11027597717663093	0.08544901878609783	-0.04758145304835067	-0.11343854669025742	-0.0557008387610091	-0.0585500591685646	-0.04218612093904286	-0.07261041008586229	0.041507694655199795	-0.15022133348009176	0.032727328417099015	-0.10686110810222704	-0.041040213564603176	-0.041991680802529255	0.07568204172723977	-0.07968228016486444	0.0020757802870708456	0.06234939714865108	-0.07717296009396016	0.042080147741385646	0.18648072270552823	0.08761162917224123	-0.00778798414257087	0.14215697046138043	0.055901160075367544	0.05921309332587192
0.0774877623441363	0.10036719856671432	0.052858209051003746	0.06021427985314948	0.11135693614805202	-0.0070297913170550685	-0.030070224421787396	-0.08548311423440468	0.07073789810792905	-0.062456521475406875	0.05607046651442792	-0.017343530518303958	-0.09633546758405727	-0.09378099116829197	-0.005839663592263941	0.008480842385308976	-0.00473910105512725	-0.022946867293539043	0.024475125174642766	-0.032981939468218625	0.02811731206008361	-0.00391928241510928	0.0037782659074174652	-0.041135284635999275	-0.08684743059736641	0.14851882246163087	-0.10886582899964393	0.0018489441490175396	-0.02586236079879102	0.10328494564124273	0.04063012376155363	0.08269570292478728	0.10640999840887602	0.10314893080046271
0.07882189253494264	0.09107077781201639	0.06929632728454993	0.12936894780161606	-0.005224723848224901	-0.013654156791670315	-0.010697458526296721	-0.07394653567827894	0.09843379421255496	0.04388373913154531	0.07212009379021467	0.05094821815000358	-0.06076885058665361	-0.11311962661290079	-0.02033945857447491	0.05806128498284113	0.0759045490086009	0.01686246540413418	0.10756786589767664	-0.035048690807628194	0.12332115654699521	0.057845408132064104	-0.01661407295280907	0.06855501736383517	0.013979845729141765	0.05724034449752732	0.06552997780669098	-0.03605524926797066	-0.022045291630093528	0.09487014688074007	0.190692901080104	0.04016952818367741	-0.03954475418695863	0.006416423473307904
0.08048803507609369	0.04019324732069228	0.08213456453603872	-0.0005753950643449164	-0.011864890412187908	-0.026516001578677575	0.1307757692580457	0.05984592958172238	0.1543891665288111	0.1145648450547528	0.009215180215279232	-0.056357450963119074	0.028511441623593373	-0.0750408596522763	-0.01751856403557109	-0.03697061353851753	-0.02266080961033634	-0.08563028576019743	0.08960815780487524	-0.1253946120907773	0.10545542927221152	0.010738213939790225	0.0402435610016533	0.016027258731848692	-0.018598340291699378	-0.04319455384692464	0.03458423642782761	-0.054807706175704136	0.058989570892442916	0.1212107606455804	0.11358558523238414	0.011840032093824516	-0.1052062062738198	0.04840869183267652
0.07846123749515305	0.09695934742018203	0.04428453684738851	-0.03448358708036785	0.021498247352779165	0.0433938331113188	0.015819694096440656	-0.03083849302778043	0.044522671275994255	-0.09268170967805332	0.09879082498055239	-0.021284897029760247	0.012105493792836597	-0.03997378383271115	-0.05154295397809508	-0.04592110798724541	-0.02971201426671942	0.021043110647068156	-0.061772204108810395	0.050754025450617864	0.16261703318786233	-0.0018576165058772076	-0.01843239559521467	-0.0467147315634423	-0.013424984201000004	0.024393377551259636	-0.0087737076989824	0.058669582172199725	-0.06834058005923854	0.029415376204758297	0.02471268633695828	0.08470842012777127	-0.01624117025191893	0.05303909108901858
0.08589437688127441	0.020749790619845162	0.09933808455522045	0.02157723278847288	-0.0935218339989415	-0.008176205140443288	0.06573478053904706	0.007152883400062425	0.04553812726655789	-0.10275204616586567	-0.04561475707975414	-0.05293133181665	0.01277044631853387	-0.027186355008871295	0.031602726889588595	-0.051281394410672546	-0.002335105808309908	-0.08152833763594974	0.0984732952927236	0.12569728688707754	0.09787596176432162	-0.0608268306555222	-0.02286141916840815	-0.046395310608276154	-0.1001213696420824	-0.07587797279007125	0.03574713336045654	-0.058917243316231556	-0.04165849995526326	-0.06502880889321724	-0.02600700394981719	-0.000934173762750741	-0.06036682311818059	0.007980838817464253
0.08531218689500043	0.06570636467408567	0.057880071656812054	-0.01153041918718762	0.06659993084776085	-0.025323625979700972	-0.0070401617048468715	-0.0783191106629708	0.06027680851196729	-0.03784352698739966	-0.1442257445343299	-0.014927630112386608	0.04095320907362721	0.006208702811814752	-0.004421730860735081	-0.05281745625643579	0.027061969420122248	-0.0875047892848109	-0.09716470828126032	0.07590052834152126	0.16032648411949912	0.00022480086422632314	-0.1190672767051889	0.10232797859146922	-0.08952644254878485	0.026671875806628664	0.025004646858712898	-0.1954619707298988	-0.08770787240777757	0.045011142941916035	-0.0998427710669898	-0.08217587319973578	-0.10053226238177336	-0.03458600129069784
0.08417451481052528	0.03970652166643362	0.08536050189062086	0.06687437078972654	-0.052566183317461664	-0.0024688568006045407	0.08076850305079802	-0.04038465595262868	0.08715647341510285	0.009886860519429464	-0.08844416154209529	0.10559023795779446	0.034479565051465495	-0.08538543143940648	0.014443071559094965	-0.014461249924418917	0.09478101512600233	-0.022462226238854528	-0.09290969582801414	-0.061330563652596135	0.11731431716745887	-0.053737812356671175	-0.010340286443524624	-0.11211669348209065	-0.0562589220133318	-0.025017615421200318	-0.04810640481347228	-0.13987055707115797	0.012934271580578367	-0.03127749892162304	-0.11336527708247189	-0.033039843742173725	-0.07725447330731453	0.012378951101294325
0.09236282558121454	-0.01713171460450403	0.11752635842411727	0.0049481282065717055	-0.14354474776612874	-0.07051262170209824	0.056322898689591235	0.006435148328617078	-0.018918857973878253	-0.03756795170200593	-0.08770554864465374	-0.016196420381562788	0.03484231875594292	-0.0973510848872223	0.08800694196504603	-0.06221289267972304	0.13613872786774342	-0.04647438466693181	0.07194861129064921	-0.01060751725522753	0.02843388669929762	-0.14999147456128237	-0.060843014976586715	-0.05580357214462106	-0.06762201543352217	-0.07150738363544674	-0.009168634701906238	-0.017464492021841166	-0.06812439518710275	-0.037298063666310624	-0.06978505343178856	0.01779899758258393	-0.04999978663191013	-0.02036392525854579
0.09356500686336895	0.025306020371214554	0.06978744295307363	-0.09512019205535738	0.007631110676411202	-0.1104850276050216	-0.027034716119367672	-0.04939603307605952	-0.02040638762052824	-0.020824528771014532	-0.11450163455617736	0.022821733383334306	-0.01871387539888195	-0.1077584339423298	0.024910119490573066	-0.06784461357396614	0.06098369734135876	-0.05569282562231059	-0.0011026704790366147	-0.05726275146999217	0.0583556393750601	-0.0903079967612821	-0.04842733322399553	0.16181116255752367	0.11273203808844205	0.03291576533642063	0.028824210417246948	-0.05979552691227644	-0.03320607045242534	0.02124998860775236	-0.05097361669511924	0.07153839466730914	0.007106685837035862	0.05921566734673366
0.08521911577955693	0.014822234131205593	0.09594787097756258	0.01770717911350673	-0.03164213762113901	0.0413214589811487	-0.09915266791678853	-0.06938743351176932	0.07310504008359006	-0.024376799914763866	-0.0134365681114295	-0.09769697850855374	-0.054309270208289524	-0.046664232121023365	0.11063905039529193	-0.05434940673033859	-0.010021787386712305	-0.06671270266090029	0.02521463014838915	-0.025781720977809258	-0.06354246286021904	-0.16761800003133007	0.021253333602821722	-0.047706699702010205	0.0835743299854462	0.01037575722846126	-0.021519697196786636	0.04843530789951023	0.09900406360126654	-0.0034352837683137016	0.003744384922580956	0.0257751837814659	-0.08379138917990657	-0.032165382809333676
0.07684042203931346	0.050507421176402875	0.05873543952064	-0.05125024267807336	0.04962989699766412	-0.004269988639875	0.028758523496500883	0.05486004766673914	0.05828371296161407	-0.015030141835679564	0.07115896373290077	-0.00981602596786555	-0.08160976659017823	-0.07821882642264807	0.02050991903014955	0.03134008738303126	0.0913664566156681	-0.0043427330255176025	-0.014672083958765274	-0.029278604883802746	0.05780484903214829	-0.057986060828291684	-0.03599606607541776	0.04490072854404921	0.044324726667964616	-0.009030806071162412	0.05546292140874661	0.12892220684480646	-0.0006587639954305641	-0.004348061676653241	0.006388679296245939	-0.0816282049505723	0.04275376270558199	-0.010183929282593228
0.07180672285743789	0.05920830145395789	0.044231414319867976	-0.031403076326759545	-0.07305050968472264	-0.02912643865088422	-0.0584711627176082	0.022847697421258778	0.042216763815988725	0.08342165486706973	0.06333303537720893	0.04553054238448327	-6.561227895405595e-05	-0.12497218684281139	-0.02074118791163568	0.11249824502836428	0.06232521223026591	-0.0010507405615321317	0.04444944470774867	0.03758875054842602	0.012470486904962903	0.10565634736049462	0.0787145353790063	0.06263404016847744	0.10898378238926247	0.08385903367758343	0.1361192720593546	-0.05954634189373219	0.013384813740393214	0.019887581505944715	0.05233970782433107	-0.03981708395497886	0.006148289333354676	0.015807271355652977
0.06695464773581121	0.023623577708714136	0.05336015941925145	-0.10347450626029536	0.0008583640988223651	-0.11563766729385802	-0.06998673742994832	0.07912206945680579	0.04983738461821887	0.07982171608887728	-0.03901737837447701	-0.04626879146157171	0.0601443823286821	-0.07401538363351927	0.0016163426370084488	0.05886798669236744	-0.01584824732582884	-0.04431153857002239	0.043709239955807916	0.04119179668059617	-0.023693832501457478	0.1055588176837903	0.06672440837424912	0.01690581420733808	0.02134036083601477	0.0017041740845427315	0.06971082665010984	0.08160796308888096	0.02748719273622187	-0.03583834195814961	0.025067827337914725	0.051876911309236134	0.025045310016641783	0.04318245378098898
0.05667395273079902	0.07078175901384516	0.045516499727704114	0.032096708201600745	0.08289274264083299	-0.014676481600353905	-0.17881670967293103	0.015808339882510142	0.03213518158557409	-0.04746648575475943	0.06253372029274215	-0.056772600358467415	0.02802039387560579	-0.055084691882393184	0.061394471748821004	0.041380304864873436	-0.057235256985038396	-0.018747604354563477	0.03908483552738182	-0.09981694719292179	-0.06853857679550429	0.05499878769776202	0.06378980509795859	-0.01588211119095569	-0.011333807059378531	0.08595872106644446	0.07545155453122522	0.01579365916784788	0.02729318242365226	0.010159127601388353	0.040780023900927005	0.06878894007437346	-0.07429015410293086	0.004758744165851451
0.05785074389623294	0.04655894912179945	0.07718488464368885	0.03836584579120275	0.05428436674120162	0.00727541303849219	0.06955069036171312	0.140028321068163	0.09833377642147555	-0.018329902123268176	0.10183792995136469	-0.004299692983980191	0.08627356933960935	-0.06180757401559181	0.055631371545158986	-0.030624164254315824	-0.1585098347785668	-0.028044818378562562	-0.05636288416937707	-0.09096048148648259	0.06554889962334111	0.034304400411654806	0.07007063734668534	0.08528191714908734	-0.042695874826766324	0.030199227421139667	0.07619564044672825	-0.007426415161805458	0.15602123356505662	-0.15429977943588993	0.00023396839126523655	-0.03570954638053897	-0.01912772282292238	0.052294977110063576
0.05186241877693959	0.07153166366269703	0.05132336065252374	0.012104429724423249	-0.005673645975912433	0.05868055504125798	0.01945426358624641	0.03479601797150833	0.056449590849657255	-0.12941250119769512	0.1085645174164232	0.08909520382689087	0.09825909611397113	-0.05946244157281741	-0.0209253969142958	-0.011752544531986691	-0.06320117572197159	0.004960517045543761	0.0032469040993802767	0.04629917618163806	0.05957492077189267	0.05431476564917082	0.09310569348832715	0.11764865680474121	-0.033237175965656375	-0.0455654698061927	0.11066999744752119	0.08790609869488698	0.04328744903758287	-0.13914004516142486	0.029871311385167437	0.11445435728565274	-0.10270505060952236	0.09210497771343432
0.05641666263821102	0.0033284509173580256	0.09695100265604839	-0.05813262707784586	-0.06660856724363663	0.03754488369260387	0.11284370040449382	0.0322875122453372	0.06365306863567641	-0.05450168414973292	-0.07684388019064294	0.04695416478775324	0.11322550019492389	0.04445745244057588	0.030923631876515142	-0.0474663067878119	-0.10224438451150562	-0.08272612815924817	0.169015872818917	0.04822305775348895	-0.10369111954610469	0.0038436973538005306	-0.004376610250667587	0.036815537465600436	-0.03732005723218803	0.029173436701919922	0.051682311450232866	-0.06467995900312071	0.08676965058945697	-0.13164863617479053	-0.02175364343790641	-0.024724938360221327	-0.0065991947955205445	-0.010906826787553753
0.05653407459403888	0.05593126274812777	0.045746198194739775	-0.027483064249441323	0.0907847052817788	0.025079597052675665	-0.10268392296924038	-0.08685471641256641	0.039710626915054066	-0.03643279647736733	-0.10023880798891283	0.05241655908992639	-0.025978784529629272	-0.0006599743234880083	0.0046722574388501185	0.005680907518305843	0.02119850962559558	-0.016703562260918448	-0.04242422064656474	0.09659241429346374	-0.05922486294610495	0.09581610355450408	-0.09022350891865963	0.11977125466704591	-0.07593845778828422	-0.008609034414069952	-0.0890425234483049	-0.025083678131785185	0.0022286341314218545	-0.07974351640798383	0.038566140312560476	0.021701590196243008	-0.10342179822379659	0.013226781200815371
0.052642972878068545	0.0056830583241103665	0.11001881034174951	0.04722030145832585	0.013257504349018748	0.08416734511043292	0.047009263760948314	0.04801017013368153	0.0933352593377074	0.026900079111118864	-0.03886330845027871	-0.04191203947427835	-0.07630256985272665	0.03222467738387923	0.12835314412780532	-0.04997608023991295	-0.05490268973793555	-0.022576727320890562	-0.03624749684701059	-0.05579716778495507	-0.12599377007832818	-0.03323803296389295	-0.08532602514847776	-0.04613169652295868	-0.09774419539395396	-0.03851046957823027	-0.07414774545362912	-0.03854996091012606	0.13842064549707023	-0.06866896313937917	-0.04057207975083744	-0.07667370173528681	-0.06328192917551859	-0.01568828584041016
0.05464020565985202	0.05536823401457543	0.06555917346663309	-0.0007297287194012501	0.03371494450311021	0.07899494699992939	0.06661026475053017	0.025853623203023413	0.04534058707222606	-0.0850950664762941	0.031175143651472465	0.06496685558530456	-0.1475165285345926	0.002236484462893208	0.024147562750425976	-0.041254918368642174	0.02126066837927123	0.019566120781851867	-0.07003562982658726	-0.0029726457556750715	-0.010056928525074307	0.02847867727335666	-0.08374963001135631	0.10796205457226471	-0.08993047489893638	-0.058657888085806936	0.012192251898352454	0.033604702368975295	0.013882315797781104	-0.017483484170890146	-0.06320882390045561	-0.14951875653843033	-0.05771889125848479	0.09573665773683461
0.056758148107004046	0.01769554306897947	0.09953623926262811	-0.03341078584091373	-0.12777381954632616	0.10724759483966458	0.020701041641907565	-0.004278679943676954	0.01615993322891722	-0.07549980646137411	0.01121159079203156	0.028243800614600578	-0.11346864033410202	0.022885562562654154	-0.026019683561351446	-0.03240380153007318	0.04684114499621716	0.04745548971211851	-0.021909240815872828	0.09037306997549308	-0.011285846733080626	-0.0075838203193851934	-0.05267734896621713	0.1613534543552128	0.027274604803291257	-0.11650094567251956	0.02971135951740673	0.018373224725201656	0.033627438190923294	-0.03108912194616965	-0.022846975329458778	-0.052047628983189494	0.009330072260083616	0.03550464976052166
0.06250096683205153	0.018298348606024178	0.06861687601681482	-0.1608643706584792	0.031404217110515366	-0.06485233195429234	0.023387622783354253	0.05478623238804053	-0.003926603827313139	-0.018348800370806728	-0.12770896674550697	0.04082488613340276	-0.056926052404709535	0.01354269586438061	0.03888980948617973	0.021407090618310032	0.021736943502574164	0.08993041050944871	0.04577943241603386	-0.044969489806650415	0.024134165777189992	-0.009615004928585472	-0.0812876589881934	0.11695220495668994	0.04279666890790525	0.01070355185746619	0.07752395500980919	0.03530723298667294	0.04226720702025794	0.07214524300238924	0.16745794497670427	-0.09693107112607387	0.04951294844855155	0.07440094897344957
0.052270968843493804	0.06437146278094438	0.054851316986823495	-0.020111991238346314	0.03725567651820776	0.10477713003265363	-0.07683287528440609	-0.036507822309873234	0.07298289435181156	0.01837597703901736	-0.049841942075924656	0.035935187048198695	-0.07758540029837217	9.943341911736649e-05	0.07624546110533675	0.04893043997031038	-0.09942734215244975	0.08768971863740394	0.07267281319158678	-0.0975061297023421	0.0035083944813449133	-0.01691161219144129	0.109235517494856	-0.013156378093074655	-0.0021358949481476985	-0.047250322059344534	-0.03775372742927274	0.053368319563817455	-0.0034895397991910743	0.09758133875097222	0.09858853460752337	-0.03223334639021336	-0.012304153140223335	0.17020932312829626
0.05135007669032671	0.0074699578333430145	0.10959601074711832	-0.026063055025914432	-0.1031144519609019	0.13200059852629822	0.011695012218222604	0.04736711977697317	0.07938669286084427	0.048984727855925794	-0.02581774416315437	-0.05763753919452327	-0.09440550536107703	0.015816755460973594	0.06582732368443345	0.028078645298412985	-0.06893307156802637	0.1607998842871744	0.00571136769485496	-0.0520389391939141	-0.02205155220122719	-0.05399311494378299	0.0011341784632620776	0.005432272549083214	0.002865392922571111	-0.100469775688706	0.042194231327729946	0.022008082628051397	0.06240239822830035	0.02025192113498285	0.04856635646400756	-0.046416245574511655	-0.006871183204414024	-0.06201576993464222
0.04880476848064101	0.056277026372901294	0.05328062994920911	-0.12245322298524601	0.035616065935171956	0.00905880715810768	-0.012047656151927752	0.09597405445416803	-0.03905995273775885	-0.09282169204006324	-0.02539394798410261	-0.01590238518157299	-0.06567104481932083	-0.013753957015365996	-0.017218238492422443	0.041959182463960354	0.082647150695945	0.15428275518202225	-0.07535312438115639	0.016888608782291318	0.009175885116663188	0.08576817718595404	-0.03839662747071017	-0.037861991437127485	-0.11218865812011268	-0.1165769610932317	0.12963815283172467	0.08711045490704347	-0.011176552337583717	0.015983303957491778	-0.008124739072357362	0.03688260964501816	-0.06074235271804104	-0.05739715585233501
0.05247929793894138	0.05883303259976234	0.07276965077963712	0.037426532593167784	0.0029788492473882826	0.05522893352210396	-0.06568710556524945	-0.0007448808186832244	0.016411337504234614	-0.05668197985772071	-0.1204187896175261	0.07498337346103918	0.014676974290606071	0.027429327713152173	0.11663317720442379	0.014071325824483458	-0.07977436738331152	0.12023311154827146	-0.08393097430800192	-0.08546876257718888	-0.043378492397851534	0.09168967243595647	0.014151690938628593	0.11735711387184301	-0.06678549406912682	0.04367894737877275	0.10070043118387273	0.013718521587424018	-0.13744074069157383	0.027603251016621297	0.0005757319812271433	0.04532032027050702	0.15518194864044396	0.02695119192011504
0.04164261251853439	0.01301230988325373	0.11943878411755911	0.046250931513368114	-0.07378168479033849	0.13913055404440652	-0.04046312392883677	0.03005886194624938	0.05080146430973781	0.08733276337121883	-0.0714147645691983	0.015385163423313407	-0.017856840510591585	0.07963124985608523	0.062122440995748436	0.12994875825199287	0.028977233778578988	0.11082992003197799	-0.008098001419639931	-0.016854747322924038	-0.0363978418061147	-0.10108915801433149	0.08862106142118023	0.026219386935569203	-0.04855172617443959	-0.09477757833695817	0.09973457086586403	0.07889306611502148	-0.015566762204088617	0.0587059551814522	0.051706704957370425	0.028596380635728655	0.11065698607028242	-0.0483202233982806
0.053235077288950924	0.04358470253752488	0.0764175636234637	-0.14906775366432753	0.03261950921044347	0.043690503956209804	-0.022262198667518093	0.10950853625969718	-0.015344376064491693	0.06007761353477864	-0.022169968498245422	-0.0594487063325452	-0.028851207251199214	0.00024262943907300176	-0.03388174151366205	0.10129968557541896	0.07375692651079466	0.22581925373966028	-0.030536328527429324	-0.17549368032296725	-0.04856184909180797	-0.08060985736202583	0.016178305221521652	0.011064513823273442	0.01432971528624389	-0.014175721903486517	0.08543162475433096	0.04702505027841595	-0.02297019450890538	0.09557482132078102	-0.07002120904700385	0.014048038496786621	-0.024410748434331053	-0.07204185118252854
0.04174861900168134	0.06787137765728353	0.0589876026825924	-0.08666584410929053	-0.006724614595595303	0.08345769202645276	-0.02401931661029392	0.07685995241579266	-0.0038563032404635624	-0.07764763533675648	0.03122661005108334	0.019340283357438648	-0.007984398988561571	-0.013614711151515522	0.0345302287779754	0.08281693975245431	-0.0651612889030424	0.16923842712233475	-0.10260615773584594	0.04493969699647057	-0.013946160103602723	0.020238683182815406	0.14659609786323674	-0.008895862609883837	0.03188166308275508	-0.07248035299347814	0.024220729135391306	0.11841709628751029	0.020540612610429193	0.05588351712779648	0.05824988305460095	0.03669987536817809	0.08067022360322143	0.12224751078925614
0.045678056695103636	0.0017390042470750626	0.10966211064639124	-0.07181978959100935	-0.08796701169098053	0.10003898696369021	-0.013274559106021636	0.0339126246595141	0.01509430886121014	-0.10128690197683309	-0.09562843116704992	-0.019717676157498046	0.09058452710319857	0.09319149719810722	0.031958381349724216	0.038558776292718915	-0.08216866339446954	0.06966265941059976	0.1309915149423412	0.09526379844830177	-0.10008009899909412	-0.06936365680641397	0.07314436574017492	-0.027252298222280116	0.008039014858611245	-0.003396198088638655	0.0636334347697007	0.07148743058677458	0.04321480131733203	0.004669381430337828	-0.02226522620674088	-0.028250203328977007	0.04778864924614112	-0.07950009826247202
0.05383365399608114	0.07051715912975696	0.04463284564001344	-0.09518597972085914	0.11873655091506316	0.035611141012465417	-0.0788657960980213	-0.03588639732196032	0.020485508495510674	-0.044957825006477596	-0.1348284321216061	0.026782367714542718	0.10208715247507795	0.08726964023093998	-0.016248762381594006	0.04382285104155239	0.010172646431314202	0.016651948713584937	-0.05237377137152377	0.044228617265666736	0.01618985927687725	0.0027529231346319983	-0.0914149189498269	0.047292076325002735	0.03783778254558149	0.041511797450538485	-0.017182680283479274	0.019686558066644433	0.02309823851193568	-0.13439440260090396	-0.004993252571673779	-0.13151563021930363	-0.1443453932677035	-0.08443501944619339
0.04267320413256412	0.07628938607699647	0.07087865137748382	0.018969028596753167	-0.029183370697391724	0.08117535192736197	0.05560499950874237	0.06576596380614337	-0.023399923601760048	-0.04173166316405837	0.012002705671429335	0.11485597023774503	0.05393090933121457	0.049837634008776284	0.05995496626825025	0.06426608525998377	0.01885423830315697	0.018018094232565687	-0.004553988486859	-0.06173505333721897	0.010919766991437471	-0.01390302529302129	0.0024005989553361785	-0.09461416073519675	0.09551332571733434	-0.09522320778229365	-0.21248209701440002	0.05074500233825524	-0.06188055090093465	-0.11658860513177942	-0.0733686402228354	-0.000808072942926237	-0.01213374016590614	0.05181408589474239
0.04552386140817092	0.0591336681102783	0.07802921216785308	-0.03874464553966035	-0.06666501752799356	0.030579629726072158	-0.03597653743978594	0.09466000773488796	-0.08792307547690478	0.09164353706358	0.033545733332998186	-0.009947037878118386	-0.0024934051547233307	0.011959552687151761	-0.007497212336704551	0.1505665685849164	0.07351602780135441	0.010513560201812142	0.052436472484170014	0.09234221897435997	0.012542497972711203	0.018919792269880942	0.028151979900680624	0.09457451299948262	0.13068041770505404	0.03314114654369145	-0.08105060044263934	-0.16037048422315164	-0.09801523037434136	-0.06361806822298924	-0.02716865958203747	0.1212888773851419	0.052129350352598185	-0.08080037895915068
0.06222912614436499	0.03600264656416353	0.08178482059935438	-0.0979450437337747	-0.06710321541442861	-0.09263348315324046	-0.05239994833615542	0.08473006391279322	-0.06228072964979373	0.1272256486079939	-0.05861344230700672	-0.07363378172423785	0.05111779211423051	0.032815459967232105	0.03825377132648421	0.08454453485821622	-0.014899829412095578	-0.06931034052763324	-0.04342707465239274	0.1442198103478612	-0.058164714428205824	0.09223399103260838	0.02294492134829506	-0.08813468918522116	0.04988257370683854	0.03266641776422088	0.011663028027915294	-0.0012636188167067033	0.00933411333392984	-0.07087954463248454	-0.019497222853074224	-0.02412059289668844	0.048735184008868115	0.033400790899600935
0.05643195340572396	0.10823958411935353	0.0469486293413673	-0.03690395759505164	0.12901895157115512	-0.019704778879944623	-0.1722806876278568	-0.00290139477157064	-0.1219474722330617	0.011958049054120339	-0.0761055558303448	-0.06760254152917344	0.03235837033156515	0.09449168259925891	0.0005170344261270473	0.07279914832065698	0.023286200749421556	0.0367130705907502	0.032393971373649626	0.07937032918625776	-0.04096998371072	0.07428009078009815	0.13969987017146554	-0.08916621879870201	0.08926576958658256	0.0591052212094902	-0.04592161664811508	0.026255105074114216	-0.023426125097320658	-0.00027863024337989196	-0.055199324688440285	-0.0001417711307811799	-0.01503450767120431	-0.01784792037338763
0.04820899030582208	0.09979891095944461	0.06921528690417204	0.05580544842193188	-0.01580693177517377	0.04305810618101826	-0.021623401803096052	0.012324875335377045	-0.05327410210613158	0.041375211203734524	-0.05106674897064437	0.07882174583370534	0.06740682230983028	0.15465712816968577	-0.02168918250476878	0.04823678315977826	-0.00021540722796210224	0.024694083658788512	-0.08740068677587176	0.029714528672771502	0.07069848801694524	0.07194942240154048	0.15768721921210746	-0.17739993544952273	0.12552918481846043	0.0783783308696779	-0.11705869289770407	0.007562100244858125	0.14530213499985106	-0.052767540999605594	-0.03808142633029113	0.023663828324511315	-0.06371619955360334	-0.05365894407442775
0.046174909655611544	0.052504632699536063	0.08584862859755686	-0.04604630009948801	-0.030018718556280993	-0.04513780657708536	0.09081037224576519	0.134831851963053	-0.09842063892597824	-0.0024800449321951234	-0.054481993272211204	0.026511613437612297	0.0648217558739354	0.1016246234830602	0.021715409610401946	0.061998544200915426	0.01286075161323751	-0.018362125971352228	0.04946194925409954	-0.042096944149722995	0.02519116921003081	0.046127145556677865	-0.013268468117017138	-0.13245630083524337	0.0035715968290883082	-0.053080975699453414	-0.1782387935838994	-0.07240169755085672	-0.007751470264090976	-0.065958081347433	-0.020271356251418984	0.08654069871238365	-0.03795557349980282	0.025072160756393555
0.03861770217998356	0.0917410263308098	0.051362043228711	-0.005286079260817793	0.025659411956109154	-0.010357382390734126	-0.04184256954097436	0.07108512373397867	-0.12873731526776844	-0.11718194237825078	0.03335623254917855	0.0016371668845875339	0.01753232679759027	0.03125871619310335	0.06905042293318021	0.05656818672076202	-0.02102382876813322	-0.026563597491157102	0.028845159457315892	0.08262289330439708	0.03809031967109527	0.11067027243526259	-0.004564716008362432	-0.0498063935104053	-0.029844577755307737	-0.08661329473912632	-0.17721071008646347	-0.11700174326555142	-0.08697812364479392	0.08524219715063255	-0.000749969040768534	0.06965283321049529	-0.07248208710455861	0.11521193688280754
0.04126627106868239	0.06801508960697793	0.0851596156477238	0.05644199889059277	-0.04596845295481493	0.029613304669257396	-0.04981946644805477	0.11180209862119053	-0.11262505511396328	-0.06788399894513625	0.09187053826270641	-0.06278299330583688	0.0035447426410502693	0.06768773735250497	0.03129573496703958	0.081930138101257	-0.022878965448483914	-0.02950497111481297	-0.042178823967328145	0.09238340546837273	0.05190542347087598	0.030676500173986987	-0.005938358471715505	0.04892007590026905	0.01726366044098295	-0.08910774538311322	-0.1011457163304656	-0.07846065123298443	-0.09975166871166817	0.08611320555437459	-0.08865238787527621	0.06984944712906369	0.05905978462692134	0.03559794212504627
0.04448179107793321	0.07556828487899882	0.0712232356789062	-0.016230655944268386	0.08465030782591827	-0.029868015735305512	-0.00184657013795851	0.17569570293612782	-0.11228049600599666	-0.019559998372104544	0.055873254085449985	-0.09501704038576902	0.0004370295419303285	0.05737299659086758	-0.010495725282926681	0.06821250507982281	-0.009271697168517447	-0.0036573369825740124	-0.04727158347145006	-0.026751354303111936	0.09513277503925083	0.0407105384961786	-0.04057495126561422	0.044651454464730574	-0.0652940775633063	-0.053173164487846654	-0.051884839613499226	-0.06542788401763394	-0.04031528617368836	0.061560963610231556	-0.057869534089620214	0.0036743684452718896	0.10443954590986966	-0.002672804029016214
0.03276728133436854	0.07046940899233016	0.08559639276742147	0.10650139234660118	-0.008350357802777694	0.061924532283151416	-0.09720710266709569	0.08339582402313205	-0.08306096563875018	-0.031230232891722477	0.07347900901323014	-0.08678151971392115	-0.04139892406635279	0.10305072331943223	0.025111356656700248	0.013126969651027515	-0.08511035642555449	-0.014267907127551606	0.028344484113014778	7.784820200665982e-05	0.017161987954426482	0.007970676188451346	-0.009924086342331863	0.07726694400477778	0.013293761804070568	0.030340393686552575	-0.040013651637082745	-0.011528675645853501	-0.010988793016152288	0.043014613357533135	-0.05468909842843998	0.07863652589674872	0.09261817281486043	-0.11818538458076555
0.03803935744295183	0.06807507342461533	0.07108362362612201	-0.022674201148353595	0.06211618673913672	0.03513442912418983	0.03477457039711602	0.11222631862235542	-0.03189101802573499	0.0363716546902972	0.03641119585024256	-0.07592209296378821	-0.03120510658515537	0.09670311856753361	-0.057120183916837396	-0.04611990626575282	-0.07291560941088314	-0.02189052068717333	0.033339105044214785	-0.11866531208494482	0.09772686761259011	0.018388362087174908	-0.04003308240192619	0.12425657175605177	-0.005473054971655192	0.022182099228802918	0.02253309086151662	-0.1096671467774781	0.0577243018991974	-0.011617003303109372	-0.10936873884157111	-0.0010608745230287746	-0.024418826468501072	-0.07177046874305337
0.01186447110267627	-0.059719775765132474	0.1493719206889275	0.13998766360850792	-0.07209491990309959	0.10967845313945092	-0.12909446329190594	-0.05653582299388743	-0.06488795276950884	-0.08414900091533228	0.06740238464006942	-0.10878279721477536	0.02217844470935007	0.09102835336606652	-0.10065756153799013	-0.04782190969260503	-0.00158174598999084	0.03141941328125809	-0.0456891031646024	0.03261477080216221	0.1004630118332058	-0.013319700222075681	-0.1952472338994163	0.047764659321325814	-0.15320471784945972	0.11665570990220597	-0.043190498134310806	-0.05139678154617153	0.24519526799790722	-0.2394198129762675	0.3791173805963306	0.14167435506605905	0.1897827312888794	-0.05100203241035199
0.0029160538872751414	-0.20290024794932934	0.22849846633348833	0.06628941332763762	0.12838075583969863	-0.0687930816364613	0.18312067194493223	-0.09003511698439273	-0.20102743686400706	0.05046410338506134	0.09395903138657376	0.054882417638352686	0.07000110236114356	-0.042209810958648876	-0.04566732426070043	0.1206991846237897	-0.06588436038358403	0.30922419128228096	0.2605069563506566	0.13635788043366198	-0.04143106361188062	-0.1755522480900326	-0.12784199670162194	-0.04137425677824087	-0.12433927511336111	0.2456625725687163	0.06913330333117008	0.03633122877298994	0.07371119353387345	0.059461755836211924	-0.2803852776066998	-0.06813125258375752	0.014677322733782916	0.13230145234634078
-0.0023941232497160024	-0.06865040782438087	0.09579685718789191	-0.039510542720094646	0.15907809968908165	-0.02087476744811603	0.006877946852735303	-0.09085403094853532	-0.019986891551798114	0.13079849814626762	0.015836135740706404	0.041405636071081324	0.047643676886605126	0.2786501916947971	0.032146018441962694	0.09819967861277397	0.12331833671470065	-0.1561909865038666	-0.023949863883173456	0.1298203743900202	0.01907605245387255	-0.18819388306282955	-0.10083555092952565	0.1254727487714568	-0.015265860459855146	-0.08425310691061583	0.06929145864825786	0.010958691383629537	0.08226986635496732	0.08277799519249106	0.08703746159119849	0.11262572850146647	0.015088570479036605	-0.01240772497281517
-0.014267729061108507	0.05241331511058153	0.024347601226958115	-0.046409040407125485	0.04996971750358603	0.028188053468536967	0.010049131801586175	-0.02284728866926585	-0.061776645633147366	0.18210079158198314	0.1470231476856339	0.06796063436383225	-0.0015848253485584458	0.25020359563897077	0.01101467142914827	0.15135027920782798	0.09895205191071452	-0.15152794264797548	0.04915547749721307	-0.051245837745612074	-0.04823546456908431	-0.058599342037902756	-0.08202888982226952	-0.10830419176492415	0.010683249931969646	-0.019910937732852567	-0.03568101555851874	0.020550190131870337	-0.02000975867275578	0.031214690126389097	0.04128990880685257	-0.05832466758725877	0.022056409404489233	0.16767113061830538
-0.006162473345079881	0.03585078612430191	0.0135998785038038	-0.04821800936643661	-0.08262244520393716	0.0018326127313918511	-0.08697199141432463	-0.005709100092868857	-0.08982298159268727	0.04438127220401256	0.2715490948158626	-0.03325417112280144	0.004348295518744712	0.18398885114055233	0.011624927731782657	0.01717078262070582	0.020546161862594392	-0.10314115249177039	-0.08708220449100122	-0.009700855548253642	-0.08790848328312552	0.021009974123905293	-0.19440162113440446	0.0340221073974358	-0.0024420618130864824	0.15712206307907994	-0.015306913364366306	0.06886116720143333	0.028625979791373973	0.07259590190476448	-0.0014312498949822922	-0.098550030020688	-0.08836841773469781	0.08307843368119132
-0.00961294852278933	0.020472506371286246	0.005168084121702965	-0.13777361801337254	0.014837279553993638	-0.06846637071464973	0.004548954531448438	0.01616585254619688	-0.03533362591287064	-0.052410728801410844	0.10738736161057394	0.06684905919893382	0.09079792489696036	0.18289298871004375	-0.02472770280782936	-0.0017666949931183875	0.010880524258987136	-0.047567729722350155	0.05525111002687576	-0.07835333900480962	-0.00488640227972563	-0.011439457574252057	0.03016812231982746	-0.0018185970219386357	-0.13352460409219752	0.09911850496810533	0.0008999699205527734	0.014264774068191086	0.06061367875251375	0.05532822665829276	0.07798028705342722	-0.1774372690533685	-0.001864209440189949	0.03623669546976506
-0.03226729883405392	0.012194303223242404	0.018420152455744396	0.0025261428697902467	-0.07443962820864572	-0.035644264388244286	-0.017421702040877184	-0.06454025710017616	-0.018766021425829452	-0.02896987075538128	0.07180311243907603	0.1310909117237728	0.011728437769566148	0.10622360247292756	0.07548796101915396	0.0003115341436183238	-0.021075759025070664	0.04311299452771318	-0.06100568590550176	-0.13100009860276096	0.08680044773586332	-0.061368330050446	0.07245607897602097	-0.040755774866051725	-0.16212358893583817	0.023644271252841756	-0.15205267031257294	0.13785390462546776	-0.14594684514530143	-0.04708859680680787	0.03609719115721085	-0.05692720485946129	-0.07915401515842121	-0.06372582730308593
-0.03031008527358476	-0.05601474666561214	0.0472318531970133	-0.060507731235903646	-0.1614132877182468	-0.05357651370221588	-0.02622158117519946	-0.030997281379997004	-0.03353800903760156	-0.062106830450782434	0.14778899461685738	0.0625171707900802	-0.05059608447045219	0.07124343719167418	-0.02066757668724346	-0.008292541502573626	0.0650897756129149	-0.017794384443971384	0.057587693452371906	-0.04118074835068718	0.06108440113474055	-0.011085081559893054	0.0973064065747916	0.17606729163222348	-0.07071252270146355	-0.008149546543146147	-0.0483500629477906	0.11570431475327085	-0.1458614325530533	-0.0040160114372159925	-0.021906378376722224	0.09548985985465891	-0.16888588226205653	-0.06348711281057895
-0.019606340200919666	-0.15126047853834618	0.09219784594089375	-0.11075166281963085	-0.10038702435804267	-0.03739867261240003	-0.08187903412774888	-0.14628591165318372	-0.03534991187306731	-0.12226545755599609	0.009336484804650463	-0.07066908170430071	0.09487098049278653	0.12423340328504741	-0.10288937099299	-0.11168045629041065	0.050251593982700904	0.027173193510534596	0.05308126203651821	-0.18563738725871748	0.0664916814277632	0.1009143597322704	0.1390032827215405	0.057460973782430626	-0.08064209080108797	0.03246033837063147	0.11399885208952278	-0.07734508562363383	0.027361824950854256	-0.03288754204167167	0.02292505123779318	-0.07998218668327908	0.13719734881107373	0.02359353975125135
-0.007811224209531689	-0.21053711557710347	0.13569749297888178	0.009937907904118278	0.11743658638403419	-0.054780344548316956	0.07599033687568811	-0.22681093257325524	-0.06323616691071368	0.07271728032640942	0.02743727947338301	0.09458581083976778	0.04468651635333541	-0.12975671353983173	0.19397153575336104	-0.00850905225687072	-0.20954334652774978	0.2027598542485754	-0.00020557578674419014	0.08706928409177728	0.08962132764599674	0.027375790557455586	0.010645874696504444	-0.03660122475146065	0.04557916343907837	0.08287966629649036	0.024361610541589335	-0.01818125391256738	-0.08059101787573933	-0.1346889425902889	-0.04323704200818742	0.08284117828978407	-0.009255129079710767	-0.017073457260603914
-0.0014375361173076231	-0.12466108549421473	0.04526200991104357	-0.061000227296089976	0.10375065535986477	0.02193552209451114	-0.023225003352805567	-0.18510983187843558	0.025984827842979324	0.10971021611964682	0.09591985231827949	0.08008048105635097	0.005970064814750657	0.15445699835654586	0.06775480663704297	0.01303051968294285	0.12440948748774726	-0.11361495182924344	-0.04523468759537113	0.015910951890935707	0.007815180521029154	-0.03905582707889028	0.07193809580341554	0.039965738068608314	0.016381090995155792	-0.16441264300682534	0.1897713576326147	-0.11720753280868819	-0.01965941459334864	-0.05688037008236152	-0.04015752032529522	0.1151407820658484	0.04330949661463979	-0.00900808605969263
-0.017855355117951558	-0.14805435975354653	0.05766709038315962	-0.04285737203951861	0.033471685402133564	-0.0008791872746098741	-0.04558176868155698	-0.11800606117269423	-0.011139104828666854	0.11636489614860944	0.08214641443619482	0.04140396397792437	-0.05813090528847622	0.06680796870390739	0.01624153015573348	0.026326914150292327	0.12851742992945264	-0.031570342020616926	0.040421639530073876	-0.07253081611087699	0.010237118000675366	0.03650982035834041	-0.0064703754546658505	-0.12521546108260906	-0.0016493532095157165	-0.11921354139286923	0.033230187013465404	-0.03447928190979947	-0.01120436270417468	-0.10515807732704734	-0.00234796070604734	0.03993257770552906	0.05270365342628202	0.00794004559649469
-0.020419490904077717	-0.19266905120440422	0.07570354477049832	-0.005055450710143815	-0.03281646096314592	-0.0242301796584373	-0.006517786026206175	-0.08432057284603534	-0.010758975337261872	0.046281342173717474	0.17275831830996896	-0.07121053512487154	-0.03820650243947372	0.016818276181128956	0.13753911433546737	-0.12913845431900045	-0.014275551877778353	0.10878739223058073	-0.04349331698703358	-0.02038837821974531	0.006514456102544697	0.07738347422431334	0.005679247624208272	-0.01708383437693002	0.057012480951423965	-0.027673968917361715	-0.03507518413052453	-0.008291896426925408	0.02237764581591288	-0.006408668664358203	0.10909690555171156	-0.08628759023755574	-0.15784894362084909	-0.03915028414674056
-0.04329785997713355	-0.13494405638004223	0.013075637010272088	-0.1179084131191071	0.06648168220431488	-0.06094486413142585	0.00743501431728904	-0.021373752634685442	0.007005670295774058	-0.10730860498422347	0.046624034530258394	0.016463805535787794	-0.03156859783884103	0.04623925264005657	0.05276138160232111	-0.06149487432536707	0.07901846496565264	0.025723312671009576	0.05521383123490661	0.03885460526331895	0.11785823766541431	0.03838229092204964	0.07578576746663478	-0.07103867550639545	0.017023881126092672	-0.10831095680164407	0.007235143210059291	0.03110526460551463	0.013772763056356673	0.08380822012957398	0.022937270996073705	-0.08400098569632557	-0.07619991382544834	-0.1249298886448939
-0.04483710989369689	-0.09695398284448385	-0.0006078393131697446	-0.05780821150127629	-0.04087394903139908	0.0033376253437034016	-0.008244530856378742	0.019982758537104645	0.029150156793964377	-0.040054890421639205	0.13776220999824562	0.06214692508511055	-0.09900185287725516	-0.01948185073970683	0.04585165548886458	-0.02209671269676856	-0.02869709551155129	-0.07296789670814169	0.05066438747963995	-0.045915876279400324	0.13640642079108667	-0.026183935672123897	0.1000098072045734	0.05896450808408557	0.10874157055845379	-0.04604615442168822	-0.08000519788379612	0.05118477119993647	-0.09724001013145792	-0.03774683504785912	-0.09111785816867277	-0.14622571935017245	0.09698450557935649	0.006731075889832021
-0.04504104917558848	-0.10867376095209721	-0.0048646551103933185	-0.1358196131427323	-0.05134915941686532	5.463535287391024e-05	-0.07147044402705827	-0.0006957639311841976	0.06476413318763896	0.045163683230155495	0.10207523958713155	-0.028981401833349796	-0.08028640595537168	-0.023831304961678207	-0.0580281449477689	-0.04118176680264423	-0.011307602482598083	-0.049901141210314665	0.10102343086018231	-0.04061712589273234	0.14180350540318926	0.030518770956733325	0.05638079072691872	0.09650765227580266	0.15628767140061112	0.03688673119050336	-0.020501361480102297	-0.0626446849417753	-0.0972664618114823	0.0020156055097224927	-0.061640404749400794	0.044585732190928415	0.047971796771229376	-0.1020645873223888
-0.03505690384901996	-0.15451134505278918	0.032539856074197585	-0.07567122413257721	-0.0007886741920166776	-0.022544571092000275	-0.05303277767049869	0.003493631381175145	0.05582818535770908	-0.04347219699759921	0.07588460627118103	-0.11864534427440167	-0.04919326632892549	-0.011162693111060391	0.09144595812357001	-0.10948103155720565	-0.0765647745559965	0.036152324274645965	-0.04538197054068119	0.062228488805026544	0.10775559224477932	0.10084194298516694	0.018210847528173476	-0.07039081473593518	0.04850479376677424	0.04345295471145075	-0.13085415336567174	-0.04003125597293086	0.013298275936582803	-0.03449801343173323	0.0379014828177172	-0.046215502600774394	0.03351236665179125	-0.08118994099104147
-0.041794518179530664	-0.09962953116301573	0.004510134752250215	-0.049795298709996015	0.06364617008909938	0.03354120600674426	-0.015210728304998599	0.024009934189067588	0.08190741141454333	-0.12865723216803587	0.038742128955849255	0.0453700779851994	-0.03814238460362498	0.06280883668215409	0.08870570007596594	-0.01357702318682798	-0.015437189822825726	-0.04798663566658154	-0.0239429454769214	0.05722447003333733	0.07970670270655847	-0.02944067604824058	0.11947409410964437	-0.02818855120950688	-0.07245236076746131	-0.007205503405471898	-0.07999029736183061	-0.07643296738677377	0.00328629615984935	0.09708854293527033	-0.08194510899929575	-0.09383542518853394	-0.009372085325290729	0.055879121383759854
-0.048250860624904156	-0.09135188951212105	-0.0026046657540635962	-0.06252953533377244	-0.039421671703714606	0.03862869141733553	-0.019010601219534996	0.04021305478215691	0.08360660379276082	0.04312779413297214	0.06725547842178274	0.04303677316183132	-0.1049954897782914	-0.011867706493850121	0.002789890184286567	0.07391738489630674	0.06038960401948763	-0.02404873559965026	-0.0023863264455300497	0.022916023117270624	0.08646368239305247	0.001489314423657813	0.015093497143588756	0.09123286971875509	-0.0018750555914554545	0.08073499556217628	-0.07581726635342145	-0.1921397590226503	-0.08258717812326252	-0.04198243546284415	-0.062487031667354136	-0.05676224000386724	0.11861901614221307	0.009568139528149847
-0.04225541677338407	-0.1296481732766895	0.011886995639861304	-0.10304102656957587	-0.117389311639468	0.01853461664853293	-0.07272278910189343	-0.019760191900243692	0.09705251759085588	0.08801962965611808	-0.023630796483684328	-0.034940509742381366	0.006461463904964816	-0.0032004425488677225	0.0040437938708446875	0.018450976884814608	-0.005103080528846973	-0.03397165106435574	-0.0520199491482924	0.12951851278946036	0.0816155376790916	0.11775129605029055	0.04097478229497916	-0.019939813832490022	0.006977265175568247	0.026108714356499904	-0.017834879216563897	-0.14490413575607422	0.014466384292330096	0.0691428253931381	-0.08078208389216027	-0.09793498109120491	0.01912732601727791	0.01214215440639007
-0.04932978824378048	-0.09000914070763605	-0.02158728690908472	-0.1573648453035687	0.053430276271366456	-0.022582059353106844	-0.13055346900121706	-0.02596516107138159	0.08987646896948469	0.005324151892110546	-0.09065528651074053	-0.024032778043394452	0.010683517301478436	0.030667954942645986	-0.025233781958998325	0.04815608186369238	0.0321316894906469	0.013311109584567864	-0.03799614189091491	0.10876250088331646	0.08713872500502391	0.026039405298559037	0.002105262166144129	-0.07070257542339559	0.012366126210364072	0.020508271707689228	-0.07759095628856842	-0.04130390643623451	0.05430433554641565	-0.010659915232843084	-0.030344164230626906	-0.053199416174044965	0.01019356220005754	-0.03581769674348391
-0.0637472716716039	-0.06235699510363119	-0.022959198029088735	-0.02404980866235094	-0.012887347889209016	-0.015911019066585652	-0.07216150957265645	0.0043370558270452225	0.08798260405262422	-0.011945232404049126	-0.06875950149051248	0.08696638743972758	-0.030770292934930527	0.05749103963483423	0.005612981756389956	0.0515047389828904	-0.03063714768070516	0.07608828667688637	-0.06840853108094709	0.005166292205891432	0.10549196917955125	-0.04202157350500919	0.004454724717945089	-0.16464837996040388	0.009726587394929403	0.04154232220187811	-0.13219417692703322	0.01938747788238832	0.11910547135574195	0.002662145234854557	-0.00710057817166606	-0.057767535743358966	0.012095733019614696	0.005921096032276571
-0.06388516376836995	-0.10631763094091377	0.01672117922376846	-0.0023606814813160355	-0.08217147587629106	-0.027896871636597514	-0.05737487383284079	0.023565841854025906	0.021119655586995502	-0.09018796111883366	-0.07677726258342756	0.011585667266862556	-0.024918200728958822	0.02629672113465805	0.019701243260423284	-0.011250115480363613	-0.0007228935249294306	0.04882880161841939	0.0412202078907963	-0.034307141191668465	0.09567315416035321	-0.02454555285530053	-0.08543651508747632	-0.12538771949736746	0.00321665364513727	-0.06299301090082186	-0.11208528984192041	0.026903307038455292	0.06467425558274204	0.06563388416256721	-0.020033896038275455	-0.015662096400181322	-0.029888474467703895	-0.04147119829788275
-0.0649823351747552	-0.08709189333623424	-0.007194474853711144	-0.009643607162321545	0.028574129014188196	-0.03832240777580816	-0.06892199086147474	0.024099073394152074	0.016997604113836697	-0.1491306099720451	-0.0919233801549888	0.029656957261622766	0.006257447271144468	-0.0017910951024507778	-0.04365073335084887	-0.03968767943633399	0.005450264758773608	0.05247631011343373	0.06268144909628205	-0.1116421304120397	0.10464754411238009	0.018542022341811442	-0.09548115502086325	-0.01834147629756311	0.11504733011880491	-0.0663292313788485	-0.010766261731531758	-0.07362314888581252	0.03857078368631072	0.07818142446996099	-0.02166046128621683	-0.028999277386200263	0.02825315798855118	0.06126771357516558
-0.07044224670753453	-0.07651999269086482	-0.007671279759635338	0.10048499218582455	0.06849012363983535	-0.012553789026316558	-0.015122685730653994	-0.0051088722980197855	0.07838365093257559	-0.11885561916611359	-0.11335970899726432	0.10270610228350231	-0.03853705965313234	-0.01042166289336381	0.03533124927720102	-0.035117580530740225	-0.03178833782710771	0.04611556315354541	-0.006442762397123288	-0.05858671807833796	0.05355272645268798	0.003495335741612666	-0.0674430203998551	-0.009836888007030673	0.15802983100789797	-0.06331627845003229	-0.041147644996375084	-0.02823077655383264	0.02189412320493268	0.022080806973918822	-0.0029170886175787086	0.014137700879582153	-0.04268796831042837	0.010851289666003808
-0.0706300833618284	-0.0959265938419488	0.014277211827019866	0.09069932506142327	-0.06531567556185236	0.07045634295982671	0.017624887264174726	0.03889767456565382	0.062455761578198835	-0.10330928739946292	-0.08180415338184838	0.07767579430137336	-0.045510383849156615	0.11107819989399408	-0.025818113362005343	-0.05070803910433755	0.05800307298706978	-0.018887235898667778	0.04093710009161686	-0.014364367289683308	-0.03202463293086621	-0.016384025459867856	-0.029183631627004242	-0.0021656987618211727	0.10412272962105806	-0.037905240205203514	0.031518943493093164	0.06385699718903651	-0.015685696704901272	0.09252675931066157	-0.08146970023032929	0.06442105619477419	-0.017519931852484676	-0.008438277421696845
-0.07124876291106062	-0.10729463890916079	-0.009339572797001783	-0.046994700581322546	0.09685439150419344	-0.01656695584308165	0.029277942644920594	0.06867513750067418	0.08418506044105381	-8.272694286104859e-05	-0.17302497528760624	0.06208642126776102	-0.016014832406483093	0.07702615677324862	-0.04417489786245967	-0.043958882958798226	0.03592288244868429	0.05103585263205584	0.006919843043572372	-0.009357091179006306	-0.01563289318572804	0.04808057504786472	-0.03480980015924103	0.10376441346607616	0.1322141459340378	0.03725959043121643	-0.01170509579847077	0.07166085498255022	-0.01702791642234002	-0.013867806344959245	0.08140834324019422	0.09209629899346192	0.13462504772520256	0.004839536427513873
-0.0690729379368078	-0.05757349491062054	-0.032526084274033445	0.07910295348918596	0.08160964991213968	0.1072227400074089	-0.054655675294130845	-0.011897921381399262	0.12152912312591059	0.014279643565479833	-0.05940264593901152	0.07217284394378083	-0.09999980369693474	-0.04585951242586915	0.019382501334409906	0.02728354547580618	0.02949372549187892	0.018745959488137644	0.08727405496299158	-0.0580955600678736	-0.06994716483690497	-0.0009478822897188762	0.06529135981409642	-0.02558647691291433	0.06884780089217285	0.04793721445292805	-0.031496269965027204	0.07951057802662521	0.005956789145918523	-0.005129142475825169	0.05412091693013195	0.038526949043511276	0.04775491168894703	0.11029403951627581
-0.07558606596687611	-0.09827865956939359	0.005254821938554235	0.05079808431176775	-0.07173027984360383	0.14795787868167673	-0.03687707789732907	0.034666497133090494	0.11101865427803326	0.043385690482457544	-0.032512844881154426	-0.01028521330760905	-0.09448210762799493	0.007243504237666754	-0.0699863839942491	0.036379806243181684	0.04425011255328248	0.023297644764648556	0.022702753218560905	-0.023146228394508982	-0.06807646164997852	-0.026660978205771665	-0.02563257242430923	-0.05380942739862424	0.08557598310843471	-0.0021153495517051276	0.016683472352996075	0.012686838387333432	0.1053044690151194	0.06936443074931359	0.05093680375090542	0.04847018096639539	0.0015581839964538685	-0.017821681929115228
-0.07846657197523009	-0.06859345891849265	-0.041148701086843605	-0.08460177292590787	0.043836061438167026	-0.002997636586660302	0.018822281659746243	0.12937939043269836	0.020159287599844564	-0.059854668451616175	-0.0019005383685366062	-0.0015223969163084292	-0.11900864233894605	-0.06871469894434916	-0.04870328059175025	0.06830618495868218	0.12393217133906403	0.08064045046608347	-0.10204152282625144	0.042357871170505296	-0.0013910802012538706	0.0004248070337492891	-0.11665602941396022	-0.06921256755872641	-0.011539818627409618	-0.028996189598229666	0.05619080923299505	0.09146588250906054	0.033489073319123784	-0.01481952055231546	0.042776077660949034	0.06753406750095034	-0.0410811332040365	0.012924159652569506
-0.07844867992142059	-0.055011099010332784	-0.04940394247893291	0.04276626869573885	-0.024805954274773716	-0.031152003453130253	-0.038748630056443197	0.10817681834182555	-0.019888739225435034	-0.128804616481639	0.016187177536133232	0.06667310861189425	-0.07747404951321754	-0.08568180228015883	0.07929283858726383	0.09641058729716255	0.07821324477477054	-0.01980775704248252	0.04525915894407052	0.04923371506408116	-0.11336874601214654	0.017586143365311654	0.02906606266503401	-0.078777699831693	-0.05905089720338978	-0.0004058388905084972	0.013932770578149224	0.014321635826268	-0.05629447936269035	-0.007935387447818965	0.019267123753603788	0.04120107546804501	-0.03600123344842198	0.07852002454465633
-0.08102366803732812	-0.08810171571429941	-0.025931033640791027	0.02618132006037133	-0.01203713573486977	-0.1119211080063103	0.007137986175684202	0.1904518226975153	-0.033423641341054855	-0.07798721355094822	-0.03389423962832683	0.047912022019121966	-0.039856158382135826	-0.056738741682619026	0.09164178449968374	0.09830917419582126	0.028228880945919205	-0.030946116419031777	0.08426307535867476	0.021559165117627586	-0.08604880030873716	0.03315867973274714	0.05110410278656928	-0.05052105910285172	-0.0024044448119486528	0.023505733226376085	-0.009070169825536722	-0.10241562383034353	-0.009367908982013732	0.01703718485279631	0.0012500375921250693	0.024153485391285732	0.030047616906562404	-0.015815956691012788
-0.0861984612152123	-0.057549470032957566	-0.047851907677807226	0.07078741362707984	-0.011658849055936261	-0.10678669541073764	-0.1382139394940672	0.11206887521985423	-0.051784665801033726	-0.09702966198111014	-0.052184387874162436	0.022280191172641867	-0.029929786757613843	-0.006592752582454784	0.04115237225620585	0.04505707386651993	0.02929613866008953	0.006347012489821724	-0.0869646821083451	0.03474562385288244	-0.0751944105346467	0.013817327081365686	-0.006489004518164775	0.06929496198489346	0.03175844621913958	0.06460590502661667	0.03038957290300888	-0.13351923303448401	0.07626155063870685	0.09224158836461825	-0.033898173812345375	0.01731848610204023	-0.007702217136427977	-0.0459793692377409
-0.08572331448588975	-0.06613237633149076	-0.04694814521713973	0.07075423546901764	0.0546128675212971	-0.11306688758376132	-0.09470186238360222	0.16709986957776307	0.024807292267937403	0.021403346184548935	-0.0741600630640539	0.02552826967351408	-0.03273870677636605	-0.009217294038060951	0.005071454483086631	0.07599341309384582	-0.00026849653244838466	0.010538443827814954	-0.05236166514213998	0.06345148418120568	0.016127334905222706	0.05768398277651337	0.11080336034175538	0.07181670951080926	-0.10113813021162123	0.0494064603990418	0.0012882244209472676	-0.03327320646803635	0.04133905164020305	-0.02666992855495033	-0.07516872352947182	0.0005019144038744851	0.07298369575401663	-0.007113995529343974
-0.08563003622771503	-0.08954264000936414	-0.01623767309573198	0.15463571964964878	-0.03778056577363072	0.0056190762934100105	-0.15486938299970912	0.13688447416921315	0.04376482735650658	0.006985537521290403	0.02644600814107406	-0.06547859592963506	-0.025521634347794447	-0.02868877888708544	0.022258379912501503	0.06986735110706209	-0.02109715187079914	-0.03655101503490459	0.03403899581346396	-0.02738701756269493	-0.027326602507062033	0.02282545330056033	0.1627845151321913	-0.007749431327059825	-0.12802404078182536	0.06250731465318121	0.059159517909925005	-0.061360933545955794	0.07711527936055602	0.055203165038464216	-0.08343944633099924	0.024338064790045758	-0.004728948843782405	-0.026087564174664096
-0.07836605635274181	-0.05622478271953521	-0.04532670619766849	-0.006601985302024779	0.06322350387649923	-0.025566699807214165	-0.011127857455526297	0.1843875067505056	0.045371996272044225	-0.07023034129170634	0.061665371673000985	-0.03180501150496828	0.01254630487799751	-0.015163678969552197	-0.06847996881216026	0.0009704529859644455	0.049059996796495114	-0.007658435086104368	-0.13847736010173578	0.016554288161365376	0.08469220109122635	0.026168152124573848	-0.006513659758180636	0.017898336444588332	-0.07751292223907762	0.03198876776151084	0.09119326812737096	0.015382461236660953	0.07540114007955909	-0.06152227984548103	-0.08195707142085536	0.10970900128093948	-0.04392707742981191	-0.05708589234311819
-0.08221760196126403	-0.056538351430922285	-0.03965852398796647	0.08619076338291333	0.008673916814260206	0.034385393827459934	-0.006205220156352194	0.08670364135790377	0.06096745089084977	-0.15907799816812646	0.02068264277107486	0.05910466174202815	0.03761730365889154	0.05981576087144687	-0.013866204064421846	-0.007986010297618643	0.022266757775742104	-0.09320899704244212	0.09365422675504277	0.0678895527627036	-0.00524707725767044	0.01173505651174988	0.07173214770558979	0.019804249418716464	0.017674494983361124	0.04142300690019384	0.03372151686035423	0.1020825068110817	-0.021728139572444932	-0.0614065530488733	-0.05032413581084363	0.04199612169627697	-0.13474207891084358	-9.593664833655591e-05
-0.07919203396804098	-0.08961851396571431	-0.025392032265994055	-0.0003210581489650819	0.022652558404644408	-0.023898935728599358	0.11029833869139036	0.13315114633245717	0.08598489981671611	-0.06226827752765147	-0.0699719679999179	0.05560465218598641	0.08878355544207116	0.07001689817071881	-0.0001479159302776978	-0.03992475462125991	-0.04824772393299947	-0.08039887792080355	0.15918532247747355	0.0060724312111679665	0.014190425724014855	0.04342973559981167	-0.05727622136316178	-0.012581334884276759	0.09312014171917368	0.049718868062562586	-0.05180443456785854	-0.024189077756068253	0.04683549046257185	-0.09556587442290493	0.12291843718958936	-0.0394196217499152	0.014355130387441364	-0.07261390196561311
-0.08547959405744497	-0.02459922112439428	-0.07733398219333441	0.07620576580230798	0.07108662863303439	-0.01688100413145833	-0.08113854531053258	0.02218229472569151	0.07787560005366227	-0.02649957396456076	-0.04844858933815785	0.08344357253502668	0.04115853012285781	0.012567783954635174	-6.186791562842994e-05	0.0050789576434795035	-0.02277536094063934	-0.007037041720358129	-0.008145640992316086	0.09839031873187765	0.06835646021205358	-0.009083089691200252	-0.13467249403310919	0.06742731882580909	-0.015050891981508017	0.027849024015920692	-0.055473422544224854	0.09441256563803314	0.02689190611474549	0.037789540224169596	0.08327013203262662	-0.08545542908431443	-0.060648256413034854	0.04913815706045349
-0.08549711611337354	-0.049299240446208724	-0.04736900344744313	0.08824823497387758	-0.06042028337154176	0.019283970347028473	-0.03881171698417866	0.07647161252985415	0.10060646559164704	0.07245173375178864	-0.02068736607429005	0.07211754042442928	0.09506516400397585	0.011787043325747867	-0.0401413254138394	0.023133772184292828	-0.04789651981067257	-0.05451473477974847	-0.02406593889170601	0.05084423162340963	0.12167980936204456	-0.06862788450125112	-0.09488301262211733	-0.0028501720468976357	0.00017309208604154164	0.026534887950868717	0.04066699028718007	0.13153644865220362	0.03783911953931434	0.09889933626735556	-0.040642802962731275	0.004417601825298104	-0.05652724034338041	0.11712840554741288
-0.0832349999505121	-0.018369432653752436	-0.08768942111319607	-0.03298481107089099	0.014500786315976809	6.130956223949465e-05	-0.08939677599935349	0.05439122189479931	0.08002961138620265	0.07051263180353413	-0.010751061132276045	-0.023543960715537382	0.11128293943136745	-0.05543495064809196	-0.10141042166335901	0.035456710920404526	0.03565348130020022	-0.034937803267677356	0.10934666304429591	0.036695563311954935	0.0838364017066682	-0.10982618399611153	-0.11264070563010384	0.040830463781344126	-0.04709731560760319	-0.052510470983829494	0.03650774945338768	0.06741557813938548	0.01399629688986137	-0.0015597506689915615	0.011069025936600911	0.09661165735678773	-0.042178946993172976	0.15386673327617562
-0.08788909113168673	-0.028443419133159516	-0.06254803104313665	0.05258551545460704	-0.01638499602773638	0.03286334586735283	-0.1275808859862511	0.08640418909819643	0.07558397154409073	0.014680194476272855	0.0389729216982186	-0.09801216117769933	0.02937566388528746	-0.02530967679864986	-0.031167965152689353	0.037364493173425134	-0.039684799655634706	-0.03122255859171154	0.11416899595658707	-0.01077362697082758	0.061879091636713186	-0.1465039374975795	-0.1536656830734559	-0.06644069651244962	0.01752745715091311	0.0298081240646003	0.032734682987440644	0.04418051126049802	-0.00973651740855808	0.02022589060124251	0.017286331237193406	0.09450585570962655	-0.06651382307742253	0.045877465056632274
-0.09114305714832607	0.01255009689130715	-0.04655513663026946	0.051778386846538633	0.03967047677255624	-0.05566470253196215	-0.05540956305245376	0.10424768604488413	0.10354655029569085	0.02157266199523117	0.11141026669984944	-0.09376690197656587	-0.02642517176191217	-0.03603522169750065	-0.08525108603369014	0.047823926075914264	-0.026948300404834622	0.03878082644945483	0.0962919208217126	0.02989602558207497	0.0312291275494892	-0.15561597683121958	-0.1834608160998609	0.02594920362272401	-0.025822843076029237	0.06533181054034246	0.025991900410962915	-0.002638891374657506	-0.1402320003301098	-0.05708183026853225	-0.07862054945268934	-0.00285953098972902	0.11357109857159536	0.04280238338580841
-0.07345118077519906	0.08166597862770349	0.035114657432009866	0.06590395325103413	-0.04625970255674369	-0.2064179791261403	0.02097339255854942	-0.019393763722615674	0.17658773703197375	0.06333167727703395	0.12365510361916517	-0.0860256512613353	-0.0018510209859787978	0.0037103891489756297	-0.19112259033746273	0.09154794838767087	-0.08811462387937322	0.0532727452753502	0.019990719845745394	0.11187950310322134	-0.048257042670085674	-0.05414817396654706	0.0068350385525510204	-0.04798297721222323	0.01490970292329951	-0.07702650645731064	0.03541170939678141	-0.13872293641147138	-0.08408830231080158	0.003237446907608566	0.032543072055732744	-0.05770096656038154	0.01566334136039975	-0.022020281372287516
-0.07751592597123444	0.10867060741949731	0.01046137303390674	0.039419028582919464	-0.04025916508217027	-0.21074662519222867	-0.024257795808661817	-0.0743335035851038	0.08960748811225197	-0.053424825275469684	0.10163451585659015	-0.08508232890538943	0.03454603940053348	0.06506256742472016	-0.19609182205957573	-0.012487902141685738	-0.044071371750682195	0.09801567107988517	-0.007781590156791383	0.024881307664436775	-0.10006280463580527	-0.09204865981747754	0.009878218810276885	-0.003735395031071932	0.0985049345815083	-0.1380383536438454	0.0022517236171934463	-0.10519407421830931	-0.030256950503381605	0.021418663234608434	-0.0015100008277033616	-0.03424424803806077	-0.037655558462376976	0.01466575337878025
-0.0835264629116443	0.09141988532766872	0.016926295523576603	0.042596035915048486	0.042849434600104555	-0.23232250209089372	0.04826535005359869	0.0041009237277633975	0.11201798071469464	-0.038507362396472934	0.042571745574138724	-0.048819184102420025	-0.002048494276353063	0.09762979727132054	-0.08767415819831574	0.004037186992532088	-0.13652410353774366	0.07846309476522392	-0.021566187111044723	-0.022593048211500946	-0.11908436930231421	-0.08355187171064324	0.01449982955174483	0.011354037128417127	0.08380505618487424	-0.08439547843541978	0.0027265507623457376	-0.08454236711693319	-0.049201987464646824	-0.009174705979590048	0.07513014571859607	-0.05249887188617665	-0.015018552031459888	-0.006110628872881446
-0.0838836029521396	0.11011280551945857	0.013908659668625097	0.11685552067045046	-0.017247290183129635	-0.1322312807838754	0.0029280581586945535	-0.08725965869282062	0.09386748483891734	-0.07925847006526437	0.04724633229097451	-0.038159996806946955	0.042840217395488864	0.13447615838289606	-0.10704588169845264	-0.060082163437626554	-0.08869705909471799	0.08595410531914476	-0.050647315874058955	-0.015786819249028375	-0.1060399428818827	-0.07668970846832367	0.09832996635775662	0.0412254989103703	0.04875541279978612	-0.0691248037067202	0.03175089490364157	-0.056977414987214904	0.005266889055815613	-0.011294372609256876	-0.033601620509872594	-0.007096452050552917	-0.0309311289802571	0.003462715663925857
-0.08539290400868023	0.07608402459408503	0.02749670746749784	0.03934789379052012	0.02914051697230623	-0.14034526607624537	0.13348572158328229	-0.0045054465940475245	0.1811259830991691	0.046417093809542204	-0.03592570545958021	-0.009479558616778317	-0.010034236585578822	0.12046128447129063	-0.13480614422649773	-0.03620165876319597	-0.1241361754772986	0.09277962595898845	-0.054764721448694854	0.006222546704930582	-0.05590195343518439	0.01523068206459883	0.07664831841778386	0.04644602291900178	-0.04464524599328466	-0.036884902835922585	-0.06196530517301935	0.062166693010863625	-0.0660566713087707	-0.08349487936194797	0.03040019778333438	0.025068513353882438	0.03405861006609889	-0.011309556478576718
-0.08829575474307169	0.09284094145512826	-0.00012891464873078867	0.08024971456791435	0.004808155015484928	-0.05401383684530362	0.022365152652625456	-0.08904165255482226	0.12169501662895901	0.03668674356974445	-0.026777493687711686	-0.04962584109579495	-0.059001794880513075	0.07853845491176738	-0.09676443583996672	-0.0044153951393128416	0.017271819330656052	0.11819499196327335	0.01180552632620667	0.08605925875563078	-0.043196457438897135	0.05789214641870775	0.11608241617960988	-0.003990849692842396	-0.0987252329635427	-0.05671993054055097	-0.01105947967927446	0.05375195580757112	-0.016191120422758613	-0.053828808875605434	0.004537350338916347	0.014701682551854816	0.01966663402821167	0.032463943720439044
-0.07359426801084702	-0.10128256306940096	0.11657317961879918	0.1470717412174019	0.017739032778681385	-0.02556112444129552	-0.0074641184774248215	-0.12263542631803868	-0.02794701471214855	0.05945160688991525	-0.013850594926863448	0.03429171011208805	-0.06843204267553457	-0.02694385755890669	-0.2223141348859991	0.052299948877105894	0.054374480544090914	0.06720038074252921	0.009958197148634227	-0.0807582158506331	-0.01946490816402121	0.21066265096905942	-0.00046318962340935466	-0.06318091507939202	-0.17787658523173136	-0.017021918992559646	0.012958255055064254	0.1615999739075796	-0.026575215380174856	-0.06064204510828798	-0.14998616167136725	0.05243441801186027	0.04939793648862817	0.06025745570912357
-0.039434467459838224	-0.13541057961240097	0.08363038674284108	0.002913324146444866	0.11382339044793136	-0.09079435624981012	0.15865341864224095	-0.027037704580472468	-0.012633017077374688	0.07329319017496574	0.1220090477385345	-0.01691455090986134	-0.026649619005473257	-0.0032404007834118042	0.03529006917915636	-0.09732727932761855	0.013531244062790472	0.0025538985641984507	-0.06205361082176499	-0.10087782913481341	-0.07154270262463827	0.292077330065562	-0.026939700475369643	-0.06641782564233809	-0.003623730784954815	-0.08357423788799345	0.12844398698266352	-0.016254898854525954	0.05212901194924204	0.06874103258859168	0.010871214853704944	0.2955521188136304	-0.08900023776341348	-0.13388171332023932
-0.0664380661199558	0.034227487110848054	-0.02504757392079298	0.048025371587067274	0.13896628864817961	0.02354610980123853	0.06542129840719314	-0.09802133806145294	-0.0017859846110233409	-0.08706059140955617	0.03741262355291669	0.13600662977710992	0.06159268962529408	0.15925409339210217	0.06781342916827866	-0.07264368138072128	0.013020430528629223	-0.10898676401323087	-0.06801300582287301	-0.057000520005288415	-0.10609297817542034	0.001512907596537702	0.013975143865778725	-0.08109272507870963	-0.0033293465327957072	0.05684960214439083	0.11537919957600601	-0.11496467327350662	-0.006893657193634356	0.15288179828259715	-0.0005257595814668614	0.0982878611754856	0.08473381180596043	0.02051399657851749
-0.07483542629926714	0.03446004576254429	-0.014828281670773826	0.048180811321485495	-0.033499876061584125	0.014591586926799679	0.10391359702808305	-0.058280203042908534	0.008972697559539191	0.022477415896415536	-0.00758830506997591	0.1354444913057498	0.0218557488574811	0.09188635725873401	0.015026524951646112	-0.027544410106423056	0.09855375577725979	-0.02032220759607216	-0.08737085649452853	-0.08180110573394353	-0.04247111996575355	-0.002567634160728728	-0.06804437721210929	0.00579059736304018	0.02873438305316714	0.09646233933825313	-0.029861790142122608	0.008413021345111862	-0.04300080574836315	-0.0714024007246199	-0.022144562736382815	0.10728517922566627	0.01966569385617921	0.015437016827206291
-0.07720687058690459	-0.01860326824936706	5.467434288203949e-05	-0.029728080269077587	-0.03899961790014017	-0.03026503367638818	0.054737423836549344	0.012384864153290364	0.052882917848071	0.11341554757901773	-0.05524465921752989	-0.002779367284784942	-0.07175280618447308	0.03737822503352852	0.0029752909358410355	0.009502286747985525	0.025670344365548162	-0.10073398742629361	-0.049092032137971794	0.018254660721221568	-0.08341417121679864	0.09060662170404954	-0.022476932629672278	0.058975894724025896	-0.0952104321470424	0.021046368295396616	-0.11459703978842199	0.1038753261932011	-0.13501785084925044	-0.053620463364158405	0.005643301442411736	0.09951903846874317	-0.0853632289780485	0.06717654223556141
-0.0764506778726435	0.04700478617427027	-0.04193792201620103	-0.0601854009102988	0.030153697873231775	0.05780238833132046	0.0029178130072996245	-0.03709727845294733	-0.004204734815311107	-0.006122963464650673	0.06710270654030537	-0.07166171977013676	-0.06258521376692014	-0.011530608930198276	0.046530421423439904	-0.08280045932889331	0.034308549226638216	-0.00803202978066922	-0.06290107676899051	-0.0459250879642666	-0.11500296373471056	-0.0340633606922989	0.04038776237847611	0.029970668451734524	-0.09459283982156177	0.15539040739260307	-0.05730753302522677	-0.03463233226675407	-0.025569595265859488	-0.07243733740138916	-0.08358635834849211	-0.027141935613765857	-0.02906829557477354	-0.006920654899602311
-0.07387083981485222	0.009930297742770565	-0.009817805967732574	-0.03299184983026191	-0.11345959197442768	0.09254509341614639	0.005603033302576626	-0.030301096042222142	0.02122995022466291	-0.037685112545079114	0.11875778420816646	-0.0009314501136733115	-0.021706814923873614	-0.018337405914909267	0.012233612221313854	-0.0131558893533794	0.05010234702206264	-0.04049708075560893	-0.10281954995115115	0.09321135390839226	-0.09774777969130966	-0.013993878383243723	0.0652897645367311	0.13290872642734775	0.026210149649949485	0.10468933438398871	-0.00877841703541474	0.03661073724613096	0.03245054272472434	-0.0654410292133077	-0.04866812441412624	-0.01964335190794784	-0.0585480839172514	-0.03436856425410254
-0.06518520498575432	-0.02114299964222256	-0.017652719437620916	-0.20954220875515167	0.005454801488466526	-0.05030328143005255	0.14739576184554415	0.02873124822435279	0.04457862187796394	-0.0069094915391996236	-0.012454064761787263	0.0487717055324128	0.08439457580684409	-0.012683718740795734	-0.02093042802389922	0.019011840871468472	0.027533806363193143	-0.028378649600004476	0.07408756991360307	-0.0300121517120642	-0.15452700752383333	0.0953391385222222	0.003142624212573249	0.017055633034577064	-0.016090206694948907	0.08266448273902456	-0.03106265098836699	-0.06839689253618214	0.033178527060896766	-0.06570811024835516	0.13021173906428468	-0.0836062890889494	0.04246656138575662	0.03719544998973032
-0.059956077726584726	0.06758290722640767	-0.07251812906026765	-0.023320837476770644	0.03260762003319768	-0.004614474414432281	-0.06301103606840865	-0.1222801595201039	0.016137626629419796	0.04463542132730855	0.04124499669723517	0.05863852243811307	0.017032591592473164	-0.06775942762596422	0.1602643038928746	0.01090210881451895	0.004924232448405138	-0.05848285373867844	-0.02752868281884333	0.11054439015492576	-0.09846559630917451	0.04695337012733556	-0.020356802056483374	0.05268374116926132	-0.08406664674422903	-0.038626667376759335	-0.08640525138533439	0.03530686928509641	-0.009826450376711877	0.04208984592108221	0.07407471023576423	-0.034589741658510434	0.059903510020240816	0.04867787098119579
-0.06381328565027224	0.005454233058518717	-0.014500317643842556	-0.038906562088189045	-0.0711072936726083	0.04837001125784665	0.035919938918604385	0.03363673602613469	0.09836017779886932	0.06431543419240865	0.11844523987930974	-0.024773157367780154	0.01697814175493417	-0.020884745897568308	0.09149730045794989	-0.01315723808615732	-0.0757132241408402	-0.0798512149670608	-0.09013539031169525	-0.08044930681047327	-0.12222696260619471	0.02598016897267048	-0.020152229474653865	0.00022255358055605322	-0.05931126855307492	0.04766889945061517	-0.04488230911432359	-0.02625701464789618	0.0017934971375610717	0.11472778300384992	0.006999237166153133	-0.05276178609658205	-0.09276367218172205	0.06592520043866883
-0.0704380751319223	0.04791335204918887	-0.053542047826749796	-0.1304202721300092	0.016552605946397392	0.05861402128354799	0.040074308689060596	-0.058437173363658924	0.04680872381678969	-0.09662723173575416	0.035962741130427946	0.019621592835412253	0.12947945160175153	-0.034454191610224054	0.014559600431230082	-0.03206548889137737	0.02830411217442451	0.003863635169480281	0.030213338820548684	0.03219686934484259	-0.033306611518983044	-0.020668053658328994	0.01079407321817289	-0.06642295388617535	-0.15809753139265037	-0.040080427917103575	0.05261963321514544	0.00976555538725269	-0.026048895832332716	0.15271454610465315	0.05881785101860839	-0.017986151374444353	0.0016834335880183352	-0.03966917339006898
-0.07357114294740785	0.05510293744069436	-0.04774957671279947	-0.04234685380711562	-0.03792677153341276	0.04189759865925064	0.03863329932579909	-0.09388437593526366	0.05119322788750083	-0.01218866660079503	-0.02903292580444214	0.07598406795006543	0.08326693084727191	-0.052644027174419517	0.09821265682639409	-0.0251337875097678	-0.006163878556660723	0.0860684006624009	-0.06613129778169606	-0.05265388431367667	0.03468967388812784	-0.07548137544890529	-0.022138721510558228	-0.013722807637772087	-0.045586828262032864	0.029304958514591237	-0.022571713786526983	0.0031030530226638375	-0.10511166642392657	0.08840618281700549	0.04114467251682369	0.00601582032384133	0.1009993211989951	-0.16792298991192917
-0.07368577471588642	-0.008113011789185377	-0.013679607060975534	-0.06271021023457392	-0.09779234518647303	0.07898542413076742	0.018752113619625768	-0.04066073374169145	0.12720325321615933	0.09220306966729855	-0.030792382036655925	-0.020994392319723894	0.04129283594990952	-0.04022145038758671	-0.00999816287356412	0.02652061848629504	-0.012881598323145666	-0.030236899966848932	-0.027272985123332268	0.008155971248835605	-0.0024314589697132863	-0.026876675528422624	0.029124440546572497	-0.011637229469499844	-0.11721551149734034	-0.037566112364047444	-0.09046868249510143	0.0998773742295571	-0.18947961411435682	0.06811055867258321	0.011746704504829591	0.0682435778635258	0.005216197943821849	-0.09801409001181452
-0.06942672745692786	0.0501505592252106	-0.050830005060716145	-0.09334365607015725	0.04606716467620845	0.047695031832215094	-0.03554746503567651	-0.0201001697311511	0.04870854713298633	0.011683046240197193	0.029502829704515655	-0.07676996340744408	-0.02154055691615616	-0.100853128712459	0.06173829846222351	0.05552326370645888	0.08025536021201055	0.11512350300581262	-0.061087583617184166	-0.01688494063721268	-0.017508646010805512	-0.0947540970780895	-0.0442137158261275	-0.03099398396260922	-0.15726171246538964	0.07056797050212231	8.862583368071664e-05	0.059202910150533646	-0.1592097760695319	0.01916539615338188	0.05943259767354672	-0.02678064834071083	0.05829500914340222	-0.22650779651831793
-0.06545215478395422	0.0513158223651412	-0.04710449573631121	-0.01494335686253305	-0.09323965138127274	-0.01579850110848517	-0.013197623423316223	-0.0069774977966142425	-0.0003862215499526051	0.09681437302428623	0.04313096697185607	0.047558776279393464	0.06612589765260957	-0.10048859245984386	0.053238542372571404	0.12529766287779975	0.12028502102545195	0.11258822151276807	-0.08328087880068691	0.05117268179695564	-0.026351581434853	0.0013865884943729838	0.05024940767783814	-0.04640529798675665	-0.034027988902570805	0.044398109123824844	0.06318636752855879	-0.04904248529375725	0.03942048767933612	0.007885508755550406	0.04936205211591083	-0.04540432210209429	0.0014358131925392217	-0.16175695031107545
-0.05897163625773553	0.015193935564252045	-0.03220885717485439	-0.12072476215502913	-0.07928526462795225	-0.10182845127383292	0.03474465833147088	0.08784310583662351	-0.018313864203698873	0.06379177324721909	0.008212742829701575	0.034163547719187067	0.13793424238315577	-0.06290466824975573	0.06989808722174962	0.07571280025532431	-0.0038811435590178833	0.04244279876939038	-0.08055382540932972	-0.08426828828523206	-0.10835292055789549	0.006280483654653401	0.05708600238865101	-0.018207621303711823	0.015786309795256546	0.03376263821189972	0.016504386202312014	-0.052330333215719435	0.011894633240338941	0.006723481157482412	0.04303367125052618	0.08525244557066639	-0.03117654122791305	0.026367474386612043
-0.06295964487876422	0.06680170380635832	-0.07202103257516806	-0.08050107182330737	0.01642573718271126	-0.04047436016582118	-0.10688022580920789	-0.07862222219365585	-0.036688882264398426	-0.04595376468308454	-0.00999576794029474	-0.01701194052553087	0.18080262915861042	-0.0654731844771459	0.10470337269947928	0.004255028929133435	-0.012269169489900773	0.04652193648326233	-0.10266839980108429	0.04586846311938244	-0.05066177521575279	-0.05036324955597966	0.052543586350870516	-0.011370370965148636	0.02757428905898266	-0.004905757077877375	0.01876533441705655	-0.09298850317062196	0.0945153213619936	-0.05848702779145459	0.03311809666380531	0.045171349348394375	-0.008237644684335	0.03324160834257677
-0.06874005122880052	0.03658597838875737	-0.02843147703870418	0.034588421106567	-0.10929896070493401	-0.007541678177378695	-0.06970409966652104	-0.014549610599413319	-0.027593702241247745	-0.05648382688174541	0.01452227891523648	0.02361398756952216	0.1514041515198763	-0.04263958328448264	0.10946774915759931	0.033441081505580006	-0.024196317703827835	0.012027607213907499	-0.07538381651335645	-0.04819712336085288	-0.008896717747820596	-0.10568283184236858	0.01434387482480875	-0.08621501306021538	-0.005022885842815364	-0.0042931253224902195	0.038618798626505316	-0.026601117191522625	0.010466637397143742	-0.18329737216646982	-0.08256472733075676	0.13978660496405435	-0.07698753980567727	0.01306794102030625
-0.06921058427310395	0.06323798575836664	-0.062142380428737175	-0.042981329090857404	-0.005592278968531899	-0.09723563271613091	8.895228823285005e-05	0.02868911865622229	-0.08241128052855422	-0.05978244653377777	0.021512614185035344	0.032214100641171695	0.06603887473806051	-0.049522655479533884	0.08792781636488906	0.006246514058575471	0.07138517301736692	0.055956889103271984	0.043926197992759035	-0.11646500594684353	-0.031139411587824344	-0.060562773760204955	-0.08653012762714504	0.01288625517555849	-0.03640606512873465	-0.056961421273484386	0.036567502082959086	-0.10420972461212048	0.06613151221722846	-0.09604648072409555	-0.03644983261720883	0.04456695306999317	-0.02044735441736973	0.038325034389375054
-0.0745013374356565	0.05996589311442787	-0.044851247870001575	0.06578588241121104	-0.05519599366948782	-0.04064810251768165	-0.038841200343717894	-0.028496756742764872	-0.08537303038950388	-0.06811639863254536	-0.012346114929670908	0.049654177633263144	-0.010613611437732517	0.017427617816924795	0.11999469407468762	-0.06053213918276846	0.026474545734730258	0.02415992037864943	-0.011419730219339409	-0.0813702883275213	-0.03399022824688161	-0.04263360682457379	-0.032115148980983964	0.05805835481274025	-0.03230942757746511	-0.016255457529334723	0.04625817210195168	-0.02005830958824188	0.08359113496964202	0.03230292323988383	-0.05670528188099261	0.0653333050020754	-0.00786382142316834	-0.0038867919681449432
-0.07232057456993575	0.010964592060133407	-0.008761717116699335	-0.017736414768157537	0.0030956145606678147	-0.04240258663471408	0.08708149991833944	0.04872298857426933	0.002553132608557389	0.05200121274672953	-0.1160750530171852	0.05732401912818959	-0.006872104437282796	0.02135958163898087	0.0669344491484218	-0.03217481421809607	-0.11588427740994801	-0.04426135276497318	-0.058069111566558966	-0.055851935968498495	-0.056562168918894276	0.054952114675456395	-0.08990661725580985	0.0660412845661644	-0.04931988364408329	0.058948148026174874	-0.027781345668981924	0.005637397848709945	-0.06842148512055327	-0.08134209732403383	-0.01390669322423306	0.06635207183180832	0.0523958878630113	0.07812485900299837
-0.07436016161483933	0.08580020296596357	-0.057237977427450765	0.05703851653953161	0.0927182845344233	0.08738374806350414	-0.02155945977038376	-0.09612434465741684	0.0061764694672218805	0.04152503796107693	-0.022726319151793992	0.029300590708612864	0.013500062491156126	0.0032315774797628807	0.11356599673282788	-0.026910563935406466	0.025111851150798448	-0.03893039973852428	0.027471120355379738	0.039101629050938	-0.0038674683044802195	0.017965094825732875	0.07437210363068288	0.05553458840213377	-0.09166664138896972	-0.004695066927631768	0.06822939486372659	-0.07413836014071715	0.06525479453795979	-0.015214362214401617	-0.006234219059091724	-0.0555827385559207	0.017425513853484044	0.05640052082509534
-0.07610565802011911	0.06788792633103885	-0.04301417504792576	0.04263684210912541	-0.07847391492412518	0.05272411821014803	0.06279234030458843	-0.054983566190243444	-0.016076683005393628	0.08669468504029636	-0.016141840082286474	0.09051047341262627	0.04039508638864289	-0.024002048435479286	0.01872412981137673	-0.014800216041218282	0.13585446493808584	0.05214375165160525	-0.043502741783495474	0.0028374559675535746	0.062371865926040965	0.017585795237678423	-0.032507229707412426	-0.048416051599650727	0.011129114429318531	-0.03848682512511701	-0.01256912746067402	0.01278484054281221	0.15605899555858987	-0.0033135470190241087	-0.028215498157196796	-0.006439640773444879	-0.0034314519045940475	-0.033990859991885086
-0.07163788099965973	0.0564450874484357	-0.05688402677960825	-0.09529571194037964	-0.06098987706073291	-0.04748406145185719	0.0712966383248445	0.008071021484071628	-0.051831734812003205	0.09433032927248557	-0.015633934059016526	0.05582361081570589	0.07817510099144487	-0.0655343987865094	0.031578444813950106	-0.031997571907794196	0.04778216789799132	0.043285669388511784	-0.017830093094377556	-0.07713097405240389	0.005877318475942006	0.01786811220922798	-0.09262485695317392	0.06539230247714509	0.04467231662386112	-0.003552084808610266	-0.04278271201294546	-0.013902069659629077	0.08365991825722455	0.07327245325709253	-0.025624321028509454	0.0011659176712145065	0.06497799113923092	0.07909321966036083
-0.07330805069449485	0.05867303065701874	-0.06049086946787302	-0.05391448199970795	-0.0432079322256052	0.014325808403718712	-0.10700278429604444	-0.10482396223882749	-0.042890331130775027	0.041189340580277296	-0.02819989182295799	-0.022478689044679284	0.08477918039262355	-0.08180008472813137	0.03565134030293725	-0.03157066795872455	0.024566096276648568	-0.04451056873900089	0.02095474837720069	0.11302527898907544	0.028913447860419942	0.0250492789784704	-0.023994624437588964	0.06601498592321552	0.030024837598683327	-0.044362690306928146	-0.056664723076552855	0.06678129879637418	0.15288469411403388	-0.017222067264391246	-0.0509740468116608	0.011482786679298609	0.08374875922928991	0.06845060169536868
-0.07322015251396503	0.07163226621288933	-0.06644410872567266	-0.03976746361835003	0.0632183572981362	-0.009667661074722602	-0.05387530922584683	-0.007965227716354223	-0.039237656589655875	0.0790683978318472	0.03918706451684086	-0.052427935375581464	0.039940078897600886	-0.11450782772114479	0.08100390382648442	0.0013992769567204308	0.03365471048864406	-0.04045471405393421	0.1708246512786058	-0.07789788284822355	-0.004047529004147599	-0.05023999534024781	-0.02053523169057979	-0.015664870924759985	0.023816258150445118	-0.03134010571194987	-0.03537534203175147	0.06744525092619119	0.08002907523459715	-0.0494113049908933	-0.030747324843503825	0.014355527090172557	0.08271096399937397	0.02656951743625481
-0.07989083195506409	0.06777162699422629	-0.04826619978315978	0.046847248822281126	-0.033094846490270766	0.044448974931417286	-0.003604481869199247	0.02221331372758651	-0.03055842099726023	0.06465000271593395	0.1396531606376954	-0.08002673751434668	0.03598844526734603	-0.12174778648482049	0.13453531565851126	-0.03310544941453239	-0.08163486463634581	-0.03910254798521349	0.06991874227937371	-0.055643856802235	0.04352307496570908	-0.07042078855501291	-0.007035857676649136	0.008605139619300914	0.042114051595475474	0.005342804434088792	-0.005081716555136118	-0.004827043154101179	0.08213961029522059	0.02074769550822301	0.013314247789535414	-0.03227538022440451	0.00011243509330871875	-0.014158929296045834
-0.07646720516133061	0.0807343569421973	-0.0675541854875767	-0.07640914954362721	-0.027946413180308466	0.03825200868769182	0.05710230741225407	0.006526134357961105	-0.057561932667926655	-0.005154520355030744	0.14033766292934804	-0.056353870551270425	0.05273113967399718	-0.10461770526837426	0.03422069973293396	-0.08466987334180975	0.005027151279701393	0.01834549570907478	0.0020392105525272723	0.06137918140393266	0.11412208076049252	-0.035332266543481414	-0.020600613406541603	0.06915372991515224	0.0296353715412083	-0.11195572107687382	0.07363306479264783	0.10304205692562697	0.0867647383210582	-0.04779090896625747	0.00611878451699388	0.03760378441546727	0.0919421123927952	-0.018326669150056926
-0.08175501909588553	0.046118374846778505	-0.04132013157408484	-0.047866697226145644	-0.07747013504356347	0.005927654273897862	0.03267016539864527	-0.01116068849614861	-0.0996671434781196	-0.05209425867741122	0.029443429827668205	-0.03794561549581518	0.0173625942438089	-0.0494297659706379	0.06168551817363966	-0.04211507498465748	0.0023791454174213766	-0.019246325481557656	0.17532827033947848	0.11112334023477619	-0.04358472420852745	-0.000225901539639795	0.006896523306168401	-0.03481294158610086	0.012564398333864826	-0.02417064786663617	0.029825340650226222	0.09123622729802885	-0.04546333946896489	-0.038042393689271384	0.07040601411466499	0.015362567245864286	-0.044982101256904515	0.014218468273422775
-0.08093726247059357	0.12513076456885064	-0.048414215453093004	-0.010522283650006976	0.06564386393248488	-0.12275257140172699	-0.033072202123882746	-0.1072076283108207	-0.07866782364647341	-0.007805333150275082	-0.005417538501783353	-0.06827535055839633	-0.0565752285724729	0.0142079191872591	0.03632361904349374	-0.08520366634537377	0.0010876416497061967	0.09231009810030034	0.04821331307700414	0.10589550792408219	-0.05385795336119477	0.039288879865426105	-0.06896587684036631	0.05452194244773557	0.07931434997422548	-0.08615562024697332	-0.022329316914796372	0.04740121706541471	0.02935022159033822	-0.06675627736569388	-3.1739685744769375e-05	-0.1704735448202673	0.0526214021266975	-0.05516530611039465
-0.0898776475561406	0.1161972785138624	-0.017233169194558588	0.10794035531779074	-0.046467576273400105	-0.09295164980411866	0.04291939083165331	-0.039114234759694215	-0.06391560837584745	0.015952739618698135	0.006206332625118279	-0.010911462760544005	-0.048726371253114485	0.023371028992750467	0.06057032571503037	-0.07318079519837978	-0.007432297059925959	0.06609283254953784	0.054745826833562404	-0.006384900597153947	0.011313138661742862	-0.028920357329492483	0.027683954314897487	-0.05139009886731637	0.046055761773449375	-0.11127737618330255	-0.07791723424261103	0.08718005876071627	0.0673016973480251	-0.029294138631017638	-0.07379020000527718	-0.06921752981575141	-0.016252840446234283	0.01507489114527328
-0.08753958539726593	0.11735405884469545	-0.04520788286146934	0.02208314236224025	-0.046183785230554095	-0.10015958031450428	0.05482394546957478	-0.016510822302565117	-0.1250135808221426	-0.003984832400902186	-0.024455626399137825	-0.03471830752538115	-0.04308592313310849	-0.0013669365884997884	0.05529730612050317	-0.11685218977827891	0.07112051049521353	0.07615192031247688	0.07867294828686525	-0.06605333725968207	0.04865690554599971	-0.002597071751228426	-0.013550497121125707	0.0810998464871772	0.06284535640776681	-0.07998531295055916	-0.005924279379195141	-0.003848401000592713	0.09344468730276334	0.07635287290886439	-0.05754251822363625	-0.01985620490046649	0.10623598454531605	-0.02378068077074426
-0.0876127334869434	0.08830633110932273	-0.03286234539821805	0.0030690866577235028	-0.012506976035682222	-0.05044927511073157	0.05897640462047856	-0.028514393814725647	-0.045584790327581295	0.07920699402649639	-0.080807674473232	-0.042951351571514716	-0.005293216723093353	-0.01881902331787424	0.04345774985192735	-0.13048193065327704	-0.07443062104217966	0.0077681967725873585	-0.01528897391894484	0.025558209270156604	0.08778412526479754	0.08616366586611136	0.06466617860673483	0.12788208128664091	0.0036061506712637362	-0.01818037750210627	-0.029137963752423793	0.08158946198157871	-0.008197444701160753	0.01614483502710467	-0.11493881571972395	0.039434377409294355	0.07267777169014715	0.03834156091653549
-0.08016694740058322	0.09468180065001489	-0.034232186375937515	0.03437515737351946	0.038824134119966415	0.06296554620400936	-0.017248502961197707	-0.07915999760658016	-0.0648120766454213	0.0650532264172148	-0.05644020829241689	-0.09888130016996019	-0.011194157586709674	0.02812957385887476	0.01273434174300423	-0.09102103213454987	0.03262305390935528	-0.022954204797234926	0.1026293642828975	0.07090436512520029	0.09619666008709603	0.032014764571342405	0.10432599136604512	0.017153195401087007	0.006980989134730942	-0.055802887419279086	-0.007667994784364985	0.00018377193416405785	0.015661077891277905	-0.04900528486520751	-0.04699414846272121	0.05166978284716708	0.0581537702429589	-0.01884570240519453
-0.08412982944029597	0.06273700371844267	-0.012513206231795507	0.029860181031602966	0.016590338611963188	0.06383121225053354	0.08605366209718503	0.011426721014289432	-0.043340091635682844	0.14242061220966495	-0.06438790119404134	-0.07936377621666485	-0.07650445518074757	0.018433606690950507	0.011818361256967553	-0.050466485343033815	-0.014208283468470077	-0.03098334202416883	0.08529400469424504	0.014815941762266222	0.05485247578269151	0.08048138872972256	0.0101449633276093	-0.06176249172501759	-0.021009710612394872	-0.0032152998050775025	-0.023958601867754267	-0.03485301606850966	-0.07557931019367073	-0.02520610441759733	0.01895141892503149	0.02447555460446786	-0.016683408150322106	0.01855343355018002
-0.08561392745490404	0.08199822958825258	-0.030907667560381335	0.031093108880539105	0.013346679067838414	0.09987356983562598	0.01768610082049391	-0.03738463360210151	-0.09749712073924507	0.06744495930745867	-0.04483566755136864	-0.13390880285024157	-0.13939005416626227	0.020395420048885806	-0.005041123823424113	-0.0942810804391432	0.06815319864246774	0.007041543041372507	0.08924186585543006	-0.007957832367264212	0.08491376488242874	0.05582550189817795	0.0013525553896532663	-0.03597617954047573	-0.012975216438531494	0.023679102537081234	0.03523833565097785	-0.06252191664510037	0.0032727341482141417	0.0533183474793338	-0.02151334417905297	0.016114801931862155	0.024231662906358364	-0.01209836434332109
-0.0874328244059997	0.04500886224593114	-0.0033694921879733842	-0.0005900502191305678	7.130659531921814e-05	0.06438243114773946	0.12687107576668316	0.06329865966649087	-0.0737974091452443	0.0759794879045985	-0.02407606945271688	-0.12895488800742808	-0.1604034167763951	-0.021207015918519683	0.016949265451335717	-0.07776620219190876	-0.06909846641634307	0.009742360630927274	-0.03776721117034813	0.019519670900165487	0.031375327311510784	0.07150140741864094	-0.05978019706980372	-0.04193972310206279	0.019988816487044085	0.07212171092470224	-0.027945211294240845	-0.09535922153680013	-0.00679430393029988	0.055935325898590946	0.061987462936267876	-0.014289753353680448	-0.07822073381912231	0.022587546332038598
-0.08800886737461774	0.07865535583830398	-0.03046367792685261	-0.008655141620499138	0.018769138654889283	0.0838214775272668	0.06838529892041172	-0.02951245191413389	-0.12960394451983578	-0.09058357961538646	-0.06978457688557792	-0.08905979797731153	-0.09800451108173783	0.023810837430451946	-0.0016873762246479283	-0.09695455073149596	0.025752164658276625	0.0012244435148693368	0.06317574991609697	0.11463835609680643	0.05385598933159294	0.08042435658683943	0.045677567593449944	-0.1005572428156208	-0.06220986944969377	-0.008632868068682006	0.13251362561569086	-0.00676228612237071	0.038474074670812104	0.14527246273278746	-0.010708003687848827	0.015472553474890162	-0.021783785056962133	0.1038601861506198
-0.08604192474911951	0.03669722067920553	0.0036465753816648117	0.045347584881960654	-0.005004160105108567	0.05229037769904919	0.0718039773908277	0.005795116499977041	-0.0711932153313141	0.017220304869013013	-0.14496574599638132	-0.011782888059807664	-0.05051024463926453	0.06474884238775748	0.023812392641579774	-0.03797055593675525	-0.1095565431618393	-0.0012745352094246654	-0.030876780198988773	0.041326582628304784	0.039445839303759146	0.029557999445748783	-0.09394307131534194	0.021199083013133134	0.04176216976834772	0.13437960841061	0.039733372166048164	0.029935521225505503	-0.17571725990704373	-0.009590475680025662	0.02598641005793588	0.0713684704238554	0.019031922651530857	0.05337110120822471
-0.07959532459030527	0.07222766183646057	-0.017651558382083377	0.02841375091110848	0.05510228086760135	0.15047515061259767	0.021953077753334695	-0.03154178816945415	-0.06017357389282367	0.03176043460286619	-0.04824886484068349	-0.09936599488088001	-0.043370284910223385	0.06622152000892331	-0.02725121581539665	-0.0579750781086262	0.014510617738579487	-0.02571912195736622	0.06955395624645083	-0.05947423894466134	0.012409098583321437	-0.01769516701587444	0.03024071298752176	-0.040112127612001204	0.03644650459067306	0.07922197081467282	0.04897561246568973	-0.03285097615491715	-0.06765082881677385	-0.026066062570994926	-0.03310343201043653	0.03157924499519515	-0.08120679614384249	0.029656284665813014
-0.07513621284085575	0.04438300826075849	0.01725042442066996	0.014144489671512502	0.013201514081069496	0.13522053519260746	0.10962473074943865	0.05666648894005007	-0.07878784349017864	0.01249958640650764	-0.009832566365994758	-0.06218874514917522	-0.05522024814580576	0.016115091509691273	-0.06808546952584128	-0.0154826204169895	0.013293777733182018	0.03421592823370232	-0.090955199143879	0.04351519367215609	0.05768966939579226	0.021189275108839275	-0.03269446387073172	-0.04899632604500381	0.09157800991411594	0.07871904770503926	0.008692013749791658	-0.02295544815658604	-0.03329546020568869	-0.021118801511777138	0.1078074415485203	-0.0004124591911730188	-0.055286393670361984	0.0034021657368800804
-0.08393888350742174	-0.007498682596270646	0.03762434704413607	0.010263676774534509	-0.0821211731486121	0.1099246389538225	0.015282120173521098	0.005241715674352785	-0.09151987478446724	-0.07357945861122246	-0.12731257857722347	-0.05875217176364309	0.05283372561626091	0.028014773828079816	-0.10837953936635945	0.00848455618458508	-0.04791016323668987	-0.06254453035892261	0.02946393279261881	0.08429731479552234	-0.08825654229241378	0.03541227717532846	0.0023514104899392055	-0.016140191577284323	0.11454789838332646	0.10403084808756208	0.16084734115806273	0.04334009218962599	-0.08559407840983176	0.09352745482198563	0.09459556498673237	-0.030337827743338736	-0.09234415251738823	-0.0746863950705193
-0.08175048066037817	0.0645068388059002	-0.011302372384512857	-0.00159489108883669	0.2064631332045577	0.08687089656056685	-0.025358745766212012	-0.023172869349798935	0.010015660860147548	-0.03700043034046436	-0.13162284245156192	-0.11890515412499285	0.044823707005553035	0.002463607533562393	-0.04122803125278845	0.019456927935013715	0.06175991779642769	-0.004596245400653155	-0.005651307012223225	-0.056223131020221945	0.0034221592671138815	-0.09196727095797204	0.0008360890745017051	-0.072301442944778	-0.05347266203229144	0.039087114711819915	0.024345736533777657	-0.020442299330805703	-0.13425793669238617	-0.031394769012044785	0.06319601923849869	-0.04720868572004403	-0.12008035128486984	-0.15127256782620008
-0.08915387583270129	0.07081559365837947	0.011245825527011226	0.12547520043675725	0.0028342550679549446	0.13947098013830084	0.09818072532924077	-0.028104769148592085	0.025370585390017842	0.0814246922692657	-0.056626607210287214	0.033774158897624106	0.06886353415936236	-0.05767030464618641	-0.03682835063232712	0.07816179154823459	0.05288382498959286	-0.004570562100852535	-0.05387465498788571	-0.0031764349221117955	0.07910684172957151	-0.007044213959421051	0.10029452379216112	-0.06358991501590709	0.049794831988518654	0.008237809589001333	0.13903458423911894	-0.11174585093990382	-0.02910537988633786	-0.09647346268266953	0.02838956408011771	-0.13677060229721913	-0.03652928694424504	-0.03485070825285369
-0.08479112884620361	0.049191468818196055	0.020219022408017095	0.002694598446349585	-0.08726869338776809	0.03632165175104425	0.09453562950093423	0.0045725342258798015	-0.06321712846272792	0.05723382950373789	-0.10254436030381744	0.007457242671319152	0.08792974963409048	-0.07356038721303652	-0.11338814111123781	0.05966693305318874	0.0825122905159875	-0.002223414681069718	-0.10439078184731275	-0.011095896759538256	0.07651341476560461	-0.04788486632307812	-0.013614623950236007	-0.07021123663887786	0.0718917862501445	-0.014034320551547783	0.013272983348273502	-0.11361714839897537	-0.006063381872205009	-0.002472639017612792	-0.003603250517731006	0.010802791404554314	-0.10930286299562608	-0.022434154386193644
-0.06991401253566483	-0.08504514317495127	0.1074526498159296	0.025924344095365058	-0.20328930118531133	0.005925953304036162	-0.0832658716534217	-0.0904839747693851	-0.1740198183454598	-0.0761689937581382	-0.0978482731575233	-0.11504187562288946	0.10960697628375903	-0.12794531382108232	-0.22071289764985458	0.049121222216498776	0.016736025119932215	-0.10600552191715769	-0.13550338065818124	-0.26580488756048815	-0.02713987333612268	0.11120367689218341	-0.07826187590235262	-0.07664049503357469	-0.07104551889259177	-0.0960137191992157	-0.024574006028107498	-0.02311655917343161	-0.09711966642316844	-0.027811420753627168	0.06828563986490796	-0.18928529551019313	0.2376681074827541	0.13755515405808402
-0.05791675182346882	-0.14797622907845828	0.15337221217453645	0.022897995302524114	0.10318392272236261	-0.044569061760194595	0.01145806002084979	-0.09991493488503364	-0.2088244947477915	0.05526341207718233	-0.023604379361688996	-0.059622194426954656	0.02189174331317691	-0.1948219550703007	-0.014226566735046499	0.14710866334399597	-0.30816021265106797	-0.14908316201364577	-0.050523289980719664	0.03806376509332741	-0.09511086735754186	-0.06886625412994167	-0.005363657083663605	0.05147840675450019	0.07004198409786731	-0.19152956751263367	-0.09329087821544138	0.0031345220684185562	0.008623626387416532	0.15604431057801926	0.11469418729282212	0.0817793298781399	-0.08163917913417157	-0.17027322676413062
-0.09350626955512809	-0.09015674733782394	0.09575319941801926	0.06681195611286662	0.17581902350290504	0.0483964940717117	0.027774801100587693	-0.030013425935468963	-0.1167535470547887	-0.11116528788937505	0.007743161193308811	-0.0250382657766485	-0.029788819896686594	-0.09926754940902265	-0.06756338256537223	0.10938343811372689	-0.11659312099135767	-0.18828486524132862	-0.18079952792555418	0.009557385349658904	0.011471472542457898	-0.11186480932677836	0.04530203778209337	-0.02443968681340549	0.0029859254360687214	-0.15620758924579117	0.0025149075320050687	0.07205074850637627	0.07136588024910784	0.04455716389104732	0.09968120882311891	-0.09341689153363261	0.020849229857829204	0.057453138804191006
-0.09387613980884295	-0.02971157048364768	0.06656957789040947	0.04724081299204632	0.04552271239252345	0.05767994542383979	0.13860164167017258	0.043746769317100566	-0.13879713387296264	-0.018713745200702826	0.035398849777732756	0.07211216931824474	-0.11230303350340941	-0.164289449680224	-0.10281994937233192	0.10631432206414267	-0.02208907597592656	-0.12443790859225115	-0.12214134104524833	-0.044456979173399844	-0.023991137803819902	-0.06499955269954022	0.06562430670914751	0.11860938970931985	0.03244241827576791	-0.0343173374683575	-0.021562495303639427	0.025164216375150494	0.02503033577780931	-0.11427126491127947	-0.026325936474454654	-0.1655642090755608	0.02389145888809563	0.02902552311535495
-0.06954244968888261	-0.05526431595107352	0.08663721359238356	0.005844459060829384	-0.10557580163639474	0.07555028805550004	0.007142852504982582	-0.062138103489087874	-0.13440352424413732	-0.07163013028601703	-0.05292225627716034	0.02270604418791411	0.008757121851282126	-0.06793000297101506	-0.10515283182547062	0.04362300287172091	-0.007284045805807058	-0.12364366505479692	0.07754471567240435	0.03946788109724398	-0.14997265358856854	-0.015927083090879764	0.06296871319079735	0.14209154301859814	0.04436307946316697	0.14922000362994592	0.04229126068499429	0.06625554546158027	-0.02571570981933297	-0.0011978736785378946	-0.07459879504445865	-0.10593211650181991	-0.13791202148125192	-0.07974344007838977
-0.060471468911436045	-0.023582623094869828	0.029946632952787756	-0.13903057550631437	0.146526483261223	0.05473990073075557	0.05829149979784806	-0.019168582478362423	-0.01647728138406942	0.0703560669360865	-0.08608805924313406	0.014923715787380071	0.06484650761736142	-0.10397538205281479	-0.08655632888702537	0.033833801060156855	0.016590571486173815	-0.08115213183164083	0.001279448986658103	-0.17469926977105094	-0.039525207030537204	-0.0832539488092988	0.15745483558707674	0.11625567756042834	0.04088135443417578	0.05126458167428484	-0.11836962359050646	0.10041904065395735	0.023580425233565606	-0.012982157753078667	-0.003691790867405967	-0.024411048999279032	-0.038218222162382624	0.008105422121364253
