pca_00	pca_01	pca_02	pca_03	pca_04	pca_05	pca_06	pca_07	pca_08	pca_09	pca_10	pca_11	pca_12	pca_13	pca_14	pca_15	pca_16	pca_17	pca_18	pca_19	pca_20	pca_21	pca_22	pca_23	pca_24	pca_25	pca_26	pca_27	pca_28	pca_29	pca_30	pca_31	pca_32	pca_33	pca_34
0.12500358135783018	-0.05512832116667927	-0.035845072714111983	-0.12637243442081322	-0.08646685074277972	0.06003698870855941	-0.0027244759829146378	0.20553729328943396	-0.04053574121763372	-0.20557544324518445	-0.014442682722146076	-0.04501847736658129	0.12580154223786608	0.033829536540765606	0.06184599439507689	-0.008181467720074446	-0.03691514920528548	0.017364985346289333	0.0036232974010340147	0.10288140068669187	0.007426816815752926	0.09867569086613932	0.11335083793449408	0.02832642208296098	-0.03785525703293662	-0.051046724920855054	0.01060728635857823	0.05721295170091443	0.08150518002722305	0.014898350799732762	0.056836126995833826	0.08562665900329011	-0.09300178885706738	-0.10082934912895693	0.03223562223931276
0.1215410473662929	-0.011565257311167115	-0.04216157968077503	-0.04413111099032023	-0.09444476086605294	0.07589993377294126	0.10045443335220773	0.010833939885133106	-0.05462834896776614	-0.22167631918393357	-0.17760741024473176	-0.06226092250642299	0.03358795364251388	0.06116714942948617	0.015558740306275125	-0.017212704346343855	-0.0935300685004101	-0.01704479368482765	-0.023210677387869333	0.08843647513996938	0.09120804603111331	0.034947761080345224	-0.012950392910869942	-0.07392856586987778	0.029175634135894843	-0.019978265372861796	0.036024294849013684	0.08446052448603436	-0.10009047180062308	-0.08766930567017658	-0.0008205026771149638	-0.029215587785569472	-0.02488948568578902	-0.0329008971319177	0.2022719388327172
0.12071750453678398	-0.02614181105641522	-0.014475871135985585	-0.031512820664042485	-0.10156079813708474	-0.00330697875921232	0.10754799955181185	0.10552371146524142	-0.044510791862447774	-0.15773562922695228	-0.12374141515420312	-0.024224019689183925	0.03648343186694365	0.09773732094872425	0.005559098126065698	0.03833645797373232	-0.1091930151441981	-0.024099880296328077	-0.035336850987344556	0.023988353054399728	0.039241402746256815	-0.019488904376450247	-0.09273313253159512	-0.07809441512049609	-0.007808788731612748	-0.01505768810361231	0.10263860496935437	0.06804071083366364	-0.0413610937348911	0.05855590982884227	0.012183404284914583	-0.09896716868637451	-0.0007673137318001426	-0.027529239673109586	0.04315045179130638
0.11802539594029926	-0.027798349236074826	-0.01712906934933313	-0.09821176482872439	-0.10511077504398367	0.11165799110845213	0.017043129924818556	0.10813025469604909	-0.05578015927085529	-0.06733678740145871	-0.07622434978931121	-0.10734318726350248	-0.0009168620803937932	-0.011981870519788829	0.028975049246236353	0.05570172737743245	-0.12952736483949168	0.029824453311184676	0.01578623560838803	0.01875975188512754	-0.021298198711024993	-0.016666532023250868	0.05733894596022775	-0.05632408345533437	-0.0008765201501444268	-0.11653851714990981	0.0854021794041175	0.023055684485707	0.10588639199419198	0.07998035261102653	-0.02945762563561273	-0.042190725386240996	-0.04460630476419998	-0.08206836065573808	-0.08985256998348012
0.11496337374945137	-0.019278298315668074	0.01589963338356265	0.011795845023838236	-0.1356273240974499	0.012100221404571804	0.02585193566282535	0.023782840117355375	-0.015998741987474648	-0.20841404005600556	-0.015741520356426855	-0.09916378352648429	-0.05457067173825428	-0.04196000693034637	0.030774176653037374	0.037461506022075756	-0.07763765763307928	-0.04548603516293408	-0.10038504005903602	-0.0049338434639144	-0.03142859966681003	-0.009158688119091402	-0.025865108457540906	-0.04962192294580052	-0.05363943642272899	-0.056452896835840885	-0.005428043044712991	0.07475492540445916	0.009792934107538252	0.0015459575000839488	-0.012511080410360358	-0.1171001144143357	-0.06042536782336494	-0.04235983417670438	0.10721233258605341
0.11026477828596089	-0.03796377599068572	0.017587192966203147	-0.06941264509421133	-0.08996023321185836	0.0966597840406396	-0.08768581984494389	0.07619427068995377	0.013423473495860972	-0.13818339104903493	-0.037772031172551186	-0.027117793874572402	0.027672475737216706	-0.0792483649183886	0.08648965709418469	0.07907978289243302	-0.08100487435584212	0.052164316566716565	-0.06902669449299698	0.00905237269597324	0.009043471104498947	-0.03776037803369611	0.0219757986050573	0.020179858127554177	-0.06156775121052228	-0.008277033897798144	0.09279431633362355	0.10190254627307664	0.0352987232985853	0.050733214379798816	0.1446300824460277	-0.004487765749480094	-0.13525472231022675	-0.054116494315098754	-0.019626566426827422
0.1043779187322776	-0.011693048055729753	0.03432349966255854	-0.004955771405223408	-0.1242088070777682	0.03792603921571709	-0.03074567842512808	0.053578571007967646	0.012411307841931389	-0.13867724219663913	0.008989945123524946	-0.05048490708485258	-0.01395653231509994	0.000936921610989256	-0.03516697075682319	0.11307138611521045	-0.10182804015460382	-0.062244494623955454	-0.012592563578524982	0.015902820600937354	-0.02197074350448277	-0.025968538424064	0.0319896804219353	0.005871476302495613	0.12116483071651815	-0.004089190659185324	-0.00591285891432919	0.05216084706136248	-0.07313037533894123	-0.08264273378361482	0.02356063947924967	-0.009163196317882469	-0.10739164502223261	-0.00032135206599750304	0.010564306043106979
0.1014010442115915	-0.02528465072801873	0.01799098995533993	-0.021055133482163313	-0.13399645106130142	0.05761257297866251	0.07106229452938381	0.007836085129394182	-0.08791844721866601	-0.010483053981631268	0.016052516260393217	0.014109768247963977	0.06943503835299614	0.019126990420566314	-0.021735028443464977	0.16020335085121104	-0.05994971971580814	0.004777716288984699	0.06706913468672789	-0.0707551992904458	-0.036941469192964586	-0.0010160949836720279	0.009595915288445667	0.05535958256056783	-0.027148424995690534	0.08659208345664077	0.005765004980137156	-0.051643271168818165	-0.012666946010040633	-0.07661446642480517	0.0690769239162399	-0.05677515753666301	-0.029270032614368422	0.057549176534641325	0.06976556574753812
0.094764866914639	-0.02851313409727763	0.04952597242542946	0.01071128479250183	-0.11416446921568524	0.10250352769321286	0.037340041198139065	-0.1167315163669029	-0.09527859445628287	-0.03938361980934185	0.0007401094981950955	0.10152177908250333	0.13429409773930615	-0.005407099423625817	0.06601805718240236	0.10857910154575592	-0.02032655892533354	-0.06199536554930389	0.0803919425870532	-0.07040968713992782	-0.008209484492065407	-0.0011138002166795336	0.03788574708032935	0.014762073562873144	-0.021215057270179756	0.020201052670653072	-0.04290841550418834	-0.06074660641991762	0.004590993968763113	-0.05267002520955574	0.057913081036508926	-0.07948960167610292	0.046823775910647895	0.07969858214155112	0.025675979578075308
0.0907264575394211	-0.021522012818945842	0.08525974258705249	0.06491694562554166	-0.09805634850360934	0.058018866737635066	-0.05872777738049951	-0.0867231609213342	-0.032155886490387364	-0.06005861916164565	0.019098812002534542	0.1279801383854996	0.12046573101633545	-0.003967383548673736	0.058761106656282425	0.10487024253191381	-0.021201872519028775	-0.09167126401574269	0.11827453667034242	-0.10503990315557893	-0.002132185826542066	-0.07395592890135298	0.04794221551807177	0.019341975145407458	-0.042131257560344984	-0.042262643018154626	-0.09781598615712701	-0.07060801472812794	0.002570898072302173	0.0014377892798415701	0.043025084344148756	-0.01744917906706768	0.048041807595277916	0.04855086238510958	-0.05018252142169656
0.0903918437614763	-0.019829975372858143	0.07820653414539143	0.05736629437104118	-0.10963109747553573	0.08213830012791024	-0.1334270377954719	-0.028442060126329244	-0.005140343059291806	-0.02462626128612129	0.06251129825025525	0.03467554711929528	0.07209711818477332	-0.03658845998200655	0.04711479141684946	0.12050524515329969	-0.06324667385925434	-0.026196799841992816	0.1291192722353219	-0.13464637806454716	-0.01910717779274526	-0.07028977900260183	-0.016800546887280915	0.0025722000531142007	0.01265142334401366	-0.009926438547640075	-0.06540375803073613	-0.03439545729773011	-0.0545590532132513	-0.04344568099265325	0.029430535444740363	-0.016559544376287365	0.07673059257100168	-0.021340016565942733	-0.1408633610862292
0.09415751814113586	-0.02974903528639328	0.09933514253220202	0.0969599063100249	-0.11128164015430557	-0.009597966817415426	-0.023712018344059508	0.017995867968073287	-0.012054148342117293	-0.021163415799678953	0.05007104360230748	-0.03300950677778387	0.045804425518151115	0.02652363471938001	0.011718316914143295	0.07803883241811253	-0.06305458103425754	-0.050300099209338964	0.10552933765444418	-0.061480374620262124	-0.0076063776590955395	-0.05295812839328029	-0.01841841544227979	0.04690291994339533	-0.025320817969910897	0.11287579004172087	-0.22256058799225026	-0.1393133761153605	-0.0673729481202183	-0.09725998647032236	0.016031440963563078	-0.06120146152172782	-0.07083774734729127	0.040596887049606685	-0.025954832556874495
0.10155317183675568	-0.035503624988044026	0.06534475461002313	-0.025165716556197603	-0.05488872592203281	0.06966846135137819	-0.026576170189397945	0.1328057506454946	-0.01956562035817496	0.08818036307516186	-0.027621496252084748	-0.031058479514437534	0.07667442241965633	0.05796587742237311	0.05696079652757691	0.042954830642883135	-0.09764562045807523	0.0161169337252091	0.06384071608114435	-0.04980624861981027	0.0814869114858841	0.01942644231899906	0.06359161438677172	0.058649951055892074	-0.0708548751159346	0.08917492605490934	-0.12999815589686858	-0.08906426588492952	0.05558544012245799	0.03273231845429027	0.047629120420711255	0.0443231664528029	-0.05052221679169995	0.0038841272245092734	-0.1395402297395057
0.09631207719848413	0.028074411501800213	0.04085669780231533	0.027097235245044822	-0.06688141310187436	0.05385368693746254	0.042415676067533555	0.012709004931459988	0.046313837247777066	-0.00778960983516247	-0.09223390795618772	-0.05008009737365919	-0.05627855330633719	0.05523993721099539	-0.028816901329654157	-0.046509161311546025	-0.08990575742681131	0.018961414463849705	0.049443948768070005	0.1014622856917764	-0.011814407497659881	0.03158665822291015	0.011805068339814595	-0.06854608411302318	-0.03141544838331974	-0.0019413463974258423	-0.04230464051195342	-0.11593997856161298	0.06266851519699485	0.054828279550964504	0.02370271190972312	0.05936380570500954	-0.008877149221194425	0.07631422514265757	-0.06972215644365526
0.09880217579361787	0.018405664823900478	0.04646866191759812	0.026940858909912862	-0.07805826171386024	-0.02238559464871532	0.06517697397303904	0.061355734513923135	0.04508731302400297	-0.024678146912099796	-0.037661957927384866	-0.05256646018638772	-0.0659961653912754	0.051809266290424934	0.0038877350266605104	-0.05690041396225473	-0.08871495109120431	0.046576309779624375	-0.007356909756458779	0.06273212208053094	-0.01812618449536881	0.02842128126398095	-0.0762165934851777	-0.04171029970683472	-0.0912221084002143	-0.02851044311973945	0.0009633493998880867	-0.09637718937229409	0.11119396238558796	0.08084856557353343	-0.04496850899675753	0.024239241234741263	-0.009879420355515839	0.08935499652865322	-0.037884285998298683
0.09685258184562434	0.018343664576982093	0.04297595216520457	-0.020166999581335388	-0.054526978353199425	0.07918361393869582	-0.07455748894499825	0.03304445112265527	0.05719644483155001	-0.010934575559075031	-0.0334132229887965	-0.06376250859053742	-0.06804325302645245	-0.03425822932719622	0.09743850235041895	-0.099349593458704	-0.11428202320766052	0.0546109070124379	-0.07010984544069451	-0.016354967381950636	0.04828758223103731	0.03661686182981569	-0.07072600801488585	-0.1010201184304572	-0.11702549408719597	-0.057484921043012796	0.06315729064596813	0.007245801400630372	0.06535918206619337	0.060240916553455814	-0.0572400803719266	-0.027293256659566167	0.07481328780586724	0.05792372726466574	0.018559587258918993
0.09077316885636978	0.04792462795089859	0.06031589032678509	0.04551314752712389	-0.043204573503382145	-0.03328158230989634	-0.08426333119480556	0.04251366709308521	0.11499149127975447	-0.07935193783812118	-0.03254900317168783	-0.0008102574611677793	-0.12166839370821847	0.05784837418600346	-0.012981371650769735	-0.11921664391536826	-0.0987045025838933	-0.015150290317956908	-0.03630015724125086	0.06298200068734702	-0.0441672627907224	-0.009717627877433396	-0.04084912265369853	0.04285249968656526	0.04114746549074241	-0.028167837462458923	0.06376016610095077	0.0666336726111298	-0.03193142766466878	-0.11411596112560236	-0.01978172394107626	0.06147964540484421	0.02474858481903222	-0.04113241483295471	-0.009130955489929482
0.0925209750179004	0.04833508652138963	0.050196229205437225	-0.01928056619963063	-0.06510828835781711	-0.06071858119845219	0.043873018880721176	0.1265663251328538	0.016094358177503182	0.047916972548297875	0.022568076058391714	0.020749637205922822	-0.07817700208978598	0.04402772174401298	-0.047576069977915386	-0.01392173980611717	-0.04078789461572373	0.0763420822063253	-0.048738580947808814	0.039882618765132605	-0.011447496511189325	0.019435252811782724	-0.03769078098395076	0.1284598142237165	-0.05701665819739961	0.02533862228265102	-0.04478930255508608	0.0234925775755373	-0.0035325996398004877	-0.08550470841587407	0.005327991824830083	-0.01759750641639847	0.014989357245745905	-0.046134630530773046	-0.02654066584714699
0.09019670243569722	0.05367313610625776	0.01072761378613038	-0.06779244556785188	-0.05099492148724101	0.034342110088076375	0.09234296159747046	0.0044939767341352355	-0.010960957649027547	0.028420344074785824	-0.04648005080722273	-0.009651304525278182	-0.06980171164085969	0.03207189805057667	-0.05426817743008872	-0.06419875680633619	0.05344129755238547	0.07281593368028538	0.03618753140546245	0.08020288254452285	-0.06785881258663719	0.035994683304858804	0.03315709181368168	-0.012307910722028404	-0.03412591635890326	0.06278540429292724	0.007920040952641724	0.047477992979714015	-0.020474584851361916	-0.003620175143990788	0.010279564098219562	-0.1049476897044716	0.03938845171850461	-0.03814474132660359	-0.0817117524218315
0.09275360287646135	0.036714203429680146	0.04820450724600289	0.002589536595430729	-0.04213003882512471	-0.04415599436775155	0.13503446370502487	-0.0012459808083191276	-0.02208230620685303	-0.004044072407984569	-0.018953922735766723	0.04563649126813984	-0.034990587538781925	-0.018032865787014414	0.02105153776468538	-0.025559888443407862	0.04955615041809648	-0.010155210402414322	-0.07932606033147138	0.038513589376010154	0.05716224900698859	-0.00102139164168491	-0.05145329030062232	0.07197423914880235	-0.014110327605092773	0.017604109354812096	-0.048452660961574315	-0.102482619573566	0.07671608282031447	-0.007423959898092386	-0.01696926622676065	-0.08915791815526841	0.019744963086804623	0.01870223915773289	-0.03649128225548488
0.08806817091282515	0.04965208409683446	0.006400084283329567	-0.04964790743624841	-0.011973211646646807	0.07154749197949319	0.03445744911979966	-0.007713100289940142	0.0044187840546615065	0.05685815319796799	-0.09085174384608115	0.09280936062981843	0.003439072188553882	-0.06908145436821327	0.0585082623244109	-0.00033445046482613594	0.008981028924691214	0.07790005659554441	0.0034835016426014165	0.026546685258696995	0.046507143563258774	0.0026409754533097893	-0.05090103601010999	-0.020286478615827087	-0.03330820853352813	0.035754005381419846	0.04695015287067958	-0.001654515527634251	0.05573226540275271	0.019702452307397297	-0.0672640771174631	-0.07350602256308288	0.0471496715242766	0.021502029567394262	0.04133756305178312
0.08652184088071181	0.04306109678401684	0.02421503412100319	0.010077601419797117	-0.03709085537273775	-0.007766224477132317	0.0010887712244468592	-0.024572442609977752	0.030410730761835703	-0.0546594897659218	0.01582523336892061	0.13869018655105264	0.02663978678809298	-0.04288534259886363	-0.05440451736109925	0.039646379410148994	0.07149907311732265	-0.03160542094763827	-0.0042874074750543015	0.05959436798420206	-0.04946677673304694	-0.013440133722444542	-0.040819195710169925	-0.010369557269682955	0.002297314930571512	-0.02632823363912514	0.14567521047352827	0.04058693500080229	0.06920829211860793	0.008090401824691555	-0.09672627681004342	-0.04431615220441042	0.072450546674452	0.076466585639744	-0.030761256613762035
0.08770396512607381	0.018553573886758316	0.03885087670900586	-0.05036985854220107	-0.05310184646939737	0.07637320931879682	-0.09646252695116143	0.027457820619462427	0.00947302864334608	-0.007640981945622283	0.09566352476839213	0.0793063499576081	0.060001192002431314	-0.05431726807631243	-0.0021593107306819292	0.024572863014839998	0.03339546884062794	-0.005460767384519977	-0.03910274386511578	0.015991078236506695	0.03990262588839505	-0.011766692464684427	-0.022321709346165036	-0.004768185400825478	0.05382702378030299	0.02173762149891091	0.06875241308797639	0.038000645378333836	0.0224132117825954	0.07297656130039246	0.03481662960310665	0.0677087191519778	0.0708266665545475	0.034033272142007326	-0.13079943103066563
0.0878772202296944	0.040141220488019554	0.041249657728298285	0.02372102492528505	-0.028927493853183116	0.01769659210733905	-0.026702796095821154	-0.05177520124062291	0.023592354357418042	-0.08973127147685182	0.04769286862241229	-0.008759522256097052	-0.03176492267388634	-0.04571189004227977	-0.0222717146369565	-0.10519117308311793	0.0694171387050017	-0.08003554351821468	0.001688779031470869	0.0022858220177860156	0.03447082382187808	-0.053526021164391785	-0.02746752062620124	0.030883602804028923	0.1238419954955236	0.014616871715276966	0.06268748518182349	-0.06522495012572982	-0.08229832794379444	-0.010518059617887765	-0.010549739538827416	0.04332654222064901	0.10620104731189148	0.005487417901279032	-0.08258829397331263
0.08852036969096527	0.020639157460897707	0.06414476860248437	0.033241650721607625	-0.05732649609909146	-0.05114420183851727	-0.013471826347508885	0.04132379025801774	0.02384655595589745	-0.024604144346302086	0.07123937976358463	0.002206865392185009	-0.06926756940681231	-0.09994476289553073	0.00700402094167657	-0.03315871976360674	0.09787517913553281	0.001059535990243582	-0.08976391372233825	0.0005453132671451311	0.04067084166351665	0.007368741645264104	-0.08534911427469491	0.06352570291146561	0.03184331459635363	0.04551534953522711	-0.03846613154463089	-0.028310831754085712	-0.04408929105404766	-0.035384019090838964	-0.11556975372248521	-0.04842365626846708	-0.005004087866684825	-0.006831134204889566	-0.016177353875420707
0.08935302985194621	0.01021929803002882	0.06142115397526697	-0.0518115193913701	-0.04317626165606074	0.0765397548344843	-0.10783036549662821	0.04888568565685247	0.049194894573409934	0.03918866196806425	0.04291884185197542	0.01930535680231557	-0.06898924879459664	-0.1586058342352802	0.07275063838268203	0.03672385304625735	0.05170086871519364	0.08177579784902061	-0.13223527157703927	0.047654753592597125	0.06664766559696453	0.03403041086902181	-0.05478618241630529	0.06372316259026756	-0.029556433558875786	0.06790249136756174	-0.028170890336038593	0.04290960621130496	-0.052453173801158534	0.01917259178461386	0.015470064960280035	0.03115904969947729	0.019890540019203595	0.03123274780922561	-0.07172795162659584
0.08256042749129638	0.030223414422960556	0.07069638078845675	-0.012458308186977426	-0.05816919438030139	-0.018056644037734538	-0.04776982513354401	0.002173608440980232	0.11887666184425774	-0.10437273265429683	0.00995686974695123	0.0945471846779993	-0.10391339027919116	-0.03298689089689971	-0.04266185091564889	-0.013618179938853572	0.07695769484946581	0.07338314627562664	-0.05480478602682703	0.14801282986093658	-0.1143982386868474	0.035149991785494744	0.03369521018999502	0.02223511122500659	-0.02115191173859863	0.04971019387898594	-0.045860928231102105	0.10377574854629198	-0.09391257920127336	-0.033023574874124446	0.09957114355043914	0.03329565953177836	0.0271418673614457	0.06406485173260351	-0.05214350193818616
0.08858379797798174	0.009338978232711338	0.03712020269973001	-0.06619689462383363	-0.03403691451812548	-0.093600649547036	0.03296916323429753	0.07557617453157435	0.01303755155368438	-0.10036950349266766	0.07204589561074141	0.10256543438061157	0.018988739067069313	-0.06066348197986482	0.03380147603498718	-0.05210438496784024	0.13844505961744713	0.01761542367950697	-0.03339122193828672	0.0393698343287231	-0.05890173209915869	0.06458358797804262	0.0007321114989571054	0.10960486940712508	0.006856846223167207	0.04746708176493586	-0.12741851151782582	0.015502011051081524	0.10742988747002202	-0.0185377523148022	-0.022727833255288862	-0.039680335358808355	-0.03617662744898925	0.03622595267105383	-0.0937428010665383
0.08811889952578979	0.039634754199124406	-0.0005280834711308525	-0.0754457965135669	-0.007102604939270723	0.07617888370615929	0.052468972623565875	-0.07739148353138517	-0.03300458484340224	-0.01040599829891991	-0.07842918651128747	0.07831548520347457	-0.0430935675644437	-0.10428066376364659	0.06537903265622128	-0.027384499973159494	0.09810620771913126	0.044609805904066324	-0.017690395312257197	-0.021050830383448932	-0.03466988969007212	0.050274762698417574	-0.057742087365507816	0.03434268410985598	0.05897854096563142	0.09080504142553414	-0.11383504819056557	0.05415281034212374	-0.03735291951321157	-0.10588085766063664	-0.0610183040194492	-0.028927079569745454	-0.0003788333573573055	0.10899257156329703	0.013674448287010671
0.08499437360933644	0.04125948731208545	0.03629033881628947	-0.01925189367525471	-0.0023689540433401725	-0.03973927850073469	0.09482300226480442	0.006603454679167595	0.015382585685551543	0.011657761473550332	-0.08599068813752928	0.11482342826865072	-0.05975640188715107	-0.023532437810484072	-0.019213440273741868	0.006296940620121677	0.061211054398515416	-0.012138333839093268	-0.09499616152494875	-0.008552864092982643	0.06270124798399493	-0.049694056068245396	-0.05275618123982315	-0.024972769678287376	0.05898705400372248	0.04392231527404905	0.04429853144667504	-0.04814004310944567	-0.025852325337253818	0.05495439300879995	-0.009954754404273652	-0.010079271116331917	0.005171054147151313	0.11405385629898757	-0.01843162153105226
0.08370681378339226	0.021292938205114173	0.03468558386781775	-0.09792258098345981	-0.004647485970428223	0.021771332245368633	0.05605366523828075	0.07633579502383053	-0.026836866444257756	0.09845851853592744	-0.015383013658047368	0.09491596571206386	0.007454560057478389	-0.03176074858857686	0.008655460856788026	0.024458739419631448	-0.013668536548819415	0.006337859966074513	-0.08003201529752399	-0.06073976537173932	0.07705550136440267	-0.02994864403243097	-0.034929843104162306	0.013485336002287171	0.10879784427108889	0.01951902831822569	0.06194037499025566	-0.0767697257772121	0.027957064271453863	0.017028777328329053	-0.03620551654538356	0.003667644686466756	0.06665314947766143	0.01767523116517905	-0.06316631439730808
0.08622340089704927	0.05154995531504171	0.022276099273515614	-0.012513290557447094	-0.02532400539300071	0.03047262688005825	0.1088865910245312	-0.06217429301405387	-0.019829126371249613	0.04464848221570653	-0.021778746885429738	0.03371419915892076	-0.0641963214012719	-0.013027219355845023	-0.0893093136652386	-0.024756505974293352	0.004628160115264943	-0.009563465505939756	0.02102581930446401	0.011451613106501723	-0.06830601068651833	-0.08661665189022309	-0.0572935783719606	0.03531949760367522	0.09479981132173981	0.04375037282312513	0.058029374349177744	-0.08863019708568433	0.05734686312194466	-0.013639993091729162	-0.03440539389251775	0.07003070086760886	0.038971797203977296	0.040988074032062574	-0.06944293083877896
0.08127585159031862	0.038434952697089284	0.05321130347015548	-0.0210163474398965	-0.02954294266276195	-0.039766915328120794	0.09344453565776598	0.0010066742236143555	0.01692574042997015	0.07215383291427396	0.028500431440492684	0.029059429512744924	-0.07185308469363699	-0.008560388195952416	-0.09218823080973859	-0.003849095614763265	-0.01743693545838247	0.027353306461615323	0.005981678290056483	0.018336649601218086	-0.05016419499598784	-0.11892916225675937	-0.0796111198044061	-0.011523417805375212	0.03973208238861358	0.02839204767503923	0.027422896816649188	-0.08962534561133473	0.07971764137526596	0.03685081619196509	-0.008768909818601997	0.008746195654254274	-0.016879729205666993	0.13623659112230732	-0.08310710916299541
0.0864746294608385	0.04271477588050528	0.04486935359449687	-0.07750418445116222	-0.01047354411150291	0.06274850793063506	0.02983679245858249	-7.360573938913767e-05	-0.011584384169270816	0.12267778708132693	0.014654255867625681	-0.00927925020590858	-0.0731327515213586	-0.07819394293282551	-0.06146139141154089	0.01267415306192863	-0.014042365086246459	0.033860677829063976	0.008581692490601402	-0.00614472273519014	-0.06531749859401463	-0.10013017191073796	-0.0622673695955116	-0.03948924069402225	0.055642924058837834	0.009961000812876902	0.03112820373629355	-0.037199154818451347	0.06663179665901289	0.03549602109003504	-0.07757152119950536	0.020622796348147593	-0.058364124614758435	0.09583540159186639	-0.031963511355197226
0.08570147025053049	0.05407791385458548	0.05007372989421728	-0.01249387457149186	-0.02973300328816819	-0.002526023162872688	0.04748085538588768	-0.010772150367019864	0.0026150450542898776	0.04292176030548942	0.061771518611523135	0.0024706258574882676	-0.06725357718735307	-0.018032627238210922	-0.12937334707518577	-0.00374792020488812	0.022040681210601917	-0.022721098694368645	-2.441449481774098e-05	-0.004474507021896238	-0.05538455007412196	-0.11792829251519496	-0.0353721474915222	-0.06686905597676536	0.07984908107087184	-0.0018691730400962614	0.04087619268466302	-0.05842286733545478	0.0024396495726714262	0.017349868843330337	-0.04349358143354206	0.012246111139712395	-0.09391263016417091	0.13164630282173925	0.03376094909992646
0.09023054433683862	0.05105508529156565	0.04155468326482487	-0.08603619008592556	0.004068279502507264	0.014273302592329364	-0.0019480814232395792	0.09540243097787962	-0.02929629196232593	0.044132910521238466	0.130726869002729	-0.019602871121838873	0.009437377525114086	-0.0660029782119612	-0.0071885532905251355	-0.07170704807567764	0.08073984588809519	-0.05270554180605961	-0.05671899985457859	-0.11135505906664675	0.19000187803684	-0.09099400539212579	-0.03565758875731748	-0.08166549636974312	0.0872559211543052	0.019774444180092533	0.0025280606985463167	-0.09660208485694877	-0.02602321654073289	0.06446120021402016	-0.034193533753027625	-0.012040003868319698	0.0333238252130473	0.022275894651220218	0.04607786548660454
0.08769940121138473	0.06170541137271886	0.037852305614639405	-0.03595664663358411	0.006758319172618636	0.030138587260348525	0.015411732073195582	-0.05464896786436461	-0.004257069982788459	-0.058966590436546444	0.041692285144400515	-0.04930125947155907	-0.06981489672347889	-0.03821923592571	-0.06417616436157696	-0.1502387003738905	0.09366143019279964	-0.050316259858856384	0.01571075082581758	0.013184752645317837	0.026515639712565417	-0.09866440167409238	-0.019392270145897894	-0.006371181526160532	0.1646325544115282	-0.004013154426821888	0.09105874994182489	-0.07804472404853519	-0.10589297393018383	-0.05547992144731442	-0.09710388928229266	0.0530121555330048	0.021005664540254147	-0.13027436477548304	0.028558239435915476
0.08255088771246606	0.05384225293269632	0.06718377993488284	-0.004565920560823496	-0.006087770446582588	-0.03716498154283229	0.08156854646193211	0.01884744225242321	-0.04142317988912884	0.09564634372284225	0.07228677581782388	0.045249515053136936	0.0020804628205137155	-0.013568299116280132	-0.060642508372472204	-0.00580970650017757	0.0462946494250232	-0.018996533990720897	-0.02472222779313902	-0.02750280478060932	0.09233897566708918	-0.0754491605978101	-0.02229851079333036	0.15383043805830932	0.06958111072678443	0.05261674404080501	0.014872349796264627	-0.09665956729099583	0.012205070565422298	-0.09035893247172375	-0.0573274450447874	0.01720030386601682	-0.020835114096065796	-0.021556089664530598	0.09592043174434224
0.08106116381860487	0.06215980400574829	0.041607724909242264	-0.012496822840513544	-0.009935148155475757	0.05150445290660063	0.05421809498428291	-0.10500456249970525	-0.0664585097247316	0.06904755059191754	-0.007979247814219863	0.12929743710997937	0.024538645402967827	-0.00698366850908773	-0.0349727900310768	-0.022510119303938512	0.09394079612522972	0.03736940535475286	0.04435416078087817	-0.03368796586442588	-0.016358842775043774	-0.01319430621940429	-0.04473497675090719	0.010647469033879363	-0.004079929433725691	0.0657715611986188	0.06848477684686717	0.06709748306369158	-0.0647906384744591	-0.039392843778420616	-0.07074873213648761	-0.012790990459942846	0.07141597839618379	-0.04025667894073559	0.13131385073019097
0.07704102943612857	0.07126156713928457	0.041117358452644255	0.05572527914163641	0.00026250199954685956	-0.004002826432807804	-0.05084210061498809	-0.09884077417638368	-0.05190915511588275	0.05745679824468122	-0.019356472660240303	0.1495821036404333	0.053014312596767664	-0.05986192942985024	-0.013276318116009163	-0.011293256581935848	0.07323629942221421	-0.050762044866226215	0.005251968278879146	-0.0008566286313956133	0.022522765268960458	-0.022923051713874085	0.03095127580986999	0.02068853720372069	0.037186385337311556	-0.06541793817274275	0.0745252865651371	0.04518357353352441	-0.005668332008827539	0.004371166559046159	-0.058163882858436836	0.013274487754647346	0.04695463544303938	-0.056562457185114746	0.09793631930643346
0.08081349284371489	0.07051066047726828	0.06319790365689247	0.07917608102704822	-0.06138933267002507	-0.01760355324734159	-0.14861105533969116	-0.05329498521600345	-0.030095634236965756	-0.021843461286613245	0.02706743878622649	0.0804521610320822	0.012484122688833156	0.06244930046721421	-0.033577901404766	-0.04313052438378087	0.041584347794745964	0.01418397740338645	0.0062623706251559025	0.05575825391140207	-0.014488652260023119	-0.0008173772221803585	0.026185126878136664	-0.05775512945746412	-0.044796851086300576	-0.07008524942324404	0.0389169736418112	0.18483243054052087	-0.0798377119038872	0.053810237313102915	-0.019588659115981153	0.0228960843179816	0.0868251148389878	-0.1430990184344749	-0.014159933162810358
0.07562231814324667	0.06087298271175244	0.07199244358422696	-0.0022477120491145026	-0.04568359420117689	-0.002073609929678995	-0.17494188363287816	0.06406388428943556	-0.00393342372546477	0.06479608417849803	0.10545059149823639	0.011307972272558744	0.03800229032418226	0.07558599400646064	-0.01545381633248757	-0.04669247692966363	-0.01571808643490193	0.00249060899259742	0.01250179361027305	0.028021568832382195	0.13573680979229072	0.06012875173684955	0.09002640261450413	-0.11198649608710087	0.011299654758086579	-0.03276632459113631	-0.09181600080638583	0.11142821502205162	-0.14348876508474084	0.04043589244434465	0.0166861250055492	0.04386857208262346	-0.017061771031282803	-0.07460137490269689	-0.019292779507972105
0.0773562600349411	0.10532216575588	0.021275133068846024	-0.00810396696507108	-0.01995343934308419	-0.0036204047595032886	-0.05417551345250182	-0.01032787268354036	-0.034947365697349755	0.007072876892281756	0.04697188071927793	-0.08810062633368011	-0.03292497842154638	0.12991426860954947	-0.12897282578417163	-0.1858978759439164	0.0026662377911406705	-0.03878694396615211	0.11387085245029996	-0.010383206876229022	0.032470201986499324	0.03211295252151912	0.08828420411791461	-0.09900184565650832	0.0199290747304825	-0.018589923172780565	-0.07757994616530481	0.07852479731928311	-0.1296744009687843	-0.07837461860891003	-0.04910429382171176	0.020133914155907366	-0.05337156271541076	-0.021770175782160336	0.14926795068239335
0.07674980598703361	0.09548476002877886	0.017793227872402975	0.0011442610882588808	-0.05023069607067507	-0.03343497563855312	0.041266889703311604	-0.01825361646753041	-0.05935760482616219	0.06042678421887233	0.05966107858451346	-0.028306644194661973	-0.00415429447912613	0.14254387554630266	-0.11557716992983595	-0.12803100729532463	-0.03498729149584463	0.05372245739887262	0.05738220636829548	-0.020889321946464187	-0.019046644327314774	0.04535253078875492	0.057444012856843384	-0.03754759424482561	-0.07370116453176437	-0.02003757481471327	-0.02758525002549851	0.04491247487765473	0.011989438735185782	-0.05945121533851807	0.014259351187188508	0.037524056743078016	0.001292602954392012	-0.06810991631629766	0.09135967444397779
0.06725445192527732	0.10695894342852187	0.031246602960462	0.022877581762583102	-0.03334521310095214	0.0499935540191718	0.021461011502610303	-0.15026156742844382	-0.030906690779146942	0.10000784966125323	0.011555405674613694	-0.006664547388322602	-0.018820064706974903	0.10705855784992062	-0.0910346672774927	-0.10677441800240256	-0.018037958243654336	0.06047547909432127	0.07569807901449663	0.04570490843807814	-0.0858860327552857	0.07308364670672127	0.05103077947549876	-0.06257123713291132	-0.055714531248436644	-0.04148524173651095	0.05383144007833773	0.08958277139742565	0.07949066439266023	-0.06368865393062714	0.013776996382837546	-0.0005050330675449577	0.026096632385249924	-0.09730677213865323	0.02877144774335972
0.061870621675912785	0.10108832211727413	0.06822494954532012	0.09417446928534079	-0.03715697475106988	-0.011540596116424941	-0.012941149505578554	-0.09574930094155225	0.01983958373916954	0.15454470204609566	0.007910078888495849	0.059415613023359085	-0.011084868927758118	0.1134654563880718	-0.09068072465721407	-0.06204681048354253	-0.02826480745821281	0.04416066820732533	-0.02718367976692512	0.03289151708343781	-0.014527988863033577	0.06460200560466517	0.0434671234937511	-0.004112338128788026	-0.08061676700946346	-0.04744105947414996	0.0600662570207943	0.039867937570648444	0.05002067996612411	-0.006980262484811976	0.06968541702493589	0.06520273944744348	0.0013996303756356656	-0.028134932817945026	0.08824700631177469
0.06403085056464555	0.09319725154248475	0.045372593502870526	0.06979052447691586	-0.015804931815360374	-0.01275433589481891	-0.022503010646098266	0.00512504632124831	0.006895132788043084	0.22508774997929235	0.022582110727762526	0.09332000775612732	0.027505816400122448	0.03684486230067855	-0.029905678392995926	-0.03177866676599514	0.0026420659223546855	0.030535048851607592	-0.04591992672566747	-0.06408833530923304	0.09437049872347975	0.08806572240977653	0.005030503051074935	0.04608024974507601	0.0037789217503643516	-0.07378891426226648	0.014670782076735393	-0.04913175483214317	0.05674174473665679	0.00042864541481236335	0.07830916792477147	0.04734394186194375	0.09281110899349203	-0.06811477094235803	0.0061074402541006975
0.05620772259366451	0.10267583782430238	0.05417568924716112	0.06620471996459729	-0.03600614575295181	0.005459535088061618	0.0006347371106967891	-0.09674488301913925	0.065309484476722	0.1309203157864918	0.012979322412178574	0.007095339831820946	-0.027402954515377324	0.12007085458696498	-0.07336778442646248	-0.11929118117551447	-0.03232353339141934	0.05542417294473688	0.07591641718081138	0.024387929916270142	-0.0917122751660185	0.11712508468925661	0.04957493599764042	-0.04613883334358346	-0.09811449567242037	-0.08845032658948106	-0.09952100681501183	0.05078194119048155	0.011903670344884529	0.026293627954153943	0.0518474997329505	0.03524839898252956	0.060067188275694884	-0.01229354948318348	0.008773989787209016
0.06111357334717372	0.08653376563025848	0.06600753660433384	0.020692673458127184	-0.01585305472796159	-0.016013818115539518	-0.05695414463817985	0.029757584195606642	0.07494333368656328	0.1449229188456439	0.0688498607491498	-0.011839444297511275	0.004812577324832155	0.08706755053777673	-0.04526005882805026	-0.13465761127542805	-0.027119057863427398	-0.008044366177985613	0.006389258490010085	-0.03316537625179471	0.07365105940093773	0.06477206894216188	0.11693680039742031	-0.13618933280609008	-0.05284798656416004	-0.10669113924109978	-0.11106306376434784	-0.009056039524745315	0.03499090331766877	0.053499127571738685	0.03398894364956846	0.050593851781113294	0.0535573585555753	0.07701475428410973	0.005798476881190465
0.07261659779891745	-0.069284931631484	0.2182763989084769	-0.07432078606318353	0.14892182984284982	-0.08218969005350746	0.004229122680382085	-0.04241012358652623	-0.07117127192488656	-0.07894902373776665	0.12833233481982015	-0.13362085640550728	-0.02619278702072004	0.1668075533626106	0.19170240267052321	-0.05153229889314356	0.03178538316679241	-0.18513676119665598	-0.13452313031532226	-0.3381826536131215	0.06504174778290119	0.16416137853893617	-0.08303414125974894	0.07884846483514373	-0.35620542733447974	0.10728567602189858	0.06676463907667385	-0.04672818573079482	0.010970038718479503	-0.05094870141631153	-0.23181000138421262	0.22780636910098478	-0.14175051773420935	-0.14067997696846812	-0.053993537823336164
0.08387179090640938	0.014550846596268303	0.13606138995132588	-0.13489690090578485	0.23362640979838326	0.061481989025316625	-0.05592591430216389	-0.01605587184569272	-0.02931091477076468	0.03380871787239896	-0.0956731349340083	0.04628753323649203	0.04783714436468396	-0.1506171726888688	-0.04361269594872713	0.0028171247859101536	0.02396113305943151	0.02538073665503849	0.18610088294407895	-0.12061140426773853	0.026852067248885232	-0.0415495593118122	0.10554744143988329	0.09758201243311382	0.015337527353409083	0.01230059204563859	-0.029909983858098524	0.08896228934689175	0.06343582130028882	0.12352518150822794	0.019619539166367703	0.17107107237455296	-0.3133447830541277	0.04651512057080866	0.08077961571000089
0.03618692640749659	-0.05021298669700387	0.2506631033716298	-0.12535555655889605	0.3054308157538521	-0.0663756177598975	0.17405211170132623	-0.05325751286481265	-0.0013902479430521239	-0.031634779198865585	0.007850265708022582	-0.0045371555528552	-0.08072664688123564	0.12413678471289863	-0.018049462011097896	0.23022824197917902	-0.03919411128151297	-0.18965136926617632	-0.018371938638686275	-0.024686196201848042	-0.14035694689089362	0.2362069294134712	0.1496011543569527	-0.12950185895520708	0.09869420412049312	0.005216954062449552	0.27481629602659163	-0.021483452363153438	-0.18841545316895028	-0.17726711226040223	0.13420764812982883	0.0011551925007697653	0.008895459463160373	0.11718147269584164	-0.16452533721258394
0.043107490757478405	-0.04892786611041913	0.20030456939613012	-0.10119386809839212	0.23578098949336904	-0.06969013891102087	0.11788439207588651	-0.08168292920875586	-0.003364854450896396	-0.022703397122341373	0.08398829999838807	-0.04419993759370155	0.052373214732974446	-0.1784114036559578	0.005973008137634798	0.11002791494529662	-0.0489810883512023	0.048687701125818245	0.09667448049244748	0.062350352493875764	-0.14809081182460088	0.058741251009868045	0.0425388191182372	-0.055294862226280224	-0.012366444695679248	-0.15203664338188538	0.07729645419859454	0.08515783307342245	-0.012794633966246416	0.14762888238590854	0.04527219912755219	-0.10077774443506288	0.04276703143975231	0.04514003573873955	0.14589647222349247
0.053600109337077935	-0.012498618969692817	0.16303996812627541	-0.02254855166956771	0.2250123398883573	-0.07502500863606101	0.10306499556449046	-0.08682321407224816	0.09126914579015434	0.02558654967646422	-0.08257591686234189	-0.056747573872695266	0.038556605739907886	-0.17794461355667524	-0.001224449904795066	0.03809278988607979	-0.12254415292252263	-0.05798137053423	0.10964650935284256	0.12538766378739732	0.045226793194714295	0.03950689297539524	-0.05866241613300087	0.04126205154836591	0.0927260820340138	-0.11533428440554572	-0.22288239354979036	0.04229563902088218	0.00023940547338112406	0.16883313248525691	0.07741144540224891	0.02203157964593938	-0.018699786380522783	-0.16495190488224837	-0.006524149107501497
0.0658920041459329	0.014732737932868603	0.08262078246052407	-0.07931298390084818	0.18240280855055926	0.014267149400535112	-0.041499886705829145	0.05055853181558475	0.1581751853798719	0.03214384268924041	0.019995756180394248	-0.07240425810871247	0.022368307143714357	-0.13317276721081842	0.04302491933981204	0.06306299787960701	-0.06154392221964606	0.02285396281607865	0.10520419459460657	-0.07734055637974585	0.09839806244805703	0.035375467879195856	-0.15783427621082266	-0.040684463582823426	-0.012848047202172391	0.021142445998144653	-0.0455614173851416	0.023098158409155665	-0.07786117518573384	0.1924163899723949	0.019679628045651033	-0.04986271071484355	0.07174324835472162	-0.044366956928243655	0.13061366238809682
0.05556079874800205	0.031614993488259725	0.022636706150811526	-0.08526280768239607	0.13279830133900156	-0.0878393908455077	0.057592115024415365	0.051772142013849776	0.15316514939854634	-0.10130613726855314	0.07039099949196675	0.023046212660218616	0.09083876012890789	-0.02495380739715213	-0.03642932657869983	0.0073639471227095014	0.056260585879725704	0.04547986074300402	0.1856387676587439	0.053930576706875163	-0.085580867206097	0.09053325535199447	-0.032245730453787015	0.02606261775509046	0.02184036157448673	0.053661014619747496	-0.011285055573575748	-0.02094972390352445	-0.05002378625025045	0.04733465608892336	0.034879187686580895	0.017140906402565236	0.08349727292420286	-0.08221716158046707	0.043245153307382225
0.0445576993165275	0.02539283658533622	-0.04788090555049859	-0.10707612828399657	0.045157318724719425	-0.10941458339803525	-0.06869394517282844	-0.04112152160666744	-0.14016659160944359	-0.010107511565741878	-0.0061943461818395155	0.012455431583882758	0.07280807488866402	-0.033327934437653584	0.05217524296876131	0.056706670326942474	0.05434856023704711	-0.0017559007165110063	0.024754457531152095	0.043191607225121026	-0.04418716189639997	0.12808713340081138	-0.04471198424347754	0.05054882913431566	0.03710755835759494	0.024278246487499475	-0.12008883697323966	-0.0775420376457102	0.09171322766961139	0.009606788816598481	-0.10192560660097706	0.0439505500847718	0.0100056147792105	-0.013053551747299639	0.04702566582498567
0.04546782327206412	-0.0003220134903863454	-0.028700374676577562	-0.004914055772370588	-0.002957930644059743	-0.1187782715941645	-0.03180685503490318	-0.09766507270876022	-0.16427332771548497	0.026778794195667394	-0.03819808367858599	-0.07345151646673438	0.07512188570374455	-0.09789198502533786	0.08071036912706325	0.09090498072774429	-0.04635490844390104	0.0009133525525212615	-0.06806093874458857	0.09164027900300384	0.05112411426353271	0.15287676604605413	-0.045552663495951565	0.038899582446210945	0.07160328175553457	-0.11152142983746367	-0.16675317783838622	-0.16095887978352502	0.0776343007240676	0.03657428773542264	0.0725725331634047	0.0347776120930693	0.0987001483316952	-0.15868039876366735	-0.12110512324978685
0.041188341672035424	0.05182306981854881	-0.028544168417648924	0.05136009222405613	0.05818385033917794	-0.05293552024693478	-0.1968059883126916	-0.1240965900105857	-0.012780497227854752	0.018584382368505376	-0.13152273684201252	-0.11208046718005754	-0.0913281977977873	-0.09457063151885284	0.10258835055539896	0.014550411434012008	-0.09304387315661612	-0.015640353481042903	-0.004094766983551275	0.0748294026959804	0.060602421614805085	-0.055630197291272075	-0.13958919917894766	0.016563024194954395	0.03621506433756285	-0.04952187449659763	-0.02135605339448822	-0.18887953800809476	-0.04521081992363825	-0.009147531349234087	0.05361831442587514	-0.01724646793404827	0.036103219043298315	-0.11169604393506581	-0.06629484726016961
0.03339014707830184	0.09093231016047616	-0.08493352306469948	0.019260595481477936	0.07873804498293129	-0.1728803492181971	-0.08895990837606124	0.0725197456020879	0.03567525984833284	0.07218933134155921	-0.13315523526909714	-0.0015898114551839756	-0.03298180087746941	0.040244834816498445	-0.0069094238676721195	0.01702854735939279	-0.06860154399907997	0.044867749556935094	-0.006055259316225884	-0.11349197172220087	-0.024778683955013085	-0.04104979804243567	-0.08942036095865574	0.08463020976870722	-0.10115971125369651	0.06241278098311208	0.034099804109075565	-0.061301651826584355	-0.024078290222168074	-0.025962567199576556	0.017435912769547805	-0.05161659924289073	-0.015582602517032508	0.03905824016155751	0.10510892407717261
0.03650822617515508	0.049717007046980614	-0.09635785322937035	-0.05633865299779697	0.0617791729588183	-0.19808179473652546	-0.055696692102135036	0.05592545632744777	-0.012646232150413484	-0.033499635100639844	0.02737241282129128	0.00760528213878686	0.04723188613499906	-0.01601678743743567	-0.01236554288803034	0.0007543681440883368	0.06740726918205661	0.008150955058102987	0.018655154492615227	-0.055723646923123	-0.12646594307807554	0.01943139693009439	-0.07708873151718165	0.05169848811728885	-0.01992732411090703	0.009110803540141925	-0.003122826769908651	0.014046958286242452	0.05552531171758226	-0.007150709162215612	-0.0747287969634572	-0.02901281662708889	0.14689312826342343	-0.00351386887985658	-0.037443617544679425
0.0395504695496933	0.06274450290208232	-0.14127455889032015	-0.12717722773087609	0.07268403803086501	-0.016984729317026836	-0.10525208978670024	-0.046048456481098156	-0.04186505683088432	-0.024193484061092847	-0.02397979400501316	-0.06148523983914134	0.03344228205728887	-0.07201296603756778	0.07313341329707643	-0.09770116727203657	0.032417052045811016	0.008248810197851786	0.005483633755586359	-0.05414822228870046	-0.11125042677126569	0.03147642606696226	-0.03853017181997699	0.08309205408689158	0.0017722775914111727	0.011094285810785753	0.028859259165797603	-0.06053816633546822	0.09581874617104708	-0.059667296868437525	0.09811536026938436	0.015041428180087472	0.015456837972001224	0.06570030083781532	-0.020183662960622347
0.027819264207299355	0.09491622290956286	-0.1107507281594912	-0.009791180778765143	0.05879923982194283	-0.12339596568696498	-0.05585143009543531	-0.07403487208719153	0.022398398532237566	-0.029362063114374157	-0.12674094525819823	0.032443980264236	0.01471418613438273	0.0025839762536612335	-0.01328794386294974	-0.029366654143127703	-0.04927936970452947	-0.057831146921188875	-0.12481799610894884	-0.11211148220584985	-0.04674269437239117	0.015825930709521353	0.026409446865534883	0.03304880976981651	0.04093671253724934	-0.06426877975080833	-0.05020190204305977	0.08148315761813679	-0.004563416945003739	-0.043380987031070614	0.013951571990746089	-0.01601714143225982	-0.07857796059983438	0.12935929818536007	0.04232299278582775
0.026486061415710853	0.0698654254442904	-0.11570278883805953	-0.029784321168303953	0.024073413699707467	-0.17589997397335025	0.006570308279381919	-0.004326566333516777	0.0012170456106621317	0.032639610223571494	-0.07455976070486046	-0.03974561536674244	0.007418431338152515	0.03884667584434767	-0.012432168965389175	-0.03081470512474171	-0.06075619304220535	-0.03313251255926624	-0.11673061468302279	-0.11544303958542254	-0.11223921528329511	0.034694174821319305	-0.048462562730829946	0.04368201092036474	0.011685052975511586	-0.012553850369759846	-0.055258434511719245	0.08940029544383242	-0.04854764628004848	0.03681284132666275	0.10323688534464069	-0.06492530369360446	0.022529821617865663	0.011490556755781714	-0.09285611266939742
0.029418143152356694	0.0680025225836409	-0.14059597212831693	-0.10448291386377766	0.039124594503600695	-0.04839560714694313	-0.12729824824014874	0.019048152703404028	0.027987998669990393	0.04916881408161966	-0.01641000417310924	-0.13409541843928469	0.02538203927942699	-0.04247294433181872	0.051364840652843656	-0.08952096461167407	-0.05042222022027096	-0.026552867554755333	-0.08616036859863244	-0.1417637962549779	-0.02183448897312302	0.016263300176139518	0.024680956881054667	0.0006237328220595056	-0.027940951880036567	-0.05845646881205756	0.023843464162245216	0.02310817743448646	0.0014566660063772188	0.08267661771595282	0.07695975082288799	-0.11861571624177417	0.07994457807414405	0.08708340268015317	0.043353334007961736
0.01898550644335558	0.09350886285200305	-0.14268148909364106	-0.022980174404003212	0.027344473668137005	-0.11418586713880659	-0.05665059231053388	-0.0664116754606385	0.06326760140616097	-0.06365816247828558	-0.08656250443387996	-0.0050190242258119026	0.06509224346268326	0.016899990310631937	-0.01507402991117462	-0.024934499469882014	-0.02352275576700905	-0.05057694382466653	-0.0784862456762285	-0.03698694503032123	-0.05828135691955515	0.05259854100443841	0.06067817746336138	0.04632987112156954	0.010081893458312736	-0.03848713006273025	-0.0500655380153172	0.05532053882182766	0.02283448002855339	-0.014629089705068394	0.016153424216014428	-0.030033031142289036	-0.14333880983347122	0.0507884436477944	0.04324945573977215
0.026963998910148838	0.07291901550515648	-0.14127323227145247	-0.08701456993988271	0.03435106735571808	-0.09616801619427179	-0.03792626286833299	0.07195989595457564	0.004978629234254198	0.05877293639642016	-0.08079324252174276	-0.0544485030249645	0.08334282759684476	0.07845423649495702	0.016570320911089894	-0.047762516892233854	-0.033192204690125585	-0.05961288764773169	-0.10071771738450777	-0.05884919994619572	0.04186260313370471	0.1257613597647534	0.09840868938334811	-0.00650954964601592	0.08848731063557194	-0.007318966083200276	-0.06128906347115454	0.040350793963907644	-0.05191226821370731	0.029379041559898317	0.07508804733905311	-0.12928410713015087	0.025020327062946494	0.012087821280716587	-0.039852600752124226
0.017464138956427948	0.0853003692017985	-0.12579165630527986	-0.03969804993735617	-0.0066027126796374845	-0.08661211931559086	0.04320173011929742	-0.09364753904975089	-0.020021683097557114	-0.01740450175878463	-0.002581379124371435	-0.16171040820236363	-0.02542560516320385	0.030729379987101443	-0.039174197941637796	-0.04566804453260574	0.003854019239500517	-0.05679916799047794	-0.019780388652032306	0.009914593326476068	-0.1396348082636232	0.053790363410066544	0.0928653572193505	0.01566441669795471	-0.016224783478965613	-0.04754388825634867	-0.02728420999186648	-0.025525103454030303	0.008932681831647252	0.049408242935668006	-0.020124890087606703	-0.05120851222496399	0.038108393542306926	0.010787143674207942	-0.04669118664344007
0.010242895666928535	0.0427507813328797	-0.06540432270463264	-0.009366398773203433	-0.016470016602924156	-0.10372999329695791	-0.03134569077976384	-0.0861929396739739	-0.005411685137142442	-0.004981932198433887	0.07881510799428372	-0.06447448345912739	0.014394908957719534	-0.08427485028254121	0.015035094735995692	0.04933908215481457	0.09666817630857935	-0.045594786551055665	-0.13608979917000047	0.07824902236759715	0.0012995637954649752	0.010416804389859854	0.04325979123510231	0.02769949941239778	-0.054242608484553194	0.01415228573137772	-0.005136817269297704	-0.031688987225242944	-0.010465417350138688	0.000690064266299497	0.07988237839541308	-0.0122013729573703	0.04319853893958159	0.06701385800865398	0.09508877630843166
0.01048930440261419	0.07552401822550586	-0.09833912235479648	-0.008445277143882983	0.0208652607695878	-0.0408740438991595	-0.020153747849318313	-0.13996076722472856	0.010097274923186322	0.02193433944648938	-0.09849089114978561	-0.017853148199586652	0.0028366781988509314	-0.04401322271445597	0.05333421619394855	0.0271679813139053	0.054972392759176855	0.04633573884044892	-0.1021869006328877	0.054549219245065825	0.0594438354790798	-0.012290974563633782	-0.014977286745176708	0.013453878613834172	-0.03927272959147589	0.10059554336360099	-0.0351699259076159	0.010873134064566196	-0.026609787586568144	-0.08164538660294848	0.0031273191047041654	0.03226568681775936	-0.046756540356722665	0.10880924685608574	-0.03091180413493329
0.008809505009977918	0.049134017219691004	-0.05612294173808725	0.014820312462075293	0.010049627734504648	-0.19378005461272127	0.03729208639751391	0.002701150890548379	0.031583340216175544	0.04694790349638763	-0.017348679068477122	-0.00983803436297834	-0.004031368544570592	0.03078340210266633	-0.007000790593913302	0.0729312822509725	-0.0668096515527161	-0.0073203003503803585	-0.11331101159629112	0.050332008626150275	0.033037429839176444	-0.10078931085096486	-0.060449542246146175	0.006481669848712313	-0.01081949846001866	5.461933445367884e-06	0.03211393051234335	-0.03917036365330945	0.05441268438344214	0.013756297509835293	-0.019903586804019047	0.008995287719310165	-0.024452783568219567	-0.03575880439437603	-0.0905559900416038
0.007499751584722706	0.06348697657227909	-0.10799262827482241	-0.0872750977444892	0.04598779566987156	0.015225689370939665	-0.11023333571558863	-0.07850594410661284	0.034088881741248106	0.06272438819526166	0.0033495859406890787	-0.11535083096548182	0.002062607857942724	-0.08250923650828365	0.03915373494552125	0.05125153394506799	-0.051030758981299856	0.056543251186263375	-0.0024766352226019347	-3.2613211079988904e-05	0.0037546343315041242	-0.1153458283333777	-0.03156289148080331	-0.08720753650044291	-0.09856076104147055	0.08661328188221866	0.1329340133103252	0.027369466787486557	0.0193857366545752	-0.03779130073919104	-0.051126265824882146	-0.08693013017002127	0.029092309481241085	0.007650191420793782	0.01835127804939627
0.0015088330084973216	0.08808709905505108	-0.08194553574006665	0.028727036588492412	0.030216171270282165	-0.10084090358500838	-0.08899429401462287	-0.08272412525001764	0.10306705592465545	-0.08691538346990434	0.013603885224552326	0.009952039062429007	0.055067599660239004	0.00936719324022457	-0.060300877693557645	0.09646333999683677	-0.011836889507240262	-0.020212180100256973	-0.00930713383807168	0.08414069183720385	0.005940183080346658	-0.1493755949687659	0.07402465155199953	-0.018091981908117862	-0.05262223860620269	0.12024808576143065	0.0664885263475527	0.04592203505482872	0.058166145648004125	-0.08699078969976866	0.03085139290727843	0.04896516623679777	-0.06258610242319321	-0.04440936073326139	-0.07736727773921248
0.003855566802273904	0.07340366070039452	-0.10597332269569601	-0.07935801010214631	0.05550454593531308	-0.07312614986993919	-0.07973856774410847	-0.003709085410572131	0.06496536728696786	-0.002419164885811091	0.029578808567965856	0.03148368665378368	0.11794630137272538	0.01530017713253713	-0.039197977480611365	0.08646275642663732	0.0033745580637350144	0.03665774972657096	0.003590034903781401	0.026921735376233356	0.020867533856977205	-0.11966994364313768	0.15102242695483017	-0.04845182956007145	-0.0379603691947455	0.11737301346951126	0.06897380687692486	0.03457389581040705	0.11743148131394465	-0.08580871597630574	-0.05875617293473373	0.08858239443950075	-0.12254506680707977	-0.051823328718401944	-0.07138047552448805
0.0009172402013440735	0.08513111079868609	-0.11992135539851724	-0.031518763925406	0.030221978913559044	-0.05056039345843387	0.0463483779302642	-0.10032950182972232	0.031449988081612555	0.004808200761167821	-0.03063723507830603	-0.021748690786107274	0.09540549083352852	0.03687433444973781	-0.07798660983746467	0.12076099737715902	-0.015305462468537904	-0.028238505874205087	-0.05025803640381528	0.0017058762177084132	0.12312288417676569	-0.04104560539109265	0.0554664611046713	-0.09021621627306059	0.05336356339584441	0.1303344809195593	0.012793206749077041	0.0783223103621313	-0.03593985460073557	-0.1089906709867726	-0.05474981787564706	0.027994431406954057	-0.02773293443182106	0.0011587223291544182	-0.007289212316627252
0.0015336636643126483	0.07644366163360806	-0.09146197252591416	-0.03426937375276087	-0.00017952530245329831	-0.04510371349559449	0.08075720178450141	-0.08915090718201989	0.04618170927878828	0.030705048859960952	0.06358958724972684	-0.09042851575230412	0.05357683611856851	0.009233142094105638	-0.07755319212779746	0.10357457336362223	0.0022569964615386006	-0.009508015510687359	0.03091601324244221	0.021213439571390033	0.01972661661305496	-0.10316820209917653	0.07147190768301105	-0.08284087886313371	-0.01975742809698413	0.01354602025294729	0.039157078296906206	-0.020393754868921046	0.07900892642061838	-0.0011952507932154847	-0.0314380519553385	0.01437215198528944	-0.038072615951658395	-0.05618144323444536	-0.14520804940809892
-0.0009303438938224968	0.0546766287482347	-0.0649114981774672	-0.06736062310907459	0.006912739493588602	0.022396136208356888	-0.024980746434735926	-0.09716048639349158	0.10246604256818817	0.023442798675005493	0.09992899276579355	-0.08164067233803744	0.06170830540409738	-0.09750239979271284	-0.02228530661156415	0.13245060597173372	0.011226065392659688	0.011257435303279094	-0.027254265163979618	-0.015664029349020416	0.09142194706322543	-0.11747516317413377	0.08238593446482173	-0.13087484657587162	-0.09029240887616607	0.04429078341568071	0.048582679384208245	0.00025591528640441126	-0.020991547739358695	-0.04755699514084524	0.03965697896799077	0.0102105919954269	0.062167191453346066	-0.031956009876586804	0.06394633060993377
-0.004481970234646176	0.07148301027696835	-0.06882657134415424	-0.033014901424179316	0.01251337486601999	-0.022653909322524604	-0.005875799044734582	-0.10681940495355503	0.14269976150797858	-0.07876843691489435	0.07424252230606453	0.005569550404360171	0.11083930653333336	-0.010333748097007147	-0.04350481913575781	0.1275979976992236	0.03903774624025703	0.018520266644652485	0.03716785211179722	0.052421091767389266	0.07142062761747242	-0.12464341847451611	0.13436968689697523	-0.07080072041122727	-0.08230044837925116	0.05187107455348689	-0.013648482977087232	-0.029825030535960466	0.05992569235851806	-0.07521869726317007	0.06554346436697989	0.054870951494904334	-0.036467797226140845	-0.07683218325114714	-0.02458023432883183
-0.022880257394556555	0.08396996211395742	-0.0074541059556082175	-0.1087852707252984	0.06357666227594963	0.1184611001833771	-0.018518313345047464	-0.1951313621115295	0.15945139887229415	-0.11230205289147774	0.24202383174579828	-0.035200483213800406	-0.08691652293172746	0.5045977064061148	0.2900580692307393	0.19475650481477444	0.032771051725600325	0.37137296653637075	-0.09842538003298952	-0.006721950488494067	-0.03732574019240818	-0.08585943179511202	-0.015163096025755093	0.1976750289742704	0.31145934300119704	-0.0344142181825676	-0.08157610719375208	-0.05688884791986366	0.034063085449181206	0.2122639156732579	-0.021577060174166607	-0.039515484036182706	-0.014047584101652483	-0.0007018458646038429	0.17416944811392426
-0.04658200596758777	0.003778360791769062	-0.01743112969751011	-0.004819534028986503	0.23247765758106914	0.2747882850662701	-0.01032036063015371	0.08347241328484035	-0.0872361706456439	-0.029972993512898873	0.1453165457929008	0.136659016405827	0.2574908557097136	-0.014927669211995098	-0.06947740070161494	-0.15412790986649627	-0.2462714394583433	0.12329046322985955	-0.3561645165556865	0.12353196613051828	-0.33620274264802785	-0.10934723119492656	0.08190369031851628	0.047060882109105	-0.1881595225690341	-0.06233821560846191	-0.03688166169403875	-0.2994205345612324	-0.2850581181068244	-0.06272972134566698	-0.12653688250437808	-0.007660659866575277	0.024479270628858428	-0.026671354463715137	-0.06803173495284945
-0.024626207572679814	0.06065673503312567	-0.013574350138776753	0.2502837718541606	0.19725222748046475	0.07555398120109078	0.15997772240332828	-0.002663382559618221	-0.022888629851116806	-0.08643735056315043	0.055917249467877954	0.03661863932643604	0.19063091348005462	0.01662857739638163	-0.10772520025409993	-0.07658151451815685	-0.2018065792257881	-0.06660700040845972	-0.18427578498987157	0.03045909585914636	0.023336368951112282	-0.07866083728009576	-0.17700822227904894	-0.1551832682401295	0.055666647008624476	0.26563011207649656	-0.24400230846969997	0.13447500823231717	0.01107537066079537	0.16138540626354936	0.03710767256712928	0.0002707019193534631	-0.0006431467534558991	-0.04827629770791111	0.0045768399636431124
0.01892497326350528	-0.0717671755491765	0.027429764126107616	0.128410086320297	0.164189740274226	0.0343522299526034	0.013041086512696273	0.12265777811366844	-0.0874963022296517	0.055274379383501236	0.19921142573421197	-0.023341656264675614	0.04132374593142353	0.0211376199055841	0.10211761047102691	-0.06663780277366624	-0.04653512336532033	-0.10150458669688929	-0.12533351066105325	0.018819254624709854	0.06761284223674924	-0.10405291054000149	0.09782112000117085	-0.10652512138244943	0.0842413068837333	0.05388182097623974	0.1424119657793184	0.11271462944648573	0.2838424056025462	0.02141842747829418	-0.004573800300038374	-0.08391915286280302	0.06241000653540266	0.10036609912026741	0.16260969783330517
0.06374102326091184	-0.013294044608256186	-0.06401322940631951	0.1726258544553008	0.17259008511505727	0.15110267899788823	-0.016914236232534713	0.0358059166331017	-0.1380174301458591	0.0028550343743626726	-0.02574398780355519	-0.026935851036289298	0.0144119337178681	-0.010007760471007786	0.10421623352359273	-0.14715640933884397	0.018322829939442002	-0.0767368391352649	0.032276939386102495	-0.049697730410248823	-0.10705859023505569	-0.040300446800369344	-0.021615836692156054	-0.05698924817962117	0.14113581931368935	0.23028630926899055	-0.028667952013412233	0.15067956453601863	0.26455241688793085	0.03430440239460315	0.008406136407535326	0.03620765985749515	0.014147150690446586	-0.06610117275009884	0.0422031627704023
0.05784350731259483	-0.0070555192104199155	-0.002249166376848258	0.30318750948776585	0.09900395622335055	0.020806836254822308	-0.0998426635826391	0.03767444251697616	0.015354325569150782	-0.07117888456083767	-0.08083661650721453	0.05123209979533848	-0.037172938212093665	-0.05381266028149564	0.09033820266247827	-0.06738536478217744	0.004340293232505171	-0.0416210222245259	0.050247012993459066	-0.010056450929246107	-0.07599719812035574	-0.05789807034709072	0.14259081024695772	0.08420442050704187	0.1082690689725201	0.059434141756337065	0.1503094284671768	-0.1452966758631157	0.11374895330145111	-0.01575126184472777	0.13072709705533142	-0.019838930129748876	-0.03489049416983535	-0.057443424218759746	0.08793243772930155
0.052099789951906936	-0.017422475590254685	-0.02378017921228686	0.2504436518245066	0.04990007819115108	-0.02135916960043169	-0.05286146940750304	0.13916127425896252	0.015949583624641658	0.0962012042984063	-0.051857561694999034	0.04876943505970159	0.04151505338083087	0.04186104956665847	0.13322963860996198	0.07748811718812859	-0.018628185296072675	0.12373580378121829	0.07815924178774589	-0.062153561223662813	-0.0019761633979577574	0.15786128425953166	0.10202661977600291	-0.0224940512240853	0.2004031203734499	0.08887779976123635	0.06878048426431894	-0.03982823286818574	0.023147904835763525	-0.11472050945707565	0.01906590941328119	-0.1751344901202793	0.0532713926181239	-0.05129017841688717	-0.1432842844762257
0.059459889574075844	-0.01536337372259586	-0.026288207870998014	0.18978094940459098	0.05629101084600274	-0.02946958495984997	-0.09050609708240154	0.09895862918987415	0.06890033609403019	-0.0002407096200838387	-0.04096478902314842	0.018477320835109886	0.02219846032181656	-0.02283429323334818	0.09408062064767506	-0.009743820764212069	0.06691301502273142	-0.05080556866031554	0.09972572146735374	0.05121124310757298	-0.13387519548014695	0.10937756430692486	0.056558474543689695	0.01006332339489707	-0.009224636470272517	0.04305422235428844	0.10755340892959432	-0.13067032014006608	-0.10356882033571996	0.0004779111193502633	0.0024063957410262946	-0.1218379981436364	-0.02387667653955928	-0.028733398085173955	0.17105848433765697
0.05233254690183989	-0.06361027724723609	-0.054032481833897174	0.15235580676150806	0.0066942961606426795	-0.0729606517422686	0.02694980938363705	0.1328311894247618	0.0552491549111627	0.053463325491447264	-0.08550971618619145	0.018758602578517098	0.06744388084537382	0.06548296365032547	0.048328534532074904	0.06681375965332946	0.08339302009860844	-0.02317951420273313	0.02807174619179762	0.035204151365364714	-0.06299626372981774	0.12679105641988775	-0.06031609392578309	-0.032661512962270274	0.04380676960018105	0.09142078356090155	-0.031091037417528347	-0.028751503923626492	-0.14849908358705483	-0.004511676206908611	-0.07390792277542535	-0.07825217335261009	-0.01675160336387349	0.05426007008082515	0.08786639342551518
0.053577358906110706	-0.019078851202891923	-0.1354186643695025	0.055898451967436376	0.00577066841474374	0.08031405657122118	0.011128011240433678	0.06433187143716008	0.02845789650841712	0.08294126961314029	-0.054332703936318526	-0.14973235884506886	-0.011003563012179635	-0.028818174105075554	0.03210057579754799	-0.008737548007174623	0.09598855448857822	0.01672656452566895	0.16117742938997168	0.0031548090975267104	-0.13532738747752804	0.045527715663845884	0.018297101005379093	-0.02968455409158631	-0.023606904552351086	0.01736254107096747	0.05199308007051723	-0.13386601729702277	-0.0537584056349039	0.06753629034357786	-0.11572867302301991	-0.05106248191243654	0.0012763574939674144	0.059937076751512525	-0.014496229262340052
0.042354891302623474	-0.02521473242397872	-0.12758909708609514	0.06279163527189381	-0.00656387265724742	-0.026545379159078137	0.07003121845228695	0.1083954877110899	0.059335461134796354	0.05683387208214327	0.011247640265940283	-0.11513190454046895	0.013714019993399027	0.049463601655629595	-0.03386765881190401	0.028539436412213175	0.05535132114656747	-0.06341663527293216	0.04897211194477298	0.003944866658139523	-0.01832743309865746	-0.035036458702901604	0.03253013895670932	0.029203041875664013	-0.02738188497829082	0.008697735524462555	0.040785554700706605	-0.11711832214734852	-0.1311165146990128	0.07339326855942985	0.06869286139622229	0.10855796910283903	-0.007485105092593555	0.13397230367679563	0.07049754438219977
0.04157673291960486	-0.06446555878952909	-0.1278755731626016	-0.0023761321192063193	-0.016707061021889034	0.0028245755417501523	0.1114773539465763	0.06546010774522555	-0.04691961722293533	0.09288620523906906	0.020436641104212346	-0.09179093643570185	0.05715623344481069	0.04529591974073068	0.04659483879295812	-0.010699918289831169	0.09766238560456209	-0.08488220615266903	0.030796778446803258	0.025294469751365376	0.005082986198418023	0.007604471469614983	0.05073848534297404	0.08212535370694625	0.0012557472899272038	-0.03692386312591542	0.09150139743801472	-0.0931376489780622	-0.022926780141534223	-0.0076771696649532975	0.02015213666129725	0.07453050649695449	0.09584828081747467	-0.09939357205455654	0.062089265840151175
0.03169457269734699	-0.049408677789333624	-0.0901220206776055	0.06222970156029583	-0.03995390061140998	0.03309442254722588	0.09893414750086009	-0.10462672937398614	-0.026169014785438725	0.07697532496808412	-0.027121377406581035	-0.045646216429054795	0.0475294903872251	0.024138058091704943	0.058422802090081855	0.03442227390606501	0.0893020009473832	-0.07500506476854428	0.012988149286816936	0.08493597162533183	0.004699137455217845	-0.0629606483902997	0.022663364606561362	0.05572644152524102	-0.04555666981237311	-0.01803059943331892	0.05827592008219546	-0.054516622879061616	-0.06494528200539026	0.021401117929443422	-0.0020734310676017707	0.05572726631660292	0.0029939251366598724	-0.15160463897483034	0.10052512581402544
0.03328588078327299	-0.10943849148219313	-0.04700905267161451	0.057618204524188525	-0.040898708573086945	-0.0618956782294591	0.0686172368766987	0.04291818739460902	-0.036477532291548695	0.11596555042526159	0.018745216824614566	0.03490644656185753	0.13381444076891716	0.031634245245596326	0.0741209947414927	0.05062408524793191	0.14542032418216905	-0.06663842048900485	-0.09936135265669346	0.036506044162161765	0.11298508517124115	-0.05888069755059112	-0.036964625133953384	0.02151980942008122	-0.037724335929617436	-0.0891134651768464	0.028367957863111727	0.033185682037577595	-0.06853625716630718	0.06887126312003018	-0.023093917398161593	-0.026773040267341	-0.035413169402123953	-0.10015380760881935	0.024337743230289685
0.024716545829535395	-0.06077286657835468	-0.1082656699687808	0.007047412866702499	-0.03125203425784729	0.06260725228503264	0.049309409222601144	-0.07949144715837035	-0.0035329802818167017	0.13245694213371284	-0.05924981840265627	-0.00956656603828163	0.10657066023490792	0.0001811262276224283	0.12921416382644807	0.01653713565929608	0.12839360702228297	-0.014782575821081978	0.03675059111548714	0.08475610649682534	-0.0012727034583386726	0.001151117481237765	-0.12465117483625796	0.028059748151920534	-0.0557030269036014	-0.028252778004626014	0.03860470619858968	0.03685103604935278	-0.11769391723741782	-0.008333521197102196	-0.03769049921593544	-0.0013036718984754843	-0.05817562200756489	-0.11567633898901136	0.007656312749407805
0.022682843023463642	-0.07582761277194573	-0.06758665520847104	0.057202563135525734	-0.04389825076255828	-0.02779318058317709	0.00011288656464606455	-0.047087035090293765	0.0368822795491028	0.05902292186276328	0.00025629347661918297	0.07606321108612439	0.1495380895032434	0.02552150507811493	0.07647507262112636	0.07662904869651478	0.07116739532517515	-0.08531203493975129	-0.004379371412965216	0.05468432762801988	-0.009733560260951627	0.0038642735695590923	-0.06611426719351908	-0.052529823549022414	-0.07876500956178978	-0.17307702516593826	0.03742998570163321	0.02199928759767274	-0.019397775408865482	0.038703995258484496	-0.09920778681824087	0.061940964036733326	-0.050205366731662475	0.08000971471605253	0.031649514709071
0.021384792080204457	-0.10439686465334028	-0.07814299560369255	-0.011575400751933371	-0.019178118921439547	0.04670746760767957	-0.03990786866976548	-0.034847457680424035	0.022789902694342928	0.08777939344462259	0.010514229574285265	0.018702314216450907	0.1929258215690053	0.0430522341178041	0.0902195228230601	0.02498276656434874	0.06045067179629168	-0.018364005203808213	0.039260561450740264	-0.0024345174735095785	-0.007017280090030435	0.03500394745438648	-0.0534137503585031	-0.054952931778427624	-0.03068670026097328	-0.08938771893337712	-0.03318790203821339	0.030591408691221688	0.021531771068385122	-0.05434885475562671	-0.07149447059022077	0.12167434992770622	0.006402352155384525	0.1576772684370335	-0.035665494684980995
0.006610640930480193	-0.08441430971375755	5.8544098615315465e-05	0.038496562039337365	0.041642852460332606	0.020379600148694856	0.009326991401820228	-0.16210104590426155	0.057138821297353454	-0.03400132046583697	0.006152227264333677	0.0328435886334639	-0.03221756225682317	0.17902497609153628	0.17038250540782848	-0.017318815016686126	-0.009736056968461452	-0.13179626477495804	0.04801475199732391	0.05432018055194311	0.06205894837779936	-0.01749986509581966	-0.05644225920459206	-0.04269153386432594	-0.06805613625327685	-0.14646408249150786	-0.06709022997678464	-0.00013941790873913578	-0.03451174598080264	-0.03638823924247693	-0.008346719173582491	0.01572009778783006	0.047683843952066714	0.10020099367212476	-0.07489873961301735
0.009181754218779106	-0.10622486802350499	0.014303401003043016	0.0701007238508087	0.08357756975687258	-0.03770877818596194	-0.06834279646470677	0.020287957356922844	0.011132590602929475	0.05328372397487555	0.1131841792385108	0.020332224751117896	0.03136179989929321	-0.0417424665116416	0.008812691489508114	-0.02237126311332789	-0.04329771494243353	-0.08188179358023029	0.004354944021520138	0.15011733970661886	-0.003001668475899156	-0.10311001617291204	-0.042718403863628324	0.1626521732335893	0.06750713825402438	-0.1981536279243392	-0.06570856281434964	0.20015662849507837	-0.01450817162457238	-0.09567951597633124	-0.07909851669056825	-0.017887206924942882	0.016720004620826748	0.02044180515968237	-0.1250778038941077
0.015688193034029563	-0.07645785243413795	-0.03873852417653419	0.056593278493409976	0.04835031223164116	0.006892026954748659	-0.00652421567662102	0.024637298055580712	0.01183294756144057	0.1040479869725274	0.12669126600196398	-0.09891880195250109	-0.020298762949210646	0.01903479350481258	0.037187689617710906	0.007226706342640797	-0.0289013379750065	-0.03340490237569212	0.08137147593198397	0.13925255116812216	-0.012116353185497402	-0.0492950614223882	-0.14389210184533224	0.061124037213603266	0.04569448042785171	-0.03887367449683335	-0.04278116756120425	0.17698000077455325	-0.12621360696748973	-0.13055701700380787	-0.06678579881655813	0.008516922954769392	-0.14523919917235908	0.1902532989348817	-0.04331203402356776
0.023134141125539298	-0.09555431072218888	-0.06783261882291455	0.034428280976110635	0.04416978448633159	-0.03326665107091544	0.1067764677397447	0.10310131776674102	-0.03757949067492003	0.0977857802897271	0.1025914936803326	-0.08509130835346385	0.023621687041088035	0.041844990474556296	0.023944459815970924	-0.02751665780731307	0.013503422487410512	-0.017765615556156734	0.05523140885296561	0.13526566241930557	0.061013306819822366	-0.04631441067228416	-0.07400856718706489	0.10815638295582056	-0.025960403784093665	-0.023141474535600635	-0.03428663578682395	0.08919349697535733	-0.035727755217462555	-0.04983227214522419	0.07454680090512582	0.07573460482675484	-0.05657345710995658	0.08652027290734421	-0.03876503786351687
0.022399263826807625	-0.07145322415066614	-0.12150002614254195	0.01743937730459011	0.04341507898039316	0.10721234643907675	0.0955638444191047	-0.0433355696193468	-0.03274134486730549	0.07418194323797209	0.01571021005143823	-0.12488668390498464	-0.03807438912373672	-0.00100468815269447	0.0919578201765445	-0.03700760983080061	-0.0008921313126149515	0.017930331394887835	0.13990535600587825	0.13239287281477463	-0.08609005832546784	-0.02035050875154803	-0.05207740447033858	0.02493176961600574	-0.01663931704983383	-0.035894857148784896	0.027637943986661893	0.09400773746721677	0.025321326580327624	-0.0577008418761447	-0.009073724472706459	0.014385992725728162	-0.06188489224546589	0.0016342797309636514	-0.09695907607064405
0.018528156923553314	-0.09292447055165651	-0.06543806202810241	0.08961647378963027	0.04415609999972949	-0.0036359475248154893	0.07767806787854853	0.031142690465559297	0.017963957968323205	0.03965003315403098	0.019117481535151293	-0.06531222632282196	-0.09452183168874508	0.03851256241910999	0.051371311594683444	0.004133512136129721	-0.07605877423133686	-0.04997102690069058	0.0165766823345444	0.12349857381932886	0.01916148910442543	-0.07305093070741528	0.056235876323208214	-0.0015038697591055143	-0.033248979346191025	-0.06263309395233396	0.024206760922350305	0.009193653714879513	0.0764585396283718	-0.027111153431533728	0.06149406584357512	0.07582392734772522	-0.058961389461956316	0.07518075778829836	-0.0036117231888997403
0.022036524936168533	-0.11393539386701583	-0.05793877008174262	0.04947407725624147	0.045148508467886254	-0.03605023609845127	0.01951142359272935	0.1077487149080564	0.017357384535714372	0.020051954181234313	0.08493621355409606	-0.08798289225480624	-0.06454014038393524	-0.03227757999926169	0.07605104113171594	0.006235277627547391	-0.02082703366101009	0.017350145908452012	0.004853137055606478	0.03109326917696089	0.04530735352412918	-0.058281309252428436	-0.003791666917200058	-0.052511128291267625	-0.07040452459364548	-0.09260816089013069	-0.06085027735005741	0.07039216036518303	0.04522346364486939	-0.0431280495595049	-0.01891425030409038	0.052787997747253915	0.07630054217852689	0.06854076054983002	0.02937430670376814
0.012600912750480454	-0.058826769684116945	-0.0772413729582681	0.05274500722178816	0.040628433513837124	0.041362174533295604	-0.01755157866148058	0.0017223202788523829	0.02729598624567318	-0.0969928221875766	0.007852629160560244	-0.054259038991640585	-0.21653029980446742	-0.04211408947918763	0.05492846291106056	-0.028961575976093154	0.056870147225037596	-0.025204709993018198	0.04055682765838525	0.004285058445029338	-0.047273339554075824	-0.10317311369459378	0.04907372968624598	-0.013191965784636488	-0.006005725456821042	0.03607404139541686	-0.0519681015937313	0.03188020551006267	-0.07791789617382816	-0.024024574059575622	-0.037842926445004296	0.18939117482661344	0.10687718496899293	-0.1038398501045072	0.011356080351819713
0.010486756859776167	-0.06747572747489393	-0.08263752768563491	0.04448051787935239	-0.010904544846285114	-0.02650476208105654	0.09912634955625607	0.12835694310808535	-0.023816627532518564	0.012037001554782474	0.026493934523369303	0.02970359734363448	-0.1671656409674203	-0.039422037293954944	-0.0344991088473706	0.08311222812652862	0.06324911958523473	0.10016481956865808	-0.034406867654891087	-0.05113960945572081	-0.02267361111924899	-0.03791994981988826	0.13315203103745377	0.03431845171099401	-0.07628650639123871	0.08757390390914357	-0.0682689187825899	0.02701903764670012	-0.04749162738382386	0.03453180601906869	0.051595087256795714	0.17585357623778747	0.008651080021170612	0.006862667972085373	0.06742243571706241
0.008765461597176644	-0.08828394281627462	-0.11179913358436631	-0.044223883979840374	-0.005483444642805325	0.08587041258374752	0.0948651256525212	0.04611195888392625	-0.06164178849913746	0.04793352435383842	-0.006528898174501816	0.047025773838038847	-0.09672701911389606	-0.04883763365313646	0.05862343813894716	0.04142296141070786	0.10940174222561197	0.09544099456553581	-0.0716867918256723	-0.02210611028390766	0.002035960266367093	0.052308902640036486	0.1429158710830225	-0.06066270042289565	-0.04568623530381696	0.06256049173399776	-0.08055706478708219	0.06805450221331147	-0.049452000040536605	0.046172905795250796	0.11499381273813009	0.09492050632625906	0.10441347534441894	-0.008701414401416703	0.0022657207044548375
-0.0010393035042365625	-0.07011908688129498	-0.04746954052480346	0.04612050316918366	-0.0015481116889620571	0.02431940415337961	0.13195640383403104	-0.08896504821859029	-0.03448003985253567	-0.05194857720158734	-0.0736863411814736	0.08374704823769724	-0.16458568688096256	-0.04922213282880647	0.07747058993925729	-0.03875118872314266	0.09287363535199408	-0.03273637830814041	-0.11299429436582387	-0.014204872169226633	0.029869862400621165	-0.0023741682553853685	0.13875373697046642	-0.007750301646076818	-0.018885588848701985	-0.011741677808348042	-0.06926137884815037	-0.054863123839512695	-0.033357708393766485	0.09323702569133797	0.07356947260889955	0.09846630688122074	0.03426114844504526	-0.027970749119084988	0.03480975415229248
0.0004464800369046302	-0.08461581058883176	-0.028214567940644194	0.04285648649304107	-0.009234600152801638	-0.046303107235056463	0.05024085746576503	0.016239641918220967	-0.0097474530425056	0.009184805463042237	-0.03584255836402295	0.1916426266150517	-0.12005428222067621	-0.036451919229670594	0.07267627328132148	0.052837079778303625	0.03048716434386876	0.01598701090597941	-0.09837121420102714	-0.12609298022293128	-0.04558038833205504	-0.0838228135035087	0.015828629464940576	-0.05696853744541073	-0.04565903439366588	-0.15896196253918332	-0.04056622454101061	0.03579114474448823	0.015632124550159908	0.06033842886606613	-0.08236252520982668	0.03403065081593215	-0.05501793231404465	-0.017744560840194875	0.06334678233539344
-0.006963645299911077	-0.05470585837558013	-0.08466772001592389	-0.03232572118797733	0.029732220575591325	0.0321780515366933	0.023980317372561653	0.01342311667374103	0.009062121214384605	0.010985804293004043	-0.05676118389062629	0.14460121478349336	-0.10083299319081371	-0.04079232540069238	0.10344972888401506	-0.027272370471053575	0.012351167175550943	0.037404311995551665	0.02998585305318365	-0.1943490957265046	-0.11520687291123696	-0.08088520586389572	0.05867526553053396	-0.08282629969117869	-0.023662917878444115	-0.05689877550537897	-0.0898254046338871	0.09228006341867379	-0.030373887204746767	-0.0014790021680126594	-0.0424028470921893	0.053199364326548884	-0.013141734751294964	0.04528801453161733	-0.011071594805601402
-0.011578285798701822	-0.07166563678948176	-0.051313532450026816	0.020177901085018966	0.023802854186913656	-0.027921496435285714	0.04879416093073278	0.007778919625767996	0.026813033087106017	-0.09402152874839911	-0.027627050083411916	0.15841261882916985	-0.10098286124592137	-0.007749230132523656	0.05222176012476214	0.005930837979279034	-0.01266813427182279	-0.04053040052617999	0.018359993949701156	-0.1743617435068785	-0.10387188298362039	-0.04879916482019102	0.13470463627388168	-0.08200107629561523	0.009753245557228937	-0.08797117743484592	-0.08781452719488052	0.017360744097270234	0.04716185643199776	-0.0006247168829599872	-0.09637476567458644	0.006530862258635764	0.05391195109105323	-0.006289050408968611	0.0018455027086075326
-0.014301493337744418	-0.10361553439427894	-0.05392601518953361	-0.019632538920192254	-0.05977068252114673	-0.11314111546147348	-0.17563818767977704	0.014484785291199127	-0.18136248668466776	-0.03596801247844609	0.01033238793429743	0.057063723162309093	-0.07081742393458172	0.01530520167594391	-0.04099948408243324	0.06754104305552093	0.005121299900793358	-0.026028820504716655	-0.027326158137011475	0.011947349670747034	-0.12312959655892006	-0.01336931032715926	0.09643158710138393	-0.15622817394823352	0.1535767649404585	-0.06302845882241677	-0.08007776121304686	0.02273410621343822	-0.014450743704633714	0.1459398284759358	-0.13418951119257666	0.1501170774590113	0.04808538202548327	-0.07637059832500265	-0.09569404048168609
-0.014061742530381165	-0.1440514365739487	-0.03570673737426066	-0.030487891294719568	-0.05574555720183823	-0.04503017435430677	-0.025897313816634654	-0.04086091011827231	-0.2011149429595175	0.0135599688530175	0.04053704746641496	-0.08818029949972912	-0.05468676474795817	0.039115743051314454	-0.1400036981922235	0.018228163318943072	0.02834830506239007	0.042596934422830864	0.022501700969013008	0.0002752260568689149	-0.08722295427680588	-0.008965710580724259	0.09324773419005283	-0.0734839934256566	0.04175128881705431	0.0658552330215397	-0.0886984453727725	-0.031659428028532	-0.005950234114629499	0.06259842814121258	-0.014055001111276982	-0.05440588799041473	-0.033889955794891354	0.08008373694291913	-0.031838662648881674
-0.013468757496105451	-0.18155479152270704	0.0633544153242987	0.005432682928383586	-0.04237125091330787	-0.03593804480883831	-0.012400182719999786	-0.17998725790641246	-0.1979590048130784	-0.02891189420550992	0.023777113174021057	-0.1308738865576533	0.02460639282507972	0.03925586755865127	-0.08788025944319398	-0.06890401007450198	0.059627760743573135	0.0504817511062471	-0.024129144057163626	-0.05824924929370206	-0.059741379645159784	-0.08315269331660943	0.00501427173247186	-0.07035487651810743	-0.085652631424129	0.05645650486617419	-0.03475230423697247	0.017142526290025994	0.06655913281696026	0.0902170904577428	0.04943925137966271	-0.260488742326719	0.004360343988531204	0.0946038062138172	-0.05593537592695022
-0.007954086309054288	-0.22615985625184448	0.1544575022374842	0.08112490437040931	-0.017672284971002646	-0.08814820295101351	-0.14121687413868375	-0.11627780352123819	-0.11518503096219329	-0.030525212489664933	-0.08061173997921305	-0.10632136742825293	0.02934449439822067	0.030311646233265353	-0.14979088732483392	-0.03963225023593495	0.011323388218164882	0.05950850705703471	-0.07388216782342837	-0.06949081171006907	0.04359843938107821	-0.15327931349638907	0.0709818637066442	0.20899002231167688	4.4871908814546335e-05	-0.05765684611705285	0.09826009749507686	0.03168496733530578	-0.05924874009550696	-0.0005576797013271961	0.03876782776690646	-0.13051629140103607	0.0396675766855072	0.06910471751810865	0.07529790731015666
-0.0032144370136668317	-0.21497101573507946	0.06376162548064984	0.022101634391847296	-0.0020379496705330235	0.010233850662957657	-0.19696324796485537	-0.012613383875494993	0.00199915342167888	0.05623090904754873	-0.055502829434970674	-0.09767498156387766	0.05970766509248273	0.03304503873610205	-0.09896259326115107	0.011991760391917173	0.0670847146527606	0.12004890440534273	-0.028002532010758908	-0.08247431387887061	0.03425837891614711	-0.0651285538685738	-0.013427972035773856	0.1428688432805072	-0.03056079986840801	0.10686494443697535	0.08834264814177167	0.12520604759326856	-0.12890005881405361	0.10637768978048345	0.06366491523780937	-0.03779893220400933	0.06418396476628682	0.008971675084203783	-0.061442803881544966
-0.015780423485796065	-0.14841737988652293	0.012544541240345208	0.01803009458083394	0.01521096556478998	-0.008491700338376462	-0.13765719519848113	0.009017584132308066	0.0650977105095977	-0.025962625780752546	-0.02908121437067789	-0.001665663091669223	-0.00521506153094031	0.06050632292551289	-0.09988463700194632	-0.06054414710313272	0.1150188895914533	0.005428675480639691	0.02669685242958235	0.049581068903814224	0.0007458721120177786	-0.006996458460875213	0.045572933326924234	0.016302261571315785	0.028923533567676882	0.11848879932903006	0.053095785459598394	0.01883959845292779	-0.11718890664354172	0.1335467867745072	0.07147501607181958	0.013337625254716393	-0.04772121293798638	-0.028218427047040077	-0.06654154643342866
-0.019682056830091416	-0.14608405034786076	-0.023967095187889684	-0.018344045194321427	-0.023293049131786977	-0.04208452978654741	-0.042615417926536024	-0.022026634005336457	0.01969874323653169	-0.05864123564813675	0.01040056127148896	0.05945672815063086	0.015826189258110458	0.024458833485286244	-0.07231111866448711	-0.07043684240881261	0.09788824300764068	0.055712936378510367	0.04085143427605176	0.004346729718570367	-0.09375760886911241	0.08347718974596834	-0.03235010425652035	-0.01892918547823054	0.002237854349879477	0.038506291577573896	0.01736740920424717	-0.06741710615046416	0.06300943046944027	0.06532922169828546	0.0656244330226988	0.05634963467066703	-0.10311011172867016	0.02849815753391819	-0.029300239105806127
-0.021055488458807056	-0.17278729986403188	0.009190630756593095	-0.05318515132797605	-0.011413414131545375	0.05366273059890082	-0.05338726135874525	-0.08508767640393329	0.001740939578031977	0.08312185328419396	-0.12391471542767028	0.019524353677463326	0.004772687087025217	0.04447525184473839	-0.04791151455054742	-0.033882881437667045	-0.043528202674979886	0.06772507073158118	-0.14018753619677152	-0.039562766875474775	0.02166022368259619	0.13798308113483848	0.01568382662199257	0.00635279469886868	0.13302435417113917	-0.02757244858815897	-0.02165970092274033	0.02664960143571404	0.08289477079299816	-0.10290079406710663	0.052607093661646696	0.11050143320502898	0.018766279369575617	0.14250204658509402	-0.035340861011304195
-0.03580342603585966	-0.10329884196994871	-0.03348576498400334	0.04248331703825688	-0.02759629660029441	-0.02137881739881776	0.015400336769604405	-0.04249879909265209	0.12485548681284335	0.03538640761283576	-0.12999167503235257	0.06848963049706232	-0.05037990034029607	0.021484156878883606	-0.042153019977023316	-0.03349446352075107	-0.0962708911197861	-0.006771902301240754	-0.02962593891924981	-0.03334666538435335	0.043266281963911	0.004151431696362804	-0.01952530795011372	-0.027269643692200956	-0.008037274376344064	-0.05609810073910399	0.029370544062355113	-0.15751059773214374	0.055667898070733135	0.07460541684195109	0.026552450044093137	0.10283720720353573	-0.11215222056660244	-0.01240632936797087	0.07924826301816623
-0.04296940304122357	-0.12155831676929581	-0.07810373274422117	-0.004701958043142856	-0.048719570848921194	-0.006250893380743605	-0.00359665181161668	0.024604305124840294	0.1655145657941694	-0.02751321172124231	0.02807403048354476	0.0738145562667698	0.05113717657379754	-0.01873240350224415	-0.08325933280431064	0.03097951419344809	-0.023804095154084336	0.0436230478183344	0.0415201412121609	-0.08228319449017531	-0.08160785283839313	0.06661820105978619	-0.13365296847209357	-0.09157531637945494	0.028982946643102817	-0.08343359249224781	0.10055463975778486	-0.0022972618013034837	0.079914723778002	0.0025595473517117644	-0.11347752000643425	0.0345840430012175	0.07086082814280649	-0.13416594787640923	-0.017855965532285578
-0.04059535679967635	-0.12754871619525107	-0.08492979451476591	-0.055124844745113366	-0.05470326067526443	0.1128048928543254	-0.027457250593350916	-0.01072879684533422	0.12054051860071176	0.03240815413347647	0.07628060698100338	-0.0538180415978959	0.00931988706734133	-0.05895188270190406	-0.09093742608811241	0.02569600352248828	-0.03410522507004564	-0.009990344793068586	-0.042573802160229574	-0.11380153233338208	-0.056421305434615654	0.11459483919053381	-0.1402921660989727	-0.1029761918546244	0.13035361800193412	-0.010953194271476563	0.023024743220894935	0.002146020844638794	0.02690837647938302	-0.10403999362696914	-0.012826738769365499	0.05761114654844317	0.05338356970843761	-0.11530790476472272	0.015266813889100006
-0.03981615754138841	-0.11278831384621879	-0.022771545050331785	0.055056025004508374	-0.07547462673450893	0.023496639231896228	0.05432921681841489	-0.12691132031363273	0.09271060574823828	-0.0355678192240968	0.07930007467521266	-0.062058360044820876	-0.033552862499782884	-0.07279637357758183	-0.07832745408377814	-0.016667111224113417	-0.030439045553190505	-0.038013942966636634	-0.06026114778523024	-0.08532402942732036	-0.023689414462119897	0.07958692848315449	-0.07585873314206908	-0.10628532743727845	0.12374388655352883	-0.0487161895508806	-0.035366047221624904	-0.1219574287694001	0.037915967853973685	-0.07907635009355783	0.028484208730863353	0.016189789937248462	-0.061913891554354755	-0.088354012755632	0.06456316189466878
-0.04674969096799539	-0.11003218138412384	-0.014875249825524529	0.028862515051972217	-0.05626770096887854	0.08739437582724711	-0.04783991797258555	-0.08906664571771451	0.1532355610461293	0.0933344789054572	0.03724463751088371	-0.04132328998924918	-0.020440606784687253	-0.09219165275324359	-0.06439656476019415	0.022115576379478637	-0.07236250814179633	0.030263239154360355	-0.05970853831144267	-0.11155523692968507	-0.006807943688097399	0.05290459462547497	-0.0975663895310773	-0.12298458293466143	0.07892326708758982	-0.024951789527183882	0.0092094879150064	-0.03760875680149968	0.01301163934604016	-0.08277545937498679	0.03772758004852939	-0.00425925479905024	-0.09979881526518056	-0.027738131258153366	0.06056178914606311
-0.04343653446931973	-0.10679997612211163	-0.002338238784698399	0.0632326045362842	-0.07144740083080442	-0.016279814859182496	-0.02082363670800953	-0.0577627401271141	0.16438490310394477	0.003731967364302829	0.08862544671131226	0.012214201207629692	-0.013017515559290852	-0.04499890558225751	-0.055255872969887425	-0.002112606030572961	0.00191102587244425	0.016899107694819768	-0.06374808845492669	-0.08503570523097077	-0.054469331227842255	0.05213655115329888	-0.12981179414915503	-0.06327852805994791	0.03605641984675887	-0.00693509755281739	0.005708311501959662	-0.028471591186245666	-0.005749158988530897	-0.07984070818274713	0.11313608648268636	0.019596991393698034	-0.06944573796109749	-0.09556958293748077	0.06585189263821391
-0.037844258795131584	-0.14931384056612615	-0.0008502437695143464	-0.0070619177831582475	-0.03266147099225244	-0.0717430912450111	0.02678652907593444	-0.017552082401077085	0.11762884324210161	-0.08340190174371913	0.06704480343021897	0.0009445951861135462	0.0793147709851883	0.02073922260585234	-0.06326566604817016	-0.12578667819334502	0.08919676438730065	0.09407989798642588	0.032851972141897494	-0.09215362099347264	-0.08725062272398153	-0.009673400447243012	-0.18387508884517473	-0.08406381816609816	-0.08478448688789993	0.13103421884565775	-0.00690875157290248	0.006168730288685514	0.056972628285063054	0.008506020101297241	0.18220297140530312	0.01067814154664555	-0.026437835424870167	-0.07550985027183635	-0.08654011028222305
-0.0016197425709528316	-0.21561884523429065	0.08456148115744681	-0.06474177162055282	0.09910502529705112	-0.016903209725733868	0.027408203734174564	0.012770132134936467	0.014143893917964884	-0.03206483878435686	-0.18359437806411502	-0.08931912980350278	0.0875676493205892	0.013721204047263218	-0.16910831321787856	-0.07126664942095216	0.03324784383958306	0.04124729835861905	-0.09074622757417293	-0.034215586049583614	0.11648049662790211	-0.033381346983282774	0.14439507878207053	0.19935172707261656	0.07603580585501687	-0.07465985268685427	-0.03553582152824186	0.05687590745942009	0.16573173343296832	-0.16223734373467724	-0.15757091537695092	0.003449749318457887	0.17865489393314538	-0.06868464625451509	0.058082051219704514
0.0002994834156224604	-0.1764857653703953	0.07622213607111972	0.010822997749574223	0.076947336002525	0.03196477848542895	0.07228240599600652	-0.09798381040496831	0.10470233882010921	0.013139285402202074	-0.16472735035728026	-0.12076560578370142	-0.01660228939921541	0.050692228159138306	-0.16397946506540703	0.028890637220940985	-0.007041904279102165	0.10736333021420198	-0.027216288910293113	0.08129039000642892	0.08113227373930523	-0.04788728945877242	0.022133880039371032	0.08884399001290633	-0.06000659440176581	0.07386925994022167	-0.08579060136184827	-0.048247811009713495	-0.010602899984843872	0.013342406212025232	-0.13262711940022923	0.00881399543911325	0.07457398224075856	-0.05716548582025689	-0.026367280486990767
-0.021913982532489443	-0.1314033461920821	0.0012621980715022492	-0.04000555167966941	0.05833993595641509	0.022732627668115738	0.005176408122097601	0.05300814172741124	0.16165542222924908	0.035455096765819046	-0.1116864086406215	0.06586814775090953	0.036853673479299236	0.07901939158603394	-0.11787673684928854	0.02174068672185582	0.053774852548772484	0.09377410797240614	0.05170489765106226	0.02154410925197588	0.12025130612566318	0.008407750214793765	0.07623952262353142	-0.17191241124976714	-0.05666323376388411	0.08365867091274164	0.026081075781382912	-0.06745547978809248	-0.055672947371449136	0.14122260977903028	-0.15775892344057393	-0.1165459130589363	0.009175462941250642	0.02608823094945833	-0.022539527709216512
-0.01584028538329496	0.024829628753233766	-0.0869982696667654	-0.12789609348013314	0.20393291572337716	0.34351745036671016	-0.2485169227712123	0.12109654057414114	-0.0006225017269914551	0.0030471878524918963	-0.058348979155439504	0.0987654400003414	-0.25912685187243145	0.2337298877798515	-0.2718457975819316	0.2290434591133421	0.2079237604571623	-0.3964474468139477	-0.060434779058184444	0.11205754181832484	-0.0021584539520072624	0.03914664342532621	-0.1861064095119794	0.05240965964120707	-0.158620157917583	-0.025840298047117495	-0.13205581538323832	-0.054527048687448246	0.1766549267928505	-0.02048609901675178	0.12357009932345055	-0.17236721804166402	0.03358819773097557	-0.062145542267982176	0.0675532075341549
0.015148121449333609	0.17518078646124002	-0.18875873531796478	0.19256230380597025	0.1781268752950377	0.12814371030228466	0.02913464212140193	0.06919191521043244	-0.15681331497856885	-0.23445872011148886	0.048065569844027274	0.003780670523528977	0.07101900913745332	-0.06925438068797891	-0.27425685501913294	0.029010744482450175	0.14267286148887282	0.2863918660012702	0.12018518406815859	-0.1654941808918828	0.17910904515421705	0.08263513709848092	-0.08245815405952017	0.10450210543998135	-0.041475782941870085	-0.3632022934100976	0.04449721310777649	-0.06625215131921904	-0.020531233702860738	-0.0083798266463002	0.01758462309427547	-0.0003508683078641984	-0.12448924298049983	0.06922708243547027	-0.030192090729577473
-0.010018214517768098	0.05383670975176582	-0.09075545081176581	0.18015495359215516	0.13923390246975792	0.06721832495215545	0.09282578024375708	0.012868238504741163	-0.13640054349530153	-0.15269400131444075	0.008816863717644674	0.014701245327684753	-0.04304676571567286	0.08179529311876775	-0.056301859669844426	0.05938301740506213	0.03774686192663276	0.13409119064864708	-0.00905094790073788	-0.13620377544913853	0.2453841821004637	0.13802042730661407	-0.1064366030365278	-0.07772959524791581	0.039988895464568554	-0.031343744105560276	0.03552945832235016	0.0661020369052149	-0.06419377001748201	-0.08714055740653938	0.05470188308336967	0.03860945779017694	-0.030787560686092622	-0.002029134720338943	-0.2452763899739226
-0.030762328005473717	0.019425360569725585	0.011072965340062057	0.07147566902861291	0.09351017841363442	-0.02329151443405787	0.022457429902145654	-0.06327605136986429	-0.0849633929509158	-0.004659045116819394	0.07876192237388993	-0.060022519363850134	-0.2174325391021494	0.0056501237402438636	0.12578031052962993	-0.009254254169052546	0.008751117373221332	0.112973447538091	0.024463768572930988	0.02206215276168789	0.1030221032326057	0.016020200290576554	0.036579498712346475	-0.0691490777395512	-0.07526595058383398	-0.005073189291852461	0.15501506988807684	-0.015902321028383428	0.039326091978924574	-0.04716599479867041	-0.1295771951979255	-0.19776033481567426	-0.034019760088100634	-0.11366577993044476	-0.21744043621151732
-0.04654807617646283	-0.006764028231199026	0.04506247224603801	0.038853666607487715	0.05556926564459839	-0.07587639540680109	-0.04066523036960121	0.05837257864036874	-0.021675955990885093	0.01759905187589121	0.08225840162453618	0.03818850647668338	-0.22056258369351864	-0.0902175075867904	0.010668303868561954	0.0763204655891635	-0.023146658167284215	0.12004075792758748	-0.03864604425578247	0.06130345856687122	0.023287326147420528	-0.015964903071654782	0.06366579872002745	-0.062299044814467734	-0.08038314871662283	0.04717313791446799	0.006004611299299746	0.03814069508629993	-0.07387749260929563	-0.06447381987282023	-0.052040275289245715	-0.051715510135615435	-0.04604890200695129	-0.03691555531209427	0.042985207793896286
-0.04877445647736815	-0.05359514541051222	-0.0015645063117509107	-0.001741961780145781	0.03306800772495912	-0.060343751919610396	-0.037185029027828116	0.038640289184661	-0.02990528168793573	-0.007836059240497444	0.09330736220997846	0.08709328690754262	-0.10388452105944637	-0.16282642532778233	-0.01654820046222779	0.061936869984120194	0.0138025966303494	0.14598891456103874	-0.024283027723721335	0.12564256164850993	0.02144238619239784	0.06281484119828984	0.03787434699812134	0.02362881645770956	-0.08907239071662132	0.03182474562402762	-0.048849147796994424	0.04574968519144887	0.005545948778221555	-0.10399336102578946	0.12253539683276735	0.008828566425613003	0.04993321916946439	-0.10125943148944076	0.07560813886195814
-0.04803423990057318	0.005163903358574719	-0.04651738848313398	-0.006856792889479108	0.04963408611253423	-0.02463098436516509	0.039424005937572296	-0.08536004015605278	-0.07145032467721532	-0.024867600456135244	-0.051319443419315366	0.07996925675567924	-0.1445703647473551	-0.03475026709167039	0.0903142196953018	-0.03610737545007915	-0.02143506595678073	0.05713972187385566	0.04849170899273515	0.020139497662585392	0.11034173644559786	0.011383676197812033	-0.005818732161412278	-0.04465589481904032	-0.04623129344015502	0.08343231736685687	-0.16925126809854585	0.022561191723052418	-0.073568660638562	-0.07951566568292817	0.026500190983543205	-0.05592721266297307	-0.013519396504165296	0.010055730139710528	0.012910249147990355
-0.057697646437227336	-0.019937831955989194	-0.019590155254875043	-0.01514325876517254	0.016504317876058324	-0.09375785425676321	0.012289347760918388	0.03983053018901544	-0.06567858072077869	0.05973158911663976	-0.017883760477499327	0.1144028571025146	-0.11332641016404403	0.04004698671960479	0.014291077775900121	0.020295010074951884	-0.1547801751353626	-0.04805100278449814	0.04041046105631114	-0.06223916965379408	0.04801659878737747	-0.08264684091894799	0.060691030796607634	0.006360743087046944	0.003666006861402834	-0.03166842525751807	-0.05098379850970687	-0.05401286700343032	-0.08108972399690005	0.006347176527269358	0.0720450695812157	-0.14053216943779578	0.0013444207748620398	-0.07675376655075922	-0.0047251594482729375
-0.052520027974420784	-0.01349858797855486	-0.05260517992830613	-0.042960301798662504	-0.007403387562680121	-0.026234591347539218	0.018517002384113558	0.0059536843720475584	-0.08169329494441893	0.08715251308193792	0.04741671814856115	0.058344864363937064	-0.11546633229580804	-0.026537722356392124	-0.037523327989043016	0.03525721968264662	-0.1430084094742996	-0.05276140771258306	0.15892658634250595	-0.05450185429490907	-0.05775847369380728	-0.13033498537559648	0.03038984285061136	0.06564286401325556	-0.032851586325332374	-0.08733680370429461	-0.08783332322446155	-0.023656282982531657	-0.027260016849089304	0.011859421364025234	0.050657758671828784	-0.10676579283428325	-0.029235131216082306	-0.12006991100114664	-0.03575354808001911
-0.04810196840008308	-0.029858513046484368	-0.07039136771090733	-0.06343548734870087	-0.0007507996828133442	0.027753053112635425	-0.062255439925164316	0.006608898843066808	-0.04300339254117138	0.05137810704125272	0.1511387342833802	0.009992781567814756	-0.05093122176911686	-0.0348903297297961	0.022777216172277334	0.03090392499111951	-0.11676444398216512	-0.015843973072319977	0.06627193846283587	-0.13009905543379888	0.09145981874319614	-0.06975231821577367	0.035399860345196855	-0.06705193570293816	-0.037457370229418724	-0.05025696452857638	0.006247190770513698	-0.01733230842397794	-0.10230464456625116	-0.03993530932534118	0.09757340990015652	-0.06745653912836211	0.09842627418647817	0.058353138403339215	0.08922608735478144
-0.06351312824101796	-0.008648125944820648	-0.060255233580544916	-0.029950385213845677	-0.011142315461905397	-0.040065108879008514	-0.011677434472410438	-0.043229358308731446	-0.004247661185245789	-0.1335189413786929	0.05539269823409126	0.07423529770568976	0.0010394995442216798	0.016549975144179812	-0.017644497243696405	-0.060098931282340125	-0.04745941608979019	-0.0785005575585345	0.13564599699588112	-0.017654552230691546	0.04971215807295562	-0.04686189046963227	0.08253927923832176	0.009680407561495836	-0.001490510618459888	0.06074123912832248	0.04487408126446844	-0.1343590651565187	-0.0013798303930836475	0.021511399826572446	0.023230072652993927	0.023548320973815828	0.0185657321689549	-0.05843031762927131	0.005911202195084597
-0.06580291212159825	-0.04637564828885504	-0.03596813095583399	-0.07290507795528577	-0.03074866525318672	-0.1033694301208556	0.008768403690730632	0.006760709433879609	-0.0037196597566158747	-0.08986842965225975	0.08174153248443278	0.10731956635489373	0.025227525819430777	0.051060112208530295	-0.01708443180396558	-0.06538530162169617	0.01054839866746406	-0.03089462715719908	0.1282042103650367	0.03586283639183276	-0.02363007075681247	-0.028414833867685188	-0.022081650424057145	0.012864465730001308	-0.023617189149997962	0.06995247011047181	-0.05741906288738697	-0.04721477871840067	0.03961584465452521	0.010266652398440898	-0.04153731299438512	-0.08031237924813815	-0.048835812697351294	-0.04149462779124445	-0.03065965020081339
-0.07047135387887746	-0.039268169728481205	-0.08128125678265176	-0.15492337164102463	0.004607203607338783	0.07511951754677648	-0.029976243163305386	0.0100978190226162	-0.04096880919192077	0.05090362121874127	-0.031568903321374714	0.09659543384901269	0.03551330159811202	-0.00968529539820227	0.00011653568104368815	-0.06136725126955084	-0.0800440019995391	0.022777227597860633	0.06696266970620082	-0.008868920384264583	0.009136178565794505	0.045910423481691116	0.04291551679765013	0.029693525053387293	0.06653924555077628	0.045043764392400015	-0.018254566917244294	0.021717587708017107	-0.020704832551939778	-0.0704770639073714	-0.07736212171345792	0.02218160886563854	-0.05788780354166799	0.017598903783084707	0.010845677545370407
-0.07383402138310872	-0.013169913331027773	-0.05376644642342663	0.013066550067895179	-0.05111122411387736	-0.0027661911066163636	0.10680150823365243	-0.06149093951644912	-0.038757618806201925	-0.006040276623597567	0.005542189550912367	0.05670950487771749	-0.01897194846673947	-0.005576196199314582	-0.05695663334316163	0.03861246950297058	-0.10376092945651243	-0.08256410641959065	-0.022963655735029457	0.03800041698386095	0.06399512794382227	0.112558678013369	-0.029905862462599887	0.07007314363449327	0.07857901465791292	0.03513508031386252	0.07608500829392381	-0.024313061976779293	-0.0391761556625644	0.059814932602651624	0.044411546131946006	0.07540272225427357	0.012456517485262381	-0.008231858800803082	-0.004470949317971262
-0.07563588539714046	-0.04461615062027095	-0.0213681968441796	-0.01658447735976167	-0.07187223125676644	-0.028832371732492403	0.06148478857766936	-0.03337862578316999	-0.018553667849287914	0.027534491681450928	0.12179470753204759	0.02588602191019145	-0.05941177117561086	-0.02081397641639327	-0.03568162217503463	-0.023900127613886473	-0.025624262254443583	-0.04107299428333089	-0.009140758601063684	0.03644669117115847	0.012035844958003018	0.07102076314004602	-0.09320878226432608	-0.01806458111799636	-0.03269487976209342	-0.06138591698239731	0.04349890328384301	-0.021810085723750976	0.037326985410836754	0.11974263244712086	0.01258348023937245	-0.06652487413241936	-0.08213984597346113	0.11789402509832476	0.008419073408565923
-0.07537612787851938	-0.055027094952689995	-0.008807632642092651	-0.11812450652884314	0.0037464665603268005	0.07084421089576683	-0.04981669596271387	-0.05526083584489656	-0.00158280271122453	0.03390323344419526	0.041229630923320944	0.061248305640194504	0.005242258883078802	-0.04164116235419478	0.05373871445599035	-0.17618577121029247	-0.01621085258713597	0.018387301942513267	0.006667372758494536	0.05428910311960071	0.10662707275751969	0.03607445866087637	0.04283204397926756	0.02295339666788992	-0.014275805297018593	-0.02332713094153125	0.08307253014312038	-0.0729091329015091	0.027765056717841383	-0.03538642086009286	0.13612690079124584	0.02572779746617207	-0.14473201464558114	0.05789293242814557	-0.03614862613472772
-0.08088029779898025	-0.010540675336940763	-0.00904609314519307	0.0007699602249668227	-0.004985925052683689	-0.05375604054599927	0.013351645520576775	-0.02489455841830265	0.043270876601893736	-0.01552621883971944	-0.05560730628845756	0.14482274366459216	-0.019389627849607485	0.010216250102245859	0.012530493632289384	-0.01675020258615102	-0.101286271458681	-0.05945051123457031	0.006207644069670733	0.06198477562995265	0.14329907348713916	-0.030078755204903974	0.02186398865588688	-0.0047520323251804735	-0.010192606176214057	6.521152794186462e-05	-0.0010176399498800608	-0.024139198063388642	-0.05992357526403509	0.005247128894035203	-0.0847276338097174	-0.04537501650902132	-0.09917907295428208	0.002734531658500976	0.04746020189538438
-0.07500716946218204	-0.04523648298822095	-0.03783548965934664	-0.11709391129774423	-0.008815344725757627	-0.12713353574080927	0.036727820174288654	0.0747774791119789	-0.014492585847939452	-0.04006056069785421	0.07883785707688325	0.13734118441632942	0.012738023210869268	0.04312249257805484	0.014131871676891075	-0.06484813179480206	-0.028661719631686965	0.027818128986578792	0.09899049714058764	-0.008711363374485952	-0.009882954807692917	-0.010800121898846334	-0.06426672014045506	0.0014562394582413474	-0.03903211094880789	-0.010811445138119914	0.000567060602688952	0.017712585231960887	0.10254922930098541	-0.0329275195880125	-0.13297001178336632	-0.1570572209808729	-0.06571094057377544	-0.07322822570256418	-0.007551022445603479
-0.07974909753730483	-0.019375480215382865	-0.07328298092708796	-0.12545827224589895	-0.015273609330752893	0.0801912140041036	0.026345149264131937	-0.06898746005195952	-0.06365561155772848	0.0668897285402661	-0.06132369840992198	0.07847317335063762	-0.03407192036668807	-0.02017955531369676	0.03463801891190586	-0.05994683955239771	-0.12154001271556095	0.012667201043209968	0.02388222346213196	0.004979935514386845	-0.03397977328438824	0.051535490486148694	-0.08630684063990317	0.07889652733914368	0.05149403552305156	0.061179539663724476	0.046832097790777044	0.11014787912169116	-0.0721616284366746	-0.07011540312928397	-0.040208343276306936	-0.06373099936597064	-0.027462368904431815	-0.14010511090629882	0.008912757358255738
-0.08236492369239648	0.009485520226223378	-0.05013882524381515	0.01425064099119017	-0.04927652968928847	-0.012572396573607682	0.010374175228265028	-0.02185299953175402	-0.011511094735466252	-0.022927880425915054	0.007116922521602435	0.16309033283455848	0.01002195863531865	-0.015889522383948328	-0.029533031623126208	0.018781624386416992	-0.07822652078951026	-0.08368716228484722	-0.032882159282848225	0.030382425212347464	0.04300025400827626	0.03611209649478428	0.007500394307117568	0.055228355742571324	-0.00608170073041203	-0.04849304018401577	0.15164652558177907	0.0500664224551175	-0.005644193336279704	0.16735353701300285	-0.0660744927726381	-0.012575837519338048	-0.059850165948462375	0.006777623979093556	0.029083343648406416
-0.07858624739717485	-0.025635465023708597	-0.030897167973211986	-0.03648898651846168	-0.05783659781792788	-0.03885507065430374	0.007978107714584223	-0.003451458703328511	-0.0333229141543549	-0.04851449953997799	0.18109702303207834	0.09242412089492365	0.018906784109702247	-0.014615514264188166	-0.03684571511555287	-0.0712332727398685	0.011530372621059866	-0.06940795681898923	0.020037964728914424	0.049151213285089305	0.001758977462053675	0.09898577707040074	-0.04839296644712161	0.07044232378571444	0.05763282070503712	-0.01554500479514739	0.06282559725408512	0.07056349717590071	0.023463672068803683	0.08196638706139632	0.018146880145848275	-0.06917969364962263	-0.003171837709106458	0.015987132761376185	-0.04711851396242298
-0.08063188575289351	0.012617021395107998	-0.0553736397104997	-0.06710514545314271	-0.016399078109572914	0.08744310401723196	-0.025878641581486436	-0.053538502977221535	-0.03470836639800933	-0.04730592164887754	0.09071543854542294	-0.011960082622320182	-0.01760926094795765	-0.04492201173249547	0.019107934964281554	-0.1760955988202251	-0.007926645455811895	-0.09355971720610196	0.0657498042907721	-0.017235517235891673	0.055330864185733464	0.055097524690661065	-0.025540376199105812	0.05810708153768426	0.059984682839924586	0.07106775991169054	0.07913212528938791	0.013529480824906445	-0.0897111983417803	0.11210460493439157	0.05045728295034598	-0.00196136269922485	-0.02126978017435479	0.09777279989496813	-0.05219068625620961
-0.08710767033154547	0.01741676305199735	-0.01816443052758193	0.008777237140733427	-0.018517023469709955	-0.013485514348269308	-0.0392643996669568	-0.02397352145449037	0.04028382860392944	-0.11082718633238359	0.03419826260066611	0.01860322876461586	-0.05417618370579292	0.0014097110741676756	0.03128223898369716	-0.14701113065597352	-0.07231860507477239	-0.12652039027745945	0.02335838795460865	-0.002314236656057807	0.06991050650591445	0.00022565132851629695	0.021335032499330917	0.10050809604981134	0.06654231831950191	0.007996080705530715	0.07830158866217495	-0.034446324259869474	-0.027535459813881377	0.07973101590790546	0.06152391253220338	0.040602625159300125	0.04047638250653879	0.08023784208709775	-0.053952851045191
-0.08866651510455688	0.01612732913235657	-0.026759289085816203	-0.03383765836864961	-0.02223983844461838	-0.006156489152853931	-0.04791954926504521	0.07948765764206872	0.0362156050722277	-0.004301227843784653	0.025091717231143593	-0.011881509080205764	-0.07385077081903488	-0.028467934720118722	-0.009850382276405525	-0.0260052398098392	-0.13304118155798966	-0.03570507286268236	0.04476287884996784	-0.029927426324075433	-0.0006438704890725823	0.009265995490547962	-0.018416164894800528	0.12001940646719549	0.10042040774887867	0.041719496861229256	0.05059811605179319	0.029453621646863236	-0.06904654369437857	-0.042994170809927346	-0.08186817560347447	0.04985681294691957	-0.03093742896441473	0.009317532944283839	0.010768117319402366
-0.08434798264329077	0.019583846956761564	-0.03268435339980857	-0.021320306257747394	-0.06139041520755186	-0.032162298522759855	0.09486655885692953	0.05239601602712678	-0.03881797695722979	0.00998299007240346	0.038806526991967176	0.023745597458788206	-0.020137873920424706	0.0036909520304826476	-0.05289122499950921	0.0351360190917721	-0.04517842269618697	-0.007824594679574415	0.02122774173821975	0.005445611013658988	0.05016629224380141	0.051398054803610344	-0.030597473584951337	0.15889435687409673	-0.06585230226814844	0.12209910096812732	0.028001348010844862	0.02077687905164343	-0.06525983621400562	0.059743089040466726	0.028467065232830897	-0.0018053640126528096	-0.012363713425714688	0.0006358833801786284	0.09540248094500255
-0.08557499583009157	-0.005452269379899716	-0.046054046939731974	-0.12313449046677141	-0.02315977133199785	0.06902579713581286	0.043816149378457105	0.01887507691206707	-0.07915043130657118	0.06308859591687777	0.007300000961682894	0.06689340633762744	0.06170400388030803	-0.00409348026360315	0.030976790602228976	-0.05134466647569348	-0.00654637489529517	0.026195802926403382	-0.006064143039004679	0.051160212294985054	0.10727592540763074	0.08514713034137641	0.06128668743559818	0.01022702645407518	-0.01107856327726972	0.09611394326846806	0.06477834585183087	-0.003974266054802653	-0.04408724215587192	0.023789385126518403	0.03998473687342069	-0.02749141607607295	0.036564133399850256	-0.022704125710282942	0.021491583494877724
-0.09345901521447707	0.034883808208798335	-0.0008736313551218757	0.02231722747342153	-0.025263772256663392	0.05503934892380806	0.06358085355130977	-0.12103819177296793	-0.015560016656110119	-0.08695730794152903	-0.07824624677690444	0.042267478192266575	0.06814353668631372	-0.016839383819968298	0.025845908918546188	-0.019898284349842994	0.01143552146058292	-0.07414101115566263	0.00014074218302084773	0.08228585198721583	0.1211242157407561	0.05066617341540601	0.10136715981340189	0.004389464242671044	-0.05202781441821903	0.038636581022568936	-0.006356633511639023	-0.05680563350151796	-0.003775017874020962	0.06655464901360153	-0.04324804417196912	-0.0058653410019997645	0.09245230859347348	0.04667629574429807	0.0029548986614709033
-0.09539767023377502	0.027403361155899204	0.018623858316992314	0.024302874823787967	-0.03564945777663437	0.006471966457634828	-0.043454806701852935	0.010437081610140795	0.061603741442316604	-0.06844629708024069	0.039560731703171224	0.023033151496169812	0.058238086522504444	0.016320247447507936	-0.009630109641323353	0.002062349050974228	0.08452436089364514	-0.08869880012852842	0.031968292096462056	0.07328534058470945	0.06641341886504114	0.037474299419545574	0.08558045165380432	-0.00774540640719637	0.01193219562225007	0.03274856552436545	-0.020773891833260574	0.029406425098383794	-0.020241845322883936	0.17713503684158854	-0.08453076487273743	-0.05584269762568997	0.08279955306946248	0.05169206751342004	-0.14233743456440692
-0.09144453166662096	0.0009734707855048234	0.03969559294499386	-0.0486957310632003	-0.03126360074547277	0.02055629164205108	-0.0363433860137108	0.06147143035712419	0.004881766506690099	0.03576274370576577	0.09011307647690855	-0.04021890295253363	0.01940312537931756	-0.02115180335885261	0.010089879692695822	-0.056076629367514584	0.04011716786204882	-0.052388525133273536	-0.04024241410881076	0.05580225051091079	0.08531943453771926	0.11129107722738017	0.14082861988872744	-0.04149055916668221	0.10712487881831953	-0.016804513662650795	-0.1052539956430594	-0.017201577927810945	-0.015327458169162034	-0.014264860833118224	-0.019271375367313076	-0.041841199072013606	-0.027025373998005094	0.04946479782359651	0.026435918101297147
-0.09966675051857882	0.059780237281229755	0.01173120471450614	0.03890466001776317	-0.03209636129985897	0.066112863925659	0.015018101784966006	-0.0696699371069511	0.039811805619295225	-0.04905050621776678	-0.027999246798583035	-0.10991138567269874	-0.05612402712610779	-0.054280155845734604	0.0067098688080110755	-0.07594189244198012	-0.04189645977087945	-0.08374919863265452	0.01224684042463588	-0.03177064323196275	0.0003546410411436364	0.06463887664577171	0.051356011562178956	0.06466762291526265	0.06286907230051875	-0.013799394387575539	-0.033445038215437234	-0.019287985143675045	-0.03803820033062068	0.04222991143385765	-0.11172526255460703	-0.002260354597011644	-0.029650717496711	0.029296966373110876	0.018283222172543696
-0.10160481067997448	0.04808237490366239	0.008621210072871591	0.06989765658142534	-0.05961904192263954	0.0029545841201023206	0.02486544098052929	0.04464718295384014	0.07049199089700796	0.03997008787977263	-0.024441350414084247	-0.02335641564829579	-0.012399041597532075	0.010809500809620436	-0.0401451302682837	0.06760143240171324	-0.1099692919045866	-0.0035467232103454645	-0.019711468940861128	-0.06317011180276881	-0.01536482097822238	0.028493893342247775	0.03661937851667788	0.16406739013104787	-0.011091536828212005	0.04549954782689389	0.04334148817042531	0.06575436932032111	0.01064285594881863	0.07583024506399993	-0.014637880940595982	0.07116776110219002	-0.06621533144078362	0.03308849262271264	0.04732292541223238
-0.10011954665861907	0.03503420398155769	0.012611962590717967	0.03322925356304934	-0.073194778284215	0.004038500618543697	0.0892026972751122	0.013421286791181469	-0.014260359240036196	0.03935678864903079	0.000833396662244117	0.0498238223092569	0.02403556621347907	0.02159087086021066	0.010634508966590447	0.06875308732366499	-0.04069776842053102	-0.007788856568143846	-0.025156322132118908	-0.06420116110335694	-0.06319712624355364	0.0795881939015558	-0.04317794619666793	0.13630635041899536	-0.03615860243994111	0.06742429787844798	0.06360804106419012	0.11033291105990581	0.033496586655289776	0.03760175467807248	0.017310993802956864	-0.01635716732389673	0.05165488013739404	-0.09943251239085356	0.031437470019258174
-0.09825087823746011	0.06623154418000794	0.023018668425683515	0.0574133036375035	-0.05379384280226963	0.09977747324606175	0.0464220550102804	-0.08453925327476622	-0.02870795431749391	0.05628942954085835	-0.02877792858421072	-0.006739909555297429	-0.01304890990990937	-0.02168800590436009	-0.005368425939637271	0.05049963613631223	-0.0478531778211111	0.00696927867597103	0.04398194129058727	-0.005211306117495893	-0.11456327695794968	0.0551073779013168	-0.009060461972712545	0.14309445223146894	-0.05037997397468472	0.03804326545729403	0.09383946115060166	0.10919790432965501	0.09949372764580663	0.06830779304844269	-0.012799134055155023	0.004784154404753101	0.02825072226250149	-0.08964168081621943	-0.09612974654756884
-0.1028009726966261	0.06437985242745607	0.051743001848244076	0.11684050251409629	-0.06633776050260065	0.0224661766290371	0.034403133769874146	-0.019047154462716046	0.027006273627613694	0.06409132304525096	-0.014037592380527162	0.005590434451147131	0.0029050763500232703	0.009223634120744872	-0.04196491730571849	0.08466126114108083	-0.09965576759598989	-0.007229839340436588	0.0051255983957533505	-0.044011690630875774	-0.04025134115878084	0.014989179343247182	0.017154688961697567	0.12997494507771715	-0.088011679082593	0.016285266060386938	0.055709543335554834	0.08013659559753791	0.075270268499543	0.07053541628058096	0.01819719491137474	0.05417890622916974	0.014093295308963	0.026924211218782	-0.06593513037763005
-0.10363155761238578	0.035986850106873296	0.04459083221287972	0.03294933297177772	-0.05037715242576393	0.05780784826986097	-0.025162806074341664	0.046337131094797986	0.026367340134411457	0.13368957590559816	0.035195932415865806	-0.00015932000717456673	-0.003589152187674906	-0.02558497165322258	-0.013356082290680239	0.10408220710961397	-0.11383369118716219	0.030727428097171168	0.014949160494257147	-0.025759688963512727	-0.0007526081798122459	0.046313499004915624	0.09349800738663813	0.06731271422108531	-0.058454807206554195	-0.05147648880644272	0.01049421252910955	-0.022819678841028743	0.07148665978135901	-0.001663548099114405	0.006086614622444842	0.03579593555994055	0.07249123529483163	-0.021513491831001062	-0.009818764819336107
-0.10297525736817686	0.07388663950352291	0.016471192375044873	0.0878750842242693	-0.03965978554209427	0.03749316111931543	-0.0011304298573370825	-0.0023344541101651744	0.059906249900142323	-0.03996416331358017	0.022835060086272854	-0.08638083562333919	-0.006364764073553403	-0.037649242635340606	-0.009141887143458122	0.03129338454003587	-0.0508410243031642	-0.027200428425839793	0.05571001793752697	-0.052378519800923826	0.04511511212688403	0.05468691362012715	0.025207964583337128	0.025691540348170564	-0.10004770327908702	0.06711023482397123	-0.054798919692726294	0.03883851910655497	-0.03510432357117521	0.02907547215090899	-0.06536676200590821	-0.010411439101242842	0.10629435104008146	0.06218526826689411	0.006500278992671957
-0.10009338553123794	0.049017690064973383	0.025544484082977895	0.06399793942642723	-0.018564167771385	0.00437044019623523	0.007765374007790015	0.012184510949475615	0.0751176949574172	-0.06401771366961316	0.03342007283095714	-0.06496679157166689	-0.020868335716071905	-0.026793136019072086	0.03805055487524885	-0.019691406615858054	-0.039168822994151496	-0.00641498924746818	0.06413687889693573	-0.05132044847013634	0.03020217948489102	0.03999435138684847	-0.04430495172683996	0.042655769659381566	-0.10546502832162405	0.054775366463923635	-0.019351633760598626	0.003956929041680338	0.0044514776670436795	-0.01855712666976462	-0.04492590280875293	-0.028706672222967272	0.13487480985892913	0.05453532744261575	0.042648539217839704
-0.08709543620886141	-0.02569920237111921	0.05060824135446438	0.004240432400461778	0.033655825136009336	-0.03822197691799428	-0.01504985079274687	0.03284420295317503	0.05886977145305848	-0.09108845721494777	0.016752546071178223	0.01928684166338711	0.022207666249508973	-0.009043675947223818	0.07685038119970916	-0.10404915359043451	-0.002064282437795443	0.07872652729039481	0.06509488314361164	0.056858930868191424	0.016776859730988566	0.060233397259099736	0.00021907551301051167	-0.013210690055116938	-0.07875726979681552	0.057815623950507766	0.02076292208238992	-0.1260666448993709	0.12057785963649251	-0.07799817560001587	0.08869533543570289	0.05323480082286057	0.10050908980929427	0.08575131984625911	0.03764971105919036
-0.08963396830010403	-0.054770464914508744	0.08320770897036738	0.00626116261868685	0.04742145160075909	-0.09476172730776393	0.002171500651496306	0.03650839343498136	0.07465006832666043	-0.06443836975495061	-0.0999160555972319	0.08338541791278824	0.02589897476740806	0.043306861628589086	-0.012363618762615667	-0.03794461473976952	0.00341721569663469	0.06986700279992658	0.04717141427268249	0.09031092480007928	0.04986216795874958	-0.004019888511971487	-0.0008040067767494698	-0.04186278117603771	-0.013206225676833858	-0.08507907897608763	-0.0729818811955533	-0.05542135008967475	0.10369161094676194	-0.13789728750535402	-0.08067547589675804	-0.10826175750330508	-0.06620214529778229	0.06733035476705748	0.09032391065143283
-0.09858129065496496	-0.028064757385979747	0.014395201157221295	-0.11265086139795662	0.03917269021714168	0.053653679183415966	0.016727997768489614	0.08635941882585155	0.04781704289113187	0.0664853074692309	-0.11517555741943054	0.013675786927034271	0.04868257447680382	0.06688838248057179	0.047557510993905046	-0.04148002557440891	-0.041194988257861075	0.10239642230452731	0.029846677476508286	0.05153928759235495	0.08307103506399827	0.062300127397493875	-0.019055479162831856	-0.08264746020397853	0.05566455889715537	0.05314719096593011	-0.018104660962235525	-0.011813513308817414	0.014227324413954712	-0.1372462918142047	-0.02083856648155048	-0.053523501749957146	0.03858974698150689	0.02708205044653305	-0.011962134674933622
-0.10313603490941178	0.06031090977225953	0.002208529108163883	0.005497081737906172	-0.014325938686028253	0.040486941041054	0.09630145855472785	0.052664800126076446	0.050883290445894416	-0.04100624226879184	-0.09815538203575641	-0.07238867579716197	-0.05189214506298778	-0.029550118076459023	-0.04042848578091665	0.0497148628385957	-0.021476296527414073	0.011155402776727948	0.018856194729656647	0.03692391139164177	-0.0449048996835876	-0.016004082518718078	0.028216382861342225	0.03004300551356605	-0.02177567083405091	-0.022135011747602337	-0.0453512847270204	-0.0021159697454578782	0.08850863742215062	0.050004039467165654	-0.018900659690297972	0.07140112654739238	0.07802482088155734	0.06968268108980882	-0.08647999918289945
-0.10018695572584471	0.04693602529825175	-0.004200401317596252	-0.023057049131622164	-0.026977877533233947	0.02439458506418433	0.04874422452119476	0.07811803662542076	0.04840480803330989	-0.06275630520923911	-0.009901285613879342	-0.08969985591700647	-0.038288132785593905	-0.10830843179171318	0.015142293834352734	0.05043113010258873	0.047801507862516156	0.04110786333312897	-0.0765842467078124	-0.05045441361972834	0.007273060064886806	0.022523608895255273	-0.03320778810941294	-0.02634690644609517	-0.06957210587834027	-0.05663486798681312	0.03154464794722241	0.05688173114240275	-0.007011437043297132	0.010893683395504648	0.0072943719155054085	0.006025430616354285	0.16451228755391564	0.1508294675218544	0.03774145905836575
-0.1048371208975372	0.02901652970317663	0.03940851365103241	-0.05592132756880452	-0.0029282145979936283	0.03230922041700094	0.008517952597776622	0.037385603200628316	0.046230369102626616	-0.08932705250448313	0.0005561528319037006	-0.019417730306770672	0.019494397221380078	-0.0662048301943038	0.05970445773291309	-0.029925804857287488	0.03903345297487791	-0.013130096689944378	-0.05921089887205479	0.08925794752216473	0.01480147004376349	-0.029144497954823656	0.0061395188405348935	0.044809707416088196	0.013422106997665127	-0.08865450095377553	0.044478098517820044	-0.034829248038814736	0.04531509338180222	-0.09000388443784431	0.11436435516238318	0.07006259425615297	0.1610424860639434	0.006829120711133337	-0.0006576441384846671
-0.10451732559749852	0.042156579579388564	0.03687637859763257	0.008131665874871609	-0.03180370789742518	0.014337532120671691	-0.0029221702893555933	0.04486274413548179	0.04342486122147029	-0.10611041841744003	0.010035047716428708	-0.05258625327069495	0.0439060607299746	-0.019691859884196285	-0.02619268610327945	0.04305954075628956	0.01427483092535143	-0.05381171687712037	0.05577164984586293	-0.030411966403590788	-0.01640765281936438	-0.08128985966658009	-0.006024355246711214	0.042042229596602726	0.06241683936034359	-0.03741128645986475	-0.058952114043925564	0.029356726047496666	-0.04977580151983474	-0.10622504823895176	-0.06273100792053612	0.07466689907623207	0.16000677948598496	-0.00108681994862464	0.01574822328408093
-0.10454274211635099	0.02280405418730828	0.03602867602928101	-0.07413324356906528	-0.04199806459381221	-0.014107188752921123	0.08933874424462362	0.11748742923818203	-0.02576455078569424	-0.0045245463843799055	0.08751784388636356	-0.07336530933455364	0.07234989599881145	0.040452477794409504	-0.02786209371065482	0.019111228032697034	0.012176913330612445	-0.015713803273555427	0.11117853895367376	-0.06306335060457097	0.014181340611206758	-0.07974455805934583	0.026906105810466967	0.008245036179527078	0.041976135003851923	0.00835294841942018	-0.09480558465551059	-0.023013422647080027	0.04872320141638656	-0.1140877582146755	0.029038516063470576	-0.003061511811431196	0.10192683447305106	0.031312181308612706	0.056630722704209546
-0.1068355412077103	0.06352950425218955	0.02943010211481609	-0.033136812586197134	-0.031428759723417424	0.10821626639001566	0.07298114758507104	-0.047081721998528905	-0.034156208278227546	-0.039389497895753814	-0.021610263692513516	-0.14947843805359023	0.023340878631475916	-0.03584194176032231	0.032748290910999504	-0.059902750366089955	0.07002730729033174	-0.06444419738578866	0.07329522007420923	-0.0757056385353533	-0.015327512957182904	-0.041138174984532795	0.05330668722617537	-0.019075280859247264	0.038607592431252745	-0.02315613287442708	-0.05601103596551073	-0.006666271805258325	0.05371245691747107	-0.07284939307923073	-0.09956218219693963	-0.08567851528378083	0.04282237751825932	-0.06631639414093898	0.02447543388919239
-0.1086608135658726	0.05489162020578057	0.08829570801649073	0.025125444712559702	-0.04337862790343892	0.047874219843725405	0.01870493280450422	0.04204526072844662	0.0252259568117137	0.05172136330862235	0.004013584660885226	-0.059256596070466405	0.025652240972670957	-0.018657355131591814	0.007509943618680714	0.040447151510076856	0.046774395210685396	-0.05870965038775029	-0.0809827725995853	0.012300561572714416	0.025288465564882012	-0.02176512511807566	0.09137634690629068	-0.003305061255166065	0.07248405868252161	-0.07019932971355118	-0.013390538200052444	-0.04946848764958858	0.0810238556315637	-0.07823830228754125	0.01146493937065764	-0.020688142936922664	-0.11550972483605505	-0.017933836625249333	0.02417665403812945
-0.10650708030072428	0.08046512888422688	0.08484893037734485	0.04821348379002924	-0.06256888097219446	0.04650717148297892	0.05605800180211058	0.014195572374580115	0.02341107145699166	0.04645207814207037	-0.008719160868191873	-0.0692523931135675	0.0007093210946806805	-0.048318698845947014	-0.010754860906750846	0.05727323695840805	0.09896221636360954	-0.013703309404462549	-0.055714535427096014	-0.0021707421899604144	-0.06488650313777988	-0.009628183415860395	0.02859902286218991	0.023036602981676924	0.005936838036793733	-0.012299485729359152	-0.03511458562701913	0.009675025869645418	0.027185060284182265	0.007113989115548103	-0.018609042881447428	-0.05184565465011419	-0.1745496667414947	-0.03998109199721648	-0.02792454156460341
-0.10521232242686175	0.06697088831717105	0.079290942492747	0.014807828360372175	-0.0517136735081164	0.0875674929177921	0.011124145958741114	0.045332899099269186	0.01845824018121561	0.08901992829490042	0.0008132602969838003	-0.06938965471941186	0.01049873520357399	-0.06963819567390898	0.02595510410854086	0.05199438732188379	0.1133018312320824	0.0027755479076354873	-0.09925573913923401	0.002171034445475461	-0.04252685541906812	0.01748204033087819	0.06883949704402174	-0.037216535165453674	0.009641341804264326	-0.01603514221939229	-0.018463358594040052	0.01792175733554878	0.02392776634633457	0.0027700954849280033	0.002239622269233823	-0.10278167479240019	-0.1589480978927164	-0.04290318558879569	-0.041628604972670485
-0.1062732208791204	0.09239439419250707	0.08797062022412092	0.06608826752404134	-0.05504285888337236	0.053983833541981135	0.021478942230272007	0.011129611394587858	0.055631174500878344	0.014430204964153518	-0.009535657212944238	-0.08771556375302718	-0.002043931049056179	-0.08282402775411575	0.019189244646911695	0.012427556423900326	0.14421975586899055	-0.033739751055619	-0.11237401861903568	-0.025353043563591474	-0.053738460013169065	0.03144184715244028	0.06986407482151005	-0.014616811104418242	0.031264399950213205	-0.018592070305422932	-0.05991956059152229	0.02464030146838851	-0.04516503263358404	0.008789489950259613	-0.02568615683277592	-0.10079129290068574	-0.15035945870866063	-0.04579626927330182	-0.051375570548829644
-0.10475072870547027	0.0356142469200539	0.11581206358167562	0.05925574275407622	-0.06615122969813524	-0.04752257675484318	0.02419580939557152	0.04429999374349983	0.054233264490696265	0.013234809379404586	0.05761463772100866	-0.0359905394717206	0.047049910400878824	-0.07359843033590766	0.05531724508347108	-0.04295439004744159	0.15133895408814746	-0.021576359982031394	-0.11279507833568927	-0.005054041963479692	-0.030431793379594584	0.04881369774939487	0.026034164110720442	-0.029968559166694286	0.009878277279155228	-0.06470411638747792	-0.06137545607942535	0.002416873315561119	-0.0013660238291728546	-0.07996975504237283	0.040982060062222395	-0.15046842148999184	-0.12496322560360949	-0.08491322777284617	0.039138055151692226
-0.10505356902910304	0.06742861465265942	0.07326489565399384	0.008164087396154039	-0.0007783869577192463	0.09565578827256731	-0.050676587774975884	-0.003671605610355854	0.1046866266247873	-0.025799402246701138	-0.10198039777038971	-0.007525860022092371	0.028963324059094384	-0.020036295560886284	0.12613656486769068	-0.11194057678660396	0.12849896494066995	0.010363780690497612	0.03992210768432485	-0.02131365311772773	-0.04965534533360509	-0.01639380551987729	0.04318422280217529	0.021065528079620727	-0.052380683725095495	0.014630615187585499	-0.05430456294182147	-0.011720552099317915	-0.03175393092226974	0.02883782694852249	-0.002303556740559251	0.002790003413635716	-0.1601104180102771	0.022871393958814323	-0.05990486670236753
-0.11533753427237504	0.0700339735460471	0.0801091483043181	0.06938068041674578	-0.01748979133944336	-0.027028052470992815	-0.08764510413681462	0.06873885012235958	0.07906020907790684	-0.055574299499190995	-0.09745287592114042	0.049663606985216394	0.07197340569499537	0.04539495259440102	0.03480744688085252	0.06648314489613441	0.05488236398545487	-0.02652380935443189	-0.0074016870252830375	0.004307164364118276	-0.04435362868425541	0.01796513020821553	0.026480311450957028	-0.04560614169767814	-0.020874502709404448	-0.050111950871401495	0.013699351658408413	0.06319220882542415	0.011284323895052371	0.044460118444208434	-0.16732119688341893	0.02938538373232115	0.08643223069064387	0.059711095657528156	-0.04924975174396326
-0.10917369496635793	0.036445884849482364	0.05250357734049963	0.005202623335450236	-0.038880700719500706	-0.0901735796841559	-0.18424230882765658	0.07537148922451857	-0.24790059819413743	0.02616896991570119	0.015241843932799176	-0.06246879556372916	-0.00034932822996853417	-0.016335044424945724	-0.05114255796907451	0.15945652654953316	-0.028864528134511815	0.04596531765919176	-0.031571611536523936	0.13110975100457564	-0.02613463479070407	0.14947381289762252	-0.07934857450433193	-0.11711109159214303	0.11572127352279152	0.08582064236592547	0.007458643216843716	-0.08774400673355728	0.020810664483404927	0.03828000478971971	-0.1286548441410452	0.20374809273633554	-0.056825313407292626	0.0021065129530428855	0.11784529232522109
-0.10242564095191316	0.04188739839694753	0.03827824100716107	0.054330693753721855	-0.029457702331960097	-0.006412151574673036	-0.10395223974890573	-0.07483881232301859	-0.24751199552942058	-0.023211887339010202	-0.03533808262632882	-0.1118365498408106	-0.041671372579264454	-0.04560273845386214	-0.032855040347264566	0.10164115463177903	-0.029812730691989333	0.06871780699585431	0.02566574067830106	0.0810791887577412	-0.021053839026619982	0.09618481298891216	-0.052029948354446263	-0.09033439412840416	-0.019224341604744864	0.060819770345529406	0.0242676848955699	-0.0713925396521775	-0.018785237118340993	0.09637988466169709	-0.13267002061795413	0.06723362101430545	-0.003974275758897312	0.05030868654892809	0.1118977651178151
-0.10969820764389374	-0.010124890495786116	0.12752658637213163	0.03991793505172756	-0.013175537481538994	-0.12828269433885636	-0.0789855222935816	-0.024116648963181483	-0.14237836005201807	-0.07535340236153748	0.03679872687206285	0.03454059614098357	0.02040453980559456	0.061801857899972085	0.053822241667470655	-0.037012521531460285	0.01823859171621518	0.07359027926526746	0.021783380243351892	0.16816225690104855	0.027982716439717014	-0.029120682005425863	-0.11386193603681531	-0.08164108313633006	-0.08723145435525903	-0.012903093210589217	0.06410149579708485	-0.08026787162085747	0.09357141500484978	-0.07965066453594336	0.1627936666676355	0.060545917316332076	-0.03262890872722434	0.025061007489861623	0.08711795773987245
-0.11038261790425884	0.050886586305311135	0.07887885845575524	-0.0058310648159649835	0.03939300844125382	0.05956178358619478	-0.15601188472278657	-0.024431402318477013	-0.05561926814076913	0.005650890860606627	-0.15389297584180164	0.06272363284883037	-0.011071790243269222	0.023565689129889537	0.10647503921091828	-0.0073844733250592225	-0.06405235715735197	0.03131442362815767	0.09068637817763472	0.07236101346319383	0.021321568879921628	-0.09699541945903277	-0.11962931290468769	-0.05212507802680984	-0.03231284334375453	0.015907016135187795	0.041172953001345554	0.031160244158386287	-0.026791665299034116	-0.05517201598753604	-0.06259420423107034	0.0487088217118376	-0.0010553662641981697	0.06487591203570083	0.025882193998274475
-0.11211269407614889	0.07731787573037843	0.07143812319348324	0.020488280989036937	-0.017419383532097626	-0.04209477066345361	-0.054674033018108435	0.11305284528248581	-0.04413645133224881	-0.009797994177393013	-0.03026832562758884	-0.038856342111347815	-0.0025542829074268365	0.058746226306476135	-0.0203758472712352	0.07395490723462483	-0.027420411207331297	-0.008871942847203117	0.04495720378881121	-0.04952149564105374	-0.09866956278739676	-0.07092962897443984	-0.09280164099540442	0.010502240472789928	0.06893140377295832	0.012508917425142391	-0.012747482990415563	0.030849962789327542	-0.025434131171129512	-0.08949028316828936	-0.018066431774933833	0.10710983834224866	0.009454258616985876	0.1044601667078245	0.012155689363072653
-0.10626240016482807	0.04268730311382027	0.08663582021651296	-0.034715893824744035	-0.03822775885555856	-0.06113952917580467	0.09001564635853002	0.05758143378249536	-0.11710340125746907	0.000408796088298327	-0.04181122427787141	0.022539037626936015	0.0700132389931989	0.05709913897765924	0.013498769002395269	0.026114091659695877	0.07132609206670074	0.03477331043393221	0.0011831554260862756	-0.06517825914592124	-0.09967791379461419	-0.06957105137811859	-0.10470484460304715	-0.05932382941436316	-0.028313513656804387	-0.020980145551211537	-0.011959259506101359	0.05108584411783797	-0.010130290329278466	-0.04697144259205799	0.11123426089403456	0.05295787309352326	0.06651691116850922	0.0025468423011143055	0.10649571093334292
-0.10847316716797832	0.059629453073082456	0.07374735949880447	-0.060597586404381246	-0.013639984502184802	0.09275334174081777	0.029077674928419266	-0.07278061571642806	-0.10986495587021214	0.025841466175644645	-0.12223285920028817	0.02295411234157154	0.06863131450798811	0.024522097078117932	0.08926757301500407	0.004069767324598996	0.09148802724967951	0.03186093142158436	0.023634515356179046	-0.02942244147368277	-0.0964416993132627	-0.07569859593557489	-0.08252466350761214	-0.08104439850222893	-0.016512801232121167	-0.016873718437012467	0.00792511935031464	0.0649775142952863	-0.05027283974143629	-0.06974513153547585	0.1393263044641347	0.028009304572310132	0.0534808204029942	-0.0026965379549517485	0.015060807618777344
-0.11077149657605773	0.06347345672820652	0.10925819130671553	0.03290514668613486	-0.001986272311430154	-0.05712545499952632	0.047891128061397975	0.01584750009107821	-0.05002187970568705	-0.009062752837896511	-0.15629094845084127	0.03379833784842185	0.06443589524036633	0.07230906659905843	0.04694644991390374	-0.01617567883688777	0.07881264416064143	-0.026829338725392487	-0.03410999909721267	-0.06855509161985306	0.008122751940026748	-0.16115297442103105	-0.09505604133616519	-0.10608796547270757	0.03810069259422621	-0.04960206390344327	0.016999308671808815	0.029041363476924195	-0.07527559336096111	0.04697414946942446	0.18408914198036755	0.06448596031188215	0.029073874292246275	0.012744901627363203	-0.06534290648290922
-0.10749458049455608	0.05031519702144325	0.07038669723561637	-0.10538176013902673	0.020925145368824408	-0.04161468539143001	-0.003024238979195043	0.1970972826039199	-0.03592784395189868	0.10875510623828073	-0.1133647438136939	-0.029586068241198617	0.014948771619252944	0.08204271534455711	0.04662948914034212	-0.08090031576518249	0.04056983393946644	0.031519791602219474	0.006961274713650018	-0.03913507077852886	0.014875657972212769	-0.17921096956511337	-0.04967128232900392	-0.08332346217063055	0.09425557537689142	-0.09288405812523445	0.06848944231492984	-0.06616633420523557	-0.05031045204275607	0.054229662305850544	0.10840502844406752	0.006504426174440081	-0.038532579801161815	-0.16081533267648035	-0.10430812823155432
-0.10328263204365185	0.06913742229159901	0.03877165888291116	-0.09675816786470139	0.003823047404090131	-0.056078897209542455	0.0807401139856777	0.16229896010222605	-0.038005471876388065	-0.020541133011156665	-0.0770111641757313	-0.10866201752711571	-0.01899957727640735	0.07294274670467961	-0.010373362537166302	-0.07923594582190666	0.09586540509873952	-0.005687879420170699	0.0076468341586210225	0.024889263647045856	-0.045920756643649974	-0.14096842652599303	-0.05567985164297932	-0.0329125742116689	0.019174921743607284	-0.05273031385511351	0.041462477495711025	-0.025916315129730496	-0.06557000084197197	0.10095046154689347	0.018511333649279944	0.056812720072248864	-0.014044309829462913	-0.10692434969137204	-0.03141319589370739
