ICA_00	ICA_01	ICA_02	ICA_03	ICA_04	ICA_05	ICA_06	ICA_07	ICA_08	ICA_09	ICA_10	ICA_11	ICA_12	ICA_13	ICA_14	ICA_15	ICA_16	ICA_17	ICA_18	ICA_19	ICA_20	ICA_21	ICA_22	ICA_23	ICA_24	ICA_25	ICA_26	ICA_27	ICA_28	ICA_29
2.2190555367826135	1.2623688106715105	0.7174639499090696	0.15933388717354477	-2.7031214125346934	-0.19892286770320047	-0.2690573156992533	-2.474570337760976	-0.5004855508554155	-0.42982405367855425	-1.4272973611549356	-0.2926228772940896	-0.4581983658471503	-0.7683299882263551	-0.6397606885090842	-0.20053827265877464	-0.35449193172587223	-0.6627068973642594	0.6318065376637533	0.6548641580763596	-0.6882961758411847	0.013784156756854503	0.4652074153875982	-0.776432617809923	1.4243935158868568	-0.017967387447746275	0.12308294944580579	2.302938659566807	0.9708503348475747	-0.4274241598006651
-0.8440159590369636	1.2244154008443153	0.9138214035887406	-0.7656561371673997	-2.45573380249665	-0.8434638512264385	-0.7081875757864146	-2.467285250643864	-0.5329774303976659	-0.8576339523256135	-1.6359239289052039	-1.1595987041320512	-0.29159239840641626	-0.776110100113727	-1.2031201598451822	-0.06702484944303208	0.36702470771730716	-0.5737427896294117	0.23610282882717357	0.750400937948421	-0.7663267205091282	-0.2188303619394662	0.1324931240466188	-1.3375923585153915	0.5259896526841498	0.4564530966971255	1.4109381362452267	2.2140593445974006	-0.6560516287157738	0.7185029886968719
-0.14940367161725526	1.302673671514834	-0.10563219446778646	-0.3198105196884547	-2.7334385769042635	-0.8427551081177838	-0.5014225578759117	-1.880639519095779	-2.0213958408335904	-1.4760968515999375	-1.3098103232065945	-0.01794461144191954	-0.7079798775589438	0.6122836505958723	-1.5882388314372335	-0.18755604751128466	0.9516145535705711	-0.5171548066688123	0.8461336437175341	0.6518917371610392	-0.8023754547066455	0.11779745783680591	1.1009248979874962	-0.5089820854305023	0.8802841955014943	-0.8931014638437232	-1.2796681770500486	2.097447581321645	-0.011494270708727623	-0.3165574288663704
0.4301140873431055	1.3708141452254345	0.46571873569080835	0.48387288068767587	-2.466342669343369	-0.25364891900239267	0.24102449774401463	-0.4330990589834021	-0.8557580195067597	-0.7382280670173157	-1.3754680193542952	-0.8322760829477257	-0.44182440255448086	1.3227457381777248	-0.21260565064663375	-0.3688616016971335	-2.3009053088887916	-0.6246715039625302	0.3850116570004172	0.09960447268821034	-0.7518919144431944	-0.46295657237480575	0.7702839877167201	-0.7138591745561409	0.2139022458345842	-0.7160230902736446	-0.6668415250381149	1.8901581665396037	1.6496269834937591	-0.08425181651320686
0.4064921188890887	1.2947523452304526	-0.332028663654112	0.3413285124499173	-2.2086975980216943	-0.7642433654401638	-0.30633283645391923	0.3556176102767076	0.02804110205261865	0.39494673500256094	-1.7410252029823219	0.599310461866718	-0.1525336300703518	0.6718405083600797	0.01783993082800839	-0.23502681303512374	0.5807368619871422	-0.33335629041549497	-0.31885407021852835	-1.9560954803401485	-0.6847432779787748	-0.6406065119712541	1.0403146101340173	-0.3384125201131513	0.2114881779849163	-0.34313974000316483	1.4724987174436663	1.9844329219128338	0.5432823430206439	0.1207896728552712
-0.40695119154292325	1.2885751042270508	0.8735907872888018	1.6330789628907443	-2.251799618738776	-0.33533258869617055	-0.1723358527842742	1.0161510809257106	-1.1365729906999673	0.23649422168260278	-1.3057644158703805	-0.49926066725875157	-0.2656049313879821	0.5660745295880231	0.967670970240569	-0.34557106310994884	0.2089227539536295	-0.7524391336715518	0.33366341446753756	-1.29089508186695	-0.7038288444593281	-0.20169311070145268	1.100680679609956	-0.3153684626026052	-0.09197285699891292	1.3491014833064627	-0.8200962439432576	1.5313525653625284	-1.8557649585907872	-0.4817980941391032
-0.7273847554506562	1.29403416011644	0.6089095719015781	2.2994501820557867	-1.7689119549768189	-0.04746816370260203	-0.5840630116024614	1.5943850874292096	-0.2992533686264967	-0.8121201217766599	-1.6008185267683122	-2.262857578281229	-0.21501122841033535	-0.09755046709028957	0.14620633433292432	-0.30155772735409925	0.8353914480234425	-0.537750204773645	0.25227419293615355	-0.160688581106304	-0.7061621495235676	0.0031645580056185547	0.06816931166705972	-0.7677540768203132	-0.8628634769043712	-1.26731350221528	-0.43635114476392356	1.8737544249224571	0.33776426881606586	0.8386626110900975
1.7067235254256676	1.205339708700435	-0.6744099695897614	2.788327416948598	-1.735140426852085	-0.12433196931215706	-0.750321845651535	0.8229119361018923	0.29288849321982335	0.5715781057348306	-1.6095747295016305	0.3957516075489663	-0.5805912861095637	0.27740327579199325	2.23192724182773	-0.3852305405353489	-0.39775743977394273	-0.10904312040053321	0.03520491734882624	-0.2417783560844777	-0.39372210329039387	-0.17255056045541634	-0.021214227091867537	-0.016389755159760183	0.3563914663035693	-0.4898869095598482	-0.10083572657350631	1.450136049166199	0.62392983705513	-0.14539638524103876
-0.9974174027463077	1.350025910681656	-0.033470833074936986	2.34895907769503	-1.8144922435851891	-0.08143588432324754	-0.0513108942914419	1.0839747844759213	0.1143587003704315	0.5831615837796089	-1.3259636137985047	-0.19275928853919702	-0.3621423034957565	0.2870414446280116	0.6552375895886644	-0.39930968094852415	0.399374798614114	-0.11948532011946728	0.04627481637272624	0.8118409075841957	-0.5731720289650348	-0.38041432349707865	-0.047817419414370566	-0.2444332809144593	-0.411912563788781	0.16186326947388605	1.8743387427868647	1.1695422740281178	-0.5543058921026992	-0.9858359283014055
-0.008826596339902341	1.2136994017683012	0.3765604220810996	1.0365682774186262	-1.2731336230624544	0.44927036187939146	-0.62434596297072	0.6119687125841072	0.5445200895287889	-0.8663169517793323	-1.5152783984800255	-1.434042848300732	-0.12296871569282607	-0.6249170511095178	1.129961812575897	-0.1791485610766873	0.6911771681809373	-0.1721475421575115	0.5545604437210958	0.42876946415035777	-0.6899228832568549	-0.7642093922221128	0.14225148269399313	-0.5866325311775659	-0.9852256922235738	0.8895067712471769	-0.9556361559639144	1.252219547652435	-2.295629843199783	1.7083781352172298
-0.2757773974392681	1.2868685614543764	-0.3990600830830083	2.3499999890742647	-1.438843917382125	0.30623786756753424	0.1552826550122403	0.283329057523765	-0.8261822099760857	0.6869323421983843	-1.3608476041014677	0.08061702190424722	-0.8319022628380499	0.35035272868694733	-0.2258269893016986	-0.2918495327249491	-2.244606470104515	-0.030522833774198337	0.2413047324223448	2.019314087900555	-0.5311509273904601	-0.43067339205771893	0.21508048260906795	-0.20647762292191774	-0.641677199725125	-1.0025469268880405	-0.8287822948297505	0.34400182466178447	0.519702036491101	-0.8620125385056774
1.6744237407992633	1.2925631134238078	-0.16400370968608052	2.1876081432474552	-1.4138318444022817	0.5196154514774944	0.48995691228965593	0.6034394766339417	0.9697239723452992	0.17020658327262833	-1.3708174954117978	-1.1355653796232543	-0.5227688176684623	-1.0639993617542485	-0.8513436394434339	-0.46249495528276474	-0.47572296006261855	-0.30447021726650525	0.08576161566783222	-0.09300219014033236	-0.6511737835488047	-0.6489278375651917	0.2672510867774115	-0.2513355444418286	-0.9171477191436456	-0.4197320661933261	0.6340568267445255	0.9981171454759559	0.7975759817346643	-0.7464813825733205
-1.7315170982972046	1.2521468265434084	-0.5593371929736127	1.0780095441079247	-1.1603272794527066	0.18856997262913283	-0.732183740853415	-0.002265639787428675	1.4806325627380557	1.359321070869356	-1.703775747391194	0.968413769722793	-0.1829883110275467	-0.28303126252932664	-1.1324700096840612	-0.28998980077334574	0.03795082056265139	0.1458063766895682	-0.31024233996263173	-0.9054103115118384	-0.5268914356732919	-1.5576079949433692	0.10860371722824759	-0.03051194546334855	-0.8444170766161482	0.32454649470917873	1.9777249386390248	0.7515803259547944	-0.2150356971903201	-0.6931002275639708
-1.1930787381613752	1.272569982398597	-0.6540354768655398	-0.21205391621430125	-1.035041025228601	0.47763741350762423	0.34519470343383346	0.6585175799437949	-0.8947714681132496	-0.09494407754193658	-1.181419574688799	-0.9837343242195888	0.25563468475140705	0.6106705448810995	-0.06477678709541508	0.12686955035960004	-0.5886338738807203	0.025581164656030955	0.867839602867275	-1.5183002530352219	-0.7813288926360251	-0.9324762155699883	0.024282422895787657	-0.38376161388206054	-0.2523620267936938	1.581627088325601	-0.3780009176667575	-0.14186027595360629	-0.8897798706966626	-1.056248254077472
-1.19850063906146	1.0042469799309706	-1.1031742690730912	-2.413400263113667	-0.08071073452806087	0.3723973997982264	0.7191282493686108	1.3441512029185216	0.03582441046200238	-0.6521697131896396	-1.3686129074104796	-0.879551952323674	0.9281167262890866	0.7172135469731907	-0.8420902623273803	0.7636462606893903	-0.6750763122889435	0.3958575753001731	0.5147372238221241	-0.625745319700371	-0.28802823884705847	0.009074343301867077	-0.008448714735239267	-0.281115948283973	0.023649919848731625	1.6304980568166954	-0.22440893778569165	-0.6174323126415905	0.5689144181782002	-0.911452874747542
-1.1108795564507499	0.9272328165958295	-0.7665167860084782	-2.874941343963576	0.4774372721119574	0.017497788187007958	0.4862410254992876	1.6919189074756733	-0.18814859124978792	-0.845402483178677	-1.4076830448361644	-1.5962455141938199	1.4443149456800923	0.08625171227355304	-0.8816646274662129	1.1814130551218143	-0.4498095152975184	1.014854336966329	0.6632399038212492	0.05590981084805277	-0.2805484785186115	0.7657808328163579	-0.8866594350507451	-0.12920087864988622	0.165911059605973	1.519925105916146	0.34751448576683736	-0.9767242399765802	0.5145254326527754	1.112541893757493
-0.20795187328046238	0.8894239163153689	-0.29074400838310555	-1.9470604493273007	0.3873055490818783	-0.5406660921956653	0.35342387830234495	1.8915699197980986	-0.9820288167211262	0.5155530396310274	-1.3761753751191228	0.35983006339172985	1.4578362660729935	0.31024035320883137	-2.016821551279819	1.2303796841495447	0.35934139543568416	1.2407353204434226	0.5398162261257597	-0.39863581694394584	-0.022770335245105085	1.3181816566463893	-0.16062226929969517	0.34513960109127023	0.4803116546935718	1.320866348704745	-1.2549626150679978	-1.1368721464606002	0.17165091628208679	1.0015431241234172
-0.21133899960772265	1.0728298306175028	-0.19213383589067162	-0.42750734477833596	0.30463350633646136	-0.2647480043964314	2.0479776822000533	2.70299084691716	-0.6784065973874795	1.3224325400784729	-1.1361379824344608	-0.5702713067228544	0.8601130477947514	-0.7945020439619975	-1.120780100438599	0.9403580460143982	1.3082051823301049	0.9374042005910543	0.35973318948416144	-0.2928090825137653	-0.03667255669242781	1.9825233457515652	-1.3869098621332174	0.30621741104606665	0.3663319839153316	0.19807402312166475	-1.2291896731183458	-1.2196121687134285	1.5143701130027456	0.1078885817083374
0.13855223141359982	0.9682286455728705	-0.8780807961185805	-0.7762287057681777	0.4621953767154677	-0.9518363570156346	0.9557601159355819	0.8983075453021301	1.5622557226126488	0.8221270464241931	-1.192134161706958	-1.146835843241858	0.8531002672972111	-2.521947888069124	1.2972122942004733	0.9865737761172189	1.0601142916372384	1.0032303822755066	0.160855773418451	0.7719533159285858	-0.07287390412115266	1.2650901125760599	-2.1633029718097605	-0.0047696499709798095	0.43723006753770216	0.9857308104109502	-1.3799900043642905	-1.0968187881171083	0.7758201728833836	0.5930209623942472
-0.02327187589763914	1.0061159016446417	-0.20108454247535787	-0.7750058676820716	0.21436390631441773	-0.642736976989748	-0.04482997794148752	-0.3186758474931323	0.4128556328510655	1.0602220100063278	-1.0302785765716669	0.41549538122788243	0.7588854597176897	-0.3422346775766148	-0.8351328217287952	0.9740302444643745	1.2180555129185247	0.9225182247579861	0.4086143722223301	1.7756768629607333	-0.23885168002560442	0.8224307541147976	-1.5048855128960947	0.32338696535750766	0.6725351876338205	0.11791487807921065	-1.6583652152678479	-1.4603500303084778	0.9714961182517917	-0.40069988708632664
-0.7181640968916717	1.1269721337739238	-1.500860423366152	-1.1344845515001025	0.30562536853367456	1.5510464908516155	0.7980660634270621	0.32020692079245594	0.16798447106451167	1.086082002439254	-0.8328484845350704	0.3505200877871374	0.9165408157555905	0.8352039061884452	0.8002678050302593	0.7365929607945441	0.8818068088624924	1.3092795663866192	0.38284129860766264	0.3586866045835178	-0.233078083309859	0.6436702133519513	-2.0416946279882286	0.056136143168404075	0.7888174386747351	0.4249859013196633	-1.0637784821331775	-2.0278178778382623	2.219960428722688	-0.6464062489109532
-0.6688160126719409	1.0926979070857608	-0.43744579902865177	-1.3157835076452238	0.535751519721046	2.6658143078533914	-0.700604621059576	0.4434477167258501	0.6215522015672711	-1.2191821638586817	-0.5719169855457034	0.16824426918116164	1.8614927184681402	0.8686294113267027	1.2415010574230647	0.6262736493105837	0.10848022140052575	1.6408395784593053	0.20434293359464895	1.2703732342125895	-0.20928699915361815	0.07824834773362982	-1.1650251739947608	-0.31587807170732046	0.7011207450989181	0.7987816921323193	0.8707282107948014	-2.5002307069426988	0.8953728319684746	-0.7163307023780988
1.0394406389885118	1.0134358101075451	0.5254724524342815	-0.6201525081310256	0.6542886497583087	3.2506070142291645	-1.5732247189021058	0.3865807968659671	-0.5398959721667778	-1.1484411687616878	-0.5247165344403775	-0.6791831762514448	1.566307671429948	0.9325537840513678	1.3505918690248127	0.7989473156998964	0.6228979785386378	1.853565863418596	-0.009472768285132691	0.6777205206665329	-0.39056715885790144	0.260590366691763	-1.5458455087798226	-0.6471607644376429	0.2261611463282524	-0.186263818722628	1.3475098262686216	-2.8701961621963274	-0.7503672343123977	0.9554260509107265
0.6347587554361694	1.0629226855394378	-0.09452761498055932	0.7083347954730239	0.5381621749912568	3.002429493625513	-0.7603561544563918	0.7102337186580395	-1.7784292869108962	-0.332289671962327	-0.20946518279266924	0.6036131317756067	1.716961168858428	1.526265706473131	1.879266565037043	0.6996392237139916	-0.14634332631503327	2.073011747077542	0.24643472115828527	0.19768924498661988	-0.27653668053732894	1.2786536115383398	0.2532566178767383	-0.625168765533086	0.48972920841461975	-0.22260070985070599	0.8656946176147229	-2.6871849308039533	-0.7903373521303207	-0.08032321677330366
0.7544296743702407	1.1505441955071918	0.8030686528373412	1.2407784819288876	0.622896417001852	1.4894783304602157	0.3992838960421196	1.3577715299507933	0.18267764392799662	-0.8147952413865807	-0.3194446446660152	-0.13576902962335116	1.3042582742330187	1.2001131719820062	-0.9775482566046396	0.45443461603037577	-1.4626744414640491	2.2229786116974597	-0.8582998981254484	0.10307369223162649	-0.12936766059440383	2.426927091693654	0.6774920115179378	-0.3866813650606413	-0.05689049095800142	-0.586982536550873	0.2546610872373197	-1.6674059125994736	-0.27752714659551814	-0.23119959808149335
1.2153984397933901	1.0880095506546388	0.43626996128012346	-0.09809719544234136	0.5376066573557873	0.44657722800516186	-0.3099238726956591	0.29735792283168	1.6343770272929778	-0.6237089459234292	-0.7063684970034352	0.20540752945796106	0.901074791917075	-0.21110163435113546	-0.818527465506522	0.5070340277418397	-1.555796239550594	1.8211446506252558	-1.2075330319199795	-1.6469827584611896	-0.28331360409214085	2.624775330629497	-0.5626970004020557	-0.19683785567106243	0.3483258715777953	-0.29612087054506675	-0.0012080637870272972	-1.7961900632143635	0.19532656678834068	1.0341519828518984
0.5252980108878929	1.2331370696705968	0.5169992152999044	1.1128369321114473	0.2120764760144862	0.017686843719180556	1.1629852733579475	-0.9059701258744163	-0.2865252346212501	0.22609496573536822	-0.06868441853697518	0.08386558186433797	1.5731648758724608	-0.6800383812103297	1.0277900216233722	0.28848054548028457	0.07980768252181057	1.6352811000787493	-0.1530993599655921	0.3305735803823839	-0.039659657703570106	2.6317753541322664	-0.262571980987347	-0.9335037789451057	1.0870461746034956	-0.3087212392736009	1.51027885873411	-1.9047559954606998	-1.7280531079856276	-0.8704907584906441
1.022114229011276	1.2830010517425439	0.6969670734496332	0.44031138002749964	0.5042511975504673	0.15131311615054321	1.1343006884177491	-0.672373806748702	1.2605430189500095	-1.4303885470547377	-0.4173392764610717	-2.985093899045594	1.5711452516451816	1.6233049786213936	-3.206495598212901	0.08293910093347606	-0.926815172788459	1.9513252675171846	-1.1643938021849884	0.25361065864468946	0.24877013127510392	1.6489624795917988	-0.3281128405628645	-0.9586371234184023	-0.5465132349405369	-0.3462077311236861	0.9263648445082386	-0.7405552607335966	-0.4348994839446638	0.2760328060594534
1.624272103376391	0.3699213629550411	2.8708088958855793	-0.6608618899910749	1.3660992686398081	0.9686971444377159	-0.18200424644253996	-0.14226042257423555	2.2010388157112595	-0.7189691128486708	-1.6320681094418181	-1.0727159894097396	-0.13513110254062877	1.65063458954573	-1.4971604338665723	-0.3057993489787775	0.08143383423052467	0.9429893489541847	-1.574587739137307	-1.7479444646581077	4.000974969559232	0.6352072493019126	-4.257120907392826	0.652373813573235	-1.5146463235207746	-0.16966820776140176	0.4710279782606392	0.010647705630795356	-1.1677930792734237	0.46923287270544456
-1.4593992777019311	1.1405644821549081	-0.801746696725502	-1.0638053524592423	-0.40965905791987667	-0.4162257960044866	1.5122309585600946	-0.9611148677444789	-1.0536719843698599	0.736470329349821	-0.5304943875047544	1.4095987816805984	-1.5279902881031966	0.5019450747074413	0.6733823195520414	-0.4195746626797947	0.3688616540096407	0.08400103503731816	-0.9463738996124167	-0.7393020818014596	3.4248299294082907	0.5814881505732149	-1.4493440767687873	-1.0825971607646985	0.4074834235081032	0.8796500309780482	-0.475375724155798	-1.4624652778888931	-1.407200806954672	0.7519999938154478
-0.7734575547918425	1.4660098746310366	-0.8398781313877584	-0.6952410114249034	-1.0613867225687057	-1.0633607541541403	2.6985853210577155	-0.856324160766718	0.35216332330684386	-0.08006456160663811	0.5511282011872429	0.6945652341444541	-1.0266974927596382	-1.4978764141176644	1.7020311435745443	-0.3643146096172706	0.8285683924160084	-0.2769956861667424	0.12045957820302881	0.04465683762682339	2.271889891200039	-0.20150271729458563	-0.46804611639159177	-0.43357716105332267	-0.6738684658228158	1.0017537192309753	-0.9833141868986787	-1.1144187874283922	1.6008224812901415	-0.7344670838079301
0.19556158773042928	1.2234881369908415	0.2814011258431408	-1.2060734637798878	-0.09979484037322961	-0.8150704781923531	0.30174707204229395	-1.94572182656673	0.9922938253310009	-0.5392994311570277	0.501573159211313	-1.2580139696114518	0.9336173915160526	-0.7873299314774169	1.4499312276206446	0.7323894161977474	0.4276442541228852	0.1295860922942572	-0.38088967861905576	0.9253512524720062	1.2563049723414688	-1.4642454108760783	0.8829595204790079	-1.248361960343908	-0.2902107719662504	1.0469766996423662	-1.600212798943321	-0.6292855561792283	0.5706955305172061	0.1278291979739352
-0.6286807377792352	1.0364165039483078	1.8395205997561923	-1.5475666542799995	0.22288192249806996	-0.20840837647831073	-0.541910042365564	-0.5580057239095801	-0.1780748550981313	-1.45091981513436	0.11721853838462834	0.056008733184429164	0.2721156812946387	1.0057179032802237	-0.1098038077833858	-0.8442013539163278	1.240449596224395	0.4800918249992535	-1.057727457865583	1.6636456690876549	1.2073142365388996	-1.4133892208785634	1.2017878903323564	-1.2514000415994533	-0.5692897772367633	-1.586037084774127	-1.0356290227675315	-0.6645722461472496	0.9998625790115956	-0.3024006326770756
0.6971945055205401	1.1212862659712637	1.6223226118332117	-0.9529144385654624	-0.07720421524372768	-0.12373642845933823	0.6478697403488419	1.1916001555822644	-0.9312371584278522	-1.0316146398105774	0.20761296614316732	-0.47663542125622915	-0.1711384856141263	-0.2954282740974914	-0.6154626438893794	-1.8609067628580283	-2.4432255379328778	-0.1594825170568709	-0.22411737778658603	1.027614433475856	2.093239142632639	-1.3681449602996694	-0.11007119785577552	-1.1007553513938513	-0.3533113761860054	-0.7835920170944404	-0.6655975765330591	-1.2654033296391323	1.8757803806618256	0.9894473187569749
1.6660659877016968	1.1091813609429628	-0.4479308360588993	-0.3194888278758942	-0.18605796783799206	-1.5902680983811168	-0.696492156737659	-0.40707229934101813	0.5059668009331468	-0.27111360184933325	0.19712296728013784	1.0884347783787856	-0.31317458270846615	-2.096427118836621	-0.12359302940198208	0.2676450527514196	0.420752560979775	-0.05608860711918633	-1.366431993145461	-1.551825393767346	1.6261646212127032	-1.6133368323348143	0.47015160247578947	-0.9296607312348952	0.9878768567562324	-0.2540124231291882	1.2741948739948712	-1.5442308820147992	0.46703019021848474	-0.05441224835073346
1.8824107097794758	1.1301328528903722	-0.7124227005580815	-0.9511718966574483	-0.1458573628623523	-0.3974730939917776	-1.2203061660148378	-1.0852167212868242	-0.6660078043216743	-0.3293154628187596	0.5542599730111276	0.12118031830729259	0.07791771427825606	-0.4669453496245548	-0.8923100538569475	0.5942184525109211	-1.0546989557054098	-0.09358557272522323	-0.665117035027846	-0.09153147382789355	1.2536689551857576	-1.6052405707309658	0.6563659954658586	-0.6437055241153582	1.241581024441394	-0.16840891473451183	0.8461905623451936	-0.2784027204993515	-0.7080317497933066	-0.5039443837781913
1.8708401895472972	1.0779778486719869	0.18863753663216665	-1.5305282412256647	0.014592065957379179	0.47048611740133606	-1.8863452428555354	-0.8677537218616288	-1.2802582758109882	-0.4618343019149708	0.5076317565917174	0.02780447931677713	0.5471612367056814	0.1796894259335579	0.8612073978534909	0.32492030190038923	-1.2879587925343112	0.09624144946504248	-0.5694189721303207	-0.7664562192790412	1.6042693189309851	-1.8271433992293897	0.575168458027269	-0.6886068685983006	0.985489231888676	-0.3189473931578059	0.23419290912597135	0.629170714256199	-0.2342997459366656	0.07299245035593348
-1.6406196694135693	1.0715571484018978	0.052594272420567585	-0.7149595999918096	0.2546659965908794	0.9847725527702245	-0.7271409874580869	-0.5166381011113347	-2.266457710302588	0.5525183213805446	0.092282769522922	1.3560058904858499	0.7002800364135524	-0.15615514222820276	0.8314872330043881	0.2338766104368827	0.13855863208344102	0.8407491835715607	-0.9010279551175852	-1.363930126249584	1.5791971732096248	-1.600276351215283	0.9838431718217887	-1.0814686886105582	0.3875283293056168	0.11600075409691811	1.80151346556314	0.4046879757545495	-0.546525962655581	0.9213271113969108
-0.15690741579890644	1.1647180137325575	-0.11712587652366181	0.5889623133043975	0.11246225478990919	1.8052208078721437	1.496815877954656	0.06311150263027832	-1.7384456687420553	1.3556615947979118	0.7850711194268013	0.4766201592869968	-0.027458158672837327	-0.5448373134844895	-0.7829330023543304	0.682049863662673	0.6182962527572972	0.1633753603222957	-0.851281204138962	-2.171295559442009	0.8750829537732984	-0.6465327201259132	0.760404269312956	0.03290776150635771	0.7529402912445375	1.1001584582947528	-1.5014242281838446	0.9050427895678878	-0.4979435308150552	-0.4468086708496846
-0.12256239703328066	1.0576443508629065	-0.15656081828795088	-0.3861969823815288	0.3755176866646368	0.6307006753142974	1.0568957291160905	1.0043164287522912	1.4822050323145108	1.0739110482965863	0.5875223914285526	-0.8475291064979101	0.18838907975657945	0.6676849236721308	0.9614834511018836	0.8859107576166528	0.6490810709036559	0.24353894415142222	-1.5404953198976459	0.11865088291517958	0.6412196535428807	-0.46020835121854703	0.7110219304272197	-0.5021115732760323	0.7079179289343593	0.8269126738833157	-1.2372750964715096	1.1708463041966817	0.5803320773626898	0.1862817108588596
0.007011322510581166	0.9444217056059588	1.076920970744004	-0.8814528766659196	0.10580627354435411	-0.47836989029385346	-0.6381769662908274	0.8151476765681676	1.4913951614312775	1.0286761918626919	0.5127590529777859	1.6862628218537103	-0.2523708002761551	0.916647431658271	-0.1133426272675811	0.8783910234200998	1.162976992493296	0.33561114108112544	-1.3143658935226123	0.4886046732549645	0.9477316056202039	0.16579498723840283	2.573119932664427	-0.40849829216159095	1.5498919209899789	0.3796078315242574	-1.5693849346860391	0.5295503809285199	-0.3191856260824604	-0.2726078620581726
-0.4284131435121066	1.143504320846219	-0.43237416115868477	0.04742790716395462	-0.07666115623190115	-0.07667620751495254	-0.15726614674904224	0.1551324093437119	-0.10405844430808693	-0.02542780450909114	1.0006173138753292	-0.009088548765671537	0.28234857839398425	-0.8402296280580233	0.7388681958538637	0.754562716325229	1.7401446586728186	-0.16847380527595424	-0.6318891093267744	0.12387508421102363	0.8653561340241479	1.2501793928276177	0.47017496122659386	0.16823670286023773	1.1743327617421224	-1.1872427440926707	-0.8272840167539943	0.8916242741642408	0.9596373712774796	-0.2005764855401285
-0.8928051427070675	0.8436209714214669	0.03170917286194675	-0.10054045267399961	0.4940465310536878	0.20357006402387198	-0.6688790338363695	-0.4828064503015663	0.09461506373808952	-0.6173004457600119	0.8076997196833317	-0.30895978520718653	0.46857062114510634	-0.3016040806660381	0.5858426203774086	0.9472192975692187	1.0310116146930672	0.18445194400131004	-0.6896553643392724	0.9454189691805455	0.7436164806632697	0.8420839074761516	0.8561479454634362	-0.45777724089259125	1.4488532753590224	-1.841535810531262	-0.5910612055805264	1.1483965601543455	0.9594753185177027	-0.4238762272751484
0.8022480445244675	0.8321094308082868	1.1099190970567316	0.16371214529111927	0.4464506679936336	0.5917375125411422	-0.2580573669380637	0.2081156377335523	-0.1884552864970586	-0.5550335548740449	0.5499657428421398	0.8487977018339059	-0.009637909989666156	0.4116125036506386	1.5752531782200112	0.7912407467246053	-1.5873928421450023	0.17797566812693838	-0.5905749338857321	-0.7433157093976943	0.9682852061356446	0.667440078319616	1.7331670380577517	-0.629476372524694	2.0045787391579246	-0.5993012778683173	-0.1687766042776842	0.3932478511739403	1.8189747101582252	2.1570379514128817
0.2850080569576345	1.10470073749565	0.37376137243019375	1.4897919399148312	-0.21310930013309115	0.2057653218366583	1.1300573408495365	1.1347978879100982	-0.6407266314475569	1.2805451785147202	1.0995106319119603	1.1147482680179863	-0.5922206390739503	-1.344794088101443	-0.11607258544045118	0.480688389511816	0.003904816664652173	-0.4504816979213984	-0.4663067190488959	0.8041213502977202	0.7033062084548289	1.405179042790859	0.484245837335045	0.7723061551277481	1.4979572684185705	0.07958731112983121	1.8005103739203658	0.23916025108827146	-1.0472194943940294	-1.0930895670729204
1.4705069705039227	1.099604321005812	-0.631686413139171	0.10664918964223165	-0.09345543301454247	-0.2743312422745386	0.04523601819367604	-0.06152856550413291	1.8353811826185786	0.5865513846575956	1.0567501749206933	0.3866037860773385	-0.6965643736148113	-0.9715728196270411	-2.2178116640625762	0.5118415539271235	-0.8858775326575283	-0.6963164976639457	-0.8204049041148306	1.4315944950150519	0.32547638196432493	-0.1861204053259037	-0.48527790650185665	0.7841343282521178	0.7175773702510597	0.007662512615341726	0.9063848334979406	0.7479995005625176	-1.0161387107121465	-0.5874672930163691
1.7271262712550377	1.0588916913106474	0.14812932478125676	-1.0907083183232669	-0.08278602021643688	0.14873304330212903	-1.3372628241396964	-0.039721964741525895	0.8519932733719229	0.2301858630914237	1.0818780137447437	1.7547135628049464	-0.919892991929145	0.5836846842026341	-0.9341335253348444	0.4866590111870892	0.20946231285030498	-0.6407078701402623	-0.2930074156227382	-0.7310424692328557	0.21570846347908584	-1.2775281151560156	-0.7257970475484563	1.2604058273191736	0.4055206106482009	-0.299567764286134	0.8885744776862291	0.7835665111237978	-0.15170930025260412	0.20313746002735705
-1.0145466542678012	1.1647089840544298	0.5562919961378244	-0.5897169688232021	-0.31077394924244467	1.5659911684721672	-0.2771963464793356	1.1852608581669841	-1.4434487269239584	0.49430660099190477	1.2804075401900943	1.1145449741013917	-1.256277746891871	0.2744118371046922	0.4080545642192902	0.41405726779733204	-0.09279562638617843	-0.9785845046521141	-0.12729993892415933	0.17464286065339668	-0.09799734875550435	-1.0949741686081882	-1.5302071644215336	1.3431425741367797	-0.2750097297649669	0.16791820774438934	1.8373296704864786	0.2244981361702859	-1.360902073337799	-0.08500652356809096
-1.087823097819531	1.003122990727215	0.21679052843495505	-0.3989337988021041	0.24118188928447967	1.555907907385633	0.5834046049900825	1.5935273552363776	0.2864883045067599	-1.2337541634564437	0.8478480116914725	-0.11542313697965602	-1.1479307498041713	-0.9746151219243951	0.48347522452034913	0.3165240519103703	0.027538714864913768	-0.5356840089320692	-0.3964454430609083	0.8029167732456978	0.1884156834670974	-0.9830575312858755	-1.1173029443977	0.405918741265198	0.5016285425079238	1.1199948521973895	0.8376910068047697	0.5993518086743443	-1.3884448793184916	2.356296465212178
-0.6258331608258857	0.981595445493177	-0.4560002028740569	-0.3224078371136781	-0.00843335993713867	-0.710543558436384	0.4224317848781247	-0.18239367641956092	0.33055712170313684	0.43359288928214984	1.139377460136974	1.3025446184328686	-0.5759691726186092	-0.4718866309955612	-0.9877691557586882	0.61775913614739	-0.02072118218603499	-0.43392322310680637	-0.00500988477250092	0.28954779244282897	0.24719638912758835	-0.6598371561369601	-0.027457064948714444	0.7665485547112637	1.1010622894881874	1.420577292903399	-0.675639509532912	0.4666410866549514	-0.19865639641534943	-1.2111062212957135
-0.5266639079070012	0.9893229288924157	-0.10797376485836198	-0.7764267400003968	-0.011926649546260852	-1.0168281704187145	-0.6541778375411348	-0.14996820474077036	0.6738207630073323	0.03330887298694055	1.2388645140822065	0.4213906716264509	-0.5464371218471149	-0.05429621576282706	-0.22065399262675042	0.582835697196768	-0.0005570030674761916	-0.4991919335463767	0.03767967794447465	1.2998014560400741	0.06932544731698355	-0.5236225507287815	-0.4869660063722297	0.5429875310862824	0.7668411964685978	0.8766341580545762	1.2579195864342636	0.5063182675959252	0.9045366224863528	-0.943043683383203
-1.6617322397480239	1.0276074117511895	0.30611027905780425	-0.800212478054572	-0.11380132880866545	-1.2559333367103336	-1.6122376155788678	-0.49999138296273415	-0.5151614042776393	0.27932268505631924	1.1213246431455173	1.2598512023841268	0.04234010781803768	0.042444283944231324	-0.7038466347107064	0.48316679448593736	-0.052585509343190166	-0.22771708755088524	-0.19613286524933826	0.31703313219356477	0.23871157707162954	-0.32561495273632113	-0.14075454934690276	0.5521595054950987	1.0036956893448405	0.9182911136360429	1.290220611897437	0.6996345742241795	0.1219522748469259	0.29139228076723184
-0.05370545609332112	0.957112894122153	0.08352403954796435	0.02507112608009689	0.011600430343055655	-0.44356024789861687	-0.3592222609291865	-0.8602369906891355	-1.693764040722858	0.9538157360588134	1.2455842494561278	0.7088181611313865	-0.11251884738963884	0.13989563422422682	-0.7991488670619403	0.633044939383175	0.517402282602706	-0.7148295117463984	-0.23282017714114336	-1.2463629884875926	-0.10533837371475507	0.3311658801961009	-0.9120957604017412	0.8943122220423029	1.2439977507591153	1.4349111297178716	-1.2161802789912337	0.7850007821963894	-0.17012890560318558	-0.4514961668018479
0.23641538064156953	0.8700418744526399	-0.7358179682773106	-1.1831625122159595	0.21271463648257657	0.09609937655795708	-0.6394991680813669	-0.10495718749183665	0.21612881569639708	1.043164824346203	1.2065644210246922	0.3348884166786427	-0.21856048565287223	1.0050345614467882	0.5770820001392736	0.6634088280348219	0.8423403995518359	-0.5536127586375564	-0.6436888758423174	0.1884787806448708	-0.2440081530191994	-0.26937172770813916	-0.8744304710479966	0.5167679285779428	1.0485888207306977	0.9695116770043474	-1.346592387332434	1.3302828902474475	0.6490089675605049	-0.2279406364028967
0.184367284465503	0.941435650943602	0.29241557932092027	-1.3505545359452835	-0.03724551015332377	1.2874460024971521	-1.2624018354761863	0.27995524532529287	-0.4735089053224485	0.6950967501713203	1.2787313603651882	1.4131784250164918	-0.5896230130230252	1.2884724511383934	-1.0895603528321836	0.6801931065090986	1.4864342635941161	-0.6195143563230289	-0.6580356127004483	1.174033092728455	-0.26543872820869674	-0.010729855394959291	-0.42652319008507883	1.0972874087945552	1.099440294723826	-0.20996145226233734	-1.5325987661111096	1.05035864557501	0.6301734348202805	-0.49924061751250376
-0.4334243684520768	1.0161780422446993	0.0705326997865368	-0.7230503915448735	-0.07479941982322587	1.5802019570144012	-0.7167782565544418	0.8463462327761	-0.2195101531389817	-0.6355534573699756	1.2199079987638204	0.19493914546389413	-0.9850351599822105	-0.9075510555987577	0.30653430385372654	0.5209575666515005	1.6631400544531827	-0.7783785469780353	-0.6439654129540168	0.23324904084284534	-0.07812148749460937	0.4629905554264578	-0.6421407342998608	0.7634972959005978	0.46893313133684733	-1.7756698346999722	-0.6664940241904166	0.9866606011966896	1.211242598193331	0.4496973668388786
0.9945940047516255	1.1071869171390534	2.3105436680250655	-0.2852769483847375	-0.46868616218155046	0.15136110626394333	-0.5764973585218028	-0.6110303734885872	0.295610395449369	-1.0500179664858482	0.8789377961352653	1.209623920668618	-1.5298310705505274	-1.1837213753365887	2.1710220271209275	0.23122821029992321	-1.6147259867611001	-0.9446360364583278	-0.49540570668651773	-1.7611965400521201	0.1599517864434451	-0.2871242122212837	0.5362047813746872	0.053612076099119436	0.9057977568821187	-0.5809848870692799	-0.0009188180190422148	-0.6102218380023836	1.6523946189363243	2.394388848742239
-1.460605490921098	1.3825497213002704	0.5514071869393506	0.7068117917658449	-1.1113970636303823	-0.7055875331302875	2.377023653365266	-0.9067578292009364	-1.176614452982419	-0.5042053895541778	1.0772110667295876	0.3759288619945355	-1.4322178331160529	-0.7533301684338841	0.666129235104316	-0.22194569541970877	-0.45762005689736956	-1.289720232481919	0.5329108732611993	-0.30952350099369985	-0.15765895400685245	0.26517730845456045	0.10053141644200603	0.8562378625027743	-0.730175709182978	1.0155884919279428	0.9221154930832065	-1.8194033117187802	-1.5166793089188066	-0.39045787312309044
-0.72293363599505	1.0270026249267208	-0.23087641908649797	-0.42085942903048057	-0.7141932295243959	-0.7875598666931445	1.0854073870247025	-0.8493662411261776	1.8229778832681327	-0.9127758085131679	1.0177094899388033	0.898037611192203	-2.0203897757110307	0.3287500584648199	-0.17878598261868223	-0.6948276127154014	-0.2043077868666606	-2.0698799968125603	0.3184554625381714	1.6060150005005573	-0.29989719537789344	-0.30932766161468545	0.7489038639965387	1.2999472588132894	-1.2666973427100747	1.0374942602051984	1.0342169474470715	-2.1122731867175024	0.3879879782010031	-1.1018823059390812
0.5240306735546824	1.0562682306580764	0.5321230821321726	-1.5588149856024593	-0.9188318901957825	-0.48595870846221806	-0.8969197631786755	-0.35567142686422243	0.564585881229436	-0.4275459836791471	1.2558484848893607	0.793354346752159	-1.9492921640098988	1.6521170936650948	-0.019540355683338843	-0.7649290432043971	0.23767289606348868	-1.9439745567572333	0.9196194916357835	0.9001788656397876	-0.6939071556009931	0.13819558693310216	0.4739563078916023	1.3400158494257859	-1.2935574573980073	0.3002611099382412	1.365977209705514	-2.944197794572864	-0.023605814940331746	-0.8081892618879668
0.9113766015269823	1.0084924734792797	0.039434966406372236	-1.2996485646648082	-0.6433182691580497	-0.19039287691537832	-1.723921427806424	0.05234011693397483	-0.6523241149648286	-0.14949280441489404	1.1950244545497801	0.812176302508685	-1.4710102937204153	1.383149624101242	0.45198523062129964	-0.7893956831059787	0.392215962604436	-1.6932149065167954	0.8108332958153075	-0.023481176784655763	-0.5812428580203474	1.0750667248631587	0.26589855997781686	1.3772069746752484	-1.283058175253504	-0.034083881552169425	1.5646880483422585	-2.7753809327524452	-0.2411879326702744	-0.3059877184429615
-1.5861731453587535	1.0602555792465256	0.12321128739948839	-0.5845490193081792	-0.8669680240124128	-0.0748907948145877	-1.4883185562626031	-0.24371122631746242	-1.1272504547656312	-0.5100066237926202	1.248068804611249	1.8107577060803464	-1.65625967242371	0.9294752216849688	0.22697085627022895	-0.6258388375638169	-0.13581951642615808	-1.520293961536944	0.3287549212229986	-0.5370622361149298	-0.44285610932200586	1.7428944150672268	0.5381229655329965	1.6827471242631207	-1.3694810892592717	0.756864447053391	1.4758595027970827	-2.3031776271227438	0.04511824768652266	0.14189876925471281
-0.5334119643826467	1.1144847780197935	-0.0806597517244594	-0.048586412547990766	-0.8072070669491435	0.4417829520379626	-0.19553532832841963	-0.8877274851562628	-0.6252698650654447	-0.7278244589733872	1.4027598779948849	0.6142485189466061	-1.568850471136914	-1.045099277886204	0.4097582920429416	-0.7608450504759221	0.022019097716827	-1.7682427601627677	0.5041378725610766	-0.9625111168730945	-0.5421475153804912	1.9448240802983359	0.027744781935553447	1.6804758106546482	-1.1567806080495262	1.6649846392492895	-0.6959966722271794	-1.9358048266365737	-0.24547321760421223	-0.19256622204382884
-0.04190027055230308	0.9766654065997129	0.3965130699114696	-0.7870057169757445	-0.36029523467352015	0.7308573998511338	-0.4082440221643299	-1.3376260848044101	0.8254663317097467	-1.4501352457868675	1.0293171756111004	1.3647958963912799	-1.5717811096890097	-1.0585944316842404	0.6809178760660746	-0.6956177617314142	1.4120450508119549	-1.2796457991389103	0.0548448462818573	0.19425933784900187	-0.48665100404190953	0.634640493033216	0.5045936509237481	1.008725021740373	-1.268220556924715	-0.45332610781653193	-1.2482211479840133	-1.2049503996055886	0.2979084908124749	1.4061978187040591
-0.514531452476004	1.0232217640565917	0.44955729841508063	0.005985455250011733	-0.5046503099536908	0.8499852589298175	1.3578254778591616	-0.7706880323806912	-0.6460250454685	-0.18182889960758805	1.5057233567709862	0.9621179645563093	-0.25151920039197956	-0.2047215411979783	-0.771517812326964	0.5883287164448013	-1.3435203657915338	-1.6950683325304454	0.7074671426093654	-0.09824078453701461	-0.3405136452167735	0.48282815560821624	-0.36341475767703973	1.4049231381462515	-1.0570708549138554	-1.537795834437663	-0.7719031908402116	-1.58039782089505	-1.0385298209908878	-0.26742374934108154
-0.6955654681895587	1.0404948387354271	0.7183856562012804	-0.40239300220422103	-0.37524629350343985	-0.5460997761439196	1.2828865932627644	0.26404854504885683	1.2553493808443177	-0.3702099583567773	1.3390716605385267	-0.03825685523955695	0.1352216461025247	0.46058231903842617	0.040455254730009244	0.6208622602596604	0.051141495823992085	-1.705700799828649	0.3087154772770458	-1.6945855549758881	-0.2608480487910852	0.36568896540869694	0.1581273092914169	1.050983254726035	-1.5786712557591633	-2.0248229029742233	-0.5730038848467949	-0.8769333456264182	-0.656778220758802	0.2648064683620849
0.7603459178647095	1.005104975632244	-1.826554040941733	-0.6579439985113064	-0.2820448619093855	-1.0949634544960412	0.48859887383485207	-0.5358100256376155	0.9439869657434401	-0.18189875296979144	1.2715392239284016	0.5613766965790448	0.2598197363389383	-0.2504757113300242	1.8402495168718525	0.4739298918380687	-2.665737915792107	-1.0710248798597894	0.9980822816098512	-0.5587040498202747	0.06766128451382923	0.027689337556190338	0.6054946074350095	0.8252151016042572	-1.3740912679686907	-1.0314392714559526	-0.8239046341187409	-0.9557287642607611	0.5345621200472956	0.4037723119841096
2.3442376649896697	0.5625005887473051	0.6711889305232392	0.436688505771969	0.3612786377861694	-0.307483638582614	1.2101227248402568	0.3575538067612307	-0.05725302305773669	-0.164899062947701	1.5492774197929065	1.3650355324185695	1.7185728032966665	0.37549208534984574	-0.08726174273168207	1.0082940520446269	-0.09619516306290167	-0.7933061328135882	1.764438617306342	0.9520546602992213	1.3040258229064776	-0.4810680886679019	0.7600311547761766	0.8679364848505708	-1.4525239921138318	-0.3878223752263464	0.8902241560504606	0.5034108320380504	0.25307030996481766	0.13818013286261377
-1.0103470781305615	0.7193945048852708	0.8726545987468661	-0.5006752025294494	0.262249802719962	0.08646787860657068	0.5475113889353855	0.8853698613734539	0.5635872830626204	-0.07024963823826141	1.3211381113268632	0.31593849818228836	1.5943470522907233	-0.1375775231396394	-0.8223698840430836	1.0182298924432762	0.11729062479205485	-0.6281047815048052	0.9182203678737323	1.2799878794942467	0.9666308251896928	-1.097458084405653	0.32847200417522815	0.2106208511550343	-0.8283014548684768	0.481205077305524	1.6400835349098837	0.47578849224324243	-1.3742248979420366	1.2900550370471486
0.3340807174717173	0.8666352327892404	0.1279122662519652	-0.00464547440053722	0.006586524596913982	0.5451066709740279	-0.47577648218414814	-0.045363493349189835	-0.34655837949192225	-0.39024294458751374	1.5028764462974877	1.2205225410639886	1.2996124946417111	-0.7035382889220713	-1.2901263301726795	0.9597741757756457	1.4870225374132138	-0.31537622877313937	1.411845927834886	-0.24062799753168307	0.6540396763986605	-0.7525106265113344	0.321869552058801	1.2321810331307437	-0.7162957606432948	0.1604958821028078	-1.7010319692075657	0.43989097460138893	-1.2423012324645264	-0.05517897119381813
-0.82166909234671	0.9422772233253887	0.2968484488167966	0.5247517481282865	-0.005857244205718249	-0.12328326854000603	-0.30229737184477934	0.15748875257287534	0.15688221318552933	-0.8343252341608843	1.5660623477308604	0.47053358214733	1.6088897790137324	-0.3177036940924278	0.09554803896805142	1.0905890478174647	1.5351549533950133	-0.4386501702164166	1.2918511253829024	-0.2718656386311363	0.7126852709350634	-0.520846060033741	-0.3209442584193531	0.9518990458310349	-1.3193853129740583	-1.7636183376676993	-0.709045960594021	0.21735826255251198	0.8121278615514211	-0.04944751327808892
-1.0557579212457047	0.8227909460305881	0.07573369991110718	0.4741749475529364	0.17804674728786601	-0.6750755358107893	-0.25214701238808995	0.7326297625032663	0.06302877896639265	0.6824409235201138	1.4786171280797986	0.5709157949167893	1.971066918589555	0.7247514521231737	-0.10556183628449953	1.2405708313287198	-1.5862266130502807	-0.4541206511591748	1.3052781268512352	0.32425624319491325	0.7338312665982973	-0.5305288658998653	0.08057058519142077	0.4648094789591384	-0.7760858339878838	-1.6045473032798319	-0.5314666028202988	-0.07591587577934222	0.4624269796354063	0.17779320923667938
1.0061490691642985	0.8774271546293092	1.0426996661345602	1.1066646702158516	-0.0242357239400186	-0.8086831829718276	0.45372669044983166	0.4707655966497341	0.2822963272378722	-0.31304461894764884	1.546952079224382	0.964080811568125	1.4975304565052519	-0.45232107685169515	0.06582682962671804	1.2892568771304997	-0.02503765120899869	-0.9473319550295389	1.2807759022683827	-2.046788206216715	0.6334284419216415	-0.17394553404245439	0.27686151720056557	0.6270484812907696	-1.0790835066453848	-0.3807902261059689	0.7956545469859331	0.09550951174197744	1.3987741881357327	2.4316594188654177
0.010084392790463591	1.025102079932	1.3400286291820176	2.8874300075810515	-0.5018057199251335	-0.636725384068174	1.2486013092800223	0.3102746700369087	0.1941798811252523	-0.1604853047284964	1.684650828693498	0.9937436399745645	1.3778095327923934	-0.4833011837743524	0.657754413646711	1.133550280143407	0.7070619429988364	-0.608062058551449	1.6038052839593144	-1.097001415562181	0.3562815209162878	0.46461115837157674	0.049941522646848154	1.085553428706132	-1.5767276919866553	0.9147846033785071	-0.9118664030880539	-0.2313566124794175	-2.864491978677312	-0.4010804757872066
0.2006270681185531	1.0879317022045631	0.29886835124111455	2.2397310247494335	-0.29118520656595365	-0.4816387207003041	0.8516600476745397	-0.7295044116060395	1.7294914618667971	0.2686747979667074	1.4266669099991003	0.5546942341799553	1.2121254440803613	-0.20550047374798378	-0.06679642021233478	1.0080844416310613	-2.538566002238559	-0.6388846138016094	1.0846516603605287	0.7555713134639024	0.5243300979491582	-0.21355762379439103	-0.024585283751804105	0.6013658476182393	-1.656933968605805	-0.7645352273057812	-0.5731360449292702	-0.6503497896876731	0.2444848155021173	-0.4641027471430884
1.8460659287157257	0.9622983738937712	-0.2799349143106084	1.3153268588044347	-0.24019441256909999	-0.5028739779181557	-0.2596469286296647	-0.3915116962371885	1.712425120488385	0.8310868548680053	1.6031157694578726	0.7879044438395554	1.1730896130900135	-0.25139773074914445	-0.7349425413733242	1.1592471580252892	0.2757473213828738	-0.7686047578886851	1.3718400849789352	-0.3212285075501258	0.46756602859548685	-0.7285269182221698	-0.31087077615076725	0.9165024567083607	-1.1254165191943666	-0.26333808452843704	0.806106352478149	-0.4993324389132561	-0.6680577590560827	0.051691592149065095
-0.26860012064458394	0.8769748102377753	0.3743240255788034	0.12724430255588476	-0.3217307947223462	-0.17512855403860422	-0.8571393638104213	-1.361144838361124	0.30310516717943636	-0.5695324115758607	1.864869067657006	1.303970740949742	1.2882752251674658	-0.2853352037534814	-1.1439168393803951	1.2259399898163275	0.8500872309022244	-0.8156962560721391	2.1429677808678314	-0.21197061240126078	0.22912351159861286	-1.2152676546039785	0.612159946150208	0.647101174396828	-1.4779082643362451	0.49305999246870724	-0.6476693323552282	-0.07553961897492996	-0.8121251030870543	2.58089505753519
-0.5824635866281671	0.8837584681760097	-0.1306998251877495	0.336462992039722	0.15449255454628422	0.19786025566691845	1.339948780987704	-0.1137182425918316	-0.7243021354915854	0.49164078402831096	1.7090457856695642	0.1800159413162104	0.9359524982829133	0.9806955871397872	-0.6615847200865744	1.0246174989457308	1.3710817142240197	0.1598811898353746	1.878641001356129	-1.2072863730327694	0.1300087577686669	0.03710017204257234	-0.4781053506849836	0.6413796277752598	-0.49434714945684766	-0.6566527558437496	-0.8886892000905613	0.8779835380160698	0.9011723779169819	-0.25237156629378
-1.0238478591323272	0.580393352179528	-0.7502679925256592	-0.4549431189515458	0.6874643251609928	-0.37552616347471557	0.03351650348328713	0.4330486229751978	1.3992190754601166	0.599605653035215	1.393257741393671	-0.30485513678481124	0.21708478480831114	0.8645760970256096	1.1671648013719818	0.6664689298686555	0.2202912565389791	1.392579511165381	1.6681374849250088	0.20245647190737506	0.11749355532308128	0.11014819366397052	0.17563898930302477	-0.3379501691107345	0.5076915301651836	0.8959905623804647	-0.02569457887891676	1.3043476264372234	1.3493326052647183	-0.39292770654032805
-1.853327418932436	0.520176980093028	-0.30161988111882193	-0.5307616145892737	0.6108900992488562	-0.21615603222456084	-1.2321790596054034	0.5357493059379778	0.16865041874451533	0.7887003353391407	1.2975863433723205	0.85678731875796	-0.51440238935137	1.5217896738008123	-0.14793453697047565	0.22667961208872034	-0.8745094679443414	1.4026092871604994	1.615558841324615	0.31780813660116025	0.05852500019756357	0.6623581771652075	1.8409343303027144	-0.24850752030370982	0.8928231013970658	1.0229014424146692	0.621328967361226	1.0668241455547012	1.1749245921831244	-0.7785233377327183
-1.3111608187195734	0.36486715104279144	-1.0890415732390364	-0.1418778763511358	0.8330415757838184	0.8502455594582194	0.05277579796505965	1.5523151612138115	-0.5627888674783638	-0.2351360640652755	1.4669154753644957	0.1719003221587694	-1.1592932475203317	0.9595322965095598	-0.0413461279182213	-0.0509837553963657	-0.581672135725816	1.2417876698498933	1.5351379908558345	-0.43380280161798673	-0.2728134143959806	1.864275755074006	0.7812288878267354	0.120683806977692	1.0063034364700505	1.081861974052846	0.7930984257339776	1.2781445352799203	1.0975786327201613	-0.5493571931900592
-0.2488133919550537	0.07938730449676554	-1.367242045120799	-0.6404725692397919	0.9498656817791581	1.0061812000527552	-0.5141870009012652	1.8460856697594845	0.2770343078727278	-0.01777708948166599	1.2251926474008532	-0.8959658358032327	-2.3198938168244903	0.23603546979669193	-0.30485195186753716	-0.09525410783705136	0.1260784848691033	1.552022009274209	0.5151078501412468	0.7745014712810299	-0.31775170645018325	1.9165071826490194	0.9270965877698546	-0.37974879882431256	0.4916792913214157	0.39259702096636795	1.472553763525954	0.3728927137278631	0.22213699370290813	0.21832942440675607
-0.6676791466298139	-0.15201603076790357	1.170094784393039	0.06532811949649794	1.1964766652553953	0.25240887906191634	-0.5266788271586408	1.7447039428391737	-0.417087048773826	-1.3188749334393968	0.6051838093331551	-0.8665411750738607	-2.9795987180484445	0.8771602940444014	-0.6243479294624786	0.003769015599957573	-0.09364904799938599	0.9445669746844558	-0.9231424726415042	-0.1960046141567424	0.42586311058638676	2.1635630993253443	1.705926437703985	-0.7499033545420154	1.0253805441835055	1.260437397564748	-0.16521921537284337	-0.25364411999178865	-0.452339855204434	0.9827122640819813
-0.616636634996131	0.152204542242593	-0.492990633881349	1.0448643979354635	1.3396175568641087	-0.21594674921412196	1.4314403356587622	0.9723919435206776	0.4184151600549562	-1.1636005617616014	0.42976913862632177	-0.7050025881991238	-2.110086246205368	-1.3582134199558968	-0.3955100021590607	-0.3563045911426737	1.612440875325685	1.7485778240856225	0.49425565021096374	0.1149501056151219	0.5291745615376393	1.9069603567096216	0.7041018277963205	-0.5553589600171779	0.3661361051597435	-1.3961830173062593	-0.37378192171828767	0.346874686737955	1.3354905624469904	2.2638575291535874
1.7684087925152259	0.31584374772743234	0.929505259960383	1.3601755812674134	1.2444210606544948	0.16576742400740566	1.2696662589569943	0.5493981003240326	1.036382799882014	-0.07896196215381959	0.466312885382863	1.1434716093981114	-1.8912716912621967	0.7733080719460103	2.1376473395373554	-0.12482576527041761	-0.559051429141772	2.190106895354568	1.327292070411842	0.34846942739279996	0.11590989599690828	0.3998957908416542	0.09531552894554882	-0.3089769084042911	1.0634465182145103	-0.633232270219307	-0.21358919449554667	0.0949896829273261	0.930537707983197	-0.11625307574900418
0.19186791034499526	0.5139716121221327	0.5486089672750651	1.7278614400146122	0.9556212775823647	0.5303918727130169	1.549566029242422	1.1329391153152102	1.666822460181021	0.7530655839590614	0.8056685343390901	-0.25026568286266754	-1.4424520132060457	0.5832058416085611	-0.0760188100920468	-0.3701602594616324	0.3348240219120486	1.697805221843065	1.8604321243345097	1.965982739319311	0.02182396530004805	-0.14714970923779122	0.19688262951414048	-0.8431165155271133	1.2980406208494983	-0.06648227370217391	1.8444422024384877	-0.1784277886667747	-0.5963424329763556	-1.0137005491452957
-1.3101532016507598	0.435500990492987	-0.5465097141662055	0.435871205009731	1.2014935415818775	0.5891617485718219	-0.21553051854591743	-0.5764975373827578	1.991212979053205	0.09036518548968446	0.4785479531860639	-1.1345653019144446	-1.2466888016887756	-0.9632416455708578	-0.8102684317235695	-0.449740473394584	0.3833110188288531	1.9765791327759623	1.9393367806112	1.400862380653354	-0.19381979950029704	-0.9856442892006531	-0.5487894454345393	-0.9336828398896241	0.7386252909075168	0.5993199188328431	1.532077430719839	-0.26247319396585045	-1.352434186178342	0.06710345812060031
0.0068876952171536485	0.34338445782718435	0.5933345742418658	-0.1542657287427873	1.1127100774587828	-0.4773992686715952	-1.2461643154950846	-1.3248661000986746	0.6415524523834907	-1.080010679321669	0.3025321575034613	0.05559939922333035	-1.4568609616529609	-0.10147470732953098	-0.5026456860233596	-0.3387284711669694	1.4300468758483615	2.002091102487735	1.9726622793539164	0.045069661323198104	-0.4099753625247667	-1.5399222786451658	0.9816189556176655	-1.0631662443845797	0.9681345785046976	-0.17032076349807507	-1.1181994037099379	-0.9715752630011111	-0.8079540538400667	1.419918546832893
-0.18868542629099955	0.3522882051625369	0.2587166921188534	1.2612573413433639	1.222237739110784	-0.3952342176120225	0.14645283410958743	0.10428393999800246	-1.261194140191178	1.251691327901482	0.5428978630423981	-0.3374592770142304	-2.4085712800957997	0.22967084006760247	-1.3639847089208328	-0.39327042036526066	-2.229535058734845	1.782632869751854	1.8636972859356717	-0.38493656934473	-0.4381914886034386	-1.447408280657519	-0.1483973168756414	-0.744053914098697	1.2877266049102836	-1.0914338824067096	-0.5714488525459233	-0.8759573086746542	-0.8290280956856503	-1.0017416697132617
0.6994195755031268	0.3196713899649794	-0.6533777590117821	0.1861562835274216	1.3177155098954862	-0.9534070921232078	-0.7315159574418453	-0.5387546970228178	0.8483777649823062	1.547681630907142	0.28222613491551585	-1.113945147125074	-1.9164162119918946	-1.077210296031767	-1.5175848560430303	-0.6472904354523438	-2.1414513232117174	1.5833821365580132	1.3078256980840723	-2.4443825575203513	-0.44925677703039707	-1.7746444149957736	0.07517338200857407	-0.8980203336013226	0.8994219918867625	-0.7033381867164348	-0.321569967471073	-0.49814905975829166	-0.7967490614573556	-0.8301801099866817
1.595584405151972	0.05772793474877437	-0.568499785314836	-0.6651599072243606	1.3049288724446433	-1.5867009024175238	-1.6997347950100368	-1.8730591766496802	0.49454966812717593	-0.04751310298373594	-0.12515195857911368	-0.2763342355458668	-2.239158624970246	-0.5944296930311157	-1.0495751899814099	-0.3905247742047033	0.42035009441345794	2.342293246165448	0.7663245806364193	-2.9310726780646763	0.08190654326935677	-1.8415553756486918	-0.23711912557400913	-0.3857374087472442	-0.283476842903177	-0.18589449463676502	0.9157886222652873	-0.6471090126114029	0.4521736331024896	0.6504309547727047
0.3643974384530488	0.036732560928776935	-0.15655420178611756	-0.9909656573677484	1.1507285952538417	-1.2415186896605912	-0.7244548521291659	-0.3715384257430512	-2.3380250255635837	1.239479373788542	0.4168187870840733	-0.015722495016767403	-1.5124976876568643	0.3689879459845873	0.7993768644381938	-0.13430374761702926	0.26510947338744034	1.9394123685902964	0.8379711496075068	-0.15729342190285028	0.42684108109420027	-0.9921909135990756	-0.02192200591952765	-1.083477198321894	-0.2207953854199941	0.12782083541487835	1.5146146931263036	-0.7593077397094593	-1.8638006059020877	-1.333465279944666
1.2770431272344962	-1.038311889110441	-1.7260158750808752	-1.2995277300286723	-0.602538957562261	-0.9406858289077802	-1.9702954334158014	0.004752305007942328	-1.3678534975165122	-1.470694136415212	0.19438504168736684	-0.6859073158100834	0.2902369810180651	-0.361004354556695	0.06767703899930481	0.9653403525360166	-0.7573556034072508	3.0538727178694054	-1.8792191315171292	0.4731685925758125	1.986686444983656	-0.36905711423832815	-0.04860569610821215	0.8795558947233779	-2.940739251588321	-0.3453862482291979	0.626533323655128	0.9901059247412715	-0.29028116228282935	-0.9051058838221829
1.2007396256669158	-0.7747810321550594	-0.4032908243225265	-1.797114854160953	-0.23377797237966472	0.28183963291374986	-1.5079465012310147	-0.2414048972410427	-1.939426868047077	-0.2566936492210723	0.2033833855997096	0.40214095606741235	0.1935602906424542	0.2756303237730064	1.5719504831690239	0.5838231898972379	-1.695466269708053	3.1627144173695765	-1.5397991563804956	0.7138571628475695	0.49956863985333894	-0.6316694295973307	-0.08756241179308176	0.9045244442678804	-2.558525109103195	-0.537447780321379	-0.22034493054136087	1.0891225372828846	-0.24655192955424216	0.08105604040487119
1.8895327040043417	-0.7763669566337236	0.3789715825315286	-0.5793431821462193	0.16107375949649877	0.18895181099568875	0.2256350819579719	0.9616689278562922	-2.3867219416849785	-1.3244000626501757	0.3121139228684594	-0.726737796042565	-0.19404299538999306	-0.18264996837822897	1.3502682817838723	0.8702290642723955	-0.9250204090060387	2.429380372778492	-1.7508909100756307	0.6419034569549312	0.0530231190422918	0.36726726837535756	0.6437089959316652	0.7779552358619697	-2.5538427202666623	-0.3789279887755168	-0.14883243722571976	1.1520671029571208	-0.32203000152027783	-0.35045426507434657
1.1304360809369456	-0.7866241826583334	0.529788533539546	-0.33790332746486923	0.3165400402041249	-0.7042494218451667	0.21515930432008892	1.2696666496854583	0.03218681699352535	-0.5249388142918645	0.03318004084020425	-0.8450177578925634	-0.26391742488044684	-1.8038090527989536	-1.5202922370327348	0.7886590217770242	-1.1818964292855763	2.1325793333495904	-1.975538246804119	0.20745955563113624	0.2441996253470686	0.6607334037609931	0.8391115175129902	1.0972561153337397	-2.6882207065233916	-0.6357825960779165	0.09372688202796982	1.106575944717575	-0.35375721367333524	-0.41359118238323844
0.33824898387758223	-0.6181941564741681	0.2625851020993699	-0.8222499661497963	0.7319815314875835	-1.5198149115065094	-1.014092791361037	-0.5176755290961752	0.2996665259445899	-0.16701652045612603	0.08511715832763302	0.3825624461352276	-0.8999278116477241	-2.03084538328728	-0.257370373836901	1.0704043751486103	-2.110089256829592	1.4360860080118798	-2.084515103821827	-1.3468333436099258	-0.24567542467055256	0.3069213284737695	0.6050439266049044	0.4598851948451567	-1.9179137273854063	-0.7935411116881665	-0.1831962008996464	0.3472566598327469	-0.25848835828935	-0.6662351176703692
1.807384713685204	-0.5117931024276842	0.5043867842537103	0.306146019491671	1.0558392182308078	-0.36840456172210695	0.6533275002844368	-1.7984389327277142	-1.3811855352728502	-0.6096880943831131	0.26733110410817873	-0.7443151812226385	-0.022650685298627512	-1.4833826070457636	-0.14780421976624303	0.7694464455607966	-1.4293998578780083	0.9050151296551325	-1.3632935726135573	0.35603972361419545	-0.3176690622860713	0.7238791102451216	0.7077316980913455	-0.15083823733462864	-1.2002700198460523	-0.365827177639876	0.06126360556326622	0.13115804626223299	0.002470023455044119	0.10173720121269715
-0.7351071402542737	-0.437157496179243	2.151283531089691	-0.09220465326657196	1.1638714670727754	-0.8208304538794903	0.8271065408451448	-1.319046947618274	0.22870106128035977	-0.842218278296551	-0.30812499042755814	-0.3890138094404362	0.4063719018258991	-0.15043842895068735	-1.7620293638662776	1.0274523592358307	0.6858013318955882	1.0283090467352343	-1.7797301896061768	-1.721670103015533	-0.4499997995046355	0.13483468193647893	1.720314839346404	0.16256674659637138	-2.1068598301459205	0.037313872019279354	2.003345279508073	0.3389580544473059	1.0978427349566833	1.3355827811039926
-0.05645223743152201	-0.10705544605455129	0.22019985208183798	0.785383970459395	1.4263815041468342	-0.23391497920841936	2.156946005231411	-0.8444382575226653	-0.7837381659224516	1.2090836055555165	0.1745319793043902	0.3355826007118889	0.07614812169071565	0.4620983063195737	-0.11060698674705106	0.8112283348129821	1.021481096972961	0.3920758120596166	-1.5570505539278658	-1.5707803114572438	-0.63101566736956	0.15080377489146116	1.7580169438369526	-0.24888058175317548	-0.4719711032694577	1.122342893024656	-1.2552171546133244	-0.7714184119270627	-1.752923029347159	-1.0898323549556546
-0.5277249459367924	-0.21074130568058622	1.6105399290166325	0.36239821400995537	1.475958853598196	-0.6853426773283221	0.393805890356309	-0.9566904561224152	1.451144217410993	0.8614912694282235	0.08680175301333393	-0.25259360528236174	1.1042494962033673	1.2680747447758025	1.6709014352900997	-1.3708756313161579	0.7373509469011086	-0.008414968577044674	-1.6231575180496498	0.42894009065238486	-0.8958367678870116	-0.596060234520666	2.3204198974845074	-0.6431229733889583	-1.039673102050328	1.0808930049782548	-1.036120379856888	-0.1160406251672134	0.6360432266782517	-1.1147054947291992
0.5228581073296228	-0.22673894164937197	-0.014438200784403735	-0.6418536476210294	1.1288021656824385	-0.671809524206691	-1.2322187792998425	-0.2780753905044414	0.13941208271679092	1.477097331376874	0.3406415822844755	-0.21052728302015492	2.3626065232098696	1.0919931303043662	-0.054975476603143975	-3.5199685714548417	0.9262066153709938	0.5084398172057153	-0.6344985434061834	0.29619388203304264	-0.8357104325688063	-0.679460676180475	1.8602157709955396	-0.6239918441326686	-1.050837976608574	0.8839480887041267	-1.6288910131571583	-0.38625830796831206	-0.1911486030131	-0.20170099996535493
-0.2607815007322268	-0.13620852471609746	0.33658821812238016	-0.6594860407353258	1.000404828332775	-0.26514249636416953	-1.1361371743116087	0.9227770018531563	-1.0640640694594972	0.5331940684651566	0.70485048511935	0.5170516798739827	1.850593663500341	0.9778076639991243	-1.292927451562168	-3.252270236469748	1.9498340144553095	-0.06950619404301318	-1.143636472755288	0.5752452022394035	-0.8877226732095391	0.26265992125345716	0.5453546595336282	-0.18534583497263193	-0.29137094447348705	-1.5688164761680043	-1.1083413001845155	-0.045092947386656326	0.10755014701905408	-0.7549132250345619
-0.564370870534325	-0.2421684387314196	-0.7374741837727177	0.05387255775748865	1.0649173548753075	-0.59332343727175	-0.8278306632520633	1.1586845826930483	-0.06154286216581969	0.419813868527464	0.6361028189608869	-0.13853004975260774	1.6843702660953055	-1.2257476072464875	0.38413898231908794	-3.073379275646813	0.6961772155820952	-0.05492399176045666	-1.154435366462115	-1.3173138080850402	-0.7381228913792454	0.34945118953473525	-0.0835050726837146	-0.1490998135234097	0.6634667169956735	-2.096345171746272	-0.49864441120436354	0.06892323939511792	-0.013111931493642804	-0.12152346789305427
-0.7281058498098137	-0.21511486812355735	-0.4337937481481454	0.1551002284091082	0.8628892370698146	-0.5336002980653124	-1.90271349481436	-0.744177621478513	0.19700727839151636	1.9485269896257102	0.9014524609134893	1.1699585261122332	1.2930328055440494	-1.0070874079023455	0.6112292948609613	-2.4826858721086884	-1.5184645183516239	-0.15639928528372674	-1.6492574189889682	-0.60328632260658	-1.005259625155325	0.06733286210127255	-0.7418932802597468	-0.1774641546602094	0.9648011218969992	-1.7221601619148041	-0.6207541602270414	-0.10531746607786395	-1.1490001591663672	-1.397973545958014
0.6186158286501756	-0.2225749683888444	-0.37423759479229046	0.40572476839237187	1.007205274131329	1.2325595935584015	-0.7837922389132411	-0.7364706490052162	-0.7661304827537259	0.6763500193240045	0.8548818270483	0.1180234822560504	0.23234560518273334	0.1828511191203688	0.28674589935364125	-0.2162480518607564	-2.5773313589352886	-0.36922175290252884	-2.0880240016626015	-0.1256679942537762	-1.2748441689206576	-0.3226791468111435	-1.1702807430668691	-0.113956964191869	0.9649359831714155	-0.8169491972971925	-0.44862677296755876	0.09104483682069098	0.309284609347799	-0.1479812974372291
-0.5606552303050314	-0.3147353737840725	0.01987865805008093	0.16723861044595134	1.2205643694308232	0.7849933910777549	-0.19477910004967502	0.08429319149304781	-0.15204718295310712	0.6976057156316356	0.49550636319238034	1.693267045579017	0.28617190775795887	-0.03254511312053082	-0.33464151940240516	-0.31453883871614574	0.5278961464001701	-0.021745014504001882	-2.507919285076814	-1.3870653766393037	-1.1707474197969123	-0.4766543805153917	0.13520121556687442	0.09926803266414835	0.012031527226533403	-0.2754888383964275	1.8318474774628761	0.32279068526181903	-0.10775076883898192	0.8268264100365235
-0.36947129131818546	-0.18660266980476292	-0.32112099618949597	1.4053892372890713	1.026523563390134	0.8086077191855107	1.1968434217697623	-0.33372974649642195	-0.5105877220277842	0.4916167489353401	0.9499908641806036	0.5264645954390805	0.5759481807818102	-1.3262529181350051	1.0839978412033973	-0.4479092186967975	0.3530997291233256	-0.4567505463719056	-1.9150770571978553	-0.6414745353895911	-1.1085608394231483	-0.5437091025209124	-1.2930225811470828	-0.02665306616323521	1.0456719784149946	1.459097991648677	-0.8136206273366989	0.486944936973138	-1.1439843284012572	0.09887877157558199
0.5139479781254481	-0.2760757543578538	0.2159948732161064	0.7991964821342247	1.1426498087939965	0.13673867039232776	0.1280727743233233	-0.23812342963231284	1.228839652246885	0.5300764298802736	0.5980584918334632	-0.6075813265640025	0.21735668665022137	-0.7474295573298811	1.7196701630501023	-0.2656197342200489	1.3514763322527386	-0.15063371891863686	-2.2151445358291837	1.011544314118374	-1.1601377135043398	-1.498920572946609	-0.5448754454050657	-0.2736846847982219	-0.4556105778319593	0.41596448332449754	-1.520656172069903	0.2210448529151653	-1.0410631839525206	1.515811207488365
-0.3383039742476507	-0.23327412198372716	0.4127333151581669	0.17760045671057106	1.270788494848233	-0.2904662565097674	-0.10813782346481095	-0.6547279101113025	-0.016641740575073054	1.424439387932781	0.6015151842972182	0.7896662888367436	0.09924715741537317	-0.6357333889039873	1.7530869886708138	-0.35848872081677635	-1.5305829740313797	-0.2896329786350913	-1.9541554280487015	2.1332639551952886	-1.1321514888753657	-1.5914877766469429	0.2605846233575276	-0.2690741173775587	-0.43166503236864884	-1.531977673801036	-0.7086166259922614	-0.23913542869477256	-0.10830845015317186	-0.14109000511130185
1.6844298363469075	-0.2630997810690643	0.27962629885704154	0.8166280687564359	1.3138691913900347	-0.264527172069621	1.1137440766964541	-0.07267441009762034	-0.24128644479563838	0.33094279570753465	0.6025185283744596	0.051187952130481267	0.2681874785321375	-0.9312860921033864	0.3496172504672173	-0.43216120181234147	0.4468166015988143	-0.6478653264948487	-1.734641065666806	0.910978604383385	-1.2279272495496687	-0.8542252453608609	0.24918878949855408	-0.12155545759700502	0.33998898925012594	-0.3516481263755574	1.1237984118974975	-0.5833961636830791	0.5784603045743667	0.29588816264861706
-0.23449750586487217	-0.44132040385944166	-0.6832529056805389	0.7434516565422686	1.1765669801261704	-1.1134208745763357	0.03357718378592143	-1.4971688384294604	1.0794022532815903	0.438177354749386	0.5927539343035841	-0.033672033784888505	-0.4490991970391734	-1.4388448841301258	0.003748788559758551	-0.0872977320483771	0.34001417354681407	-0.1386502489220902	-2.081638082313533	1.2326194350348656	-0.797826862753931	-1.0627831488261459	0.3477412390573929	-0.27981524881015346	0.3560086018986794	1.0480113860926794	-0.0005597383348046124	-0.6508886698404124	-1.5150593711765665	1.9877298308984546
-0.5030691713985148	-0.23854323616953602	0.630420798401149	-0.2422979851164595	1.0141235063980716	-0.7248889268377349	0.5412839672299404	-1.325777637688373	-0.9461634812650588	0.008351742982015674	1.2315641223767186	0.5954731965303899	0.25535750997675777	1.7047908018715308	-1.4221634889876806	-0.0878890320832823	0.8702115731181419	-0.7397094388305098	-0.9741407012153817	1.790911753319276	-1.3824323073701397	-0.5668873601862721	-0.23765655867379856	-0.11771397887194728	1.0949082000748775	-1.8507731179832934	-1.0036063111916005	0.18138910926399654	0.12231520456031834	-0.4669141504269287
-0.3786474704823614	-0.2893554966067144	-0.9682044108438693	-0.7804136284942261	1.35451781156653	0.546431490971693	0.5623309485107303	-0.007898767118232657	0.5006984831243609	-0.1886429549210788	0.7861632626501591	-0.8654592968812905	-0.4866584672191098	1.8016466469631962	1.1134395833855877	-0.016494508950438764	1.4439882102401649	-0.5044112855701348	-1.1327514569423314	-0.7357208013668297	-1.2232031700320685	0.31463338632312715	-0.13785212884602163	-0.02848984424177596	0.9649350186781845	-1.6898940996891985	-0.8037374408881568	0.11822920940313414	0.9644037850277349	-0.5326818179704323
-0.6248746483604324	-0.5043921273628247	1.017546492326931	-0.7886954326839133	1.5001876789830135	-0.16371404323993055	-0.8584865657061039	-0.7170785390304141	0.8858140549409702	1.065415307291201	0.366518749321406	0.7680365244072096	-0.527631585711459	-0.4118452949283316	2.3643766386144747	0.06471828652892823	-0.8546744964518342	-0.5683155022369876	-0.5776230573551373	-1.3007723154524642	-0.9422829181359687	0.04119685988663323	2.113075686311433	-0.362353241525445	0.5274805662310883	-1.5428802428985846	-0.0021517642069817725	-0.448348513089149	0.5728893597849588	1.160157829885536
2.496397916198594	-0.26668990659289654	-0.09958294939030346	-0.20352266520689785	1.5174296997516759	0.18503465834880434	1.0389603784945365	-0.6930859320043977	-1.358456997341905	0.1613592839154203	0.6502234628656379	-0.3092991659195939	-0.8782895943071972	0.46377435064465544	0.8545320356974442	-0.32958532055743045	-0.10903367026333338	-0.4392111922195915	-0.06419429862494727	0.1100859785560775	-1.053585861607104	-0.7067841388289979	1.3842636083277522	-0.2672337486058307	1.157353215281744	-0.35773044803341847	0.4970486630726298	-0.5064083235884576	-0.6795265243844805	-0.25101000457078737
0.23385170253766263	-0.2105940983006	-0.7952774172551562	-1.033706546589168	1.3768301191538561	-0.9212886340070607	-0.07081660477781333	0.5817382006851848	0.37993666110964913	1.3106943044634731	0.5011680758531369	0.4674226832686091	-0.5467536893972187	1.0474974232298404	-0.761357551609712	-0.6213930618596015	0.7439301711620075	-0.32034322475318033	-1.0326927750591686	0.5717911622629236	-0.7447266566288415	-0.6329898488079616	0.8067219034178446	0.03273701929721619	1.3262137792922764	-0.04087267828340938	1.938417323618653	-0.043537985559763896	-1.0138489793256449	-0.9422608030506221
-1.7065182841608	-0.3585031622426312	2.582511314796078	-1.6937495990484084	1.3466903854323755	-1.1244945977777054	-1.4075173031182202	1.05610622597297	-0.09021811531295201	-0.38313561348229686	0.39881033393656257	-0.8820003563526125	0.31722187208831604	1.583808555716225	-0.9384901181427957	-1.8152631927070617	-0.12467314199212608	-0.4828228887701645	-1.2131091245259853	-0.3242239585701287	-0.9858510901654222	-0.4934855829621226	1.122683460272898	-0.5304180731735598	0.30388462235232294	1.077419542215861	1.1939546850873604	0.7329095789927836	-0.8014526678880814	0.9670696264908312
-0.21878061143194763	-0.433847826442929	0.5444779427943829	-0.6730702084576725	1.2094882661041702	-0.7063922181225648	-0.8245597432202756	1.9986334682318854	-1.6365967611307577	0.153882420769557	0.6450050019852354	0.1448629050710423	2.1071208221722504	0.12402182328237016	-0.6476316062379083	-3.4784199536745395	0.3646255047528824	-1.053720207444804	-0.4432689869237023	-1.6576254029435988	-0.2901746512088784	0.27747042246195697	0.19163140747358753	-0.012657956247037456	1.202145508526124	1.4918394698704123	-0.8749003483840004	0.5352208290567115	-1.1565431569131661	-0.926550022944883
-0.8724543812087868	-0.6397171554296226	0.08407089203024669	-0.8856179053959442	1.2127702936643694	-0.5117138152238351	-1.4635557554608434	1.6675884921962663	-0.2830958845098646	-1.377081836676165	0.7458457434897211	0.024612872631051795	1.4346855475648579	-0.710382163009257	0.5055948603094772	-3.19571611994419	-0.038278854477739106	-1.2956188384344192	-0.5910794069039442	0.2737688163795793	-0.2918532245912477	0.5775280663765234	-0.4465626200385493	-0.05205331696313952	1.0848499403895064	1.4551947342868852	0.18302751495266378	0.6061615090995657	0.7427081354259533	-1.0136198340976608
-0.36593854979192886	-0.7765655159604328	1.0894267005097789	-0.8653434375462229	1.2768825085230775	-0.21071428134585396	-1.7693393671858173	1.0591415269920939	-0.9085900414096557	-1.406781917072568	0.6803250436121838	-0.4360079637081314	0.9169218149361276	-1.2700194802756677	0.07178607546358097	-2.8143588188798456	-0.1922675710762823	-1.4303113636760791	-0.7808531106430642	0.29338921603716817	-0.12445823607003353	0.9779280109245347	0.02905838120642568	-0.08620383733312609	1.0899620887181836	1.6195718194967552	-0.5761946703051063	0.1536095971131754	-0.5682839980371616	-0.09985799405868896
-0.7519845966692417	-0.4858238530841904	-0.33932927157611387	-0.15997206908536762	1.1824650223725175	-1.0137706661761194	-0.5491782353190292	-0.0091783373543087	-1.0029809092540205	-0.3691337748625964	0.7346593524305651	1.7560098986458914	1.0314048243368534	-2.3837865338466213	0.24507013487089666	-2.6084408973206696	-0.5015766217810627	-0.7856858095608051	-0.8456562531252091	1.2767349466989364	-0.15768926155961416	1.207644290269411	0.3328842722307288	-0.017336497406769073	0.7697179107439167	-1.3434259680710376	-0.29609187681489413	0.0792110118635207	1.194446347840075	0.7244145732406958
2.455139590406387	-0.2549833938622952	0.3256547744807009	0.4624013717601587	1.1344474710084922	-0.10899184061158525	1.8539431076254553	0.23248176440745358	-0.7611744521043162	-1.0337806624644572	1.1668657510251423	0.3941352519304488	1.4151414465516652	-0.9999277771609696	-1.028276967986309	-2.5389923018250187	-1.172600178579743	-1.2439195176202265	-0.028167688261530544	0.9537901678078462	-0.6591909781998098	0.6927351643993974	-1.379071785962508	0.37000687246835245	1.7311648939586526	-0.2569569884657996	-0.01636676474277036	0.8122876424070962	0.7049662434391717	-0.12575062672556095
1.3437988980314726	-0.3165618633364646	-0.5791223595116451	0.8222282827934381	1.194457729219611	-0.12387468753924775	0.5949072485178896	-1.1837579546324062	1.6836652194382784	-0.4531603968983962	0.9111473540005952	0.19777877497878435	1.2307523410426682	-1.7157811930214724	-1.4774012394024083	-2.3879050708164278	0.6762429180845089	-0.8361650963087759	-0.6868273543291246	0.4659542173679901	-0.6371339602233781	-0.2984961200804637	-1.1059180614053907	0.068678251804458	1.223637337198287	0.1194562722302004	1.4124602625864846	0.4986022667105076	-0.4256504791334848	1.0849808953511617
-1.1770691386827294	-0.3278422272643425	-0.16006021650006105	1.6939654938638553	0.8111725156780506	-0.3562693427729897	-0.5019868234496769	-1.4184587545513487	0.030890428741361678	-0.7659645413486217	1.3511264845498911	1.0759143542383234	0.7184636102434337	0.5407589320179855	-0.770026631996211	-1.2695930656997667	-0.4511680055033237	-1.0501311839672014	-0.8391901239670552	0.3593937671442618	-0.6910573780251118	-0.757089181550076	-1.9550794814828678	0.12234362244610976	1.2444460354254385	1.4325075511308198	0.16468212566974055	0.779549037587874	-0.3231931714538336	-1.1010649200148097
-1.080863251957563	-0.3403971298862361	-1.10727324300415	1.0288828405216641	0.6800285322076417	0.445511849206502	-0.09783916565086888	-0.09689771970657435	0.3951897090674132	-1.3982081433420483	1.3592304202421448	0.4473952365343043	0.9347280711150774	0.8881807122316405	0.13725955675787557	-1.0251225009292093	-0.29960854418703226	-1.0934248014717434	-0.788583701446907	0.42770904468221804	-0.7445321925080763	-0.8833297989860822	-2.122377345037562	-0.1859466422945716	0.27296176368026576	1.375219082192167	0.10442316133559511	0.9228691518176674	2.2156997571542205	-0.3287195170582084
-1.618121841482762	-0.797720084431459	-1.3407118917579004	-0.39305916622509873	0.41611910300654775	0.8332767473212352	-1.2622634951454108	0.09921639595787744	0.04978861695526204	-1.7616938329169678	1.2376688873589352	-1.6206688890987182	0.010822565375403886	1.212927135615069	0.07569608929095968	-0.17135218934985882	-0.5679242378694155	-0.7837320176672009	-1.3701385927447565	0.06760147896029228	-0.8660320018660858	-0.4123242538570106	-1.9665135714996411	-0.9573318229158303	-0.2351980307410319	0.8928817146616953	1.2214721344955608	0.7249497811024992	2.0971922856030543	-0.5856925297428397
-0.9997166692005548	-1.7937756385957504	-3.0884059867804456	-0.5867398861519213	-1.9996581670935452	1.8387438482281826	0.1752292227150434	0.8318826299477942	-0.9823324513435405	1.4178140269192459	0.8203188027347037	0.002970829602924718	1.5800365279798427	1.2761708675536017	-0.9297274614050391	-2.2309742157715933	-0.35280446989175535	0.20699555299289293	-1.0555871005165378	-0.507935787790458	0.7607636076162264	-0.24302945252835303	-0.7280987556720298	-1.9895491896699895	-1.900875157965851	1.0511764065272127	0.30990957842398625	-0.8337911322100092	1.8248634279512637	0.35667782995238223
0.4768959115882163	-1.7987910901559685	0.694341857803343	-0.6364015788985117	-3.1635356122741176	2.8813517449134847	1.9487541712997614	2.019850702455961	0.2836013539251791	0.9388109665090739	0.667375813892349	-0.017282832315680518	0.45022865156741004	1.301929767595685	-1.200877871364939	-1.7595242557064978	0.3523202057363619	0.9792401105279758	-0.934770291150061	-0.18274097789808405	-0.8396991101519087	0.5529984570449478	-0.6085114550360087	-1.3615235623396236	-0.8119378257942602	1.2720837178906732	-1.0105444461443942	-0.38349374942180464	0.5593463388876796	0.491748774951418
-0.10337159959428989	-1.8096277565359093	0.06981242570610705	-0.4082726429817559	-2.905765267801606	2.35525829074056	1.716078659287064	2.6119206533158903	1.68104474274737	0.3018677355828054	0.10665372317170682	-0.37521812745374483	-0.19915159188778836	0.3947746525842861	-0.8282184609196382	-1.3458301435015256	1.6324562827589968	0.9272290335477281	-0.7359897157751146	0.2558264086899094	-0.6402558631221933	0.8178494980507596	0.07327602739259172	-0.04116734736764717	0.4705975757746699	-1.100165641631747	-0.5345321010200691	-0.5269389505565966	-0.42659425444688404	0.7163505538209685
-0.6822419830397878	-1.8659668007211154	-0.9020799675972551	0.016631257185104508	-2.8563303033593126	0.6771008611253723	0.1362214734557699	1.102105485890007	1.7589080831063475	1.2910681969954585	0.3786642981636096	-0.2415390708717904	0.22408421452333155	-1.3109606412322945	0.3007580716760517	-0.23138393626582165	-0.477291479003063	0.434600679882001	-1.2953825314225489	-0.47045158272330495	-0.44419440637143004	0.9473778930388932	-0.7759889723150429	-1.0310470134083354	1.06578455741534	-1.7151729993020448	-0.33269226294894444	-1.0120029081241015	-1.2766745862550797	-1.0387437657493377
1.0166051997359848	-1.8026888189060053	3.0936436322692296	0.17637444853764153	-2.4552088490331525	0.35480749646145554	0.8351607345676272	0.03846494447794827	1.0010616099048135	0.1186488064061157	-0.04808599461102941	-0.6557104229137388	0.8025582353125742	0.04745086451124863	-0.3337653584111256	0.12926926956819898	-1.2802998237927523	-0.07205535591293304	-0.9390190792172891	-1.7294678865749593	-0.8850119853590214	0.4166675080440842	-1.5784706542928024	-0.21784570508813794	1.4823514226543981	-0.4029003208716893	-0.4154759614548596	-1.1761896711919513	-0.4647473828812551	0.5630843125978353
-1.368049957575107	-1.3286378398369505	0.8772686332517897	0.4801017370708316	-0.7684774985153671	-0.48992925475102617	1.6861380906438044	-1.124305606302661	0.14736386802255771	-0.4539955218992202	-0.6709955066009833	-0.4870024017436998	1.584026692990376	0.39770878292464407	-0.5899705338252926	-1.0569948157490587	-0.12015740021348503	0.09008980627832003	0.17494249057428352	-1.264002824345062	-1.158414147578087	0.16839933377213057	0.6188951100938763	1.0125129214229691	0.1124613259529357	0.5391768821120263	0.6734025806478883	0.1049227298645411	0.7080962858608726	0.789950277660554
-0.8236342816854745	-1.2618931315918207	-0.6207765240852827	1.1464797853132218	-0.8193468306085322	-0.3083790341459921	2.633135398398485	0.12806732885448718	1.1671813522739576	-1.3120249022843908	-0.9829299693661891	-0.6616754608999522	0.6367201382854221	0.5509077091850436	1.3532457768310737	-1.3102599660697931	0.431009791310284	1.1663134275449736	0.049789957018827505	0.2027017525015413	-1.063468953785389	-0.29713736109883054	0.7609626736882942	2.192151699379977	0.39059759756839035	1.282331628515696	-0.40128136146933546	-0.10381122399744895	1.1588789851998835	-0.8232188898107838
-0.9161169452427494	-1.2765751171252433	0.7985351851187823	0.41715474284185505	-1.0112904743273086	-0.4382011903025143	0.36804962753967513	0.07904127343685681	1.8826339929404328	-0.7791098557454404	-1.1936338372616242	-1.0312331140969158	0.35015877367559806	-0.29279217088285603	1.037785633749302	-1.207419851084135	-0.20068308061189602	1.112634134370913	0.42677890627199394	1.820971743339533	-1.0463430211983227	-1.2128888523381371	0.7229453340882536	2.694183712624789	0.4577365082577081	1.3723921528225727	0.21887600107893299	-0.16080086369142052	0.2831727937877952	0.7127315962094527
-0.19051347314327943	-1.177631445307422	-0.6697006673585657	0.15149774727463755	-0.5430282957443829	-0.8125423454135663	-0.04022200213975928	-0.13209645885664495	-0.20325679249620734	-1.7630080548393863	-0.9670115404033284	0.3952431598998279	0.4155589796934258	-0.9307024549403855	-0.535103885089671	-1.0548741349129782	1.717622874658787	0.9053886674770114	0.3456548774093892	1.311132344620028	-1.0743408926795424	-1.4166603010836838	0.9357273416655952	2.0217481779943296	0.11418856349783915	-0.8252060101352433	-1.1170181333990603	-0.034852390490596886	-0.3581387719379271	-0.6449436144898276
-0.9128198071841502	-1.1801787214444786	0.43214274810411324	0.4752127738918937	-0.5002917069535485	-1.01235245160782	0.7558956670579764	0.2586609377223795	0.11820612199498741	-1.707289532605745	-0.9197468139645457	-0.8277474148223133	0.2323661765932872	-0.3483015924844165	0.7827421069409839	-0.7406142096265215	1.1626286788597022	0.6000803803019589	-0.057931775273772496	-1.0661748673125917	-1.0749019751355238	-1.4711158815022676	-0.31253809843231134	1.4752656302992968	0.21446694547312395	-1.893855280419027	-0.3347514823073145	-0.1999245964874604	0.6555583249179987	-1.1046488594075434
-0.5318716266437241	-1.1806251218265538	0.49932221478660577	-0.21099774243113398	-0.701878340973591	-1.580771888547321	-0.35975404080183554	-0.13927951037197694	0.4697419729274198	0.2425593089978712	-1.1821237610126762	-1.7229847700121086	0.5176617539777939	-0.9826899779843942	1.3894591483956986	-0.9342212509498048	-1.1552204931478638	0.8957253717159243	0.02499412667913781	-1.463802124878536	-1.0048250567606563	-1.9697365664299709	-0.8133646817762127	2.471174648883532	0.6220863970317524	-1.1152814376594373	0.049530550012914475	-0.6836583132504662	-0.39067102967143086	0.6644306313615262
1.6264535574187893	-1.1870788704024247	-0.5270820988242715	0.014403443925422086	-0.885889948346887	-1.696899746023526	-0.14438045289800822	-1.530434748532021	-1.2566596641202514	-0.22554396891513417	-1.233542159519361	-3.6930801990103155	-0.06760019784121392	0.5642051608076767	1.7211149166894042	-0.761486925434095	0.5557522894348909	0.7222114169777998	0.07042999795249724	-0.7133417593682778	-1.1641620938863402	-1.5366433272059492	-1.0574421753174512	3.0771547601072604	1.0311222315117277	-0.5600646445752231	0.3796169475721627	-0.3312030658785419	0.2213964345812218	-0.8209745792086066
0.8696860450734627	-1.6792380980203385	2.0947604146395915	-0.030462646906101273	-0.5865116612140965	-0.8660254565339669	0.3513905539433125	-0.7537632621954207	-0.4421342862283242	1.072014679552134	-1.7175798901460302	-2.2090163131691924	-0.4346973669991865	1.2792321148290566	0.7898328965999947	-0.25205680029999955	1.0825125572004026	0.13128227498071726	-0.30279799607506114	0.027641728210820837	1.9645441925120912	-0.3136977500943962	-0.6693552224362262	3.4337116084664006	1.2832061334589704	-0.18927747093729774	1.4453356900389198	-0.18165990574677895	0.27912807458354827	-2.6602023121745644
-0.3332277026500643	-1.2897865153122505	-1.2700871298064476	-0.651675018134386	-1.4743938439065645	-0.35278945452126165	-0.6412374656039261	-1.8055286928802625	0.11821178845282657	5.898881776211338	-1.9676009293862966	-4.999643794893044	0.05221239278941465	1.6550868625580408	-0.2765402610116221	-0.2592379787514487	-0.12460476199297221	0.35633079205787027	-0.5142107269710523	2.1126552661899876	3.318223798205893	0.6347622893463486	0.5109546163589257	4.590584895996362	1.1316778140848396	0.9139861868464343	0.5207614377665849	-0.3286731936516072	-1.095727587632354	4.586587213407101
-0.4625467308071963	-0.9275922987005231	4.467874250601324	-1.9401580225829005	1.6020915103552278	-0.6205115723268241	-0.7248941568169834	-1.9837103161797216	-0.08620074937286595	2.532238457741637	-1.8753255364583772	1.7530380252493178	-0.6128239081221503	-0.015990207182308244	0.07959446141848332	0.20329072551247424	-0.6773769189854556	-0.3415774674165625	0.34354408756744453	0.8332600541303236	3.5551855409274626	-0.1986085896882019	-2.746434944700492	1.8334673826202632	-0.9939664899330867	-0.8795787891668732	-0.2817557483686882	1.940223222871776	1.103277601859861	0.16238081047679118
-0.1647859895947501	-0.2731941625541735	-0.1283052062238134	-0.6048171630233592	1.7130615876239959	0.05334333879689279	2.008164387877053	-2.1205271255007445	-2.6761258467394575	1.583093267881845	-0.5288765610485926	-1.6860361075438683	-0.821037880186103	-0.8036796230771083	1.826201411628515	0.013287357379812929	1.099470687759915	-1.0238113172974554	-0.1429873005945203	-0.24566404665309638	3.0771552111674287	0.30715039888962353	1.0636534292814475	-1.482025774268607	-0.7786295976559295	-0.12496938515605245	1.6507715781882606	-0.2577023851540943	-0.7620744393199702	-0.20233197777575257
-1.6027190174516963	-0.6867251976508659	-0.9105513605173461	0.3610600078792602	1.7118971145949038	0.39539791230239213	0.7638746275689563	-1.309276094519889	0.3537027221933957	-0.49019231723057677	-0.8427912498413741	-1.454566863666211	-1.9304026757068342	0.14809746544378033	-0.003008418783751702	0.3155156268499189	-0.10420425981767284	-0.7293892597793911	-1.4992581980851187	0.5731986432393151	2.2783983518749844	-0.5153469385822275	2.779552082666948	-0.35948096200210544	-0.7293164106493955	1.4813066214240753	0.7452208191296993	-0.2349162609738503	0.11974728708239916	-0.9575642640635351
0.16423854367244395	-1.1190407345237272	-0.36596157242010274	0.7744622998629415	1.3875557513782424	0.6726906776576669	-1.1888065710634481	-0.22127863569038572	0.29715614530388385	-1.0331213559014256	-1.2764061104576456	-0.7951292875215782	-1.4304460681468816	1.4971543801301352	-0.6498392137722736	0.20097950521584293	0.15778987009125617	-1.2537498169397838	-0.5528608966481882	0.13390147820900833	2.2652644009258527	-0.8104109837688307	2.44522429334953	0.701162813097192	-0.8199743306526183	1.549476622696621	-1.3773643643893159	-0.6895843444771015	-0.9130025099552528	-1.1674518892213717
-0.5299862373845875	-0.9248600831747814	0.7011769820850677	1.0359592446934052	1.394921262659307	0.60335083741232	-0.7915067054343535	1.396781594952845	-0.8369622943332782	-0.7258478422410161	-1.2876137813198332	-2.6983618240829212	-1.110398386036619	0.9459218571538711	-1.541918653232925	-0.6232758554489204	0.050673389912211535	-1.8333090212496441	-0.40191657730867897	-0.1562805078577955	2.157797286375468	-0.6430537008027072	0.14202449811328022	0.6554201593841247	-1.2167920849769707	-1.5236651807636759	-0.45702000997251585	-0.8176289859614615	1.2316616695734592	0.6227923880537546
2.2613519317691573	-1.0181280873130165	-3.7944387487075164	0.1937106046703763	1.0354928319183405	-0.37310618449310873	-0.2794058048925185	0.3037830727598475	0.27216570856413047	-0.6497289707749873	-1.3434443802504321	0.30613126775642036	-0.7249320870270013	-1.0300877839328153	0.5049702599643903	0.10162285512404746	-0.05473508724538033	-1.117115858079266	0.2375631489209407	-2.066747736842319	2.380513614695866	-0.7349884831260076	0.7113427700289782	1.048199529288501	0.3690024812940592	-0.41800526449726344	0.2804229298920087	-0.47715087838565334	0.8488344404193501	0.25982084698700775
0.16569419651437375	-1.6048256322105243	-2.7417536015933823	-0.045803611007864425	-0.42363166468975316	-0.5384359978502117	-0.4002060285508147	-0.8926139231118448	0.35425822701122495	-2.7062304437203877	-0.7380234924635838	-1.0675975226902483	0.6204546238550033	-0.10182484539263989	0.34696931922083574	1.6407516546415366	0.01547904566285021	-0.6370852923538516	-0.062486811589403245	-1.3222267461207795	2.508964418270027	-0.2997249386029026	1.1069028003224197	-0.08985062139903634	1.4573083157929105	-1.1754949272025614	0.3861590531372758	-0.3279891002970761	-2.20990470747744	-1.753930375267881
-0.8113046354896392	-1.8171168128716475	1.6906648518778165	-0.3170377141798618	-1.2844608649834715	-0.042306913271972946	-1.0422990689088443	-0.7082406251346952	-0.18380462430340236	-1.81689341660509	-0.8185094922738996	-0.7777567590390992	1.3587130722210632	0.6132406431812109	0.9959592773242983	1.4719975205954163	1.1698015886442668	-0.5872513696326176	0.36084350760165484	-0.1234523585868311	2.3179606516665108	-0.2242391199637568	0.610573762183637	-0.025229494707169075	1.5298634567431273	-1.6995393226073106	-0.10954063249872228	-0.5704099330347089	-1.1632843410398719	-1.6539004608480643
-0.7381628096558497	-1.4349047257870762	1.539808511309282	0.5572391862227452	-0.4543639120674124	0.8279890581639316	0.5674986318765924	-0.8328529912496934	-1.3437678227365162	-0.4109058232393031	-1.644014370646813	-1.133174431931932	1.5207728745164673	0.35212737285963425	-0.3183751838795869	0.8273247707981565	-2.1192548158699736	-0.2332570165263606	1.2109617013460676	0.2470210115895213	1.6162348215171831	-0.20475228705986792	1.461600535176043	2.3459673910516687	1.430752986092816	-1.0321290209852132	-0.13941598519687506	-0.8572620928979219	0.5607355507861761	1.8920667904714767
1.443708165542817	-1.2698204235729247	-1.8117957856561817	0.5688930687125902	-0.18417867426477286	0.5230657949819609	1.8838112901125057	0.1399472739451573	-0.4095335149442234	-1.064431844844493	-1.3093194748712613	0.5638777876920505	0.10335357007001232	0.5613562139159944	-0.9922036200224967	0.6900134552183451	-0.34025922509653134	-0.21512902595997724	0.554975106000149	0.3954389637954996	0.6525613645754252	-0.22428909867571256	2.0727672258922323	1.0107062648076077	1.1874424063286098	-0.9507915027294486	-0.06893234960168014	0.15050467633000564	-0.3296636535568563	-1.4242875626808043
-0.10959303038958285	-1.2456932849110105	-0.20646957203683527	-0.606202729687311	-0.7511507789675391	1.6505928994754204	-0.14698567347667155	0.7731176123620608	1.6120598293771982	1.0418793716355983	-1.0631746547218452	-0.29929185402674335	-0.4506022745314554	-0.2400320680966546	-1.1968594203675318	0.663892254103802	0.7808793784862028	-0.4950722237792432	0.40677068743959544	-1.780843355864367	0.02165710819912283	-1.1392886462770853	0.41793380611959524	-0.013286636651006352	0.47908456557435636	-0.4022989887889321	-0.649024839776137	0.11982211639887849	0.36162594720453695	-1.4559295400728847
-0.1993020194254871	-1.1319750577423178	3.059073962803144	-2.6098924698091013	-0.6785707881982695	3.0364785272604253	-1.7940127086080522	1.2574128786022312	0.6507658455059078	2.9630368721623763	-1.0674543418849154	-2.3629782772859547	0.3337621735595818	-5.699096614098289	-0.29670723407353383	0.5048621385611397	0.05856874703103816	-0.709353590946261	1.9283978108772821	0.4422081811287246	-0.4556430666115186	-1.4284929716598231	1.73743242196025	-0.2407167496904071	-0.4920075458390548	0.7453280542809424	1.0728519418120421	0.5795099155063875	1.8122895126104797	-3.7794775535699703
-1.2734222473897394	-1.1557366468033725	-1.1248156544565144	-0.023590195937933517	-0.6066508207581104	2.2006259991488593	-0.690931195502484	-0.4282939764791289	-1.489537382930055	-0.5370872511881807	-1.692285997335153	0.15558559044860962	-0.09812182655219563	-1.169387372307928	-0.9421119240453808	0.5646425546335025	-0.23286231230003238	0.4142558931446106	0.7763037053330973	0.383448534579024	-0.15495440284830564	-1.8275788665844415	0.4295825862423956	1.9467697869023064	0.7095676233589217	0.6776177320370009	1.4675831858013257	-0.74011010054872	-0.2184085553814592	2.3696854736260238
-0.09829992303115989	-1.156021044740727	-0.8312543720062632	1.0283298357122532	-0.5439202999105345	1.6247519266963641	1.2798795550114122	0.07179225835333662	-1.833609751609547	-1.3573311053387849	-0.8504392392805936	0.7259812490983384	-0.23758323867032508	0.25987705335573413	-1.540177757539556	1.2894182597287143	0.685743025891768	0.4968219588357904	0.2655340512212226	-0.9515424270038426	-0.05915432540118912	-0.526261074917957	0.8223850436326902	0.11898176883483641	1.180697769956462	1.1693561075395853	-1.0546803590491372	-0.049077421028707824	-0.073477375280874	-0.6105013867369407
-0.5515555671536996	-1.1671427475588425	-0.17261286214314664	0.5477243716024426	-0.5573193794863543	0.07512615843118564	0.8738680404064203	1.233450070602128	1.0744679393173673	-1.647492242115479	-0.8732414407245864	0.2210324255633851	0.2776415259699845	-0.15081002115220257	0.4679755112064626	0.9153494088701785	0.2977549530842535	0.06823674639104729	0.3137209056336912	0.983089484024646	0.15349807530167328	-0.20206365900308623	0.7503484505091823	-0.2261075282318839	0.7978992183076928	1.261640636776002	0.17718741322428408	0.3453316300144261	1.3477486773164786	-0.5600738778180836
-1.3011247405365112	-1.1040892873141974	0.8470464322361664	0.08219551635159085	-0.5396309023091079	-1.2370503277922786	-0.5341386863258105	-0.1580675326600924	1.1778588761856543	-1.6764333067898334	-1.121367478776788	-0.31100146374502474	0.45111091263047487	-2.0850006186195276	0.40952581932583043	1.059896800077773	-0.051364756438364356	0.42712797937132485	0.28765152898268	1.7266726721658152	0.19579934430302398	-0.8372537368252745	-0.43166228589693717	0.8528902387488181	1.0564891498869264	1.2062787893783213	0.9199247988900223	0.4294623184734458	0.13840420332630154	1.80825910397955
0.030086898773749284	-1.0862105543255998	0.18861338411196035	0.9780487908341741	-0.16982430145736202	-1.802639394310576	-0.3189176734798439	-1.1702667560032545	-1.4920680153063872	-0.5023136380366011	-0.6850487482525184	0.31762670124062853	0.33065367793375594	-0.3824295493244652	-1.4218590468065562	1.2194424292311714	0.9164667680901811	-0.40902283285804125	0.3062886700191298	0.03974973389567441	0.0214995179321248	-0.4862458906811492	-0.8695614371086376	-0.6906514822086176	0.5314393657725618	0.7861402426109534	-1.434631783842844	-0.3866282849092449	-1.0000844310804926	-0.7129615729839864
-0.49562996271779536	-1.0464989616194107	0.11877404823069697	2.001265541927541	-0.17728233040118338	-1.4803718996634831	-0.22385067664170258	-1.2530656177397965	0.025710967599041647	0.5807678530867103	-0.8514562115585224	-0.1448924520993573	0.1856477864425347	-0.3412810210621616	0.7552484499097032	1.072565190827019	0.8770504141029788	-0.6238434447341408	0.04601675429029617	-0.15581119927040593	-0.0006844471450011864	-0.06564519737233362	-1.3157301706862565	-1.0212755170823093	-0.19005745748664918	0.47144350720450157	-0.8645175633683926	-0.6888111594501741	1.9548691029887002	-0.823298885023914
-0.40776152801243015	-1.1086410313265993	0.1252896490352544	1.4899345048481125	-0.4395001081818319	-1.3570855454734922	-1.9272183549112867	-0.9583619416701028	0.09685950218634692	0.4965460347514786	-0.7999518898895969	-0.5911864491824997	0.36589500850737294	-0.23961764537354244	0.04399631775353533	1.0989139708707873	-0.05278893919124033	-0.6261040977058434	0.5022439852895342	0.6056175821307952	-0.21398826081129296	-0.5248454081526127	-0.8354538480887923	-1.042249847944625	-0.020577188536497395	1.3533649197864621	-0.6711344138181254	-0.9177007536797563	1.7256995939567266	-0.6325199195470111
0.06005421750729799	-1.1352378447221865	0.11055063107411095	1.221076818627256	-0.6415851834307457	-1.0869756542736575	-1.98417705383476	-0.09909724164425114	-1.0690303397609358	0.81517934070548	-0.8327249366071419	0.9605180310975663	-0.25357739681901037	0.46066011559775155	-1.9529793963638364	1.1620191773387267	0.5372727247168853	-0.4728491432028313	0.20872515335392863	0.8320416830081339	-0.3044708657349252	-0.5096437708195648	-0.6416695686726122	-0.8935074016048611	0.033045755451081835	0.9876010491584754	-1.2638123035560784	-1.0571967173211512	1.7516942052857878	-0.3486765109877816
0.18420430806400603	-1.0890025045372267	0.20384924639879412	1.7552796404610138	-0.3711360603116111	0.1353723357732059	-0.6983305235156867	1.2147917853818317	-1.36484720770547	1.2491813002451344	-0.7702255043561842	0.15516089623229803	-0.9590512614749079	0.3283160785423332	-1.7011700050921688	0.6366616477758424	1.4336511149474358	-1.0308764677524713	0.4120072954596389	0.002399076599814941	-0.38694404587024045	-0.3189798251266206	-1.2295362958345961	-1.437980670930243	-0.5661847104661831	-0.0519994781443927	-1.0483646661520374	-0.8841205341588223	2.2467859358348865	0.19238597901070822
0.44964357623841006	-1.0516302446673629	0.05919193032711692	0.40549708124553474	-0.577718918911946	-0.013367548748273271	-0.8204391470549998	1.0505979203269786	0.23121248218706641	1.3197906703798357	-0.9840845997714371	-1.1840201554472258	-0.603660486209427	-1.574853523074254	0.47007366901416686	0.3625199683017167	1.2184170239934728	-0.46308366594877565	0.8325653249571332	-0.0335204835931173	-0.5728299173479885	-0.5140089988279055	-0.6368764498555789	-0.5049152673923255	-0.4665966588428751	0.08819859387133666	-1.2975048178793747	-0.275893803835064	1.3135038599512479	1.7661476899308157
-0.5006924879308473	-1.1089835825660774	-1.4670675288384465	-0.07918050039476097	-0.29714056664434824	-0.3194804099742035	-0.5811337634423258	-0.27603399739908474	-0.912675940984305	-0.2836303566006644	-0.7794046636117999	0.6353827974912857	-0.5549598235524893	-0.7647990192512834	-1.011673263676032	0.5531933748363538	1.309647366708098	-0.5418017650753497	0.4671787672202578	2.178356071689154	-0.41963437986914986	-0.19676653480662734	-0.2718862595220656	-0.7993168603660575	-0.19994161176904032	-1.6528102542187606	-0.948260988809803	-0.09200623366931347	0.35958147494326453	-0.17051289241035625
-0.788709561539479	-1.1451169593407249	-0.09345961657890627	0.7157466321779791	-0.24355143759297224	0.1868167785686786	2.2562099745557638	1.1598607170740733	-0.41380057267274895	-0.05068269880417052	-0.6568268521237403	0.33797937588341115	0.01983341734270351	0.5331243112237043	-0.7211620166149428	0.7846300860709322	-0.9865476844916615	-0.8810909171341783	0.5826384298141322	0.11239923336815943	-0.2930720309711047	0.9940527962144319	-0.7767196635312988	-1.0983105014136059	-0.11045172344874328	-1.5676570819051425	-0.3275049033609694	0.02780236899981101	0.12726257527510518	-0.06958873067705994
-0.35559476909088567	-1.203507462526488	-0.6724370199663512	0.5511085255276776	-0.4195866705840976	-0.5123001576891502	1.5992126968920024	0.36979083966470294	1.934020015487652	0.2150311475590508	-0.6443367589221264	-1.0245480877738458	-0.1293346381382029	-0.6870473347229403	0.00871818804557511	1.0543939873269534	-1.170381741169206	-0.8103822357028225	0.5408881294221387	-1.7716132937140388	-0.40537523677953896	0.6981612238444765	-1.00260652036503	-0.8812725481773163	0.27707386118614813	-1.173953115890764	-0.034506104949437386	0.012552855721520637	-1.1414282631979895	1.5061600773876496
1.8545987600799003	-1.206534773398564	-0.4659415201713897	0.1631230060353268	-0.08847145405037317	-1.2406038722763988	0.46711354629277424	-1.4463213078677557	1.1485335416330475	-0.6356707090638906	-0.6213060411492498	1.1546077719860475	-0.10237675998141767	-0.28480177438849213	0.7363788070319464	0.8924590929850836	-0.9233921654382122	-0.6673746824534689	1.0586919633898155	-0.9335174909753163	-0.23187759439034972	0.013485047787941011	-0.40005874071076286	-0.6909073454036657	0.3384298805413294	-0.39777093259168644	-0.004529805890891196	0.37291313244348145	0.9001769694466146	0.3202543948683498
1.4867024651202156	-1.05281961948273	0.07662260650867041	0.20905359064870466	-0.11550130792399303	-1.403482112518931	0.8893574882614931	-0.16195117416791585	-0.09224374506666545	0.6741487301742621	-0.20597777945364876	0.30651205550268107	0.41474156878177637	0.8479894590840438	0.32249029971769405	0.8869800418627131	0.17303460949619434	-1.0606892186610586	0.362740919561737	1.3003981404396783	-0.4751227560910748	0.42559006893639395	-0.7709699991704382	-2.0750576075564644	-0.7430968917213444	-0.14684761554472958	1.6422448304437152	-0.19320792693757483	-0.598051890345049	-0.3999774762746943
1.5561883309828102	-1.0116149761707793	-0.46023417291890906	-0.31230704519828884	-0.16334786533868031	-1.4096282869244496	-0.37542909615981956	-0.2561720678988778	0.37772484607200885	0.6823781137581227	-0.3662332150620466	-0.445647713199954	0.8099530591652944	0.5457754474957023	-0.322239637325657	0.8018159304898436	0.443298620522262	-0.6842416105857465	0.5843167340980824	0.5807904276808523	-0.43837332500672216	0.3503137129744571	-0.35547041434975685	-1.8469721782513995	-0.8721939641319454	-0.13734304834880376	1.5501300826902138	0.05532840155992909	-0.6394064956847482	0.2618290711211354
-1.610163835234161	-0.9959289519105626	-0.3310327988296359	0.4089212081542109	-0.16378240220151957	-1.6497678362491395	-1.0423556357685473	-1.2204705394769146	-0.2881160037057102	-0.13109923241619936	-0.6554970069327688	1.2409009699756188	0.8450194068289696	0.08228057339043372	-0.7615827898772861	0.7920452503302102	0.05241610971301229	-0.05002277056864003	0.3159602270296695	0.024851633967209907	-0.20607914663398874	0.364120262363808	-0.8141602632465771	-0.9185708514633115	-0.3909114194368062	0.7538012701671903	1.6609579449895033	0.42615516428997313	-0.4664525166624329	1.0303582411482983
0.14674234225295477	-0.9206140160159622	0.3755663522409383	1.3601248019573513	-0.04951459708005329	-0.9770442582076106	0.24781580144426013	0.28235332019594905	-1.0228302847964021	0.7510658846329167	-0.3567500434040781	0.06285281863350145	0.02085985723733818	0.5738903250893856	0.053824839405836385	0.6805725346552839	0.8549522389820976	-0.5221502741055614	0.28044391343127695	-0.6836867294079999	-0.6185596577682556	0.4574400886748928	-1.1450805040815046	-1.382761052165353	-0.8572109739460894	1.214650863671837	-1.2188963530129286	0.23223563147137746	-0.35233519637975574	-0.300746722015619
-0.07798235849938097	-0.9393772139036574	-0.19009742631791451	0.1056054307976447	0.059124900068338836	-1.7586120254366213	-0.556686017063834	1.411289851034786	0.9786335855104147	0.8613245874790026	-0.6899756870381806	-0.06884675835267225	-0.13925578806438843	0.7662665100128424	1.4216108723541931	0.5230249663989673	0.6871692350756744	-0.3103460316550402	0.285024804537388	0.7836040297964411	-0.45228699146787166	-0.39809101614531117	-0.9151876698365964	-0.990819253960835	-0.8769229658352667	1.1162420146186263	-0.9663144328131952	0.612190763312873	0.18153953417199115	-0.6783983446877605
0.42664805530639816	-0.9665972789700715	0.16748836219897928	-0.8359012211648528	-0.07189702739350638	-1.575521278842355	-1.31397437229178	1.5248397426926874	0.4509491173929159	-0.19932152123246766	-0.8323395537657343	-0.6016908818550536	0.11525219045723947	0.22100005974788048	1.8274696913079027	0.6436639442599276	0.6817301982359735	0.037061316953978046	0.838643728911597	1.0471008501193366	-0.2611725052554187	-0.9864678085046381	-0.7236911015699939	-0.47480098681405797	-0.44993579504261844	1.0235525048077714	-1.198437760039123	0.6339621235865417	-0.918472574251416	1.4443634119126267
-1.028195752703911	-0.933519933114323	-1.3516699968792625	0.3073579399355344	0.04794601024603726	-1.4391621166647237	-0.1136824322686361	0.7014449114215598	-1.6979435389867537	-0.08665563575523748	-0.6222077223619382	0.9831362770090378	-0.4516184148026767	0.054630236926894164	-0.5924371172587131	0.7065930545997441	-0.7317180837404903	-0.1535362592381558	0.41358238555677795	1.9733621363150267	-0.3490981000811361	-0.5438353084934885	-0.700181807609044	-0.7174056882500334	-0.5552770587350799	-1.673283151756441	-0.5692429745895073	0.1710448937076392	-0.2273004221507982	0.3611022147487747
-0.4068127427059226	-0.9911323119047849	-0.6653035025726978	0.033866120682838	0.09412522619943431	-0.5267397128841323	1.7790615255901905	1.1155169633975668	-0.13312287125790373	0.1046668494013087	-0.6713033421286835	0.367086739265045	-0.20091178888701872	1.1717253928734215	-0.31347885981090784	0.4266147231277589	-1.3684942055593117	-0.6861805555803603	0.6191131858865793	-0.3731627054998469	-0.32145245669745304	0.6125767221757639	-0.38346292015749267	-1.0997339017191947	-0.540847107601458	-1.4622870469461435	-0.34496662211336493	0.4370294668468569	-0.14070564955217202	-0.32903324017956914
-0.3081996753538213	-1.0775235608865963	-1.0367394572214315	-1.0713796842892296	-0.14955056060128677	-0.6774786770747255	0.7184471925059394	0.3235049592996079	1.6182523011785734	0.09176237776035122	-0.791235502039397	-0.1672759033581991	0.07633947611083455	-0.5976542794920352	0.06305589600448575	0.17327314621917472	-1.2903990654899151	-0.0470328569072956	0.9894091394432272	-2.059680226740442	-0.34023411895998273	0.8583756295159909	-0.1582629458441606	-0.3059034316040931	-0.3203514097875931	-1.3078662927244056	0.07948118863247552	0.9376780214767476	-1.6747292015109818	0.5598328742263782
0.10815010921746963	-1.0144457166479923	-0.5990205786060457	-1.5759585767703763	-0.11527116398396102	-0.09528964152026988	0.025398136920444393	-0.36217374508736405	-0.34582708193342004	0.5939089836505639	-0.3939741566461539	0.008849928410750076	-0.2581963893138286	0.8973773423951128	0.8089915100845649	0.11405972138748065	-1.6915955000307537	-0.3845587935640197	0.8583166059088791	0.2648630243281642	-0.5720993955103889	0.6375522307205359	-1.0566916635444743	-1.1870231885129907	-0.7137720318403129	-1.4288649113135785	-0.5261375986116787	0.9528923005100732	-1.6634075293812787	-0.7540116468792942
1.2141193021042525	-1.1279593734050757	-0.9680896934812587	-1.8925965137533165	-0.2043619078346847	1.1138562704434303	-0.32996890858029126	0.051757407784400355	0.1274971192903239	-0.5910372954246282	-0.7979516390245611	1.2679407697953633	-0.30251327821984236	1.1809993464213209	1.132583924367042	0.1880901406109425	-1.593915219630787	0.35878389884891754	1.0798387894286805	-0.8579867523263672	-0.12173107304357782	0.5080890379896731	-0.3854556396406646	0.21198985389087138	0.027692838517713245	-0.6793927102474118	0.023492094984231878	1.386808949746884	-0.05854727545754988	0.2868174636988874
-0.41022576880649425	-0.9862180895779464	-0.2994425988047361	-0.8629705262319303	-0.16190783326084388	1.9080464095308998	0.41286875872595064	0.632928787910404	-1.3536646576224118	0.5476528774700415	-0.37941199890444255	0.09569956972254728	-0.25124308989443933	0.4133340838723092	1.568293020306702	0.08908232120001905	0.38263683746251975	-0.2747216354308874	0.7104197742550596	0.0066914382418485135	-0.4938967483398571	0.9920331142982969	-1.2728134614750164	-1.140588089695656	-1.311292705026964	-0.0911872543500337	1.656284028996846	1.288927064762083	-1.8733442536872513	-0.2865070441702608
0.21681886763212696	-1.1273736890027577	-0.7343950204175727	0.024587716321701602	-0.07140163977894973	1.466505108023439	0.16553083084009804	0.42058260491044774	0.3082025136009168	-0.6083781341282827	-0.7197671970295849	-0.8429213544837975	-0.6670415774059085	0.1929245430859132	0.9280245348987103	0.1934876356698042	0.5602578296713007	-0.4280358557730513	0.8162566226717303	-0.39601548647343654	-0.043856343396196866	0.8022169937568332	-0.26622567847756123	-0.6261096970838901	-0.8396615043723958	1.0906414435679437	-1.0169772639966663	0.6962832307492972	-1.6846211711620307	-0.022968053507086122
0.20460039911223316	-1.2186188756301608	-0.7357704790060622	-0.2236494234140413	-0.20570333658657297	-0.2083464921709858	0.36322472323160215	0.20756214914577797	1.0045506914231992	-0.3849632617746518	-1.1816261849030434	1.7066863143204747	-0.45367696107190375	-0.4303405986022171	1.5527095654986842	0.13820966971699303	-1.6533624271954308	0.1979095213925109	1.099242277748508	0.22236560333862657	0.15832818507411606	0.5518973234183887	0.4923844456453333	0.6900677162979797	0.4617106604344127	-0.7629359642216254	0.0007850568380426989	0.565064627414324	0.5367893953962192	0.9694237052251377
1.6748290444610001	-0.9488507215295711	-0.03231360720508562	-0.20061578468134247	0.0023112901733246885	-0.4494216278956251	1.3073011489250377	0.45678506136665686	-0.21172349019346884	0.9833287428081082	-0.45950760582255407	0.3537541369547301	-0.303776764866502	0.5713491902419356	0.08891145001964965	0.23599048917696397	0.06539114572089227	-0.7638370925428093	0.7301664404798558	1.4532788250346262	-0.7998072222576378	0.8412609791867497	-0.49972230744302615	-1.5535883644743547	-0.5311933341147009	-0.19352278882554516	1.333333722484551	0.626364595578114	-1.2245796314691109	-0.8734265021005615
2.3592922080282768	-1.0360882216950376	-0.8527165569737625	-1.0546269312010852	0.23606740649785743	0.25364395600220807	-0.07828385944718952	0.5102828335018142	0.9346764609443916	-0.4288115466216234	-0.7856165917821599	0.1293607290322556	-0.45278120200791716	1.6362896875416875	-0.5530855826432961	-0.6037126989920532	-0.26398925018076386	-0.7634734980939166	0.801085544684926	0.2193249241759059	-0.7928359241493923	0.5913730054314621	0.26591378373008556	-0.5812233099212983	-0.8539491240116266	-0.36681423284725956	0.6689794385917659	0.5069925600164743	-0.621998604236633	-0.4114566794274856
0.7619040795992799	-1.08330982310532	-1.0489265440686455	-0.8000010589195419	-0.19055878312755817	0.4642518756371123	-0.2522020540395003	0.7024114372334276	0.034976594176612204	-0.04286740393400782	-0.7805379949496096	0.3733277812659658	0.07466688919612299	1.487023220220468	0.5451949972889093	-0.3912257580730079	0.6581416575318135	0.3009269628850687	1.379015456174884	-0.049541447193652895	-0.5303487344296718	1.0773863122887959	0.5041475172679362	-0.2796985914600888	-0.5341633187118194	-0.32549547454475347	1.771522197267677	0.7643589069201339	-0.8734602619118255	0.7255184175358165
-0.9964528415869637	-0.9629086037992612	-0.5400845413659954	0.6596833026427318	-0.19709478696001226	0.9927720982318244	-0.27108953583401035	-0.11451459844485722	-0.8654727021248109	-0.180532545337057	-0.28170986568924783	0.10024441335156742	-0.4385953860779984	0.2514534811890987	0.08503085124890003	-0.4714592412551701	-0.49273828200421005	-0.13101247145011022	0.9924000488799023	-0.8404753639715693	-0.9184981029172916	2.1319654449428884	-0.8526362570078907	-0.970413500234749	-0.5734343924228074	1.1196402869718494	0.6386871177037969	0.7311219790394111	-0.9533460584001107	-0.12120664248760306
-0.779908851764201	-1.0019947705293437	-1.0907346941748126	0.5569325654525658	-0.12997333565366917	1.346065507371543	-0.2909580128185305	-0.29775966729514575	0.8427400228217964	-0.4010798912626409	-0.5209635998727206	-0.6236338293546256	-0.37491930952605584	0.39846977628181285	0.09346107194055463	-0.6065342010434581	-0.28110212272240104	0.030895451348340874	1.1560744937087353	0.16859470600186205	-0.8039095350746387	1.8298257014388388	-0.3261341473584141	-0.5753674692195737	-0.7243752668347657	1.2510679238757916	0.4545246521891773	1.0462768897615637	0.21345350973208885	-0.254742836930882
-0.5124817276847141	-0.9573816701688909	-0.3737308120034116	-0.07857150641097808	-0.07882598740101543	1.2479996439628551	-0.6873904880149054	-0.11885155448561573	0.4595616662625276	0.204570385267018	-0.3348375825433796	0.37570487541791087	-0.3752206305793001	1.0999301494862397	-0.6573231077950086	-0.5128551540418236	-0.4392506151989858	-0.20742042469651778	0.9152129979228537	0.16465869747246653	-0.8206122466702382	1.998997447098831	0.13953330691911192	-0.9225195738499933	-1.1061510955825957	1.4758975707501287	-0.3023325088625453	1.1801533354305769	-0.20416638797130127	-0.9003015792367646
-0.2255984623520289	-0.9192488447636323	-0.3418746250514712	0.6684824294946009	-0.02022635450526279	1.355268912151972	0.044249070247182005	-0.30899225490657684	0.5457452742592342	0.37578764201242454	-0.4798805644587911	0.33138337558457226	-0.2985920841960204	-0.05462908353573214	0.10655016107217762	-0.6143392598887232	0.3288889317875935	-0.35013659398367575	0.7729548349891179	-0.22682483012002622	-0.6961148797384852	2.6048544403934146	-0.0840588740436088	-0.8998064346506653	-1.301863686776806	1.2389322393254	-0.9762548250964836	1.0333711769474838	0.1755155171744425	-0.13548327119224163
-0.0877578450513512	-0.9549156174339762	-0.5327862066561602	1.1808105708794068	0.03766109486961962	1.677957386784034	0.09789398778178172	-2.090970760149731	0.8343266551594364	-0.2760141504005016	-0.6232034053013535	0.8555958546558924	-0.32494567506339045	-0.9917117978212932	-0.034796801825180586	-0.671813916497982	1.3028653849249099	0.10796245459958095	0.9415555114553541	-0.013642299136652753	-0.6469610513431929	2.3784751009388043	-0.506754251262991	-0.43829966371776236	-1.3361757901164593	0.09821570389732177	-1.1109247994090778	1.008673510047185	0.4003402335558001	0.7468374706265771
-0.3811679977281483	-0.7858323510898068	-0.8319928412544688	1.7812007379946744	0.22570945366617723	2.3826123736983242	0.575990386361134	-2.4716708204823985	0.27972648051569604	0.6514602706417808	-0.3582161478761219	0.3190954401444287	-0.6823199242385705	-0.2394367302672275	-0.8679864505348232	-0.5885052430443957	1.1314760476775838	-0.2510829661248168	0.6481657673635633	-0.1040705271662371	-0.7992997264773714	2.066733308580542	-1.7140752902196696	-0.9372283277055751	-1.5936954928975995	-0.46244004284132895	-1.0718840385879214	0.9672495163016227	0.8961491379661828	-0.11347312500421841
