ICA_00	ICA_01	ICA_02	ICA_03	ICA_04	ICA_05	ICA_06	ICA_07	ICA_08	ICA_09	ICA_10	ICA_11	ICA_12	ICA_13	ICA_14	ICA_15	ICA_16	ICA_17	ICA_18	ICA_19	ICA_20	ICA_21	ICA_22	ICA_23	ICA_24	ICA_25	ICA_26	ICA_27	ICA_28	ICA_29	ICA_30	ICA_31	ICA_32	ICA_33
0.7342884828690301	-0.5111584255888951	-1.5646552748465636	-2.293266443636804	-0.1147030185680675	1.3531575238325793	-0.4172681998909557	0.7337074770518439	-0.8941867655631386	-1.2077105618767738	-2.2506925551915913	0.12090348101837706	-0.6140019883620197	-0.5350987265767045	-2.173860665392138	-3.0253281587494336	1.4383462962072067	-1.516896980914681	-0.49929775751093225	-0.36616884087302154	0.09600171343016312	-2.0764681826735454	-1.042060223680128	0.9753719449130271	-0.8460131531194817	0.22617720077284237	0.15541447321300078	-1.29612715266028	0.18063555161279243	-1.275042009300432	-0.6002134609714185	1.3289269430608754	1.3872959267628138	-2.317317852962299
0.22282689909462997	0.014157058191943612	-0.727037856323529	-2.3761801782700966	0.0019129615144298836	1.5048822164209512	-0.18723024398436225	0.14289976975996382	1.147173098903039	-0.1377529662934773	-0.6859775721196604	0.6073790271471072	0.5607015098869611	0.3184209292497188	-1.3002572441055864	-2.500806947515443	0.3459498406266179	1.0610524010020885	-0.974433476104169	-0.3314718894447833	0.13703536553397117	-0.9109992329237798	-1.8805869334163543	3.1872552147467315	0.39730323703096676	-0.4349606721002509	0.13722174530443268	-0.35605233954750115	2.409187332789761	0.7157627084507894	0.051218589692933025	1.0057028642080807	0.9675060590849873	-0.47333255784460376
-0.6301507667716312	0.44160379837248104	-0.2532713816108246	-2.046623388331802	-0.1637242797245585	0.3768128173925965	-0.42392105149696574	-0.8054596742032195	-0.7391950814676209	0.6503145886405115	-0.9940740174457618	-0.24042871307157307	0.6123028878318713	1.8786813851584874	-0.8411810042620587	-2.653848398900768	0.3484184639276273	1.0755621799702324	-0.028192403299703267	0.18852038798982962	-0.48357859290660854	-1.1891783206151818	1.4022297275626747	3.852398431003531	-0.29108633061370187	-0.04160579882815072	0.3177391398351976	-0.9852230306545556	0.8451911597678817	0.8227221893773087	0.6307834864776622	1.4796377084170786	0.6102141563278356	-0.1915532793697039
-0.11627027625803814	1.2679684154794408	-0.10541237090119963	-2.464990538350172	-0.3642413012157934	-0.625858464127352	-1.0343917283579445	0.9972313001127001	-1.1773078366816816	-0.005734077271487643	-0.48817838853310974	-0.008216930967354062	-0.583092000906437	1.588242984991583	-1.5048546591439225	-2.3725829703726187	0.1315164527759253	1.4747383382643628	-0.04557663451785914	1.5047569783013615	0.4493750065122732	-1.1986700538279231	0.5042433623015194	1.8791589618529632	-0.5686035034876324	-0.15506354124509528	0.19559118334331396	-1.1376777875658721	-1.4762689293396465	1.0080444568155913	0.34130374713450584	-1.1730331673574208	-0.581171987176057	-1.1325992216752572
-0.4584808605495296	0.8549406777787795	0.8739786647640476	-2.227987550129867	-0.5880813900169573	-0.7750092246584948	-0.7246945786044291	1.4970985387713658	-0.3110496550141836	-0.7180080184100505	0.9671143921280573	-0.048885325034587354	-0.11183191441339496	1.3128428468278888	-1.5227939441991716	-2.1074593723408785	1.2976001252287008	1.461840120143985	0.09774428734231534	1.9563464935622046	0.6826204413246855	-0.09525836032294789	-0.03780339385942988	0.21013949906996787	-0.5486324533150249	-0.2370531823636584	0.20306174671895466	-0.47730473773019727	-1.4231385678947714	1.2341946768722607	0.3552715551304007	-0.28986096977202613	0.9174436539628306	-0.9488653383442037
0.2088920755337571	1.065309074179043	0.17669310916569209	-1.8341688023706788	-0.6368404372934996	-0.30456936694504877	-0.5410698138031403	0.8582402561840574	-0.08983931359074342	1.0707638229310734	1.730818346752828	-0.4999009088760351	-0.04426657289817903	-1.1453880722910434	-1.4634897924003107	-2.13324016539651	1.729462094423347	-1.5308621355806344	1.2839929985292688	1.5640518551605915	0.4284328391698508	0.7111742457488038	-0.6240446469512988	-1.4357522121154251	-1.1770033748234168	0.2816177888480968	0.23303245795985503	-0.5328941746786943	-0.06243764361947247	0.7545187764843966	0.8392881548498003	1.2459698887479511	0.9293841088969659	-0.10356010734817825
0.1226293025645633	0.028525798263850443	-0.13388831509656687	-2.350486960394341	-0.6356864906337334	-0.09366647106329118	0.5329940341325564	0.4923464811310673	1.3190174236897945	0.9606280988455654	2.0344894250097627	0.08680068796748219	0.04019055308652288	0.05319189502549979	-1.5385462626692827	-1.7661512130095487	0.41207159272191873	-0.8731232251406154	-0.748115376045439	0.7857207202578816	0.9471236821966551	0.6952560843731171	-2.315762793074194	-0.30679247197637616	-0.31944322347742865	-0.11589832469702047	0.24211883113736188	0.6030105248619625	-0.7401050757272127	-1.5124401355436015	0.4813409433654845	0.4174167788196399	-0.23588897620053417	0.5195521352294644
-0.15935733925074036	-1.0633115103405253	0.0994796579905	-2.176598364707406	-0.3460427943632426	-0.09650706414459072	0.6835888487626753	0.11231565892510777	0.7232814640792283	-0.6754109296292914	1.7627455969162191	0.48431429141900456	0.17528206243016706	-0.7384206562292637	-1.381879923747874	-1.7526252198701127	-0.23620299757953378	0.695152897452347	-1.089890943943879	0.6472061330703298	-0.21199777703779205	1.2223967902840205	0.158320804615525	-0.6494908944735506	0.550659830588942	-0.3261045628452026	0.4892602205524886	0.7820030039671378	-0.46477347711385725	-0.10097244060387396	1.4222210264236188	-1.3994825639554456	1.4953675044512107	-0.3167860067373879
0.23714612040644348	-0.7094466273082901	-0.7753519818821294	-1.937155080500527	-0.43524316438373933	-0.2974373035917898	-0.3700666622656774	-0.2785443410818677	-1.1666450450413755	-0.5774812194934944	1.081120353730464	-0.0490009745869109	-0.2721530735021587	-0.837413075879877	-1.2571169180813975	-1.7322835795630227	1.0699720363600562	0.12310064769469331	-0.42384250577478316	0.6422946122508034	-1.2179784161903786	1.6972081749011723	0.8852109013975876	-1.4473381294103242	0.9036506804952233	-0.26980854966335244	0.4790702701611378	0.42611778454446386	-0.8175950201460797	1.5135881274205603	0.6970476754260617	-0.15405813308895155	1.0768452629092813	0.21658966845416397
-0.2873432534970893	0.48251506984510045	-0.12914735873876568	-2.303155096104107	-0.05342706154839037	-0.15739917650851515	0.1363246419202826	-0.04318913464311066	-1.35865954652324	0.5870970890138159	0.7991403547537771	0.7069411995480125	-0.0635598324884845	1.1195738888176505	-0.30735118126489325	-1.1458829235186951	1.4361558496696982	0.3410042885717244	-1.490300582048318	0.34724412702827806	-1.5624999905316306	2.2167685828127235	-0.7596797842981534	-1.0059801530613284	1.0278528854802798	-0.6859973343657771	0.5046023763167002	0.9698277195745888	0.5368827474426315	0.9929335808583174	-0.15720617077590232	-0.7545273270678649	-1.607075216710901	-0.5604845329441284
-0.1900775014412232	1.03637094372149	0.016526436829795564	-2.0088329498863726	0.18562335991924966	-0.3995969383613442	0.2817419049624755	-0.18276521315485875	-0.1536459821672765	-0.19298677352666513	0.5358635775044756	1.0707701152439932	0.03776285897279104	-0.21306924293461468	0.7686689096873938	-0.7992667531478153	-0.6005465298647836	-0.21512820030121776	-1.5224283180763092	0.004601893916067263	-1.57377664118978	2.9255622260957845	-0.36179288585149233	-0.9083998291480828	1.0372964232541046	-1.066486917441579	0.44783286173308656	1.8120914814856994	0.8075385625945951	0.08665730295860609	-1.1274832745622654	1.2020219947161204	-0.7978655908025093	-0.6205994900237485
-0.7038395817910613	0.901811468218677	-0.29496530645539415	-1.8042493278074498	-0.10622440085558653	0.1914093601471774	0.0247542896996147	0.3957378025877683	-0.659711627045651	0.12131412507372098	0.3027507353794306	0.3249713769414368	0.34569567142171925	-0.32247252593522896	0.474950619074839	-0.7664215973257348	-0.9753319779730774	-0.47972227895935493	-0.5510716412275842	-0.06816990724103271	-2.514591058918065	3.2204559427560833	0.23337696318540224	-0.2682969499865621	1.2586204128821281	-0.4528056202996434	0.5521273056285251	1.8467978122725515	-0.2386775263233277	-0.8826142948999551	-1.0048021696562428	0.5077789785618883	-1.1906892407301695	1.2447007955481524
0.01839891577248435	0.4168002289648964	-0.513180975389539	-2.0953367277951185	-0.2850873266958331	0.3349598046485673	-0.2448317396214393	-0.882213089519608	-0.807701332259678	-0.9973306792054508	-0.08198126247161229	0.6514321081319161	-0.5196322592723949	-0.906337890267152	0.31350152015345634	-0.44795783375686493	-1.6266331168976795	-1.4332141782176966	-1.0571597792378034	0.022566639948308282	-0.3889974856444823	2.892440875782922	0.26511358660873907	0.1111674286128001	0.8081986791938088	-0.781414016043695	0.4918494507219967	1.9272654199214634	-0.26447724259169714	-0.6372208201562907	-1.3827892091374216	0.6121188620192819	-1.121609811178269	1.1406714191073104
-0.33732570691328917	0.8504324806593059	-0.06426054930513493	-1.8997205133946893	0.020700006847740912	0.5468052473357233	0.17566190125136844	-0.6813519882221186	0.58378119976871	0.10743448896777719	-0.47067035995178186	0.6138116479676973	0.3140450977668141	-0.19370783554661103	0.7538844770463494	-0.6357085335965028	-1.5984255561097416	0.0008010893696844975	-0.34459314308072825	-0.006596120218868732	1.0046129896690104	1.5680350267636827	0.5250901102499589	0.6858364395984029	0.46153195790482615	-0.8211471440893906	0.5866238525278077	1.9099697768471686	-0.559743978850024	-1.4618458179473215	-0.0446661033033567	-0.8696134436282392	-0.3543909855119713	1.3474387917177004
0.6042272241162693	0.41565944652539044	-0.27065090944047526	-1.5933918999566887	0.43132474467458204	0.5689284834110163	0.6860350882295478	-1.1011867025737179	0.6097300848956827	1.524709326408621	-1.2669322908470104	-0.036412841252121866	0.08501297232927953	-0.6221305289325847	0.13741683925452094	-1.467043720389265	-0.26299827440697315	-2.0158333681563714	0.5734974777090572	1.6071616736672846e-05	0.672760669593627	-0.22305274679480652	1.4596700889930292	0.01222804679735213	-0.2408780351781342	-0.32446690968339764	0.506370045799316	1.100377532837015	0.6436814811756216	0.24557589661161477	-1.5087139105480245	-2.953149882984882	-0.6020881235776905	1.5258113161428695
0.5186482934638665	-0.9364655522657112	-0.2588352501488587	-2.64052016588464	-0.6700678613103249	0.5860413917502274	0.5024273823392628	0.9340893006181603	2.9660788184184854	0.25072201442471853	-0.09108916207322774	1.419184481393374	0.5161478110470054	0.8319650191480344	-0.14072991082126182	-1.3745381201951796	-0.043901372046510755	-0.5231715626156818	-2.2420684335633525	-0.28473968054000354	0.45645622283762455	-0.587659191148815	-0.2707323887488597	0.5854356652627783	0.7651901842584519	-0.9491094845235717	0.5960292612296775	0.8053831194910938	1.5552899101541997	0.5048077949513412	-0.11069503665685293	-1.0088481625190056	-2.5824989999392742	-0.21473213655167847
0.18327342811842276	-0.7961836585611689	-0.09039443764004415	-1.975209678754882	-1.1037509765003617	0.05612945174669578	0.026018863913592136	0.9443204700993547	1.9146502713715032	0.8597872994846062	0.8347264251690107	1.2712692445647957	0.783145667206382	-0.02976999229471522	0.4011277723547076	-0.9425781870428831	-1.3903228915566181	0.5415044029334022	-2.593952327908245	-0.8893036935309766	0.3224333922971012	0.155732873418716	2.0142061671564537	-0.8185967979398288	1.7473330508457225	-0.9153887065525069	0.6972378387070042	0.5768601183530995	0.8265144273044577	-0.0704576378721195	-1.0588547186989778	1.2354014523713297	-0.4960886263318873	-0.5254152471534088
-0.5110981610174478	-0.15685265953606534	-0.3545950498309102	-1.5231874311326383	-1.5996546019585949	0.20629768012066155	-0.3558532247020627	1.0297950680879733	-0.3866254294946884	0.5174214927021067	1.5991319588728898	0.04765768052106294	0.29329644096119883	-0.2414392889425934	-0.2781891414988257	-0.47216865997051993	-1.890247141355697	0.41248899247312715	-1.9743737348654458	-0.9385208067246165	-0.7482693020688626	-0.27398277165491325	1.7356879552629967	-1.7316419535786525	2.6396511188361647	-0.6006898155964508	0.6930589229385405	0.6498164374556031	-0.36465197826306783	-0.9877576792397613	-1.0562714340238448	0.4930308217504519	-1.029029545852596	1.0565434000836535
-1.302729885557385	0.6509290430316075	-0.1522600551759025	-1.6316567041910748	-1.2102487882621482	0.3076043685072486	-0.19754717034077054	0.0866139359937605	-1.1267128333214718	-0.7175405321561044	2.210041993445632	-0.8542194537765189	-0.385739562086866	-0.2830780993232215	-0.18027953949916412	-0.12608541542221263	-1.9633350462269146	-0.5426340404421097	-1.1217443312492914	-0.9029686413825293	-0.17018981223521196	-0.8046127235964338	0.0978355951346398	-1.3413887572636873	2.9840313248888024	-0.7102912912566463	0.5335955395863801	0.6352574374179591	-0.6946647675062282	-1.1669649171228484	-0.6614261172681012	1.279171854654189	-0.9589892170393784	1.4063801702406282
-1.5330483119699674	1.5252369938632162	-0.26201887652960437	-1.0788813575914395	-1.1048018992568873	-0.13080604077999997	0.06013644670121183	-1.121891621220647	-0.8843215247462618	-0.9612981219676513	2.2666282597496545	-1.9412797368363441	-0.9444427522308646	-0.09060989760170239	0.24265138264641342	0.3543554834558278	-1.752426484519459	-0.6658162053821616	0.1148002634952793	-1.0491528450585954	0.4526158395028792	-0.9053612725563231	0.3991123844729165	-1.3076695465396444	2.482213402915403	-1.0952043546966248	0.3839141603368064	1.158101378410294	-0.49972994521819714	-1.1583050087197648	0.9991392705510523	-0.6776357528147657	1.4363192771100657	-0.049581018080754706
-2.291616111693169	1.918729244133386	-0.5578854109902885	-1.0972929979880701	-1.0195057213645984	-0.3624891047835223	-0.43702672505129503	-1.0678035885356445	-1.0991791388148278	-0.22062402307541606	1.3287091737060759	-2.3350471038453886	-0.7775005996056751	-0.8543258266520396	0.6130706664757003	0.1322576740702885	-0.32220593476978815	-1.0281728798927103	1.7819722018095634	-1.2054065013892703	0.15138778473966158	-1.117616108229964	0.2292724465697724	-1.3072013654261303	2.0387257416841664	-0.33685473756780526	0.420686666216683	1.315091577692748	0.3258547402585138	-0.7138467436536812	1.7095266828860147	-0.8371087298891463	0.45830594977214095	-1.0472432317981673
-0.7569187039607016	1.180867782948124	-0.6674765574341448	-1.3265715992152383	-1.2170193533418452	-0.5104843810950626	0.2637085542373566	-1.0492124926314017	-0.5682009106800081	-1.4361994321640574	-0.22181267061261195	-2.1142461319724126	-1.9935988762350065	-0.17057249816865125	0.217984182152026	0.30261240657643534	-0.314863925693027	-2.691302310355753	0.5904686525156975	-0.8765939563279064	0.6459798318742558	-1.1926588816465074	-0.3457921566106879	-0.3590949033561813	1.730952980339162	-0.8528723743859961	0.2831453637034812	1.2940312605216153	-0.5159164225007301	-0.9845979623867004	-1.5284662137765603	0.4021783506633019	0.7111035044118049	-0.9114666083193507
-0.9397254815327374	-0.6641743374856269	0.24010941058167032	-1.245394587866019	-1.3933006877591176	-0.1568378766419494	0.5782226215314145	0.7998236847592141	1.7398139514232451	0.9044576015229778	-0.8721858514975377	-1.8198713076131927	-0.7502250167060424	-0.22600837364233006	1.1330736675089312	0.44274134978274127	-0.9680131343895042	0.9257904063308992	2.2745835180313017	-1.314178318518041	1.760016496148765	0.007250322380688468	-0.6301938616779656	0.45723606376941606	0.8950367553009825	-0.7074182766380992	-0.461732358584854	0.7675151194035587	0.9825820791010856	0.10894217673841061	-1.3261649949059438	-0.24655047969014265	2.009394023781636	-1.2295807868210322
-1.2122846000548726	-0.9955848190546805	0.5070218821094911	-0.8550419973627098	-0.9700491821050022	-0.688100764282335	0.8531135161103066	0.6246315051072883	1.568425774238714	0.9988963315207864	0.05629679461545035	-2.5245034754122027	-0.5511900948802698	0.9810867698328681	0.8230363729781783	0.2400752863770547	-1.1264190092658262	-1.6818287497426092	1.8320643525918698	-1.2891791890984612	0.3820496493900204	0.00023538874366910376	0.5317804225101856	0.46120502323403323	0.49703281567342983	-0.28765374622327783	-0.37652721962080765	-0.13265158968934593	1.9099255546048943	0.695681364590246	0.7549898789739596	0.40622234277557	-0.4244733808963276	0.2495069068301715
-0.8881053460953112	-1.5262088260177247	0.3649941547082495	-1.6362793551213026	-1.1544062354045492	-0.4219056039890529	0.39643688469075117	-0.34578035127505236	0.9084696037403297	1.487272077434715	-0.6500303055619975	-1.6164981421507125	-1.551837239887783	-0.7761142239793538	0.8162061780965291	0.41245261308790676	-1.0040357817922707	-0.3839849364873218	2.507852252089945	-1.5143776445558546	1.7265227916091948	0.09717535102014074	0.6298624415781797	1.1653453469078319	-0.886371785381642	-0.10484507438741726	-0.6088333494841601	-0.36632426328144085	-1.6289013649914998	1.501848592509933	0.3518608830340361	-0.170367908248843	-0.735571878964771	-0.7842661305413718
-1.6810947147620596	-2.1283864438497027	-0.0732558932247973	-1.3933409542914008	0.30595129236733043	-0.5097788245151591	0.7714091732699037	0.10021726838472592	1.2071183943752857	0.152302211334721	0.1395491334214382	-1.4452116544844242	-1.4887578242853259	-0.8611500825305883	1.0804275948897983	0.5139003925641821	0.6169781418009042	-0.07109812680979347	1.419057553674465	-0.999548754059727	0.6233933450899128	-0.06548773974954078	0.9951912828941327	1.3649025870658014	-1.1094708952165717	-0.526192040993721	-0.3398290733561672	0.9177825374895493	0.0955705080290397	-0.26966211278679153	1.4427303266097349	0.016887881188502395	0.8081099739751361	-1.2447276255907629
-1.792014286806664	-2.137905370145211	1.00821577413289	-0.9463209440531126	-0.4922765353213512	-0.026453437375999592	1.623877794798085	0.7880248241176747	0.21048060275264063	-1.4247747067518297	-0.1657945362297177	-2.344941223746409	-1.094413254797031	-0.16456034093690763	0.652224006880369	0.5181871551908049	0.6148378002813661	0.9241520470998933	1.955222201456218	-1.6349530977971247	-1.2899353026120728	0.6798341914069715	0.8670402559801003	0.35694534906146225	-1.276616889414047	-0.3124770879636269	-0.7812159170026098	-0.32238032112274945	0.23836845070521562	-1.3960487335812866	1.1362482702687087	-0.9111443790912687	-0.49229047577738616	-0.6533836414132727
-1.201210740243811	-1.9612238007102993	0.3342116206891467	-1.4054412997714347	-0.35284001547278515	-0.2977330963072776	2.082226270026277	0.5280074310247406	-0.7189373839941446	-1.0447956365160915	-0.200329999402035	-2.3678733653610777	-1.9762408282515644	-0.06217139606852441	0.3287976119445277	0.6868311851018787	-0.2801143839346289	0.9739705272826016	1.5971811695853813	-1.284816851074996	-1.2049666491839808	1.356042268050544	0.22272124020859402	-0.4894328591400491	-1.5012410513076762	-0.22358566718430456	-0.7163092789048239	-0.24935938869581897	-0.7062533942926283	-1.4100483283922762	-1.4011248763593338	1.0625399366593729	-0.5220811978862171	0.38379885520929474
-1.5368327692875141	-0.9757012169182782	-0.4148422887583106	-0.8478621773029464	-0.58736927337224	0.8312270156275964	2.064276851334223	-0.8862778400617449	0.1315806231574489	-0.20104683634709414	-0.39137873656209454	-2.0754189904755034	-0.4720190862503692	-0.3505929304512372	0.9272091668312304	0.6138781706832269	-0.6595579453877483	0.14913450957629534	1.7783107619304512	-1.8195523033964247	-0.6534980413745471	1.8295704806628794	-0.5652895782318518	-0.08305011255563825	-1.7004496633199526	-0.33859036716051766	-1.136689984718027	-0.7977226163338303	1.8252336147162602	0.7510015412522028	-1.0435635985502594	-1.7032560717780019	0.46079261323998094	0.490068592757806
-1.1494878006280196	0.15070836610547161	-1.2516490429182732	-1.24454902029933	2.7271275084601623	1.6006279322895365	-0.1375914377342061	0.057040822311576686	0.12180817094131705	-2.1989561058761384	0.060244364866373586	1.1442990665120418	1.1316334228520393	1.0082375069923366	0.9041712494220367	0.9712242623086236	-1.8847900347264304	-3.3744242967683187	-1.630846549456427	0.020067600951744757	-0.35079696178474956	-0.1657415298058762	-0.1592048715431057	-0.11895132166046918	-0.24045905132896803	0.42873918794739396	-6.526645360630244	-7.31355445507142	-1.794534753087141	0.7370437727152753	0.26490690348226664	-1.7032840985178377	1.208604831699626	0.87811272643235
0.21071971909177697	1.1309389273281472	1.186803820826771	-0.3965832212401864	2.081007015877692	0.11541423607632757	-0.7924759797482449	-0.7142290073654254	2.426285376335327	1.177196140447696	0.46041518925403335	1.054357962650081	-0.21177110173895353	-1.616563459684868	1.6530041394022943	1.2271965021188846	1.084194867619801	-0.8318359842273082	0.5059198014962463	1.3516893954698332	1.4510692390003013	0.5806996613407281	1.4090408046163059	-0.5768437605724467	1.8340470190921665	-0.20024449388287027	-4.2036033100934835	-2.685651547586446	0.12851490961718656	0.3801013296724265	1.30558985819423	2.217687544043981	1.4189862973642544	0.8774090375633958
-0.5132124339507337	0.9609047820303781	0.3471087147165768	-0.34225227374562656	2.001824440065376	-0.9906864539066466	-0.21740329527662755	-0.6316703358718884	2.3587919367400736	0.9682679852218913	-0.7442819018222255	0.4488794694914681	0.021758392165733255	-0.23911533026164508	0.38094347002323226	1.4777730099818804	1.5660939891076324	2.552647410420693	0.8090272558391874	1.3980289857444275	1.0773456827477867	0.5519544708314543	1.4194564275519486	-0.15927247363575683	1.6691561525017573	-1.0046138565214597	-2.5947210955202675	-1.3754948247424317	-0.016060983346019846	-1.6112812710489244	0.7340263798151059	0.02342277820850474	-1.2721906840037582	0.06155195355693203
-0.03626802521155606	0.39357384081599467	0.6250363540495909	0.29587181528328416	1.9067762803589754	-1.8401693480435837	-0.519374127025417	0.1284194737385931	0.5307426446270024	0.4754117002220068	-1.3203132750049502	-1.1528362157704515	-1.0937678101984099	0.16395073647242323	0.11740395330717258	1.6947253307390844	1.512672325203145	1.4084683062976469	-0.24422304249312393	1.301050610083403	0.11810728769179482	-0.2989943890875514	2.1540238139347703	-0.6461697958073416	0.7124810024728839	-1.4262897894701527	-1.1756692690772437	-2.523512518403952	0.2547101584539703	-0.7203098155680883	-1.794879987368304	-1.6345266367645392	-1.7064041577677291	1.5529634217725306
0.6236731927143055	1.6024480719952077	-5.225709018056041	-0.3225044404223249	-0.06705728729712125	-0.488821768564992	-0.0800026009517173	0.390696829724807	-0.009712245340340629	-1.6158685954671996	-0.07790087757279429	-0.7888262690605458	-1.144527208851062	0.9972573335487054	0.1931568233168404	1.8896026294659682	-0.5297693868540234	2.342382596554562	0.49079941732987287	0.5778698449518825	-0.278962953845483	-1.0551501415861553	-0.7790060251844033	-0.14049314260084347	-0.40208752039079887	-1.1471559732670238	-0.4105389873655152	-2.65748990252954	1.9984581400020398	0.7929948687604926	0.6181728253031878	-0.30879481194037045	-4.3506959424784055	1.1265672620338874
-1.8103492594316308	1.9424755155856326	-1.650737551854873	-0.38132895296870506	0.6019642336872766	-1.12736779128527	-1.330317821098935	-0.7634231099315515	-0.05223252673484233	0.9200516462629195	1.039910191268062	-0.9039666903990963	0.0185560009601142	-0.2335806885642804	-1.3847825272771046	1.7343032651864854	0.9279394621242891	1.7449940567317779	-0.07971312260333707	0.18066502934085454	1.231058236253254	-0.7696981063003402	-0.5192882232344256	-1.1918722701988336	-2.788771259675811	0.40933331294843245	-1.5199865056115873	0.13373099258337987	0.06651213038395218	-0.14969546762257327	0.08535257310538248	1.9936676285672386	-0.6016072571720174	-0.2146370806816428
0.34246523862811595	1.2481747903774671	1.6723127164744778	-0.3725290855373486	1.9871830504217747	-1.7390132038841588	-1.1245360376945575	-1.0483815918570192	0.37192831487238026	-0.0063875776296111325	1.0929978351105964	-1.7245660405242975	-1.3250493561167416	1.0135026606923772	3.009540785919482	0.9387084860331513	0.7359145339094229	-0.4013769059098791	1.3791436179706198	1.3382475598573909	-2.3095434324735113	-0.8939637700357943	-0.5901206595206924	-1.2340021428898598	-1.829895839340174	3.219540405822621	-0.5890749272004262	-0.8040001367985715	2.200234393106401	0.879702224298804	0.5336812934717665	-0.10330612659511823	0.3525999095982174	2.4470345727228295
1.548464629739143	-1.3920518740567753	-0.408307099676267	-1.809627789065514	0.16935257428172928	-0.45308252267487636	-0.5953244285630184	-2.181521275098494	-0.5874891657970576	0.22023780589641706	0.510476426219053	0.9891740742482676	-0.7096799107241695	1.9169337560116946	3.18340773280855	0.9086772387015493	1.1361611333996553	2.523176047962116	-0.71202014352372	0.9405397063230994	-1.6658163090244198	-0.9185641619607527	-1.274005558371592	-1.6300628425049863	-1.369650941341002	2.772259937929414	0.15396399661224203	-0.35765025122597094	-1.9192381589380616	1.009274917082077	0.2867620128779155	-1.4832369564949057	-0.904658081490681	-1.4281760150393938
-0.8725479709359004	-1.7944590635810944	2.5892818262574413	-1.0602421425398705	-0.19351377064222958	0.5282451406670311	-1.0569495647555995	-1.8691316974276726	-0.9306821603095163	-1.2402863084761941	-1.0048056392489166	1.2022770713470103	1.3443078871610563	0.06788911934548644	2.180885308484174	1.4091675684439382	1.5879151491232264	-0.3368030148107582	-0.564240623147139	0.4045516933341866	-0.48018708636880103	-1.0490326829490446	-1.0695984823552418	-1.474696000562735	-1.743137885228657	0.9713109475502824	0.6228729470948895	-0.12791995904328576	-1.1746098394388096	1.2426361430013941	-0.019854177960511813	1.9827665466995164	-0.08147557761875845	-0.7039994518094037
1.6789529278167854	-0.5151236094809453	-0.4054800087587205	-1.3078163349620346	-1.5153334319919713	0.993114691907564	-1.9323745177377172	0.5838609171811383	-1.6406597217286507	-0.38618777519321745	-1.432172085778085	0.8041321645309015	-0.9682421142925994	-0.2440995714635224	2.0858944354981093	1.239240840467894	1.2519749425615598	-0.8241839209223653	-1.2209175819575833	-0.383381580763097	-0.7900752041705899	-1.2788932645677222	-1.414068169080901	0.42946952509394487	-1.8598612518902595	0.4351285858763813	0.7971798285886327	-0.6230636398878062	0.15214831242453927	-1.448589676214038	-0.5303650710629255	0.8700968556142811	0.517338883761109	-0.797606219397108
0.26863345430896063	-0.8188409993866826	0.2681035368152729	-1.1328409761694154	-1.6653158675279833	0.5838344482170308	-1.3753354287582231	-0.6092538279470043	0.10990275633222171	0.7831996734186054	-0.8968919272537682	0.954460284851995	1.2489373927662508	0.33036961728203573	1.3274732087578183	1.5298780868392434	0.3379644257146178	0.7436662512438056	-2.2068353962855896	-0.14353626833311972	-0.019757636362073637	-0.1688113101102241	-1.3534288952684235	2.0964748568015663	-0.9880432037113391	-0.6506041542786131	0.9386907220103615	-0.27215877941186867	2.1679081748415987	0.7185584103638174	-0.4973206534045237	0.3190023086287891	2.5250128893975035	0.5693804444259561
-0.7732016777078154	-0.5372482644357974	-0.3322351626972644	-1.1054714352314052	0.5719788365347792	-0.12801199884214917	-1.2134621686423197	0.37722393740476956	-1.742930935669721	1.301650465510146	-0.5451096042842659	1.407419669552756	-0.04356740864399438	2.0979723419257454	1.0911540262283697	1.6029829540373426	-0.26544263566700754	0.6084065203622964	-0.7784746494105915	0.49357409362690374	0.6976816819456444	-1.5223762009278097	1.176725670577784	1.4597747804243262	-1.8311112052113627	0.06071502128513324	0.9289655981128235	-0.2396916087846483	0.8354746981526348	0.7293168787239894	0.5353564792285745	1.1610492698670611	0.37751946268386555	0.5528129839641184
-0.9204589105285117	0.8249609282356107	1.8351082365846099	-0.434089945346179	-0.6797404885364795	0.6485861570975228	-0.4867907962196602	0.1692414025376014	-1.974594898743817	-0.5735886067886451	-0.13131561875567926	0.787516407697899	-0.1698932110583904	-0.8521188928861426	1.70617757419866	1.57138208486715	0.2632606536630688	0.05833386383335266	-0.37680620892836936	-0.09256871112051565	-0.0945799641084229	-1.7019139434890531	0.25041402845472344	1.4231709307694373	-1.9972541668717814	0.48361463922440384	0.9175366048982274	-0.8788569499595869	-0.2845004606307349	0.8743409152313116	0.2596022205156799	2.2599923133600868	-1.0758979072907313	1.1299695073785592
0.7439063980984028	1.3223871522686093	0.9894982746728791	-1.3456520343586529	-1.051256406002459	1.4315412851014921	-0.6326388126489744	-0.13258934746821574	-1.1783423980554852	0.35421823140242453	-1.2950280359640616	1.2277045405635898	-0.5153702908690637	-0.3357336675533188	1.4835869358042446	1.475734144641753	-0.4947910927630692	0.7314988607246216	-1.1835058344110165	-0.1917613315821198	0.13926192975295923	-1.7009134247863473	-1.1791906540578778	2.1919374049547202	-0.974621887611251	-0.4417448285347371	0.9268149929814964	-0.7161265397633263	0.01527516265660183	-0.961691370548153	-1.800472818046681	0.7781275025699057	-0.3659522866237633	0.6574103317922277
0.4268372077765054	1.3777037716686276	0.9660407283603736	-0.808843111975615	-1.1649482308229917	1.2736692459691146	-1.1904278917978952	0.81494666939303	0.1572375975345851	0.8320154949003287	-0.8852668373293778	1.5335889606575621	0.9892900450145897	-0.14617265865261686	2.3613955615150983	1.404419482857601	-1.7551624974623568	1.5091418022031133	-0.8818098359981671	0.029270498727167905	-0.9511062417662661	-1.011532495103713	0.01534775224515579	0.5080072751676528	-0.5804436927439162	-1.0067414814626836	1.2351045164474201	-0.45815919038426306	-0.2343627425048968	-1.187689961332597	-0.6777905861167507	-0.7849874355674258	1.5774031005012346	0.9870505136970089
0.5782388256176996	0.6591631602764831	-0.4603808892434372	-0.2371727064467538	-1.579698566743547	0.5511670482077545	-1.4566265373504756	0.8881076541652198	-0.8619363118117517	0.8348475737782459	-1.425636825195422	1.1115408331388286	-0.066278502655452	-0.16627325624036987	2.3646826557397143	1.312405942048529	-1.2604778513018933	-0.5792860171021678	-0.5942052506116685	0.061395981693185525	0.39822745281975175	-0.9863461326902196	0.3869462900145637	-1.2991808497118593	-0.9703188369549478	-0.820594784544708	1.266797193707604	-0.3053389438457295	-0.5881686542817283	-1.2849656075889533	0.2346902476536384	-1.3711304344138575	1.6247485593497855	0.5849037466852004
-0.2074479182611644	-1.1084960557626937	-0.34889318062057734	-0.5037916043906921	-0.48884318032604485	0.8663934273983833	0.21368172979482766	1.8828345635881485	-0.9482473782306661	0.21353904955368028	-0.6075901967364383	1.1253929102394908	0.13096758343106718	-0.4552385440629279	0.6484754150106276	1.5839179985058283	0.2213244763315708	0.5353127724525785	-0.5462447625328283	0.09590488577131416	1.431543528627249	-0.9426763931844425	-1.9887704422340828	-1.3945768555684692	0.20782058270537074	-0.292151138845916	1.1057934042875885	-0.6375912076860559	-0.6787974892481197	0.1005769827278051	0.812584021920991	-0.3812473613121668	0.7026894548581859	-0.8515754630430565
-0.6349157122996794	0.035677747154827646	-0.5658550785125651	-0.32856335228712336	0.9707906294471289	-0.26568267518163907	1.7074031051939769	1.9639893559662933	-1.0520425766347128	-0.07611258187321736	0.3275622120375431	0.015171058172420105	-0.8852155837872066	1.7330624055557138	0.3286543637558986	1.7355665959675166	1.1838225437849723	1.229637913012072	-0.4556037791265441	0.41217715941031313	2.0912846328420667	-0.29524391531827326	-1.9147654282584285	-1.240678629204619	0.3145851345262844	0.9685385062385689	0.6044312356651357	0.03060311063437837	-1.1657826419312636	1.119872975657191	0.28174066623500726	0.03614135674266507	1.406726054005212	-0.8078782494953919
-0.1773752047662863	0.3784122463764466	0.8546574941115724	-0.3565616448710557	1.4706506516500868	-0.12747925904441396	2.3245606508502044	-1.006114564757221	-0.17258807530859518	-0.2531302957952016	0.17646029379043363	0.5202836555321539	-0.7298789669571895	-0.531919449448232	1.1627153071197909	1.6649938409798004	1.3835911497192124	-1.6909651831117878	-0.027003612805587506	0.7467321953004741	1.0403709776460526	-0.23371437306630968	-1.4838657340271253	-0.3014443902794914	0.20909426339649648	1.48408946022178	0.7038585492865391	-0.11599525791097325	-0.8761674116729188	1.5284769313109505	0.3884807378174917	1.2555453393141396	0.27512134977228075	0.5103542022614055
1.22656826920995	-0.21562553679775376	-0.21313478204898312	-1.073358813560944	0.43254261254462506	0.6693479334251318	1.334563179804963	-0.7543545404728927	1.3771127989162675	1.3805997400453582	0.027256361226025913	0.5727993500774509	-0.2544908245214746	0.15217630660633447	0.08302709337904386	1.4764134118318413	0.652527430024479	-0.4153024259283104	-0.10659609454876123	1.3193907222459693	-0.24787315803073182	-1.0107980784257045	-1.5620668322874136	1.920629779844669	0.48961574109474726	0.38621505380719073	1.065399374571128	0.3284988928764188	-0.6653553032092663	-1.800130463689124	0.4475035673464646	-0.48807030464872014	-0.7546650695097464	1.3056058952031615
0.534778081906178	-1.6126485006769962	0.0983159845182565	-0.71343057532934	-0.2906934637469016	0.15610762061343547	-0.3993859315113305	-1.2961890369792095	1.1656103895085042	-0.7354486593081642	-0.3552524939103274	0.7933432581405964	1.3281294558412657	-0.6147204319729813	-0.2023245753690447	1.419327250941026	-0.030966385976349653	0.35912021676491407	-0.5717389526733953	1.5304549161500591	-0.34165317374391296	-0.7142197243567329	1.429531244236112	0.44241441430431455	0.2572415644899412	-0.6702681256662872	1.3060413053562054	-0.01619927728300588	-0.3290592180636029	-0.4528160061472263	1.323608951374289	-2.6735449808798792	1.1162674585016463	-0.17791633678612856
1.0606365505883	-2.2449069853332535	0.4511231825655751	0.02007206270554764	-0.7187756175166888	0.35380664137018597	-1.0980707691245892	0.03676540149347677	-0.602341749692827	-0.3893170836294722	-0.5112614638630042	1.0908015667070814	0.3121330336918509	-1.5346872311556659	-0.5674486774027204	1.3836948159506002	0.7894861721825963	-0.6636079172641914	0.6224827040304233	1.9015522217629393	-0.6586172597200195	-1.1024717614251909	1.1271230928510583	-1.388509132263954	-0.039768089348768854	-0.8288091647830246	1.0139499938982293	-0.2804271682942342	-0.17596706091603642	0.8809463192759227	0.9273902240306579	-0.3738135086907162	-0.011317249233184754	-0.5403614000507088
0.8971343951100595	-0.9988176091195955	0.6193992725291372	-0.6593621922353066	-1.0063564829464398	1.324453621054503	-1.446164669944204	0.2795725521839989	-0.8560727151592067	2.0027344602111397	0.3561891939624218	0.31990214566272296	0.8920997051712487	-1.4139995340424087	-0.4240024594595421	1.2955924244600145	1.321371877494454	0.5235637006167185	0.23195960699304943	1.0902896965002515	-0.9770300989073526	-0.5398663240385653	-1.5414030000108871	-1.2145253732933494	0.6505782743668556	-0.7035298018274303	1.2224372293822883	-0.6818379055590866	-0.00605599302208082	0.22127584050851515	1.2088643004168924	-0.49188533501469517	-0.8152492806581882	-0.6843449969711721
-0.27620244862513466	0.0219728738127767	1.0234090015843909	0.042112255084958056	-1.235562740946188	1.1655374114347	-1.2931188809105012	-1.572192227198716	-0.37925128308790235	-1.02548733806378	0.022053544768849166	1.207872887697519	1.3289220060560385	-0.21247081874517756	-0.11261997058878206	1.467879552283724	1.3716416850886968	-0.8527042598179558	0.327886248317665	0.5897409332845219	0.6081360566914225	-0.14964934996844467	-1.165448978281926	-1.1098437281473208	-0.5583758033508308	-0.7343616414393676	1.207662168162833	-0.006800701317341906	0.6258655888892398	-1.2046148187271644	1.1110303923987017	-0.7712539801440721	-0.6025451844552684	-1.43669518188133
-0.2887726548075655	0.5601129037997115	-0.08836974613104134	-0.40598199164111226	-0.14537354364988966	0.285416670293079	0.2365536550133667	1.0401189431655697	0.04568773902366738	-0.6516315276184967	0.32232545076555763	0.9276203808760867	-0.4504140085615176	-0.5922425927006042	-1.3995908794713765	1.3394733707648994	-1.0765805325788094	-0.9142496942543938	0.2160723278927573	1.4534970879535118	1.2329607262739057	-0.9253614409687914	-2.0081064619325697	-0.6574200747664077	-0.4747919526249396	-0.2834926674502413	1.2143801608158948	-0.4799914572831848	-0.09231376994176485	-1.0907922147885687	-1.3294752661242966	1.039310496739886	-0.9764628436941217	1.4242511640154891
-0.6001167536693135	-0.023076617524076328	-0.5846111012937567	0.23904587887546175	1.16788892919405	-0.9590350589488266	1.9244783740243994	0.7679004512137131	0.5479211280020704	-0.3036220760908786	1.0189581752848913	1.0540030787868262	-0.6348013812638112	-0.5704077428751066	-1.5738090284654702	1.3780192733852317	-1.2787296560148784	0.17432674061589698	-0.904359259684536	0.27440018824111373	0.23981580522623816	0.23053719620215196	-0.2868689689934559	-0.6603292968168021	-0.3140911875791318	-0.25680798109821507	0.8252924475312524	-0.3096618458149484	-0.4136630144418829	-0.5917438922313333	0.8584502234852422	-0.9051578426209519	2.453310795952014	0.16417448818806335
-0.6236640292561108	0.09482557964123073	0.3471863955587377	0.20714269984371428	1.0007788410373881	-0.6436584556211014	2.717047013298772	0.018836600181506874	-1.1299976959943576	-0.7467650641628818	-0.14231332708326797	1.1623440857610794	-0.49914293627737066	-1.4873255900939493	-1.2911320406699678	1.3127852703138787	0.05984589825792854	0.7337078183394322	-0.7570786002911045	0.14384292526989684	-1.077757533965119	0.625882462387318	0.18288273053988383	-1.0793189181883658	-0.2895726394389486	0.0888323571944583	0.8201252257213686	-0.8325851482349772	0.005875513512542481	0.4784735483641211	1.0937908053653354	-0.15150636591813557	0.47453184001607546	-0.8476760399813716
1.1062730848738658	0.051066152809676656	-0.051820085204277895	0.3171404649604481	0.8957352493399854	0.27017647051518534	1.9672571153970762	-0.5553374435620405	-1.3055008954474507	-0.5868352174427325	-1.6535384014725596	0.7316084258669957	-1.1124017440089198	-0.5679894115853775	-0.7796782458800682	1.1730551225096015	0.7111153849444765	-1.4026793596637768	-0.6625485329539151	0.14359141786010843	0.9771396842669184	0.21732378804445865	-0.7182171052008013	-1.7923897432064126	-0.8032365453059435	-0.6453576992426152	0.7922978984389311	-0.7791706673681003	0.25793131546641807	-1.3789948890046608	0.5433898555206849	0.9730918078892622	1.1722024390886916	0.10801337826353628
0.20189097630068825	-0.8468656960641914	0.4264145389114531	-0.24680913132491095	1.8991133527467292	0.9675837853395844	1.0109975221501215	0.4641367917520501	0.7199040523357589	0.5938767430910933	0.14065841530433354	0.5247248736548114	0.26557098096700305	-0.16330516054568772	-1.1988031496343126	0.9496106725903357	-0.3442390862285366	-0.20599398497231117	0.42055497503372713	0.7867081282856933	0.19402892056770102	-0.13982730481779093	-2.3532034041020427	-0.6252658064549611	1.0718265790726111	-0.8552559320952927	1.199237228084475	0.12002566353909087	-0.2649592228952972	-1.2848988860799866	-0.7925176040437925	1.0471524552096936	0.5195009887952964	1.6536004941722333
-0.49008867611583623	-1.018414484901812	-0.2985317923971979	-0.11199723874062466	2.1882523512719856	0.26067305735968505	0.2274514720377038	0.35401374241780137	-0.39019772840006245	0.3177160203886104	0.44883545948913134	0.7827620618995779	0.30407739439075376	-0.6074775183052185	-1.0777561530585351	1.0185016373543232	-1.0128185672392547	0.5047428399502288	0.03582876627313585	0.5847282586731554	-0.3606112896716984	0.2070512315974224	0.623241385717529	-0.37447337531011793	1.210651201884293	-0.5500377725952583	1.537190423868848	-0.5199501182467536	0.006238752025215104	-0.8473164349246034	0.9610284124916745	-1.3345203053221846	0.9299545346693608	0.9078571770099856
-0.17425494693009275	-1.1880752720642922	-0.5903114947092589	-0.30131400731347924	2.7367010126612574	0.3335579365076352	-0.09726713283217439	0.23889284782750916	-1.4962514667136408	0.28505419863326303	-0.3755928771915382	1.0253982104561015	-0.3565796800708274	-1.4007208113781937	-1.3177914778551478	1.251892448090311	0.3744176079981686	0.8453361013514716	0.5651336815364174	0.5193479141099602	-2.0238423042993867	0.792455951907675	0.5557676809618516	-1.0361294697548262	1.552252303715051	0.22101375957640262	1.0397655499319343	-0.43927881408789526	0.05615808025735839	0.5572725573512786	1.1643207919214817	-0.2291719758456681	0.3005470101284211	-0.927675356829734
-0.947398086941016	-0.337373256989497	0.7738295536785903	0.1400662893112819	1.4264992623134363	0.7626347634706682	-0.41556238141548985	-0.3505965360141507	-1.185858610969162	-0.07760973371003066	-0.9082304650511047	0.9082923680860385	0.14701099912734658	-0.849916245623718	-0.6414317047817084	1.400556525803447	1.6097230535950642	-0.2782677357515356	0.5736319127439431	0.09306853334776645	-1.4926523524909956	1.561409702902135	-0.9221001320258753	-0.4531514354974725	1.5060136254170178	0.5565093387364459	0.8034585744153813	-0.6360629283741934	0.924592103330046	-0.45662354345232814	1.2288535235262878	-0.031814509190373166	-1.022651095884603	-1.326721126449217
0.2620777595587683	0.11885234222532873	-1.181425353093453	-0.5081937578380175	0.6544604190975182	0.9886547820003326	-0.5603860247587966	-0.03623486291026352	-0.746794106286359	-1.4965172039755568	-1.9196290217997918	0.7266241206269226	-0.9973081691749303	-0.45012390827513626	-1.31699922828855	1.2221589493509426	0.09050669832750174	-0.8421768330040386	1.1451171655300376	0.34766188986984037	0.3745368025712186	0.9717367488007981	-1.5625609124690887	0.8252220129921406	1.2623223962849985	-0.008282299177776755	0.6191668707699318	0.18875631506590082	0.1979692314756786	-0.6921901313356823	-1.8931143892967963	0.5564696816225028	-0.15838266273642387	-0.5256050385034708
-0.23433088753051193	-0.38060317479689193	-1.3804840330490462	-0.011138192413686354	0.501052749907226	-0.4825164980830856	-0.15239200464355362	1.9751031602470503	1.0656777519261105	0.1609855417534968	-0.6693467060167517	0.972707194622604	0.4384194452122469	0.10676019488365895	-1.4335512350692616	1.1914195354302621	-1.2958257351143305	0.9983124947194175	1.2554666619886963	1.1851441941200709	0.039399559422501826	1.3444838235953522	-0.0602635208932474	1.314319453987185	0.33376419451818334	0.19740346887516078	-0.31664033139528425	0.43591856829177084	-0.4516311941416136	-1.3025924191015386	-0.1637431234998705	0.25527813685868683	1.2429442509358737	1.3564102129994058
-0.27889256458258943	0.09608343101276724	1.4464264839263874	0.09995070119822606	0.12565161893469698	-0.9972184530147752	0.15021312800664469	1.7510729102556426	0.5141091522721958	-0.2786601570601809	-0.0477403155029786	0.9022740563223922	0.1359401695555964	-0.2686982400417449	-1.7463059611333294	1.2913474428427671	-0.732274478184187	1.3627267861828585	0.9681194621568217	1.230786076044561	-0.7930535169861649	1.6848083723835996	1.1803646630977909	0.5487546682237887	-0.07273507481473643	0.06577405033770962	-0.7024672591640656	-0.12463397797234191	-0.5067294998916644	-1.1718731514912903	1.332994078547705	-1.0771328844556018	0.1984081230130613	-0.8511941129893993
1.216592193614634	0.6611567211421338	-0.34979539516650426	0.38656006893482087	0.39313941098534494	-0.21397175138977786	-0.313494009941175	0.5498990361842051	-0.3943616757295798	-0.8142234162359792	0.036461819871302516	0.686449905430019	-0.735838774336452	0.18702066402320747	-1.670080448164926	1.3622157866930098	0.7681549901260518	-0.04588371855957032	0.4551453593158196	0.149363867404722	0.43702862571173134	1.949494497840751	0.7730349903219397	0.2646432722274124	-0.7027043587666034	0.11890793962059737	-0.27331667763477996	-0.3766050148615027	-0.3977246886278236	-1.7671868198522886	-0.4701281409758047	-0.5821450244684158	-0.1385002001480596	-0.47877732200014617
0.25624113956313455	1.089992258689035	-0.01989050717898945	-0.3495447345990807	0.9127784938127066	-0.21823864126275638	0.378602889506784	-0.32891714154053997	1.1521259427029684	0.1789761893239709	0.7855199952533795	0.7741040908647296	0.46737252528743867	-0.23911721004252107	-1.1886500266789353	1.1108932006660632	-0.17958490746379346	0.5670553111152579	1.1402706706555117	-0.37206718674384776	1.4754007599114853	0.5916542398635029	-1.0183059038875537	0.6439481435723181	0.08485009983656065	-0.7106726608285105	-0.05284103912460029	0.6971730042930412	0.852561081408092	-0.15841474188580645	-1.9851317187394493	0.604684397644971	0.22999264107770914	-2.2044872260981765
-0.5522143156343208	0.032759771392211645	1.547188905704015	0.316093434397826	0.18426551842341524	-0.3724982322716094	0.9163726752595279	0.27882004871787275	1.1502545986164483	1.241170492648079	0.24832097123374572	1.1348962446277933	0.9575189557212865	0.04399840591505701	-0.9413673744425874	1.0930062396913838	-1.0170509133810706	-0.14491334197069286	0.4630997864851076	-0.638869851270345	1.205944647119745	-0.5742988742109209	0.8421448631053778	0.7746272427025906	-0.404088735322332	-0.8815641806229462	0.28624653946440237	-0.09238518391049187	1.1632277831511582	0.3275601581830526	-1.7805144792798713	-1.3825022057844605	0.547221318291626	-1.9388163150701219
0.9883205885349322	-0.5708846410693009	0.2959404422829608	-0.16945067018488233	-0.17058660536883702	0.07928969861950226	0.5333073967123371	0.668546218963496	-0.26247056394539403	-0.2035807479083191	0.3545619992394774	0.5074813775189246	-0.5901383362555617	0.7186273056561505	-1.5252779637172496	0.7841401899704292	-1.4589289913469499	-0.8492965758204596	0.4891505794142345	-0.36809581867590174	-0.49224026395385967	-1.0404964152861693	0.5669860099307853	0.3777078768078272	-0.5448778784122376	-1.0774874999623172	0.395876823623723	0.11187279545527148	1.9242053456521717	0.7149023176983093	0.030179843072156022	-0.6315770528496902	-0.5752725685177055	-0.5350018171890554
0.49736996187197663	-0.5716350745579148	0.2546758310034085	-0.015484935273197978	0.694178615074337	0.4152472656379765	0.7561165966035631	-0.6634264431911202	-0.3648423847916096	1.0260961088800111	0.9662338988591035	0.149031304231378	0.7564334884195288	1.4108465210776373	-1.268532359962355	0.6555256551692837	-0.15388295219532766	-0.17558484395574805	0.5949450606586922	-0.5008721341913996	-1.9144163313534885	-0.42015044043500077	0.31831730528437074	0.4225011619239647	-0.38183045852304526	-1.3178249163700309	0.6860287955145045	0.22675760635863806	1.7256119831813104	0.819101263304233	0.137585421251665	0.793081955888456	0.439973559562622	0.26752272550604644
0.8725447476512197	-0.30568552269233734	-0.17027331018896683	0.4405830514334537	-0.0012227884949407698	1.2586486049678265	0.27822557978738655	-0.7576139903051248	-0.9137822218374303	1.4101162290555092	0.8275743728372177	1.054176732147182	-0.042029599660614064	1.8773665643541666	-1.5981194320870893	1.046142115758861	0.19725665019325186	-0.9638654356458657	0.8965407725723721	-0.78253106245072	-1.7164338232045737	-0.2590596404471667	0.4185675184965768	-0.5229798084673015	-1.2873016712217273	-1.1152847580902634	0.5462420641662283	-0.475495765672511	-1.1705828756578536	0.9137896698304586	0.11205661191818415	0.4682914152922607	0.5263572277682602	0.22268365313660324
0.6636507709481366	0.18437312245556547	-0.0588968125600553	-0.27112696570698896	0.5953369643020915	0.981889072104054	0.5691698100345415	-0.3408208842743859	-0.06669509136406669	1.8753616540738185	0.9875857739638831	0.34018176935539246	0.8270537132628369	-1.4721968569744202	-0.9099494421291169	0.6671994643914397	0.8033595990943548	0.4913530933733735	0.6488607176732509	-0.851187056109394	-2.002150864420473	-0.5187492279279725	-0.8487450513576241	-0.4309828755647301	-0.5072043852065495	-1.1999139326596553	0.6239636956471355	-0.5444496634157816	-0.2880634442668265	0.8454312038586713	0.8691709932796927	0.12017383100693668	-1.0318618845908358	0.588342892379226
0.6426176190526803	0.930144946514474	0.3737697512963882	0.41681473302029987	0.28964404062265076	-0.017837332879642377	0.9070016365819871	-0.32108467415557207	-0.4597047920863814	0.2381221858798428	1.2724535262398493	1.1054622925217605	0.44001331395222115	-0.8823183499418042	-1.3824877253203502	0.7459000326629668	0.828088767218798	0.096762597743079	0.1479312561131689	-0.7149911399932831	-1.166459727613037	-0.019963800914336697	0.5631331632165436	-1.2697018030490093	-0.39245334752973393	-0.6941738888970712	0.5456484089980438	-0.9704664630604573	0.4370875368908431	-0.7489424959862807	1.3103195859198538	0.0419728306000843	1.02527535986225	-0.6950532914061746
0.08527598485995296	1.2872767486508787	0.061476479177072066	-0.2881874574717102	1.199933070147281	-0.4677282573828856	1.9806775019598235	-1.0849843547513793	-1.122714228951357	1.2599799529639626	0.5689386464536048	-0.39269127111612223	0.6531029600257582	0.22824690459138366	-1.5339716451167777	0.6714317390277673	0.4118895842570757	0.497426789304293	0.18469586694570558	-0.2732366857696305	-1.436549342268048	-0.0695773757975381	-0.8236143153280431	-0.657205298486215	0.9189844111313173	-0.034049285702287935	0.9140324132363232	-0.9660118882632326	-0.4136587866032615	-1.118879432110046	-1.7533273085907402	0.200424167888911	0.20264578406989603	-0.46800546991988046
1.2568050764475467	1.4917765568851855	-0.3977450549371356	-0.1988421553375916	0.34164410245584437	-1.2484293893892242	1.137435331706674	-1.2527565825765226	-0.48201677088118366	-0.2698560498701775	-0.8966162448769871	-0.47058840667017565	0.8562829780775265	0.44031368003043675	-1.2955547597320427	0.9267943887508346	-1.1681588637920142	-0.09855493120385223	0.05223856755977527	0.17709151570532744	-0.18826699128101398	-0.4055337788075521	-0.634929268856311	-0.13398548877095454	0.5323404798603044	-0.547684559613871	-0.2062008953893955	-0.057765037289784354	2.132624080124419	0.7569219910802278	0.32269444138059217	-0.826165319827459	1.294504422981816	-0.22222267726392284
0.10826156050379034	1.1619240141642873	1.34316419540811	-0.04018236623169668	0.06119351876727179	-0.8793967676779082	0.7429715920037963	-0.3011380606047971	1.0142128873185134	-1.3288112029264127	-0.6854474014897753	0.006962702934019001	1.507791631652955	1.880649553251066	-0.9318555180594106	1.0020003412216394	0.3254885179523698	-0.01931499162097271	-0.10440562451891196	-0.37670060165033653	-0.613795492781516	-0.2829676295263138	-0.9713833628123508	-0.02847087933482016	1.2876242429330336	-1.2056834519295179	-0.22402077342590518	0.2672131885817605	-1.3611214629652237	0.8370520419398154	0.18985240077694518	-0.4097191557294904	-0.2096114434974786	-0.6461380380730505
1.527454010474776	1.4349354242099206	0.9372577590241421	-0.13005083734161316	0.3156252483684119	0.06590022762311061	-0.13050453976006318	-0.9691505188002832	0.13740873125928668	-1.1734872120443482	-1.944317309189622	-0.773774680177894	0.35234810203656575	1.05760578321526	-0.6750181279477528	0.6599569522630043	0.9064716702514428	1.1094004678790772	0.31901692685598904	-0.03247900656508445	-0.2551601592265787	0.09823732157639808	0.6071148035649464	-0.31989985177260744	2.0551587896897936	-0.9490229306527649	0.31063207283150995	0.4763143617556952	-1.2957296851713789	1.2827215444715223	0.32534960163157534	1.2045239034694648	1.3461339173092621	-0.6417222731123697
0.6081873121575424	1.4403921152387145	0.6995057941321807	-0.07582940108675494	0.8144199696775264	1.1113920033496674	-0.5663061847729433	0.8181055449706923	-0.7926549300492308	-0.6717516919785443	-2.094719472168143	-1.0214218068137748	1.5206522563641163	2.1193172975980348	-0.3719327010537765	0.5072638114607524	1.5697204694695663	1.2019004801359856	0.9090203867256671	0.15288998510064414	-1.7218271358675805	-0.003358634799157001	0.6659932491753071	-0.6091759648521659	1.5650053009645324	-0.8228726660186463	0.6820555426588163	0.17322635525720856	0.44743174771177113	0.8578931470109391	0.08694845369081282	0.8880040278296055	0.2790211956613159	-0.4886026251789536
2.0686603877078107	0.8722258326933024	0.5569521004333529	0.27278818310114283	0.937923292371172	1.5036798365411481	-1.4176217587003743	1.5705139361750697	-0.9380945395048427	0.6677707142764391	-0.9085923315657621	-0.2997938015993906	0.3574505640713195	2.02531680286458	-0.6445447083046338	0.5454449250016625	0.5711476606893486	-1.6150269734720268	1.6835947760825452	-0.18898304169912172	-1.1714127013729916	0.10871203350943959	-0.32502752202614144	-0.8799897392060643	0.3790157284144439	-0.6868885201246319	0.39925322744164266	0.7927342009365983	-1.3517827179154531	0.7841370792501292	0.23015433095058074	-0.3158756659521332	1.2325919983129496	-1.5498003742827813
1.902071706634659	0.0045794892020031746	0.07036945492186436	-0.2767521241114904	1.019993262058974	1.7269294073744674	-0.9550318264896674	2.8296965447212545	0.9209492833050829	0.4717848198672614	1.0193544528733542	-2.4178938365079716	1.8302719541688155	-0.29477191397073893	0.48578505840245934	0.17795381107243738	0.9139797511244532	-0.7680364170133438	-0.5324616811595633	-0.07130188448311568	0.17379560134638053	1.0180515879127314	-1.6231110822894381	0.5857433581282672	0.5495093421896223	-0.7056858929194627	1.0840453516764617	0.7584674158503407	-1.38878224783568	1.3242805457897742	0.3587520922555825	-0.606870308333711	-0.12068917297345316	-0.7235317182978833
0.7399343155052966	-0.15588976970736432	-0.18582887460330758	-0.051857245544461784	0.6855309127206595	0.937070139792581	-0.8975683577111487	2.160616345724766	0.1287531822634157	-1.8511614310521747	2.0462987929896026	-1.974582133496091	1.9744137144874383	-0.26183075220424	0.4505626824772326	0.39188006081425875	1.2658893836216514	-0.18955784730564765	-1.0110642317904672	0.13023748834942842	0.6685242944637676	2.047775726831689	0.6286008394001927	1.4899133545577015	0.5258763352189949	-0.5600113344421627	1.2346529777636324	0.04615787055622971	-1.314837525025076	1.4504887887037372	0.17075970782132346	0.40431927184965544	0.5458779996266888	-0.27860169975543825
2.0630431001728553	0.5558588193133089	-0.10449798542321521	-0.09385887262399038	0.8133029146871562	0.9553035098367763	-1.2103327786268547	1.448713516474548	-1.2458756742311152	0.36943936243377745	2.5950482631437173	-1.5835327522462694	0.3827299300294412	-1.4513932873425266	0.03775879590985855	0.16069368177899784	1.20921151636334	-0.40660836146757934	-0.2126582061712183	-0.10868069680544992	0.563689342849837	2.113815528919529	1.434058404093543	1.2677335437990431	0.03613187919740866	-0.3085781194330401	1.0135113070524138	-0.25082959227259183	-0.15589023461748613	0.658105726830926	0.8299274744078915	1.1685009587043649	0.8592755644378931	-0.5186319580938827
1.4666183804900625	0.9895716184459395	0.1597838292307912	-0.2699884671841339	0.5881203468765622	1.6665935343821325	-0.8357085510333497	-0.5807868474084165	-0.2704912846970543	-0.4750512115888925	2.8617023595851543	-2.355230219796784	1.8202561000197295	-0.39646039330145233	0.3095381233392391	0.1316289279886227	1.1943295264110068	0.1396008650993316	-0.7694556542114482	-0.3975490197493368	1.0090212541805768	2.268442077345105	0.3206577175784026	1.7392673667929668	-0.2891512431144007	-0.1316989612209455	1.2503671505343938	-0.12163300306987185	-0.1332623871864758	-1.332675785816708	1.291504064605203	-0.15352865182412034	0.05041805951347437	-0.5532052059628302
0.8825647629311328	0.46479903003614753	0.29487294384657103	0.3305187563106298	0.7596200620428055	0.6438645105579508	-0.7841758706934763	-1.5657272297929334	-0.2775894191176003	-0.6683865939125967	1.3653436973547821	-0.5486333831128918	1.7008920077277756	0.24972430723819083	-0.7500338891466616	0.33515012168379793	0.4967615049237618	-0.8341274547500613	0.6757042419430779	-0.34898287116423243	1.704765714201626	0.8127771880915453	1.3645018006176926	1.2867062632872202	-0.876957629054987	-0.28874101408540864	0.7802673873397505	0.41949403933426826	-0.5671804537066846	-1.5208256953694022	-1.0368985824581995	-1.4746889148706626	-0.7983448928682536	0.10057497628680655
2.1387992682966748	0.08156668544573528	0.7010959148093973	-0.35867396953706665	0.6048325556350438	1.6372213794659658	-0.676271566303487	0.5550158201938418	0.3687648282979495	-0.5978052061958872	0.704894678182304	-2.2922343518022514	1.3045249628193436	-0.6292367058565064	0.6499393206950301	-0.298498755538415	-1.377630916165468	0.9895166401850702	-0.33069267619059	-0.16355110374303342	1.6338385090588403	0.4160566801331725	0.21860042386072187	-0.07093334302987912	-0.42201837659182445	-0.33851669663071515	1.346095721684779	-0.1353977170465055	0.8701571836897463	-0.13484907672798493	-1.885958790130793	0.09692070312903388	-0.5580694316099793	-2.0248766244239302
1.8142757490498918	-0.1743874158196349	0.2602266581894367	-0.1036037350414129	0.963273773033172	1.269900591959542	-0.009797347661496045	-0.5217761900585106	0.7486211479360314	0.3855005171399204	0.37808582131187973	-2.2654312508254155	2.3799363375001112	-0.07909200806140432	0.8202764326974686	-0.003564645503401214	-2.0470836564179895	0.14545592902027327	-1.444505343092344	-0.2215517544910134	1.015157072911795	0.9691549378810045	0.5600492840251529	-0.2442898321995153	-0.8227546758401497	-0.4815927099878583	1.548351587769671	-0.18619418621373204	1.740025548513134	0.5671864388150328	-0.7199857048993679	-0.8534321601335478	0.35836879980869224	-1.8948493515597862
2.1297040645886547	-1.1120992398459268	-0.08286327888957246	0.36235831792705964	0.7156081981413659	1.0324856349245262	-0.19079769039207883	-1.3016604313319946	-0.03309572329945297	2.0572424243710516	-0.9077398287709398	-1.2969951017617893	1.6703595578859123	2.018694675084091	-0.2490187550372673	0.3207407812853914	-1.1491792122163396	-2.3196981790709703	-0.3279908725234123	-0.27519971856607794	1.6761877593453243	0.2991373409145493	0.4125418527934375	0.1242894035963745	-0.4345263346552441	-0.18818292823706176	1.2049286014497824	0.20012039588880146	-0.7029933047969155	0.5903423746579554	0.5052492591511677	-0.07654375810617851	0.20317881628742893	-1.1248581533278579
2.122800996451242	-0.2928574878929505	-0.21288949641839425	-0.3622105542999198	1.2640502229471977	1.1656139004977617	0.5181393260467992	0.5566160724596609	1.5360184068750684	0.04462050938633441	-0.19462054255122474	-2.717881973028726	2.1439745453608126	-0.7844056296213298	0.5936252597958461	-0.029795054235019464	-0.008724711458875925	0.4934474003959113	-1.95243780272822	-0.43789539103194464	1.282248531335262	0.38548906852644454	-0.6039474297788537	0.29250060883636875	0.3768582976267585	-0.11020180010069275	1.2926029356638726	0.09278220836216856	-1.2945699159665052	1.0562626630189385	0.819762829556293	0.24646133830131126	-1.7548776810193005	0.4384766834365691
1.1161575971005802	0.08456730055628102	-0.35085056169912104	0.11805742091729543	1.0156060438970966	1.4146372727079632	0.12346602531281232	-0.6382204850470479	0.8701583673761817	-2.6661704451965327	-1.477056161814242	-1.9456000774205064	2.612255510814565	-0.43715357915961117	0.20089233138214854	0.07976016137394001	0.5951351909283843	0.14175536298918742	-0.7922269897430374	-0.05058852585482495	0.784484977213273	0.4841083900011167	1.7919807232432086	-0.7161169186050341	-0.23305346446263125	0.2529292280267574	1.4830936374710264	0.1771749203949294	-1.2304080529392423	1.0420061181999367	0.5292952137353628	1.1664885246962144	-0.14071359343715306	0.9658718360456842
1.873895979685266	1.0034202256993288	0.3284145795638957	-0.572139152549289	1.6470335997523222	1.787059681635182	0.301510406527174	1.6604379583311928	0.010342448138137141	1.0816817029577954	-1.7136443888126285	-2.098995000470217	1.3500040761685221	-1.482794719178261	0.1058312075918365	0.21657346419977658	0.21398595712787982	-0.43983681339728065	0.03053071238509357	-0.16885081896934728	0.4404132807908862	-0.2831634301672333	0.5526656623239335	-1.0633899850993405	-0.9315903578127525	0.6392430321131576	1.113390126345507	0.05712541477534007	-0.12424478653043795	-0.09481808423208417	1.0877260143362617	0.5797527060652126	-1.614519078239078	0.5825683876709518
1.2262993069159176	0.6775665833966388	-0.02087416717594283	-0.4483137418746715	1.8286984157474777	1.6095189152070966	0.8118961662031582	-0.07146326839190881	2.0482741586772044	-0.2532814082312232	-0.880986587459905	-1.7264308756005122	2.056315098388573	-0.04291280774488015	0.27430047715600425	0.3892942292182241	0.33109591239769737	0.23304950974811295	-0.5276287543211902	-0.40431730586209463	0.4603700780405423	-0.17796540708120653	0.5820575678347918	-0.33434520922569677	-0.5647577999219605	0.6808993214374089	1.2997633787774245	0.29815524456861503	-0.5491812766546569	-1.8153544673017836	0.23290402806266497	-0.2830128766451099	0.5896816300189143	1.1931303777440125
-2.8516220103201304	0.23643038144118214	-0.17236284597584053	-0.3409401494757313	1.8114124533969	-0.6057154869760201	-0.15668861196642925	1.4510274373471745	1.0763770997942046	-0.04721025492399797	-1.2340936126085427	-0.4344839058805468	2.3991551808972322	0.23018304804561465	-0.08593608807618294	0.559960614422467	-0.12916575610339415	-0.8170827833307148	0.1658329146741581	0.30441400051883477	0.3218477983477134	-0.9158156520779678	1.7232331470968476	-1.0443006825360934	-0.820930896966625	2.3717120733329895	1.1146599148104888	0.2699540149183908	-0.06694064941901963	-1.6132411132731839	-0.7493683501185494	-1.1654204033296718	-0.5291451999208502	1.2126441951049725
0.25654092750173807	1.5168196252673485	4.8652464795701515	-0.20487948189650412	2.2103334292261803	0.19022166120901218	0.7498555763062871	2.4065019755972936	-0.06061461987243728	-1.9935943447203457	-0.40088335906920225	0.6625615280979852	-0.7691367849627005	0.10423318729903022	0.40019838194833407	0.9404682369238042	-1.361213266310222	1.8840570473179026	0.5900344380672375	0.12438176619412378	-0.3475241594069641	-0.9983859820393263	0.6960124716713499	-0.7904310405476772	-0.189572311839184	5.247911368402554	-1.1743516604220228	0.37673205900012185	1.7114709541725117	0.7030165862440887	-0.7203403159569243	-0.9964776483927593	-0.4962327641745637	-0.33064774019287246
1.7483344452093736	1.14134542706651	1.1108608801879172	-0.9911457645153938	0.6951488025218581	1.2892125278298403	1.004967438220113	-0.9737170106073433	0.9370318877517199	0.05216867241049602	-0.8080793858954025	0.9173643405957034	-0.730829625002516	-0.24233717882246172	1.5700309248577173	1.1469445298245478	-1.826121111969168	-2.275588661046181	-0.07776798421619523	0.38751924706783675	-0.9856281336157251	-1.0309195400504338	-0.8517103812451505	0.06893147030942322	-0.04738553688029414	5.123950677891849	0.6458148806567853	0.2748042642849421	-1.3319980605728794	0.9872442320583841	0.6280525835503924	-1.8596456272263115	-0.6144968497210326	-1.810357886561843
1.6068452549200383	-0.3552305576062937	-2.9373754163477765	-0.611305510532394	-2.007368117191864	0.20553564140928687	0.5100213839298041	-0.942836741596005	2.0378797436458242	-0.05412425310160607	-1.685966473253069	-1.5402580968851156	1.6793337837841786	-0.9660827576674577	0.619807248381817	0.5236579233560322	1.3243725202767718	0.5150284028906458	-1.2072403264010174	-0.3984949267287895	-2.1740683333872433	-0.6409036859321521	0.1473873447018592	-0.29139514626770563	0.6445032008700605	2.525426475700713	0.5899011538817042	-0.3236711004660529	-0.8036475593458329	0.5754810633375448	1.0352670516594944	-0.9606047442776723	2.7033489220117466	-1.5781694191790594
0.9112592007486124	-0.07944549132921278	-0.9569152919679744	-0.5567554990252406	-1.8943022806337282	-2.2299955012561394	0.427768994696731	1.4518766616226413	-0.0054834416358895775	2.0571101830004643	-0.7105929867902091	-1.5162594075398321	0.8363136172773423	-1.536174132957318	0.13216780819240292	0.5376773147634734	1.9095106069765564	0.11771324038308587	-1.6373677956335304	-0.21084569348220197	-1.4226126719365793	-0.8604774200676184	1.0602570747233535	-0.5502184628421886	0.48503741649281046	1.5168842244051068	-1.3360309535398907	0.2395407692481636	0.021265756382724	0.48954913566964714	0.9222874802760076	0.7343917775871385	1.3122556842364004	-0.94873413141548
0.07599238588580234	-0.4510251860447344	2.2940370068676033	-0.4375978838818105	-1.6676403502621333	-2.4577085038274396	1.3648866616517015	0.8705540630484607	0.2030825696281339	1.4950614095885313	0.7939339671124889	-1.3409481054107542	1.3049458700956942	0.13898083165958752	-0.8417761643683161	0.721419478527303	1.980090712142311	0.36437448328503974	-1.9697314284095084	-0.2350857634481312	-0.39758476594734465	-0.16428465912469484	0.1187569978414454	0.6832782440955741	0.9626655601981111	1.230284514868276	-0.8159961980649739	-0.050476865212210995	-0.4408217105817435	-1.1101816758166674	-1.6825276531581388	0.024356464671380737	0.034305176240907315	0.3100316159108418
1.6425399743360598	0.28254196158627304	0.15959100084052882	-0.27969431962879066	-2.1614085646778936	-2.146497686225945	0.7312790659432122	-1.5829383705996547	-0.2319140957305327	0.08806280621743667	0.19986796446039765	-1.2610203586790656	0.305247340521547	0.5128236195833039	-1.5157998802427466	0.6295834972552589	-0.6647074061576598	0.5395269559714773	-1.6092968301061716	1.972673852844635	1.522970636158654	-0.14592437881723574	1.1698249141933452	0.20584102983492836	-0.2745223297413828	1.552899930377475	-0.49046944117358626	0.29147558619065916	2.1714363069596323	0.7941160359271198	-0.09577575586423263	-0.789988076972271	0.6406119479686253	1.048189766754406
0.9442344293624073	-0.050664699177817935	-0.3950905602246236	-0.289815645360014	-1.2862548727999723	-1.9569201647001704	0.8827527685841914	-1.7718449861304526	-0.3905699924271474	1.533376008976154	-0.026784590866867693	-1.4904241092055024	1.4581329869302044	0.8163455995747564	-0.7455720847763094	0.42976393595045703	-0.19077682062153223	0.7976238376251558	-1.6499157018238328	0.9122971353871344	-0.7974137532580065	-0.40415120959881157	0.8736842666316671	-0.9642018655990894	-0.8102785846086853	1.1027747900227198	-0.2329328116275376	0.1865472357818974	1.7022569363460376	0.8024564154547615	-0.4771546174687269	0.6838846526083138	0.8733814305730047	0.3220945053069975
0.49602860658338355	-1.471169826140628	0.22327821734221137	0.058883866638738444	-1.8012853092187293	-0.05704828630562905	-0.4070275628004175	-0.04458054488667225	-1.4800408203479167	2.020595528017125	-1.9435732285014875	-0.4163808407052912	1.0469754743478006	1.6871772437303474	-1.974050252846198	0.36796108734586475	-1.3984598610241659	0.29142914259034813	1.4534402998490286	3.336839164302932	1.5080600130450021	-0.14235845240333217	0.060262117295320196	-1.530480449756623	-0.7518069205154623	2.8423927639614948	-2.058162431797907	-0.1292566695663782	0.2650919708550479	0.36159641666741976	0.8479916186403056	0.8190402827885942	0.05989666469708344	0.6662629936714713
-0.23282940575605734	-0.36079391258185256	-1.700849707649463	0.6150887358729196	-1.5805326054301494	1.3447969300176879	0.316087155420109	1.0403835376980368	-0.0029980948043326796	1.3188048386159894	-0.2971376719393424	0.605168569057584	0.7531035401136646	-1.462253485693173	-1.647429939920055	0.6731601929514532	-0.3834594711797637	0.9701866472807168	0.3019512140299289	0.6769644273852808	0.4797765717672699	0.3785537689137002	-1.2090435372422823	-0.39566216997786113	-0.494437353622269	1.2724934596962891	-2.568322432186536	0.16631006254975944	-0.9745584531048531	0.890251357680518	1.026900083969119	-0.013195344978550395	-1.36273193046479	0.05860478215302513
-1.284927896910139	0.4494157785560365	2.8890974665573648	0.8718146979577257	-0.4253354728153586	1.0812246239313692	-0.33826869667081544	0.8691003037652116	0.00426611660823169	0.3414756318895058	1.0806499688644278	-0.14781290691527355	-0.212183072263304	-0.29139075963228056	-1.8525433300337593	0.9476338954041579	0.4655389837069935	0.6207956759673858	-1.0166910048508093	-0.7977875235804075	0.9234404755757347	0.7474750330009714	-0.6269552292312588	-0.14310776160092076	-0.2721267204911733	2.3170964313678177	-2.5798645270949323	1.7220625159062113	-0.18680081781535438	-0.8902339473425003	1.5886808568929045	0.6112846235474227	0.3515914615445259	-2.1922053578623126
-0.39914146282082974	0.21791376387039083	-3.1325120900413843	0.9217136591432185	0.5571386416011122	0.5921366423301846	-0.4274891238530938	-0.035924154344255624	0.3777609380866928	-0.7005875030629295	0.3510056534670726	-1.0946225564991954	-1.2066268522549763	-0.2065144699730754	-0.5422810128552339	1.0690840758846107	0.8339861348110583	-3.050447011395475	-1.2444398788817295	0.18270261408190983	-0.5761061180106654	0.18647791475628755	-0.24536751779550117	0.1048522903011895	-0.18320629633080673	3.852915475530867	-1.013407358414744	1.1538277604760545	0.5769433137530845	-0.12304333030080779	-2.1167419426406515	-0.8545003704251862	0.31173342251775477	1.2600980619184192
0.13302879499609416	-0.8547886005431532	-2.2451256002946223	-0.03826024218989834	-0.31869905298394907	0.02943977979200101	-0.11593832853463001	-0.7242596281604555	3.1499910744314663	-0.8940799575375009	0.4362467462307014	1.1377873852225546	-0.16936326253799958	0.3455245536763038	-0.34870955763610617	0.7073625970815554	-0.03587010739410877	0.20406332800131102	0.10715011352139676	0.6852770248690905	0.017916865267156076	-0.31078446121352177	-0.7627799880236942	0.767585197288089	0.40859190102703785	1.7782038409252559	-1.4713075137572125	2.6608939183345766	0.8074700503874694	-0.20916796913309335	-1.269328881713912	1.7201260949729464	-0.36207843544133633	-2.61788412367199
-1.437580817754579	-0.8263975048095675	-1.0416843863593568	0.8129514498125807	-0.3309981944755883	1.2514757489959556	0.46805837654506993	0.5356857326161087	1.9870015064930242	0.21131390425404317	0.3421477814749796	0.33052574766113973	0.03812363089543122	-0.07229669903052922	0.18485019814341858	0.3534349558023867	-1.742267672886974	-0.1027236966326781	-0.07468654490905824	1.5627271627754613	-1.6775582723781481	-0.828200131754147	1.1435688354743458	0.7374673090008724	0.10047301185706936	0.6451922322022005	-1.594868316595283	1.8684130140721473	-0.5731178178449293	-1.062714745668542	-0.8559660090297424	0.9590782101967434	0.1624686985754781	-2.1881907590958987
-0.12971964834536018	-1.362865913554976	-0.6495286845113023	1.3078374474760968	-0.24602715968184463	1.3656178355834219	0.14801276662742055	1.0660547478868343	0.38170304772031766	-0.11486938301512134	0.6134639318344703	-0.5517371662318593	-1.3047569153914367	-0.4155916979716882	-0.5731926172126838	0.33486423816512617	-0.9678572377726398	-1.5514941460110274	-0.6675588116049472	1.7806117177754486	-1.6261248636443082	-0.8069914869737858	1.1865793316761695	0.8270486467575691	0.39482220667960327	-0.19658832655705227	-1.6392087126015713	1.2429296791358972	-0.4696764392258386	-0.8103104440185879	-1.7003159695886088	0.28569741722471775	-0.4035388303818043	-1.2626079266644354
0.3186659910631974	-0.7896605877777532	-0.46886559596236893	0.6046279471538621	-1.1016072497771958	1.7271804684099248	0.6548148343783213	0.3399315510562294	0.11637596625567496	0.07066600142576882	1.591337757747537	-0.5467687811488786	0.15148312973853834	-0.4864965918074534	1.0187868209011546	-0.6185538989181744	-1.4985177605336109	1.1345692301601884	0.46850461429511436	1.5786444923209635	-1.5591593010565403	0.3045428121646649	-0.6586428408038395	1.9736864615153564	1.7262595570834962	-0.4231922493757525	-1.5713786576537747	0.8895994134910996	-0.18206313750486655	-0.975760970203089	-0.6085091707755136	1.3275197277611062	-0.10205989065637196	-1.1631456794223716
-0.6087362715380176	0.010440089548819392	-0.5039560308238843	1.0180287212534396	-0.616778920328448	1.54688031756118	0.912075689822255	-1.1752735091818198	-1.4327904929961697	-0.9735193962771459	1.5080732905785021	-0.4395225328083241	0.17518761274103128	-0.705455178785363	0.8468519843527219	-0.5295583105498708	-0.8711610649481856	1.652679058356126	-0.021476924061237617	1.608592418279455	-0.2436193489708208	0.2946069117056419	1.3769736301068944	1.4994707678219417	1.748169549537874	-0.6711664327210721	-1.3384257368280978	0.3407781094142319	-0.8084753152722605	0.20374532955315458	1.0880586949402107	-1.272520825289639	0.9565791126282113	-1.4297199061863044
-0.6307750774844431	0.43063077783985687	-0.2805302791438306	1.4596092582826077	0.1221480499966728	1.7207321459408942	0.06276854244456351	-1.942650518741277	-2.1231631215880196	-0.383117877558013	0.9429679987652402	-0.041665720332564306	-0.9383831871247938	-1.567680928441339	0.6090209637644806	-0.16805613079748244	0.4994904689097132	0.26452607094335434	-0.05163310916781437	1.3944092005471247	1.0920542479118016	-0.3591097233323901	1.4994786313979054	0.6709469565878883	0.9820784146487859	-0.39678910169594583	-1.5342822857222715	0.35162643375951136	-0.5155478618308843	1.267644340014795	0.5271913626939266	-0.025813806649497947	-0.6388164120260166	-0.5440523137824341
-0.5785944417907352	1.1128714038099095	-0.5661015974632884	0.3763625708558049	0.058218979389664374	1.4379224248476392	0.12958093616407665	-1.1192680680649114	-1.230624873804143	1.0980161382262084	0.13692254295314285	0.10543849026777168	-0.4945406859475177	-0.5185117129309229	0.8491668009974224	-0.41196089606221903	0.7054416744562432	1.0981558179785293	0.8294574022547977	0.011680457644969954	2.0868491939582023	-1.069677253691486	-0.857850090180745	0.602358218998333	0.6458170894024946	-0.16529459773536248	-1.3487662743535138	1.7083139663670706	0.03539541506074938	-1.6336094789319593	1.213881580457724	-0.3487481213595593	-0.9289253555920024	-0.0384522637468807
-1.0348875044277719	-0.12869598742688146	-0.29895533814299785	0.6199360712992753	1.3868213817290393	0.4673408767864433	0.7588865553430099	-0.6594567301291843	-0.2780396664105203	-0.9705556664109977	0.20626567896418097	0.7279603399569122	-0.8450394842099731	-0.8118629595222081	0.5398859507110648	0.15856740122943835	0.14132194034323797	1.3756505189031258	-0.24249515302567343	-0.0809269577549279	0.6835127800586034	-0.7867531622636225	1.177299081253462	-0.2714096299366379	-0.7650608240410143	0.03497298792272053	-1.2897113323175144	2.175891802369717	0.15906328187515356	-0.7417128795328607	1.3890954422800619	-2.189328370062451	1.1242818173809668	-0.45633861629800765
-1.6269071241459157	-0.15091539635195275	1.0491429343939216	1.0485691642436141	0.5217409056338765	0.5541915747255501	0.5205745320290583	-0.7733098011704952	-0.7431299433363899	-1.1628216355230245	-0.4775301200452902	0.26209080099292564	-0.5302834943449615	-0.26702426272911933	0.0995116141499325	0.2941308637949714	1.559297743152647	0.2815368554642173	-1.2197629427661072	-0.6008705590416636	-0.5017036422262857	-0.8278006442829634	1.0003725818717906	-1.6990024461511126	-1.5601483604102258	0.6192160171806779	-1.298204551447938	1.340547053062232	0.7725859251984545	-1.389130492723212	0.7232367897935997	-1.2338652474033167	-0.9943351412408998	-1.2451165206888732
0.7946438112330919	-0.05546392834749151	0.6444698465951929	0.23394967160696867	-0.738504726006404	-0.5185326527121626	0.005134122053183759	0.20346538474865608	-0.8466947073184667	-2.474768892902536	-1.376862612154325	0.5105707768714686	-1.6014289849307135	-0.5552720258349113	-0.6071334721591412	0.020975194266955353	-0.6103060184613458	0.3189001075122788	-0.49935421221770276	-0.4854660581514208	0.38740568980677775	-1.1359965201827926	-0.8822585539868842	-1.3581181069431953	-1.2390665852807896	0.1613190442415543	-1.161895004337607	1.0148504283615347	1.4755951951156503	0.4236573552556145	-1.4892053308674933	-1.0048944332771907	0.06137867704717554	0.10971616191624295
0.44501494970784594	-1.0161329249021913	0.01207170636623768	0.18712680393735345	0.1961766441200264	-0.9039280796697788	-1.0568977490998217	-0.6002035685875615	-0.23148645350002728	0.05384913183685556	-0.025954732837778875	0.5946079411776896	0.4299154669206345	0.8579668548616946	-0.4778206639107042	0.02240081271934404	-0.10901093954537304	0.49216636847820033	0.5390038621311766	-0.5837189110153457	-0.38353915999840654	-0.9947429569175327	-0.36408958433444555	-1.037629740225243	-0.9018058011672533	-0.5028802303103064	-0.5169027367605775	1.0526390018088727	1.9910201093133022	0.7303103440359278	-0.31951595546725087	-0.005671446297831132	1.529149346357543	0.6013386691811502
-0.7618669083447994	-0.8803647379572671	-0.22691015423162722	0.8146058959859169	0.1135102964637114	-0.8476035486685438	-2.101519429496208	0.27039282501438544	-1.292427304540228	1.0818746674680575	0.2903964649436274	0.8834423355314478	0.5030042115094954	2.004548961632513	-0.1340957283958983	0.2819216750989835	0.5268528749790241	-0.6410835646607616	0.40299412771091947	-0.6238992272719258	0.09500619718110594	-1.058135357854209	0.32570337855421194	-1.1094534967099527	-0.680055570586745	0.10794567454391646	-0.5201842025034389	0.7842313588947223	0.930166284018859	0.6576242109276721	0.48796484803010604	0.4952921800321926	-0.7837560450681506	0.9390771052734735
0.5815237241741494	-0.8669368627615066	-0.6724781244671104	-0.04558371577863429	0.13291137781094617	-0.8517785306005454	-1.4596841920269217	0.46951818849038773	-1.1080752705957115	0.37015196049330984	-0.22596311730508276	0.45341059020773294	-0.40849357443389117	-0.7593174924207996	-0.052158259354709295	-0.11809097879722351	-0.06479892013519874	0.5326301466316528	0.7984895816290029	-0.8723853623371822	0.7547812584760886	-1.6923808774906433	-1.1042306822667791	-1.221759321912681	-0.8231029716226315	-0.47077199147611715	-0.7069457683011223	1.030439938570407	-1.6521324803668074	1.3540332987918386	0.31297897574551714	-0.804127652312176	-0.782222471570609	0.7827815971991084
0.23948410917445156	-1.9326687531878617	-0.2217437481236013	0.33975552510705004	1.2612719744812413	-1.79094376754182	-0.10777087080538084	0.8397964042537652	-0.7553926774833791	-1.2715812521013625	0.3508196457425958	-0.05637992687219698	0.5691882163894265	-0.4593868205953877	0.9620234990201759	-0.09551943512944452	0.9291936497992942	0.6737118626656562	0.11312858894497803	-0.572554151385802	0.6781074518664897	-1.6056508258140039	-0.4208727139396188	-0.7475403869780127	-0.044839333998324606	-0.5818420143588279	-0.65957194106142	1.264283251866411	-1.2048790704626382	1.2696158629144139	0.6070908061924123	0.363974062595273	1.5138215216134232	0.3158522733571176
0.7523657334739663	-1.4608426950246924	-0.4103051163545	1.064717583835964	0.3949523672818719	-1.555507727099535	0.41677915304622737	0.4234100237310549	-1.716402824800868	-1.1855752356876013	-0.08063778992089979	0.684760161937221	-0.13697203894307805	-0.31529696520519424	0.8887118301655693	-0.09507769693576049	0.9923473551825436	-0.3127813882014159	-0.18431495996254652	-0.47217406027028225	1.1281253870227494	-1.5331096627387586	-0.1705909432013062	-0.5445738151047332	0.3622443168546737	-0.45205632077330354	-0.6458332619156238	0.9040931824974389	-1.502558071390249	1.4129559334392408	0.21820519727528273	1.037409084565083	1.403384907140407	-0.21309087653546419
0.6675844081545855	-0.8268916196123371	-0.7054109047964576	0.40706446151244924	0.276681536981893	-1.2850160130581119	1.081625582658661	0.8195828662396782	-1.7278717573893045	1.5171628972918905	-0.5922237314308294	-0.7990848933079409	0.8266579834654803	-1.030862506226116	0.8274256384778448	-0.4847389238614562	1.0039178446815784	0.17224718289349755	-0.021825558173378598	-0.5724796340691178	-0.059769283921416574	-1.695972994526074	-2.1060929852736323	1.1708981799157716	0.8402588970542034	-0.6250209388310614	-0.6402960939100527	1.0155162521832373	-1.1564619279265265	0.8619567974689084	0.7111211146024318	-0.28113954559753823	-0.7674705727032806	0.719458514700946
-0.6881064482124412	0.3346974466772148	-0.7680022272950264	0.9320694199054833	0.3999535292766435	-1.6606292012062396	1.5750290165929606	0.12344048206846847	-1.2756969190723806	0.049818737596095196	-0.5026439824005289	0.27521430570829186	1.1034097915520207	-1.5892452033136446	0.6447947150729496	-0.19835611363732214	0.7425428860794447	-0.7051046312963246	-0.4266939369728706	-0.4156421870517306	-0.881593499794254	-0.8579363833607923	-0.5830341382842404	1.8242128839703826	-0.23114476411032953	-0.4129119134596846	-0.4623369774037183	1.3781139292113458	-0.3755714798860946	0.8297586225924657	1.0083667274067818	0.4170071065426229	-0.6165268647449742	1.7220424064234237
1.0327272917097374	0.6321067207932216	-0.047616781989894184	0.26972995075313183	0.17705239449194393	-1.4693471666491742	1.5303839270325672	-0.5136760014866585	-1.2155508905366428	0.3668472534860649	-0.15945630855859733	-0.45729521230081366	0.1590307263581834	-0.5611214967127974	0.35989011993404907	-0.5067678473331777	0.10197338084114552	-0.018219293969258307	0.4731512521338435	-0.6540686554839554	-1.1154598446022392	-1.0265318246195887	-0.8041165838253641	1.0679064372855973	-0.40215913369741607	-0.39577239380813084	-0.3959532701442851	0.5852888568972053	-0.3895617501233395	-1.824046714841497	1.024765993210758	0.13570425908825037	-0.4128661551331611	0.8150609889491899
0.5982181447268596	0.2875161429219037	0.08998185271787552	0.42646294460756123	0.5535980684994916	-1.1041947318971237	0.9042104295105512	-0.590795332238956	-0.36446053609819384	-0.47083717111164675	-0.5735198876578268	-0.5481823944881407	1.1193484617819112	-0.2787675856543939	0.9236814679106014	-0.4998246234911262	-0.6338757585644528	0.26701487701916615	0.8927583544360997	1.4590063708385643	-0.5173146355678597	-0.9156930844071465	0.040292882834469274	1.2999338117257098	-0.3218109448575513	-0.34643579029880117	-0.25276134518700777	0.7225888674790647	-0.4610778963694375	-1.7752708111928608	0.6507474238096252	-1.212467711886708	0.8287598853513483	1.660556133061296
0.5198269259047936	0.030781907213880227	-0.1485442087987	0.8508739020641036	0.7923667556842338	-1.8106301963740505	-0.14051536933873934	0.6069390043975252	-0.6441658410661053	-0.19418684566022687	-0.046059715729245575	0.6197725681088908	0.12730864925288887	0.1554893690262669	-0.17357301768739308	0.02006001657722292	0.016428172967404918	-0.4146900611124814	0.5529102581745718	1.1272279336439586	-0.28017262389930775	-0.5651799949671372	0.7962651448909573	0.15524155825160735	-0.8641622312806342	-0.4251722922175731	-0.38430782019268905	0.8973316569923654	-0.4821667745314809	-1.4223030363666136	-1.1424548270658956	-1.7997785866847564	-0.3353927440799442	0.7202899816229515
1.0279666190018937	-0.6815841786057774	0.3713867088667329	0.11251946919263875	0.7489529669981967	-1.0016921008292863	-0.04173907518208894	0.411836373982108	0.23609844952211836	-0.5140042277155692	1.2076831269522112	-0.4228387704781343	0.8864606295660535	-0.5452013038706677	0.4029025717052978	-0.4291268896907059	-1.2143647426626754	0.6130777096222663	1.0327761828716429	0.9221506884600718	0.008742694738409256	-0.06427263506021634	-1.1276372865013236	-0.49883974755441607	-0.20639559961768209	-0.6887154009965482	-0.20457426146652027	0.17734600505959697	0.9466464723120004	-0.14927030267519034	-1.828986524544618	0.700219602571809	-0.8275374038150736	-1.699373697453113
1.0674772544203803	-1.9473021244822697	0.2113008510809726	0.4894536465775795	1.152740758758597	-0.8333564281271767	0.11631845739190626	-0.06315676668054573	-0.1538842317883572	0.08029286275287512	1.2244817308654634	-0.580252249297218	1.3885351049216146	-0.15720685517520322	0.9988932167057225	-0.553633675709717	-2.157376212021012	0.5796264872709493	0.7176950284554126	0.7564069577639625	-0.42965899901284305	0.5037158920207269	0.10525013515853177	-0.12727114739182824	-0.025833400616196427	-0.45913533104094917	0.01771193786649452	0.04051548871455858	-0.35253206732666464	-0.9471119625522041	-1.414391686735641	0.5906585148060832	0.5634216103210447	-0.5160143968149148
1.1808755110364901	-1.970670761679796	-0.42915375059569444	0.9407504666146678	0.962448262085229	-0.9941189979026519	0.18175520379509874	0.1771562489891613	-1.4366903220643397	0.0715121126430257	0.9766927897618405	0.2918112313682413	0.6081031220481995	0.12314983616897415	0.49074976668665166	-0.3958832421969457	-1.2446295359322164	-0.2715744132331392	0.6409374212956672	0.6381327353614754	-0.9060752511258598	0.5618959191359701	0.29846787185375556	0.07529248301645676	-0.3935465362606978	-0.5155059058232109	-0.49366720062739594	0.24002141256312212	-0.6252731777188069	-1.3532318498110123	-1.281890043749443	-0.00839597180536226	-0.3483893335159756	-0.11632952643294066
0.5968092307511484	-1.6710068752705496	0.23125341529165516	0.23179917026913677	0.683356668921493	-0.2546964862267862	0.8872229055570631	0.17148848503915579	-0.8702190300368662	-0.292942936129544	1.4684799315239598	-0.5088828528600261	0.997315258896098	-0.37897037602704375	0.24296822625553427	-0.6725080296239551	-1.2098985168484475	-0.02051140205771128	1.0995432748204237	0.7061070158392612	-0.12550697139742326	0.2831532560019968	-1.2386871134581667	1.02378336076705	0.5094902977889411	-0.29607414601431753	-0.07732560812413306	0.2346490932578856	-0.3177662906034404	-1.0416005063375466	-1.8331704423811932	1.1001041436259382	-1.1445165566242872	-0.2843825171410832
0.7513247187507635	-1.1275032040874706	0.11097154872120711	0.91284266561573	0.7047414297060349	-0.34231348397063116	0.7710639418561767	-1.1890708431424137	0.01818781407232495	0.9382653907373397	1.256206943219019	1.1089882039526584	0.5229469564845735	-0.14647463703235122	0.5640975116993912	-0.22115451051077364	-0.7596255148101614	-0.2623912766302648	0.7199037944679485	0.3352075580367594	0.9146541906598352	0.6013598690187741	0.4943107175954439	0.7697973540994182	0.3306215866775957	-0.500394135452445	-0.6179845912428993	0.9884009946516134	0.667266942046273	0.011198915227114217	-2.0128325826709967	-1.5420159688571753	0.6677825325352765	-0.31642484721309666
0.2241720887981223	-1.010163208151166	-0.583411242685869	0.06280227265139401	0.4174682037928951	-0.18928357227372558	0.24013780131632317	0.13719365005476356	0.06854990711451278	-0.7019837908916053	0.3999847547562412	0.34836228197979296	0.809839953496074	0.7448932009027877	0.10130960486397253	-0.42893906852875796	-0.9430927088532284	-0.0567648753462737	1.3214452108544246	-0.5715006835239498	0.5188752853653947	-0.07531504378595394	0.2714792063536493	0.1448697908903994	0.39550975151216555	-0.37769756523362924	0.037530297395290305	0.7650040990697792	2.1309716372709673	0.5701148875645656	-0.024056901414317912	-0.5137954312157187	-1.3551422379739195	0.491825517560149
-0.8467848622981563	-0.21515413088820906	-0.11376934080335911	0.521709101613386	0.4691247127769277	-0.6311916003648521	0.3229249309096398	1.0556664242776372	0.5219049315066235	0.5577262409545697	0.6871064251317	1.0417677284877125	0.4767157146217466	2.2253149914678927	0.13803885102896638	-0.2626175823660492	-0.16601965821479794	-0.8507343163450309	0.6841020397535941	-0.7600364756696384	0.2929987447353404	0.33409250167475507	1.0537588998722929	-0.03663070628420927	-0.010862526531552365	-0.13028128061688452	-0.06382261727663972	0.8151460793886233	-0.4239014173866928	0.513267621606502	0.28671032012512576	0.4422143857820396	-0.24034801697293168	-0.2447870782420894
1.3051862648760337	0.9424066198625626	0.21682366759128036	0.4078018113473461	0.8734680261129768	-0.3657774599955023	0.7167728832683048	1.7754288552688664	0.3706493360869075	0.8917215583676932	1.3035385461282347	0.6168724355537502	-1.1094914354901702	-1.0671025244884835	0.045484897118813476	-0.5802738323032793	0.24413749924893302	-1.4521308550327359	0.48684240672183887	-1.0957481062568573	0.05395070511334267	0.6938403856566032	0.8693902065123166	-0.4040566486092715	-0.1083796141925601	0.3112963656214794	0.017057632429266223	-0.0668721162277926	-0.18610800079335363	-0.30253228747769434	0.473896612321493	1.8927166361281578	-0.11300207786613646	0.7402132078967452
0.1205784871452879	1.6249704527275077	0.14457193468559876	0.04922273073285419	0.6142909430129351	0.2394681907024418	1.0762675353469533	-1.1299040275064696	1.731997082354886	0.41021959869658586	1.7269158557035404	-0.04263538153870331	0.7796378465304288	-0.23621359866042338	-0.535820578405006	-0.28647514294601967	0.5120722486614492	0.4987103404832743	1.2430006958226436	-1.041681718093846	-0.23534076922307023	0.5182128288472041	0.4244815937271471	1.1482515642769222	0.7676656475356809	0.15889257546521732	0.5742796790290136	0.01554152559295492	0.37266520465965686	-0.24522102340888	-2.0605390509873445	-0.18024053895092199	1.159078778992634	0.27679315363058715
-0.2810296082757239	0.7923752633274517	-0.8610406766873554	0.7125724820732957	0.7461480007318605	-0.656093926106106	-0.9399488534961085	-2.129118058644243	1.1362628408558018	1.6995104597632917	-0.44817166023706556	0.9730482468346418	0.31272768519192473	1.8238977889200023	-0.7300457947896893	0.24135760264365236	0.20887490253334887	-2.223004826070327	0.9870664435474429	-1.029679305264667	0.7399918677061067	-0.43900893277309594	2.5360463340785593	1.614950513410417	-0.03308243342439882	0.40277442053725904	0.756943053044756	0.44634812935225826	0.4744230097713696	0.7192187413459101	0.4151148383435096	-0.25382029733519623	-0.13203794169291794	0.9988049577194744
-0.0785696375757828	0.43022125262431304	-0.46389867801770546	0.3738512377512499	0.4516667308759898	-0.7332713265484495	-0.15813395102946953	0.8133980609181084	1.2944226576458118	-0.05667107912971156	-0.10496828517022722	0.9942443245042087	-0.46129692239345976	-0.8242705417622653	-0.6872758743289575	-0.13757301162316424	0.27714625877455057	0.17892938612907847	0.6587544511707328	-1.2276108902155456	-0.025927536979679623	-0.8394520777312138	0.8630030525529608	0.7927225524694741	-0.5591768993360533	-0.4268933698533171	0.48410488992923617	0.2063379320514621	-1.552183700553898	1.4307657215478167	0.3886526498104694	0.18661542098095657	-1.199293647158002	0.25327463033731495
0.13797378985131362	0.25723690147445677	0.11662172414003878	0.5504731249763127	0.6830762971786426	-0.8594342418377307	0.6461490279194158	0.7639521949987076	0.3132462606962096	-0.8932938587474207	-0.21925323796716079	0.935566074596016	-0.024952706353197844	-1.5200562403666344	-0.023467056586455436	-0.44410574094094424	0.6664442027071996	0.5710374158818342	0.772106194946861	-1.117343828984438	-0.4805352047234574	-0.18062900275958685	1.1985036985507966	-0.5139332234179282	-0.49145755841307603	-0.46879834374792356	0.4974324446766815	0.012751467689246032	-0.5889659279969385	0.9837633543915912	0.8596605631619827	0.6296081360740287	0.4781590618063362	-0.7286743596481178
-0.5667199919650895	0.8818210194189475	-0.25238050380324156	0.7802414675596918	-0.029450419499913165	-0.9780453971878299	0.7033759432532696	-0.02903308748654428	-0.4370274650268659	-0.854424122675054	-1.1651658836845742	0.8747323331082427	0.18309910863561035	0.029435924354109303	0.22589303717447498	-0.38662213737444673	1.3473937912156628	0.2210753005735681	0.2717359468506156	-1.1715919174632914	0.3607733678573872	0.3588159394046613	0.13300086015969717	-0.5771069963497547	-1.334822063666844	-0.4903150098242135	0.1575318748820699	0.3622817099973223	0.17527807795716338	-1.6695791585014532	0.5830629184330447	-0.3917334405779686	-0.009703314249974249	-1.8038991147491183
0.4869007336238883	1.6050388881963953	0.2878194294265189	0.6561805691740344	-0.9428387504591247	-1.1771220253470622	0.49600726436124265	0.9602594312387929	-0.016971394330116844	-1.445045872029744	-0.5603938037592175	0.6395637359922329	-0.6209881657534694	0.502192812984064	-0.16628890422479045	-0.29865431509376006	-0.3761769837921828	-1.0344658988820674	0.37175482515020736	0.2889995001639101	0.9601051348896626	0.16008471848186034	-0.9108936755006778	-0.8036705412181875	-1.144074400441143	-0.2071659758887664	-0.3348997555173369	0.6042577212311221	1.6808467207981033	0.43835407631172746	-0.14182492464896818	-0.5841583459423467	-0.05152679480500285	1.2743316700616398
-0.3296419145141394	1.4831219296480025	0.031308273606602904	0.5875122700232491	-0.9031578634925109	-0.9512574689657117	1.0529142298473049	-1.1407551730067969	1.8384890010038066	-1.8065499158736023	0.30012740069428534	0.9074000121142684	0.18482908895549527	0.7720748966595844	-1.1192908389398941	0.09105471847148505	0.03412830060864721	0.2824036819110024	0.026861138074264025	0.15903851345913364	0.43976932810500086	0.203160602832189	-0.44262857343558176	-0.0951226470916142	-0.8055597692442433	-0.24594273277985237	-0.09014978166993749	0.5053159629460096	-1.7930220100108532	1.1943102939538366	0.18759489744496516	0.7435510886283792	-0.0445394471765929	1.1452491435528864
-1.3397752321527234	1.5394067300681482	-0.7237245942446935	0.9860653054691595	-0.5876621842861156	-0.7373528867807009	-0.19247423794694896	-1.6874634258694166	1.1210534367407679	-1.8187818552013022	-1.598765759348512	0.49506939646501213	-0.0630102192215586	-1.2041035268808677	-0.1487359552804419	-0.25871353030606914	0.43723221416698355	-0.5892267298903933	0.46530041742803513	1.0147701498663484	-0.5289895166964766	-0.9113764856512315	1.3048076924433094	0.3400109392686476	-1.0761715553934246	-0.17871065734323607	0.034544961329390646	1.0548007866006162	-0.8322408632731301	1.2260685356588814	0.6667337972408166	1.8422894593163432	-0.48996573167408414	0.4574350004393306
0.881716993586918	1.9377139984425045	0.2878403289637923	1.1458437450303143	-0.40880261516240685	-0.7125154926892325	-1.2815196627244896	1.2678630920118537	0.5663574271175946	-1.0985072747567899	-1.4427001933722479	0.2705410321096841	-1.3873559809576397	-0.2566813892802731	0.0157507956616931	-0.39117635804902323	1.1977469410497625	-2.323757316389367	-0.17452276021800273	0.27114296307459534	-0.9899024156186533	-1.107846077925086	0.15651747026499102	0.19998987712911329	-0.7805583159874903	-0.41368831858861926	-0.343672940900397	0.485483307591908	-0.15797172624057398	-1.7986664756401363	-0.2765691754959444	1.34462801515594	-0.06473004779397933	-0.0676148805426058
0.24065910881187222	1.1908200739710253	-0.6781134714603381	0.8542987366194781	-0.6006245727246196	-0.7533722984246688	-1.12013421327394	1.4919563594522776	1.3570005991310652	0.24214169893728402	-0.10924968553800456	0.8083136438728488	0.4383994688943761	-0.2433811119415422	0.2689145665130786	-0.5758388241190828	-0.33940767896438995	0.3450092619620344	1.6093700630263164	0.18871124775606885	-1.919009155523254	0.43617043140411405	-1.1773057020152133	1.1498180097689117	0.4620844333008275	-0.40468631618956485	0.40402439446972094	0.17870419781767408	-0.014575872333634051	-0.9269090577684761	-1.7651177643374858	0.9710591740321304	1.3579217971687925	-0.7396983814121445
-1.1634403892835028	1.492061735470159	-0.5495712174247288	1.1322032774868451	-0.7331626633662914	-0.9567253448735248	-1.6707989683166349	1.4330990916144823	-0.2853796591247953	0.9260448608869227	0.021710733936753674	0.41449741437089993	0.5234888950423146	-0.4931301044735177	0.2219863790176748	-0.4100504065042409	-1.0070018225111406	0.13630752582674616	0.4819386992472741	0.09768725877886081	-1.8017034595906973	1.380356539985282	-0.23654925341870942	1.7314462550423255	0.5389427670288253	-0.15191491659538453	0.1945663939315954	0.05781380377269849	0.768609854446521	0.21661000641280703	-1.9599123436399468	-0.8458085561410928	0.6939301260192126	-1.8572789140693216
0.5779626283156258	1.2692993426417019	-0.8509312446122244	0.6110402064486785	-0.7558025857024863	-1.7643043827799623	-1.694551354271219	1.8580090947262036	-0.8112414004683014	-0.4736514240765695	0.36348054813697056	0.3406650306748103	-1.0117579318559287	1.21616689814319	0.41698788524258573	-0.5026250934465731	-1.5855901987375054	-0.9997060117953201	0.683732198177816	0.1772981043053943	-0.4359199154899249	1.8603096574042126	-0.7042775848463628	2.1773211172938645	0.8959443184761875	-0.09493990216277517	0.011288062764722087	0.4329758429130869	0.6218771361435312	0.554788720156517	0.66993705696334	-1.179173208617327	-0.9194891896348939	-0.41006143227994996
-0.8340647007261558	0.043429970658680636	0.09995238086911801	0.7382381229482776	-0.7246817133424629	-1.7013819913861008	-0.15245150967113083	0.06358732818776604	0.500389959022331	-1.5047218812933063	1.6173323885140602	0.950203154373365	0.4974121152496762	-0.8411761031922607	0.6654367770209636	-0.2061881348893196	0.3366664466963443	0.06522278857680115	-0.14691089426327988	-0.4093002172543403	1.1793626863389552	2.327470562274145	-0.038082816814977646	1.8278072105662975	0.507647393819051	-0.04581655002061725	0.014103301978940351	0.04796223698514203	-1.0328746357733416	1.4091522812811086	0.3668373137161176	0.5421382554412336	-1.0763789953633653	1.2243487372470279
0.9461555612626557	-1.2036793828377268	0.5676730771920825	0.9661755103744268	-1.123314302991277	-0.9288294495803112	-0.5462696600668561	-1.5174221664391545	0.19272071808968244	-1.3437642475541276	0.3585170921365596	1.1211534053964367	-0.6559809980371274	0.11899383491611484	-0.22204768468507577	-0.22434732006726713	1.270924313422212	-0.7212022951653154	-0.6329740122980491	-0.7307953717015406	2.1849437921216217	0.7551700997631374	1.6528287971139737	0.25374675247726913	-0.29015278473375417	0.05759937177109934	-0.08025155205137927	-0.7445753659680306	-0.1526918800368247	-1.7223007998287276	-0.7016576855813795	0.37158288114478893	-0.9347669989968702	1.1858206844380599
0.8382649317559558	-1.1623899276638259	0.39941400087584683	0.38062955886378314	-0.6696865141690835	-0.5658578206041279	-1.3167335179499666	-0.8096319630142834	0.9586597806028441	0.05769479632813499	1.134580518916883	0.5810973849124357	0.6209563758104988	-0.29965031457933944	0.36095325824966906	-0.9696452798665052	-0.5843311237679527	1.523299489524628	1.2597758427487802	-0.537138978955667	0.28211996473051315	-0.20097515159606888	0.6579252131374466	-1.0406364941578183	0.34899848461111593	-0.15208152989659976	0.527134009698904	-1.4446989518378663	0.0667427238112405	-0.9088814416582153	-1.8698465402922486	0.2701489949250967	-0.014941637161479447	0.23706088489507188
0.2701713749888242	-0.9401647414777591	0.4998618118501972	0.9570360186853347	-0.9738098866405411	-0.9078779187998118	-1.351878938674984	-0.9129613789101781	-0.593553470082845	1.183758777782452	0.28693300364467383	0.5090804548776212	1.2167435284773322	-0.2259598430018618	0.0864345361525004	-0.8204243750773806	-0.8250018389277187	0.7824434908967733	1.0185952428000342	-1.0068393658643044	0.37272883321440164	-0.26201613486815045	0.7545552561010103	-1.080976021133181	-0.633050823151206	0.01050683606443484	0.3395616432667116	-1.7299952101702607	0.3773088197294326	-0.2362608152045581	-2.07404253188854	-1.8803243200208288	-0.5742428921459652	-0.06546757595217137
1.1786851629970447	-0.5017298935083649	0.39205439149315774	0.3447041113538051	-0.8122077191142629	0.011433320372596508	-1.612542512140474	0.38876928674892386	-0.8695806901124927	-1.4232154061756883	-0.32559349753548283	-0.007171385421593486	0.21575307062179996	0.7071522280786045	-0.26926425981226204	-0.9104524469378824	-1.8114186832486388	-0.4033977408477033	1.7193085762085925	-0.727190152280631	0.05667914714615915	-0.6516712408985209	-1.1485368697429568	-1.023400414484317	-0.9230825946633793	0.08177462014983791	0.4369174049452259	-0.8671265477409962	1.8556737430042558	0.5595464973915708	0.5567075729888856	-0.5732827341089882	-1.617648582370255	1.0851524753952297
0.6212331831295277	-0.010036616029998996	-0.044742473140882116	0.6955749288865546	-0.5510948218475856	-0.03604828686044826	-0.10005969450557829	0.5949677377608287	0.08501496363485608	-1.226549967562272	0.7138632797819656	0.15271903297748218	0.7829853928503431	2.031115684086126	0.6707588952183625	-1.0006761019383932	0.011581300081299217	-0.10744950610191326	0.9981774738840241	-0.7465612811544974	-1.6550234396917245	0.1038475851723475	-0.7369760177086132	-0.960922254027073	-0.8824930143145688	-0.7466944490351718	0.6961999408435291	-0.4206986655869351	0.4295391031941928	0.6778621084185651	0.44097263826749694	0.5207426948934398	0.3746150021749124	0.8893624282668672
-0.2341822788888992	0.30975849688159174	0.04247275251624501	0.9926155495047059	-0.7544042482352101	-1.2759701645731911	-0.17858817131809554	0.5224657923108565	-1.0807142456341363	0.5456287718147252	0.7269828973636774	0.5180361847595841	0.8659051150315661	2.2993484439282668	0.4001005211862502	-0.8279402209573492	0.4584987517579229	-0.2963052601808558	1.0092952886856514	-0.7008599304123235	-1.2016849973448442	1.3882649388623753	-0.28339918148720916	-0.8233603982729064	-0.596113466366387	-0.20276403972815688	0.3869513983736541	-0.8348760201405955	0.11482962867324742	0.6297542618431399	0.4351831296945575	0.9986598232501092	-0.4808180879347265	-0.014281291388272799
0.8373422991303444	1.3088423963166191	0.32708566342187095	0.41665662388458247	-0.8874762282597026	-1.1066310333947582	-0.4666683348592833	-0.5396719338476025	-1.226635412012184	1.2408456860176484	-0.150291661012189	0.16355886377554937	0.24997217942778818	-0.978339204402612	0.30403103790899283	-1.1674533283649902	-0.6682224071310466	-0.5215898033432333	1.574217211859159	-0.32947677120415103	-0.3455002726478363	1.7446990985838278	-1.4454340429673813	0.033533258944669464	-0.25857322800327537	-0.012328083204876831	0.4769462446324247	-1.2246013874223038	-1.3834486299118147	1.2564479198322303	0.4162328390465575	-0.7016300933841175	-0.8869369681101682	0.22168323571060558
-0.32138849725324237	0.5355026881589671	0.05511085354210001	0.6891587043705998	-1.0719693930361387	-1.2364378698113117	-0.14250811441597067	0.5061691045722846	0.24729765706376902	-0.29105528413823145	0.24317975772953374	0.7607882799662684	0.9745607449017063	-1.204945782806182	0.2547604926555582	-0.8747878537640618	0.684414142732882	-0.5751430961475146	1.167039363748624	0.018360674741430775	0.48971373870686963	1.2944169654878712	-0.6823712057063743	0.6922191372253177	0.29403024202052497	0.01516568839220825	0.4038339973304587	-0.7642733252074626	-0.0025309526882112904	-0.03744046783475775	1.4776740735123395	-0.829277481583621	0.21791823407765928	0.6035446134040652
1.2181444501102034	-0.411556391173087	0.1316376404840318	0.7188142018038955	-1.3507436721314345	-0.7961463795114531	0.44266935300750926	1.4413235365603236	-0.1850309297015271	-1.017029261114116	0.7578952184370191	0.34203986767863714	-0.1840141137482446	-0.7806809343076001	0.37501508130301126	-1.422962016222705	0.38626214435488615	-0.8458511424925048	0.8312804098506631	-0.8308316944335612	0.2330535460094856	0.6182506818656474	0.09472508653658815	-0.27746377516728876	1.0478329403611946	0.015129939570174002	0.41516390656064406	-1.4497736918158508	-0.06511441771056775	-1.4182140494991484	1.242744127329067	0.5883313819440547	0.9246257527278195	0.44304864857140774
-0.15320518620513332	-0.9334396775303384	-0.009926823412911704	0.7988375214060534	-0.8728980195024079	-0.2728204602151632	0.34395070448343323	1.1332952323514993	-0.05438117139015228	-0.011331578082096214	1.5244902527721065	0.23061374877593838	1.0180604360744203	-0.04160895604132551	0.6110039611629344	-1.4216228914048668	0.292701186005898	0.25013721376606085	1.2676925389271332	-1.1009060932721522	0.10639506715545444	0.5251403764938256	-0.2651000131926395	-0.05268774328376178	2.205967351645899	0.2815387281209909	0.3592867340299723	-1.1790918034207891	-0.5135128999081336	-1.92194299855445	0.43315573803462126	-0.06123120890438172	0.9457308301053212	1.0814751116841632
0.8125499747519991	-0.8967424182072798	-0.29334094421589346	0.9843981756975165	-0.46896729537313375	0.10018141796469728	-0.3094903984913915	1.0241640956591156	-0.9864156523779724	-0.6245391301781232	1.7638730357783436	0.6534782801153706	-0.7151170877951343	-0.41003798467085534	0.17460591684390067	-1.1685892246861	0.33363332114254113	-0.8134295935288287	0.7909617811780151	-1.2172912225845434	0.6827492360883453	-0.09469071696884891	0.6077679134643575	0.01172252070781838	2.5391471033341237	-0.03253520710695773	0.34051223123811286	-1.0284275889831531	0.31977942117653935	-0.3830434712187039	-2.034929090398496	-0.6969323709871464	1.264571180305028	0.6517172157365556
-0.4623484935218579	-0.9229940310231181	-0.6173907280115596	0.6625811370216674	-0.8706516730779158	0.2665812343787518	0.13413303534416288	0.1218001549940023	0.2550202366119674	-0.9036119329176282	0.844665121345618	0.8406910420963252	0.5263013768026289	0.8666302385191598	0.7534545167902118	-1.1403246217663952	0.03573746986355604	-0.10714993212940911	1.3751328681872081	-0.40733721174531023	1.9263974742321006	-0.06843153845872543	-0.22243705315296586	1.1259918040143677	2.595057525937175	-0.16843545365917367	0.21427992831942977	-0.13770745276547455	2.400328001260957	0.5066104667217164	0.04274929007226724	0.32654981894894525	-0.4475882885676989	0.3847954144155448
-1.0380458690817012	-0.9471273692167633	-0.2254356433487598	1.029231962878308	-0.6257881462149587	0.18696468814309997	1.4077373981151986	0.545923484621053	0.25764744383511007	0.06807875808180382	0.47420803204465994	0.7140424333966481	-0.6765265148125691	2.1107890374179012	1.224351844107128	-0.9942359664834779	0.10300267692095008	-0.07971622344474695	-0.5474919170081717	0.3999065767267475	1.1785171607395988	0.254357912951	1.289293647959115	0.14686259861835593	1.101357748988998	-0.5841624835318253	-0.17900950220627046	0.16321005417850026	1.2258142513199284	0.5602316438388931	0.36774228907921364	0.8964666221148049	-0.4078916796440184	0.21110526270271715
0.4231761934693579	-0.20574429082229737	-0.720771366006349	1.1261589228703062	-0.41689491080465024	-0.358261350391518	1.9725650861933022	0.735996969809681	-0.11226173442268236	0.7490199162992334	0.5501320457285912	0.6148516832985798	-1.1402518726441662	2.1204598818099547	1.5779177452877842	-1.3264710087467368	0.1581333512946342	-0.6247279570375974	-0.3171062753307868	-0.06429609863819866	0.22910130822026728	0.3232261042957111	1.0561880770949934	-1.3131534659077553	0.5801684398830778	-0.2916571846115051	-0.11202518304856508	-0.30712654497972275	0.7830585808072594	0.5447325040949914	0.39298758680457213	1.1728348822858974	-0.17828897507053065	0.17459626182016422
-0.07201922701254328	0.10414211124216637	0.03986603626126524	1.000717264362195	-0.6054702501379787	0.02196920639068574	2.9003543935162948	-0.2712097939968344	0.44047094586779867	-0.29234967260317873	0.1674040467235033	0.6144333616982243	0.2906242299706331	2.0228220859015735	1.900666685455297	-1.3514384927905692	0.9334261967991812	0.4571505751764911	0.7060060053845287	-0.34562012751723614	0.1025902400594896	0.5453271837806871	-0.2568997674237625	-0.703760764905512	0.781733062606744	-0.30645183858075625	-0.036818210155684004	-0.08870995186011536	0.10110783239876563	0.7705269403091755	0.07410635405232353	1.1072967014872932	-0.5744921632114339	-0.46957127377011076
-1.0333858071087665	0.23922512916641497	-0.18979525269490508	1.3811730228133017	-0.5797910121020519	0.6385009700634877	2.051765616619237	-0.27107758640175006	-0.5630322022294072	1.090328077756188	-1.319594216309581	0.33518230943325245	-0.026063650886876347	2.465518867272864	1.4796378411941413	-1.0467653071389227	1.1088171774730926	-0.9931555652620242	0.21182535740594982	-0.2986098091061342	0.9861771879578987	0.10189752825417453	0.3853201548542641	-0.5513717918847106	0.6702089490482475	0.029165821066854287	-0.36493107404033437	0.7378920732403255	0.0731793375328079	0.6020251787235037	0.2180889638792234	1.3116707692199752	-0.6336032851101902	-0.4315294317429751
-0.44951278741425105	2.1276540321176296	-0.40930901440951256	0.8078443845003062	-0.8536696856671534	0.16888213285869588	1.7452366010017526	1.6654752769532863	0.13857302705153976	2.0966520265543065	-0.6555022414576417	0.4586474030755983	-0.9992507036114505	-0.7676268213355552	0.8519771372347761	-1.2168871322850139	-0.10895512947416197	-0.9856896869892433	0.12717126955797523	-1.441758502346459	1.1238662739537804	0.09024284153563741	-1.144646618197966	0.7119168307494971	1.0120556239712921	-0.05953773570717067	-0.1565071112763797	0.5111026053343788	-1.1846633721887443	1.0994235345137207	0.4284817635705959	-1.2221158230680715	-1.4725020368925037	0.6845727346430925
-0.9998643434399909	0.4203470468264258	-0.4419458249114478	0.9308759429036516	-0.4789636242873672	0.0531324822590542	1.2136736713903955	0.765551053418162	1.5345878058119586	-0.37070474410764137	1.0706918353367387	0.9618788932277483	-0.7973298725386091	-1.1329803458783327	1.1815245299964159	-0.9480007935070267	0.9496297822184347	-0.47104938759818354	-0.4352059807071111	-1.374442317988862	0.6951206887056293	1.0536251313874048	0.9819564410692947	1.233940858396449	0.9228459045636501	0.049858483576877374	0.0824800770418233	0.6125906728387491	-0.22031338081635402	0.3506153099605715	1.3920320405573396	-0.7429229174824653	1.1016827109288376	-0.08715385413536668
-0.6321963728129698	-0.2875486298398713	-0.1739336333759174	1.3031064624685205	-0.02928768803976498	0.22250252910524676	-0.030989101747032025	-0.9662016788927321	0.32947134804590544	0.5714759340143157	0.5202246338609153	0.7344312483830997	-1.1893521243017402	-1.4471086307175816	1.3438311031106138	-0.9779812196303084	1.7358664832663622	-1.1452714250006486	-0.43476701571795734	-0.7791021712627549	1.1625036801300277	0.860285217965525	2.442023509545873	0.026937016624163132	0.2304056885837352	0.5062589248841372	-0.28013884832895725	0.3132158980570516	0.35213323046691075	0.02622163274560409	1.0930889083530857	-0.0609369249746324	-0.12038857540246614	-0.43436693350614897
-0.14273660109194253	-0.41702879976671925	-1.921954819151531	0.5298146177095266	-0.9912218499652765	0.6257930439058008	1.0463241238847785	0.27565357379160466	0.4894744108401352	-0.02409401260309743	-0.30249741419694415	0.37317857766223667	-0.6106083949683846	-0.0797818351594143	0.9569855233613371	-1.571306736367258	0.8750082671773106	0.6277147251565781	1.5825512960015722	1.55662053810259	1.3592803197673418	-0.06802374448097624	0.5012276803375144	-0.37944133427770704	0.1477297856143008	1.5886864930123112	-0.3283634705301675	-0.18349142587929287	-0.38476749896172996	-1.541585982100858	-1.6629474775080537	0.6904408456091116	-1.2103123190529805	1.1375297193463134
-1.6871712134919619	0.9186588404957493	-3.2060658103907445	0.9867388526074073	-1.4656207271359576	1.8895003817315292	2.0051881295704232	0.4286396657957609	0.8645747350587047	-0.5671170262220984	0.7457379981512055	0.2878402469963054	0.2258125494560074	-0.7838628911198862	0.7581217225100751	-1.2141270914097406	-1.425646147710244	0.725736764612915	0.7094408458000753	1.5713595629333728	0.49151692755188825	-0.11714906756128703	0.7822483566580312	-0.8817548972094735	-0.2698608392022708	1.2223963365611115	-1.1809421410125105	-1.5510514836587852	1.1899661000906996	0.44293844319916387	-1.6368724878417023	-0.39440265445155903	0.7643826881829882	-0.3027852381406658
-0.978052953474773	1.7544175660662773	2.1675852562876083	1.1622548494115927	-1.3692144304700358	1.7373055477535047	1.9507518155557049	-1.5287193139602195	1.5529003257878033	1.3147889054906103	-0.15545069119434388	0.15921565919753009	-1.0975076922065998	-0.1943000483505868	0.17669470721901864	-0.8604325475438958	-1.7243167318801547	-0.30826001155550414	0.25622033152219953	1.9274972140001154	0.9246536890304744	-0.3755058934880271	0.7352725724952744	0.16129685759219842	0.36759983157942416	0.6727153386248763	-1.7142421065154532	-1.4725027649193014	-1.2249853820018914	0.5361281882921982	0.3559461068914366	0.5451882351852028	-0.28186981420014945	-1.15920681969529
-1.3600039236056016	0.6700589574812825	1.967402584841623	1.67789302553581	-1.3089773955792792	1.2901212167421574	-0.3095620631786983	-1.4537031061610053	1.8580664247284944	0.38374765985747883	-0.8275008826524692	-1.2577981030966694	-0.9932975797919625	0.06810294593978133	-0.7709611273933764	-0.5422373478357747	0.9182083967519142	-1.6347831945038462	-0.5358924676772476	1.941510384919773	-0.16242490118675967	-0.45431328433647017	0.8487812199293175	0.03385402008072062	0.14115496826926158	0.5045939738576857	-0.8746727815721904	-0.46031474802099204	0.6984414010136873	0.01181674856989043	-1.43546860912463	-1.6521677717087482	-0.9397195374698256	2.5660286690514753
-0.3939912890097976	-0.48029062223999486	-0.01757589650287142	0.9410788831083676	-1.9960281666928263	0.38875560012552823	-1.2091804636369166	0.509770466380743	1.6902275386853787	-0.8411994230616161	0.3519726245091662	-0.3232141855545678	-1.967815345767753	1.685406843066971	-0.32355166240775785	-0.7478278014118619	-0.5846895585784566	0.17104252430455183	-0.06431909927683001	1.2464942365983076	-0.44863269357273833	-0.5415510581358164	-0.19304111772018354	0.049112327532170964	-0.43566706139526606	-0.1181189793119694	-0.41295655837046175	-0.2552533793615241	-1.4959910642851904	0.8529542737145682	0.44892226055967366	-1.736228337156055	-1.631316483219508	0.20479463178485696
-1.6382282293202015	-1.4275173955295284	0.022651725148167202	1.265217706264399	-1.3356856468736316	0.41667775857616285	-1.201314587071728	-0.5831583891077292	0.5979809088206446	-0.4255029490891967	-0.3245408314276693	-0.44561158963892955	-1.0730046518133383	-0.35158690577348917	-0.12398301425122953	-0.9398421194286909	0.43221718561765815	-0.0017675631021252065	-0.41989524683984353	1.6037401109941227	0.3559475860249141	-0.10205616481270255	0.47754011549138004	0.39200431361249644	-0.6020538455268725	-0.34235667159443683	-0.3255059334663546	-0.3519307868404006	-1.464945620016148	1.5386052979740519	0.2999547273821007	1.077238478795766	0.3172555619393775	0.12357979986977605
-1.8002020856310377	-0.8836232333933153	0.4638344972367636	1.307864811873364	-0.7395582288436101	1.0448308675108353	-0.69099670424267	1.0772243997853879	0.05754117522259737	1.231347896023194	-0.5572351483778464	-0.9060533958286868	-1.7656245130610722	-1.1652446406155543	-0.37368503178587203	-1.0942303775797595	0.8934296496281895	-0.4669160776809787	-0.9035039289158889	1.2213167267977154	-0.6765450062636015	-0.569209753363487	-0.12788710117718896	0.9408639589171589	-0.5443852444066017	-0.5058746695178609	-0.5301197503858223	-0.739495894509966	0.3184703946189691	-0.1026175664489942	1.2433110629540667	0.4104916276860228	-0.9634301570417853	-0.20013377197397683
-1.5419860750430041	-1.0860078209142483	2.1369801846375194	1.5173829193866673	-1.0395705856744344	1.4866630488359063	0.1249816129089564	-0.6854859488426497	-0.292512064738891	-0.6261490770298772	-0.042242475656666674	-1.2651070427102256	-1.4200532740902343	0.04304523453067475	-1.0055038605538578	-0.7399477737110776	1.1293204382857858	-1.7415716704601027	-1.533725964059431	0.9627419326005616	0.47742700883091876	-0.02532060533134222	-0.4696567356612569	0.6881313276386555	-0.18155278351216028	0.057093300845974373	-1.0923820193206863	-0.47466112624765017	1.0380226713916487	0.23513085969708286	-1.267028070605781	-1.7691452617852492	-0.4318679589412921	2.767154108018517
-1.4847343536187165	-0.44192611149192773	0.042432876269080586	1.149395940121233	-1.260308260907994	2.167195128753045	0.22854459801527943	-0.026084042194740042	1.2426513448818823	-0.8143918952497133	0.6602244754424725	-0.6179134810387229	-2.13419849331192	2.099326112028369	-0.1471260793213075	-1.141950609636237	0.7343000246714042	1.287177657085895	-1.7338714258468406	-0.3474744570135756	-0.17974720685834758	0.011788844652149362	-0.1612456535242193	0.11666702552261032	-0.7535515214871905	-0.9099139552629416	-0.54749617692245	-0.204506516538969	0.3443853969662332	0.825789446958483	0.10911248493139014	-0.1996466721019537	-0.25349976730208484	1.2977360094976804
-1.7479910735082138	0.17519610894612078	0.05267735480286952	1.3000882049347071	-1.0920172395297159	2.2163211464752504	-0.006932598773568313	-0.19971786024985752	-0.09686279873211276	0.7474224979085561	-0.07374670121102492	-0.5826921671919302	-1.9504048373446419	1.6697984409779403	0.021701141031956667	-1.166666511136298	0.2191681771370766	1.22629647967216	-1.4304817447408933	-0.5885848021223127	-1.6751452090334782	0.18844449142746209	1.4680047186960774	-0.6843153840985634	-1.8754734586526913	-0.9260763555578215	-0.3507580100387412	-0.5572324246699389	1.355837084342864	0.7588193559949761	0.2215027215511364	1.8945555536525507	0.47565476769725307	1.1276928376202813
-1.4879964902428542	0.6264769994374265	-0.503302566297299	1.2747897840602758	-0.3949165732454452	1.9081802735850941	-1.5581435421028234	-0.5829143678521675	-1.037381216143148	2.4221425800448837	-1.1245365771963334	-0.635597508018562	-1.7207810702256559	1.2845835208232443	-0.2975344978112743	-0.6959892248548374	0.29845552123677394	0.3258664871915911	-0.5834884131873099	-0.8756948484105896	0.23770023030364282	-0.38086226311652943	0.6189050074260374	-1.1902800369752355	-1.70372634207082	-0.2731863775859866	-0.5683539571609715	-0.46741305734256167	-1.0614482198131459	0.815102912638103	0.09633660047618231	0.9264586820525335	0.8091973504591482	1.0801090332879988
-0.8675932551950518	1.564463897524097	-0.06577030509526333	1.0154447476885553	1.3015583999207583	0.338530775609085	-0.733071906207972	-0.6842751926309935	0.8445211525994017	1.8232524314228193	-0.19958134619063392	0.14005622003385024	-1.8460408806333475	-0.10104167798285564	0.5561837414158967	-0.6359926683105854	1.071664323842936	1.1965945538000193	-2.01423498202344	-1.173703340228111	-0.12175586880433734	-1.018963338279407	-1.2527470397663993	-0.5695702567403118	-1.1582271600413332	-0.4233021730888366	-0.35371352468249967	-0.0630494541438894	0.022079898949648232	-1.4105383905589444	0.3199896976815946	0.28443866454320366	-0.7381437160088987	-1.155061055372246
-1.8683582125822504	1.7215934590766644	1.0308920883843264	1.4971922284139032	0.26193605761506417	0.5536818166919543	-0.764524402312571	-0.44629731350405577	0.6729622141515624	0.7998430913341661	-0.9618100098882258	-0.5705309353726545	-0.7459970141555656	-0.09528065771302521	0.07108762178263249	-0.7811553159955361	-0.33590474068642523	1.2842538684224996	-1.9239767225790234	-0.7795032881112354	-0.8711208073703505	-1.043276555650485	-0.5723303427816854	-0.6783969486975666	-0.6655462876074008	-0.37911833578071336	-0.25180563899313796	-0.2561468708628651	1.3850935540813787	0.5050278124600774	-1.4366802228274742	-1.3910582187543816	0.9443570443312657	-0.5750934886475608
0.02525751403030759	1.3286421727942168	-0.5662670859986959	1.1370072687889963	-0.08339992146199553	0.10318145182570317	-1.5670607775271108	-0.17372665784692007	-0.7031630754659374	1.0336233794407828	-0.9441646481886632	-0.3319228662548775	-2.4173151423096066	1.7197489130693806	-0.26809813054683806	-0.608248143783125	-1.4598089838388437	-0.11628621473318278	-1.034110762645072	-0.571173065299504	-0.4910954719034775	-0.685092595338139	-0.4385348960845418	-1.4254520550527119	-1.5245980755432247	-0.6022123373783023	-0.245992799459347	0.3574104900216068	-0.9123107451039485	0.6617471880810385	0.6067854635228737	-1.1594354655812575	0.5868513756540256	-0.5189426827201103
-0.7553929978063689	0.3595368106723109	-0.3760437078734875	1.0123240340395285	0.17792611459125912	-0.764049079111876	-1.3145432690961028	-0.5502607121570144	0.3406850060887673	-0.30550111763490795	-1.0099351624114037	0.4406276245737605	-0.6771726367105044	-1.1726046158712022	0.6323035406366565	-0.8023815030456491	0.31261944183572987	0.5395104351079891	-0.07398785820105924	0.8180266231310762	-0.47662597447738275	-0.45890436477348373	-1.2946632138910275	-1.2204132664639575	-1.2290106853581506	-1.1094778469691824	-0.05054304798602238	0.7053291613665921	-1.1729570276226258	1.2991384727526365	0.6946628592422666	0.09023812638881941	0.5434377785918827	0.1207485361020043
-2.0691760029813584	-0.8655839509598087	1.5751689843388008	1.3667641723521338	0.3057538264674109	-1.1144929506602468	-1.7103450857174314	0.18043620327178508	-0.6170104922637409	-0.1512149882775457	-1.2027733625145203	-0.672937329187434	-0.45872554091465173	-1.7401831026057462	0.3316611218757211	-0.9170180709428383	0.6007643322920214	-0.1372858086673568	-0.946938852120672	1.3411724734535493	-0.891292166260437	-0.37281124084091916	-0.6563826797911737	-0.9740663363875655	-0.6576698859113568	-0.5321378724607206	0.062369022010653336	-0.7079853090462331	0.22915772808592913	0.7791235139375818	1.0534014245527263	0.519607511226772	-0.8853041760574617	-0.08129381879468095
-0.006945411997351506	-1.5422732735107136	0.04771714589625679	1.0269556436103147	0.48079050303819443	-1.3398463914553875	-1.723480017844904	0.09912133614129418	-1.4315599449086127	-1.0389340592338694	-0.8113177309017583	-0.6756913779954676	-2.3291784699223728	-0.17007792752492634	0.3720492626683042	-0.98579948200174	0.01762170642982404	-0.8737453961714353	-1.4795894458847751	1.0352561199568344	-0.49688717299599494	0.5066436244204111	-1.5185294176715505	-0.4514989288291678	-0.3339607320855867	-0.19832329783481298	-0.08084361223182451	-1.1289441353931478	-0.03343572277089547	-1.8146817447782992	0.2632646370679307	0.8597152575741684	-0.2858697857113565	-0.3838684811038475
-0.47095121230276116	-1.025321497844371	0.013944566811433934	1.0125338809062912	1.0232952287811887	-1.4267922379367564	-1.2179426991201991	-1.1980105796130922	-0.602281391739333	0.16000348840453407	-0.03966331156974979	-0.1730578893288263	-0.4859810502567859	0.04306346424938773	1.1173613362695172	-1.079368662601982	-0.8809929029923113	0.9504300426718056	-0.33627981455379474	1.4236598784596122	-0.6635087950497397	1.5868820179832492	-1.860053022106695	0.7013262498501658	0.20742325391227398	-0.26338682654786383	0.05132912939116095	-0.7236069296232879	-0.1752611235585572	-1.6035746620918114	0.1900480789774452	0.3759775432451087	1.2512234845115995	0.27439157366228983
-1.1592779743105424	-0.364088988448584	0.551942509235148	1.2113783575525436	0.7765394314509486	-1.492256640453087	-1.2922515399274994	-1.1909017299862423	-1.2512061828899739	-0.1442774359927717	-0.35885287174887803	-0.23436432834798993	-0.25131098394440626	0.18293356756256657	0.7687668345809332	-0.9921021796020402	-0.7709262443545393	0.4423944959315639	-1.0228486240428252	0.9938410464957509	-0.8299012287689851	1.63934304592427	-0.7712381388882275	0.21557889846589667	-0.2844478013839317	-0.31795232359273484	-0.0040657669799417815	-0.8425891524758528	-0.04333815453566828	-1.814338615091652	0.8307049570164737	-0.9887255345703101	-0.2326724755163411	-1.0393016143667824
-0.21576783641812516	0.0179113368433922	0.19029727534747307	0.8139202212484262	0.6816467534783953	-1.3351887438939172	-1.1755507172392812	-0.9939981299526615	-1.1763688606001117	-0.6069836125360354	-1.0474812208917268	-0.07559708428469858	-1.239844241022338	-0.47535808440728544	-0.09088935137841031	-1.0783671791408918	-1.295801030158203	-0.33197540523339975	-0.16266963288779476	0.8537816363918374	1.2399409325989093	1.220605776735196	-1.53300466708302	0.12172288070877285	0.24681700944871995	-0.11651942647748191	0.16464101574633827	-0.8528745065725919	-0.15139301024645363	-0.8650526255010899	-1.8426574729909793	0.4306645262618366	0.04009142120479188	-0.556666767321784
-1.600390754132236	0.3378546662629615	-0.760920504499864	0.796833369399624	2.060324905355141	-0.7814066498193742	-1.5782630431209537	-0.13541407636958627	0.13244425911956895	1.8890286990183738	-1.5015392418996643	0.24131965038777395	-0.22889905362088966	-0.4074539174925972	0.0737291238712592	-0.6226420928359923	-1.8179229170071973	1.0884001195145439	-0.3973952391920256	-0.39974789696877583	2.234164781084463	1.3362055316157593	-1.1068951196471961	0.8416432088720873	0.7275770614177958	0.4128844885305582	0.15572481322447881	0.3877872999253376	0.8881142528140644	0.04293805271030693	-1.5749827563597563	-0.5164420194654197	2.1117523647141763	-0.11953630999942204
-0.6700577987038561	-1.7778343889328259	1.7184916915972268	1.3952280660163892	1.7157144880428965	-0.7708890528807424	-0.6597097059357919	0.6684762199812745	0.061618184646535436	0.9320962894577588	-0.32225614023496907	-0.9540427906633447	-0.8784118075014156	1.23894172102209	-0.9215965498458308	0.20069878329932267	-0.9453819873455159	-1.1776544674011948	-2.763615723148834	-1.17327473908344	-0.7172060055709292	0.8073517216874877	0.076103186278144	0.6796817411453178	0.5421482536970076	1.7714721332582395	-0.21082423573412645	0.14991644920951067	1.8647552568413606	0.6724635158383394	0.5841166749864096	-0.43348072683269434	-0.161771811792278	2.136208806695971
0.76184006790201	-1.5244533407373537	0.10428495918372117	0.5032111434108247	0.8024790661055903	0.029063490575357093	-0.050892898043384885	0.4957046190205427	0.22714882032651376	1.1314384138781584	0.4073284983338081	0.15146185826678707	-1.6143593882961051	0.12433288587435624	-1.4752749037924842	-0.09778365742113153	-1.3768675156403773	1.026143205384954	-1.1312624370891746	-3.1575516602620373	-0.16374340486905667	1.0772189215703898	-0.9114240821512842	0.01983034022010955	0.09606328715863088	1.7309923875580484	0.03110205243784013	-0.5652663860206544	-2.2438997116281847	1.129069739127781	0.38918392549361425	-1.3557480526112848	-1.637781204897477	0.640199163401692
0.7315684331593884	-1.7064627795482734	-0.22066409000617873	0.29742625567745534	0.6195713941077728	0.2027813103477386	-0.19094851895054402	-1.6922469071603192	0.6253651241431418	0.0023265704774737693	0.10483563348204461	0.9425481820505612	0.25826326780147096	-1.6673991690905896	-0.9248486128641824	-0.04498999131545678	0.43381735988540393	1.3221011294360165	0.5619552496006863	-2.64135022796758	-0.24746101289525602	0.4199702081602245	0.5171055511736921	-0.29634756512346083	0.508972535087936	1.0548147865369477	0.44158819329627846	-0.38985409361057655	-0.6313987655447343	0.7046675617585108	0.8717735637410546	0.6327834819937386	0.4270523724579686	0.005717067535421963
-0.12051079825563824	-0.719936169331459	0.9987382152812848	0.9813933222483482	0.1349007807537555	0.3308194834371798	-1.2506895358632268	-1.050382167658005	0.17996667240777775	-0.37230072431031164	-1.3600545284833647	0.974723655732945	0.29071706478348364	-0.04596009775233309	-1.0353640497857415	0.299744321988282	1.8333910989036084	0.04658719924735042	-0.23016172752479286	-2.9049581538202003	1.4221440310060718	-0.2953715981872508	0.6232452441645653	-0.4290873337049874	0.4054240572204278	1.098009242453058	0.14952281458584454	-0.7944363644200029	0.22365156221857757	-1.5694290362664494	-0.36824057099767477	-0.3163078544528916	-1.2404821602820537	0.20419654888891142
1.151968976470694	0.24369785068462654	-0.2864686226134911	0.05089049716916101	0.1636683363230753	-0.03922698726131329	-0.9057094768651599	-1.4081426773576489	0.9889313789338939	-2.086716299449465	-1.2440490631039813	0.498214153709504	-0.6207344618481198	0.7155030770549563	-1.7489735262605375	0.2669367039328878	-0.9351049169520605	1.037259703007053	0.5283998444690614	-2.0551594180788926	0.677467262699464	-1.4154619807289948	-0.9850191799987993	0.554767762521244	0.5091096972142297	0.6809506653072923	0.4635621981947246	-0.5299230925183995	1.7764147343877126	0.6137168189687595	0.2644663405016909	0.5791857939586812	-1.570424208752754	0.9136721440001206
0.8438381313215035	0.07149287842498656	-0.111314830468312	0.2421914440324586	0.2075768106499959	-0.8121199969291315	-0.9834800813252051	-2.8303786043193173	0.7780246029226412	-0.7366615928024894	-1.8419400153742171	-0.05413159519711482	0.5581367467605658	1.7108752437144201	-1.7850268275101833	0.4455454536155173	-0.6649309697751714	1.2512867246901505	0.2716256304787699	-1.9179333372389407	-0.5724479463662921	-1.6822617147965024	0.5462366944224264	1.0976515460575975	-0.5356793948198786	0.10212541882771974	0.7978887320294907	-0.13537230566834788	-1.4429966024224261	0.7837705365629917	0.4539366697294822	1.4179218150396355	0.9165773412283361	0.44939247214989914
-0.59427538943156	0.5284143882503699	0.8616990542001529	0.6453446276981835	-0.4757935923037012	-0.978041948482977	-1.207030021031284	-1.5066877617488819	-0.5598402255666813	-1.6090447182140024	-2.472560592170182	0.6030638180451281	1.2554740501267996	-1.163735964778785	-1.4807029114419543	0.4650334082184107	-0.19885363760437888	0.21347614521761035	0.4758402693991646	-1.8342977718714706	-1.2674558238787108	-2.0461512014887346	0.24044447958337872	1.0643619814779337	-1.3810122629293502	0.22475693176590564	0.8713651382183276	-0.5196713848255312	-1.0093026013906496	1.0324340578379192	0.4609820517677741	1.69468788353176	-1.8670477591933958	1.0071231391658872
