pca_00	pca_01	pca_02	pca_03	pca_04	pca_05	pca_06	pca_07	pca_08	pca_09	pca_10	pca_11	pca_12	pca_13	pca_14	pca_15	pca_16	pca_17	pca_18	pca_19	pca_20	pca_21	pca_22	pca_23	pca_24	pca_25	pca_26	pca_27	pca_28	pca_29	pca_30	pca_31	pca_32	pca_33	pca_34
-0.0980696380910716	-0.15016474274854702	-0.16624847115662084	-0.006524923936403648	0.13040381777957466	0.057346764766688874	0.07015170542175816	-0.04405662460956012	0.03371171424681224	0.03815265853029473	-0.07178859102450097	-0.038749514299437286	-0.0638882507902428	0.027629880252672417	0.20123326093910393	0.08331067731669266	-0.025913310119503687	0.04087070673029022	0.1243549155511669	0.011137916041773235	0.16158929280515008	0.047219392298801996	-0.09725649753104267	-0.04616350308777715	-0.05521648875013601	0.01886293739746052	0.026588320805511306	-0.04024859907024242	0.0011696537738516471	-0.10140514951224337	0.138100218175245	-0.06378239225889412	0.12244622617831474	0.00509762243580995	-0.02251939091747952
-0.10095953396550739	-0.16522203614594028	-0.1499748149474955	-0.014900110473844947	0.09717675778191129	0.11284301927512805	0.0005708077029926081	-0.02144087289338372	-0.021486898601000774	0.01603956679823797	-0.14099573390135103	-0.08910747726150058	-0.010927900173505619	-0.03524116321540604	0.15608302699359988	0.024255395222185	-0.018036851201891482	0.006453798607963437	0.1581080313434276	0.02179187570390654	0.08735586147069582	0.10450991063750856	-0.12934628866787176	-0.07324332583862815	0.0243365082590815	0.09943503483086524	-0.0341467183385106	0.003115618617955322	-0.14545690848449672	0.004927725335620067	-0.049505118939372775	-0.04806049954112669	0.11217036838364602	-0.039701423743780086	-0.03792782328093899
-0.10594789090100407	-0.17285599307022537	-0.11287179640039435	-0.04789081769050498	0.11703700836348235	-0.038365906058503096	0.013761624284182553	0.05205244372978257	0.036581378177621436	0.011085224403892629	-0.10207004079217413	-0.01013447899835732	-0.14506044604646418	0.01742302345543522	0.16242896456239592	-0.03954676100460757	0.006586612533282809	0.15176058570016512	0.12740755331393686	-0.0021341049618478596	0.10159993098226722	0.035469713916360154	-0.07850085650516742	-0.07421206947124942	-0.009738803230296734	0.10540000943696845	0.0277891443937818	-0.06023599790361452	-0.05052617008153387	0.039792765506635755	-0.02747427787276573	0.0721266463711708	0.0824073442102795	-0.003948466260439135	0.08164897599210107
-0.08780356710164719	-0.154442314194707	-0.16209106910887328	0.025381405901650077	0.08703994069168175	0.028043131872609622	0.03632138250086603	-0.06966476262757505	0.10544784798295237	0.08031403736906864	-0.11111918181988117	0.0025707600621949628	0.06253513280965808	-0.004086330860237221	0.08642798946025312	-0.04486869358737207	-0.06709595677931203	-0.02847358315358871	0.010455130997158571	-0.05648043895747877	0.13733072879753483	0.10451574258142916	0.06454414711545665	0.037765570545815426	0.11043634523018109	-0.06591702407448007	0.025197912899905937	-0.03483797352619822	-0.020902212465709034	-0.13329262289773328	-0.05146168706798458	-0.023424252131093098	0.09535223087134866	-0.12230356820801322	0.1490664707598734
-0.09093662333350809	-0.15352171639126552	-0.1673696056258659	0.04483510498693074	0.075083373944924	0.07334843307926299	-0.02558032199816207	-0.0700094902156626	0.06504011092515372	0.038588367438487446	0.03045001244657186	-0.0042965343043275955	0.04729289027786926	0.06852677636761284	-0.027368016333206846	-0.018103679148803287	0.011239878155647295	-0.05189987242601795	0.07348582169987775	-0.12079498041769057	0.06689501174906452	0.06971934976491043	0.07515926021058254	0.05568939549515079	0.08050513935115985	0.035896117969989635	-0.06834247817529852	-0.00430489981378181	0.02265071706664725	-0.1319129640142956	-0.12374270781329867	0.0007262590059748594	0.011174243442481614	-0.020881844830299236	0.19166949724696455
-0.10612332688933176	-0.16298491417899652	-0.09571870157864545	0.02209428507083412	0.046689547551672206	-0.005372534158456038	-0.056911650900129646	-0.03206406521761142	-0.026568411789436846	0.0075890839659561215	0.020950993854738822	0.014541906805475985	0.07678985721386807	0.11520848202332024	-0.03245095878378029	-0.17216377662616525	0.05997600692913944	0.06575987535697504	0.019994227568440853	0.07703105594652865	0.006963057430990405	0.15280703837364762	0.09243438827165425	0.0015376015463903839	0.09364508846218986	0.059984825568414196	-0.04684700380468519	-0.045817974904615186	0.027024021803736815	0.04191528590423807	-0.035913301372429915	0.002052233498396193	-0.0936391549524697	0.069606785796137	-0.05611618760882313
-0.09885421437901898	-0.13527595043008564	-0.08821650118174357	0.11796697504079619	-0.02102943306022559	-0.07645960488114978	-0.016178815983367678	-0.03110058568364868	-0.032452805015710934	0.15033393183649554	-0.061299537626434586	-0.0926234588318462	0.11266446876621825	0.055338819099781146	-0.023265648102751585	-0.15973912614237634	-0.026327517668487656	0.0061815359165001416	0.052012966694669184	0.03416859123090268	-0.03565041344185603	-0.07379933096064631	0.09180978371771574	-0.011248988637576243	0.036201165303334754	0.10266918339303063	-0.0936060538687105	0.08212818677954938	-0.015845659521860168	-0.01453920201745821	0.044364644291464875	0.0845681600071772	-0.07137205339055128	0.09352789116557575	-0.11437732848812678
-0.09675906375274976	-0.12523628095880435	-0.08791156984055964	0.1485827462680597	0.023923122091055682	0.019282788214800894	-0.02797923187925755	-0.05900046546109891	-0.05927663278233669	0.12635981373295402	0.08235911624405821	0.07129298906260022	0.041222970984763824	0.06627277807637261	-0.04560343022987362	-0.10913762563027357	0.001486618292361623	0.01987269183518809	0.022136252658463904	-0.10748237571828391	-0.07124003010196311	-0.0990891072184277	0.012767977564824382	0.000925461583309202	0.16676684784791013	-0.0066897811901740455	-0.13550140226988658	0.06632107069734652	0.017714995883799035	0.00868694142356205	0.03777559602082013	0.06995859129417514	0.03773227608551592	0.04416869160188229	0.01780958285616545
-0.09868636651818617	-0.12335038921074891	-0.09331191032236492	0.12239202876521504	0.03424153919294868	-0.0037214196240162867	-0.08215041791181546	-0.08900307447144601	-0.06505495098572683	0.05026873755419778	0.11465650396140697	0.033669616050423734	-0.01943522873247988	0.07604944140667828	-0.051055321132986255	-0.04167453777381589	0.0758024166319456	-0.052538453243693106	0.09092620955661498	-0.05427145041273384	-0.053158892251979256	0.012616408309303391	0.04345284122483606	-0.023679000563504686	0.021517600474784113	0.055437054621628803	-0.0941640236922221	0.05445594882904824	0.10409186662897091	0.07093024619263243	0.016797884752127665	0.08438788084613752	-0.05709836865330792	0.12035911650356583	0.012265012044609542
-0.10235671747567807	-0.12336680157768017	-0.025234642059842258	0.08144400226069115	0.036867705855473165	-0.06661491592080805	-0.0393208245291784	-0.025266594857734116	-0.07433129884895842	0.046353858874764696	0.03544935699300175	0.06386381363287486	0.010931274204166952	0.10213066010550148	0.019723222244907246	-0.14593820543875913	0.024488256511689458	0.024432188001685402	-0.0560583438061173	0.10551836362962011	-0.06594941433939887	0.10573635331761391	0.046094123296144485	-0.04981766385005243	0.04674048456795796	-0.008524590436562902	0.0599649009863836	-0.03557967668893072	0.10156927498561798	0.18953635487309783	-0.024776179450576863	0.11915995937707803	-0.1250557267558737	0.029084714019599556	-0.18045362692700384
-0.0917831920362659	-0.09405538266956522	-0.06906455145178694	0.14699396190052122	0.04641723805427278	0.0060810056124833145	0.02342780721692543	-0.04118579585836413	-0.021732423452046318	0.08567426075944576	-0.012196240501723521	0.031643925261763406	-0.07560161614072719	0.06420393584224532	-0.08244410474742525	-0.0043101774112282165	-0.06144052660662617	0.03784882526946411	-0.08607433340308002	-0.07766417270315766	-0.051705233781731176	-0.07713324752692166	-0.03673623507510862	-0.060173789741508894	-0.024265524039224044	0.03868858215418071	-0.004873575959228167	0.09479998240512427	0.005694376024312834	0.0726159215048037	0.021138106986854782	0.031177111483637908	0.08122315528809818	-0.062095867167040845	-0.04585013699538488
-0.09046283254949905	-0.09254473619671723	-0.07795326401353102	0.11053728697286089	0.061193948631934135	0.07252913416055029	-0.032549943457224895	0.028446593387962182	-0.04539203875684311	0.013879082835513916	0.07850401844080296	-0.09774641477895535	-0.09280640310224797	0.003528887632451204	-0.13515878835010342	0.06570127721343785	-0.056802053798934576	0.044656735290617956	-0.009630519116832104	0.0056763054280699055	-0.08492742558427094	0.06349949505775361	-0.0775140569545479	-0.020153432123553194	-0.08682291581237134	-0.04563862076572889	-0.0559004968834778	0.06686333533912883	-0.022116204690677245	0.07095228473620858	-0.002440742921758837	-0.1501754578458608	0.07987232370783301	0.017836844992356382	-0.06961836056411803
-0.09543505019151738	-0.10805507644849216	-0.03865012215650935	0.02680059943492969	0.08678731826765282	0.00029311993930430935	-0.06169630927670666	0.08340086272385644	-0.06216641227766566	-0.04490826893617081	0.050114933471841316	-0.07456787626147607	-0.11137167632776876	0.01812663278585805	-0.06321761334965642	-0.027417824005175635	0.013540253245361853	0.21677829531587706	-0.011604165271711459	0.035662524006989604	-0.07721284310219945	-0.007282439622655401	-0.02946004580307443	-0.09027552310709044	-0.0870784808474759	-0.04363345734742194	0.03036783284397158	-0.032042062096775785	0.02533061502079086	0.12437197037631359	-0.06730780363877947	-0.030186665134797386	-0.0105299124774028	-0.07284978000332654	-0.09141182574697186
-0.07314591564414501	-0.06661880299940622	-0.1057949785054	0.06783067634080961	0.04706504173684589	-0.08787222897429645	0.012325003879238905	-0.03185697948456301	0.07899902029155248	0.050861101833268293	-0.04175309016162004	-0.11203804436324172	-0.07275806273640428	0.027105213286617507	-0.1090186348395411	0.09812313872414904	-0.04127862750955001	-0.027950428290772752	-0.007383765421393752	-0.03303833555827379	-0.020040680669440043	-0.05054408681658646	0.04230210977016073	-0.020042619171851114	-0.1812576060442636	-0.061297016194578266	0.1151251022670449	0.020060634336936917	-0.03614096685427336	-0.00451924712874166	-0.009469022303273511	-0.04899723954759254	-0.07511129097060634	-0.017508092429656674	-0.022407194800426262
-0.07016102176548698	-0.043813377786023004	-0.10046181069123904	0.09292838035994316	0.014500455442393602	0.06407180797726555	-0.004387650599565057	0.019160107646297386	-0.027301176132783614	0.14268529601405028	0.06557262392868612	-0.07043442169026938	0.03807433174445363	-0.05859650502724681	-0.04063352800936103	0.01710069525467319	-0.11972479805113687	0.036401518554969634	-0.011707822470185009	0.08393504702412186	0.004481993253377531	-0.06304812012762429	0.17662454187549426	0.1257822840086413	-0.022051232696540975	-0.0878774040492825	0.07449168128500869	0.02114080926946399	0.021244679951249706	-0.03514861727769925	-0.1274329835233252	-0.022658574517979	-0.09520136350200673	-0.0493442569069465	-0.02000164292362623
-0.0748410267777868	-0.049382013113397495	-0.0740060141254473	0.04082097020686646	0.027425794528399286	0.08385934830422315	-0.10697089625863829	-0.06043413484019555	-0.03453298788407111	-0.004379975540666936	0.06797688455026832	0.041822321011871985	-0.037211849003564945	-0.014675847310354144	-0.10189396714316973	0.005655900219618301	0.0062857838055889745	-0.014625958615957422	0.011640933718611746	-0.1533351825091361	-0.056659126232440044	-0.06667215956518316	-0.010953487769640807	0.06463224714187246	0.009394746779339186	-0.0421598179752256	0.036284844830469544	0.02639151998216403	-0.007053374117489969	-0.09254280292330509	-0.12015381820283204	-0.03560785330285429	-0.06878735185116905	-0.048484850832288005	-0.06964353416789167
-0.0680175866388044	-0.02799347062314746	-0.07376847646924999	-0.025037991513244855	0.03390344805205656	-0.10090196875410493	-0.11352517281912246	0.01357304302636575	-0.058799700368773467	0.052179220753544475	0.0601592434812358	-0.05679955277332871	-0.09855130318078495	-0.07281467275070636	-0.08874658281748521	0.01902156795546392	-0.057808220190324826	-0.039175532241287794	0.042121191660629886	0.015988805989477925	-0.05734325349042029	0.08438372130586846	-0.0027815202544833467	0.06757380281303602	-0.06374250427553167	-0.09969221396791558	0.03810132440337475	0.017405031335636763	-0.08032462149865158	0.03271654720735766	0.006238379210701389	-0.09629662157775801	-0.11001613484610703	0.06956981567281122	-0.03749835301273489
-0.06210449324479	-0.010300538462158504	-0.066824178148936	0.05983772567068501	-0.007873358234553186	-0.0620760998435578	-0.053144800249760836	-0.06721168330589306	-0.11444000279121241	0.09625966585371537	-0.07399028198744328	-0.04409775935669763	-0.0357434258581128	-0.12241482077516545	-0.023755970602760607	0.007591054938179052	-0.10577032674880349	0.08539788111616871	-0.06047102258389142	0.01852172910120519	-0.03799763946083598	-0.06718806097606311	0.07702558365300974	0.08426283735872878	0.009256933676278147	-0.038105116525550944	0.11584949356704018	-0.01169064055655733	-0.0979375750515728	-0.040940694918829235	0.04417134019331098	-0.04379742464074973	-0.1570518185674893	-0.0033513646666299707	-0.08481089984389474
-0.06979610889449436	-0.01548659281890197	-0.028165050594618907	0.09188404379755072	0.01327565830651858	-0.020221937300893097	-0.05813199725016925	-0.12185119323257643	-0.10714307569804732	0.01929293091791473	-0.08556913948967179	0.06800040420234421	-0.0937552343127109	-0.11843261337528155	-0.06990901928068709	0.049887718733833214	-0.05798401102256798	0.0546394266002104	-0.0782862991939188	-0.05809035020075198	-0.06189392660612647	-0.03717537397418237	0.040418987852015295	-0.033496723985228224	0.0060450044356717	-0.08370220366243113	0.042310522412735474	-0.022656461485175187	-0.04704786796467902	0.008715562766079397	0.10843931489692704	0.0014263680728393985	-0.01939911652325685	-0.0747048750626793	-0.07888910802267249
-0.0729944109188569	-0.017727892575129425	-0.02252040964721434	0.0782976968712655	0.02016928041848989	-0.05837957725170298	-0.004413082100375399	-0.013434147214069339	-0.03978671633300723	0.0501073377221678	-0.01906037496735058	0.16496507555830536	-0.1565351304078979	-0.08508024166967185	-0.057341882756711635	0.08478666129045781	-0.0434955217030064	0.026482113446363142	-0.10655973759777054	-0.06604231364844403	-0.0579571948780953	0.04286634740327006	0.020373622879555853	-0.0586677471737118	-0.058496523223545926	-0.02019491417504038	0.10747222058358691	-0.04059334485392438	0.004022583204876726	0.11566289629629212	0.0857615294785681	0.05572549250273015	-0.060507893994074455	-0.0655882050382442	0.019173423280650657
-0.08299914683503547	-0.06434814332803707	0.023169849884400406	0.09682470467743648	-0.11466148801836078	0.06579215629597553	-0.10602935624877254	-0.0008715622970236481	0.17437562737720602	-0.12245159680628787	-0.04600099064681101	0.003929464274547573	-0.07006074385226323	-0.13586425209133912	-0.06868460277653757	0.19426777007432458	-0.08005456444831538	-0.11647087318618929	-0.031335598777604584	0.09141255433207683	-0.17911944053102988	0.06736034481109113	0.17469191816232427	-0.12927703345928818	0.060277916420506616	0.28741041668515915	0.13540723464920992	-0.061148811728947344	-0.02490375738329143	-0.07264224015733783	0.101687549170831	-0.06332567975592343	-0.032733062839036375	0.05587766529075951	-0.03784333238846933
-0.09184984132494657	-0.0679924003883028	0.04422072483242323	0.009575776188596195	-0.15392947297722154	-0.004002835085633603	-0.06390736631709187	0.12204706340799017	0.054634497250257374	0.00822444105378245	0.052297922728084506	0.03902412163230362	0.07200780682753044	-0.1217416752348699	0.0177988391612562	0.07808731858997897	-0.0940464642889232	0.07651877427925405	0.06048351759183826	0.2273004802909971	-0.14601842826097167	0.03381720447619386	0.1842820698655765	0.08423293621012538	-0.0629768122529985	0.009978978542028855	-0.08910081335838849	0.0039575818446931366	-0.057069418295032856	-0.11967283481381888	0.00980918928988403	0.10488430551370737	0.13253550286739707	-0.06750081101235667	0.12392886935468138
-0.10020258154778637	-0.07508072480132619	0.02968821098225676	-0.0246624973167075	-0.1252221755438424	-0.007835413760634602	-0.03407644339218509	0.0027199671137595038	0.04528660277425378	-0.05454582397053978	-0.012648273532181759	0.12084477157672202	0.07888428694018018	-0.063532097438457	0.014473748085905194	0.06513321996345353	0.06722163416286842	0.16288205572051978	-0.02932349311857843	0.09028569273190044	-0.1653921630117634	-0.02422948386524436	-0.0026007275775090932	0.12100645164474275	0.06653922855672467	-0.025963613012684683	-0.1228375786260908	-0.04935180582629531	-0.05308077580134315	-0.13089267784197092	0.06608412277556351	0.04645988096418644	0.12881253387104405	-0.008400204242836665	-0.014143385834524411
-0.10275246616041242	-0.0723241899423623	0.06550549426052094	-0.010096782571450639	-0.12475926256680142	-0.022652581443092908	-0.015466816227726683	-0.039319873468598054	0.09519725164865007	-0.1358990703190904	-0.026917267981346926	0.04624033937256678	0.0024417368939924147	0.05763706788454892	-0.022325329185622494	0.07514691967276094	0.053392423623690274	0.02600309843215587	-0.03374229796557063	0.043694518270903246	-0.1077520084671984	-0.0031393415464640723	-0.07254157694462426	0.0876686940294664	-0.013434135036921153	0.05476057602853817	-0.08833298039163465	-0.04699556091358176	0.038213349571299744	-0.035793284602015946	-0.03484529803336389	0.06818025589091435	0.10786832554331222	0.018098919876888907	0.023943943774016464
-0.08790981234744993	-0.022776984962664774	0.03490441365680391	-0.04280038438003122	-0.07070804178484595	-0.13125811475555832	0.05798871849571422	0.0880716498056613	0.11910265606642705	0.004079330702836838	0.08866533159868256	0.04218686828665753	-0.059938422731881554	0.05418300009596912	0.0489434498624606	0.049124505927300555	0.026828278995406435	0.05685686122992109	-0.007749054559277768	0.09270077014726631	-0.10705760047349927	0.04457869169780159	-0.1719211345675714	0.1334393750043148	-0.0127188359926243	-0.037421621174558495	0.04831736888967405	0.14372814626301772	-0.09417670507454817	0.15070099136885998	-0.04804774294293972	-0.00994805959643899	0.04533640568592667	0.01099328456685867	0.10730414579144124
-0.07846410183357039	0.006935456289264442	0.0039747260683299975	0.0034884108032221957	-0.10034464001625633	0.0457254484708897	0.05727902564344823	0.020108181431324257	0.09026801040488514	0.06488710112801682	0.01943732256042625	-0.05122091362557948	-0.011833671753878994	-0.07098318234373688	0.18544340803406192	0.05753726738576087	-0.01729102588197811	0.08214873506384986	-0.021103655439335733	0.1463118345489002	0.04857028261671953	0.04065735465935241	0.013899849502007178	0.053217190549857234	0.07933665452956393	-0.05171769407193762	0.08082576312555294	0.07662071282549832	-0.035399930724253716	0.0481273100527653	0.04353625876536901	-0.017772725278734462	0.016179186570366093	0.0043213219069345166	-0.06621958548134443
-0.08517211836202236	-0.008970849221122963	0.010720771062791026	-0.05130301487505551	-0.0921726956472849	0.05662175350463058	0.02387490312701705	-0.02995717351606653	0.03767172666247965	0.0007049629327962283	-0.029198703022246007	0.09527587783416377	0.030683988493933275	-0.0436363885422585	0.11391757296885967	0.09610664796071211	0.12462107522762404	0.09355984519633626	-0.0007347223697513339	0.018170348554837748	0.028222965192466976	-0.011044938277921551	-0.08180105269580035	0.026879369677373977	0.13206261598428737	-0.1164884724392032	0.002239565223926321	0.12537465437542494	-0.034971849976013304	0.004226508982407	0.037000002764010484	-0.061894334199150275	0.047626312017371275	-0.02236442831612065	-0.12891063238123568
-0.07671328901697821	-0.013516284060287905	-0.020409543997422366	-0.04522777649646213	-0.058417454935062514	-0.10545862502408598	0.039863264474072096	-0.031323076591856985	0.14879286914079323	0.021959219180165246	0.0015406467365679736	0.15519537109951972	0.01364932511289406	-0.04836493011722894	0.04377972768262164	0.13732831620897695	0.08199900651958789	0.037550508739778166	0.027656854238355493	-0.021618115107506074	0.012990932433643049	0.035449709451750286	-0.05073127289887272	-0.0509194822715099	0.05452416024253953	0.02407940272552856	0.0670336302407156	0.07108023070379454	0.0005818388921898805	0.05742155794452608	0.1069692332753879	-0.0048164047932074995	-0.06096898197888495	0.0182365169409376	0.06149992149433248
-0.0824798276776654	-0.025275822038482033	0.008196514013487786	0.08756980478276848	-0.12675586876614908	0.0034558211977165215	0.01954545173870726	-0.05774629143024734	0.20684380618311682	-0.020465756422565717	0.03663280685080106	0.011294796251396786	0.013397536654533505	0.021909716157374325	-0.007862792994646695	0.06511936448457517	0.01489478334055766	-0.004167353759840564	0.019488904523016992	0.03730478334371567	-0.0025198230899798058	-0.07491238744725053	-0.02792179808518927	-0.08088966244745362	-0.030083634317153968	0.10927727916078404	0.059646953615767384	-0.009605441597044267	0.07049175696142868	-0.0012549369115362197	0.07453769166658974	-0.08368804428402628	0.03791538569354544	0.11801553611071855	0.06492937440192077
-0.10239426458661825	-0.07069344987376654	0.07256274541444875	0.07650029369947615	-0.1409885750280495	0.02921853704807816	-0.03771933192519397	0.026688031263704764	0.1052341045146091	-0.08961876713326794	0.058405626369691	0.05707673241332256	-0.025613232020872536	0.07948875259705113	-0.06250925513329553	0.09527769451142695	0.007491229406404398	0.04913598897829663	0.03185925034967335	0.14736831643875517	-0.02166711608152211	-0.09451451581120215	0.017985266403369657	-0.12369123974925869	-0.05499219529033769	0.13710270104292788	-0.02895941807643513	-0.039743944974794845	0.08048669756048488	-0.18363928512407107	0.04012050216352073	-0.061638753011574926	0.05015204700687667	0.09377433105975286	0.03513070774673897
-0.10354875196997303	-0.08141472513961073	0.06589139531264664	0.043981228603929216	-0.14718834822939242	0.014585155198270926	-0.014168002893630368	0.030281245084016965	0.04452261083803972	-0.05666093447486645	-0.026282476099730813	0.08043112360244548	0.0907319901092863	0.08365069164588347	-0.05160651721533069	0.04223176962654282	0.06746255288387693	0.006814122835987417	-0.020446776848226933	0.17947001272458266	-0.031401007487987465	0.04675460999783955	-0.04594286096272732	-0.04331090389867244	-0.004109565286788075	-0.0884497663039547	-0.03637742465489863	-0.06964305150480904	0.07981664109911579	-0.1308492039338036	-0.1438374518703927	0.0334427083423246	0.11026835799508944	0.030475355284415917	-0.06350810323069679
-0.08847267190761149	-0.04071963251778773	0.05782733594207031	-0.005378639072137396	-0.11092858207386685	-0.06393333778520638	0.03849462561882689	0.1454788952417263	0.04794905384941675	0.12214755225434926	-0.0075406143951288855	0.061126878852650925	0.07038523889406402	0.0532637152627372	0.006840550154843399	-0.03598147262299464	0.07241252535064485	-0.024112429488379106	-0.09430757732079365	0.0468417570227998	-0.03354302665490208	-0.018933213393056647	-0.07388929790802645	0.02532401143259449	-0.11092975842558497	0.03679377497938282	-0.05600062276746037	0.009910088993042243	-0.008599575520816347	-0.0527626297967337	-0.06556107798317151	0.062498973756601406	-0.012242257264739431	-0.004060751140118303	-0.027810842092861186
-0.07756400099264664	-0.017284769252354316	0.008089943840287323	-0.01641266885040194	-0.08555931761206703	0.08845466673764119	-0.0598170969455941	0.09577267056785524	0.10492879391027786	0.04386650339348878	0.10014821468814165	0.05956904976638784	-0.0817568502344327	0.03416882999606158	-0.019941652040039216	0.012855212468807962	0.02250762091010794	-0.12748026190625472	-0.08480960331149826	-0.07469077789147101	0.03146888611168283	0.02688522697423073	-0.12106392246886714	-0.0037853319603938784	0.03583513784597012	-0.055132768616239065	-0.008054794529807272	-0.1025539198859329	-0.06563785868087395	0.05227803154539919	0.0042402951610910344	-0.021422066473174253	-0.07984103914428936	0.1185034772945706	0.06538932455823045
-0.08576630176630812	-0.03887539385362637	0.02964845490581611	-0.09235827640913272	-0.11892340051348317	0.06622138118590833	-0.14265938732095956	0.07675612776992939	-0.013974752206324662	-0.010351628066575322	0.009563738981375166	-0.044656490644042354	0.00797704129448868	-0.012941726553262803	0.0628322855271826	-0.07316608287310333	0.06402324816701024	-0.0546925907837362	-0.04045736218845559	0.10330707303654636	0.13599275861885302	-0.040742678270961195	-0.025590517616427687	-0.07509206579918781	-0.029131425696933985	0.0025889487876278473	-0.0887137095175597	-0.0577167362121167	0.04305533819579194	-0.04493608658213928	-0.0497219408150533	0.03279761875897923	-0.13673889722971888	0.02902487101890998	0.011245120602535888
-0.07520464583386353	-0.015324708023357095	0.012633066459644494	-0.08758121483861407	-0.09741194758412014	-0.2063903445754097	-0.055251460775553964	0.024638176571943726	0.07154334083360256	0.07395767635754877	-0.08991819603319007	-0.07947681862286445	-0.06592201489022032	0.04614734499234678	0.007665358764025788	-0.013489970007277512	0.1289760231288164	-0.11054612554545451	-0.05182853525957973	-0.02569765716843501	-0.00803178685022867	0.0003280116394339073	-0.09916314890589177	-0.09678188676304712	0.05719321076417619	-0.05807238212471057	-0.008278689701372813	-0.09692630458072193	-0.027023073593475118	-0.09264037280178491	-0.10352439183338741	0.15295433851076295	-0.0625891863612777	-0.11199043518928223	-0.0656126639484731
-0.06688160491558812	0.014769465204014105	0.035805582784383366	0.06976080375834122	-0.09738784409724595	0.0395915127477494	0.025957367158987787	0.05308186203648513	0.11894929430429199	0.12760509706250317	0.022264668680174664	-0.10118894021017837	-0.05943838381426069	0.05678601279809406	-0.0071581166111322515	-0.02584646496136131	-0.14916037810032512	-0.07534488347898502	-0.1150329493776446	-0.04465794359749907	0.06331896303054962	-0.05258364595324565	-0.04596046316611281	-0.052706056124076486	0.0038380032643875045	-0.18135136545234604	0.09579779928996024	-0.08659314108909773	0.019825729738459592	0.11120480753004393	0.03374465735202879	-0.05752534192820445	0.12447494345452056	0.005237571055249062	0.04220671828796334
-0.07567693703347353	-0.003426070878392488	0.028644074212453165	-0.03797628120298095	-0.09644811931117016	0.15942554473680337	-0.06597282387231398	0.1358746394792502	-0.004176641319351116	0.08444391335217286	0.06993047959954848	-0.014164073086418275	-0.03328485403405857	0.012780001563235612	0.015462866223150833	-0.0016109191481667035	-0.010558412072716836	-0.0010365454254631506	-0.055556022643551195	-0.011067594265044778	0.07071446506628429	-0.03914110016470339	0.02626036016981058	-0.12445408551337153	-0.16468869725212915	-0.12674169181367018	0.024545508932739362	-0.04414344087677123	0.16591691293720323	0.11327662447100662	-0.1623833864514165	0.010488222869824121	0.004571599291163894	-0.1824771983532961	0.06924861819039652
-0.06777439754460042	0.002873927664420829	-0.028952089901715404	-0.11940579294011539	-0.06521329214819613	0.0235747189152968	-0.06262711303380276	0.07020694304241355	-0.007662850723135032	0.15292487036633423	-0.022215407592652135	0.009975330670989145	-0.02212358720420882	0.002423443154925019	0.025201297848501832	0.053454537081081444	0.06092605750494401	-0.10109976020429445	-0.012182000319852396	-0.06888590619881135	0.10231092409854975	-0.03252050028857531	0.04186933597340267	-0.07667148363015194	-0.10994758935177562	-0.0779312985127774	0.00971780198685986	0.0938941050161234	0.0012783693388442804	0.007011198864808003	-0.02238870685879505	0.03543342773352284	-0.007520679200056037	-0.10264028682930099	-0.03281982906404573
-0.07367416920252687	-0.00756723544749493	-0.027802863145237607	-0.09899213055465476	-0.07300953435696585	0.09836620179519236	-0.11775432671966346	-0.033688343572983545	0.03401309697503727	0.021869277537067404	-0.01622320647444183	0.0977761421370721	-0.07223734223207379	0.004610276110397719	0.004216690942389517	0.04891510498083559	0.052112260502267964	-0.04726338953860471	-0.08138332308531346	-0.16738646018920436	0.07492290273019438	-0.13758770913202298	-0.07964112252889469	-0.043024263151475756	0.06816632935815264	-0.035343408385594036	0.05855112209281693	-0.0009885629218881892	-0.0040557526573229245	-0.020335580389056057	0.02711658935816357	-0.0012156549949656308	-0.015674858672762207	-0.04231007598714637	0.12470942518068026
-0.07872232994349655	-0.018894606941231504	0.006643953014327603	-0.14336535727832445	-0.07107581224178113	-0.019265715030470667	-0.17055211681028962	0.017445257732823592	0.037709594375244446	-0.03287732970118638	0.09569247053666013	-0.020202309246870356	-0.07222010598366767	-0.006351617359843736	0.00015910084498575594	-0.038451646368827606	-0.042122096896985234	-0.12432449858497122	-0.06891069785046408	-0.000573474619563882	-0.01341749886972917	0.051125001944632625	-0.1154107107125247	0.07357976991690028	-0.04355110845498813	-0.0869984617320324	-0.05071765174824093	-0.03048079484574671	-0.04957450321580067	0.023497674136406726	0.06317706003702034	-0.10134687486863303	-0.009631946108922644	0.09076804849073888	0.04859957697255361
-0.07448914524037276	0.006164913868573382	0.04743142677489439	-0.15583512738248917	-0.09941970694176483	-0.07513252362659774	-0.15976702128999715	-0.017138011784815655	-0.04951447058403338	-0.0009043816491025354	0.015354717074640888	-0.0765205872996537	-0.012831253908889369	-0.03200204536297184	0.09844484568942954	-0.11048780794007797	-0.03439009821689303	-0.029727772023365136	-0.10390858753128042	0.05299909634225193	0.03352654261187564	0.021392101398309563	-0.0373795080933308	0.04588724021170037	-0.0291029558313314	-0.027290858532226164	-0.013090332160050885	-0.05959065421419245	0.04276577668048009	-0.0818398594303426	0.017039840012166768	-0.01740100325513934	-0.07313310865382328	-0.005525743239657833	0.09127383773586818
-0.06719416224631837	0.03659280563587513	0.04067483581143113	-0.08007389834704125	-0.11721486185851285	-0.13960217365090646	-0.07982618921361273	-0.08049575160615641	-0.04163587362494642	0.0888266740302491	-0.04127370963464318	-0.08067118565595266	0.024509731101278867	-0.002380408097322986	0.07654890571858032	-0.06907347924188373	-0.04321626970248663	-0.05994478600854883	-0.1237787138474947	-0.006678155127143668	0.05662810928096313	-0.00669928899693812	-0.028935607659405446	-0.009967958814504956	0.02827302086453732	0.002007811467000315	0.02651824952084874	0.05557127915180067	0.013990357725067943	-0.0504206349792628	0.022720069131153355	-0.014591213745172624	-0.047051325333601214	-0.013212230618552673	0.05642680159681297
-0.06782202406757051	0.04677164448689326	0.09259232548543499	-0.021054247651656567	-0.15094194361759242	0.016948622841276732	-0.05555372166471036	-0.040843343361491084	-0.04581115832727483	0.05869368386045501	-0.006940122965193847	-0.0338243091185824	-0.005907597934406526	0.015045324957179258	0.16417523817937632	-0.06048205777771615	-0.04613915097277954	-0.05869788812144142	-0.13239952637074037	-0.015725592822505817	0.021731143300984274	-0.05866602437754846	-0.020450711225927454	-0.0113541735200151	0.0371669046654137	0.055646664640208225	0.020100966565034132	0.06767398270770289	0.05971614931786247	-0.0016495647009954761	-0.05212931902473745	0.004496162355364584	-0.0343898091972312	0.020678386450716728	0.031028054704211674
-0.05211612630587143	0.06425363282284324	0.03806385691305018	-0.07675887939209874	-0.10656629046903508	-0.060632870716598	-0.04685649998317133	0.05296905907113347	-0.02126140007637916	0.15136577917907404	0.03906626499665401	0.035151114114392895	-0.023799833511295578	-0.06142469693334308	0.12252694542009493	0.013192433017807717	-0.014352658043177431	-0.08935096409076639	-0.011282147568765229	-0.08583020400334299	0.009700641525429675	0.055386706501708266	0.006357424469275407	-0.00623942348991019	-0.02439219649892062	0.0009268650736689761	-0.049763004168536525	0.13999553191417027	-0.027671233957489993	0.005089695446277631	-0.03323561899259221	-0.006824868257650718	-0.02621942707602361	-0.0686894605072319	-0.03123387269906076
-0.04676930977957161	0.08037073427590684	0.022592385670330836	-0.062055964925212315	-0.11799964697634376	0.018714994191891574	-0.050560224010483754	-0.01383992321705382	-0.05019777936033833	0.11703404367459526	0.008618731959112107	-0.0008252662299180208	-0.034682314414160434	-0.06337184542570663	0.10705399098084495	0.041669451212073085	-0.06196294918698257	0.01465575107882869	0.022813845182505506	-0.10719992938515195	0.023213909726337287	0.01679658543617492	0.03574689226258755	0.005731279473717325	-0.007063187310933514	-0.008372186983972286	0.0010161168696248436	0.1118103761962565	-0.08113836160652341	0.04048826196580312	0.030025066691141244	-0.020474061007511795	-0.14828520599797676	0.024036505939321003	0.006664012224254815
-0.050488999355692614	0.08246564210417473	0.04759778579493295	-0.07212435832758643	-0.10197577034752708	-0.030730624287605354	-0.05045555473010033	-0.033585419313386454	-0.09008239507746497	0.08722207112488417	-0.0324510027762756	-0.03442764135044487	-0.06309438926497182	-0.047201227854513625	0.05617989848180284	0.057536068350148906	-0.04809494580930365	0.08891895148976857	-0.013977324478307213	-0.1203684780661369	-0.010965369118051363	0.0984171883884864	0.025292438135470177	0.0034819003860508905	-0.02534118146945373	0.016769379190362782	-0.0311207758469524	0.08249406995059157	-0.07465769895342003	-0.05877774481967403	0.06316614357042821	-0.06496254046271925	-0.13120812846144014	-0.004116633863110203	-0.07044424729997449
-0.08054995132792812	0.011026984358081585	0.1545672060915292	0.016413498809905402	-0.17707057604585036	0.14377655130466188	-0.0612619339045056	-0.19929112653199907	-0.159554339444253	-0.21434597271128206	-0.2502543874545679	-0.15531877936376892	-0.06422164418654622	-0.02396460366094089	0.05436211144500374	0.1379361270091963	0.0804843689708892	0.13616335872209015	-0.11809670230104491	-0.14779399732625387	0.07432293257692207	-0.008739564478617456	0.18286868945425272	-0.06351285350114225	0.13706164277069924	-0.030061925574030916	-0.19795075528439396	-0.07289946696947629	0.06519125324291346	0.08886572048188693	-0.11617751528723269	-0.20622755618026395	-0.08838658159297853	0.11807411418986975	-0.005844572619894156
-0.12560368963459992	-0.22126569050753148	0.2529824404080656	0.020550779951808387	-0.09859250041776436	-0.10816260506899636	0.10859436950264885	0.21006425950698915	-0.28443655326748085	-0.3749143393895978	-0.1234398040138872	0.14120636602850023	0.05905787774682519	0.15394730785439856	-0.06554059054278871	0.013363108523216169	-0.4647220349799014	-0.1607941392267227	0.23393977162185625	-0.09649444190296133	0.19426001356520695	-0.07517448871993045	-0.011106755700131712	-0.0032261596537337157	0.04828884405670483	-0.019971539712219544	0.07901295398994601	0.08003611684445416	-0.14406850650673023	-0.014794431147573603	0.009774200873477579	0.08701683900376507	-0.04857490650557658	-0.06819078384858225	0.007523241013592363
-0.1022112346175607	-0.0951255946217323	0.1195703961043852	0.014552176527968953	0.0021106554441037272	-0.19445451547566292	0.12957939247015765	0.15128181155466577	-0.07646553400168925	-0.055568320480266026	-0.06129576070397103	-0.050706189352736526	0.12683456967872805	-0.05869079464547277	0.11113967978767222	-0.02868685148700883	0.04990319453843628	-0.062885660178019	0.11831888957144986	-0.1527295429770898	-0.2280118078335573	0.050748617948960045	-0.1284697924079182	0.15588180800449997	-0.1401949406956502	-0.1201585012051252	-0.06324987920804749	-0.11358937884441193	0.11478904755457246	0.01222182296522456	-0.0706783833068696	0.08515230177635363	-0.030908017478490712	0.07766521939301396	-0.08448628733205127
-0.08022569853804659	-0.017755222251926762	0.06951411046915064	0.042598138518790664	0.04809876680478462	0.0009500733605035795	0.12269428894064473	0.05638560338271742	-0.033274161022202015	0.0014304199265190007	-0.027235826467405265	0.09479372841498565	0.05197991437180669	-0.16985382053930595	0.20462525224675007	-0.028727747654914492	0.05155457384308376	0.09145367791830063	-0.013555289075171777	-0.12344499157805457	-0.12824776822159115	-0.13699048777500372	0.05500966650295576	0.13665008831021433	-0.013786549237721837	-0.14153667230182382	-0.04064544294155335	-0.19835274487543192	-0.11817383744530484	0.140717700684788	0.09316975191217522	-0.03505174803028645	0.02287368297755785	0.09313172832530198	-0.03917727561367168
-0.06679606271781643	0.010095324295335953	0.033766312366309455	-0.011715132450570806	0.07841089514799411	-0.0171968112939259	0.04158563615288941	-0.08135288766408673	0.04047613090483247	-0.036878917346838534	0.11564491351051687	0.11524492729855701	0.05194333214083833	-0.10487602607348175	0.12354836490070137	0.01744401120086854	0.06975123712986092	-0.0772101751873203	0.12713486844450206	-0.21058740919387348	-0.04843592866056679	0.0016953527054086783	0.07480282589345708	0.03595065469493208	-0.029069518534147118	-0.02956836863503412	-0.028798214469159637	-0.16542150719371668	0.0198052599238665	0.14782764324198724	0.0858866756330533	0.024239020794777202	-0.055950771391282926	-0.0005025674478955321	0.058892115509549516
-0.07097810864099544	0.016114077581065714	0.06155175377045028	0.02136450827778444	0.048456992281472044	-0.029942060604298625	0.0421927503010245	-0.16561950754399302	0.020820621727167574	-0.045385915362774726	0.08943870481473584	0.009805509372304113	0.05782786934599887	0.010017567406516138	0.11381586219910171	-0.011419275669346553	0.0861586218688026	-0.11358981783377492	0.08455904999597064	-0.07270928432072336	0.004022470430164758	0.012044735650439325	0.15063657276459874	0.04452959444689067	-0.07282315635139713	-0.025961635709897263	-0.031252852237486195	-0.14415587512498218	0.11864219055231162	0.12844488293907452	0.09816022991009377	0.03944701552559239	0.004336289211178457	0.027482500594451176	0.05703794119782605
-0.07075199551457965	0.02457437842969728	0.08090738738057117	0.018348001356595568	0.07679993481236713	-0.03182255199499434	0.10905618123709543	-0.053368848820975444	-0.03545005102255044	0.03643919614123294	0.13770611497933136	0.0926193062691607	0.07261332442512379	0.1244504098743714	0.0741556009387179	-0.08495959529900107	0.04145820984311875	-0.07638953959633839	-0.1289772276184005	0.009513276337408194	-0.029159836794315844	0.0811093603360121	0.08434101912529503	0.02786643811511301	0.09706076533027569	-0.06379847430347674	0.07567672735021548	-0.054854422871845346	0.0038762646670399865	0.06196088923873384	-0.0005731647109008808	0.12007023302125838	0.016339858380847533	-0.030048995269711682	0.10123071107131663
-0.05903606460487912	0.030719743859390483	0.04515841416977463	-0.02147237404079506	0.12159918939287688	0.10592960151372315	0.04039562525624093	-0.005080205363546922	0.015119746466246524	-0.029537250979235073	0.19872099049271721	-0.013718974827864699	0.0005459682259778104	0.047556392020214576	0.05452256168878182	9.586954153821634e-05	-0.018449049648436078	-0.1920395244171194	-0.07145291058056827	-0.06254237577291333	-0.037367785018898036	0.11656108676864166	0.013236498331169952	0.021513103742977387	0.07583252751990473	0.06772172425893794	0.0494384091356628	-0.04228518316915133	-0.08907238579724377	0.06367408865043502	-0.04659263379616292	0.03428155566292179	0.01990279053740348	0.06798422870802143	-0.08048092372295132
-0.06410719931060888	0.016952749923442204	0.0372159138595207	-0.11718117947115461	0.09928843959300922	0.05757895482335236	-0.03960275105681302	-0.006305134938790757	-0.10062249348055721	-0.04831859980113211	0.08600944201669625	-0.16551744296335208	0.0723629910373652	0.019472405479528717	0.04785805176774149	0.04333785593807843	0.09289971054227505	-0.032487673233507236	0.014473350818580435	0.023269048635227767	0.046259613860814223	0.1206689089888935	0.15445183843121318	-0.016719826909433307	-0.011676954368415239	0.013841256631831372	-0.020752733924008466	-0.027564861705002545	0.02079091841820261	0.017734746348227394	-0.033617271339585454	0.061399318797898755	0.038381232547292546	-0.10215412597958166	-0.013858629813171965
-0.07682089989561351	0.006145052757877746	0.0800252603848609	-0.09259039074008334	0.09322577011761939	-0.10193708056567939	0.09870340539972576	0.059581101625902064	-0.0770783295641803	-0.02443547693562574	-0.012934716664792232	-0.167399820045799	0.0040946150113541115	0.1668368024596323	-0.029202443643764214	-0.012153189491971424	0.07792941856749847	0.07016707216760121	-0.1430389349189668	-0.02285520258158634	-0.01147112173266138	0.09072988789816436	-0.03633834273340829	-0.032717719654531616	0.059283884190800294	0.08313919003664175	0.12146348413563686	-0.010986596122502683	0.042943641794817584	-0.08348115889631169	0.07713244449039704	0.039509672295211205	-0.000321597819068431	-0.09045642067309985	0.031716872135707175
-0.060494726656796845	0.044168252332764515	0.06086814290639347	-0.0056594358525283595	0.07332961557738449	0.07387849952131197	0.14337345145596933	0.04660546464347462	-0.03755453702907636	0.030235812082375826	-0.013430472477142828	-0.1524831713149003	0.019791050614708487	0.11289870214259372	0.060477418616010574	0.007239188720766145	0.01448819557605125	0.10947477332966965	-0.15920465937883413	0.0660631696924297	0.015328258251866341	-0.07857909982206131	0.10297802595224259	0.04089969546862178	0.002067564282136919	0.0011712265712951753	0.09953143602912153	0.019207462745469445	-0.13053008549765432	-0.036519893561843327	0.1028651740465618	0.10194408670549858	0.022749798117957083	-0.0863129824800859	-0.007902786098770632
-0.06205891049459337	0.03457532018807461	0.04633024643997254	-0.0789532186718588	0.1258550513372536	0.09240806575021401	0.06563645333612148	0.004812344216677992	-0.03480025917473532	-0.08994147181135768	0.06490556276135145	0.0019604044906746713	-0.06602412409395816	0.12780218677469946	-0.0033057528782932336	0.05598659625391715	0.08743593765743092	0.019341495641534253	-0.0871031122943123	-0.10195777587931056	0.007592040491925762	-0.017931296811887702	-0.009974315054494063	-0.025247648884617235	-0.025663077321978568	0.019529237702279573	-0.030755218972690762	0.00033395684402728887	-0.17230145074614672	-0.12310426591744131	0.04644030121673548	-0.004551138563819779	0.03466615029312176	-0.13080005847371423	-0.04181785257348419
-0.06489515391421011	0.026523254936059015	0.058662033538555515	-0.08751962502999747	0.10297498120411566	0.024751008988118203	-0.014181158241482153	-0.038073182748130645	-0.07322640582106038	-0.1550296728026825	0.04150303735161722	-0.1622294400954854	-0.09350893225760705	0.06517279903321459	-0.009920522488628668	-0.009488637534407195	0.06694758554384733	0.021797337092843486	-0.017185454583514063	0.029322503041105813	-0.038727486778246986	0.03131427562409485	0.01101012523507772	-0.035931757171638795	-0.06867937728974947	-0.04953578413071544	-0.05114419359876908	-0.05811706247946177	-0.13603424950767387	-0.07598952779758328	0.009692507695337731	-0.0664651764435994	0.050650318519002764	0.021764979290114127	-0.09030380917323176
-0.04860074264312285	0.0530724970675073	0.033828222875231684	-0.025109743314866685	0.10262036098078627	-0.15575455242488684	0.0544631697403596	-0.0774308080774887	-0.05822770006179899	-0.035868172412544044	0.018133560091531446	-0.10290819136255598	-0.08431089263515609	0.07136378945200571	-0.01207368041971348	-0.009202190253536753	0.04470240390871372	0.024978605778055794	-0.015679085624462047	0.0028343011859803258	-0.04996730151307092	-0.1010737417601703	0.013442508795766524	-0.06327664686576309	-0.17010190157141097	-0.016265370101115124	-0.007102371793683917	-0.007147234495659911	-0.17156265598862222	-0.08531271544431636	-0.06714994100849697	-0.014899129311375048	0.03973479820873552	0.0121601691764859	0.15273005518270222
-0.043759554522802155	0.07389936877930554	0.05306437969899628	0.06960231903281014	0.08108157328993999	0.02176327526695838	0.09616029201858695	-0.10254870413816483	-0.017717259307046332	-0.036540769688781546	0.06229826375730026	-0.02962989404250891	-0.11546688794085143	0.010930295736332146	0.021175611525201282	0.03156916996537865	-0.07083177757007066	0.013681451753797601	-0.04726632148992389	0.01003150710401577	-2.3011592452701346e-05	-0.07047174074399117	0.008268280062389874	-0.036042094209156605	-0.18306821348833263	0.04298693543652156	0.040560505871649895	-0.02829924630177352	-0.042984351659449554	-0.07811298631068221	-0.029606289787459578	-0.020709685660273328	0.11410438907315973	0.06530239356135016	-0.02353812457683934
-0.05186866927355813	0.06006732243145729	0.06983758268101058	-0.03354727933173111	0.10415194991213983	0.037395897784152775	0.09103038413366955	0.006099900032085884	-0.05755423637638286	-0.03653974321493465	0.09392019362839348	0.116905470827687	-0.054628457746180796	0.005439381262073085	0.05129961484892133	-0.05011436816014678	0.008303838360378984	0.07693800792255814	-0.10171749298617483	0.07782466903065004	0.0015170844222202632	0.11231722284968729	0.04225919899709835	-0.05010029254235303	-0.091339090961168	0.017909307364418432	0.037286578204009546	-0.08049724143903701	0.03280421156633361	-0.10145592452684883	-0.03821916699380624	-0.06601208017608252	-0.013702757952745948	0.033968121425799996	-0.13903389665484975
-0.015931371636160496	0.08183303421499681	-0.02762947858529776	-0.011275258359118906	0.029512629352820945	0.0027161248569649637	0.08814965299536741	0.0035744765120550898	0.007348298246914851	0.06715291243442685	-0.06917969556892375	-0.06164295193071372	-0.020657192852364756	-0.07094166295492119	-0.06736877036246218	0.0708726477002213	-0.0649346599529105	-0.07038584038682019	0.006538872323983407	0.029591283965319595	-0.045180613424963025	0.03215968094396203	-0.007812445475781693	0.026107604327180726	-0.08059365591643673	0.05547235720259501	-0.1267286489446029	0.07174721396214229	0.018860181174207548	-0.045084667755129176	0.040878070882721926	0.05692155649492275	-0.09389007826824992	0.07653582340324222	-0.09385110610416354
-0.02929107948726385	0.07759321344158072	-0.013838070779905504	-0.050727001045938254	0.0378751405221193	0.0690847189127968	0.08552268516856998	-0.014566262667073311	0.13056516769114687	-0.029589329561579447	0.05208815957280244	-0.0246847515387553	0.002454123220686522	-0.03265244640238611	-0.052017360842685975	0.07074772550818528	-0.07401137542868541	0.062274899407928866	0.11771425439769893	0.010402477415507198	0.03539873223129276	-0.13459977125665112	0.03584553025778467	0.03896793453173884	0.05681789152319616	0.0006816790357809781	0.004531365575061369	0.033932154560953984	-0.03356027051769295	0.015753011168310807	-0.04988536768696575	0.16274762642233354	-0.14289862671793857	0.14159973013514637	0.11380344040298346
-0.04464194670187604	0.06481470366601988	0.03064088036289886	-0.07252702244084434	0.012641750035192306	0.05214312362634167	0.05788447560037611	-0.06532621547077597	0.10147972201859777	-0.026687172548928294	-0.0015830705475725984	-0.013564848859146657	0.1364720654825951	-0.01170082403984245	-0.18602273246108686	-0.050098033701622934	-0.004277736404296854	0.01839733535860942	0.04737932202284286	0.06743834466878532	0.12834345590595078	0.052307169066235865	-0.03062774738074285	0.008729328659970465	-0.018912666382960814	-0.005761604028190773	-0.05643361569440696	0.09649787958370083	-0.13288751177641958	0.16748957754774108	-0.04763592315262416	-0.03297183584373849	-0.048444259800808645	-0.00608832965218347	-0.1197848357512203
-0.05359952717370412	0.059626059342599215	0.08755601615319418	-0.09404189929740074	0.03957746166501421	0.025903306711465044	0.10522189767128966	-0.01747516072322724	0.13220485415009903	-0.08209130141849436	0.10694379919623656	-0.01756093631292973	0.08774128916486691	0.04570265822549028	-0.05106466355054726	-0.14250180757266134	0.01991290492541812	0.159483940417682	-0.01811474094960358	-0.042467588019943804	0.028259151372117427	-0.13094575180408255	-0.06181061443721879	-0.06898488317941058	-0.039006275696919654	0.03905161149197473	0.0345490564740354	0.030174094583009885	0.018427584719050483	0.06460616282419487	-0.02004503837764894	0.010908237512648647	0.007266924573699575	0.0634623283619156	-0.05058532204319223
-0.03147625312828823	0.0869148208209199	-0.013827931332225197	-0.10281957097073437	0.022000480467066895	0.019229653837664507	0.08396957810022089	-0.09910966905207885	0.09225542088521295	-0.021339004270430877	0.06818838749748456	0.07850189823728826	0.1532841899702669	-0.011885139799610407	-0.07393518616356234	0.05355970433153281	-0.04129376846443676	0.020914201925976095	0.0034892258524689733	0.03172107036761405	0.05162640148666681	0.044938385687569575	-0.008935017359877548	-0.0927534764898395	-0.007516312340132317	-0.1690168675147604	-0.017676961884341008	0.06815687707179548	-0.04488087247186963	-0.05435385444543406	-0.00786528563110514	0.07182808561856312	0.039559557537752865	-0.009809577139710299	-0.060171974135852624
-0.03512764109238122	0.08610634571240897	-0.01569478187024861	-0.14441354339630616	0.02220366811151519	0.0452250348668317	0.04165813191243831	-0.12569690340176634	0.02182433293304938	-0.017099093299092715	0.06849955586146288	0.07230240569635961	0.1382253783410327	-0.04588176598762799	0.0020634704737678006	0.02715339566318976	-0.03588466097017595	0.05253744508697025	0.0659069303872038	0.026784936618357413	-0.014258915767335045	0.08092879195026136	-0.0469560460365182	-0.05443178068028319	0.08920873612553448	-0.0339505906431453	0.0029175137120821815	-0.03941644405552765	-0.14318270718901036	-0.05575717223276452	-0.05616301891207506	0.012585250017670704	0.06966811277789106	0.05389340915812237	-0.1140334103528731
-0.03888074577195517	0.0896890730619257	0.04327362906557003	-0.12905558498816358	0.013827537941189664	-0.06754354448038664	0.013694378051369478	-0.09187832193613162	-0.014889403068400598	0.021093604406224604	0.06583061729481578	-0.009244312570213744	0.10649665535209718	-0.021985209057193058	0.002308675687528111	-0.08797885706987851	-0.0597269593524432	0.10420680575404738	0.029871915420353716	-0.002236964832706745	-0.01608470516565004	0.08689107197393411	-0.038490653351007556	-0.07462495032763491	0.0015129282873852165	0.16350555832968017	-0.021329998785028427	-0.021028716375811312	-0.1097764776693815	-0.0646473743614962	0.04321896177105126	-0.12460436741739603	-0.0053773419856814105	0.06796690641352261	-0.0646437038269717
-0.025611775486580717	0.12177040214555551	0.03183158517218034	0.020582123409274785	-0.035004242039729405	-0.09315612364839582	0.08994114098242205	-0.12980636817824526	-0.008620330355172914	0.06423147263124944	0.04119874461553341	-0.12923856195224165	0.0822803179010994	-0.03307578521064671	-0.020482948334354358	0.01682211083949107	-0.13803691880597618	0.027402658175423863	0.07434082736130558	-0.011521038223159601	-0.05348306397954326	0.06067205629349552	-0.021665489607655936	-0.1965723593835261	0.05793643142369583	-0.03768367280797881	0.02052421782528598	0.03635267424345133	0.04573830903371033	-0.10895558943978881	-0.010901122185689803	0.00846883502547878	0.09928037275743368	0.024334963045527014	0.08020449313694354
-0.03757324494302268	0.11680822802925951	0.09579772042628128	0.03057990552547446	-0.02556914170203672	0.0758071185744848	0.05894681753736235	-0.01964098590133646	-0.0728460746683809	0.07985757450252415	0.1293780075236475	-0.000499970546385342	0.04824290231329193	-0.041786413620057444	0.0957338994381063	-0.059785611406971965	-0.10811412001394533	0.07922512582968122	0.0436547308226033	-0.010625781074092311	-0.006695182943855835	-0.011426283339686719	0.029034126910125517	-0.22946927360204472	-0.04866700503343875	0.07118559502713125	0.0700867248026077	0.06995098505606816	0.007551742004307645	0.007253906568322215	-0.07007609900553967	-0.02042092043665685	0.059811105612094434	0.01738468688324751	0.026510726088862527
-0.0237166950308597	0.11169410662517089	0.018703188711456143	-0.013638827614492078	-0.017485333635941885	0.012208478314203427	0.0429604704272501	-0.03404736957004561	-0.06502882043973549	0.10783911042811269	0.06542591407116721	-0.024456851517710772	0.05736331559579052	-0.07607129262670875	0.023746411857985573	0.06143044494982472	-0.030107429843120016	-0.03369299140163449	0.10697763476666103	-0.008404635573791777	0.0017417176585633118	0.050708534081525015	0.07194383596490886	-0.18505530715613683	-0.04621039550092224	0.015306308775950517	-0.05416483116764285	0.15677784673827064	0.05939152244644254	-0.044736722015126816	-0.09278418317078141	0.09529337053104145	0.043849710447966095	-0.010666357851951571	-0.04499222546596981
-0.03725661286377402	0.09177718946033148	0.05616983649971528	-0.013439382282223933	-0.008336352664955785	0.08936621658310585	-0.01673044809393732	-0.07873501729023369	-0.08348243454295136	0.037776177652006734	0.03294431350319144	0.02308498571661644	0.05893872323917078	0.015639120643005905	-0.009970547475028216	-0.004620103152855214	0.05667862256719893	0.028437460330318604	0.04868989837967155	-0.05007032852968933	0.008856496061464466	-0.07276476181074716	0.06405710369331634	-0.030282546212186234	0.07858957427801952	0.03228867443789088	0.017491561851481548	0.05897696444496518	-0.04849530665222737	-0.04275391236548397	-0.06772224670614167	0.04564376049694914	0.013293093003971038	0.04349468066231592	-0.05898991682423453
-0.02901420949833649	0.09890386633360584	0.04058367995494834	0.0009193909827326728	0.0020909151433338154	-0.06439878975335753	0.022892229268487232	-0.08488790856999666	-0.06656445390865554	0.10444748151125059	-0.007386230220597049	0.021655647740510486	0.026407713746631197	0.09579745494576505	-0.14180406380494595	0.04777221295050315	0.04614021596381712	-0.004435598335992722	0.02683345896386729	-0.10202551686426156	-0.003682269291136294	-0.03307345268919007	0.06733321289328867	0.05395555196129807	0.06344333413772105	0.03786536413686465	-0.04281630088472167	0.1316191949432951	-0.010150105416307042	-0.12188517210003154	0.0890358877627236	0.12112176765157817	0.03665831400306806	-0.01522713527709863	-0.006018194939132231
-0.035917250189823564	0.09523082301826248	0.043019013119438045	0.04452663589792219	-0.002500200378946643	0.05478126202638255	0.0023684957975199723	-0.043118290094551225	-0.00595146759475846	0.00178515204081183	0.08980499933156764	-0.06735543853775712	-0.07593914369276411	0.11219372792329749	-0.14450607048120373	0.07634318881230026	0.00709164083692608	-0.09791893512990887	0.04548851037503791	-0.045104488716419755	-0.027947449685086556	0.050356670419927606	-0.04632117108238337	0.142065937110504	0.08094943333182229	0.06299249466445145	-0.006342421426114287	0.0969343091250233	-0.03885758501014504	-0.0010934147304774433	0.060831796092945006	0.05149440602279777	0.025980454721658885	0.1001510223153427	0.047493662738941754
-0.04389564632188359	0.08157016237372286	0.05394277374257549	-0.04511933556693658	0.037420976891159065	-0.006283846841120935	0.011532849020403118	0.1068675985425485	-0.058169625942093656	0.033721076798161026	0.11341675468783409	-0.03939281297083719	-0.08402735069459069	0.06199548349535926	-0.071558058486052	0.015173657671644141	0.023601337692894436	0.040127127932123724	-0.0015795538902273615	0.09332646701798833	0.039996457308159976	0.11336622780754216	-0.04306744418343837	0.10429702866265798	0.14049847770164517	0.02187425323950981	0.027215161259152312	0.09457836037846927	0.010206927541239565	0.04505503979674974	0.0929620195419835	0.056137730300299844	-0.04892504782801116	-0.01884507704116549	0.03747610030993863
-0.047080711505739885	0.06592232185840827	0.01285260513181668	-0.0009710165382300164	8.872046729348467e-05	0.020980190666318746	0.03928969935157786	-0.06817825701567405	0.02172438054812972	-0.03519864475818754	-0.06573724507891879	-0.1528049676378047	-0.05114462488071468	0.08016370812772365	-0.043785818769844984	0.135570441423729	0.12733007701946997	0.02471031082257725	0.058376486879069385	0.05807306094235012	0.04773846711091405	-0.0891620827460132	-0.00039247640198026776	0.04553788379451166	0.10674454296864223	-0.06446359799765819	0.034647545076429004	0.10122982814973219	-0.005411384339745013	0.09462313690481863	-0.041864698372106914	0.15296380876053653	0.02277457925927784	0.022955216409469625	0.08044927240411029
-0.08705463557881081	-0.04714068695317626	0.10005413687086108	0.0546555265070277	0.04857950614324753	0.14027246369362703	0.09767989475726814	0.011540821434750614	-0.021738959490352535	-0.178512199545285	-0.081889352988929	-0.06016084227806098	0.14804433687815147	0.11527176635228624	-0.003462434229905254	0.021164938375669583	0.1651562405571696	-0.038750784598745314	-0.05743001997354626	-0.017853769248391507	0.07935965496587963	0.023390902918744367	0.13656765432239343	0.017861413530460432	0.04024080137327182	-0.11195250244226684	0.10984473926020727	0.09585699840240627	0.2792952220675397	0.07648125827837451	0.0032979400505662414	-0.19620858893593465	-0.004021172477248126	0.05294087356345374	-0.028684144949212554
-0.07732810228643835	-0.044252364234270376	0.007871177753037566	-0.04864702231380532	0.11723749806431463	-0.03367458014887712	0.13680943245799915	0.22850554117814048	-0.01974142618302755	0.002248763920023716	0.049170176687011104	-0.010522297461050767	0.1601727444149848	-0.014232902614820448	-0.014474228288493984	0.05751489305168015	0.159277483505961	0.009808185628109308	-0.0329554194473649	-0.0905876904395899	-0.09601785721631272	0.063667456024794	-0.039909599985034634	0.01999841564698937	-0.11507457288872358	0.11119431646387574	0.04156684681671613	0.23177827814779992	0.08296301671029607	-0.02144674668578534	0.044081880417150714	-0.18522427362506153	-0.10966020387938258	0.0530763413921564	0.19856494989234935
-0.041928125396070125	0.006342369104126482	-0.06951200867646053	-0.03787976631942534	0.1066596748394194	0.057049905742162024	0.08049735524265722	0.13224878958742411	0.0398211438435406	-0.015992747474785865	0.02996978713959894	-0.11246511355283079	0.06200418992263353	-0.13950780934874646	-0.027065064508827428	0.08399756004874416	-0.016146588741418375	0.00621042667352217	-0.027567703555317184	0.001379675972148853	0.022832681957093114	-0.05956354287866876	-0.0429161363973634	0.05926557594547256	0.0012687968447877354	-0.032644618094223865	-0.0757649544578998	0.05851694308123308	0.05101092755730249	0.05118633615838642	0.11717264292119306	0.007691123207388903	-0.10883496635591239	0.09223410756509468	0.12262819045216061
-0.036881887443164	0.01608071684909962	-0.09096942622304155	-0.08199296910126805	0.11873525358948073	0.0482711288311643	0.019954095465874382	0.009403215680984347	-0.0023014476517088556	-0.08578921827469713	0.04168883830453865	-0.1088655326131265	0.010840482721431823	-0.128282330067456	-0.03343390035082572	0.09953048807483286	0.005055236967795335	0.007435050470033469	0.03710607473218065	0.0729725070851542	0.008253005745706555	-0.14552157813348668	-0.11559529959247569	-0.004198285204860926	0.041764857327481426	-0.10251093120331481	-0.09376352372686189	-0.010860851123271644	0.04943616355312733	-0.0024279200721592786	0.009110079051157474	0.025580579919586323	-0.09770819439650344	0.07669002990852247	0.0559159905801452
-0.04396334060660306	0.011256051745520844	-0.06203953108282288	-0.11216953152928305	0.1499238391529206	-0.05171533336153374	0.02441225097876192	-0.05482359054975324	0.007464964454757086	-0.09037154452198069	0.008942750900002634	0.038364650125142334	-0.03791747290213055	-0.11877283996441014	0.08577715094187782	0.016874402434027286	-0.035835246891110874	0.015911543449881178	0.0354793968235321	0.12055029093765646	0.1025541582377109	-0.12452161078579864	-0.06453718699928658	0.032807810487332764	-0.11727206287602088	0.053940521614657386	-0.004405396107369647	-0.026447351118265038	0.08562831192756495	-0.017626173367710385	0.03465488775246475	-0.03833138958027964	-0.11603414672043044	0.09556056492069188	0.009550072435315207
-0.03240850453643767	0.03023383013983231	-0.06860784261696308	-0.03033647974530506	0.10528196935922973	-0.035326666323370594	0.05533137250857049	-0.15484017331850336	-0.006804879210377603	-0.046252126623562005	-0.08926586929861625	0.04484532773162718	0.008341239294235666	-0.10474033051675016	0.027204958189872782	-0.01776777472622602	-0.11920335654443384	-0.0935720448296255	-0.0858592212577029	0.10690275266487001	0.04390227133085281	-0.07047983971005763	-0.06724860927397634	0.01002792230170399	-0.07260134211036072	-0.06480979607080946	-0.0267014903663092	-0.006824588302626541	0.12520954538694373	-0.04790353964551724	-0.020554008274518958	-0.008215652724551574	0.0036886279826739738	-0.0351849978205622	0.038876590612516554
-0.0345716537355999	0.04071475457709777	-0.034867362393291364	-0.0035793621231550374	0.11245902481216531	0.053709018375483863	0.01241131771458503	-0.12119987101183935	-0.06456372871987245	-0.05986624754588241	0.0022720515245507875	0.07735407774857174	-0.019305354101653315	-0.0822714633284923	-0.03509976827775794	-0.0009348071942720309	-0.06832869646120096	-0.11542970995782016	-0.09724692037245293	0.01568942496222025	-0.0072057829182484885	-0.03393413034596249	-0.09499635997988445	0.07376338300289305	-0.06019148088209251	0.011319285815550702	-0.05788931837017741	0.0005846297644548023	0.11326146280615791	-0.1076234061093998	-0.1282125801896263	-0.0036189061671748034	0.09424846002009313	-0.039213130949264124	0.11908367913053061
-0.03366410370347129	0.03391415188572548	-0.05039915364091417	-0.06483654141830374	0.12805156729461342	-0.02988848677181331	0.033691423846813444	-0.04978331301979148	-0.06721302938074315	-0.024903649134596913	-0.00030705383436579396	0.14077283380531502	0.007189151073843731	-0.10085426639277892	-0.05400894324695457	0.00864534837728087	-0.032854491420636456	-0.06853950152372801	-0.08856161068683457	0.1358950832190478	0.0323382825835852	0.05726657587952772	-0.06253280996264847	0.07512691278991643	-0.0010792314774913728	0.0038635690015687736	-0.05187595949484822	-0.0012573334263846873	0.03953974191440994	-0.01202700865470361	-0.17580446475611405	-0.06974744720728197	0.00782301678263576	-0.03806214083635147	0.012418983411691484
-0.02781179787677243	0.04248791456414821	-0.06919822427570563	-0.01669147106163462	0.07387824525244077	0.009606916163950744	0.0653058628867907	-0.0928819749342511	-0.026191193257833784	-0.003038766133196677	-0.05130789743454842	0.05874766676870617	0.07528798580567876	-0.04807308932289261	-0.08885231883947828	0.03272437836986837	-0.0639550130738596	-0.020643145276757535	-0.09695735443372361	0.08285541348220626	-0.04343364768899232	-0.05440330144017262	-0.09089751905991725	0.058076606683437906	0.026726025327585824	-0.02879111949763305	0.015322028977586687	-0.0050028685865942425	0.051680699674422605	-0.09853879261168415	-0.06233931116168834	0.003682885866421598	-0.05265693592354705	-0.07532346267880745	0.05579490137781244
-0.03628837785464516	0.03474366789474611	-0.03357046350249558	-0.04766988887846409	0.08139773445174589	0.05122171100935673	0.017906260964496327	-0.033106813655344625	0.040609038280591564	-0.03433987159033494	0.020339335250462547	0.10617920951974222	0.08511799411752277	-0.03799080364603102	-0.10219178471753194	0.041529476832771764	-0.025451746008872306	0.04547099007659521	-0.12055855214526348	0.023952946297933396	0.0013667723098583079	0.004391992254951332	-0.0611089059140342	0.0020056299991280876	0.10861694394532666	0.09291745294744949	0.1640071168592778	-0.08100164550173178	0.026267195497295663	-0.04093809453822025	-0.024450070137947262	0.055249173163082956	-0.159622249289465	-0.12299008308391646	0.08733187483713409
-0.04405219567442128	-0.0024912073882296473	-0.024463092089284332	-0.02156902105316046	-0.02983885707153644	-0.0010277428904620824	-0.05864598190578803	-0.055087372597238164	0.15864728453757232	-0.03821198315281691	-0.1462677196598394	0.016495186327372464	0.23929769654537525	-0.0926663117989385	-0.23762693398700965	0.03254953901734223	0.04754554233485704	-0.05470058666949074	0.0311396519412665	0.08450434303582102	0.0789379931621613	-0.05017208398750196	0.05963323866689162	0.03288068448969287	0.009136000615928896	0.03364552370491112	0.10651444890808855	0.07607610978901214	-0.049932779050300274	0.22834756082105667	0.05755226533271528	-0.04517525271970582	-0.027375567701460185	-0.12831442980281804	0.002129457386007498
-0.05478748240680519	0.010960917643120027	0.04428406018929839	-0.01754267573694423	-0.010710508947725074	0.0010713571041751613	0.005784331331205328	0.04842881899038674	0.1408800280038517	0.02531326941017851	-0.08385480748462172	-0.07546033093317855	0.09700003740103658	-0.06518582746521626	-0.1682992679866711	-0.12278024359810824	0.02521415570609979	-0.015248459262085977	-0.0392965506340359	-0.04011515232450513	0.08840354407724742	-0.11956528181753684	-0.08657856585304832	0.006362163584470417	-0.048688535902340985	0.16044883840096583	-0.14980313295974296	-0.008623246780540869	-0.009833309905898681	0.2481389197514881	0.04958496990397057	-0.025829502714476274	0.12663909943786783	-0.22231103825606222	-0.19599810189162833
-0.05038876380320911	0.029592387767389774	0.07715143975669271	0.00740148602411448	0.009717546663996384	0.0035701056824879495	-0.015225712014709446	0.018522206354219476	0.14307750607112635	-0.025463906063207	0.024546253875499927	-0.003191460327889416	-0.003879919828657673	0.03373241993891805	-0.10860345926875381	-0.1611230242290603	0.022594986359405763	-0.015633414604853905	-0.004774582312387983	-0.11929843812020414	0.02653477051904133	-0.21657799603856742	-0.024676048030239824	-0.0006127119691890157	-0.13222901446643903	0.06779546282952537	-0.04594136822626592	-0.055592399362268195	0.015883850170048393	-0.019326441400939365	0.042485134942895963	-0.04221285642254312	0.09043709768314626	-0.03143457629666203	-0.13130723992792817
-0.03669390966568743	0.04576642239932453	0.029478147271665187	-0.008212935568958225	0.00941137186483824	0.008794918692586825	-0.09633886915672783	0.061536744072612906	-0.00042869080325044155	0.03145898187775409	0.06763795617968806	-0.02191337652620344	0.013088658811120661	-0.09662781050097345	-0.10317330256474408	-0.09599016763923232	-0.04285411062743591	-0.04642423794475456	0.05269847223994351	0.0444879200759743	0.1096843923464299	0.005557962549303559	0.04485684076687067	0.0594838294242003	-0.05548637409387412	-0.0748608730486029	-0.05684886306572697	-0.03855217488431387	-0.07063194586667157	0.05405933538493733	0.04197511922723013	-0.05911633949944685	0.11406191620329885	-0.014517005333924589	-0.009487790375837812
-0.03238768375852673	0.05656585597123867	0.014011534683832354	-0.0567989855048786	0.02897827113645774	-0.028474522082612915	-0.12914952118124204	-0.07102522664610629	-0.05043680512249145	0.001453421638398226	0.028239647195013685	0.10478716101864592	-0.006418213218929848	-0.10381986926952634	-0.08210704182204438	-0.06997331371309432	0.04907581274390532	0.019733602499088884	0.025372670902511833	-0.0701158026928904	0.08234617893671994	-0.0825948869422902	-0.00815716004428579	0.07477343055006319	0.07218166710504205	0.020739713342506096	-0.018398541643239473	-0.050827133210541345	-0.019373389833605138	-0.06346648558518125	0.14647796281292313	-0.006857561113087121	0.06945750343910748	-0.062420461371847924	0.0059438456821496385
-0.026212483040009487	0.07166458346889486	0.07361523364543038	-0.03135931436715032	0.0237822878638936	-0.15985312543779087	-0.12233901904756084	-0.08869805650123118	0.015085819250374784	-0.015136227848882257	0.003940202643592332	-0.017995352217949803	-0.09070503210103348	-0.015232739126306788	-0.04674826190424703	-0.13507802726366622	-0.005079057897386189	-0.036326486782311145	0.09285242418272899	0.0012159803531964202	0.049882039973046216	-0.012598428853753434	-0.0303992640474506	0.023745736336841804	-0.02055270054590593	0.13537552974192835	0.05296672879589426	-0.12018025679414153	0.0010653000810184558	0.035345058477648156	0.06670507545619254	-0.059855099060417104	0.0023931112711481003	-0.01854489879786737	0.0766421846469815
-0.01995678631442709	0.09708337328585692	0.08923677855300394	0.10163822885115828	-0.009101749078658551	-0.11331195734324842	0.00015614219135632874	-0.09581459846718236	-0.028735719180093475	0.10156512734977408	-0.05773851846671245	-0.076023555215923	-0.006338988685742666	-0.05730523017802201	0.002920517956762478	-0.1032776152096009	-0.06032654731420956	-0.016999260458739222	0.08189605310368075	0.07412745858249149	0.09333860487045897	-0.013973473054974409	0.0014582145180538032	0.054631535110981885	0.08987302259954306	0.004942028832368141	0.0037447257858168083	-0.06191647557710914	0.013961856750982701	0.017947198650038687	-0.0064425358084776105	-0.035309781499003476	0.13456838860241271	-0.004804888574071509	0.1145387106370626
-0.029126146408386906	0.09646877663350169	0.13548093029292455	0.13405113383248535	0.0141208325760713	0.024237591157904387	0.0036569473207882144	-0.07180618281105698	-0.0642450366080298	0.026805981044570944	-0.01869963558115042	0.11755127722747917	-0.10497124088912285	-0.03954925636491017	0.02158250136680576	-0.12075087509686686	0.03923354694693968	0.011037527461308979	0.011690872600996154	-0.03495348397336798	0.045156168498414	-0.06777357543039933	-0.09250067250459082	0.016797551272458633	0.10856144893587563	0.10056389350427973	-0.07510941219163292	0.00952193959411813	0.10825155113545551	0.003771871915549831	0.07256736201060059	0.0349719045732195	0.1574002799556664	-0.04472137636713335	0.011025148110269656
-0.014222695888510587	0.09839024255174718	0.07674097284559367	0.09130939469795177	0.04436129092056008	-0.05133191367816563	0.0009046058830069274	-0.0382393214144099	0.009394156718225763	0.02484217025393876	-0.02526724976890858	0.10032288405034766	-0.1830868587324428	-0.026319192791343125	-0.022323671533598797	0.022691681000619766	0.08263330234298348	-0.09715836551683117	0.15085616994874695	0.02098373983787152	0.036189663270864675	0.04312280010227494	-0.053551109380307334	0.014284275694506972	-0.012657096098745726	0.10861560246830648	-0.0864308611122405	0.02641438237881276	0.061783197012728795	0.09422087828784148	-0.03153116100755767	0.07395400985952955	0.006572724277151986	-0.002592461273086155	-0.002219446824576164
-0.016835993360627462	0.10728317987823034	0.09839598302335673	0.10329174543977146	0.038590868144093286	0.011864705616652798	0.04156142643741375	-0.0012547168355079871	0.031533362842407604	0.030594024022886593	-0.0077571241850508755	-0.042220868376011855	-0.15224038668809617	-0.02953813838368266	-0.04176399615041647	0.026755153861811768	-0.02657051715757268	-0.09316981007720823	0.11492957970252775	0.07337479974051597	0.03001184256951237	0.09214701507644422	-0.056363987839525245	0.07871240607392332	0.0378598423573685	0.048109851181028396	-0.03403970931406276	-0.07742352451854406	-0.002386873987096569	0.024298164997465038	0.01861856812792354	0.0075819577321795464	0.0022752651211400132	0.06736050947792381	-0.07819635568196279
-0.027511230424113707	0.09270277983827467	0.12453849165595984	0.039260474920305224	0.03753758262911703	0.03571990879378905	-0.007014225382518903	0.11107121036033996	-0.045403293374539765	0.045471362879383734	0.02909859097989239	-0.010646932618693084	-0.0856560862723327	-0.059780525451214366	-0.03528504982184545	-0.076301871653681	-0.02112941527203197	0.07364184691475503	0.051535505488113226	0.08136150021324197	0.104467712649446	0.08688059490907453	0.013077014670363946	0.05705190918997283	0.025188047527307054	0.07618256341874168	0.005846013068767728	-0.07392498756141806	0.08382462778723068	-0.0008397535983270046	0.03643864720652495	0.016248150100050183	-0.03740479136954594	-0.045756177053600446	-0.01875692098042124
0.004034605802611986	0.1087239260865459	0.04052049557850524	0.044295077025126355	0.0176315725214056	-0.0678389091095447	0.026813923424489444	0.03274034535333622	0.00015041380922088462	0.08813500708281462	-0.0883169210007918	-0.0817875159307438	-0.0389411019934359	-0.015262393946343641	-0.12245375902678796	0.08470783969692025	-0.028482977485145295	0.013464966280177133	0.12442165215409484	0.0029215471522815797	-0.018825308526203018	0.09571935901022838	-0.024444742732536006	0.05544160872690816	0.04024809357462751	-0.1249727399802347	0.0424417029721368	-0.10400474969494992	0.1296236927784655	-0.07408410897090856	-0.057598087205192584	0.025978862580551272	0.020198179479860485	0.038189077822971776	-0.04289038604950143
-0.0022540507677876764	0.11454183306660758	0.06383944088858139	0.0426898511090397	-0.00361144756472017	0.12666659084971554	0.011136963459229378	0.032763054290106	-0.031888117208415626	0.07656522094249478	-0.0779701901787785	-0.03849971371082523	-0.007818271496989437	-0.03623250593535299	-0.0340037902757056	0.05695946998435209	-0.05541999614171537	0.07874970205154284	0.16425004477237165	0.03407964980657778	0.028089859367044917	-0.026167134911175227	0.046996756995602774	0.07875501519791638	-0.060165278778921534	-0.06488097340726642	0.06627946891407474	-0.10248997806836224	0.12160481495995225	0.002396808190106753	-0.11913792513689422	0.0801176452424974	-0.019941679819803472	0.04600845272809887	-0.032259643996623066
-0.0001774164277884202	0.09491806454742155	0.018566591735743047	-0.052274299345172984	0.032507829047614	0.010893133174448767	-0.019203275375751595	0.07367035951140101	-0.06012427823656032	0.09935338782866564	-0.07844211215555652	0.15621682567427977	-0.02934400723369076	0.01816466128033971	-0.10994364878257651	0.08382454853319302	0.023158476471492537	0.06262099728008563	0.13298551823982865	0.004321069361007157	0.03193550480402051	0.02342582358492694	0.01768902016276465	0.08432126768696495	0.03606684593055119	-0.04619909353340203	0.05083166070601277	-0.05869480383358622	-0.0039147187070921585	-0.0295278528994597	-0.0401881813156921	-0.1046434370759865	0.01080977321372296	0.0701748773765133	-0.061009257024163537
0.00741409800455396	0.09566297753821604	-0.0019328767101641467	-0.00518413961444298	-0.024960234018229163	0.06078383667135788	-0.007943413217981813	-0.030502193977331442	-0.025113960331300388	0.05358916832023833	-0.1869509447864082	0.023831008135244972	0.013498895676264996	0.05394551172007129	-0.03919835450151535	0.044019565846508645	0.03286457471786436	-0.011103664211907206	0.10015747689614471	-0.0039166573743085326	-0.07603226150766902	0.03341486159734865	-0.050139732194326665	0.0990910492384476	-0.03174103851000491	0.006506269678982161	0.11393641600864882	-0.04609425263808545	0.02181339208935782	0.021307524437526558	-0.06329467795579591	0.04339715977410798	-0.012399160087335746	0.08882614646906441	-0.05107635408346085
0.0035523582811528022	0.09390700705574041	0.004912543097643222	-0.0394768912168375	0.013688403071304594	-0.021129772562477025	0.04314507521802079	0.13079713600262763	0.029812009471784588	0.12715467896706928	-0.11028926016671474	0.035296623497591835	-0.07368595391653976	0.044195685951937416	-0.043586105096438066	0.03965651205363922	-0.03135768696296261	-0.01319616948708023	0.06233310481683364	-0.03331776241659877	0.002444629810062743	0.08840303889025079	-0.02711120055250155	0.05648792012595755	0.07488208840593122	0.07317656097233688	0.043421779012063115	-0.0820982943820887	0.14904062525930348	-0.006248695181117873	-0.06822282498118402	-0.07168954219043028	0.015177216547258371	0.05263953101247883	-0.04792749328217449
0.022532998057059293	0.09270094610050134	-0.03537370587339543	0.03615302990121668	-0.02825792642496883	0.10497942494469799	0.04251314475285494	0.058800690574603666	-0.0213320246227148	0.09606569268115586	-0.09207467391542704	0.0563069964347266	-0.021067569152043775	0.10130533181900615	0.03122325572175398	-0.03910916564644902	-0.03107742520933342	0.03374801457657022	0.015085252898123899	0.025175495470539565	-0.06952361198283616	-0.09659395164212788	0.05884392486261508	0.10157470806954946	0.02133312614659197	-0.08600980572658196	0.03063859397179787	-0.06106466637477918	0.0019013963303009486	-0.0660988385264969	-0.001010691613860401	-0.050493316862921946	0.04313822950531559	0.01099643967698117	0.06442279547706597
0.008215560225740066	0.07434252825289143	-0.03418936871987165	-0.05609569480416569	0.0236866392558073	0.15072212328372228	-0.0751953278399991	0.028678611264500217	0.023502760114604965	-0.05688086020155513	-0.06982311210831138	0.11792566223559213	-0.09466423300337466	0.08845949202074381	-0.058798612273987104	-0.039224427403982326	0.06454064347024878	-0.055879446719228634	0.10181165572565563	-0.05835473710863069	-0.02387725508374182	-0.0037912831419855313	-0.07700896399549868	0.056093536062349125	-0.009399311324877618	0.003996090596368122	0.056638131453627505	-0.05496960630368798	0.0658634483459706	-0.10191766714667708	-0.10882851775125939	0.024026566359114647	-0.05588699546061001	-0.06443551565123956	-0.04771140672101376
0.024823383079858072	0.06233505575436355	-0.0876798369521133	-0.10821175402828846	0.023009397569814818	-0.09898138611921294	-0.019119863957876584	0.0037288113719432174	-0.002061266552220927	-0.0003766840040668639	-0.10606927811749994	0.09646960132937821	-0.058549067797293235	0.15995131970048176	-0.05904893212264369	0.00885601107640088	0.07386641984864643	-0.07097497542883562	0.08420908516114421	0.08638435820176309	-0.02960734907486257	0.05882216310897827	0.10375861805101541	-0.017641339177438226	-0.10040754858743187	-0.08322176996933231	-0.03994677503807619	-0.04996592249746455	0.026900487753868364	0.00514753115319181	0.06604037351578504	-0.07711066134322252	0.02434387595689641	0.0608458515816036	-0.0007348610149129561
0.02387286317951615	0.08277996574453239	-0.05323492422963734	0.016089200520440623	-0.040463156233559276	0.07685700297286806	0.06713063356474344	-0.022930034274294436	0.009132842816792464	0.04829247900601213	-0.1829650370518666	-0.0848230007583278	0.037471775908954945	0.12006569077142062	0.07426404014589252	-0.08430805090271355	-0.028924493315976414	-0.09159750905064631	0.011845287616349818	0.051753848821114494	-0.11102674622128529	-0.010852703998302085	-0.02072103814039694	0.015673272008054257	-0.07575389178707864	0.05983737392266079	0.015015725081282549	-0.03941312562367085	0.01398051371025523	0.04337766109227387	0.0539770328919656	0.02606203132963212	0.005928650870967445	-0.007496187090150384	0.01761960393958561
0.02214389096175519	0.0757470024772779	-0.0693447918881633	-0.05191455231653551	0.006337408096885662	0.08070304733605294	0.05464866942350728	0.13875844470972631	-0.040947259489133254	0.09495738130270737	-0.06207376896772265	0.11693485076211063	-0.005227263625663632	0.12307215181699588	0.031964364121627	0.006618162798234286	-0.007706257406531634	-0.036812356508211894	0.0514845273596692	0.04510683060828825	-0.04921979262750645	-0.1126653884494234	0.10360976470102591	0.012930704635694228	0.06364820927494855	-0.0033074519046575254	-0.03674826643492306	-0.03782380663582115	-0.06458670338640918	0.03377843206406074	0.004545661676650086	-0.16047829893090218	0.020328975635121378	-0.044775602874037604	0.09927267901767235
0.023502388793213872	0.06623438238154748	-0.09018408001578153	-0.07272602360873273	-0.012634888254348949	0.13473667273307957	-0.02909357328711463	0.018386519337524287	-0.08065770615549268	-0.05288981119931304	-0.11020284426957874	0.05455281581671206	0.01099310573440961	0.07530770317459151	-0.021509763442020872	-0.017496166713112927	0.04877060272448491	-0.04755963082930066	0.04019645323688554	0.0416086293081216	-0.18988636174861714	-0.016085869735956618	-0.05217736643725822	-0.011559680614197553	0.003213778380703386	-0.017746688004853194	0.015438398810651788	0.03943558693840147	-0.09076564187781615	0.019844364132186078	0.01731288363010887	-0.01230418901331392	-0.026756627120597697	-0.09016531833609927	0.04908592097440077
0.028923410881246246	0.05883496204536409	-0.10781973496159991	-0.12908726045900534	0.007487969270087317	-0.054559581577053186	0.010233837640668052	0.07826149226280484	-0.01911280587069328	-0.007870096887832774	-0.0898378518701037	-0.023429963554691464	-0.06207829215225869	0.09838541282759986	-0.023492156461315493	0.028946139846882452	0.03574091240395822	-0.03538926408417526	0.041839171797527684	-0.01636070499022555	-0.15520824906858782	-0.02626756536540471	0.03492547440675754	-0.10098720521469706	0.08243401705516494	0.05059529483357008	-0.06658573074343568	-0.028028102367087727	0.03693072775418332	0.016158431967114074	0.019702665504341604	-0.0320980731250395	0.04571682443831068	-0.09794790628623976	-0.01986710075956282
0.02256456138568911	0.06960397358228289	-0.06492449930117437	-0.03040203009457889	0.0037592573349183047	0.04867189244295486	0.05516700604885451	-0.010698473809536846	0.03604107257138582	-0.011066337769101826	-0.14573384913471032	0.004859340396477622	0.0044759119220426765	0.16466620862584902	0.02036948198140296	-0.10112667769921847	-0.064883361939148	-0.040879068940088414	-0.05823116932734703	0.07966110474575089	-0.0971185029528209	-0.015207790120938938	0.024086709082761514	-0.027588327957753535	0.02307728967479926	-0.03304910538329066	0.09815616266712815	-0.05564623402700741	0.12202262307548795	-0.0703811971627347	0.14744717408271713	-0.06471512679740596	-0.11724610450037788	-0.008658425165666339	-0.06646227464893754
0.04440204764167324	0.05895528700601075	-0.09917408039045619	-0.05202831318552557	-0.04655984586154665	0.06271773437876783	0.08709158728629789	0.08723955029315617	-0.020557187275678825	0.04380653107521647	-0.059779227495624025	0.0017210887006174746	0.02690980729202313	0.05888462961702725	0.07508637261083413	-0.012717483815122377	-0.06013580091350523	-0.08273036907718746	0.03354124796039721	-0.025902279849106945	-0.07851768735448302	-0.036216934302208355	0.09424580288519603	-0.0972519985458823	-0.03516880006345677	0.032028806915092634	-0.10793321340654789	0.05416050310288537	-0.028955600950412295	0.05269978365057964	0.08680035417961929	-0.051981769311619776	0.03843177614819828	-0.024551300809808715	-0.022467792567848904
0.02878444518528566	0.06253040904729451	-0.07342226247903463	-0.07343534420202834	0.009141060364435918	0.08458747348082474	-0.022013672221309545	0.0949523065584088	-0.003187389835757532	-0.028203176458315934	-0.03929900177542951	9.209547219436559e-05	-0.019043629969076256	-0.019916162620343875	0.03742527263892054	-0.1127282451241509	-0.05833248194580428	-0.03093595287762674	0.05648167455912444	-0.029480845338655203	-0.1424750795179153	-0.07173510674634109	-0.019969780184832055	-0.07371869222473403	0.03244175180398345	0.0500692361453986	-0.08085798004300668	0.005538141916365456	0.10871515828052528	-0.002065505686847907	0.059874951018480796	-0.061905711329298896	-0.10551717848907283	-0.05161762073283932	0.025401321270533184
0.04445772478212938	0.04075092571529855	-0.12069820232484008	-0.09585272008175172	-0.013405493745418166	-0.03495217552788135	0.03042117894026153	-0.010160217201576548	0.038756215035097116	-0.07252905006870186	-0.05510206005401526	0.027661088298286236	-0.03435180232237846	0.06699338191918053	0.06386698258118366	-0.02043986752263371	0.0025359531260872184	-0.06953419399136165	0.08741766337808664	-0.030445559954072835	-0.03593214642062954	-0.11325286267623474	0.07346478423556482	-0.04793681047158352	-0.03270422682714832	-0.061501156214672906	-0.08942518047503759	0.06632406966475086	0.020036485739077466	0.0015555524024781567	0.13914514505668205	0.0007811562670171288	-0.0003454786774575447	-0.009270695661679214	-0.0046236515925996285
0.031246825028654227	0.055054063922363505	-0.07751773555569534	-0.07246464056383238	-0.011033859863406619	0.08658744370181799	0.008946382178043114	-0.010906897076295908	0.03416434514258025	-0.06762083050263223	-0.13853150162289535	-0.006272735225615394	0.07012463818646915	0.03655439975393157	0.092494950899075	-0.1440753732444528	-0.032737310813893736	-0.09194316405735428	0.04259753987491008	0.0451840239392368	-0.12466034604651971	0.023155164111478423	-0.07376485950262364	0.001785338658002053	0.05001040420856054	0.01714264566695517	0.07422915883654435	0.04844587240674229	-0.021890162801955618	0.029294337836449975	-0.001115247567559513	-0.011607912172560669	-0.09845331873780584	-0.009461977201788763	-0.04009055913277929
0.04623080961084767	0.043986308553433696	-0.10669421624660243	-0.0906742785437081	-0.024132515805647438	-0.07969701950285756	0.04576133915558087	0.0866969542134423	0.0320032351046535	-0.03540031420664053	-0.02403497201276431	-0.026748142231620434	-0.02462699648951318	0.007800157428605327	0.007219591952433185	-0.009361179587570373	-0.038197966419361254	-0.07206003447337075	0.020548285874773628	-0.08187788155690612	-0.0923372512698359	0.015902877658221005	0.06720552929209196	-0.0882827313123122	0.1699652205046327	-0.0222976214005247	-0.0884601028052514	0.019242892012919358	-0.006024919587238305	-0.01880135843989525	0.03463212687554209	-0.056180338597737425	0.11745326896885414	-0.0515582454895422	-0.086730585343758
0.05364939509758179	0.04645742210904553	-0.12087302984246567	-0.021429805267102694	-0.06327481218485213	0.00519039248191679	0.025620131794010067	0.03357489062252518	-0.022223728475018977	-0.1000435552740519	0.09246357974800636	-0.07259095194249136	-0.024995144079228804	-0.03532394678478156	0.007621731088245016	-0.03778815101804782	-0.09537803338065842	-0.005767273129699713	0.01975161165880971	0.013844459289186426	-0.07960309652105467	-0.012461745303976746	0.01969828381436832	-0.018964634973269563	0.11748670141837687	-0.06715356737404166	-0.05355272637973769	-0.020340871668265134	0.0018302146343482286	0.04041943526137503	0.12244907016554728	0.03905463162907917	0.06999573643000942	0.047987714383623356	0.017226277068584667
0.046106363016022237	0.04757229791941178	-0.10245878421506939	-0.04759009832941318	-0.023660043954373426	-0.03711085296112757	-0.02819058664214247	0.0205128653312446	-0.011701965783421003	-0.1381872668458152	0.080507523185679	0.017984324148350755	-0.06938075173296714	-0.009128186002976034	0.033338815372207085	-0.06558034811015775	-0.04330924497872749	0.09517255720280735	0.056365099045151475	0.06284359688679751	-0.06073334880765553	-0.09946315934901552	0.0664888039203848	-0.046085263706571455	0.06497297884403434	0.02857755604719932	0.03865431539848815	0.053472290540305153	0.01017304498000057	0.053827402936194785	0.04395640179326764	0.04129955221656437	-0.0639295084898805	0.028035985236023842	0.04504300113825131
0.055696452663401466	0.04039387116368341	-0.10072351791373563	-0.004570069360508692	-0.08001598701740521	-0.09864062017339978	0.06464636484566184	-0.11700828159239794	-0.012039564306337316	-0.10333371542171035	-0.036366449214450355	0.061091252284322974	-0.01341359479708911	-0.03801406749551999	0.056717441788790644	-0.010241775505368571	-0.009525309455922202	-0.010063587826987054	-0.02667075207858512	0.06314439530182603	0.013483288693258454	0.05570504165841544	0.09767001236148952	-0.06291253057813062	-0.10292939415953811	-0.056602588298235314	0.039561046591005684	-0.002222721125501006	0.058980901381281814	0.07987397605086453	0.07761951225422545	0.13649771939331984	0.023969304379221373	-0.015364715624895157	0.024839060613679933
0.04445540851458656	0.06301956889763824	-0.06348146738561418	0.011628165783042616	-0.05156625661750721	0.023632094995199478	0.11110185405502015	0.0060303973622536635	0.006222017758821725	-0.039367494832068056	-0.04852639093365307	0.13614822244361705	-0.02908005233340846	-0.03624126883693583	0.037235480587694346	-0.15404710673698616	-0.12788302444880198	0.038962184988910006	-0.12304910377765244	0.035760242907112286	-0.07217587661399741	0.12897820717264197	0.05762152254686473	-0.07107305042908876	0.031114308951265747	0.02795951880262132	0.06472101723120813	0.03455555894146716	-0.021060374656775977	0.09809391889481452	-0.14305102640252632	0.025702218762794993	0.04949139757586482	0.022211769336560716	0.055202345625788365
0.05988680352770761	0.040452559116932296	-0.11548642848364593	-0.0056018819767694236	-0.11096647991619231	0.03359904212550436	0.14206091724108447	0.054163608182617035	0.0016540045514014095	-0.0293441035027851	-0.009832019403033002	-0.027182717164780774	-0.006142416972253367	-0.08677439214602908	-0.030732433752756534	-0.04080254086688007	-0.062347143240390486	-0.02504620145107389	-0.05057057018217997	-0.1071524879232698	-0.022731374659087453	0.13443865023292242	0.06433382979836387	-0.03132978149757209	-0.08535782575303391	0.11233601309809332	-0.16003544413947704	0.07691133004514794	0.05187834382974237	0.04457993926528623	-0.08421777209920814	0.10150415492464496	0.09226115339278051	0.03715280157221846	0.02810424221384264
0.05031199373525576	0.043023012695103675	-0.10576642072789227	-0.014272315399483272	-0.07889827279966397	0.047217616370588036	0.04727022870794639	0.09830693259585574	0.01106064798135102	-0.09421367815439494	0.00014575433790032244	-0.033558775024105834	-0.07620304458897528	-0.0903085512542873	-0.0702622405161374	-0.02890237074708753	-0.005097463421255182	0.09495503960173243	-0.037038702236704996	-0.12185867162789679	-0.03584962691080727	0.07644494008064333	0.048780607804173946	0.007625964121011323	0.007179163460984614	-0.013554452788187059	-0.09984730270785092	0.04742646241536232	0.052595342981438226	0.04039371758256867	-0.05885460688650101	0.15416490400386615	0.09057030686925954	0.007108970859248892	0.09906080367987814
0.057167368467454134	0.01617384943138252	-0.10624620277679667	-0.03243792465532595	-0.06694630736958035	-0.031040162822589545	0.04580116379447657	0.05419013840962064	0.03692943157751579	-0.1293843659485026	-0.003140327497491227	0.02448624482624321	-0.12882117158320383	-0.023899279020795517	-0.07769625178665898	0.013047436361784823	0.019464348482351786	0.12356469388299997	-0.020800444980712936	-0.07395578270255161	0.0664919976751095	-0.0028397741754832414	0.09760511311206835	0.0763804932287607	-0.1280902986917127	0.009038244759719642	-0.01831554943261277	0.034111391233633666	-0.04506114792392897	0.01678337705852534	-0.09528234207154426	0.15785286271754154	-0.039046120477137264	0.015265761689073634	0.04039332067425373
0.056828175104102534	0.016016098018378347	-0.09272205693936776	-0.012952224161546533	-0.06035460353372592	-0.04259830626353494	0.07689588747748398	0.009554325249441175	0.09246419612246887	-0.10194890568668379	-0.053548234192638135	0.0985336007498106	-0.0696242303125386	-0.019774354569079538	-0.031002051037241834	-0.09856456941863978	0.0017054992671088412	0.10150226587404873	-0.15582729789054195	-0.07411137571744511	0.14490779092870057	0.11788559592672186	0.14342590841116537	0.09066671241800893	-0.10678213753249544	0.013413983916751318	0.002766227705114529	-0.03936912573154844	-0.00011098910874230566	-0.02474170137334382	0.00103464457667031	0.09437591286261707	-0.04576451935095813	0.006659487421933518	0.00473687978489464
0.0581406112503326	0.015170176866446955	-0.11751180993321221	0.04705871190856688	-0.08822544845145515	0.012247061432422265	0.07233681465674432	0.01804803931994882	0.08291012178955119	-0.11694725632072152	0.06795751809399707	0.0049751229609417014	-0.036318407049537586	0.014243264145785632	-0.10951749829834304	-0.08462644985336132	-0.044352242371637374	-0.048067458031423135	-0.10710238278474161	-0.10232980640674516	0.05612075703823195	0.08615767072387202	0.0347103317100992	0.04323821191370788	-0.055816837539835594	0.003933197010982568	-0.026469083038563757	-0.059553563695866424	-0.06198569663170375	-0.06393810142460427	0.006815603686010946	0.012885440711816652	-0.04618048225387318	0.051254842447393575	-0.0307087054457697
0.04378124526012833	0.03385514081811338	-0.09491183045050415	0.02073860854501759	-0.045076626356636396	-0.003939880465969532	-0.06291758114153957	0.09777665791336607	-0.009886763013291786	-0.11061124043496301	0.08576759909714325	-0.04663884042668356	-0.002709442781733024	-0.0324978745161092	-0.11420695335524496	-0.19201627510074426	-0.004716103682947025	0.07413097617795306	-0.02441385597339584	0.01820244076388415	-0.009065149901205258	0.04818865993208587	0.010997716053267284	-0.055744196512352934	0.060155540269146116	-0.059283034422541486	0.012138767000904174	-0.05055867480997657	0.028267171090655897	-0.04844596663093534	0.049108432541027106	-0.0659892551622933	-0.020823060299673405	-0.0018084565002812886	-0.018166405999695857
0.06283896991000094	0.0174228509212298	-0.12192569377537488	0.04045621236696425	-0.08818616836589932	-0.1467250712773883	0.003055806919795914	0.0030230129338118714	-0.07280499636066862	-0.08438118336623597	0.07650014169794957	-0.10992384695399081	0.037526755457053286	-0.0009949201347797126	-0.09729664225763843	-0.014197192843156792	0.06028357699232799	-0.019647019663547666	0.0006632668149269549	0.013581949797573961	0.024613487713968887	-0.03350732065515996	-0.06051575088589972	-0.09704575333197032	0.04394111198897664	-0.1047583976000325	-0.001241188060298909	-0.05695768933979109	-0.011346734574807223	-0.016210269850572154	-0.00425310635551848	-0.019982979632111816	-0.010053280522011543	0.02727759071852331	0.023185355908865207
0.05660830850872046	0.038895601973470584	-0.10817963311860355	0.1100730562775093	-0.08738552262413635	-0.057708138940340416	0.051130449898735136	0.007035294785007697	-0.11977886928592589	-0.05965176353046454	0.07335625592376545	-0.09446414071080986	0.00306434429335793	-0.030374890317466475	0.0024175934955514584	-0.043752465521659185	-0.02241856114183296	0.031053442744148247	-0.019640563682799737	0.10404562586058921	0.0422350843099902	-0.018135571518285	-0.16120781212119006	-0.02263284553469848	0.08151841286317361	-0.08935794125455446	-0.020382412369727577	-0.058902319361179054	0.027210164555256555	0.03159442250570939	0.06029546563413494	-0.08340563138128332	0.07105336834313264	0.013189790180268689	0.05202484345589644
0.04722928231374672	0.053816551536072434	-0.08418692589905055	0.13185028527886603	-0.057036286248333276	-0.023247956508269642	0.003434258658773481	-0.011248188912863208	-0.08640943114285862	-0.10124590809890523	0.0326569686486808	-0.062431304942964866	-0.03634762171735371	-0.021450815528602323	0.04660624230446157	-0.08057377577284736	0.08217140067184378	0.061366606309050865	0.021074677384274414	0.07568496108535683	-0.03137278153544978	-0.10164759209171097	-0.20431072621795465	-0.033393351400244825	0.08815534851445464	-0.06665997367364236	-0.006760423930029978	0.03989366361141999	0.052527442353902984	0.01214936563569343	-0.062182212197965894	-0.07424327866560793	0.02060500940024477	-0.043427471619429864	0.019837294959732424
0.05618024821024788	0.02689489891778663	-0.10208777894059602	0.12325612037231418	-0.07257118625395055	-0.12162162481460734	0.10866718185119031	-0.016854428043586254	-0.1022570554426182	-0.0485075208685625	0.0465416624021146	0.11212303144589766	-0.04369095880987379	0.013566242050350926	0.021108945083415966	0.064892794749824	0.09122867559126491	-0.04946913562949018	-0.041211257227440755	0.10016314059804296	0.12986339109936096	-0.03044216846615826	-0.008159282188379378	-0.06947038685876744	-0.028907160564792794	-0.07119397909202403	-0.026083480207739793	0.05702923012997042	0.0711375938474521	0.05281777225078481	0.03268990489282146	-0.08856336113570411	0.005573736834146167	0.028371155983871882	0.0010080066631441256
0.05843186242078241	0.0251849662880153	-0.10766643007286876	0.1419014373316822	-0.09041197853858286	0.05487438877498953	0.1246260615619355	0.02070362171428244	-0.018319057572748435	-0.07343047160036995	0.12150291254957422	0.09115120405295106	-0.012657916710903683	-0.036179050772755544	0.07044127166937401	0.03643481204269537	0.003159068237600045	-0.1457150220722601	-0.04375888948306661	-0.07834668389492869	0.05605544543309497	0.0037615418600829773	-0.19826030041444132	-0.056178190886347255	0.08494057614941602	0.060076710147618326	0.09155268518690146	-0.01783434285159724	-0.022686170844718804	-0.013334084620277967	-0.0620262503853922	-0.003797016327104899	-0.06892026715414099	0.004455770193493098	-0.11521271354739175
0.05724940695458485	0.02358227103743245	-0.1228667232468962	0.05013242917869746	-0.08973018400950163	0.06355766973751098	-0.02054023012711821	0.06883846806855552	-0.08655870995871223	-0.06733287132746306	0.11699539629853613	-0.025019118208166373	0.08133241323503027	-0.11228783904059879	0.05557998211729497	-0.0015826387671773853	0.08610474782803264	-0.06853920688467768	0.07790198817870629	0.07695232559827175	0.11963024313367007	0.045076380847495066	-0.034285944232727864	-0.005788222368217227	-0.024869224611150327	0.02456611436798134	0.029424320277245248	-0.030624582035566478	0.058363886746075476	-0.031469117959855596	-0.021343519354996118	0.08227771536606036	-0.00016402437386142665	-0.01826226809965823	-0.09786408276610198
0.05889649549030919	-0.0028464158485249002	-0.13544978699209195	-0.03291668686427155	-0.07600932680004055	-0.09274969806522161	0.005988163635324062	0.04268475768900298	-0.11979907621152527	-0.019627433292621396	0.03712603129646642	0.0349151199614293	0.09809339744259142	-0.08403733723463157	0.017586249302147854	0.04696293440684446	0.1278635623645191	-0.0446386180421499	0.017304172360420204	0.005508188604244624	0.1810435296490068	-0.01400618189322022	0.017683645465414986	-0.03640220255785721	0.02557031714314092	0.12963546223489048	0.021690334949119008	-0.08861002444289309	-0.06375884310526764	-0.026320667332283672	-0.07020856368467462	-0.02746479776507342	-0.021653091148766457	0.06357963829787433	-0.15854293039568612
0.06041128309804367	0.009587029871471782	-0.10985784303981916	0.06760015707042072	-0.11351416539131856	-0.058692963829788024	0.058253564595128066	-0.008885444281387822	-0.07907888288043285	0.014357773363493262	-0.02502014030346768	-0.04866848734462516	0.1140554381743531	-0.009211746990914439	0.022081486292662482	-0.010932454154108588	0.054213543813488696	0.005183088604959734	-0.07737076660845506	-0.04525804003140323	0.1486417183342591	-0.025665573276898578	-0.03619547701463563	0.10967058346870964	-0.022163832849087635	0.15051659277517773	0.10243098258788097	-0.08271609681452868	-0.03065018887609443	-0.09768357623243527	0.05362257465303252	0.03809678712358763	-0.043858151381610276	0.06517121911607941	-0.09899679673323458
0.061780642944207056	0.023649281205266343	-0.08921211046110678	0.09403027073843617	-0.10647091474854523	0.025449485933183122	0.036222807036590615	0.03635594127474407	-0.11601737890242209	0.028303245941481175	0.008338063640685664	-0.012566774871223051	0.0968062389736263	0.019115191820001754	0.004350755325091248	0.03289303652120733	0.09664305098730044	0.052289489246267626	-0.059695152697624085	-0.07456922918982732	0.08527122353597456	-0.04669386321703642	-0.02204911162509989	0.1623493076452575	-0.033622575920229505	0.09796126914257328	0.06272393879109389	-0.02239784636753788	-0.07587416451497324	-0.056454840916003585	0.006687636265037253	0.050904924759496116	0.03861256494995337	0.0278248898713762	0.012494045423041146
0.05882621994902696	0.03150715319788612	-0.06158620270472502	0.052913366938138987	-0.05733758402651286	-0.030364152180240803	-0.010756589773305514	0.10947341857047975	-0.12027355713100331	0.031745723650665275	0.021971599828503868	0.03695784954266547	0.04373600014656873	0.01945093988600598	-0.02160602150543805	0.04077170208763866	0.07186151758538396	0.0953739010021601	-0.03724410573481316	-0.1057905013084277	0.0658008984305412	0.032778039686536475	0.029058910040654123	0.10289351546140442	-0.05488295902899245	0.13772504422979884	0.07841525001903285	0.02817687855118288	-0.027576746138674387	-0.041807936778725574	0.029386605078800705	-0.1302078019987324	0.04905381733521506	0.07425132268382739	0.06592411201325311
0.0646296913587364	0.032965578674891936	-0.055918098905617095	0.08566377620891538	-0.08675562632349189	0.03765847865740778	-0.034697423094473344	0.02037227330374035	-0.11281385102962926	-0.027919721611136247	-0.04699419449923798	-0.09028912712866924	0.052886482959463986	-0.026618038798977662	0.014201293966056216	0.031982062337699714	0.07906743498540957	0.08966314403674375	0.008284218150997932	-0.10043635250435234	-0.015908825215555804	0.07532342658076176	-0.08583821425926891	0.11155382660117413	-0.12760289378006906	0.036217660236920524	0.08483004862517841	0.03961082739814581	0.07973042851461383	-0.021930076943327794	0.0960614349080447	0.02689645025695929	0.10306200733601759	-0.016203014712519496	0.02486218649589688
0.06534876836043552	0.025617826556066297	-0.05852139689980268	0.030082478298692934	-0.02419108539504839	-0.06979779364321011	-0.009744432163334349	0.10701743050161588	-0.04282862708990851	-0.02835630677315437	0.024544793575656386	-0.009801268213978712	-0.05870446198294937	0.037279525761607014	-0.022607848225088437	0.1052510646948839	0.05172160679661908	0.10519830733059861	0.016937441590044133	-0.07630170086176694	0.043028003547024456	-0.03554549712195672	0.0016465268156351746	0.01388265089623375	0.09221824271594126	-0.037957679897509096	0.06460989876967939	-0.046938180328528534	-0.04054349158012421	0.06696617206447047	-0.06160095301364522	-0.0603381432203483	0.06872034587280272	-0.0720063311755304	0.0444693205153172
0.06825802121283314	0.03695154728852398	-0.041963498095565294	0.057381973092917406	-0.0560943846375955	-0.02430924020818083	-0.0736332279777788	-0.030202410134953988	0.1130304487807366	-0.05829648702830045	0.073702891546684	-0.051447946633347535	0.0833858712839864	0.0848072102440939	0.060038270531342766	0.02265400862142469	0.049736685470227644	0.008594966060887109	0.10881865743124534	-0.09121001546921609	0.024185938012062848	-0.02706327995348966	0.07493977375334299	0.10393884302108197	-0.05698610206403643	0.03954169264911897	0.17189716011176245	-0.048889490570386426	-0.06862039850182068	-0.032316318414584606	-0.031086315016745077	-0.040812556461378796	0.04108518501020254	-0.10308227278476079	-0.03334095381751895
0.05812496336362655	0.058515121759415256	-0.009626802719812408	0.06592661721546278	-0.038068968551018934	-0.011767424685037057	-0.11212089408684184	-0.016267304847715176	0.10091377037928602	-0.05414954067875025	0.08726548678733112	-0.03978534412035601	0.06280480735571718	0.07266617903668894	0.04266221978452121	-0.08443667885997329	0.03942636613114753	0.010890167731941203	0.12680778890100738	-0.025567090044346045	-0.06346295847496045	-0.008523154653342038	0.056186121412466164	0.09775024090503065	-0.04702795234240127	-0.03171205412477911	0.07746678177777763	-0.024219180016065614	-0.09503709828203862	-0.043174041795876916	-0.09769159020757615	-0.1050146306435974	0.024210730364003733	-0.09861066884169688	-0.028834456579986185
0.06919711004120906	0.059712759402267244	-0.026916906740219074	0.04215621994652287	-0.03250122264906428	-0.10867037480309717	-0.07076407633875807	-0.013048440858241174	0.05678167578298304	-0.013760273809618079	0.12402946014402456	0.012239576878144604	0.03584664240845357	0.1055926175833622	0.049233419488449705	-0.04040447265766305	0.025382628315270394	0.024177459490703324	0.14507210592817638	0.0027980392024816864	-0.025430851159148067	-0.02712138261073423	0.06339322077345798	0.027179401273873294	-0.045314503821715216	-0.06975773575046794	0.0018929453576660114	-0.0008792453616783204	-0.1063286148982659	0.03850427862505915	-0.1397894036801697	-0.09506356951365066	-0.004893312435713962	-0.07241257036798032	0.06962021572944352
0.05594474255093896	0.06472516470448911	-0.0003158051047627864	0.09587887480163244	-0.020185137655407064	-0.04505872241786448	-0.047726036283695955	-0.05667329185901864	0.056360634365510816	-0.06697398797839718	-0.0008879350464227729	-0.007923291346870432	-0.06260361430800745	0.06721270927739627	0.13180613434828137	-0.07181398717327081	0.05164877340693565	0.0264794458529006	0.11860103496035754	0.1025402697402373	-0.011094109107890403	-0.033651644469780154	-0.009380393174957646	-0.008002079303794957	-0.051913069022313296	0.05315744410821727	0.05539944402703334	0.0029414951302626224	-0.09890956327735052	0.05823085713257775	-0.08580095770724037	0.010296839961287177	-0.0486666311341349	-0.08379602044128383	0.011814818041585962
0.04825744949343217	0.06590064092224049	0.04200853747075734	0.10703586252150092	0.04300913118055082	-0.10524454783243332	-0.0025330565368153245	0.025825309643654735	0.032023626011664995	0.019850712631158965	-0.011008394779288305	0.13853789651607595	-0.10130664552088314	0.04335561625079775	0.09101860183438945	-0.0448789220192231	0.05502745788640957	0.051409706301371	-0.009172276667808595	0.10703289049255196	0.02962416908408384	0.05006894123815746	0.12405382615677488	-0.03015702136315257	-0.011906850498602234	0.040434933943223575	-0.0015652578066299265	-0.011529097976056215	-0.014266603017349968	-8.749835322180519e-05	0.02288696137902805	-0.09516952108437246	0.0006241669888908397	-0.029271670615783466	0.10586548766253888
0.042262380290281974	0.05234036940246478	0.06822171429812415	0.2207259399822268	-0.016957065659193086	0.12126692648694955	-0.0647163687084632	-0.10700314533787901	0.028524903134192647	-0.12292651610252107	-0.12576178721238374	-0.10038374896835531	-0.041751579997798154	-0.06906270207602737	0.023802792044991024	0.02822938767586098	0.11290708791851642	-0.11784902095586017	-0.019049297701690747	0.00048926061358932	-0.037578567484667716	0.23501384655792365	-0.011615656286134257	-0.0471937101333287	-0.034192620223821676	-0.02028456329164014	-0.0856420448635609	0.03469743057575202	-0.2308914188981549	0.1298402514951681	-0.07501983768603404	0.008067592487790133	-0.03112895264048749	-0.11001331857538461	0.18970369094625625
-0.008048333564130173	0.008768464562878725	0.12943267918038948	0.14052983730107427	0.14897294124994676	-0.021559571141689313	-0.06437858493643984	0.18271951844160564	-0.033251626474888496	-0.06088260669227483	-0.042597599379553895	-0.000609667859571592	0.07301615406384115	-0.22507022921859338	-0.020136307360809312	-0.1204755847229636	0.039382832907343325	-0.07230044694160717	-0.022773245796831657	0.03425406202753453	0.06839417773924422	0.04196331396661523	0.07264655626424425	0.012139981687423002	0.01579723753063977	0.07465719190851983	-0.05445267191627597	0.09125088944406146	0.0666650353244158	-0.09037662273968276	0.07888027865839105	-0.13593023005077434	-0.0020550165690796877	-0.1894915912219707	0.18005834977023416
0.03736193695645863	0.011130902070250163	0.07067800133920836	0.12105308928674802	0.13038020077543766	-0.2165477262346901	0.01598253361374472	0.10442153106111494	0.06028876933454479	-0.006880523596599921	-0.12051924101201347	-0.056626267176438545	0.07044821628457515	-0.1971782459869075	0.0017843814499619926	0.016246861982974394	0.1869597966568022	-0.09386408435201611	-0.013268550773625692	-0.034023458788396216	-0.12384314277778327	-0.05254671444363648	0.02345649218064446	-0.11658335998671562	0.09906266012588694	-0.004263763510882402	0.05641436369590824	0.03805756386633523	-0.07512758378293062	-0.1353133817756321	-0.11475881443819226	0.00161047449300903	-0.04671049134422401	-0.09882157946954445	-0.006063763361504231
0.060526519711143145	0.0125768529143692	0.06510290593535557	0.17837668146968252	0.0931134588966777	0.01766543653275803	0.05747435308376556	0.13059018118443888	0.11518536888270392	0.005971419123666503	-0.013849062323649183	-0.031784850626795244	0.016427402426778735	-0.16897864820946315	0.11093454502120721	0.0012113498179331691	-0.007156209462285995	-0.03629532991954426	-0.0557445592409183	-0.011471809599052744	-0.045930349405322084	-0.07479807924058761	0.0380187944121106	-0.06678914975749642	0.12952870702967526	-0.08426886265578434	0.038020005275395244	-0.013686135825262957	-0.10234076979014038	-0.018930593207163303	0.08243567433479602	0.009992113160382878	0.015054235365366778	0.0811309665945116	-0.1069957209805581
0.05006815876055613	0.017547906734899414	0.07025555721115329	0.0942631541327834	0.13036326990464503	0.09474061412058933	-0.09144914478805415	0.11293484504413923	0.07788484122834008	-0.056574459667671814	-0.030190623623521103	0.012656041813294043	-0.0408444558976454	-0.07387060985485919	0.01612267635506803	-0.07925292919432106	0.08068874935908547	-0.014473578165768629	0.015454225456800981	0.0009221742550892809	-0.0319442007019877	-0.11099033464621932	0.061306532039273734	-0.11382236224345012	0.003783133727108798	-0.029277608490069468	0.021885002254224496	0.033596546889919476	-0.03731833104296815	-0.08369388941280276	-0.04792740562524728	0.10846587681310133	-0.08085030806438806	0.029847965143692614	-0.07761474466015522
0.06755884134065002	-0.005841035033238894	0.016631729837845027	0.034271279056105455	0.09878063668386769	-0.02991363729101177	-0.080270638320794	0.05370170447283211	-0.007493400405098575	0.012367862239959893	-0.055235735906893874	0.10645085403866945	-0.0018753051605051028	0.032530231719738685	-0.05719562511853631	0.05065173396019475	0.06927120504033638	-0.06676427216730166	-0.10538952017699	0.007800381683941792	0.06537539777129918	0.05310271011237126	0.14511390749263772	-0.11494635788750539	-0.12177954178412959	-0.15847613165965826	-0.05468370546016632	-0.003608675324148415	-0.052363241638379215	-0.08646253334134378	0.13132961676469612	0.07640244930508949	0.10893387720148473	0.13556059221706365	-0.059944822375587514
0.06578465498937237	-0.0071446942853790165	0.01967612834682818	0.018300444991949976	0.0879010025174732	0.09335810895001852	-0.13297246608258753	0.04061039481595484	-0.049380502755252444	-0.014383418414665798	-0.11139419006532418	0.03438668488025096	0.047090973938584114	-0.030357694424460107	-0.005986851699254737	-0.008023511785585006	0.0010491326208367218	-0.05922180157408326	-0.11842126651132757	0.015801133082688264	-0.044935675931349756	0.021885744545816512	-0.06910800783735171	-0.06434438647105332	-0.06900790939027146	-0.020338009826779253	0.13404303395437334	0.0007912771759380072	-0.1681702166479618	0.04749589391624037	-0.054231129601225135	0.1817149941430364	0.07512131598180127	0.12808719210946973	0.00993032676453598
0.06579608769788994	-0.01763341240962697	0.007765560219396007	-0.0935892681474652	0.11904628915363781	-0.04624150560907363	-0.11749103021281959	0.15403626361415565	0.036036892996145146	0.012215810037777133	-0.0904879351087081	-0.003994234447546717	-0.04703349691742309	-0.04634728535159798	-0.0019246127398021154	0.04803695097882121	0.008036952015612876	-0.029970253323709554	-0.11734267857595515	-0.03717461489777898	0.03489872725959955	0.047171314500751994	0.0569030176283884	-0.05698710486831338	0.06605164065899795	0.041063143874748236	0.039635543333262906	-0.07321781848149139	0.003648345952108772	0.03774413300053451	-0.06366127146583346	0.10901857776570842	0.18028181152061137	0.08039361883494034	-0.07625476989840681
0.07856638977602279	-0.026945571020660995	-0.00497361144655068	-0.03305777184574392	0.07153256253204766	0.007081482187045242	-0.10739861400052467	0.06277811883536868	0.08074283873007079	-0.01654873911601767	-0.03191900236840181	-0.08814812455450177	0.01992960596865715	0.012716706789667229	0.01362008647989432	0.02416917657800343	-0.10260768957209279	-0.06722859084498778	-0.10678396825946058	-0.03609910169482302	0.0745204760712809	0.0036247280474229863	0.013306575215225002	0.0723230281167725	0.06938558948350318	-0.07123475347660005	0.07736276208490303	-0.008586749344239905	0.02803906932626218	0.02893391031666627	0.10960381334666595	0.07211397465619754	0.13991203756238998	0.12380620128004602	0.003581932525719606
0.07212108160201679	-0.00854692977660299	8.503549754905609e-05	-0.05684361012930877	0.088264934940276	-0.00925204430234462	-0.16042544528205924	0.08099855126434899	0.03862802934498398	-0.026501878293072063	0.03261286429359085	-0.06815586340994434	0.04551702040096418	-0.0320979555284592	0.02019284279893178	-0.03768980101219112	-0.07157992039159217	-0.004383706213151148	-0.044891704860564166	-0.007832855335166904	0.019611017112926676	-0.020293760012881162	0.06770130159916438	0.043057602899860534	0.14309944719594295	-0.026621635675681307	0.03058194600949487	0.02149710037370432	0.11440895344815714	-0.03331344348412325	0.06776426939176537	0.0591207854051348	0.10231394199135951	0.021118219075243656	-0.027324748738313177
0.08632924816410274	-0.02879101675621554	-0.007848368114515293	-0.04435736606955494	0.05648983651140342	-0.07247608593014247	-0.12244315247133544	-0.026977209872051412	0.04612181766304993	-0.05223607041999111	0.013916658881339047	-0.0767180120663226	0.03763450406723847	-0.011944793774931085	0.08967054650637916	0.05899597721164544	-0.03544212824352732	-0.06000589585706463	-0.004815237587387042	-0.012826909510270448	0.01656733301691623	-0.09121889567997594	-0.0017335997687409621	0.0723639963191941	0.05401610351506125	-0.060824842452599004	0.007289614457164556	0.05748979263312427	0.032972877687231804	-0.003860046350692141	-0.06759591660684747	0.05727337151697404	0.0879981725320241	-0.02623002867951517	-0.09821949360616822
0.08507473060779118	-0.021119323862999154	0.009054837464414739	-0.027814184293590904	0.07185360690663752	-0.07051176196670689	-0.09430204815715192	0.0038479213446402523	0.07679683612671595	-0.02662811611250876	0.051873510008046964	0.031071803649519038	-0.009456447882912	0.0016628451288094603	0.14318362328706088	0.04359894056503969	-0.10659871498590975	-0.020540905794366855	-0.029470216185052096	-0.02811623638278249	0.02913727182323734	-0.09609866547218253	0.08435933666333365	0.07539776552390473	0.0033583922325444923	0.033141444796422725	0.04787529493157108	0.1310700976768543	0.06655765446799998	0.019637893047744888	-0.10755753390760263	-0.07741417340836804	0.06877536023482234	0.05068718732531109	-0.11374857734142392
0.091739926424075	-0.029802139610678423	0.008216122933954356	0.0016981687486801933	0.043177413928011034	-0.0032101664805301595	-0.10343030380827295	-0.07506246326192605	0.06159340035701251	-0.05880013790267369	0.025862622062921684	0.010971243087872123	0.0011551554081949413	0.020540980108343144	0.14434204044414317	0.04928994337851302	-0.04972273797029672	-0.07303000679811808	-0.017935855172150805	-0.04428819763787849	-0.0024223966800093737	-0.028024871914572973	0.022956970365676573	0.08111545546499362	-0.11902793037958043	0.04344013792787965	0.01649976989538249	0.16776993705116575	0.1220149717533718	-0.050876072613532095	-0.060202919357890634	-0.011309391769694116	0.04732958446268293	0.014160363183492678	-0.1346091761338984
0.08941890330977637	-0.016555261340232764	0.015963365056656673	-0.001370922767595952	0.0674731071105113	-0.08020933478971198	-0.07353199656494525	-0.01723264006846122	0.051027402721752234	-0.021112306406517185	0.05328345842564557	0.046881626103748054	-0.022127582995160367	0.060053679146931466	0.07897348450918991	0.05823293451231152	-0.08048520541758238	-0.05081786845769595	-0.03168676514849385	-0.03606210425594211	-0.0009351884443961397	0.0028124428052726975	0.09763327639150311	0.06081711507804033	-0.0532945262080605	0.04990762087041524	-0.07752733035905776	0.153652196413825	0.10030895149015945	-0.00029866942364946414	-0.08504144775323787	-0.13402722836881759	0.03102903830152933	0.03235686525320761	-0.06555375711635814
0.09634954522566677	-0.015167952815450981	0.013877579200310273	0.05424258193321964	0.031551242475812015	0.004889673095714185	-0.07366037385388004	-0.027947853515882425	0.0077908076683649834	-0.035542728615416116	0.07021475539276595	-0.06902598123707022	-0.014203507871526144	0.07067907764594548	0.04927284115594771	0.03323273383606271	-0.0863804536335622	-0.02939566193092594	-0.05309793515461889	0.038207750863261905	-0.06302538243667492	0.016403896247164977	-0.05508314442241495	0.1389571936958833	0.031244644419405915	-0.037719491716958944	-0.11552773198122654	0.08330545898061031	0.00688859579456861	-0.010924638466137906	-0.032548570613120484	-0.012534359649329389	-0.0006562956647756593	-0.006222590945565109	-0.04964071355082913
0.08728463012465333	-0.011245473611159618	0.025414659293745482	0.02150106541478305	0.07051462048962644	-0.055469559582936805	-0.08756327772172465	0.032168895401985455	-0.018945373514636984	-0.032915723103039425	0.0627203293475387	-0.010125414701776634	-0.08668556132525723	0.10043010292171983	0.027199842033292423	0.03933281309721412	-0.041449606509341985	0.04638559078682065	-0.059134364786177875	0.09406978299733133	-0.0031846920684770177	-0.05667296490615091	0.03624694816417165	0.08373892084643661	0.08623817174237197	0.04794863164435823	-0.11542152711350556	0.14145506916817863	-0.0417213266696394	0.05417508496779616	-0.07207411930429404	-0.010183425327101333	-0.06662236201387123	0.00762549438865294	-0.01921202209090213
0.08839499187412836	-0.013273300778514558	0.03156149479991643	0.06897591398266446	0.039759492674600605	-0.019336590648945547	-0.05902652213334994	-0.07946413400381586	-0.00565355211147223	-0.053156844758607616	-0.04005379319414027	-0.027739755226701093	-0.05058299315452487	0.131122145841323	0.08382737436906859	0.0506315203114602	0.040686181309133436	-0.04870232734573269	-0.0896984213868552	0.13146745729681797	0.015009557610967726	-0.0591753071387259	-0.02802019019513003	0.14298048509516254	-0.039078861562198836	0.04291989557668569	-0.08879724105092997	0.1213916886241535	0.008902997321663412	-0.027948218223383496	0.1423627527013671	0.13411941653385914	-0.10250571539712888	-0.039426756984086604	-0.00849312805142578
0.08715632371849595	-0.01697813663782966	0.02995419921420931	0.03804230237772205	0.07301314681947967	-0.05385282668903846	0.012185645957799298	0.003602640864508308	-0.010908043667300782	0.031120502489344743	-0.03219391303787142	0.1014814484234137	0.024161297614429634	0.09233890266140608	0.04694274534693358	0.09286063396195983	-0.009042675051719603	-0.02615363859384597	-0.13530273915911833	0.15540275242250717	0.08541551975293088	0.03566039784535345	0.014851424605470802	0.08039553007802222	0.11028913222676928	-0.010399157481303045	-0.12491703664707715	0.01079725587095999	-0.06669078128913097	0.09864172072075025	-0.030765575824623654	-0.028179572169747993	-0.04346586328132357	-0.041605093275897245	-0.054947900491027886
0.0950274381622424	-0.018687027702670965	0.034804945219685066	0.07486319972605501	0.0341744939693788	0.07245967385544191	0.02617572886843207	-0.00472429186068132	-0.028449916701283606	0.06268222131532888	-0.0628980156602087	-0.005687398662393456	0.08717028927204461	0.032482556470753085	0.07880659052753378	0.08451956037073359	-0.019154335062752235	-0.028763246340168698	-0.07799518575615068	0.08146114792826278	-0.024164419643746847	-0.06811005773893525	-0.11582521225370973	0.085296929630358	-0.04930289690999692	0.07672480714698912	-0.10643406639927641	-0.06998105237097	-0.0902056341062904	0.033144540612948414	-0.05401364631438478	0.029413309857190158	-0.025538266904374225	-0.04700564442446703	-0.02452049699458226
0.09724619869476715	-0.027487103044475332	0.025714418415166734	-0.022239064074852755	0.058338253011879226	0.04296563235232466	0.001272093608886652	0.10726269929806624	-0.04845583976551055	0.10409906059615437	0.0018900363608920993	0.07218854739026564	0.03560507508565143	0.04331057353012533	0.02149474402861295	0.10589953040396387	-0.019650354301290224	0.022674965318250438	-0.029297599149251806	0.047877464829393056	0.049829372284784804	-0.04385782956964447	-0.017370199745959075	-0.03926973402806305	0.033189942547374035	0.13345127489824607	-0.15667704412753422	-0.12596894078644746	-0.10456984502154937	0.04514945536432869	-0.027055196260834247	-0.11875554810540802	-0.040577484304031144	0.06590726742516333	0.031180091482909754
0.10480321740398324	-0.049694788530270935	0.028021671554324435	-0.0033214724717249605	0.0016530143061164234	0.05248547814176337	-0.017644697631603663	0.0021091911417449676	-0.0555128445263313	0.036136220223190546	-0.029110705369577536	-0.09401673548596923	0.028744057411504646	0.002112529697158153	-0.0015448062836102851	0.07549457238592881	0.005573380821556595	-0.025636586450172617	-0.019958355939770328	0.007742702352046953	-0.004730089699186245	0.00392014309982478	-0.08417349315005636	-0.09031451907618906	-0.10786238596546542	0.07943848432141937	-0.10669542503593357	-0.11676659257125717	0.00902706496614654	0.004092974608283589	0.1428402205536533	0.1285733500446051	-0.05071247217852315	-0.03632466721746927	0.03488470462734658
0.0972989234236256	-0.03403560576467028	0.030078633896857256	-0.05724102343909925	0.06569846084980593	-0.045592153090838375	-0.026730309344335436	0.04613769538898977	0.06588772366882968	-0.0022426570955557793	0.009347843488881045	0.016918718323771013	-0.046858087544855626	0.047916997177362905	0.018146589172846134	0.06558045013147432	-0.04854786776354829	0.11286346602649881	0.0006204649318530958	-0.01553039143691165	0.08723173220123676	-0.07920337179888479	0.034985014247589236	-0.09719708132407645	0.06624128253745763	0.0466754263604023	-0.06649942736308234	-0.14077778402104457	-0.02903506015523127	0.09338909111226225	-0.0825382607164742	0.06644091441175046	-0.14560621789895276	0.07030009477462595	0.11130917531863842
0.10628299104173859	-0.023223673550481896	0.01918982695375418	0.03935803763476338	-0.018661669348870195	-0.00026342035523284053	0.006540833802913532	-0.05907320202732069	0.1489375734633068	0.028580667774324178	0.058771498558093105	-0.09714082651432895	0.1415637612303313	0.10911652284594243	-0.006896862203018749	0.046588238812495304	-0.12268052158391538	-0.07080725455577319	0.012338284774205528	-0.05383082136806415	0.020809818436849557	0.10434196362358167	0.020671169854926986	0.02215578571763825	-0.05033578998922027	-0.045726407018865475	-0.023621944954503836	-0.18869426946611612	-0.019379423137265643	-0.0366983095505356	0.07934979979489709	-0.03604662754848246	-0.12730842042124	-0.03496205470679177	0.0909698086168797
0.10184152708199475	-0.01645429961433266	0.02495683036221529	0.027811214596360764	-0.002104578413849996	0.0507667973665905	-0.04886978016870209	-0.004958864871351487	-0.028535739067904922	0.057481604749942336	0.07393602642738945	-0.007342215675817679	0.1701884304141884	0.028231991535040035	0.01498709395219105	0.0539788275566658	-0.08852456983298052	0.11061101468626973	0.028602616909337776	0.004209501726439533	-0.016067354217132623	-0.02784047589125587	0.0511779168948457	0.02560298497685667	-0.0811165043697521	-0.019489600744753963	-0.12138471418331032	-0.1360379370168346	-0.020507178473737682	-0.03252595827662161	-0.017453982877782007	-0.022463561960815108	-0.08245302745987265	-0.1329090856098075	0.03985724040133301
0.088492411945419	-0.00914557956208984	0.04057397530934025	0.007940892538399384	0.04701668919246497	0.0040900209196146065	-0.12611450552168993	-0.06640007330613724	-0.037365733909008395	-0.04299611572515459	-0.0075358292484472835	0.10299983299338701	0.0989049948303512	0.010425921779889344	-0.03773087875315597	-0.002215322558202059	-0.05049557235395793	0.18712481844439227	-0.026935789753114607	-0.04962259424930369	-0.08225687734671909	0.054665339236975564	-0.08638242463128201	-0.05888342729863923	-0.04313217888976609	-0.08087965626615558	-0.05956619388674519	0.00619838619064824	0.024505576981896586	-0.008112258460207036	0.08159986135249822	0.004311308313940127	-0.026421272633455468	-0.12476657855726647	-0.0146668803545526
0.09781247971704313	-0.021333949486626022	0.04075592404647374	0.03504322194292403	0.00362718918491269	-0.10669718840552739	-0.03197239887468598	-0.10262386253697049	-0.029380612669397854	0.01551063384543714	-0.02265354357112527	0.06067181316592731	0.11336235320683997	0.03967441767608105	-0.02847326899829066	0.11299472529451154	-0.07955035066780904	0.10746348853298238	-0.006002508117629306	-0.008141003089094547	-0.04639574180145005	0.0420647115472313	-0.05505451927250979	-0.08029160290299217	-0.06315186715605314	-0.05463891875848917	-0.025735227546160973	-0.01965407363379037	0.044898505966823966	0.0959527893643633	0.06096617039194978	-0.0098967903263536	-0.06780259704540365	-0.12174096865608366	-0.05600291077916544
0.1001426942085995	-0.009545110130845644	0.042739717573150954	0.0759930119118819	0.01438548786206848	0.018761982571640037	-0.0018389542086173028	-0.06510224178489558	0.03149872828651668	0.020012724210335384	0.05168178895726671	0.11022354586433453	0.059509185010814425	0.062445270601004105	0.06303574316018058	0.12123451589376882	-0.09234973027884816	0.07733442438128318	-0.0321419510165859	-0.1344135956629823	-0.054831163502462046	0.034908289675345934	-0.13281076238738526	-0.06659132069205999	0.011752550744400115	0.036075989185764115	0.0026087854432856987	-0.0231496957708731	0.0886859137477233	0.021677900259944406	0.011861497588126088	0.031216199535200995	-0.0557010880717798	-0.1834738256618029	0.008372772219913449
0.09661753515016955	-0.011390237557761466	0.043389123114524274	0.00823941214607821	0.04077889053656508	0.06382713455176735	-0.09809581318745053	0.0423094705317558	0.04779000897241805	-0.02135248752196157	0.08666745861625835	0.0012906667233731721	-0.0035448195342047397	0.0315680797383911	0.021374979173597288	0.11446694406411785	-0.09092116307271361	0.08772479361223717	0.05014539276284062	-0.05877869460758073	-0.03946879228231589	0.17406276725344583	-0.11518968940105453	-0.04515584857543434	0.031101215831161405	0.024803993402392692	0.00720091852003794	-0.004731669246292154	0.08211477443879836	0.008354104068318014	0.09921782874366172	-0.045399788520262545	-0.024034949622101745	-0.05701008479660309	-0.08629342794767098
0.10474802682732108	-0.036802007987647496	0.019972181173480753	-0.06429584949459226	0.006162352765796514	-0.017681490750366687	-0.0751413448115034	0.024210119535060942	0.0031190209561140405	0.01155075096572086	0.0336347641120136	-0.07428608050278128	0.06793244002248408	-0.013803487428062946	0.025151056219574225	0.1598921274066529	-0.014397492099378295	0.08245906372958467	0.08635315591711774	-0.01708645132569994	0.02107716780464828	0.15413108458272265	-0.05298460906720822	-0.00863683376700253	0.03188448900483856	0.009615060207709823	-0.019975690370030483	-0.06520945228917877	0.14218324867330204	0.03702313500338353	0.07389037382799564	0.07997823608541867	0.0054777794824083514	-0.08487187169759979	-0.034407928675518326
0.0938941853890405	-0.012101916735257755	0.06680007854692926	-0.01610410612558487	0.04458299655304238	-0.05353700537519505	-0.09546307298833395	-0.012305535678085395	0.11244038175621562	0.005223459783038851	-0.07184735496688453	-0.02639088704211212	0.0006260868815629863	0.07409149233166408	0.033037914503053795	-0.01105726160176909	-0.03910982696393511	0.23148236298975272	0.043060956066813066	-0.048578802707909916	0.06599190646126088	-0.017815357324720414	-0.026016960763945787	-0.02406368257648907	0.00759247930530425	0.0035175524938218343	0.08732295150028052	0.044655304109770394	0.09472268640843258	0.03655866919905013	0.019171418918291896	0.10723107827615924	0.03574686877922356	0.0812366096900177	0.06865443387645298
0.0982728106377902	-0.024115005559959008	0.06359874181544332	0.055977241740080896	0.00889321749906537	-0.047340347512536705	0.05580745198872081	0.011856653163251095	0.08914930028144276	0.11664926641250288	-0.1327425278206829	0.002013937863889471	0.07188051313256151	0.09860046523591307	-0.06739759563220996	-0.018129251403027315	-0.05089823886602281	0.021434810118582462	-0.0492388167990728	0.012261819153141847	0.16765206418328116	0.06032176201459663	-0.08919379927284499	-0.0852048401254899	-0.12205894643075489	-0.04907507895443371	-0.07277168693474764	0.06149173235184294	-0.05203920466512352	0.05639244871455851	-0.014418636410937324	-0.11506733159413537	0.012567617650575614	0.12864819910990144	0.04625013941640808
0.09559290095325862	-0.009127385855332725	0.07340224579399623	0.08741928235406274	0.008576893168291098	0.12555054092626658	-0.04021037823882543	0.058688241312383524	0.02388045037445827	0.1063870535079528	-0.057327782813473054	0.041936014078502934	0.06292396077283542	0.03355051527037514	0.013575927532300646	-0.13125139822201887	-0.010991974502021929	0.08551169322932163	0.004000437032609239	-0.012517601717258256	0.043246441406018105	-0.08037938308130965	-0.06670720418334258	-0.04726021671957047	-0.046729263160027915	-0.059418858376062686	-0.09004067764459014	0.0159321020299207	-0.051470864889884275	-0.06457736641026474	-0.04863513097881039	0.029931129992780737	-0.06074285552550311	0.19349695337380904	0.04788628445620878
0.10350489471939513	-0.05119402455490891	0.042447331952656576	0.019089337482454925	0.0183939369437168	0.02391516913269063	-0.0708525110709906	-0.03301857680749669	-0.0409382629392835	0.05436359524602111	4.1276551373763727e-05	0.1296633941900787	0.050951856143511234	0.04238076197346158	-0.0763686548486108	-0.0025366188185932505	0.06528619967839908	0.017910437416490562	-0.00438385091979179	-0.0656753656185056	0.037036511991264606	0.009980640065665932	-0.08287503114881231	-0.08145197506971237	-0.01030076265448703	-0.1280445837225548	-0.13001988175281118	0.022347705074965987	-0.01428227903033289	-0.12715691406155255	0.08478012782227855	0.010802319294255177	0.05168901641540527	0.08266493384160632	0.06221036110917625
0.07985202584810891	-0.026611817603023565	0.0747351152939173	0.017171613533552125	0.0552532661433106	0.0369070831367118	-0.1913748573888823	-0.02976485581230231	-0.02459940744171246	-0.03367046241376763	-0.09228496247359844	0.034907478474181214	0.12696008151107047	-0.03398778548695397	-0.010973535506067429	-0.17626578760015743	0.02484364362287564	0.02436486286029736	0.052717724726076484	-0.040624207311202885	-0.08477294025527948	0.1614323412052518	-0.11468733115574252	-0.08612273474556968	0.00032024274663770835	-0.07918659105024291	0.15050840401791865	0.13610069222118096	-0.07983164454731102	-0.01838672709259068	-0.0047162127811196984	-0.02292427723132633	-0.029944704152457736	0.2593336017810392	0.13481252406172559
0.1071544315242088	-0.08010862537050586	0.04274242608367045	-0.002915950953991428	0.036067086001193495	-0.21403723990456622	0.06570603843878617	-0.022396396172867837	0.020380468512032256	0.03576811064360353	-0.002539909455919675	-0.04870027295478756	0.038007606848109624	0.00203789919162669	-0.05675203268996308	0.12488281762876843	0.05376686215543839	-0.03877526813078331	-0.012102497139423008	-0.06578804080887687	-0.03604915395335606	-0.1377792454449078	0.035339717811493046	-0.16959243138929686	0.08867888600429029	0.03492150637235605	0.00742328823256104	-0.04459157571550266	0.03588720341854314	-0.010742483378577306	-0.21167646076472763	-0.03714144714705287	-0.08394210787827452	0.08540297601109176	0.030019238097791143
0.1195588298447662	-0.0980472246999425	0.07760480981674797	0.08129624666728905	-0.028061561063130548	0.05724952741929429	0.12938632513373366	-0.01387257433926204	0.03567042962085439	0.06296174750266195	0.13088372781694638	-0.08103154259950052	-0.052239874909083564	0.0349945875604359	-0.04985392159355493	0.03429437713065231	-0.024236394782478462	-0.1312738283599907	-0.03413692955438869	0.006829045185079359	-0.05706605787503673	-0.01859707445604452	-0.023714332339446892	-0.014654286324006803	0.03418615448292639	-0.030719814367813167	0.03706666557691138	-0.10208398705413647	-0.01808269941807142	-0.07486382996164118	0.036931887241010986	-0.11078891937381286	-0.03813643298315411	-0.006802363495965448	-0.04369884519608086
0.11688954787411954	-0.09919915221915808	0.06585206678232987	-0.006477049908810156	-0.04188348046067622	0.11882936194418527	0.04741908833165518	0.037565705925066334	-0.11741345812561708	0.09053179207129569	0.14828447074973472	-0.022554064060747996	-0.03745328091296888	-0.008066982525200042	-0.044026087531810684	0.02692185300018595	0.055292707239410877	-0.08190068485685385	0.08349277681689271	0.13586465718157342	0.01150908596589064	-0.0486115117071349	0.0700085358971968	-0.09142431151869446	-0.028410448691079677	-0.01697929354614508	0.007544329659118568	-0.03059138462649032	0.011240050014179569	-0.005971394046918678	0.051534157102472083	0.0910810473054247	-0.04423259017443724	-0.0857138979085978	0.05484123100888455
0.11912884119708289	-0.12888155205148735	0.03961308555496395	-0.10364178407184516	-0.024157767788877838	0.08537968956360653	-0.009918112093839138	-0.023234644812421632	-0.137995611721394	0.07556978262522117	0.08294568875356158	0.022370421219195837	-0.02437122650046444	-0.02437803643453985	-0.026436140581496768	0.03364091609578429	0.1268304698468155	-0.10528488275707013	0.08819590112917189	0.10868693094577861	0.014169679784808327	-0.0985682000686518	0.04154932315583985	-0.079023262368127	0.02053293188434696	0.027824373602081037	0.09188158099275272	-0.04997444590591461	-0.04073866687252655	0.05865155718801412	0.06186583294670253	0.06963330201908959	-0.0031478367060834775	-0.011872336951448754	0.038774144522976894
0.11597650255303832	-0.13929584833328873	0.04189882826805489	-0.10980151374901677	-0.02861527943691392	-0.0016907189511364876	-0.01580834734760704	-0.0668690585130016	-0.1437754610943447	0.06632579164975975	0.0255648152333958	0.017314207069657445	-0.018355188743215903	-0.01102092603367905	-0.07749818593853322	0.01646658827159214	0.05898926508438611	-0.040476586996521305	0.026587367275023005	0.04382780784354947	-0.025970438520316844	-0.05498932244735292	0.015435911579156622	-0.02239550651833222	-0.007092212653433745	0.04171738554370096	0.19030847931173023	0.028931172887991283	0.010697779295683107	0.05819526795968022	0.06867406311832827	-0.046283971298901605	0.1170742769180653	0.036728088605990084	0.058243308618966205
0.11636509443937958	-0.13626835612521349	0.05229047507596019	-0.07460149636368808	-0.04443492261767558	0.059764141816552624	-0.008599437152215547	-0.07374474730404093	-0.09833958531204184	0.03278333993476714	-0.005232470214498112	-0.040138469143173455	0.005047691407198363	-0.08647038457325357	0.0014131086017515305	-0.019076441909215914	0.012249516237390587	-0.028351573805331147	0.0020325379878459093	0.03730271555623542	-0.10104500880264512	-0.06163830594801431	-0.04094078935414295	0.0018172171277438531	-0.12412445993667229	0.05284254863774969	0.20415750486467354	0.04199695607253694	0.08205947570667671	0.07821419659396132	-0.021476767318453896	0.028023242180870482	0.09946771630160794	0.025999639145061586	0.04103580877794995
0.11829634731630706	-0.1645280785985564	0.047648491134452436	-0.16399306849196493	-0.02205122240290691	0.03097402783932054	0.03974541121452758	-0.056010144909080184	-0.09762460025312182	0.026192196330538885	0.030189674486193748	0.06059535483778337	-0.02231251379775158	-0.07030078940422654	-0.08427258861766142	0.011790863647024717	0.02576880942820952	-0.03667759016065385	-0.021745246661873767	0.023938376664066896	-0.06757866257888599	-0.04505088706074967	0.040383156929315836	0.03907364225782181	0.0034756435960374924	0.008799928570411768	0.0818304026727239	0.0267265527838803	0.00509766363815876	0.09914498387470473	-0.06200369436066269	-0.09644830646121288	0.17652432985178623	0.025650317657814677	0.005916854353826804
0.12239631886449959	-0.15825788379109748	0.04248834358259858	-0.16868722122771682	-0.026499889610574992	0.038867339103549406	0.07193035168127804	-0.10637671727366617	-0.03545146929138424	0.0277506509579311	-0.00484689231361756	-0.005495478378425083	-0.02089661275194086	-0.07361916917389895	-0.043402106309128045	-0.061731070957102084	-0.024114242263641516	-0.003792380636454557	-0.02598250677785694	0.010392633616268174	-0.12476526288382954	-0.02896099357324819	0.007859595774695444	0.1123103486874447	0.015982099586922847	0.08893943589072638	-0.0013488092571151064	-0.07092317393913758	-0.04199657171713191	0.05440822749927525	-0.09037634862775343	-0.0227068555711072	0.04759110942634899	0.026816928761538267	0.028282609042439625
0.1216741439758424	-0.14673196795937102	0.059901926172367066	-0.1291965724870581	-0.05524019437425429	0.018916660511371714	0.10063451658061942	-0.11905762037219383	-0.02456831188321206	0.048181407413357934	-0.04077628290892532	-0.07988326230344782	-0.02474876575856296	-0.07040005584267779	-0.055712877635333835	-0.0838584330879331	-0.011975502552249615	-0.003442271090349459	-0.022497271741490955	-0.010266163202291716	-0.06711663324857887	0.02054158640827311	0.016832482187576665	0.10687275575836061	-0.04607293363032158	0.12726577393236269	-0.06062419132325211	-0.009947387067587021	-0.017259917073753808	0.01908620754049144	0.0033552506733258453	-0.022647522110436302	-0.005101733549178363	0.040553300303703986	0.03710208125791859
0.12212389733293874	-0.13404281639915117	0.08774922871432655	-0.09187296930897622	-0.022898919069044486	-0.03868722819387299	0.13813657123951087	-0.033673015900453795	0.08556866981726924	0.06716111208041609	-0.027226036810622127	-0.06590290976876914	-0.11143851432337697	-0.054571684347427284	-0.06276724933762887	-0.07553644372592176	-0.05399973584674431	0.08978745078692708	-0.06457624274055614	-0.07394509554783299	-0.02823690573220311	0.04377921048761087	0.023255017920223282	0.0387331941882187	0.1747376581352778	0.04195126939595642	-0.04787813921695373	-0.057082211204294596	0.0514420535453089	-0.02570396784034526	-0.1215642428466876	-0.044785915850598164	-0.024695176915810853	-0.03995464736936506	0.03047526169490553
0.12396793235341536	-0.16245782924290825	0.1106834810304001	-0.01405693340821912	-0.07412151693007561	0.04813615423372807	0.18645389543047328	-0.06729567558052238	0.1179473251412055	0.03288963106634789	0.031168471670685004	-0.06336322611347239	-0.17346654427128969	-0.050228515410181244	-0.02514600072253284	-0.08595992592151874	0.03172786546659698	0.007410075434193735	0.038281928920658743	-0.0381709084750857	-0.000601027203092911	0.010710979898677149	-0.010247298363391045	0.042596995052333456	0.05370982493046838	-0.09264208722319736	0.024116730711476516	0.07518256509684847	0.0005612628432189055	-0.10855504863805537	0.005836418710855967	-0.033611388836290036	-0.04554306090733936	-0.09351864415248558	-0.06886024445908588
0.1156918683926893	-0.13609269017713965	0.10958414332819957	-0.019585767651771956	-0.017033735529742768	0.10548911047288768	0.08183718893216436	-0.010530626082699043	0.12472062040219885	-0.012324676019128275	-0.023749189546656654	0.03072856236329534	-0.18411561887340802	-0.09276675618272179	0.04027922914381969	-0.14814535688635624	0.07873880255191984	0.07583865635143316	0.12331562904577531	-0.0151006047516033	0.067400599512547	0.03525029165864331	-0.02955252390719658	0.02363970585236651	-0.04327728628185049	-0.05448987951737292	0.0341286998024984	0.15860870663247714	0.0226572003656944	-0.16307468603647252	0.06908602574257375	0.03466642297745113	-0.161421808753171	-0.08717681829684605	-0.06653292790803886
0.11728306136481813	-0.16100823022758426	0.07827854644423228	-0.05960549719686072	-0.06764537937463733	-0.009640187737662093	0.17040760090155652	-0.0702213631987599	0.03725332897236232	0.03353498645842716	-0.018443936683096473	0.05699297673330643	-0.07869397948376859	-0.05577440705572475	-0.04852232203985277	-0.07452072377518695	0.1364681763865867	-0.043397714270784614	0.10162618828606572	0.06856144380971929	0.09191180048898201	0.10644968056111523	0.07063498495271729	0.011548285735495566	0.01855103247029906	-0.2057904699433481	-0.03761666488571366	0.07232375524512219	-0.0426719094842483	-0.051853716807867996	0.086380155494309	-0.05919543466692449	-0.03261506689361886	-0.02601748548412764	-0.0531787683093064
