pca_00	pca_01	pca_02	pca_03	pca_04	pca_05	pca_06	pca_07	pca_08	pca_09	pca_10	pca_11	pca_12	pca_13	pca_14	pca_15	pca_16	pca_17	pca_18	pca_19	pca_20	pca_21	pca_22	pca_23	pca_24	pca_25	pca_26	pca_27	pca_28	pca_29	pca_30	pca_31	pca_32	pca_33	pca_34
0.11023830185016083	-0.11364737384361015	-0.10814249645327671	-0.06447413591449233	0.01563281213771108	0.07354469556724458	0.08390765030975454	-0.05172106845125981	-0.10704584369839364	0.11780941440237963	-0.015034251103257713	-0.013858005853600213	-0.0251517823416066	0.1713426724521794	0.10135705664656772	0.007963545132561289	-0.14298468105742218	0.10057651128443006	-0.16679811519318216	-0.12083001061180255	0.09016218002909093	0.05627609324019532	0.05692796934493207	-0.09193334714970847	0.07674067625856049	0.0721558549822858	-0.06281039485379644	0.04665082171316814	0.06676721300978311	-0.0638154165690812	0.18591010028291344	0.03915677766050531	-0.08017578359085781	0.04987189727087065	-0.016024652487445862
0.10815970263499408	-0.11845110103466641	-0.10612051277999193	-0.031543618243418094	-0.032961784676020955	0.062189573256166836	0.13406435670618722	-0.03468169641067398	-0.11814656104298857	0.030948132847427326	-0.007699224524370232	-0.0226627612209921	-0.06553940805288004	0.14160986416416696	-0.008368011721970525	-0.03637124191063221	-0.03386297150792639	0.03013824156077024	-0.1497246290286105	-0.05921351590476383	0.1168408689142931	0.027597243301623928	0.07753028428555872	-0.01834803764791843	0.06351263615314919	0.08648111874100822	-0.049878434406264466	0.049213853319640906	0.020524063407071594	-0.0022309678911110586	0.17880551964949884	-0.009746293450440507	-0.1546908041456559	-0.059811619730096	-0.05529309218446729
0.10821712709991307	-0.12774972369943038	-0.11937881317423171	0.04834532035857844	-0.04385258836172708	0.04255079135498957	0.1270386967861367	-0.06475147381191115	-0.11934310000269324	-0.0031466870615130538	0.03710955617344599	0.049028585696049926	-0.1001206535239996	0.0399295031836025	-0.04223523796060086	-0.0066199265004913774	0.001413804743387037	-0.0945807323390868	-0.08733595525745622	0.031882583669954556	0.016282700043959458	0.023755727280377316	-0.04085146343716465	-0.003595919226349628	0.029229803595322103	0.03320236350841888	-0.11685195977952491	-0.11289905785981322	-0.06403643425287382	0.04647759012569612	0.19005774527497665	-0.016280729946574674	-0.13942804761208355	-0.1422884928553712	-0.07564551607699349
0.10760327483448394	-0.10941771344458939	-0.12470425511789693	0.11893614603784172	-0.004476855061044865	0.011708510291645463	0.06096825156136376	-0.08110057739806295	-0.11433813075846117	-0.0009180540336778398	0.06301273753298453	0.08621299592020058	-0.08150177903204425	-0.11166813544935361	0.0020401248366965496	-0.05806758405602489	0.0003635758179995341	-0.10847771931382616	-0.0618790299662306	-0.007891797195397954	-0.10560000489684265	-0.027439207005126816	-0.07651391020125853	-0.02368661104461266	-0.054140987520798815	0.026627754706474067	-0.04444125017235813	-0.10561161694479965	-0.04039768718739564	0.017234881977342728	0.1219030865381373	0.08075163244553257	-0.07717560191987025	-0.004045043956742958	-0.01722772070644705
0.10903181616791348	-0.08597604587395852	-0.12208430335123927	0.13740333222667966	0.06629575988666712	-0.023371176188479476	-0.015124033787859592	-0.010591862996983302	-0.07574566609773743	0.050550580758904534	0.024343253626511747	0.06467001182998751	-0.08086071426431748	-0.1456962736580123	0.035874433037766426	-0.09288183507658529	-0.050655507959072366	0.09227369591478282	-0.058544436692166135	0.015659275602827954	-0.17748841427367584	0.0007783740206209686	-0.017920950467104783	-0.03299768115803052	-0.11899581201302561	0.015762579531449133	-0.07224666428594717	-0.07131472903495419	-0.05626731051556263	-0.10560979710914264	-0.018488169484160127	0.04897879774707903	-0.016290673087652523	0.03933464197274463	0.11067568292494319
0.10871097199309945	-0.08118207867178123	-0.10797787225549726	0.07312576758270362	0.14430837929459941	0.06593527883023123	-0.04296604573795351	0.09137997429072633	-0.06914499502529692	0.12201552443654243	0.008970276253441652	0.0784437330583025	-0.03757333664688974	-0.10130986208599312	-0.03770550030120766	-0.07639002257752886	-0.025164093108456048	0.052275830755304516	-0.0407348692052323	0.18854467746040904	-0.016660212991469928	-0.006443640228399824	-0.014095602882233698	0.018768472115562915	-0.032301356328486595	0.004428599693771067	-0.16944649031526768	-0.05041251307654648	-0.04491204657626705	-0.04797036447790724	-0.11266280690361176	0.04279026428598474	-0.0941293089987615	0.07273341411071188	-0.013588540662618089
0.10998381783788991	-0.11457615880162432	-0.10144643687295174	0.027736711985339557	0.045095918809060345	0.12418921044665923	-0.0813953595034817	0.12068868247950458	-0.10249621184978873	0.04271252933001904	0.0796910976502128	0.03466980078627349	0.061536415423886826	-0.027331628347007253	-0.008483729884113195	-0.16784757560708696	-0.013422095105789539	0.07104084461815366	0.044912020847084066	0.04703105999557576	0.004479511024342776	0.023729814965071223	-0.002903985521395893	-0.017154044482088217	-0.052873932941786335	0.056796367056396194	0.01984480748375264	-0.16043475091702303	0.011630027578773119	0.04223046596296413	-0.012163228002516995	0.12033413404504154	-0.10513243714018791	0.029969921250363143	0.03553546006268735
0.1076250539978616	-0.11972473951096876	-0.12573641267427607	0.07341800643445318	-0.02965660036829404	0.028819523482311857	-0.07842437601559055	0.12322094066316253	-0.13720176641055865	-0.047407622004285	0.14516939722004382	0.045624179604069795	0.06208390610356869	0.020152288463511067	-0.05954462085588032	0.05408231912574462	0.048458413778334875	-0.019867657921208495	0.11153439312078925	0.08365931534371623	0.03941935582980001	0.08547741183527988	0.00815355169000713	0.10512815311152265	-0.037115864117313234	0.06733359516947232	-0.058208881195342524	-0.18659493341737504	-0.08492350362544673	0.03412778980523427	0.02576432517151829	0.0032165211732967866	-0.04457095954364626	-0.14322634700963438	0.06663163189917712
0.10698952254153273	-0.11811255415748115	-0.1120875905637379	0.11597182474212969	0.0035728587079538812	-0.08053260758347802	-0.07511202976376696	0.06112649318674717	-0.15826619183408158	-0.019813496377462603	0.11003004642132495	0.0639888367144011	0.04836692308747047	0.03652178279803536	0.027376465226342822	0.13784060312757165	-0.006366089010499104	-0.11078114912064967	0.1240393536820608	0.005675527533840069	-0.05839422284111474	0.10132937025018188	-0.11773675639485225	-0.007336679833607043	-0.06912718612993642	0.09043262905302069	0.12368827523179554	-0.11572915255570126	-0.02023192686331632	-0.04928556580171547	-0.07734912953444345	-0.05180160839076707	0.04237701141031315	0.06037322138480769	0.09996172116930352
0.11059747060105704	-0.1006686407348822	-0.07922321374466508	0.09612669607624741	0.08569920256928748	-0.08200511487270745	-0.07453697417100297	0.042138937201646354	-0.10958642784846717	0.11037841593052054	0.027337496373984742	0.07352422514771728	0.005833404601225806	0.1148568476530552	0.041089838287585556	0.048869431763726476	0.0461638380908489	0.13074425280894159	0.04222204576631892	-0.009272885756883911	-0.15010803738095083	0.1158859742250446	-0.08290868441708274	-0.04147400012718187	0.012457239553962107	0.011427427462619225	0.15126627873541354	0.017535319164368138	0.013247326450058931	0.011629441618422928	-0.16913368054098693	-0.08499176348619908	0.05502173836468477	-0.1016479036551478	0.1546645519902004
0.10516622418267678	-0.11611752726302313	-0.03063088840163746	0.02702796425627596	0.0896813661679049	0.03610118168510318	-0.05852594464722369	0.05794026865148169	-0.12123703470876065	0.16499140225768838	0.01515499852150061	0.03575057266275732	0.08552206095720573	0.06844559339475392	0.05801996752495646	0.05930477623815878	0.0660010373658339	-0.031537775069620494	-0.012120735940869126	0.08430581626188816	-0.016802788697246593	0.05983877973800965	-0.035364559734144194	0.10366722936205501	0.051538514054242604	0.09410759051356929	0.06339661543683582	0.1175941605077845	0.09718643478506567	-0.06850876756461491	-0.14254163926364583	-0.050072337645874855	0.15060745507755682	-0.09428647462295003	-0.043828148086932826
0.10903520267450942	-0.11650758821325136	-0.0472479950636777	-0.031662731649466154	0.05479888882017547	0.060106391789557435	-0.08814050976996043	0.0796514436428111	-0.1162946991435499	-0.009928032250202092	-0.002011040860586205	-0.012808712686370842	0.0757518029992629	0.06437129758943316	0.11846194172979319	-0.016901599616281477	-0.04207545303606143	-0.05472499754477134	-0.08179023769765262	-0.0036452655234401887	0.054284832700709745	0.018653172040681926	0.06484905099812797	0.04883084029380265	-0.018383113771443922	0.03521322793182757	0.06533565455623451	0.06990756805886575	0.040279285233752044	-0.01989938505736922	-0.029437995040333155	-0.030234200179799147	0.06825333644316074	0.06847348337515524	-0.015358992293476682
0.11026851562853159	-0.09081196051738265	-0.09329204212522313	-0.0686072224454492	0.034394805279907514	0.017744168504969043	-0.09599877890543819	0.04071721162472067	-0.08349317600169254	-0.15353312971524846	-0.0606753625824513	0.002523656525741944	-0.017240231027302967	0.061074836861831905	-0.005150335083232205	0.009691318583288379	-0.0561653598146777	-0.018973917614458324	-0.10695900570545924	-0.028855572033156127	0.13472405091798778	0.001241342188688474	0.13691143195243	-0.03832038014109075	-0.031151635201666583	0.05251265522318787	-0.057017977870602816	0.08336794310110668	0.027507618245178216	-0.03628562520045613	-0.05045615757571534	-0.05434461047020418	-0.00598358775772688	0.16090583879756543	-0.044154553760387606
0.1095954059046002	-0.04852669713197673	-0.15638418353064643	-0.0908902518170912	0.03301171837255257	-0.06686782357739779	-0.06887192582404589	0.03428027088600663	-0.059719680610798166	-0.11025804703017499	-0.10924777272109412	0.06625649144703982	-0.0691448892378155	-0.004390143515311862	-0.10848201579433825	0.07747424379012756	-0.0189141886678256	-0.052394604776740045	-0.05609501699767594	-0.05247382034613629	0.06063621456204446	-0.014294022476708535	0.10513395372674629	-0.07090053109782271	-0.011870714557328646	0.018922278704959522	-0.069025267607763	0.0035640705862050523	-0.018577259038150218	0.024048628066380737	-0.05316902338411714	0.03983278772256049	0.0402106039442373	0.0049153660151873	-0.07121745400112417
0.10791468232901427	-0.004999496104862413	-0.2019950341608582	-0.05556159525310365	0.0243202466410751	-0.10422063270054027	-0.03248738433903253	0.030660052403758797	-0.055420198332620074	0.052155991699123966	-0.19310143371703434	0.06500856414457258	0.005912981358774327	-0.039775401852831516	-0.05322616715867401	0.0638782449306313	-0.0037568123834122846	-0.0920198828696174	-0.015142991442932907	-0.016670872440214896	0.017679907268673897	-0.07170582802643319	0.013426365408833414	-0.06486029538724256	-0.01961668101945836	-0.03545402418634832	0.028417290535252687	0.0517914512631045	-0.07007595922626529	0.07213672672543374	0.02402985443790226	0.05271183488050338	0.151113226694532	0.013878206825533819	-0.032219483267742946
0.10883394856460617	0.009368940717903037	-0.1829613676064811	0.03249566916113692	0.059090494599894974	-0.08423047740705106	0.007034598472348774	0.049332946475710626	-0.05592066603191587	0.033460372848885964	-0.16555312953605097	0.0002124857924908352	0.06811015949607599	0.025061125714128496	0.01919978151259405	-0.05059636572131249	0.00198756320888821	-0.07307631222023442	-0.016833197988784687	-0.06619233369918956	0.037690419756027854	-0.08978381208341296	-0.04950741268794978	-0.022504233961746944	-0.07799207661459728	-0.03855313530884642	-0.005221808739125172	0.07349447577670651	-0.00493725590286305	0.000997817988953334	0.007137488606670357	0.04073691199496326	0.07072619208857239	0.04235762628660496	0.041726304916920504
0.11264081404035518	-0.0033504541927755543	-0.1118384065407026	0.05527272555996572	0.1452116097516233	-0.032631469733223326	0.02199813348500093	-0.004044226923383243	-0.06028016791391011	-0.019988852912589006	-0.06782312917860558	-0.03528659791133804	0.07848278228365467	0.0904800207009594	-0.06945475358485025	-0.04638780069431331	0.16265275892011097	0.026251997136150867	-0.004569292468347114	-0.05228584372609481	0.06974016378970234	-0.0908452276551889	-0.038824123816438225	-0.006726126940007321	-0.04526021457295726	-0.02859722860690915	0.034538443665578414	0.10710303090631931	0.03035979851540674	0.12314711133033834	-0.035584297809475016	0.02573333214937451	0.12279022770223866	-0.04484125548075403	-0.09883829189319167
0.11299951442511129	-0.04856142410030779	-0.03407202621650981	0.0433272443697011	0.16716907966087063	0.1012252541664	0.004330681316010901	-0.14931388565646508	-0.034591649212708936	-0.03708083891392201	-0.04714900704947739	0.04338554185824585	0.03124532869777044	0.009304148934527301	-0.06826501519877276	0.04064466333006035	0.16468410208553763	-0.05014779304243031	0.02685035442156336	0.008648740649141368	0.032593224900072826	-0.13709491638636812	0.04658618215970773	0.008922559579508396	0.035795386402500816	-0.06040820611820101	0.029835398958126612	0.1698237182036992	0.10814168261029276	0.02936353521586138	-0.056606814780132325	0.027513148451984742	0.13066011318026266	0.015919858822755914	-0.03940838101636616
0.10577977588373494	-0.08524047322576535	0.01834467869066701	-0.01846990107635377	0.15085737138082597	0.10623066774055112	-0.08443901491002678	-0.20934085757885007	0.009213082516881244	-0.07019837764587633	-0.03605019940940801	0.07536143321215533	-0.02098065321491334	-0.023282926326567217	0.014729685610595622	0.04902139698804736	0.07355263582357	-0.07172942070209737	-0.004708139452264282	-0.0008093272336278934	-0.05929436106456244	-0.08467411396776756	-0.06592598603239322	0.01373445087284808	0.17685776084868784	-0.2105248381115239	0.08659419626815867	0.12229722627695926	0.022294831407642858	0.07611279586941641	0.06205499270770265	-0.00041560676373667005	-0.08399172616736392	0.05055366593979994	0.034134955822296635
0.10359560228242595	-0.09644352086178726	0.025312579225446753	-0.10443048042436553	0.0769760367454306	0.08018520830734806	-0.15815289428140766	-0.20483791137004784	0.03400779321211366	0.043252440300493265	-0.07824905410208216	0.04092687028294638	-0.049382355622921134	-0.04232790196977257	0.06539978626693921	-0.0445820077370552	0.023115000352873727	0.004928624469768078	-0.0430188254256853	-0.07362757593905464	-0.13907617576852627	0.021854768085795565	-0.08117897968414736	-0.033944323221399494	0.06467272782707528	-0.1946930605758425	0.027456627500967334	0.09547624048578303	0.03264045051363104	0.03822592314075772	0.05471144700404387	-0.07612567435666509	-0.023807630526513537	0.003800965140175444	0.01921635401777716
0.1067795606994389	-0.07487986732179498	-0.014025201759598406	-0.07577723922315455	-0.050057441402937906	0.0803668911945483	-0.17663391159883715	-0.17739781020310608	0.01992843193501118	0.06194366388340223	-0.14464946515953842	-0.005354897379048179	-0.03469148284616766	0.037949207321637174	-0.03470453430109205	-0.10384764605861226	0.1581941001547103	0.09254173522721619	-0.08633300104319583	-0.018486470894781046	-0.0032152430940536603	-0.015537847296707291	0.07619352474385185	-0.0008511485035119226	0.08444643011515578	-0.18996903660855194	-0.018887618695464188	0.07456916807887864	0.034890721712887304	-0.008375255298866777	-0.058769272969431796	-0.11106232211680839	0.08726748258361815	0.03755866705695744	-0.0002514130728858118
0.11177244207168328	-0.05322626054345676	0.029067373194571547	0.05503417152855889	-0.07636125380750562	0.004934242369723795	-0.13737334571980434	-0.21647849177261555	0.1202253856948176	0.022615907162677883	-0.053348890729361914	-0.04732709426077175	0.026455331944495786	-0.015753421808432574	0.011944325874448547	-0.023972427368530523	-0.007282892879489411	-0.0792392744296817	0.1448153633019741	0.03667003722918108	0.012484341780568481	-0.0010795188566129488	0.047511328789410945	0.14487847054682226	0.017313832483945357	-0.09329847999752341	-0.010441990286640168	-0.13871608221263074	-0.06918093399065012	-0.0678513994429975	0.05082055129466116	-0.08874291736428049	-0.07066618432175403	0.021389737709013305	-0.09202962780451819
0.10836022392159109	-0.042626787045537316	0.05110053497405677	0.07890053023346062	0.03884931338238176	-0.038749718288268196	-0.14335176594712154	-0.16905614740979832	0.1080892874731902	-0.08980063506848689	-0.055688921238589144	-0.06237189504586477	0.005558316088584231	0.07579006101100154	0.044480225623943825	-0.030350392206888628	-0.07723510233183623	0.034158379923309806	0.108670928638128	-0.004396617352563158	-0.08846629387642596	0.024972464887880325	0.07836869895562476	0.12495440187936832	0.01607291158653143	-0.07866398879379048	-0.03939682047118702	-0.14205919749095308	0.03186680812302013	-0.13517983631644048	-0.06256941292232793	-0.14670065060972592	-0.04658168962737749	0.01827159677233677	-0.0637078898066218
0.11035438173428845	-0.03798073465343393	0.07024260125231303	0.0052908951166104785	0.11008242797795066	-0.02260368079508534	-0.08760544029075949	-0.11421797850838422	0.1431664390864271	-0.05573395835385302	-0.05269157760803965	-0.042942000863441465	-0.06738903600110682	0.09848507350443352	-0.060429605668079284	0.09671080594151849	-0.011374219790282823	0.05190692507647432	0.16256954647743332	0.050000603750946906	-0.05401308785891243	-0.01876161110297802	-0.038047081870798555	0.08153121132419022	0.007198105585254369	-0.07087918223028061	-0.024873302004315	-0.14411371121324348	0.012470153184320494	-0.024602522841876445	-0.057536945119826904	-0.04337972712927593	-0.11763236327148355	0.04102680952714471	-0.07210504281499822
0.11025596822726781	-0.03225513948506013	0.06387005900823078	-0.08913916973904468	0.06877390487429047	0.029290505000882632	-0.03510962515548262	-0.05594096606180343	0.14409356077950294	0.028970990247887993	-0.09523423445090952	-0.03672320051873651	-0.0065547793593803	-0.011493121868884293	0.024844482069429186	0.12132214636711901	-0.05695689272966775	-0.006373780049578018	0.14834985629838046	-0.044465901263845344	-0.06266758930174857	-0.02277009667940344	0.07302584912024584	0.06310029029784403	-0.1126391532838486	0.06186221893577511	0.021786343134807762	-0.08286483884397801	-0.022069272603104928	-0.05176273003125179	-0.007848335540112397	0.06132292808469889	-0.08405793201192611	-0.06839413302795198	-0.041546016297107496
0.11033607805499633	-0.022792884406002998	0.030863880779545834	-0.1444019490822742	-0.0038394255986901656	0.002257881586772984	0.02564148050553436	-0.0243343076738298	0.10041587867202556	0.010984073846596729	-0.11477972697657593	-0.08499113033873198	0.060238952647079166	-0.011517850400085034	0.0020390762717690525	-0.04821125175073543	-0.03608011640745257	0.10594990549621605	0.10805206219797608	-0.1335457980353406	0.024748499690848802	0.04029550888010522	0.023588538758731736	0.034115272971170674	-0.15639671783361592	0.053400702198596765	0.10050246050967006	-0.08199066960088383	0.019635652663018935	0.08295485090919555	0.05281414297405013	0.09901611537206541	-0.15848967973853073	-0.09527286369190684	-0.06425914101806911
0.10423653416775751	-0.01801089778353495	0.0037374815128832337	-0.08594445175828094	-0.0674090037787528	-0.0020349290152848207	0.06507171365931007	-0.04305828324817519	0.06647771244900026	-0.061283975626803995	-0.06689642433077024	-0.08251671574012276	0.046957429126887495	-0.03469281880675562	-0.0636583488427202	-0.05325724730075965	0.07670771095953599	0.023965716705436457	0.05371667923067901	-0.05490627958835889	0.0293857775890854	0.017234343351245462	0.1167689478137532	0.20864331674905967	-0.02135279915605512	0.0618486241176488	-0.007638384914188626	-0.00024012018282123376	-0.03367377914975461	-0.023372591016129846	0.10440257556911522	0.04892666383202103	-0.11569813566787013	-0.17670555541968525	-0.03440295278236712
0.10332669594476591	0.013919589967391649	-0.029500450895165967	-0.08824933230487175	0.011543258292002062	0.01128413176928965	0.060737398379745074	0.03449869476614775	0.07761182939291321	-0.17845844432704328	0.026311526295154677	-0.11857861571290407	0.019343782398115184	-0.05159532930266045	0.03783000258595007	0.027259996553412717	-0.03123810250827451	-0.03807239936041393	-0.007409319958648686	-0.045111223239309245	-0.04499336203846874	0.06120917897894648	0.044468108127828324	0.20076753175948078	0.036668200599193276	0.08657605043829204	0.04962142204149195	0.03756455417980098	-0.08902159710360505	-0.051117532537557776	0.08869898145237327	-0.008419931567967852	-0.09145489891344732	-0.017054275213752725	-0.032952306971938614
0.10163194731850972	0.028990944445811084	-0.06959321032380865	-0.14113157361104461	0.003708598541256281	-0.03173261514021246	0.02250189062438602	0.05087974707927117	0.1091173161094888	-0.07704531108447024	0.023924663356071803	-0.10194977506395411	-0.09130394863324343	-0.013476491585879963	-0.026207653729589137	0.03746926859905403	0.010875999330201114	0.02054091957606974	-0.028701818105311742	-0.12377652560455465	-0.08744930555435979	0.09704998221449238	-0.07121407930824561	0.08425784712933118	0.04828474080096953	0.016547811781452315	0.162378873069786	-0.05439101912157125	-0.012460827961222443	0.03241430919999899	-0.0012963070350414108	0.09356954560203011	-0.059697864657672864	0.08340162808083627	0.06229047475258075
0.1035367073461583	0.05080860115999676	-0.08761854190889008	-0.05936998712864427	-0.10114120148357998	-0.03594856185921017	0.06862654245917975	-0.003127937867005557	0.09526136933146621	0.13516621847611965	-0.04116263669485113	-0.12292722611672359	-0.009491714459756162	-0.02459803686597883	-0.07385367880603255	0.08456313920326905	0.09654417890372771	-0.05238974656554002	0.008509868654616892	-0.004312700687833293	-0.10462813563691015	0.04338406591036033	-0.002029152743955265	0.07390119954779945	0.08243131143098886	0.06080073180630648	0.1387446009707255	-0.06687798759582218	-0.048949101279955595	0.08904262987934908	0.04047125784728359	0.0540955913703612	0.061496394755206116	0.0023122090996997094	-0.02470592058362456
0.0981078457800743	0.07987221985867798	-0.08999567365707628	0.060258723938963185	-0.06672793008713514	-0.01594876558506903	0.10653179588491436	0.017050044365303798	0.09564153529073485	0.025434583033150684	-0.0681882598889675	-0.10290018355248222	0.11126103972199317	-0.02459588468420195	0.04687960988644957	0.021797099908097584	-0.05899678914757612	-0.10979922509853496	0.029369961086002594	0.03169500754498486	-0.05776487535892377	0.040245952261393936	0.02705779030545219	0.08615173917329513	0.05540443846847465	-0.07402417295201423	0.006395859143724221	-0.016663064562875016	0.007941704479186448	0.03747928610021784	0.06466878916341182	0.07306524048598081	0.004249521057337058	0.03521430072410715	0.09665898954773569
0.09695337464971379	0.10526156698277268	-0.09828351011957157	0.10908610634626897	0.025820698351774585	-0.018034706583357516	0.09385624271129032	0.08118026733929995	0.12546105811594693	-0.12319265210873369	-0.06362168893169348	-0.10262415324563655	0.05104789844072198	-0.020914073119711486	0.06681637278487759	-0.035376375530676185	-0.11637114196042328	-0.048336082818601675	0.005362445475857014	0.03039295669514963	-0.02894906716989619	-0.010071106747725989	-0.01721261531390636	-0.054744039913999565	0.01882090367519057	-0.2215565470772518	-0.10019707051614773	-0.046359081470497436	0.043899261663787895	-0.03376992469631474	-0.02084646221671707	0.05639622388314054	-0.041720823740448415	-0.07929010573282289	0.03476664200763377
0.10102002882719242	0.09170688424090274	-0.07113910231028764	0.09391386385331793	0.08233451665625284	-0.03958944337504269	0.06505492184663704	0.12046334420583989	0.12617758320296132	-0.1517961419366925	-0.02158804977831155	-0.10805144625609561	-0.046687163439201956	-0.03840195216001429	-0.014179653972033213	-0.051639099449115045	-0.0659154897883465	0.02147186552204272	0.011076074403863656	0.05781566762371448	-0.04234433498136536	-0.015463754726057044	-0.09307260279279853	-0.1526412406917751	0.040814311802935	-0.21129113698493365	-0.020483186768824657	-0.06865412166567951	0.046671111290317396	-0.02431210336296498	0.0037467502269833263	0.01707154727978773	-0.017008667282637044	-0.11682588213919687	-0.09754449561988185
0.10458827306662635	0.0747959565337554	-0.03864662680848053	0.04173160617147767	0.09107838360271134	-0.036687460612469344	0.06028788993703017	0.13953512499054357	0.12856660007458964	-0.017327645466158958	-0.022950537235233118	-0.12353922059189551	-0.07829055831826989	-0.021277683757671237	-0.07387769924910668	0.03963375206130647	0.019505970189125355	0.056025733187217264	-0.019389390425847624	0.0865207794944822	-0.023235260199576183	-0.07438954139633444	-0.11013850852768974	-0.12940049859724662	-0.019772270279366053	-0.04911277990921387	0.005889566202735289	-0.06214632557487942	-0.0305764417354559	-0.030395147370450418	0.039157971441791756	-0.0359101450143639	0.06702544894286233	-0.07671006517503207	-0.09671864312409997
0.10147888267667791	0.05801109385520125	-0.028620742956444675	-0.012070351679559638	0.05304221164537495	0.07549198617533677	0.046852813556049436	0.13778307790782526	0.12851798109986956	0.1206570475684144	-0.0008280387629842819	-0.12889532632597112	0.04424568564003381	-0.03098204055864776	0.05502181233798597	0.09867164552090095	0.0008075742828245417	0.002209228639251614	0.01683982895203264	0.10184962101074047	0.02536749918638871	-0.05540246621387968	-0.06450811302944814	-0.07518357938152946	0.05979846354872051	0.10284654995831145	-0.018351983332247183	0.012711220908726367	-0.0007311454094731801	-0.23966092315104287	0.049710832455513894	-0.03985409989887439	0.10712213006273438	-0.020686312546338764	-0.16089293663743892
0.09613722637741103	0.018114736180533334	-0.003098506857482026	-0.038293989961777554	-0.04407909524265798	0.0995403851399593	0.036320103327236064	0.0720025645247731	0.07139337502856596	-0.0017294593840224315	0.04137955585206406	-0.1762829335262381	0.16632368354609714	0.05463116003807864	0.033734599016610994	-0.02644641916112713	0.023735298089051792	0.06445214370732545	0.02584046352964834	-0.017720713887000722	0.10198420105397711	0.005907215834800063	-0.07216247128327136	-0.15995381265184855	0.01149381633089979	0.02373511232375327	0.08133737859617929	-0.03309065383752545	0.09312757830658691	-0.05870375457058566	0.08266679519322763	0.012965469070077701	-0.05140004357523516	0.01783984535593385	-0.0444546323212614
0.0945990192121934	-0.05631081546764848	0.044101790240383514	-0.00019317601062848736	-0.0988605653961479	0.03484061204130603	0.07299472399546963	0.013449507759201798	-0.004109337940662481	-0.13821177275280697	0.10605381213178046	-0.12785498257626654	0.13239285490510622	-0.01882892942703603	-0.057248810853523444	0.04585365567789863	0.06050928603650352	0.02525088105818553	0.033973783641014665	0.015867565122203046	0.06374362513566856	0.07733413816497173	-0.0049849461316742935	-0.046936735572641414	0.015242969951899596	0.03236842930865318	-0.08706168440899957	0.04860169686483817	0.11912518429876803	-0.06365871406875678	0.07115679525208526	-0.1191752273830107	-0.0670098557040775	-0.09614757381471664	0.11896803450383325
0.09631429284609216	-0.030015559349420493	0.00012500947091645403	-0.038647789326697164	-0.06341832943713856	-0.06797659367828425	0.06074334807618343	0.04665573026210336	0.0012340906134875563	-0.1848395322461036	0.08946517027163717	-0.07162612659916201	0.0016104660607538742	-0.11892306433277429	-0.03815817035714854	0.1332561872952881	0.046374043416364676	0.00729289136747692	0.0140923581548257	-0.012476813267308734	-0.007740414537383472	0.152643414170751	0.0021438093662693794	-0.030214149028419818	0.045979202188470666	0.06126421663993383	-0.09210873261170471	0.02023578999600073	0.15811907456547364	0.005468366863209725	-0.07376318730498704	-0.07410982274201687	-0.012306854888612407	-0.014198714864218519	0.08213078328473371
0.09445383606897087	0.018588404811472538	-0.020829527536483587	-0.02815879361144112	-0.04879511881027881	-0.16311614998648752	0.07016725874725743	-0.01935748036619915	0.037029141654737995	0.06314803529446279	-0.01859265576817952	-0.0753936682878255	0.012973886516259471	-0.17267107461758302	-0.017617205561185633	0.04670965755168506	0.009947614958577655	-0.03722680001984133	0.05806515730845045	-0.05644955542761772	-0.09189745589426407	0.11982375768530101	-0.09772086686956119	-0.04790799085004282	0.03423745273481139	0.08478639254787623	0.10528244164822535	0.06981244300668614	0.05134362911567981	0.005404424660158407	-0.03255934683735245	-0.05838522942412424	0.04161778256877422	0.0646410356430073	-0.0484245816804107
0.09413258640301532	0.03343559929366717	0.012436804017152912	0.009835204830279548	0.0351299255991067	-0.09232002942998677	0.12516853042068438	0.004538821436406759	0.061190462208166485	0.11283335523735796	-0.018884815191341633	-0.11075194744661543	0.06837371059238948	-0.03404058185994829	-0.08687678245843367	-0.10351832076024337	0.04594110756988245	0.0757208039098293	0.03651689202076187	0.040848674861990814	-0.009887320378889949	0.07193085407172539	0.08879655881594495	0.05087447664875228	-0.008233087362061887	0.03756399656088749	0.06705580253470177	0.12516848797646116	-0.030059854240576243	0.025078292559781952	-0.07641760417606297	-0.05407407913233067	0.12239046998834133	-0.06970359134958372	0.07747663991291635
0.0905310347859142	-0.0101442292405734	0.0864469421634529	0.036507482861472734	0.03834107752305412	0.05532838375191316	0.1602168069136712	0.010758977724705536	0.04461789428998855	0.02038732542052816	-0.007169957386579225	-0.049959545089514876	0.10423718701132142	-0.06735375365733667	-0.08842655510249363	-0.021700990564385306	0.012565981138232173	-0.03799715134611006	0.030185119502843492	0.10754844265151563	0.069854436570614	-0.025191504356550376	0.08878437176986993	-0.02295640098001491	0.03757554315665765	-0.003989165890572667	0.13552679514914104	0.1287325974251504	0.019344468300266912	-0.0003270976165083792	0.045602156384057985	-0.03900685973870466	0.04425450788288336	0.01550550784829801	0.12060555458072997
0.08500468152408919	-0.045978328490813826	0.12430137528418946	0.013680608052292246	0.05954254041713664	0.01872830172853788	0.13227875468328107	-0.01810975524397347	0.05785535425869731	-0.08283229202564027	-0.011100227108259957	-0.015963377351735274	-0.06687069554444461	-0.032838673138936667	-0.00045096611957567653	0.05994661090292028	-0.06344522382242833	-0.052208909259170995	-0.045445276164628984	0.09382889187465836	0.13064906581024513	-0.002553860014760219	0.016387801267542534	0.0026932843777548125	0.06465380502407816	0.01807026130889102	0.05820683162495177	0.0961927646912389	0.08078745802887252	0.08440911058614034	0.01970214742537226	-0.01341681521386848	0.03688648743086509	0.10220564789409023	0.1772190675051503
0.08304311179319904	-0.04251899948935435	0.08702270017928718	-0.07073876898315613	0.0222185436758107	0.04834778506400254	0.08923277721941027	-0.008131680290777273	0.11127753293637539	-0.0012263670007099155	-0.01710320349992211	0.0034488783057056065	-0.1882619785550976	0.033554527428503206	0.12632721729801638	-0.0353365980216126	-0.07227603351053613	-0.07516661046269713	0.018660620384142665	0.021952370046062132	0.052551161145204736	-0.03675703798494023	-0.02777058908462715	-0.052300181381576064	0.0038271546165395964	0.08810489916587388	0.014330454246385516	0.00646294071801393	0.10849974582889116	0.12844461257181278	-0.11851696363961786	-0.01396064945218338	0.02855435723254171	0.011693503317133914	0.06285056788512323
0.0873215306220938	-0.02951588957678524	0.019289227467781524	-0.03805698536530627	-0.09633726914339784	0.11321627910643935	0.11224855326220133	0.013542375390719636	0.10358192523067376	0.016239741441886887	0.005266262473701777	-0.03945173076016061	-0.18770001755478496	0.10995210002932611	0.08243665470225742	-0.045209217701726735	0.06583940550346	0.08887844226308962	0.018357089199831228	-0.05212016151637068	-0.01688941690331141	-0.13320416306846417	0.12658101704048913	-0.06514214696191338	-0.02564183915389573	0.08104685984244532	-0.003040271445448786	-0.04904102656453651	0.031929210210061815	0.1260693493904541	-0.1501433678373684	-0.0168577440917963	0.010893538777129013	0.07876022842938224	0.11242833275912417
0.0905980322133152	-0.019495792545071684	0.0056529151869336705	0.10112879814785068	-0.17087936298271342	0.12223493213087153	0.14616521180564732	-0.024059187326675648	0.09475387236917687	0.03754613000978269	-0.007773065201291065	-0.01635385211997492	-0.061958752008488265	-0.03426579844776214	0.1042576424065242	0.12090085201671727	0.05665448604175529	0.07176153980082375	-0.002315298180628365	0.07658137623330696	0.018027186718344426	-0.16914535088159924	0.11336040285619682	-0.004968181954211993	-0.056906968887059574	0.04551560059867182	0.01688947569312332	-0.09603773431788917	-0.08180116561985326	0.10349756927553908	-0.1518946587917941	-0.06743611058575265	0.025922366018026343	-0.0010094026048540821	0.00372850866802377
0.08608850028768456	-0.03004613577203296	0.0748941148439773	0.1692396259000925	-0.07552800592426304	0.024810988067987448	0.04967358319174879	-0.023189877384724767	0.07637235516699852	-0.050283428633775405	0.007546840655591963	-0.05104748529602083	-0.013077210006640447	-0.11573938366172902	0.159223728597235	-0.019391843142346096	-0.0682979114927562	0.08190481677143721	-0.11474480254749073	0.01873764435431753	0.11994305099787266	-0.1089935884361456	0.03255133771682832	0.010799161337113544	-0.156477985749501	0.14269479568298207	0.10282303460107808	-0.022759759857286864	-0.033268980963860245	-0.060355328751395654	-0.16616729980363693	-0.11451693345194469	0.04924736791441714	0.04588914240223482	-0.00974109619957209
0.08346342431784162	-0.04696070556315357	0.14041450181957613	0.03989595096473581	0.05852172564872548	-0.027468835620209874	-0.01009755141946656	0.016979553178269987	0.07617470053072117	-0.059154050067347315	0.08771221546051303	-0.0720955517567902	-0.08568268174325634	-0.11437071669501385	-0.025074809982773845	-0.028829676570575585	0.015625551273992934	-0.009606721094629615	-0.08445490835481959	0.09104156088420738	0.17988436417644255	-0.02177007210105855	-0.0741759379172956	0.03168835801560496	-0.12004560367159044	0.08900689727234583	-0.020570274248115784	-0.05949815344242308	-0.02648124265402463	0.11941536917521764	-0.05926894624211165	-0.039753469178571255	0.10348003166673736	0.09109305490716159	-0.07444995132482415
0.07906150701001104	-0.0775274622887515	0.12258154677773103	-0.06574806838844097	-0.056652555340637276	0.00927368437379546	-0.05250279547938976	0.00770596277340219	0.03470402450225577	-0.024845067084210283	0.10893844581454536	-0.06535539066307477	-0.04799364994774614	-0.10910091310485487	-0.038541071237106136	-0.10193686860643647	0.04563413951925843	-0.04168976159604739	-0.015610548409423107	-0.07053838852983696	-0.05481287954625512	-0.017014369929431273	-0.04320621166903798	-0.12027891525064431	-0.042172340500225204	-0.014425931552440383	-0.05963941221087942	0.024255227747915407	-0.025291126021336402	0.06869288742192318	0.06215211982170592	0.007103718628321251	0.10480947620338571	0.08671797249127494	0.1259486787818591
0.07716265785046945	-0.06738379939689267	0.11042809057692834	0.032541786136777134	-0.15072248947998904	-0.06485852877691532	-0.0844543611602507	-0.015985843090139028	0.054744763154499956	0.07727966766422525	-0.011322138608112617	0.007744336631082321	-0.009270580261293154	-0.15700327432953134	-0.06580230248931386	-0.017537365567512096	0.00989588544399191	-0.03953356178774973	0.004983522062338579	0.04043184144160495	-0.07191396648220341	-0.0455155127852495	0.008734291308976835	-0.06496237122318381	0.048458011189115226	-0.0010378139201438347	-0.030535809594195686	0.022937226256937986	-0.10625254410030847	0.005170851148442901	0.022267607608274856	0.04466878142755521	0.08258620492550485	0.10601476082864417	0.020925106407641093
0.06949585344929855	-0.04520818435429673	0.15795448626516378	0.07556881073002307	-0.03140696691593064	-0.06404688368773477	-0.0883193329635228	0.04971634380990493	0.06685025206660317	0.05086150366224435	-0.040580898489306946	-0.007910587547711458	0.02495569564686219	0.011614211873012625	-0.06349757485090357	-0.12498793308423621	-0.07493545280498687	0.08031122471970838	-0.05915989810803128	0.054931094832682235	0.006543560412742246	0.012887740940874593	-0.04229456664494503	0.011223355802222081	0.07131917482370811	0.033492954202217665	-0.12432930925336677	0.122978424007171	-0.1285664639017428	-0.03733611304932917	-0.034675315731618056	0.027678100278147086	0.17620717705888517	-0.05197664897824143	0.03453230932106838
0.06883248957865339	-0.04772452990168546	0.1507324058314541	-0.025924853493677732	-0.047087249168137564	0.05371480578794566	-0.06526847146088159	0.08544856778172397	0.06040554807631501	-0.028593822491074537	0.03385850830152321	0.024460914427971332	0.06091963625481685	0.04314198828578265	0.008330526672679563	-0.08730643912778872	-0.0901696694511975	-0.09377391684916957	0.05931155099026562	0.044834242465173604	-0.02647842361365156	0.026653414952783852	-0.03586257302885235	-0.08346445342232459	0.017458597105354176	0.04298363538589804	-0.21037719987564305	0.03417205774894238	-0.018016200742397924	0.0050191365035351185	0.03134591015029045	0.078270434184736	0.17923501674304085	-0.028466239139277327	-0.03922786219300976
0.06758396818681695	-0.04146026499898639	0.08904754708226621	-0.014798255754678583	-0.12119451741259499	-0.02752359220790317	-0.03765821439023305	0.07256474919234135	0.01606069921647071	-0.15639628764596478	0.05797952409067355	0.0852000286300024	0.03575660578668332	0.0032641816578135017	-0.1320356437959882	0.03534955198118475	-2.3405884654915943e-05	-0.00252257503639303	0.052614919323913684	-0.023098684492123007	0.011640215290689433	0.03001410570298343	0.04711398941080233	-0.12516960749185427	0.03203396331568186	-0.018640800383361817	-0.11422807079431398	0.029271746492071232	-0.043661546339694345	-0.031771178702720435	0.017141137954356428	0.05496927600895055	0.07751177383375478	0.02747851185134628	0.0573790274255178
0.06833560072833512	-0.024415763767546853	0.11309606052469562	0.009467272629255204	-0.10510392843927761	-0.1431448874316704	-0.030542089381945917	0.033923433325358944	0.03918374111270575	0.005747822023497281	-0.09985052053407235	0.10675277672249808	0.03888886680867265	-0.10260186788580612	-0.05303214340518853	0.04424432749778358	-0.06312730242558275	-0.02075743527429564	0.001949172532908043	-0.07640275132346659	-0.0077018489702152595	0.018277134943068103	-0.08086221792768034	-0.12117847556064695	-0.02557885015678517	0.07945223212070157	0.06066281065970377	0.07231933319622977	-0.08058146536984762	-0.0968344461720129	0.013632439708998152	0.0632866249175216	0.05702058228041922	0.09329972069786029	-0.0641983629228901
0.06357708277996345	-0.01184180798854588	0.15464830568058516	0.009956850048763743	-0.02063221842989749	-0.11269217048564939	0.0002099171835463082	0.005452980318268148	0.046334245832491835	0.10367058170244217	-0.06391629367654748	0.024963362763458917	0.013973546690815904	0.04967159926076581	-0.06728045328503549	-0.1002515571692596	-0.0009213160564367573	0.06592540420302269	-0.06186141685626929	-0.06712574609202528	0.048594442213487424	0.0521709224237734	-0.06361982172585062	0.04475109565406169	0.10486179352651182	0.02315058374964106	-0.14013862492003043	0.11565486094108793	-0.1610759945953829	-0.027999574789464292	0.001877808375200414	0.03461564985776317	0.06270838527174177	-0.049693450502141315	0.08761645098708962
0.06125337309544363	0.004216237866201959	0.134990692709227	-0.04723428508217029	-0.015303388748461487	0.02731717146208075	0.011261516062836097	0.06844066872966582	0.02503692687329908	0.01683962478005858	0.05908554176312159	0.024982676433247347	0.06766320165716372	0.033371270448946604	0.052306912033083075	-0.045505613598726964	0.0338671611205105	-0.14033410922825804	-0.0002986120957755682	-0.06917588313332587	0.024036993058109222	0.06407136689822338	-0.01400747508817354	-0.006853041389061759	0.05993270343909797	0.02241406835967033	-0.17773888786829037	0.017389133479847635	-0.09468388636230057	0.043770105561389765	0.07674647183447078	0.006497976510384886	0.0040798102260746205	0.037461160497913565	-0.004794497187061952
0.05854365599256137	-0.00591124083070831	0.08002560382430228	-0.04453845257857994	-0.12207932315225382	0.0033185335355652127	0.010344413268746801	0.02372939819180091	-0.005287901069880715	-0.07023714329214374	0.10923156846529221	0.032251149828200605	0.04685506333768331	0.06455977867796976	-0.05520180543928951	0.04673021512760179	0.0797305782709309	0.0016851234283285811	-0.04781317894834056	-0.12490058504827498	0.020099711904796057	-0.02544250267816049	0.0325744819700838	-0.07444125373953187	0.07768824504750248	-0.0872804115754127	-0.09381682369483517	-0.008172877646770885	-0.054458309132198304	-0.018483705436079717	0.006640978288042453	0.09891256410928312	-0.0657414358405901	0.07835031526004162	0.09740688807845488
0.05458253846851721	0.01954908550599585	0.08100541272939235	0.010270223470668036	-0.13913013586905337	-0.08034804617641594	-0.0054988861575860715	-0.028320907844942036	0.010971092084465658	0.04477576435632061	-0.030434134138344494	0.10783260654328057	0.06804948398704731	0.023890998409440742	0.06040471086307253	0.08875363220499027	0.004434409934545097	-0.04562427900461219	-0.04449355489199571	-0.03688676156132363	0.03422179835889496	-0.058822192411662234	-0.05157205278938317	-0.056561728294384	-0.019158177031315973	-0.009089339682626197	-0.0075093497901869005	0.029451515382235574	-0.05255344753867392	-0.04698413406514494	-0.051510065702177525	0.13945425125429675	-0.12156806753055886	0.1102481756831917	-0.009851890852688207
0.05121205333063928	0.040785203224084514	0.09135961475582739	0.03184488924922032	-0.07604054023596661	-0.12233701088197033	0.03787124115246177	-0.05733379537959931	-0.02732383460325525	0.04193355302503836	0.015994067003465277	0.05267407325390793	0.11394759211027042	0.08778968445133879	0.13998469548775216	-0.0052118874008966806	0.033706796797952944	0.031020861329957784	-0.045286299145441564	-0.09825416636691468	0.06440791000721184	-0.008627630459359707	-0.04864478138112332	-0.051608157734292656	-0.08053058787536331	-0.026615823575786145	-0.05609973389206083	0.050677824317966434	-0.08834006184136317	0.013259809278123598	-0.05605401911512145	0.026332092973334945	-0.132518062534089	-0.02436114499296118	-0.0428395147929938
0.04808503172505221	0.03539755761442818	0.1116301390380433	0.012553375823705845	0.002296578617255886	-0.17164737635455207	0.014477631817988543	-0.08388971926559109	-0.036508531299802145	-0.002686422429883389	0.1602932268905616	0.015947331538138203	0.030349605822666763	0.0725077203342773	0.15040182190217868	-0.017649148509371125	0.05129219186031581	0.048324293811679776	-0.07846208601206812	-0.010638762789546001	0.037841344978736424	0.11692550149395728	-0.01131645670801483	-0.02265248532650886	-0.03277245616480206	-0.11203089110197892	0.0408720527726177	0.010996998803382065	-0.05126993972533712	-0.05652421081306545	-0.03117077921378903	-0.06206232298952393	-0.016575525569371093	-0.04691119559958533	-0.07129538393268121
0.04983922932177778	0.03335322584943911	0.11571615081304709	-0.06381911382582096	0.045345022315064154	-0.13526260597078205	-0.026367170445858373	0.0042433226015950965	0.013194379991756563	0.07644995711519674	0.1955457241430857	0.05727457871986333	-0.08700296559453827	0.10653108552878655	0.09835433448875225	0.018642474587812624	0.08496193025701493	-0.023874766878130536	0.0008668050101281015	0.16900786690615618	0.009153306724621384	0.13951614243444413	-0.036824120777598744	0.05505024841478391	-0.059774178211903534	-0.11072153615507027	0.009916272882473442	0.032436839939253906	-0.01674592465623119	0.024718568940971006	0.03378967057050353	-0.07683083920463589	-0.01524893754912655	-0.012664271402068992	-0.06900272465216065
0.05146012922335527	0.032825421705400454	0.0539427355346959	-0.11405583893646135	-0.061395327784538774	-0.030112259439661226	-0.027696589558608417	0.08499891614928125	0.007926847418696715	0.08438917069328229	0.22478146822884146	0.036072464511151175	-0.021727642201926235	0.11770712501558234	0.14926942973060692	-0.0059365249201563525	0.1094605026964928	0.014684307486760882	0.05721561785835064	0.035654089865695696	-0.1338251446141498	0.06364982307678849	0.1059330047198958	-0.0551328589980127	-0.12388827432382138	-0.08096481312035468	-0.006301187849069027	0.05402963235817128	0.047859451100321	0.008574272624257286	0.047888720645453006	-0.004746986153674859	0.02357239123679509	0.04375801941558935	-0.033386985697184984
0.05046144434792861	0.03652036268571784	0.034226543168848496	-0.009561510482034477	-0.14171422314392199	-0.0910942387895407	-0.013526019295100462	0.02233254873895543	-0.025823577400504328	0.07595017462214308	0.14011075693736555	0.07445104972166423	0.10293285722883405	-0.009065245086962754	0.05240538540982416	0.10730417761782356	0.08027144017261281	0.011559094279590964	0.04208717551349389	0.10477043040846049	-0.018672602761965345	0.0041531991399685955	0.11116593635474141	-0.052816567344036947	-0.041326839070762636	-0.041478298870393907	0.08373164383011517	0.03720087700474344	0.028821597150860738	0.006410181378272421	0.07000773741232738	0.05948764193189167	-0.052018693350485694	0.0460559170694265	-0.1496455862599285
0.04627742501870433	0.03143028890407314	0.07847573990205588	0.05995826502647796	-0.06975530629871803	-0.11475440699762371	0.00022539113228575404	0.029929990658290512	-0.018774954012407617	0.021402353140400496	0.012087435247500807	0.0992724495376898	0.09915054164184678	0.05569530857784071	0.09155889324299779	-0.05597739925839043	-0.10641358753371882	0.11637651382439808	0.0006647875261607105	0.09870192085488945	-0.053187452996079077	-0.0643064077693461	-0.02632179998976633	0.0050579732038885175	0.06945923210822848	-0.0371462624925217	0.04128291015883301	0.09875824157546315	0.017828791935924904	-0.09461647640943684	0.018551738387750427	0.052887368992132075	-0.1564358420857185	0.011215795365332471	0.006346156390654251
0.04011869823640353	0.048035126744843004	0.10808466697719397	0.03193883133501552	0.019845680268645464	-0.10359966675771598	0.0004255938171276256	0.06220250307216884	-0.01313488769622913	-0.12296119277719016	-0.02672308287607098	0.14342682878985213	-0.002313500716480183	0.13640218657628136	0.04105502384409353	-0.029505380810501306	-0.07583387427114975	0.12561414113785463	-0.059729970427712095	0.11926256159895646	-0.057760182922961374	-0.10278136596513157	-0.11635928348159755	0.0412069875202149	0.14529243302591163	0.0034706906255528858	0.04855893638348963	-0.026629122947935013	-0.07614520862669141	0.0031244213289703567	0.009066107058145817	0.046096130584018305	-0.11878387101500204	0.12439801841891315	-0.142858276627099
0.04266622241239327	0.05863444346566661	0.0816292895975846	-0.07055128180803104	0.07695672918856948	-0.13344448617454305	0.055542312802197985	0.02461271243757244	0.002196654067395646	-0.028291361512281475	-0.0025275529549895577	0.15283625506710358	-0.03176275415937353	0.13752123135570055	-0.04908193684912624	0.0702686211451683	0.010038463341041368	0.06685446972629631	0.05675118023059024	0.014670638364743391	-0.015401213884559058	-0.06408287898109927	-0.13047110299933443	-0.02844898399279293	-0.017138329460937757	0.07913172615268146	-0.01668622489340269	-0.018875605924231334	-0.022023209642049374	0.2100164232899881	-0.06084465529269971	0.0746625843981533	-0.11497233763951605	0.12966793287273362	-0.11335056186004186
0.03792201026730403	0.07138145587330234	0.0423641713148258	-0.08935006977425623	0.027718351488044943	-0.011026302426192602	0.14188523737373898	0.016755246579814358	0.005443447350858468	0.1350885698709358	0.04851939114614458	0.17408089169237503	0.011394557372478282	0.028258437149043514	0.02299941234385183	-0.02160843351849799	0.06309528276381954	-0.007602812464320832	0.15328710671656848	-0.020468976642442262	-0.07544850157442855	-0.006021173503977715	0.08456594327786898	-0.03166093477527401	-0.009417100745574558	0.020325925597639325	-0.1078388562550968	0.10796677596429709	0.02360259604119484	-0.04116359505306856	-0.16499689958536495	0.04489250466279047	-0.09108833526270937	-0.1227768865936894	-0.010604934320865705
0.03696432125884624	0.12059245096752315	0.0218451064078171	0.00923647566407161	0.0671662441542144	0.03203399597104795	0.0821793001297019	0.005902341662938855	0.02855067676539205	0.03124097338686174	0.10562135722131603	0.15352687416965374	0.07502675656942007	-0.09648338442494514	0.05704954592319682	0.025233670989760714	0.005267083276707447	0.04304972439394281	-0.09629811243913736	-0.013836278501729575	0.02321046641163575	0.07371294996652449	0.15941865038930947	0.10347608432937491	0.1285766969287545	-0.04084134171430902	0.07131889635309746	0.08577596894636128	-0.07106179221363378	-0.05729696214369955	-0.012333215296565786	0.043071375703273664	-0.0918312173371893	-0.008336379416397376	0.03640660621960888
0.03210558755674941	0.13098923654391859	0.046966978682471905	-0.044935136842183546	0.11208943859519059	-0.03723328882795699	-0.03681135317517076	-0.018335232377147494	0.06499848645291148	0.005244671420397013	0.09941229577885301	0.13232120422118993	0.0064056588741598355	-0.042232237458866236	-0.04691836673990932	-0.02712745494592861	-0.007640348385094582	-0.022156054385825012	-0.17656359709375852	0.04878631880452126	0.14457999931821378	0.1323413530970857	-0.10700494371755388	0.09618881166164345	0.075440890081765	0.015139177019753813	0.1449984008128193	-0.03637551769488612	0.06445485125166205	0.09881056598790999	0.0618675180688464	0.054359482087921566	-0.11289591199826987	0.06027419877569949	0.033830333142198625
0.02999655331782673	0.09365843803982427	0.04370170930787827	-0.11829537909978557	0.03049445367999001	0.03623246129261624	-0.040031593133775766	-0.03180367777326047	0.056287103405109465	0.06294116813834626	0.11052527573610225	0.10457927459064996	0.005454430096253385	0.07113044097041717	-0.042422289479384374	-0.16277855696526003	-0.03248338543398403	-0.15868185518029213	-0.04408403457760502	-0.011425638250127358	-0.09676468664540638	0.06319813044807579	-0.05252731769323873	0.06378718612326326	-0.08132920552701456	0.07395364923043067	0.0689462554024431	-0.046094290697383966	0.13603809154556865	0.07167026087128515	0.03857247080694181	0.025837032734746322	0.04390943104127636	-0.03132885900590983	-0.03358651918725557
0.029228009507783714	0.10066226478127256	-0.021420818537479527	-0.08728769016720889	-0.07708153086608016	0.07434779746404982	-0.011056905821037225	-0.02607771431271801	0.03562975112971372	-0.051780780735615484	0.10498277009405035	0.1347474666495387	0.018193847653309364	0.12203528698955353	-0.0943359268790546	-0.045541018317275264	-0.010211615774946574	0.044189431928624075	-0.05934814219228185	0.00887234147415333	-0.1214173807874291	-0.06955974510625029	0.2248886229919765	0.04046357868090436	-0.08098874866799136	-0.0027870656507142134	-0.05030090213621546	-0.003918600789235359	0.07806895330417937	0.015518433269059616	0.1044745732270814	0.08764396338639861	0.1564258049601371	0.056548865566139146	-0.016962648359360295
0.027588153212338644	0.12778767921264694	-0.06494292072918491	-0.028203270098585035	-0.09477435485657737	0.04064218068035716	0.01374004240448178	-0.02610787663857361	0.04195116361738284	-0.06090002192399727	0.023156020396871743	0.18722300423251484	0.01616484948400111	0.008993709452146332	-0.03731020486666722	0.14487567193671538	-0.0442750857166607	0.07586864252327938	-0.04896824184102129	0.0693242858349828	-0.017726323178877783	-0.031895319005027276	0.1618599740549619	-0.020326069464668896	-0.165297682266504	-0.10677636772758875	-0.05443743386718903	-0.022099693918473926	0.05108030169815226	0.0007049430213535613	0.04382133087696591	-0.006956678651175972	0.16595545912659906	-0.07680531530378092	-0.08222810190983532
0.023925178018268784	0.1439251191361289	-0.06391315154288879	-0.005070362803009544	-0.07239756097403797	-0.006539089592795606	-0.01455999989015859	-0.007588474294550429	0.049232137310438726	-0.040968742743092305	-0.008512174891553871	0.18748176140118802	0.022231625102389147	-0.10267472494412826	0.004687703472155621	0.09055378261079475	-0.03697785816734929	0.01131567047600037	-0.11132075731886448	-0.008373018311808884	0.11127437545620429	0.04431689309918685	-0.003043080423483422	0.021375405741644468	-0.18333961212856187	-0.11348229185924369	-0.029756278118765994	0.01283596884626638	0.11064488934617342	-0.05579107961771536	0.009105111292294757	-0.08827563201366916	0.04124158178041587	-0.08184379773301305	-0.04723935840610817
0.019289907902458263	0.15663353542542932	-0.041250821911348184	0.010700871323598978	-0.05884735807262021	-0.04259732634009309	-0.0523523505831223	0.011985560691234992	0.03880589082230404	-0.01592082185474566	-0.03382774617335368	0.12435256615460445	-0.0066806793663430585	-0.07187309811109585	0.025294906902859942	-0.07009104999431434	0.01264299841974736	-0.09787072508527153	-0.1118510071502552	-0.03854749518013248	0.10192260339538911	0.022176066911305865	-0.09152041135786135	0.07865915179879514	-0.13322712404494577	-0.058700900648607876	-0.033329617639200664	0.01240767525874864	0.13573861908568313	-0.015921942895649955	0.051112675045397724	-0.09262613258684121	-0.01018579239128739	-0.049250836241515446	0.048995173877445154
0.022644885309861088	0.15736246023120604	-0.027841766875799565	0.04935349151599416	-0.02176096789945551	-0.04496044087002328	-0.05881012322751955	0.05325770034062926	0.04816727932426894	-0.008799456207434804	0.01753697369016331	0.04134732865857174	-0.030466723514725697	0.029733455868441113	-0.009813699091939014	-0.166163589576199	0.02685542675347982	-0.11186122724720121	-0.0838903171206623	-0.08477036834796602	-0.004635984152922639	-0.07508826188652049	-0.09863010047658559	0.0841731086361022	-0.17629932961135322	0.004780416711494213	-0.048132629619454255	0.007332378450728358	0.010272466656673664	-0.009129079717144661	0.0238740659043685	-0.07379605934066527	0.011140772186152953	-0.046107616451209185	0.10578107829332158
0.0210094073673314	0.14409595638581463	0.01851885890491975	0.08511875550798116	0.03141355291715849	0.026111178620955234	-0.030337429086321966	0.06423450739428613	0.03536592949325211	0.04401122813895743	0.07902581293714867	0.008551726878257546	0.03465452810704073	0.12404688911900145	-0.1815456900731284	-0.08636601159509807	0.06919780957611643	-0.09094275585783643	-0.08080361141311816	-0.10101455290503769	0.000879936651275906	-0.1908418691853768	-0.051628139806061575	0.08291704556338686	-0.11287919908392881	0.019088678367713732	-0.02089700998858983	-0.016274580945386433	-0.12419730492644088	0.03301898504392101	-0.012382134509715838	-0.07249096256568394	-0.0555079783190628	-0.03512643327469124	0.08369794464204869
0.014636046787752328	0.08977343228715819	0.08176315818162452	0.06183244054905956	0.029729477790351108	0.12137065967929192	-0.023447078062241347	0.034918013524365	0.035344753362870775	0.09124118189482382	0.05224125460224952	0.07104764189254907	0.07795381376252927	0.015674061659088464	-0.18609694647054942	0.10753085439110964	-0.04890030097591141	-0.0939995708655321	-0.14631593285738784	-0.1170401215651428	-0.046499151600617225	-0.13858658647705524	0.0004507951398217032	0.07847152040655592	-0.0017206171343252079	0.03147380332274005	0.04494494648148988	-0.0646387022230735	-0.010519510783687094	-0.08162996886163221	-0.02076892075862654	0.047152601921141665	-0.0476564888747838	-0.004448570946791866	0.13702995356451272
0.010254822843875699	0.06445991184745899	0.07924567426686875	-0.008299843504533454	0.011367745652893377	0.13001634268883402	-0.02459703956115314	0.045684164998226445	0.019042211217060463	0.06511745705834603	-0.02646989391476043	0.09502494561747979	0.07489508980444516	-0.015178941831489523	-0.03225559885385721	0.05496708356389362	-0.22719030912138144	-0.07089150354658053	-0.12149534328802512	-0.06454505274760486	-0.03575576294853339	-0.0318380363609002	0.038257831094485634	0.09721675586424602	0.10255696293356917	0.08953278226935887	0.030474062275241014	-0.08552068920441154	0.07767770817027714	0.022072179291950086	-0.11150492018899227	0.05366390873942903	0.020457176184161992	-0.13204666509491403	0.052817350428304
0.005385290335491923	0.10355116635964146	0.031864101923616966	-0.07230662677193116	0.041818251938967724	0.08294893155593565	-0.0098320480632751	0.05299109459798842	-0.030179190388667412	-0.031868720341560935	-0.030904865849491654	0.08343659868130096	0.03964497424134233	-0.0019187148281818744	0.04217049948878114	-0.019648249776328904	-0.1738504771086118	-0.09630674494720046	-0.03165372805875355	0.0007805873565754837	0.013400823782124873	0.015570339893173166	0.057872310117440526	-0.0028609703676487144	0.15775256281296618	-0.0012589083308605625	0.011117311694110215	-0.05375299949629547	0.013678322220894516	0.12975480415365526	-0.1741728491290982	0.021849097610432938	0.014001683794911735	-0.14061112693114908	-0.004555504182103591
-0.0037888041202968547	0.10757125808229642	-0.017021737597589254	-0.08903165020987389	0.057813152997935505	0.07384005457617752	0.0025293963033580303	0.06037459313200346	-0.06124116077007073	-0.04070107443398421	0.04298282120934435	0.012015864784156071	-0.042086441666251695	-0.02898742060938881	0.05147051989916587	-0.08994516534911993	-0.1311515390445825	-0.11378567977086726	0.08561042769399035	-0.003788989877418547	0.04058465500002752	0.0186773705529031	0.08583620860353887	-0.08662616087013955	0.16059470781540636	-0.0853649858855915	0.00777066572540222	0.00021842854727385785	-0.08399651745954233	0.11692613722356078	-0.16461546345463435	-0.05164331153406144	-0.014015307505783614	-0.14921892872526737	-0.07823291171431299
0.00040677944919004076	0.10037820280320943	-0.03362625897736469	-0.09199472159766535	0.0055267123029388064	0.07470846987982542	-0.01349546986954996	0.07550585724149006	-0.06726546269154024	-0.022028413068839937	0.11384465027719698	0.0015664638102335076	-0.0642648852265143	-0.05894725934973957	0.011473163949769917	-0.07724652163298139	-0.06162866918942316	0.007396943449245182	0.018458330613994944	-0.013996946564472108	-0.09253970800616501	-0.021795324446578997	0.046737130921186976	-0.13874268788733046	0.10493286214533815	-0.12925271504919417	0.11649929074906598	-0.02513896755191669	-0.023088311086211684	0.06877468139450718	-0.10409565971257238	-0.03252117211252243	-0.07834350403645388	-0.0033621592296686487	-0.008693837379697481
-0.004020678613612401	0.07322233393915696	-0.025897578568038104	-0.04904063897574161	-0.11847344500406577	0.03343515324515156	-0.030863990868739886	0.020238243729486516	-0.08612216258392807	0.06928092398627501	0.08162248666216773	0.022610723130481895	-0.02324682711547431	-0.07766805054015924	-0.12316191944196347	-0.02975878533387931	0.016332623424101498	0.12668238682459088	0.015162185243163113	0.12269488771122669	-0.05659709570058986	-0.05405055228386211	0.012235942924331878	-0.03587285891726111	0.11205840508623134	-0.04962798689843755	0.17583983663349975	-0.08397801567482924	0.0637207813880804	0.07740874480721895	-0.061173202649812866	0.047486651825079315	-0.03928002993516658	-0.0957422863217312	-0.037534623954983096
-0.006304370078306733	0.0633390508922813	0.019212395138733584	0.011420165670633552	-0.13016051675166607	-0.007852623539443158	-0.002023098594061122	-0.06401424584392121	-0.12222863409897804	0.006006736080356373	-0.04399815266719452	0.04537742465807845	0.07369832147443581	-0.02601189246052127	-0.08651853928015803	0.009261370599763105	-0.09042479773173305	-0.009877357306849115	0.0027145047441686013	0.14036783005598102	-0.02753666976972728	-0.06512865754777596	0.0006905163216828353	0.09350803326048476	0.06158046614885762	0.07088455421666862	0.11419558489279075	-0.005469023536654658	0.08818813738287984	0.07188287816871605	0.007309891693945726	-0.03396894400475458	0.02904584866954136	-0.04081803136934742	-0.07592458653916942
-0.009962799484749438	0.09482535094233219	0.008052268591302187	0.038260865591811265	-0.07151127289309307	-0.030277320303910487	0.0006521800483309272	-0.03272555191121006	-0.10546184408630722	-0.11664701396767076	-0.12266367834524984	0.078407131695993	0.006970237460013015	0.04355679638386724	0.05536071834495248	-0.018109863676536407	-0.05845587482276891	-0.01814638581466436	0.08781254213903246	0.09328318116687058	-0.03773469734618656	-0.08100480132924481	-0.01717996837056876	0.053809737673104166	-0.04575324778968096	0.06384172126046099	0.04234879614296383	0.04026577524197952	0.1744189349227695	0.03707284778629669	0.015691219535415562	-0.02912660847357975	0.024572617882996275	0.005252636514088017	-0.005975473130129159
-0.007816571822845545	0.11306773324506363	0.0018797844138227925	0.06456717736281203	-0.022018070978068648	-0.027384077454228054	0.010849939002805287	0.008628438002460175	-0.05977778929675992	-0.11053321603746376	-0.083496918554302	0.05938833716728983	-0.0847200180263849	0.07242404646791865	0.12733746948416574	-0.027353110023714825	0.040144067118585015	0.023412317037894557	0.10009217124387358	-0.07127190786793025	-0.051571196694444335	-0.10476689500367725	-0.08716270499803973	0.05701152086732928	-0.011246853207728873	0.06488637174537928	0.011273778187668173	0.06665258448562615	0.0935812870938256	0.05762165939930165	0.016516139277346898	-0.0772038536392513	-0.03951900540742043	-0.09176049590634097	0.04390301819496076
-0.011711966353809394	0.1336658989125887	1.0610403874355398e-05	0.10063849695976708	0.03801817110098684	0.018673604201845644	-0.005992045141870755	0.03289195863542537	-0.04693117270543332	-0.08143834153514098	-0.03520363316129899	0.031197363253249587	-0.06702701581021049	0.021492363716231543	0.05726200373023009	0.02069178572666522	0.13315434179314292	0.10558800300982939	0.032126654431412965	-0.13777019430051723	-0.0718292147129557	-0.08957619771386777	-0.055386910226837026	0.05290313100002636	0.0777495628083366	0.07456992104691315	-0.08295464054634502	0.00847981598006202	-0.030683483673743954	-0.006305229288631189	0.10648108006319068	-0.13322431641998192	-0.007837574320891789	-0.07576618072029283	0.024803970748055196
-0.00017973793455186956	0.1353126269432735	0.026512775360875446	0.03732066684692897	0.08867785689107661	0.055415818217763	-0.05291470016492887	0.07778496925362498	-0.0073130359790230795	0.0014618035305662507	-0.0016299596372193006	0.07431556521409866	-0.03130906297206402	-0.0871937771431211	-0.01598333156663407	0.11380006336128021	0.14894913391983752	0.11009727006016595	0.0015430349798439824	-0.07131083862067662	-0.008199051907243168	-0.06586352695575381	-0.10382040465410852	0.08989554776845715	0.0733409538247933	0.0992209504321896	-0.14455534440311305	-0.024914208390562978	-0.01102370552534701	-0.04975660587268829	0.10310408094338144	-0.07126379554675294	-0.06229496861214236	0.06499482226464358	0.01745954688484714
-0.004830785186110024	0.09989878511247549	0.02242208699173028	-0.0552421286438947	-0.018318104604090533	0.1331198054830583	-0.109667101281321	0.04682585949502806	-0.04981481103884152	0.022883043666097082	-0.009708123207633208	0.012739518061905264	0.10916975330500056	-0.10507188383968126	0.03299682102182606	-0.05847600972537814	0.15742683874020497	0.14193486331148103	0.05730773881566803	-0.14064773103557618	0.015968531232107966	-0.04446897699055871	-0.14135143996967303	-0.003989072759232347	0.006819528144218434	0.08702581489209499	-0.02268836228217679	-0.04814264442889888	0.1083419460420275	0.058990517942087164	0.08920506600559007	-0.06673326453153246	-0.0033592296148030262	0.041741537108077535	-0.05415701453711706
-0.008409292224181027	0.05438441761091519	0.03565704991059042	-0.0348782515613464	-0.08344168944768501	0.06200540858843047	-0.1162572414295639	-0.08536265907316426	-0.09623054285764865	-0.07520048478390962	-0.0032769395228703976	-0.008726018014278645	0.10390754682083359	-0.0858460916350575	-0.08911874278138807	0.014057123034860005	0.10126795566374458	0.1489652072425038	0.08066256170448247	0.0079163258307864	0.1209387037914275	-0.03306972332941643	-0.009821363773393337	0.03650175192226007	0.022498679533215056	0.08163296942701456	-0.08050326629322535	-0.07787575025056324	0.017979859764308243	0.038886488291839376	-0.02826098245815059	-0.0620587134945893	0.011397919167215834	-0.038613419606483415	0.06648490314699107
-0.012322651592000291	0.06819620905128736	0.011162863193677715	-0.0507566890260237	-0.06415781729488156	-0.06722193602458554	-0.07354166613921562	-0.09298359706118732	-0.14507523325163954	-0.12850041585776126	-0.011745719286968229	-0.0024884385081692852	0.06056901435135657	-0.0673105157581938	-0.12567620957854503	0.045944006707713675	-0.01683648434301916	-0.07826711080089728	0.06643924393853069	0.044115357546537046	0.10352330937044002	0.004153134136431012	0.012171382806926992	-0.062424950769944365	0.027952558664368063	0.0457911682721176	-0.08383369810861725	-0.11782298136621207	-0.025472686102553002	-0.022350900772655714	-0.12862203624834218	-0.10588292847545343	-0.04808351280615684	0.008900617534022492	0.04880862787417338
-0.01433280591242046	0.07755458673626865	0.011790992706408047	-0.03133656833208644	-0.028233273903169688	-0.15086099644143505	-0.011647248632539974	-0.1252600934360963	-0.11832317587558602	-0.012080382698020154	-0.03055111783371609	-0.04687266831141162	-0.0021382764541303346	0.0012257355932188971	-0.1119745197416538	-0.0159937515394545	-0.11827438963436462	-0.19807817457796634	0.03781178813758103	-0.11961800608545291	-0.016630994544973597	-0.0035207855997408787	-0.006970456535205241	-0.1503365726019661	-0.06196637092597654	0.03752455389009914	0.04433706582323922	-0.054219250359221226	-0.03009772039785799	-0.0792766760472467	-0.06303231170628468	-0.09365789829099985	-0.04006548148925108	0.016510222859732096	0.0705325793540395
-0.01498756867915852	0.08659545708168466	0.020556578947016166	-0.01803335614352763	0.022263150201025664	-0.13769104180091296	0.017156604249401377	-0.02884078248229566	-0.09566673487571366	0.06406827831751767	-0.07554910971402337	-0.051492410316577204	-0.04031329875699237	0.02840023180141704	-0.05549660307557021	0.0007864787042073454	-0.12010317603020253	0.05335242164127972	-0.03816909276295459	-0.0953387021420041	-0.07604098556363725	-0.0831603500842546	0.13618023154762696	-0.10390218736165648	-0.09250934828819349	-0.0012443233927162348	0.00722759294517103	-0.008316577473651117	-0.05998532187509546	-0.13281311391001926	-0.00173312572438937	0.029121068350990507	-5.102604345343445e-05	-0.04388789835601245	0.05821251555498716
-0.015344859014021975	0.08787085479263672	0.04811481870320291	-0.05494390121722589	0.06975033296952615	-0.07600619302715285	0.08090281839042762	-0.02216239097600344	-0.10861556435117559	0.0773137426042898	-0.10943478548717907	-0.02786011226046308	0.017160376678364425	0.06842576941983602	-0.1255074289063786	-0.021521979352791407	-0.044522244702040845	0.04734471993580137	0.019648378910786427	0.06814915333891317	0.1233016204451322	-0.06321442651458635	-0.02808910211853089	-0.07949479858106114	-0.0991910624415455	-0.07396607131030362	-0.03162365698033312	-0.07388197253815774	-0.003077849482203243	0.04691034352168087	-0.047682325762269724	-0.012875307867140022	-0.07078496231868742	0.023243392180757952	0.04949738457127368
-0.017085389740080958	0.032014623797373985	0.08959252994493747	-0.04833583092838815	0.01655552062214488	0.04934066957302606	0.14819698754537775	-0.03821298406402985	-0.13421434765701465	0.08373287049578866	-0.0394325299465541	-0.014208469668476277	-0.004224289025537708	0.047728538477931945	-0.021384382343638177	-0.10634734574628357	0.022555333153339505	-0.1285029327706706	0.12678606181687974	0.04776274736650492	-0.004474916345032434	-0.010051585349655426	-0.024381761569501503	-0.030171241428560938	-0.012415548733466465	-0.11376235518818655	-0.06742354283538113	-0.017333201837559258	0.07229751130950353	-0.098151789444952	-0.03601479093687819	-0.07352981504856573	0.005858144039708663	-0.10785528674750143	0.09089648175194476
-0.017094505765108802	0.014521434826429449	0.1205417820508124	0.031300935972506036	0.03467164063082292	0.0684765724943023	0.10163565052234413	0.042929233252718815	-0.15922537114953597	-0.07844320637454802	0.023081047551380983	0.010225333863297483	-0.07167334245119074	-0.044513039248903194	0.03523536723079832	0.015704406251396852	0.06644102251090143	-0.0869124257457254	0.02926369268057883	0.08288706294836565	-0.018069398237119838	-0.0193791502622979	0.04510055894009116	0.035118571086625396	0.03914518611429202	-0.16604855696167814	0.09042561008897654	0.038705332034577336	-0.03156127049590808	-0.1901314673371714	0.09895070022232708	-0.05161215712206095	0.00041506791043913194	-0.015372192255091545	0.08103340707298988
-0.018380539557079693	-0.006293661992710096	0.13498363009867506	-0.019566200837070374	0.047437966619840344	-9.32609972153167e-05	0.014518857825814701	0.12262341342491166	-0.11534535786709432	-0.03149863129775388	-0.060182079605394366	0.009530836421108567	-0.18578795962172923	-0.13525063338391205	0.036544213014528905	0.10648466982531914	0.012615828694426118	-0.020438028889832933	-0.06982440378578897	0.06022306792226409	0.043846731632278216	-0.056121443471250615	-0.04999130267731212	-0.030980246805116175	-0.023423124635144725	-0.07148591661188869	0.11768558790753303	-0.038393616479838986	0.003482587519956573	-0.09174050603318126	0.13507752634280376	0.006386071378690049	0.004501450111955747	-0.008977131336038544	0.03532978537342531
-0.017093561208541514	-0.019461790036022317	0.0953607146865907	-0.09692892531912259	-0.0855073041892258	0.019903401030586142	-0.013151316030875075	0.15435383662561872	-0.10027596330250253	0.07922727798748674	-0.11056616604013163	-0.018789974039791383	-0.18704677627552077	-0.10328353945023369	0.04581567601987128	-0.12678599310793467	0.02748157453633468	0.10429660232665514	0.005275057011514157	-0.05197200381274244	0.034718041013094045	-0.005623385122318657	-0.06272743951574225	-0.11059609862820483	-0.008071984656814996	-0.0470361946573912	0.054500742483947484	-0.07713337232387779	0.1070919184810546	-0.07599567233264962	0.09467299088373798	-0.020467900654405687	0.053395645831337255	-0.04311930079087295	-0.02105678441384877
-0.025554290381210855	-0.01111844990502362	0.06812244898789158	0.0570797059963063	-0.16329711051531817	-0.0019288525994636094	0.006272750761908494	0.05976889695734474	-0.12339545470228137	0.07173543880125542	-0.12608477978749374	-0.012847281126384644	-0.08980022608371382	-0.05188967693718856	-0.007646695431979355	-0.10675962631597993	0.11125763526582994	-0.06271685376148538	0.11215543391739237	0.05907656755709024	0.06022336432917802	-0.057322422926353644	-0.0103387580492866	-0.019319625727541853	0.11050578807921564	0.009418117239674815	0.07634134086870845	-0.08144999612140026	-0.02602733573478072	0.06912764410420488	0.1677764100392365	0.023740698328416878	-0.005737676252077141	0.044436469357740496	-0.06251738094620678
-0.025831958701548155	-0.007369189487349933	0.11206373364338934	0.1461954276424167	-0.06493298569811883	-0.017591470567513347	0.011719910083530455	0.015330885673504659	-0.13273421430817173	-0.07898167786493404	-0.057172702936777044	-0.05637134083197818	-0.03318201130182385	0.06410963583791189	0.044897582341808	-0.06867523839059723	-0.05550496163971609	-0.009413188530007978	0.024366315782121742	-0.031113829520217552	-0.08522796174781357	-0.054819245157333524	0.05896495145672232	0.03277794111271208	0.18164917690061486	0.06476641051949261	0.03804436596711007	-0.04139354478435101	-0.014047278251542956	-0.0521020647962215	0.1083051585763101	0.02217340198093344	0.09861432835712595	-0.01650546457097677	-0.028361284604236543
-0.027568657033645097	0.05780757358212495	0.06527506222899812	0.06858030178966473	0.04589557823999372	-0.06655038967466646	-0.0190152127176961	0.04067652442749849	-0.10207931535642586	-0.12056292410827107	-0.053595612206188095	-0.03608910973526576	-0.08390583391017375	0.03453638056543047	0.09754923977411697	0.06169451219568532	-0.07863030054747754	0.07496823897512656	-0.08941110887083463	-0.07458057435211536	-0.0341984205056119	0.03386178095092351	0.07720549166298277	0.04150428721054514	0.16460829640266866	0.06913091079268288	-0.03264267020983125	-0.08928086802532638	0.015999250226492512	-0.002470199824451201	0.06037814869730475	-0.014613168116894204	0.1660292358755399	0.031819709384572244	-0.09704591926283684
-0.022344115079178738	0.1095830756921475	0.013243347701530482	-0.06579877357538386	0.11424536578289501	-0.045548955767567255	-0.018690163246496017	0.05546896542982611	-0.04253781848484118	-0.004452078511407325	-0.03086173356188711	0.019542224957414717	-0.1303171969765959	0.03285784320930042	0.036277776181429994	0.10645213015849402	0.0443161292669747	-0.0005724352835031286	0.07482498273386914	-0.0062781337261177995	0.0397953665201472	0.004184424583161289	-0.006338508340159213	0.08445073937508017	0.07195139709199533	0.10124685451618964	-0.1102633191692147	-0.04266159956674241	0.05814982015927585	0.01900849378451291	-0.012230511658094398	-0.028966421689625134	0.012094735406870607	0.09028118592046691	-0.07331012167971061
-0.02260912474307134	0.12082694224841511	-0.0175608602212445	-0.067420991373817	0.06679500788579251	0.06212259441028411	0.002389453657188037	0.05137197695024699	-0.047384401105031705	0.09833558690884901	-0.012907810930341825	-0.011041338179053587	-0.03668640339010198	0.011569643508968623	0.0971916276047169	0.10010120667973058	0.0730920580807781	-0.036502553655286527	0.08649405640870653	-0.08435490410077807	-0.0037410085775930364	-0.11376235402659435	0.04233872407983898	0.03238072797172373	0.06785046378554924	0.06786157948580407	-0.10094359373497866	0.003454651851413951	-0.07587951117292874	-0.13647403529512123	-0.05662080610651002	-0.12305452086709981	0.009429664586232943	-0.017246297371210778	-0.05035944458182221
-0.022828473160386532	0.11054902627382612	-0.010590446270860726	-0.07490204640575014	0.03494561352386846	0.10425373779217316	-0.024844788360542217	0.010011636943934773	-0.07446715971425653	0.09345084080225707	0.02259744555572713	-0.08910232196637684	0.07254360876066075	-0.05844556301321397	0.13573228212315003	0.042450414673773494	0.04023583990801616	-0.004838989624080668	-0.04256522991742416	-0.09808259969840705	0.055728234129674585	-0.06371415844976083	-0.08002329018004335	0.008697988306602351	0.036355051013620826	-0.03408774607356627	0.0029228835572817774	-0.06056692464916965	-0.12189782850867675	-0.07357783018284843	-0.03371613795237134	-0.1308141402510632	0.02650752934735619	-0.006731855575657961	-0.10055352743392346
-0.02619305841455514	0.0748882383076216	-0.0014438249118784614	-0.09637861743292138	-0.06509911711037916	0.07284140448352651	-0.06760917372312987	-0.09906820158882695	-0.10014878848123325	0.07200516559611912	0.05667165057968571	-0.16676578121873817	0.054370948135699516	-0.001679283905988975	-0.04243973449598215	-0.08166189916250359	0.04160775029209393	0.03392822359908006	-0.16793127987110296	-0.10476432581961956	0.12430478657537136	0.006684829404332382	-0.12736481388888207	-0.02831685482184807	0.00041754231724767943	-0.10207983618341124	0.06948378917173488	-0.08267291641620886	-0.029702934831490113	-0.06361367585278635	-0.019796480222592956	-0.09951045250320044	0.034725019837757574	0.06781785487067908	-0.03770948618516627
-0.025913436374420784	0.07521859756636781	-0.004404620733940086	-0.008297270913199506	-0.1163878793866681	0.008120883994146112	-0.058919119818726946	-0.15494991940154454	-0.08505737615570721	0.056704959876864636	0.00034327025501636616	-0.08125675782113909	-0.028050438552779042	0.007429301494078606	-0.06542810645803875	-0.04922775496369468	0.005933213914170514	-0.13192499715025882	-0.04926122138720079	0.09255539844630267	0.038798609253743004	0.029541310453570734	0.046407732984059424	0.046016677387647004	0.03299947998858016	-0.05200075236449184	-0.061784049472894335	-0.1273855481312726	0.0024688514059671533	-0.04289074398218151	-0.00809858445804589	-0.042130599433897825	0.031913153971148724	0.06935074321278162	-0.04240983048238603
-0.024352295062949274	0.10734107332148123	-0.005293367119912542	0.08444993082874529	-0.003466948415806781	-0.02211794543287711	-0.03642995480145694	-0.08366222386571523	-0.06227374796893698	-0.04355529105054131	0.03569476223726598	-0.04928437289141965	0.017354825472390364	0.047953228276665136	-0.0191637883724282	-0.07582792352198148	-0.05158978684458389	-0.030973700838928107	0.051766142774976126	-0.00822134780200142	-0.13752827494682723	0.06496316713223899	0.08698416919173386	0.02574719877122262	-0.014880505176147097	0.018846043460263424	0.03994569668133119	-0.08592487623360001	0.09463917112815153	-0.07054867017345419	-0.012768759683531174	-0.0884712293249321	0.03262859595017051	0.1405387617141286	0.1298425424989014
-0.02622705681300276	0.07287290858319116	0.04020099578183054	0.06644980847220916	0.0330151971028191	-0.023055718118860886	0.002175749141440504	-0.07681158032144901	-0.06509874002136694	0.043156842479628435	-0.017587614902519574	-0.021425785071891374	0.04115405849757778	0.03324515524470495	-0.09048013700982467	0.07083910730422717	-0.10067835183046132	0.20199527309531845	0.0005418582090266355	-0.004586377174645079	-0.10704320251572241	0.05830653558774536	0.07104634287128624	-0.03174562705853981	-0.0044196505946909465	-0.011100580647342522	0.07697026882593702	-0.08633897661365054	0.08615813725365672	-0.002916810522977459	0.08160685227937221	-0.011309421680616542	0.130741156874862	-0.008689873850450874	0.06564246711244606
-0.03268495973559252	0.0756180838181451	0.042408374797421024	0.01739020194892305	0.06539055298152091	-0.04985511021208134	0.04897777787554299	-0.07553128553413	-0.08012197348539973	0.018603421939864768	-0.06228927963750588	-0.036063476025922976	0.005413651722347244	0.08558323569746683	-0.027389579668823955	0.03598346354229097	-0.029993157111771876	0.14048902456565243	0.0035607117400132835	0.012627928206000262	0.0588105514336963	0.1062252846479878	0.02038927238890083	-0.0026343445277647037	-0.04624396784737374	0.04067034777078643	0.014564583775638691	-0.08785731087573262	0.05600127750158627	0.11963109923769388	0.03306948969001058	-0.004813559922189955	0.05598629339382674	0.01179177693800416	-0.002920540399661553
-0.03790559193878898	0.045180569612639186	0.039338033668774516	-0.0013268835950758053	0.07668581739589593	-0.017453055407523108	0.1214128286583037	-0.07621494128186569	-0.05590242745091798	0.05236981943401679	-0.0035775822811262635	-0.05089234356189521	-0.08637200157099961	0.11238701782690849	-0.05998956904551933	0.03876035821783219	0.006573913584104838	0.0011003636831623965	0.0692154319815853	0.02205982622613563	0.0828620674242784	0.10877101731009925	0.02730677891250435	0.05634949756042082	-0.141105357490801	0.057478588942206386	-0.03377574900959177	-0.017632027831587592	0.04540761082231127	0.03833391160064198	-0.007418458143874519	0.034774030662142866	0.07075586636539077	0.027849061414204485	0.019006963157433318
-0.04272394470691068	0.006569181773701984	0.05772758531076895	0.017812226105771906	0.06939642165895683	0.023604994547942248	0.16479769982136314	-0.06379096637259771	-0.06760385672976314	0.04762526441676745	-0.020044171733067086	0.003739381568206813	-0.09796754583931604	0.013437642853184354	-0.09774559875870668	0.07097019286063122	0.007769257006108489	0.04585874189396561	0.053962128263360824	0.014396967172212803	-0.024453063596365898	0.017874328173689245	0.0655827625915619	0.009463077058771715	-0.1620200616878816	-0.014886834631400843	0.06031745826997531	0.02207148148283114	0.018558933311898236	-0.027090028989226266	0.07787465133764176	0.045357735420492734	0.00883435579119192	0.1049506402335064	0.08564013682373639
-0.04354211127131823	-0.01695106446344464	0.0843666949773458	-0.0025740556696097726	0.06429011428732302	0.014943597775255953	0.19498121335967653	-0.07542097980840202	-0.08073217930005325	0.07625058305682447	-0.09759312605154127	0.006298866232273854	-0.03104465763254349	-0.07672869090942604	-0.07045731376358748	0.0472953272125632	-0.036296892967500605	0.07911603695134053	0.054546820667995745	0.00065420870320064	0.056309447405460476	0.11081301702871672	-0.021030813790302784	0.036556791950954085	-0.04744424536046231	-0.07493025959533242	-0.035254779718486	0.003396896416046683	0.07204859640416451	0.04805916798770436	0.08778990766284363	-0.0059891525007738505	-0.015924209525844453	0.10913848719826054	0.11120846568826254
-0.04185327519023842	0.0020113944831385445	0.056210802421512725	-0.02381071647326322	0.057522066415597914	0.06362855088825083	0.17873931997269774	-0.024544085077264702	-0.10739431481806562	0.010214306325108767	-0.0561487758147518	0.023310687112501213	-0.04325814707358662	-0.062083226698437174	0.032868705943276524	-0.05801648448213502	0.05910773061227773	-0.024257092193007566	0.16589190744897295	0.014945060466550301	-0.025445709500724053	0.07756639778005643	-0.02023283620996444	0.07880642838560525	0.002787353569289424	-0.007835191260861081	-0.09965838094181786	0.001356422436362248	0.016128392791481008	-0.024724578860335078	-0.048347169835081194	0.09929639472478062	0.06555700256282711	0.036087997849085375	-0.0016291755751498393
-0.036715578729262996	0.024089013763845202	0.035615345571413395	-0.030223043193126516	0.04777426621726502	0.11212552827579582	0.07742801477186523	-0.04544273410654713	-0.13520649162863976	-0.10431918844479919	0.043517783490173115	0.009629640307414679	0.036956711757945425	-0.11252453500485174	0.08895240214914915	-0.042250542065121896	0.13272741386472375	0.007940037423460874	0.16494166116973497	-0.03667480693028515	-0.02797246743488999	-0.059665188014502955	-0.02767743900044832	-0.0033948840072725063	0.006870413624588491	0.07991808523996803	0.02655400571743169	0.05043133020612836	-0.09774356894964331	-0.019982712581725764	-0.03847936354881938	0.1468202433845704	0.07952810349242005	-0.026936930567702383	-0.06908423251900878
-0.04268069668571892	0.022546397542125566	0.05363289566017011	-0.05725736644081445	0.08148292038335812	0.07908938991894257	-0.04362302422183841	-0.10901392688529281	-0.07851875626814116	-0.08518948634165925	0.010531788474598711	0.017279964264294147	0.003842138642872907	-0.16568881989093007	0.0739757072512767	0.10971170593704697	0.008080632183058128	-0.0014998550185746085	0.016000075299845574	-0.03238761450434083	0.017811659667641738	-0.02876894938336882	0.0643809794284538	-0.051252176013306804	-0.032333939792325725	0.09476892069694988	0.11738267292570949	0.08240141350407285	-0.1048203091146816	-0.07678249240740019	-0.007934108145914304	0.1456849728660835	-0.04737328574489007	-0.0038987923113258244	0.11397585042522224
-0.03963676672651952	0.04529253206821577	0.026544998523400438	-0.1317658213769391	0.07044725655641286	0.039854054723132755	-0.08707063253988534	-0.059381349901921676	-0.0061952684224509565	0.043928048481914075	-0.11415526155508657	0.0259999333086049	-0.06194895956103792	-0.06047287727220068	0.11261214015540193	0.020824432636624583	-0.09296239536257785	0.03392471825341735	-0.008749723584611062	0.04886587283234457	0.08275405842682214	0.14325393562474925	-0.00037721956227278197	-0.06574075650604297	-0.08697169028914149	0.07718771788186066	0.09452540298798401	-0.0011765876578465166	-0.07567483456543858	-0.029266335291542694	-0.004173182664898391	0.04158418593607814	-0.013455789480925427	-0.052726912305703824	0.05543674296082821
-0.041087393776093856	0.05744050876976233	-0.028904928791417556	-0.11165971138207077	-0.03192669407468455	0.09095026873267838	-0.0775083133455816	-0.0347370967639005	0.019319573772184906	0.04266832805475452	-0.038503931860804225	-0.009766247398075405	-0.13184917436005988	0.11034920872659545	0.07203284697702811	-0.14596780326568287	0.028483810294492783	0.08045239960426634	0.03469817551486228	0.06547836665849044	0.06660328297893348	0.1310811855385335	0.03444238916047855	-0.02556055729576015	-0.07483895838990064	0.058262873789055813	0.08193133916299875	0.006548037629820969	-0.12991437012529586	-0.10715832358740404	0.024819837156611856	0.058433861894257234	0.043977238211029716	-0.0011019302859518257	0.006943473101538495
-0.043808670976991274	0.054830614857516086	-0.05299112399280376	-0.002601307050328239	-0.0966489509046139	0.12929588999576977	-0.08870954925100191	-0.08445314409941841	0.023282280739029743	-0.02517201732325307	0.04906356186601015	-0.012064096309585564	-0.10958101229576314	0.1475135954473688	-0.01979293127409505	-0.007888488441889191	0.055676188907453246	-0.010966207458876866	-0.000749514863431458	0.137026609945675	0.06469449235701388	0.06355419341574027	0.008625759395375382	-0.045516209421270694	0.008168130533964951	0.037915943073322605	0.13893570465233615	0.010970976549029482	-0.20926957841626345	-0.07564581767223692	0.05338986131421845	0.0573936197164421	0.04497322388877577	-0.02177181932445939	0.004510968907243111
-0.0433749435131889	0.040532876004533314	-0.049824098094235984	0.060277068572734877	-0.12871310411062595	0.10030144564226054	-0.061395582311844804	-0.10702738716657273	0.0563280657328079	0.061891105821572104	0.020175222082113663	-0.026543996525787577	-0.09779543992983637	0.1298627017724028	0.013244073940798077	0.1773671375021991	-0.10188583048939512	-0.011839273720357063	-0.022904411002692422	0.11884861680771686	-0.02249529958876171	0.010459640305558383	-0.06534856981092291	-0.09523187660399178	-0.02355486868321164	0.03505096544143772	0.021475503200148346	-0.026259624982272314	-0.11970884894407614	-0.04373099967625136	0.0661700932794315	0.054028497316176205	0.06416558027616633	0.06562669114738472	3.4469442228741987e-05
-0.04407847087481974	0.05961000542074539	-0.05168834332745632	0.07923827307013726	-0.1109653709434108	0.04592556489598977	0.022886955771337977	-0.09089479192177487	-0.027868815870070923	0.09273934522840775	-0.052109196987997826	-0.0917385765541142	0.023681401300050985	0.12731780212501353	0.13539902828739345	0.11321533770716671	-0.11759918789391854	-0.016943390502859597	0.0016657346548488439	0.04979258924604432	0.009181296035566635	-0.02046728672451697	-0.11924860051561506	-0.055064811028289556	-0.003518675283311082	-0.028626918814842337	-0.1207573081050569	-0.05910919971187319	-0.0187133621673716	0.13553433507816365	0.026930910231135103	0.0570172422696728	0.004502248303975082	0.07772023762169887	0.04840068627067569
-0.044103739128450156	0.06012126492060373	-0.04904503831525916	0.1148292094717705	-0.05290414697325627	0.011475600245424305	0.10141422896818313	-0.11803490210107864	-0.07861467935630724	0.021635551446122794	0.039682763330256075	-0.11207262272110921	0.020729119887503127	0.0239379869214318	0.16584473457176108	0.025938947017899103	-0.05124456184093402	0.014438725116112154	0.0265657800718308	-0.040660955927504364	0.013150765527863158	0.04648369574455355	-0.03282065385573307	0.0010318554034551286	0.013209243864401601	-0.07442717385098145	-0.18265021143403798	0.05557261005003249	-0.0020413522874096132	0.08283311552335429	-0.02248159982219011	0.11446573263391871	0.004819220040753032	0.003663870177303463	0.008206275081255713
-0.04581993309848784	0.06489921651963425	-0.017263014058409173	0.11511334704608743	0.023767905404294614	-0.02336401926289335	0.023490851357029417	-0.0895672314008953	-0.0832880995350955	-0.08836571275032341	0.1078033850881271	-0.08610283979934917	-0.05411466885010884	-0.09654726783537323	0.144254276638463	-0.05958425169617869	0.04984259133903172	0.020223459131883698	-0.02775875335253049	-0.032814821722049047	0.008936794470582474	0.07419659216512378	-0.004306232065541362	0.006157438363840847	0.0038764011625725577	-0.017996785732544193	-0.004397632800945378	0.04374297983374236	0.009036040757677676	0.021484925516112117	-0.05317501734871296	0.12804012858482286	-0.006542339121899662	-0.019536846666088813	-0.05603267599762536
-0.0445622105039435	0.05060551965805707	0.010926367848996884	0.06447927820870868	0.06931906902277504	-0.0787513763477286	-0.060830776353470666	-0.06443222784837009	-0.05221757036217959	-0.039751779616164995	0.09451629561064086	-0.11981101389226388	-0.12131491041846397	-0.06208915135752267	-0.008257430649164198	-0.08028633640992322	-0.01037842277009427	0.004520234280068038	-0.08316343271801238	-0.04874755775428099	-0.06758642616907148	0.05807448730380755	0.004143515293116049	0.0021309697007288256	0.03220092187153398	0.07214740383599712	0.051895465300223265	0.002060608359202629	-0.018562811604729876	0.026615441216519653	-0.0014092270305785673	0.034764101154713026	0.04009798524477812	-0.02757187753534595	-0.08849754377913563
-0.049026885166374136	0.06612973977930767	-0.01840271731512153	0.020915944041847098	0.09412369121776296	-0.09359459034435136	-0.06092668316640189	0.0005393918275096018	-0.007909609255506177	0.024970415717645942	0.03636777108349611	-0.10818076790075075	-0.14218729344544787	-0.03554871339965901	-0.08542977328132288	-0.01331183526339004	-0.05074259286467654	-0.01537249427193886	-0.047274992390963416	-0.053332201134557035	-0.11812282349065928	0.055525254370019775	0.11610060225850419	-0.0013552061151099054	0.056557412112453215	0.07585115515643985	-0.10237208978384076	0.03070837632167008	-0.0689032696442121	0.0774827843082271	0.038360101351576796	-0.008742861784549569	-0.02345201878253394	0.05196408023004538	-0.015565706434976012
-0.04917278765519399	0.0947623906862034	-0.04714390857180568	-0.013205903976965543	0.1202086482452364	-0.04592162319751699	-0.060734983833284774	0.06058724408447866	0.006604344584962706	0.10584542100709757	0.012884205086479486	-0.09159903376990317	-0.0747709989995658	-0.06306792117447631	-0.09401206693280706	0.058024488679211866	-0.014723429433237213	0.008470066891799959	0.007906961915443319	0.004343072795567525	-0.02164276546958135	0.06629790547318049	0.1391785110708729	-0.005023598053005743	0.0633816428400547	0.041542300635418514	-0.198434410752611	0.048936364738041416	-0.04803297142561544	0.009284643885473742	-0.04180868818387391	-0.021008121957648857	-0.07131868543178504	0.20471838023062805	-0.005937389682795408
-0.05047164387352461	0.07801194656046861	-0.032859365851913305	-0.04526987479249623	0.07514169521756313	0.06135075698397901	-0.0758551847696735	0.060426178069815775	-0.027548864328096844	0.15738437057461308	0.012663201566172894	-0.1061213448749372	0.13263253080996742	-0.07215360302850983	-0.015428543043020826	0.037301085454471715	-0.03992756848764243	-0.05203521107830264	0.053224919152096345	0.011295172550778797	0.07204987175877237	0.01987214275014095	0.058137934165783285	-0.09271334652597163	0.06884534653611908	0.041398038001433095	-0.05060189121644426	0.034732934534723946	0.0030636448823925548	-0.03062833797529247	-0.0953950113868544	-0.029856303422791816	-0.09868888002007438	0.08883944255915029	-0.06541462271149512
-0.04957127932310545	0.03186628596131827	-0.02140567040078091	-0.057900925466660015	-0.022768863503874415	0.08450365030368814	-0.09667081912377212	0.05359299622125981	-0.0580317028652778	-0.026419947249761894	0.0007369401733145521	-0.12039505861924477	0.12122824556892006	0.036040804460632764	-0.05455025681333299	-0.039703139535552025	-0.10998604332415945	0.005588371370145414	0.016084466152874694	-0.0021016339078983644	0.03974578556384862	0.04801924690299111	0.06894351137088553	-0.058479860365624345	-0.031854494966159386	-0.021884021313320234	0.049810196135988666	0.03865572237480407	0.03588653073091052	-0.03759056672497821	-0.02140560711966383	0.029085054861894423	-0.07814259495235523	0.042680593525641526	-0.05028063142810192
-0.05354755692455624	0.0264577070674639	-0.05413346261299948	-0.03333233295386565	-0.05082982782302559	0.05711345545716641	-0.08693898534391394	0.07019072208581949	-0.022979664720473733	-0.15995085848960164	-0.03367536295601937	-0.012660075941636028	-0.026337540821324425	0.04775876181920121	-0.11290990437207128	-0.0073956804607298275	-0.07837292900452165	0.007852011853575626	0.03270903736732884	0.07545504198457154	0.01645304536976663	0.12120774937215947	0.032033553476842794	0.02219260506789113	-8.82680321926052e-05	-0.05135596256363731	-0.0017413084338086526	0.1791408846204717	-0.01681637687659631	-0.07474433352464564	0.006004514768753702	-0.004752118098157898	0.01787646660146505	-0.0575801768347345	-0.05330650070926765
-0.05040612398316791	0.04843245739320612	-0.08913644797946245	0.015625277431362924	-0.0710090186782107	0.046096175667341664	-0.0815619183787244	0.04848777345471163	0.052607453143736105	-0.07460054104213744	-0.07301283307039244	0.08428003517875624	-0.14541178844141386	-0.019169469560796744	-0.11265291435107526	0.08007160713303364	-0.026514941767104856	-0.032269184081106475	0.11389710951947629	0.05923533236413503	-0.00964583473731902	0.10091244703395012	-0.0010899112449141886	-0.05020682453836557	-0.006198823088679868	-0.015165123650876373	-0.01287807942232387	0.1265115818837607	-0.049145997824459185	-0.027650141391183394	0.027504640103791802	-0.0072732733178922995	-0.021737287893429033	-0.04870634766249325	-0.06841078181944056
-0.05385128633806368	0.06294280223504381	-0.10498166490398707	0.08461557252586431	-0.06456773588388397	0.06287177733614605	-0.07478705431451141	0.029235382127405236	0.08632646089216063	0.013609104262440937	-0.09245299037445592	0.10764616338096404	-0.07784379359612979	-0.06155820858040302	-0.0007911826590014556	0.0843141149345108	-0.0032631628670017846	-0.007180107454060832	0.13307290061909455	-0.019006074702097357	-0.00012933004909437829	0.11707620073981692	-0.005497313373259496	-0.08482118908564884	-0.04657570460008599	-0.02261634625314168	0.01814932030936265	0.1359195623401749	0.014613614425944995	-0.01490489659776199	0.059132701914944685	-0.03950382717088642	-0.045603445151624795	0.03960966919199521	0.030643017872770448
-0.0542753133231043	0.06716707499661101	-0.09255033768853582	0.13176493032078535	-0.021716215973315092	0.06046510316806172	-0.0799799568660795	0.02349738925415403	0.09612073903484544	0.019739154377206868	-0.08197808956896169	0.08567150300096457	-0.013911085648985471	-0.05440111080524527	0.06948876850640168	-0.007204315715947204	-0.0351152140457756	0.08045177210773999	0.10553069911605875	-0.08107670536161739	0.07811868801135448	0.1727025851290846	-0.0465942623531265	-0.023950393196881137	-0.048633539035913075	-0.031585778426179933	0.014320784901401346	0.1572715731725336	0.015695853253818177	0.028275685063572694	0.059880942154305165	-0.026472168726322114	-0.13320029142862505	0.06474058519655324	0.11319763138281745
-0.05663160447570182	0.07057467611545795	-0.056256828172076	0.14831113938464613	0.058256558572030416	0.11707632035973523	-0.06872678765307064	0.04588647420312174	0.11993005603456232	0.04558163629667327	-0.02764013395120669	0.03372554920355364	-0.022146832143241806	0.051816934879349956	-0.05447827096656284	-0.0313977720215142	0.02545317788846884	0.1109944229976394	0.10594221722702343	0.00010661290592309941	0.11038612696664352	0.1814079701947216	-0.06824452365438184	-0.019074136156145054	-0.030666429705572446	0.020848915887728428	-0.04897078211940299	0.1294236972691808	-0.0896573763014982	0.04768695763725794	0.005960966709127748	-0.03482269963309785	-0.03658234568792956	-0.014305860703514126	0.02307653564267148
-0.05805615402332811	0.02882974381635433	0.011224493674921593	0.1071609098900925	0.06075409002459157	0.2173082254305731	-0.055751528980656585	-0.01608844305353656	0.08743212035301469	0.02145825164177872	0.02655930982480278	-0.008532783343968757	0.06325917076603811	0.1121270229468925	-0.05836220381691392	0.06657546241205552	-0.009449859768225582	-0.09998531812247832	0.08125520744206198	-0.029397400365350258	0.09709622113383788	0.058139827523630325	-0.07089469002028828	-0.03820210908287485	-0.018456808995704815	0.08331995695660249	0.0385578695319949	0.04580582877814056	-0.040167098881192825	0.027145617484556916	0.04084514441024158	0.04079476309027318	0.05661794067047609	-0.009319967333716709	-0.052043455855516285
-0.06166385426960726	-0.023796190339785417	0.02748239168154861	0.01916471178274988	0.025419039630780235	0.17740016359866295	-0.024677152974102286	-0.06360399125436635	0.023178450237203475	-0.053112181080798945	0.036513163561633685	-0.046882011363310196	0.07133643435570564	0.09235017177185996	-0.0027916235943148226	0.09351224406920647	-0.12138022172957666	-0.05708493123573774	0.030823567393350924	-0.11214855290099689	-0.1337698559268439	-0.03554125027188275	-0.15259103093410414	0.012482273897384724	-0.09322245307440445	0.01813463105685971	-0.015015586233869173	0.010283438661106214	0.02827437751966757	0.06966840875216768	-0.015052039311171432	0.10370376890746465	0.07635301364624426	0.010909101935041306	-0.07229135860091523
-0.06270090378414336	-0.04566046207995727	0.004004387124908872	-0.04929741817119363	-0.01937809265926278	0.07199706611885802	0.016659047587046158	-0.03442559865536053	-0.07052071601961764	-0.02866346777173363	0.017677251044024178	-0.07953773532794536	0.12225190842089415	-0.0626943095517549	0.008656137842417425	0.08022587765463157	-0.1389442296687802	0.14174597565053773	-0.025512138600835912	-0.006748021020041933	-0.22577214127294737	-0.058029494863788854	-0.1391121576046994	0.1107392934128238	-0.14135582655730333	-0.13097258454246583	-0.0800234697963683	0.08792346354045347	-0.038635267348818496	0.036818460374286176	-0.0006570291581399317	0.02318472305515109	0.09881998562761708	0.055319366034662046	-0.09268107697150696
-0.06763703842043765	-0.03090157061336249	-0.03284603247795462	-0.08797762528939035	-0.0317877592295217	-0.0031820943151278803	0.04785372861239069	-0.0011673225498040325	-0.10199853499669524	-0.08024165552284587	-0.0036975947777653393	-0.1134329588202702	0.07263736114346561	-0.013083766967434447	0.0054556968889659056	-0.01742108579246912	-0.0516608823164742	0.1163167500837065	-0.017208250562625094	0.10054677364809342	-0.04687061943782986	-0.06283951281107068	-0.13576204742846165	0.10660259961088178	-0.11878091698485915	-0.11187284007841221	-0.06423737872068636	0.1422189821103813	-0.10210222460736748	0.014627770166036624	-0.07589298162523911	0.02549341133668738	-0.012417073155101793	0.03714403728039968	-0.11418913346181762
-0.06868979771249337	-0.036749737668865794	-0.043522859342091366	-0.08771196083215335	-0.03781783557098789	-0.018725622915843086	0.0686730586269537	-0.012849305813974438	-0.0693620019171853	-0.10090300763280624	0.037215983699225144	-0.12885191463993984	-0.019183642169207475	0.045584428614622294	-0.014744100439051375	-0.004116403680561317	-0.03043018166479362	0.00969009208183862	-0.051282778912906404	0.04417709935035367	0.009491543441923433	-0.07308020303093919	-0.09474202454592905	0.09156992139841082	-0.12494525783226759	-0.01957065127830732	-0.03402496441308351	0.11245987063390794	-0.04534734230752652	-0.06745299602605437	-0.15537593778416342	0.047193291962059125	-0.06181290103536221	0.028158059104957812	-0.007664555511461828
-0.06814223816071811	-0.016920720172276898	-0.07424358048419984	-0.07948925225423388	-0.054455003664491075	-0.009157616778913791	0.0853466069113779	0.0339273119901827	-0.02258606888109806	-0.048359094194362795	0.040644745980762904	-0.09769353896319398	-0.12080558643499967	0.043612269813625704	-0.011166769674236517	0.010499101998855127	0.025741379976975044	-0.008615853834863142	-0.055435555069958925	0.009435072512305905	-0.03161055488247873	-0.039562814458098526	-0.005358318292491851	0.11621426419990946	-0.08003693955862297	-0.046458980478571346	-0.0013347008036728716	0.1020213470152137	-0.017563100194180593	0.04044633715791464	-0.10392888271721121	0.008916494822951312	-0.07145728553846736	-0.044209175008065725	0.002209080963455955
-0.06765752666595178	0.003929334567548869	-0.09470785223309588	-0.031146950387263898	-0.0716121028030217	0.025458875339563487	0.04425158601139444	0.06335546305171222	0.004365391859672203	-0.006478296308553392	0.08110150006309826	-0.07826425276261448	-0.11285932123681182	-0.03747307256650687	-0.019266812686118896	0.06578554699328615	0.0532480918170228	0.002331713280469194	-0.1290957359238757	-0.012815656967030626	-0.08871529761909981	-0.025211376489568185	0.025881926348574877	0.13093258591169687	0.03677438926514784	-0.0628518838783797	0.02582939448640349	0.07973026731118521	-0.06537185584155794	-0.0006910096773817057	-0.10457546625109396	0.015041768790329252	-0.041339944345564754	0.006573861013151551	0.006602512695025707
-0.06338463989518367	0.03336709094478581	-0.1037661311584564	0.009117707414181598	-0.0888704930139255	-0.00423792738446577	-0.03064799023667404	0.06567176560079849	0.02152992363887574	0.07361637015640075	0.04356877033879022	-0.07105250258663505	-0.09694888942833566	-0.13230100803358827	-0.014972597229611362	0.05666811837476142	0.016187015200802853	-0.04945924568467586	-0.1147533031098083	0.0729870216432068	-0.031450258378670916	0.02976757463823143	-0.011673383966735291	0.1519401250785305	0.06775726027264202	-0.034018311138638284	0.02937990943506002	0.04169132125884152	0.007451340616894663	0.06718202282518149	-0.06799789550340013	0.05384535380737812	-0.009347764952077914	0.10147725034650805	-0.05697412444980689
-0.06360875306117436	0.07074323337144511	-0.07992104845105968	0.0926494793410148	-0.0357090659164768	-0.02164344033100484	-0.05455120893760897	0.06599799696449879	0.011718370822351687	0.10882190068807847	-0.02093906350609499	-0.1202303799763128	0.028634840700599632	-0.019880126227510043	0.0037377795997327722	-0.1402252294987707	0.01297392550352963	-0.07241299360826142	-0.045474173108399324	0.019578215382639225	-0.04536835704429545	0.02992600929000893	-0.01856919443015603	0.11464458980188251	0.0004540669321247484	-0.008528978792794129	0.04560244422764514	0.07760383829714783	0.027890575917552195	0.14528184821744447	0.001239741877114394	0.010688034197870079	-0.0528656188498952	0.16043967677846543	0.07450491393539362
-0.06169161061365991	0.0316091700304513	0.0031679553633100475	0.16175426606553656	0.027836153714263318	0.046733660833122165	-0.018522521387757777	0.06297091640112287	-0.007702170742075643	0.03639307748818293	0.0817468472135286	-0.15699090302457866	0.0833318628603115	0.11151851327568926	-0.10178858998757366	-0.03227228726442613	0.08447973207283568	-0.030984292187751297	0.037615010327399494	0.0510884758741503	0.0004880004822670654	-0.008810275257869427	0.04981236333565707	-0.012810647053942057	-0.03692364328608009	-0.06266209961181333	-0.010751283999772605	0.014160271137675977	-0.02289373046558554	0.061873764259677326	-0.004319270176540567	0.0178473966264382	-0.03536545906416786	0.011660335549356655	0.08192225467612213
-0.06436030247623062	-0.060384970564571025	0.10433524107432428	0.13666095988438734	0.04635312789572816	0.08728785813163287	-0.033593725129134014	0.033468884484001	-0.043458884091633676	-0.01670854913092348	0.10433959369195965	-0.11594704364448305	0.026954382429603536	0.0473860870730752	-0.0574427074466804	0.16581960741673812	0.04310698251495419	-0.06983273400043896	-0.010124689851202767	0.02245005764209452	0.02764716859197206	-0.02843585345346447	0.009516376580624986	-0.08722432314572454	-0.016867676739559353	-0.15127271196581538	0.004730481320338369	0.03948193510542095	0.08152292065175472	-0.01380940854081265	0.05821706205136592	0.07817939868245412	-0.0988228061375489	-0.04533221597015319	0.08348782193858531
-0.06626780914636496	-0.10243531056718894	0.11553372288402115	0.022082164604539968	-0.013818606580672825	0.10739097281629884	-0.09934774073470796	0.07034049001877765	-0.006609572790956688	0.01659759896515021	-0.026869047554829814	-0.04382658127997354	-0.04346143443603483	-0.07811676341202545	0.07673099344938725	0.10311771505759629	-0.045151596730698386	-0.021656932397691973	-0.06581726758028203	-0.02696837110879037	-0.07975680710793977	-0.006876836977850666	-0.026668533058396546	-0.044612208739656906	-0.06342117334499583	-0.0535775053471486	-0.03997087495935124	0.07034808779802673	0.1275382046750711	0.02151639280469743	0.005175356695001937	0.08446317745894004	-0.06119766047139964	-0.10865719219239908	0.044002428054242176
-0.06628640490901855	-0.09515836343920886	0.06535782185396107	0.01710552486097914	-0.13970841959495175	0.058173225352528876	-0.1306658297169213	0.07789901938559446	0.029393988160599523	0.036334150866433206	-0.11179325090717797	-0.02349155274369784	-0.12431522400031393	-0.019925079827218473	-0.023414402969654528	-0.019141906659855212	0.009095996596957695	0.07253212036385072	-0.05893571781097463	0.04727629503581013	0.04801020375859043	0.018778949238173574	-0.005659034418959624	0.06799587556686415	0.03466957509521563	-0.004572865518782335	-0.08275709850913875	0.00460297660598398	0.13492934057138187	0.10327506518770965	-0.06614436113275124	0.12769866546668587	-0.07121631360936828	-0.13869935668601374	0.02732603897618474
-0.06797439858487282	-0.06092971951537817	0.07352124824257618	0.1519932459873992	-0.0872641604887519	0.02093412624675019	-0.10856443762693588	0.044914612249391805	0.00989420231220322	-0.009034335566725662	-0.11820122398410589	-0.013939590039319463	-0.059647135613657046	0.054581979400657545	0.06865214761475028	-0.114757694159594	0.0380706254833312	-0.02384223080724389	0.03451149423386744	0.0355965031888629	-0.028083359985057767	-0.024796144964165108	0.019761125191465764	0.03959592062367327	-0.019516121261810924	0.06592194744470048	0.025594978166215553	0.03645127270655237	0.04922614003921356	0.04867600330590407	-0.05049800406575586	0.0681300265034151	-0.07624648881219728	-0.07282703660503664	-0.0017943572493933461
-0.06947182688146814	-0.08639578992847105	0.12419644599897448	0.134564390829264	0.03501779020726053	0.02991328486404972	-0.09170365450983246	0.0210814848270151	-0.003728527653087968	-0.06934082308863455	-0.0024159078205192217	-0.0319196732397645	-0.051774589586308116	0.07433583458269366	-0.06293951030640259	0.02971994057534675	0.017050349803997975	0.013978921732307845	-0.03148960686844333	0.04146565783076998	0.006835575691651802	0.00500256811721923	-0.006921151114568449	-0.014200935307425486	0.01277047388853584	0.03657420287700517	0.08155803469679507	0.009035204269826937	-0.07020543421629896	0.07186299834787095	-0.07015202479211438	0.04198220769970113	0.0041148852732432305	-0.09618905424165403	-0.07198862484580054
-0.07122160913087788	-0.11471888856715931	0.11583618042328016	-0.030898720535964142	0.008225072928906526	0.00971816206741925	-0.07794174251514942	0.05379293614905777	-0.04539769365544401	0.016189398539216884	-0.018492951176387953	-0.03466800391268915	0.018169070230139545	-0.0611856681529357	-0.020573445531542528	0.0718013363119943	-0.02149651415805071	-0.07858722459549461	-0.033753474080097226	-0.09742592781076509	-0.10905641852529091	0.07814605453779482	-0.08402142737892701	-0.06453678015132015	-0.09266322881103889	0.026193719297733495	0.01761155835374396	0.0167813077549447	0.004087419038824619	0.09599987163303669	0.007713550477629729	0.0281503484908778	-0.009511587529880345	-0.12787750348708088	-0.011489917176945724
-0.07329461343730045	-0.10662943271900549	0.03158248034706702	-0.04178160451494506	-0.10522693954826946	-0.0741155552577179	-0.03309634250426118	0.03779975865020133	-0.03913481077177931	0.06364594987859151	-0.05635093169481062	-0.03011623690655475	0.009682558333152316	-0.0916010786848613	-0.09189928653135772	0.00964337709919216	0.014093544446492067	0.02897970415440547	-0.006860376569262368	-0.043658571026106104	0.01976762349722503	0.06545076045983876	0.08016540188525009	0.07687026432101282	-0.04241667088586337	0.006741828747224066	-0.048994167344446	0.011009766271328974	0.003794356669474753	0.06976750010953586	-0.009017334894216997	0.04145600383015094	0.000620364286926872	-0.19457412680443317	-0.07986806921571893
-0.07343796447245961	-0.07631484400129454	0.017838568922578287	0.07163516048795378	-0.034070367516627016	-0.11301519416993748	-0.00849071999113561	0.0646618943710521	-0.01559937676924921	0.017218557591179167	-0.1069687184961994	0.005886142197704903	0.04166234725670443	-0.05406745941232141	-0.0003901356067391114	-0.1047266425209338	-0.04527480832709361	-0.015797913824772067	0.042372001239321035	-0.055280166449192675	0.013625835088167112	0.009262899888240785	0.09522177006355557	0.1156988767485595	-0.07972277375288296	-0.011927989881468197	0.060794554840713076	0.06095553941187065	-0.016494011931568617	-0.06404843991526064	0.027321765755142564	-0.02337040425815917	-0.04305035585670499	-0.026701535960883566	-0.006930383974555747
-0.07797496472056574	-0.08274781817770072	0.05788055905279947	0.08066102114209325	0.05821140417376545	-0.0639148268002524	0.021876695238878894	0.12461083296196554	-0.026427368985009893	-0.054465907300083584	-0.03758631647898984	0.0040118564835590256	0.02041288803703829	0.06921131547459823	-0.0788033636655143	-0.01928401628218796	0.05665473525485853	-0.008425245015280632	-0.01746468465279026	-0.005812946188233091	0.027406743835214728	-0.019521474559796595	0.08219611228812557	0.15225472836876788	-0.05818235633025764	-0.06255902170088448	0.10122516558421164	0.01532821855553236	-0.1346461226962903	-0.040867082234897795	0.08408466068992658	-0.05877626565470019	0.029661432995369483	-0.0184730885518156	-0.08819524361160239
-0.08089827577707351	-0.10725115566760884	0.05843778333710787	-0.004836031883949453	0.08308655901548126	-0.028091280822727566	-0.006761494577124133	0.13397536986169534	-0.004068194824473462	-0.05123772786011298	-0.035236456344563336	0.01587222892358066	-0.011071041437524002	-0.0012612679681142677	0.013654420751516716	0.12145771831302962	0.0031168488061908174	-0.11729198837933166	-0.02760360506931654	-0.09679173659891421	0.11342026657351442	-0.08599466103397825	0.028610908056104112	0.11033856141722267	-0.108512449921048	-0.06810646238683718	0.1004588991100071	-0.026412872764023182	-0.07580422852241409	-0.030843370724833168	0.04713659632061152	-0.03160319914406412	-0.014950577887071163	0.018745050198471162	-0.03912297032987799
-0.07863769752886077	-0.10901237654149534	-0.00613003256062514	-0.07306761730926956	-0.03550976948168598	-0.02351229098790502	-0.041595629996505686	0.09308251250188618	0.04968446097910934	-0.0014987809327323396	-0.017159080798500863	0.0027215970674847644	-0.08504529494441121	0.0167541327903726	0.021455014424000763	0.019386270595644895	0.040082728516446446	0.04061506033768457	0.005133775634526105	-0.17777271149042792	0.057190048092501854	-0.09881724215460755	0.052870104730216874	-0.005251714566166911	-0.015520647272288999	-0.09971990727123194	-0.0050587162269145405	-0.08199392112612577	0.03924551123652221	0.0019116597219984294	-0.1043214112737334	0.007145319466004788	-0.03530972553498899	0.031635351784951	0.05892293315919489
-0.07728924335995374	-0.06335970586861184	-0.027684745377954307	0.04810886431842313	-0.07806903313720145	-0.057693344344926685	-0.03996221524298406	0.03335946880102272	0.03853121315779664	0.06287792170878	-0.09866121388206628	0.02841504794153089	0.005357022477671929	0.009568242924972027	0.07509473799219632	0.05454184647742198	0.0551662013785731	-0.04116196907004947	0.05043059049116149	-0.05779348834809583	0.07019314292631348	-0.09272426802525577	0.07148840233090133	-0.007700218855119815	0.03299980314273962	-0.050459769116629125	0.05310848609872698	-0.06030176185798704	-0.02318878718826014	-0.0339970543111143	-0.10681087268667842	0.0512922053412607	-0.11362932032254831	0.06701204553358536	0.057147272698679766
-0.08133516604657634	-0.07498442298115848	0.02541153138509332	0.10047913591684009	0.0328904577911179	-0.04861762651119946	-0.02300188977835577	-0.009889401844557083	0.05093069101915236	0.040359680747515045	-0.038110232482261405	0.0018194312381531823	0.07158792026648825	0.06590319304237352	0.03478900397872441	0.015624401396020168	-0.007776715944713752	0.14204425723182204	-0.0374904469466654	-0.05292511766954435	0.11163875033786029	-0.010136321181861741	0.06045448288474656	0.009628106222789009	0.07170301739261419	-0.05434932996323457	0.05625316251770819	-0.08203494404777675	-0.04897633337744777	-0.03223790717615154	-0.11905997501352507	0.008477952137577318	-0.011136909628047784	-0.01825138622037279	0.0877682355362681
-0.08326798995875427	-0.08065469526581158	0.0656704202970941	0.016992692036279712	0.09105779283864544	-0.015193383262227599	-0.035546403781571284	0.006850538845311831	0.04419822070001361	-0.024510831744879284	-0.0032151704928598942	0.014812455705908195	0.024978617437639808	0.0698147998509874	0.07510691745237266	0.091018572043333	0.04166728836319031	-0.0605181005028641	-0.08660272613576805	0.06946576036078347	0.12912227768702914	0.06747540404454923	0.04003203238379127	0.08015956588586011	0.05354741972959397	-0.07375642982411837	-0.01589970655839052	-0.09580746992685185	0.026930384492083778	-0.03756627175253614	-0.016901720518970875	0.015494840441373704	0.08278364727329687	0.0033940381044745525	0.06216420616574886
-0.08441724023825731	-0.084404131992591	0.03514423221155554	-0.08725878891887213	0.06644465758059206	-0.04349841081917717	-0.059068234239975925	0.08246206195686176	0.038321811713698764	-0.04314879057165427	-0.0008618321455335688	-0.0291950271578211	0.0016111402365614846	0.05689625581279902	0.15860126932685192	0.05968857230882876	0.017888956143490772	-0.14187773086070563	-0.029247527037599766	-0.057134923746844764	0.023625680716825255	0.06626054650041394	-0.012811890398407348	-0.000633804957254791	-0.07677452869083837	-0.05874040426405903	-0.017500673619576957	-0.10810035915878016	0.06259627622743276	0.049961565353040506	0.016257556778454148	-0.02147518943251567	0.13461910562810706	0.03401129137395201	0.019292922195412843
-0.08583761812494516	-0.07710152568219168	-0.02990965420272709	-0.10709775535795749	-0.048805041300967085	-0.09733469698752575	-0.03799014966269035	0.09617705796782479	0.018710977580470772	-0.00012911963578188094	0.045191570998557445	-0.04755404222158332	-0.03539383310963792	0.09665887151094765	0.04431068215200407	0.05822230334035679	0.1513153100803816	-0.006860994473821755	0.0051530537176397925	-0.1033999836274293	-0.03107201573837021	0.03300172482502503	0.06385209706650338	-0.005232482088956006	-0.00891444005394723	-0.07798626865529643	-0.07210621554679136	-0.08921600289954329	0.07281558043536242	0.055153348206221274	0.011054583394086614	-0.03204408671068256	0.09239521436343062	0.022799434299974594	0.02871698310083616
-0.08419443236562325	-0.05264497655856841	-0.052845327061756014	-0.0020204267063444093	-0.08739979034469932	-0.12814826654312683	-0.01584271528865668	0.0776380058037234	0.003043272752028242	0.10557455045918165	-0.03484475953651141	0.012367196515141055	0.08858599436020084	-0.005726559408897777	0.06331484505730521	0.10652031233030759	0.14788152956369421	-0.0725213474058084	0.0802689633344147	-0.012105908489283383	-0.01940691679884087	0.027793302742256686	0.08596264161558317	0.01418933156642676	0.047451024600765335	-0.11023433274728663	0.010780815216402121	-0.07034781450679757	0.05514362460092964	0.09094185004623676	0.032545006334789156	0.02864985178748189	0.04630783742113822	0.03456465557379336	-0.06758207588258655
-0.0842056416215505	-0.005098986096920463	-0.0748558341140019	0.08903746878827794	-0.016931352497655195	-0.08853317927929513	0.011836827583334006	0.07888013591930712	0.024865139116930602	0.009128886547924042	-0.07239646816327827	0.022162073691986115	0.14945440949044858	-0.011364727266076045	0.10831126373998787	0.00782849144588561	-4.450474835249532e-05	-0.005974308598869146	0.020102697692530584	-0.08519350875349566	0.03107788189534828	0.05312046123310906	0.16153684265919194	0.02744284316873443	0.0852797671233736	-0.05239778397359918	-0.01981637559808274	-0.02868600051544333	0.041817982187720766	0.04640604948271103	-0.0014746930350859142	0.06700919993024387	0.00822428261412645	0.08517997661549181	-0.02381477501191178
-0.08669091414547449	0.0032152219310359453	-0.04082775567655665	0.08735442278442566	0.08043278854208553	-0.07703038135651727	0.0336449993142242	0.06649972041958906	0.04854708204943531	-0.07240616328696517	-0.03429992524505477	0.015449365628454946	0.1010975086192438	0.038769019534362105	-0.017766865442783785	-0.06980752644337625	0.03839171198835347	0.038125553952189674	-0.032885063774342624	-0.059955014644740096	0.0695450794766065	0.07569896867651475	0.029462245568393802	-0.12683763022192962	0.05314101044557031	-0.08282545984015785	0.07452414097167655	-0.11441553249334982	0.026594823664711338	0.022721416553748375	-0.007583519514893975	0.05015543234910714	-0.001542994181946842	-0.0321981726573062	-0.08447132180029039
-0.08606130132667253	-0.06806903513199208	0.03562268099034373	0.04042598697830088	0.0965166378770819	-0.06895948854246668	0.07665864996193039	-0.010545024178052136	0.04101408284415951	-0.004886320280670401	-0.016052733750833846	0.03339530009308839	0.00569810244151473	0.071511926669474	-0.17124144101245847	-0.005948472795014401	0.05922039214557471	-0.020069768923153493	0.014938382645687722	-0.052311455177120464	8.79797828527637e-05	0.06642617258650865	-0.12684268271007473	-0.09664030653592418	0.020308092954070323	-0.04895066055806346	0.06139500790384182	-0.0717247746307699	0.0017743177514986663	0.08143108863422113	0.005094447160432152	0.017108498734212108	-0.012689780250184548	-0.0070611874156037285	-0.06966620102618794
-0.0868901630052807	-0.09301324210650283	0.04621908130280001	0.0010377241413824195	0.06309168405369964	0.009582146946860258	0.11460040116413472	-0.025672092373948695	0.0440764611364612	0.11666063555520657	-0.036205891195419705	0.06469148364836223	0.027598726889366012	0.0010064754142823798	-0.08674713319558448	0.04794438115409939	0.012788945975806454	-0.02896396576211561	0.025098400394949257	-0.04875084268591988	-0.12167339489675452	-0.00752779110483516	-0.040721461679507825	0.04571436984053469	0.08392479423734243	-0.007479235272364243	-0.07838523728671441	-0.0020113269381313234	-0.026295585287192523	-0.08420412462599794	-0.0037573673388628243	0.027141605731535318	-0.0309229997214753	-0.00018571269378310842	-0.013028423420447525
-0.08909541751105815	-0.08742928469631907	0.05380681392222349	-0.022144608082302696	0.05165344398253011	0.040579232675697824	0.13778245304625092	-0.060137865502409474	0.03121265132298048	0.07908407984659115	-0.06885866902959785	0.04899663569229078	0.07723227889202718	-0.014639686116082245	-0.004859245853951758	0.004943520249819323	-0.04285502666245153	-0.06535252272269033	-0.07751882169196317	-0.05611121865060719	-0.04875940687081498	0.08396207564825692	-0.03540446033925446	0.05907245542754897	0.07434516661246707	0.0016222650125493517	-0.03826111222426666	-0.04358293478547384	-0.06515646355357307	-0.03230516761754126	-0.01311199191091962	-0.008327934526109353	0.02060819776315332	-0.04259240986247436	-0.07435644844630526
-0.08766491181034179	-0.06508254626044217	0.02301348501682705	-0.044299844102059234	0.05217159368901016	0.05267578613555122	0.13223048002455665	-0.019749057372018833	0.07333031190589968	0.0012331983639731205	-0.06845430069714614	0.062412252196183404	-0.012722007882128093	0.0069147428430033075	0.006359940673925216	-0.10894820489217252	-0.04329461676225223	-0.1332265892882296	-0.03766917440545281	-0.02119022808168923	-0.055273084969993266	0.18644447980720097	-0.04864287468148068	0.035929757554569175	-0.04143636549867677	0.013034875552153505	0.0016033385307033868	-0.09787881980919293	0.007851440123356025	-0.12279070120824853	-0.07782649355557535	0.003179694580279462	0.03856304563314583	0.00215950843884489	-0.10045106214761368
-0.09219076090367267	-0.06977375252648413	-0.03636254421718514	-0.014037220345713544	-0.029836230536928937	0.11992001351658274	0.12047059499583145	0.04161347356367657	0.09548695881278381	-0.049633992131803924	-0.007654362987842688	0.11086246341560285	-0.04163250208663089	0.07235199715139543	-0.06685997823626971	-0.19794874669801957	0.07871927288363877	0.005594396415589401	0.012826673302701354	-0.07865008847533485	-0.10440715636919157	0.08435766578646002	0.020526033246197693	-0.015416179919249401	-0.041743450832809476	-0.015440065078275209	0.012856049279228135	-0.07054361563595764	-0.03231437654341633	-0.15860903745497223	-0.059538231990794555	-0.03571536309144339	0.008101706721521006	0.08909854987014315	-0.11437360850558452
-0.09017865694360475	-0.058456796313288095	-0.04938004604711075	0.03086858563648115	-0.070117750491538	0.14174183358763381	0.12604363747032346	0.034603489837916335	0.06831186633590854	-0.09869382715857977	0.0028795737781513496	0.13106352022402282	0.02410922087655417	0.019918299322014714	-0.07669693347587431	0.00609223460707027	0.08988856119004514	0.10988858267797968	-0.07234877818034535	-0.07939279753340564	-0.07756691329450847	0.08324865617254276	0.01606980618729808	-0.029590674696347463	-0.04047119011173467	0.03406228643190436	0.08215150394278321	-0.05021871700512058	-0.06435426634305924	-0.10935885635859297	-0.0902036177347876	-0.03493800958595058	0.017457013609945227	0.13508326310282867	-0.010041896383593428
-0.08849458140466866	-0.07411670197617654	-0.034175829492545225	0.03280301171475105	-0.09525719477229795	0.07954412201318507	0.11930275242805952	-0.08971642257563305	0.0384607235352856	-0.02112894694318152	-0.03473223923193582	0.11536920491743588	0.07988792190598136	-0.08439890068373718	-0.07516950089585743	0.04128210988933598	0.07320475938288404	0.0888670685076182	-0.1494484694964957	-0.03996428708927479	0.01070429653816806	0.06543127018301924	-0.08720641147803734	-0.03534861170113506	-0.009330316546906518	-0.04228584805865552	0.0037166635339213674	-0.07758315374932992	0.013849257735449316	0.03294555971571419	-0.11956234219996893	-0.0739695990461197	0.03371018983791444	-0.042585124092206175	-0.045667070591938086
-0.08330985428929019	-0.04050353026908795	-0.03627954548116479	0.05906080236592485	-0.05440528229822998	0.0019771793139726807	0.037447718125742116	-0.1479619565836568	0.04570976246465766	-0.05862692152641882	0.0027254998333714558	0.08287586929285536	0.057537352687073884	-0.17446848713317697	0.05532067789383144	-0.0660078436013621	0.08629311028077273	-0.03802266468774992	-0.07749430963515011	0.0480892074113811	0.02557832207926314	0.07049545054658726	-0.01163185431577414	0.05968642060699213	0.02796369139405548	0.03768978636739588	-0.12967091504045097	-0.04201912331814964	0.04633701173683853	0.0015949637384775409	-0.04776859080498686	0.04660407179278145	0.02163831180789696	0.006959783399716462	0.02421516256495824
-0.08068969082460108	0.012488262949496709	-0.043161515599166186	0.05284380860574551	0.0984652183172074	-0.08443065642307272	-0.06040663506949412	-0.14251054429444016	0.050268770895431567	-0.11148298213105985	0.09238977375683771	-0.015766529737466933	0.034071856021720595	-0.10342764343991721	0.0759948735238653	-0.11022067944909311	0.09111621318152652	0.03064435845957616	-0.029490642468552153	0.026827986205959296	-0.027285466265781	0.03462586713831432	0.07385371405544888	-0.079449823559666	0.017458107966428868	0.11201719348350823	-0.0635335679305156	-0.02743782166874586	0.027658496596926464	0.006925192596704327	-0.04934772029873412	0.07329289900288907	0.017558245265488992	0.004904186014898691	-0.006401913376460851
-0.08178829984939442	-0.01639670358198064	-0.003657115327345672	-0.043658824634757884	0.15847142551064733	-0.05995133997476939	-0.10499660996284359	-0.14227917583377514	0.08265904045522382	-0.0006769226546519825	0.06566968284091833	-0.017489480770974796	0.00021587938314639329	-0.056779760322344844	-0.033289251761902935	0.046527821864340485	0.10172785707241733	0.014489151742820321	-0.019838035079453618	0.08955439625868346	0.016301930871626766	-0.09275172459693137	0.08955392628023329	-0.056090170725851374	-0.036014749674002325	0.08150457476711677	-0.05409617992155511	-0.05325511824064123	0.02036274032493582	0.021513922323380574	0.06271565599247511	0.0891748484266062	-0.04099760829759703	-0.03529201858103426	0.03807530477489553
-0.08542266067162471	-0.02602050146475448	-0.030046043233666588	-0.1476794157550484	0.07180004456764352	-0.04082299208893999	-0.10834229742329524	-0.01226154138303694	0.04901235720942097	0.023339105304507588	-0.00456869069063948	-0.017868180189292347	0.12611204234469375	-0.06109811766051176	0.09148516186875247	0.015009490883580393	-0.015178585387412343	0.036309184947923366	0.01778514743177652	0.08235642644510402	-0.13845199995731722	-0.09150610524119174	0.015188805905986737	-0.029634556672446806	-0.05653665249369216	0.09544858512151536	-0.0550649327255745	-0.019629829816716307	0.04080183799906407	-0.03823497217143666	0.1209507714536434	0.04704260013237199	-0.020113616348142575	-0.060381865242697536	0.094437579865984
-0.08633327077249443	-0.03439314759803002	-0.043540238970232764	-0.1742156177596775	0.002648126556937503	-0.1157555731678893	-0.06954342994702273	-0.009857010349192043	-0.0020883074202232726	-0.07194832446097033	-0.025078202600293125	-0.08070558569511622	0.1485365661975647	0.07921854581063455	0.0499285943806706	0.0012441022179143085	0.022708616655973884	0.06134406387395474	-0.03877200496588738	0.11019504594564669	-0.01126837871912896	-0.068309500602387	-0.09937499543051166	0.048139253909378135	0.011028862895847357	0.10811706455033473	0.041673600687310644	0.03972146728974888	-0.012291294189692823	-0.0343193868172234	0.04850596290876407	0.05567887852108594	-0.031763499771665205	-0.059829959447983014	0.1430564088520871
-0.08514736603552592	-0.03303304049706469	-0.07035249768931258	-0.16977546847080932	-0.0074416535412161955	-0.12434223739772117	-0.03921959265274597	-0.0014716580919242122	0.02970993476651739	-0.10742164201718513	-0.02100299187670643	-0.03975061185711822	0.0019139016523652217	0.11443445380286571	0.014230137038758701	-0.004633564478453891	0.03408515979900141	-0.012839308307460752	-0.014844207268752008	0.11397150284697166	-0.016416935004070984	-0.021313613540644833	-0.09807497896694198	0.044402187820786074	0.04216438030107975	0.10475719700892643	-0.01574803165417142	0.08472411845933525	-0.01053452865381703	-0.1031215038681601	-0.02462359427591685	-0.008817661915386528	-0.01486143084327753	-0.06682903796263845	0.17064143315284974
-0.08795182925841857	-0.011961002863024874	-0.10591224536009294	-0.1300639649741637	-0.04210816749954776	-0.0835191238655252	0.011723265011585812	-0.03208873274784349	0.07648009157195487	0.008187809041541835	-0.047733419260140006	0.0024766351515800042	-0.029204149427658897	0.08803156212124859	-0.07552764417722671	0.026730045847697677	0.06554406592737089	-0.015585763676188016	-0.057845642878615364	0.08520095264808475	-0.0808360433730008	-0.08895076658913793	-0.11105794054603184	-0.05310475721882216	0.12011788142170424	0.024750293065402912	0.0219406658287269	-0.0006846722802877486	-0.014328586612952922	-0.07153323370687548	-0.03006926088404944	0.016979605585986515	-0.011549886441843193	-0.05359811849821559	0.15256882969866598
-0.09092455933384923	0.0007354025089608354	-0.09652791297955805	-0.04944571187243943	-0.08059524494930062	-0.018354093035720484	0.07276346647042953	-0.05288163000369184	0.07468620506080918	0.030644068648594446	-0.10398080159047567	0.01880913562746989	0.016738477433024337	0.08635227522957166	0.035464693322644736	0.002220107676339289	0.076839495310444	-0.06399887304330044	-0.10699774787660933	0.16398097600612047	0.0005930407333025189	-0.036097400927068986	-0.05076583455873896	-0.042538447167315904	0.10283000519204054	0.05555009881302658	-0.04489069361139236	-0.006148128821470991	0.007741852878258978	-0.010929150747692951	0.022486967464015063	-0.03330486610343901	0.021203252205409976	-0.07818866266774435	0.09568910515284938
-0.08659033569397517	0.018558304291819705	-0.10091621422641217	0.05333014284625898	-0.05063732352365667	-0.01906504823236242	0.05533477598374842	-0.01144398489278746	0.10548209249398484	-0.04817567164196358	-0.051668716630599985	0.0288738708009417	-0.029847541746555854	0.06720759178312063	0.12345298947583465	-0.01521325892008452	0.060673880479287394	-0.1426547057150318	-0.023583573512889262	0.07881955299942382	-0.019866259933294855	0.0023896318503887418	-0.037506413248776495	-0.023208441498167472	0.040762342426730894	0.1311549289795637	-0.036432520183985934	-0.0013291358851651308	0.09489454800186084	-0.058903644211629885	0.03356097008505624	-0.05032835700121712	0.02561258441237011	0.001777750431384013	0.032163518618069285
-0.08692814256943793	0.03073039099812418	-0.08382161427052014	0.11505571498972757	0.03519390135755564	-0.020743526450368612	0.023797721009682332	-0.02021179258119012	0.09711882180464716	-0.04447319095908412	0.03335168618760275	-0.01029960666809079	0.03279531456789934	0.026306027561059486	0.06846045652316571	-0.015052248124242135	0.08215482803728087	-0.021178687473989242	-0.08601790729289685	-0.11195238993520126	-0.11548479269699254	-0.03458616935124777	0.008045001787693169	-0.13370578931565513	0.06260766819166702	0.10305283025023924	0.10659100043491844	0.01239812883463716	0.04780451659491276	-0.06413253212871728	0.0471109626069392	-0.018863749921716695	0.03763599700505906	-0.06697458431832978	0.038325451615073544
-0.08964652948752667	0.0007427360493480517	-0.025070977403151156	0.04313580160899818	0.10882380300082076	-0.04483558879752864	0.016484112685466807	-0.07720864229755559	0.07110349919645949	0.012976883700394166	0.01953925833564579	-0.029040097654941963	0.07151650532392081	-0.02783384838229506	-0.03617148829183901	0.03518247474782282	0.05620394170916429	0.1144367816204214	-0.1397457613812235	0.009222514155365742	-0.0480065241166574	-0.05004031030917944	0.09495106372261067	-0.1109266065737911	0.010962369331457895	0.0719591983134798	-0.017173103203529074	-0.01778293581036256	0.07220392557075699	0.03016340784401262	0.09097472948329405	0.0809276571023775	0.05158195365929137	-0.11773663978270492	-0.10099302364223811
-0.09043553614651696	-0.012074749751257743	-0.012316390561203275	-0.037246556133630336	0.1291306769971939	-0.03547671780311175	0.013095002362102249	0.0042350818561389045	0.053977430898217	0.01863504429419294	-0.06839600088826688	0.02436991928437415	0.05633828863796703	-0.0922375557271795	0.020145965481623153	-0.020200937532371108	0.046461201214591775	0.06300999967800099	-0.07932047634048918	0.2281764930545736	0.04018544377464879	-0.04646621609258104	0.03141206318881447	0.0008849689449566683	-0.05093766386631847	-0.010354951931225619	-0.08089246705428074	-0.05874126134022532	0.06560675084519736	-0.04934091705903554	0.048310327776407286	0.03192629617332256	-0.030411723449749614	0.028478782705376876	-0.061324338535259634
-0.09240474856645212	-0.03482133043853996	-0.012555290691447825	-0.08293644894892813	0.07960605843376335	0.0181574592763204	0.03364067691653586	0.030895098439471257	0.043072864462611785	-0.034008543868089686	-0.059976871275930856	0.033084116169057286	0.10132472948077818	-0.05053067645704364	0.0341245226425046	-0.15868016253620995	0.06002637278832754	-0.08772242914438193	0.024644109683831614	0.16570941882628482	-0.005151747259521569	-0.08215001982354365	-0.046959076821516704	-0.13041437530540406	-0.05455321128034159	0.010778409648884227	0.012092949349916844	-0.09905343622491466	0.0015512486971235168	-0.04368695631431175	-0.011332942351632957	0.035136480557184886	-0.06302691702126927	0.08878481110878454	-0.03180844750273505
-0.09387662581141562	-0.06808715211748645	-0.0037205486427282523	-0.06953414984781764	0.046732158983044246	0.041540424407329725	0.051550846533953885	0.006894596016037909	0.011334907701560239	-0.10828611892643318	-0.03695168882617899	0.04228293493199249	0.10982860425704184	-0.014176833127042973	0.01799334785206623	-0.11704655581040278	0.04238699332134495	-0.05818307770788418	0.05049560756256571	0.07236951291171762	-0.03267449367924831	-0.06553041104846014	0.10469470650924717	-0.1221458943459314	0.002302284270014353	0.029525839053927402	0.056263117096845755	-0.014919322983676306	-0.07139957322181606	0.04443771007856232	0.004249160061222848	-0.015153520886688735	-0.03831524017215118	0.11625358243090161	0.03746799085522366
-0.0827194340721657	-0.05930725181119085	-0.05584782682585457	-0.09625689885612572	0.07281824212121979	0.01756469264180616	0.05771907171600388	0.024413719081382207	0.03971691024646493	-0.049972649597987535	-0.006615519482801115	0.09377350699055949	0.09733426174335384	-0.08644864316374208	0.1427684734024156	0.01995216398933962	-0.11592814630361546	0.05706909183370827	0.014858697726747748	0.06609679897596366	-0.05219970095963315	0.0035514722496255285	0.07389263629993462	-0.05623730895733168	-0.02884252923494477	-0.054625780783788394	-0.003324977519722619	-0.04508302914860378	-0.4114681054162709	0.34933286683092435	0.1774580145499448	-0.3464839704835924	0.054665242275811	-0.09187261250325497	0.168165644818037
-0.04215681905938497	-0.062271503746613006	-0.16631199304566188	-0.09660549068327638	0.014263138522463486	-0.05792901225736616	0.018970110556724193	0.006893294659466945	0.08533220517649052	0.04698671108922902	0.2232795559512918	0.0802631901087218	-0.0781875075694283	-0.049451447525594466	0.0042646230725121624	-0.04569229566826769	-0.2033054691896948	0.19386575164587905	0.2157810993841128	-0.0953199735326509	0.23107114978725915	-0.09223439847615007	-0.15802971997134613	0.1575179259522186	0.1427962827457905	-0.1603936498180826	-0.010418889286589156	-0.15351053413552368	0.011474230159581676	-0.14082531677213972	0.02294388278039204	0.18462225267553187	0.24829787059380112	-0.028466849185227464	0.19967061152098065
-0.05624512177799034	-0.028991996522981033	-0.12649891240095365	0.008723775466911454	-0.028505806029451068	-0.07458892214301031	0.004544131539646775	-0.0945425794867092	0.04089270937365511	0.0787599648905994	0.1641921124314298	0.05644441228816728	-0.03877100278578044	-0.05539292352018386	0.009782805532000616	-0.04271724948536382	-0.0532822086206647	-0.08366169657772417	0.17477699314861628	-0.0696189357986502	0.20445074813132968	-0.1700243534253042	-0.035092953846466574	0.10521216093656262	0.031500154221479996	-0.016924066557997816	0.06898330046464998	0.07756911999817163	-0.03668283317670225	0.023486792257247986	0.11029916311258933	0.11880527937592547	0.12031136995149908	-0.021009973327938743	-0.09388226118607106
-0.06373644484582784	-0.0495730542776555	-0.05545923558651962	0.08665032528491141	0.024991455725386306	-0.08349832197208612	-0.01893115519811571	-0.13972741578010742	0.04987320547908341	-0.008393054760042632	0.17768449348425983	0.0016362301504925013	-0.03694933894302212	-0.03945390819863085	0.029941746453673746	-0.09808143624879131	-0.10398005318618977	-0.08393470741288545	0.1045521176762775	-0.12267841326066484	0.10213672189824133	-0.1682314065733413	0.08483934015194507	-0.06383505413022293	-0.05033416112818645	0.048582203861562256	0.07145507046726099	0.11989635415353979	0.018782722127655704	0.025471914241568718	0.02996057809305061	0.034819694491004666	0.010157598092332255	-0.029901116532074966	-0.08449223555883392
-0.07283860376312365	-0.07341264054220738	-0.0033865717823985723	0.0653317812272377	0.08058184697021419	-0.09219782071766934	-0.04815294383305361	-0.04275113644425241	0.07758054541744473	0.05076856935556144	0.14700891505729033	-0.01941054443379415	-0.13747347371297663	0.00013511960759813728	-0.06280065560334577	-0.05847357303304439	-0.09591783746554544	0.03850348745227461	0.010814596329249804	-0.042370780389304016	0.02819270532579242	-0.09262312132546469	0.0976792288815474	-0.0781634749690958	0.0025107570938361946	-0.005017909701194968	-0.02004920061973209	0.07480656010950756	0.0630942190404034	-0.016182373712707504	0.02880532200036517	-0.07607529669908991	-0.07563603357871962	-0.137712418568488	-0.012152735308567423
-0.07744436539395597	-0.09238394893629684	0.016543256773683644	0.01165467414910251	0.05218957238987291	-0.010157377370747851	-0.030766693247851817	0.08399828432230035	0.07604665977044447	0.16770093659248247	0.10314906696754408	0.00422166971235405	-0.08254357426351609	-0.0398156062271891	-0.02554078814841292	0.01914087379004285	-0.07682754090599302	-0.023389836243309023	0.00536373250730653	0.09276558556287234	-0.010939729559629116	-0.143991105094174	0.040969483055032604	0.026267538778943608	-0.04054985341670414	0.017148401060515156	-0.033778149195610896	0.03674200302427784	0.1593573610337281	-0.08840858431579049	0.06280342968526167	-0.1500070105152302	-0.09261622790976223	0.02047437511354947	-0.015620377745400892
-0.08057593021379014	-0.12125494745988905	0.010509912426459607	-0.01641999668640501	-0.02332942081426947	0.05699360555486049	0.013761768676093966	0.09370863007754202	0.02592068372995755	0.08523569237004762	0.05173886116396365	0.0013938417671233347	0.08932873928540863	-0.0023634288560882045	0.008517203152438013	-0.08400687048997124	-0.17380502416619545	0.04673890465429635	0.028141651419855616	0.017672301379940775	-0.0744087201214253	-0.08769469268471351	0.038165243983110726	0.058998239334262924	-0.007637409277904127	0.026512237160294848	0.021244528819289978	0.02788548095227691	0.08434736813684753	0.10122131680246356	0.12454091052684992	-0.24744575998260018	-0.007196619954462118	0.10043272324141153	-0.03916019539274506
-0.08198616744242711	-0.11593687054329677	-0.03599589205508143	-0.03689377936267749	-0.022480516106484636	0.014545766131540518	0.04000688293171292	0.05507376589826903	0.018890385773266547	-0.13235726886119675	0.0546908662544631	0.05797647766250671	0.05232790822241099	0.030104145316472413	-0.09398513847101268	-0.07536478899452277	-0.1443929826780159	0.07696198530110196	0.08706267237899128	-0.010329522008325435	0.011927155364850743	-0.02673592779313751	-0.04456192250242871	0.07904081579835436	0.1131287414246262	0.0432676460375897	0.014502248102215468	0.07237036044863564	0.12949356111363292	0.020390858377564516	0.027499241264325628	-0.10640000020643889	0.004251119155471918	0.24861608487545425	-0.03640176927566833
-0.080826312707398	-0.10705370690673881	-0.057417316104399346	-0.029604607532679093	-0.06724430587188471	-0.03129447119747998	0.06608976204795419	-0.058850528519694995	0.016006445491895935	-0.026802316353987304	0.10742258629415274	0.05482426380839409	-0.04100263300863139	0.015648090343318967	-0.119266990319104	0.046853983289784226	-0.023338729388477482	0.029339792096082874	0.09139452121007097	-0.051605262975860086	0.027059789459749975	-0.03766397147224027	-0.09451419121991853	-0.09251937248242609	0.11102304484264741	0.05568313454890531	-0.009185358046130021	0.097779582742923	0.03041034357251509	0.0023413542913054905	-0.06024880547870014	-0.15202979197990768	-0.053188698510391125	-0.02710881887125069	-0.09558151357263665
-0.08184568830966293	-0.11747626963858317	-0.028492381688806356	0.014897266935649895	-0.09273144597133673	-0.08461768250264064	0.06091466350556429	-0.1357414537544746	0.02102183649427422	0.11380307278415025	0.1023083858212873	-0.0035666903263507684	-0.017013228735583134	-0.05465058404712351	-0.02038730485512079	0.08140622134326533	-0.08904202157376995	-0.015704536591785896	0.0012977519524765176	-0.021370078754674587	0.054591414080977146	0.019328605994717956	-0.08869845186554973	-0.07045386993958622	0.03859382706678793	0.08892789014489416	0.007275426562810536	0.05750053316042593	0.03563316526053421	-0.028096334443614326	-0.046508085890596136	-0.21510108574066947	-0.06981105248684887	-0.0743545167484656	-0.1276092269408764
