pca_00	pca_01	pca_02	pca_03	pca_04	pca_05	pca_06	pca_07	pca_08	pca_09	pca_10	pca_11	pca_12	pca_13	pca_14	pca_15	pca_16	pca_17	pca_18	pca_19	pca_20	pca_21	pca_22	pca_23	pca_24	pca_25	pca_26	pca_27	pca_28	pca_29
-0.1290141764943609	-0.12568880604387458	0.05870466640615678	-0.09509414390558957	-0.0910762748920838	-0.0006143177645120324	0.021113615808044446	0.030126631688867863	-0.15506442578788063	-0.021089096107573604	0.00883936022021269	-0.09054097791996853	0.0741770976026575	0.0366509180562911	0.0045966022696626386	-0.03664122076117166	0.19552755112102024	0.009992715645011275	0.015702868854452493	0.15406153790553792	0.07149605170508391	0.15529120836725546	0.12484655657755965	-0.08196295961406319	0.0017828170510199178	0.07784510271014193	-0.006545423152775767	-0.1522969837776319	-0.11608039480608749	0.13663999510347077
-0.12737973707157502	-0.1253966759418919	0.03850427872190071	0.05119537826378592	-0.08228709140848799	0.036753661140438584	0.014006609233759952	0.1091807419150319	-0.07598940515886946	0.003000347551198453	-0.09893699780671672	-0.16304052038393016	0.0686817978422979	0.057063395517948666	-0.040114741395596544	-0.013605139161206438	0.1250148311817117	-0.0045636322743971445	0.05390773910048963	0.00528997183031127	0.04863664123919109	0.0998498335867369	0.0062953915252586135	-0.031381182216158335	-0.07376742322488504	-0.0253507231631342	-0.10193041473620489	-0.044816032362302846	-0.05706555604452674	0.08028382433218756
-0.12856257355678116	-0.10477426926845101	-0.0694792579777721	-0.01851930177136657	-0.056158178150828963	0.08667324352158477	0.017307519671015112	0.10146556931363163	-0.012311331207122245	0.03534734744405459	-0.05961498263753008	-0.14217151477739587	0.04934943954808148	0.07895697272351149	-0.07078956345275147	-0.016091323003067374	0.018426252644684255	-0.07609359133866873	0.003089385986262131	0.14793666332065336	0.04073160401757504	0.06175312334586965	-0.025285957337508293	0.006152717022711026	-0.06741812904993938	0.04495582080611601	-0.04793681942423694	0.03934527857891888	-0.04773691989915537	0.03461409746284001
-0.1231661344599391	-0.09189000372305167	-0.0230721424376024	-0.11059364924735013	-0.09094734076988163	0.03224074192373298	-0.0011706629264404411	0.10109035259288932	-0.045880355110112125	0.06688799424225023	-0.04203070683749135	-0.1584375742613141	0.04047719238650066	0.08180370769886096	-0.062021292705423066	0.018636915891068757	0.04903878421534652	-0.029047943242503906	-0.08837402526635234	-0.04443180179419001	0.07868139349217633	0.0010771726606699783	0.043523768700984095	0.10969895656705736	-0.08190906848819936	0.037611338969711805	-0.05434914101028742	-0.0038583984480157762	-0.03563118164226254	-0.04663264961727941
-0.12549660963903753	-0.05949570680512961	0.05923286614261053	-0.09057328999174169	-0.10446600019133295	-0.011304530891050837	0.016283655045932675	0.10723064944762692	-0.17469234092740468	-0.01171499820296563	0.0396435231986417	-0.0755983820685015	0.08801224779467809	0.0646287110645378	0.04148085787332644	0.023545019711368416	-0.038283500643222196	-0.03677604919816614	-0.09868434373298593	0.06409180548137564	0.10245502216497988	-0.028172880317059307	0.14476663625186423	0.12099534973668781	-0.010730577059322696	0.10308450206090766	-0.04855132993535909	0.052059036966976543	-0.0069115471005025825	-0.06858991936739754
-0.12606993788222365	-0.06754029031199293	0.10541308675755193	0.01386821124894072	-0.09469954812141872	0.06281212499246275	0.034230985078697304	0.09189066833949315	-0.175484128572575	-0.06777027606777274	0.0040018812588209045	-0.0675506761483537	0.10822380466208376	0.025044563206172765	-0.002681647060328819	-0.06582118070356266	0.06942266444525508	-0.09049543999569373	0.07562169483554514	-0.0188139498214673	0.05088387354396773	-0.055400493393845285	0.09461794380885352	0.09163645760601143	-0.03774217846849228	0.014099168284335514	-0.03451552404169553	0.07557757840634996	0.08065601129435057	0.0018372686421653378
-0.11391205636317238	-0.07880331513949485	0.08204450614404252	0.06011274905749847	-0.03077731062132763	0.15145635527540552	-0.036117995759151963	-0.01815081831184355	-0.07832908106217162	-0.08421526082524411	0.04666609141548737	-0.04355119532742771	0.004316349498074797	-0.042270066234459974	0.0359012430636583	-0.005321091981141224	-0.03145763359462034	0.05646971405826108	-0.10825225757497606	0.01935812612176019	-0.1378416686035921	0.06323989007169242	-0.07500750013055421	0.09277085350547393	-0.21101294735379597	-0.026776083233176012	-0.1023317187142925	0.14786002574506654	0.14751937854464253	0.02120459963312408
-0.12015338308365711	-0.07501018370889424	0.0029590057804878	0.00953956217328013	-0.008671259094722994	0.1751685354979079	-0.002329092149513927	-0.013589558952097045	-0.11710791938483534	0.020847617366094452	-0.0302277118356825	0.03113152434258082	0.038271890530805944	-0.06365974040559953	-0.009521067227567518	-0.10031815659825878	-0.09467151355564041	0.052762934822207744	-0.04819700561951066	0.09457140538630623	-0.04347336937462431	0.12849853916991225	-0.041244883266210855	0.0889654918653321	-0.06532358540667804	0.02576504179914032	-0.058311652029191696	0.037190892926431976	0.057805218711725864	-0.0019056861096002908
-0.12038227825482105	-0.01987606175557067	-0.0517837385940062	0.0032617977665447273	-0.05921299998029053	0.16306319016494608	0.031850351428962476	-0.03339524313096359	-0.07831072153824958	0.11145558011296466	-0.0747975675862608	0.004635365974998806	0.06111419970284651	-0.04712799110047425	-0.02830169068342637	-0.06326935341699974	-0.03655887743569841	-0.007191138275395194	0.006639382258530772	0.023670508473912638	0.0493590693511792	0.1717471202017316	0.010904650613976358	0.08267388623707614	-0.03563636513882685	0.037813840727683894	0.024715110146334207	-0.10631160214088024	0.09227781571983862	0.0881800255303063
-0.1255099532118614	0.037183706173242626	-0.03675021256926958	-0.05299190279803628	-0.09023779783252386	0.10578598560699795	0.051679556475624	-0.12762176709597084	0.028025344993818875	0.06515175130085635	0.005809070951734604	-0.0024186772340436535	-0.015133594724639182	0.04875297853988142	-0.04167847790393032	0.08261138385743529	0.006790320734815211	-0.05958736444287885	-0.017934298458466072	-0.1315776605614625	-0.053841334723688475	0.1654128102887014	-0.12534635898370167	-0.013046292358527709	-0.04189699613790023	0.06913808117351661	0.11456060294609385	-0.07237131304891312	0.09390075724060258	0.07430753561692188
-0.12561729243465625	0.052758543220637	0.04913489738649296	-0.0796609597113096	-0.09943430996843944	0.04598147555296826	0.05608323811709921	-0.13409160193264963	0.0374573966379832	-0.02185120041019236	0.12841569637511327	-0.0012224518951811647	-0.032541374660676	0.014913098787289733	0.05693689014820158	0.07942114075688586	0.03309084405506316	0.013787536721251624	-0.09365378506335202	-0.051797348792878686	-0.004810805405125851	0.08902675799814427	-0.10876041283762267	-0.08031036610456299	0.07266497761651192	0.048903005127386885	0.08149430532923459	0.00011488084565093593	0.048992608112867986	-0.0025011853532483086
-0.11638160959302239	0.06305569106719472	0.09805144973776751	-0.0074054473097233675	-0.148102014029498	0.026713549236345384	0.027260696532044215	-0.12816794362203016	0.04212198649209005	0.06416234018200018	0.0835003823997151	0.05577106815467739	-0.010673934311609037	-0.11192119390798429	0.025838520076899504	-0.02775210587346584	-0.06367008912385874	0.04402546912536988	-0.009469076842470687	0.035553319339205	0.060182264300011744	0.11997219398483375	-0.040459931588893355	-0.0822308751866398	0.04674995086604078	0.0082774944583804	-0.0008982538745750199	0.1276969257033042	0.059194108037565515	-0.04019831278619386
-0.12146617233356029	0.06882392656256164	0.06103126308266202	0.08601760307058767	-0.16322395324171096	-0.012140918246168628	0.006086472511367069	-0.1293952286509602	-0.004560873247914987	0.15659250662243127	-0.0682102416955284	0.08054961992001075	0.007626048303882305	-0.12970170867315792	-0.0018186106872335218	0.11214333151901044	-0.03715328001906314	-0.08988975040912936	0.10798102297594767	0.012430772662465783	-0.05923677358756026	0.05840101831607804	-0.07171420182336224	0.0007991501043176138	-0.0658241766082901	0.045995187047969434	-0.11584892744939151	0.08139124980744541	0.014164392948691776	-0.17061980451428285
-0.12148702802748518	0.008284481646215008	0.0006660355115394724	0.11769700737752581	-0.13111665842264913	0.031816753846437326	0.04346698615011202	-0.03502566555326869	0.01620509451479276	0.11993965086103085	-0.08197767793949462	0.04938995593451834	0.08238834385121852	-0.11181425704121956	0.047826265022470935	0.2025230115950688	0.12675264388444973	-0.12714231344105456	-0.03155423216353511	0.03182035379567094	0.017541501691670958	-0.05819198391952701	-0.10559336951214277	-0.11345196093557681	-0.046125625897419635	-0.05675901292799358	-0.07228119479692932	0.0061106576933466815	0.09460633419666455	-0.0338844622600393
-0.11998360107514867	-0.05432813895754226	-0.05895132706826144	0.06720073651642999	-0.08656946926495454	0.04629766341097358	0.03551921577250178	0.05705428215142805	0.01864844258712764	0.03442814439194436	0.03758549392903733	0.03232061817110397	0.03256559683106536	-0.09545658206575684	0.014655146964702158	0.11890083370047924	0.010448883874052534	-0.12528531684527577	-0.11875013629472808	0.12487664165235944	0.1047523782146732	-0.11277355293101916	-0.08409273458576208	-0.05479254572308914	-0.03836370448466902	0.0066227737326665925	-0.005622918834123217	-0.028683688458195078	0.040253250620534274	-0.08272395087630352
-0.11874203288041418	-0.12457200260797317	-0.09809308774983787	-0.017552894404264014	-0.05772121937096573	0.014337200727214117	0.032757130922836726	0.04259369922429136	-0.005286602709652019	-0.071492679542356	0.05788195758144417	0.007382560775225672	0.011834704990886957	-0.0038700053076456825	-0.07362633852723237	-0.017589449011197925	0.010835328256231597	-0.14826345710149372	-0.029118087329096355	0.16077020962850122	0.07268239026256271	-0.12704116503631843	-0.013576835452099626	0.01833873489169656	-0.08496556988343922	-0.012200980468141512	0.08285663223781317	0.0006371187731123718	-0.011385865479399682	-0.0924188794906314
-0.12175424890021742	-0.1411587932027517	-0.07435900229944906	-0.1080909222224456	-0.06370261588596204	0.02441011085793371	0.02972934478210669	0.022124692985847405	0.0051580155179478115	-0.1318022308563639	0.012852506476718963	-0.026991417675269386	0.056853067893671616	0.008051660727877892	-0.09126991010365389	-0.13626893171196247	0.04230524979932904	-0.02858174911139196	-0.013864827929798335	-0.08087093341118148	0.07262459865574057	-0.04547124520031745	-0.007446809266690585	0.0317600065028278	0.007195337010818797	-0.1290243686935584	0.14427423689744692	0.034771450770030715	-0.004359976450721129	-0.01003937122131672
-0.12142558324358312	-0.03878730763391328	-0.0057459964120776695	-0.10772812273858039	-0.11111665746600491	0.0200809127885673	-0.028185365875202855	-0.05308985459866905	0.06353149361397839	-0.0529969649521015	0.010108216262693176	-0.037212692014780335	-0.00937820992203614	-0.019993628250473183	0.049793850156021904	-0.09894888280521129	0.0016789894447670761	0.11651106787442814	-0.09108126334482702	-0.13902942368705884	0.030678189794262303	0.07987886105379526	-0.01022499177982178	0.04898346989905805	-0.03179369804609056	-0.08761120525283433	0.08744772382766915	0.05484596627831403	-0.005191367862061258	0.003626363440804019
-0.12532384936303087	-0.004301276171019102	0.06807121407426867	-0.045011110321631374	-0.12060085165572627	-0.009534832491374068	-0.03658304533968387	-0.11152583796735405	0.11060465467534272	0.030709270460930416	-0.04593314589005175	0.06605547723700872	0.0037972957953334996	0.0012164658452477883	0.1279893514339887	-0.03758645886151707	-0.012440479564996276	0.04205193961666512	-0.026709051339663486	0.01063842918708785	0.002516847631147262	0.1618114148948021	0.05302123171939196	-0.05378706920866032	0.020887575267790524	0.0015870628925201136	0.13588077657983658	0.04163692412217812	-0.08635339718044117	0.05522193207494833
-0.11270004936214323	-0.07398683346929381	0.08244822146659803	0.033435192076715255	-0.08715087910641707	-0.005868443269282781	-0.010777631107258578	-0.061826985033425236	0.020017711264045238	-0.00745321482228134	0.016952424732280924	0.13113612755737228	0.08541037353430718	0.00835483785709086	0.028125040724744994	0.10552652490043057	0.02453340864069678	-0.1811666214049364	0.03958668083750438	-0.06955042467562078	0.10990328119933543	0.030640399908187704	-0.005935240868352204	-0.12080227745786123	-0.05975713816978795	-0.11823917944750424	0.03300792498941875	-0.11146468547369998	-0.05367636335169562	-0.015886281703325095
-0.10878946914583432	-0.09877643586541937	-0.016711077638081603	0.04466188811654482	-0.04439889147563723	0.054920451867036944	0.04450224395578195	0.03444295555456328	0.024100459510265987	-0.15408081605429347	0.0818129413877425	0.09276218770736844	0.039636028237923365	-0.06880588052967823	0.0061275149525249276	-0.015527744981624006	0.10979933431577207	-0.032554363414035316	-0.06325082846093011	0.07140845252533767	0.1266369955640762	-0.0728420959588062	0.03037988274430828	-0.10558048815532729	0.03700002509020965	-0.08246115876759404	-0.06183337431365299	-0.004602717691844092	-0.05655861373719755	-0.06565201572582546
-0.11946782530202847	-0.030337197816152996	-0.06840918707644246	-0.045794983018440975	0.01225591937055388	0.09883977770120678	0.012034010066409433	-0.003091559387888283	0.09394466625556623	-0.03393773453976445	-0.1003534917015811	0.02044972156467506	-0.0554733979773889	-0.12611550200283492	0.020287424869394846	-0.07310009448739738	-0.04072043361444416	-0.0802307248802604	0.06717671441029816	-0.04371371954273179	0.08193114652377301	-0.06641630033773077	0.15431067525664718	-0.02370286288997457	0.08064232198936606	-0.06448857310677247	-0.038611170248783445	0.12825171266808222	-0.08302191940256184	-0.03556883008918424
-0.11473427032143142	-0.02451768931505999	-0.049481580881896296	-0.07908026491233212	-0.007480434261482885	0.0712868184861269	0.013569362631015151	-0.020455478167193022	0.0497951325262247	0.0016701190263194166	-0.06181502328531685	-0.01349366152094153	-0.06909212625307234	-0.11941594270806155	-0.044959672829044214	0.051321762236798796	-0.11328638199894393	-0.029361517250972545	0.007997267247626616	-0.13351132014313793	0.1318702364849007	-0.1252494117178957	0.20451836637266	-0.09517914394136007	0.045346590032694326	0.007546806956218649	0.07295167354552218	0.0826408827298074	0.01193755693726034	0.05949059635364068
-0.1028713693684955	0.02743520742130945	-0.04857067363106039	-0.0829593182717531	-0.06235365066991128	-0.013875961225315338	-0.005166001013203924	-0.06223535704913776	-0.06104529191744032	-0.0838132130987401	0.08380167465116795	-0.033821540225873706	-0.13252887680234704	-0.0626363907021622	-0.15578199103356422	0.13672802193994277	-0.1536864971942352	0.038971731421999736	-0.0030199698661988864	-0.07117361796136837	-0.0670690244087168	-0.08722082056472694	-0.047140702931993496	-0.04628298792455712	-0.12746350184232763	0.038052005135369826	-0.09764164092751751	0.06458901735140282	0.07658417563561415	-0.05089898924086353
-0.11663536650501129	0.06499830110424876	-0.013335981375287697	-0.09162963382188176	-0.10033533620544503	-0.04435500201710458	0.05706408187434086	-0.029579389608454496	-0.08175243236694209	-0.12653294198909557	0.028900019373883867	-0.013624968284459832	-0.04457614625255729	-0.0010538387138062794	-0.09265291735530445	0.024758825639255383	0.024758295690520973	0.14086332128261117	-0.049691609983402676	-0.006484111956747557	-0.03985099240415413	-0.0780439148048138	-0.08432126897528913	-0.10374628608952002	0.04100417611904899	-0.08801995992887986	0.018511024705194237	0.006596654313823308	-0.02363647265355928	0.03389168755700549
-0.12038042941465747	0.08119098936498438	0.09539594100459402	-0.03973375581903023	-0.10708389423652379	0.009790667669607312	0.03348789911208687	-0.047891953703662164	0.04785687770858161	-0.061037816704465814	-0.08577937252773732	-0.032237824803843476	-0.014478750041582389	0.021202894326739663	-0.009952031619756191	-0.05630051618653767	-0.0662568184444508	0.09977991574374981	-0.038428882887831445	0.06607907222256335	-0.12128881278766708	-0.03509093963233656	-0.002014231275721201	-0.029024658906419698	0.09176690816648396	-0.06571396332942794	0.11637422135319854	0.06451019651531198	-0.06377072865228242	0.156727050350015
-0.10500451780435449	0.0432100415818337	0.11812358557376271	0.058107527835474196	-0.07050010757420108	-0.004281141551382119	0.01472836352259163	-0.09746638796274625	0.09044118356520776	0.027757103253461285	-0.09669245988565084	-0.07818930834019815	-0.06802725532106693	0.046188292270890274	-0.12621086525834105	0.10921046311346755	-0.18627833924188453	0.010790305815575552	0.042283793625942534	0.05172425832085381	-0.22801539714761437	-0.021159126947783005	-0.09047392202069673	0.0015108985265603406	-0.062171239510318194	-0.05441005025500706	0.013748149943999638	0.03374486205372507	0.009342938859475236	0.06691154396471025
-0.1103941248954434	-0.015714825402514766	0.04026287157286889	0.08852077834107425	-0.08786672880302257	-0.017198812963402185	-0.03335135580810532	-0.01552330434904552	0.04584484498553212	-0.017823907637443775	-0.026470562460417277	-0.02141676024629414	-0.024000719146996016	0.11820904413927202	-0.05665173283071523	0.1282454721545796	-0.04524235227326304	0.00923373704665735	0.010789549135832119	-0.12075879580825513	-0.09275440652091993	-0.013717916741451286	-0.09044935287230788	-0.12346995352672195	0.15038859556203593	-0.04316048120944076	0.07996495906500442	-0.027012637278821333	-0.05604745181785978	0.15494177046391472
-0.12051993808372315	0.014362479033412277	-0.038839307618030915	0.10528769385854345	-0.058569881290173084	-0.012170239047838718	-0.14338521372726706	0.04928928426855126	-0.01937940865212263	-0.02173379017479625	0.10927453502603507	0.08664438857396864	-0.08652256604397732	0.11430178129475677	0.07295869711439476	0.11174965680326165	0.01706915974732369	0.08511494561196693	0.02190550506738597	-0.016080052503746972	-0.06366555645070093	-0.0845313225559869	-0.005409459827882601	0.014550936488857497	0.04699779653434076	0.029933633153716388	-0.09586375832820741	0.04183850469211842	-0.1561579818146989	-0.028625256883899386
-0.11938943374545494	0.02025977570041647	-0.09183689310168108	0.05403422720583038	-0.056473945370980876	0.041212002889035905	-0.1540360545953508	0.05198702375011374	0.005731433937469907	0.032968567892304415	0.0657841885001106	0.11364384338969263	-0.10216403052717499	0.09660468400227618	0.08011728075956048	-0.03033233497216546	-0.00946952034040608	0.06093945114825321	0.1248279042431047	0.09870905740889846	-0.08933883270256199	-0.07018211374569033	0.039817364745992886	0.05384480247660331	0.039756832697848465	-0.00762430242206261	-0.08932189709468855	0.04169879228976489	-0.1517528947443833	-0.047543158102497665
-0.11250175553486268	0.014943525492686205	-0.09549401008679678	-0.020610963591690033	-0.0797497240235622	0.058695099047058746	-0.1279114102325027	0.06609411990560651	0.0472075221530544	0.08485084693897263	0.007652322237062137	0.05625145427932656	-0.03435289362676624	0.05784839368963959	-0.023856110347491133	-0.11550667809147497	-0.031089270387498327	0.0977535990247901	0.12776435738617697	-0.022083322548894876	-0.0010538579368601503	-0.01439107435631272	0.07965347161292602	0.019456032112756233	0.06407636151102687	-0.09361259814100636	0.022142674718916025	-0.011385210893857595	-0.004204680241119953	0.04669574953396663
-0.11302084789283191	0.05154887154627214	-0.041450553333083576	-0.06772450069510212	-0.07472285602251504	-0.01596460077302513	-0.14220734074990996	0.060954554490781875	0.04344199056330019	0.07708143405565548	-0.019555729651377515	-0.011159631680122321	-0.07724793838085146	0.10167604446762894	0.06586473670164783	0.032554784541103055	0.004388241331463191	0.11860849944813806	0.040631671051479544	-0.10040803480326488	-0.0850315614354046	-0.1083783119772452	0.07266260481785733	0.06983541002381866	0.01825383818668344	-0.024572109534744563	-0.022392693813095978	-0.09104541035378748	-0.01803828588101008	-0.09163128469797907
-0.11304371131755567	0.05420615192264345	0.06875230506050188	-0.004931689701794817	-0.07454160633156325	-0.03191690671009578	-0.11872940368840945	0.11710937994603929	0.06119573542542701	0.021345327755998855	0.00029378920089287317	0.03373264678145387	-0.020786163609535384	0.12432959682858526	0.15415141846690672	0.01566486530790795	-0.04639612878987994	-0.023743572395870258	0.11862278302566198	0.013870667090028106	-0.0723019905872867	-0.12251665399669433	-0.005194297182500307	0.04238525295961118	0.044646198701860235	0.01953633971927432	-0.06153346711186749	0.014283110226984752	-0.016182638117319126	-0.20096679846499865
-0.10689947100986495	-0.008151687845865285	0.10045296916968588	0.06243787960616289	-0.04547540700690485	0.03703487654395808	-0.12426437884982876	0.13050705330693096	0.18773550517483745	-0.0740629121379395	0.07586889223260831	0.08311910503957197	0.014505712044147268	0.056982225726551795	-0.03977021366905746	0.007804469079259097	0.06127246921900378	0.06884785759830914	0.020684404934289496	-0.04047258857990471	-0.032030245578520605	-0.0712239376976605	0.003871569802965734	0.04964090533393861	-0.05723354794747171	-0.05838010334934329	0.09686827158237346	0.024914210117514064	0.009586501799349584	0.04199734911972696
-0.1032347664030957	-0.03684940629127192	-0.006307947706141966	0.09831541029210512	0.008994771279680335	-0.007169120113980811	-0.10629459883915039	0.07808219192425063	0.1219931682570629	-0.08089932079044493	-0.07240088355626911	0.06898722866720264	-0.11129058630117084	0.0012268107263724076	-0.11210672453888168	0.01992425769015371	0.06357786964686817	0.10942782206353067	-0.059711031419262456	0.04813965961321492	-0.041497871891890456	-0.07237622322099393	0.07019588964212505	0.12246448007859435	-0.007900970947483259	0.09779049218532762	0.08601878980939179	-0.16181768711880082	-0.0406441160618485	-0.13422063588561714
-0.08053287951637414	-0.0035591635359019168	-0.0920802660099623	0.052953855901588937	0.07345806581170929	-0.04031504706766938	-0.07611175567008005	-0.045823095578683866	0.09161428692447257	-0.12738064771813382	-0.11373179695255284	0.024361220681706004	-0.09855278840340911	-0.022593469319262642	-0.0466766631259505	-0.017683285111643878	-0.028955821464294457	-0.028699296663484544	-0.03185451968514404	0.1361086846494686	-0.06800649605251868	0.04317628312961562	-0.07269520992894674	0.057670052896020646	0.0016592276156992755	0.15049005744808733	0.09927495516718501	-0.19826093559521457	0.005582693069588793	-0.18603908622070836
-0.06783016899237859	0.04713039189529531	-0.08873948266432953	-0.020971592055224777	0.10425957283779902	0.004410569140351418	-0.04664177927561385	-0.05297432665849678	0.06774400424730341	-0.14878926333652	-0.08558536218160397	0.013665264947014524	-0.11959911301670083	-0.0666946274405298	0.007300162891805432	-0.015471586625202226	-0.07311927002345871	-0.1488201010052394	0.04855774522344636	0.03475668467488981	-0.021359641842608097	0.05566740564141503	-0.1059779517499511	0.053427191111512826	-0.05811239986648904	0.09003628170684816	0.08513887386998928	-0.18433771700567353	0.05710040068153287	-0.10192859140036784
-0.07126423502292221	0.0715585930953707	-0.017939168217103743	-0.09547710084759294	0.1667883048394658	0.007574691121850472	0.09169453780885826	0.047755600146315115	-0.04105496946395044	-0.13300818466373346	-0.05002157045228053	-0.0006169272361814065	-0.17647631107416317	-0.015017869579711922	0.031187836549608893	0.20135965890597418	0.044046162262139824	-0.22074560528234122	-0.012537201281285056	-0.07358891380357589	0.14966659330621196	-0.029877121637492256	-0.017396099042238496	0.10593348214301784	-0.013669333932118768	-0.060351196904168326	-0.05307060503063662	-0.228090969271526	-0.01921354408953274	0.034998409142450435
-0.07392653304495753	0.06400684388659293	0.11379950322318769	-0.09089919876354237	0.13899015305609752	-0.003042610552161215	0.08616530461090584	-0.015250967282903621	0.0019677088098671177	-0.17684901333546416	0.0027416068129261033	-0.011749208597110074	-0.2452526989141764	-0.038290876656424305	0.04734400051788037	0.01904019222301629	0.04306573569395565	-0.0045344468669612295	-0.009735960588799886	0.09146564061503737	0.022930545035168517	0.02821623184415155	-0.09415289590952318	0.03571272222957796	0.027406089622028642	0.010112288224496495	-0.11317052464519381	-0.09019677708538228	-0.042341670632241035	0.04885313521653143
-0.07755544649815375	0.019826544550942765	0.16942886466660975	0.0053241828764692125	0.12218341322661001	0.040152112533072805	0.0706157305001359	-0.05511883472883795	-0.007938800806907027	-0.08742675424103812	-0.09273232595486157	-0.06252387254245495	-0.18174390929132678	-0.04789988100766134	0.005105716752729794	-0.10726888490903799	-0.09185223778989128	-0.01405520510742931	0.07327526759680664	-0.04558860910239349	0.028931013251827252	0.021338866089105017	-0.06483045081020214	0.02096824170276862	0.15356137417039037	-0.023066425379724736	-0.06736265181518782	-0.006626313876162027	-0.08246545373809427	0.0019662802028954512
-0.07815765369077983	-0.002870231623545781	0.10337627726440973	0.09282941579587249	0.13365101297313364	0.09303448573423616	0.0749319525227521	0.02275497592870179	-0.05048228862099549	0.017515589421412084	-0.07556373541212971	-0.052126593938514404	-0.13442436304859776	-0.03734125163800859	0.042967565636535865	-0.03668968557879253	-0.01523735661363192	-0.015660008013105665	-0.10237599982218203	-0.14914041567897446	0.03465263267496618	-0.027084678148259527	-0.0154651685555045	-0.02256059202270953	0.1674377883512068	-0.005579336425092476	-0.08668605133457341	-0.041295294987400574	-0.007422572939072142	-0.025875463284140542
-0.07923703230608937	-0.02136641479201276	0.03681525054085549	0.027027763289111252	0.14510134953558326	0.12678267359477774	-0.019200411329247536	0.07577052874742678	-0.01814993439549319	-0.03332533219212374	0.07701913502883012	0.10027695850496547	-0.08330077233972162	0.0013264180438103362	0.010350845754234537	-0.08137554149224958	-0.09576522782225275	-0.04180278238078834	-0.16009777337408065	-0.03017960207114265	-0.06451535667539769	0.01508699793290302	-0.03587461960882514	-0.019627950810685316	0.25795859640777913	0.08741541395944592	-0.06046073856084708	0.04229944331570068	0.027797344657672023	-0.042719314492857985
-0.0692523050246743	-0.021154811384368203	-0.030554455522571754	-0.008826246778331702	0.09990393148497954	0.055989426308439526	-0.09027200825530683	0.07617831024560806	0.009973248121921468	0.03655823709658591	0.07180631869006301	0.13161258734937148	-0.09644634870705396	-0.10017463096297312	-0.10578711705959157	-0.09921262541009403	-0.09358848153475036	0.007466750976084464	-0.04761503813160075	0.025090231538143333	-0.04115518188468956	0.07349612956724465	0.04373586919789079	-0.13399708968819382	0.11448933660810212	0.031468095298848746	0.014468897443392782	-0.04897572359658699	0.06992425880419792	0.03546916589770761
-0.07173623680112383	-0.03671403534391845	-0.0720169929362628	-0.0999626364478966	0.06782417699105042	-0.05895379833569939	-0.10418366069680546	0.056252294985310675	0.0009448765074932139	0.052545786925485595	-0.0345601112860549	0.034346488192445415	-0.1258936021157664	-0.12976575877640723	-0.04072928715435066	0.005235276002977709	0.049150398966174624	0.04995777495881798	0.08985660370409963	-0.0603809762697005	-0.04539677627144936	0.02847704576523876	-0.029222558671831163	-0.03549786316322634	0.07672374844198257	-0.05424455765330899	-0.015254282442941889	-0.0016617828313397823	0.00802966210539402	0.012169341468193064
-0.06648863614292662	-0.002780493159941449	-0.0151302131507418	-0.10995925658016194	0.033476645171263385	-0.07478545154275724	-0.0934475549187346	0.021567881611316574	0.003527480102965444	0.033770231261875776	-0.09276032853215006	0.010806206608790652	-0.08963041659717075	-0.08178933995365237	0.11246659310989983	0.017236811759097585	0.04527127391859992	0.12911899452311676	0.055851315003233745	-0.01648946476461657	0.01386796171903608	0.009289801972072024	-0.04662560997185132	0.0437487740785562	0.060672399668258534	-0.03709778108126962	-0.02370547766973214	-0.003747025699441433	0.07064749852945935	0.11815080574345388
-0.06483995723757852	0.04952459511739203	0.012030712980662092	-0.06816347594145865	0.004637494475648371	-0.087429876549194	-0.059890432251811926	-0.0003222555084001704	0.02618344490785811	0.06136486943530394	-0.10234377098316479	0.01715761141070099	-0.07584415682017308	0.016820266720422628	0.13653553048786085	-0.02277466534277454	-0.026777475627165245	0.10008693205162277	0.017584106955504383	0.0030070312256059804	0.06686347813293618	0.00791818820533256	0.018161362335599243	0.024969607945967698	-0.003252070007002561	0.05484884763118736	-0.03270334394716373	-0.03624569329179024	0.04634287216750691	0.13502218711133487
-0.05552243953427038	0.09607466812222457	0.03062158226178386	-0.01135521403432482	0.003026920126555207	-0.106824559916227	-0.04602874877546976	0.005964214429900811	0.0018969539899370744	0.030105827312876893	-0.11745645953044404	0.0322505740313609	-0.04195114628205176	0.10125940843659202	0.1517226474060562	-0.10894277334938131	-0.051112815552137016	-0.001890764523648017	0.07524676762643247	-0.002952791945528334	0.049485528755721424	0.007550111999691298	0.03689090986149951	-0.017736446408803033	-0.009371867837613505	0.13037252061246984	-0.002548768186878804	-0.04328637082522864	0.018515182331905848	-0.0014203662525917732
-0.04087995806375666	0.13086096794721047	0.07023804269575948	0.04164346271495181	0.03580129500824416	-0.08454964175687604	-0.06293712359831294	0.043462574047467194	-0.02882775316166956	-0.05768728843429037	0.01957677890616729	0.06697829698363682	0.017928937397806884	0.05444623539853738	0.10156472453554055	-0.07176808334515494	-0.1035399093345432	-0.10654378288443922	0.083737340977994	-0.08573174726084681	0.03207281526669003	0.00581314495130953	0.028381261502831052	-0.03385214306144599	-0.2036830130766958	0.15291844036272617	0.02616209029215183	-0.06414416935271793	0.00335710297467455	-0.00546807017371638
-0.044815858872387024	0.14203073906909797	0.0592017194289575	0.10919031172822112	0.10051598084486252	-0.03693525236132479	-0.023894647625829987	0.12021424924877747	-0.09300527939784665	-0.05025176154675157	0.04739813479938245	0.06281143163822965	0.017828683854396177	-0.0007924847409096384	0.037242514852759735	0.010021231592309327	0.02269164339246647	-0.07985627458486183	0.04523507987143733	-0.1093943047574478	-0.014577472631612153	-0.024661827978861905	0.09461224951327511	-0.048450651568451325	-0.21831429910672642	0.10258643421513348	-0.04952236241737204	-0.057304807752443135	-0.08759970202724213	0.009240945136995117
-0.047757165756637784	0.1264397112601964	0.0277207881657874	0.11430914836017554	0.14856337150632073	0.04076850551123423	-0.0032687753249935245	0.08514423800295462	-0.07419609249185936	-0.045035729092089395	0.07455117075750142	0.05442244894892011	0.016798286002680112	-0.061343833986227884	0.030679416229710335	-0.0067179307085364175	0.055829941423359924	0.029886358971637723	-0.05610136200701174	0.035251445366278444	-0.09115425529310862	-0.0037092171816678577	0.06903953232892551	-0.0425706077224346	-0.15531048063908065	0.047184114027122734	-0.039829714916544905	-0.013105584910782883	-0.09259361088267588	0.037508479055817806
-0.04460606651997723	0.07911186365358949	-0.03887014418265256	0.06390502000263255	0.17092844450144865	0.08476784783895076	0.08636517002778443	0.05023806214677519	-0.05109978736466382	0.10811370409461604	-0.060795350776475354	0.001692241906592731	0.013010819149966563	-0.057756806114807636	-0.08806640878403665	-0.03664338036246111	-0.005027174813610103	-0.03527811445749224	-0.007023432660394249	0.16588835604171662	-0.07418516904609979	-0.0391643332989175	0.11952548471555803	-0.08353839076793786	-0.09126038723485777	0.028878523300492717	-0.011938201184146294	-0.11792820518211158	-0.0005157960996608757	0.01663335183419669
-0.039976609994237335	0.002032825455222335	-0.01718678149738562	-0.06082025699231589	0.17959337109684811	0.004710670187474078	0.11595718699979057	-0.012288905925551503	0.02416780962890072	0.17768887026492391	-0.01385860759076188	-0.1014036208056947	-0.057931126403391195	0.012493594123155862	-0.10008932651966808	0.05426185287899553	0.023214637777147436	-0.07779229438459465	-0.013365862951336733	-0.0046064067261897094	-0.06034260741346945	-0.13385428379103964	0.04593903414562052	-0.09636958675188442	-0.12317824901759895	0.05025284735654259	-0.053177136525040615	0.03986254503698218	0.055738420380925524	-0.06769389057372326
-0.03896082694893899	-0.07804841195392817	0.054831418402468496	-0.08400282290322429	0.1591428985897493	-0.11310628240778017	0.08175232825481926	-0.07678994499964209	-0.057887253950793985	0.08584268660778793	0.0926518855727249	-0.04028583926617092	-0.05877994475653451	0.09510833577548121	0.01892290397440749	0.10517435012389492	-0.047158088704985765	0.004097951853743412	-0.08334909553278891	0.020275937718505315	0.014300961506060913	-0.025588829277535096	0.0980844239688658	-0.09274057602792514	0.017585488039654408	0.010535761714499142	-0.07781009513500049	0.06468014767802407	-0.05056273806745381	0.014779134587319808
-0.04019898132941754	-0.10132550364053904	0.08061632479783254	0.006216637109595009	0.11948658703402018	-0.13224929156791065	0.050654164519379846	-0.07615383492479164	-0.1539500123875689	0.03471699607452171	0.08866489177070949	0.04865808380412941	0.02945722594871001	0.0774510753000651	-0.016431766158701167	0.013233983419502517	-0.020001897211352156	-0.03014041895757602	0.1355206282159441	-0.019616163400197867	-0.014233461040227019	0.008116307129420734	0.11803779983729698	-0.04999726751269276	0.06021469009949285	-0.07866033823469282	-0.11140604345245243	0.06126869886722465	-0.05210619410611355	0.04929247925282684
-0.040559307475812274	-0.13705010838296003	0.004619647609251236	0.06903736451622165	0.16393783570028364	-0.062357245543556795	0.04185211631619349	-0.04926840426507295	-0.06934311197640626	0.014568749970841979	0.004103376145519711	0.02560411047515204	0.030955036119706937	0.03929718590628406	0.015306012465141305	0.04148645075326497	0.12405658800357872	0.08266903313239266	0.020422000968733645	0.013855069723516366	-0.08112753249058399	0.016440934828057183	0.015418680172378692	-0.059371883170736155	-0.020324069875748946	-0.10249408268291002	-0.11604845116363689	0.06531937029765943	-0.0040541026025663965	-0.014596774435683652
-0.04214153862099822	-0.11351769548563614	-0.06396813586596381	-0.05839204821273535	0.17897986608623728	-0.032978620195996546	0.01853576518239112	0.012138950535316745	-0.009355641201885707	0.10332098187964207	-0.0828553912180454	0.03843457966185766	0.11710869315260108	-0.008544071211094347	-0.07078195686957475	-0.03051475703187769	-0.046867383743067974	0.027859015551744554	0.02147601478702109	0.032988743513721074	-0.11819657909415318	0.05388357753587081	-0.07805860080823472	0.002777091559374653	-0.03983368234725068	-0.08771671032432378	-0.07956022903034851	0.06747216279521358	-0.0003645842532541549	-0.030224033937720392
-0.04550077701791611	-0.10616039663874056	0.017449687340069856	-0.08814439343852543	0.13150466347392492	-0.15183172857201677	0.044845552783034516	0.03446270854047414	0.012298075656641788	0.121862557022881	-0.1042352718199888	-0.04346223008583656	0.10660525708556745	0.05875190317690895	-0.039247053176924174	0.023284910942377363	-0.015750271474082467	0.09575779577388929	-0.11863662138775571	0.05334991792046684	-0.009645833252331527	-0.08689285409795276	0.004613443458953526	0.04699015475504458	-0.0038305824256662496	-0.01366691617725476	-0.061154273241034104	-0.012924096973357554	0.0268358830705285	-0.048946404250933266
-0.04792106681362341	-0.07123430247684359	0.03320160965564954	-0.015735329290430988	0.09374924217010139	-0.1949159203345475	0.027808311724848437	0.03760187381908467	-0.0007513393472740993	0.08625038755316447	-0.09384271827582359	-0.006065038301809573	0.04643520299062786	0.13867477955384336	0.01053643135679704	0.005552444125040653	-0.10935810071647475	0.030437634431341783	0.0032896564599518806	0.022983926059816098	0.04303638803403241	0.012054035420957326	-0.05157436424516414	0.14895253838751302	0.07824067951299796	0.02773239947052787	-0.054705348690528025	0.09666403049504883	0.035968786165802694	0.028589408467338255
-0.0520727689707883	-0.00012428335210761088	0.011048030963515615	0.057638643275317855	0.035497036611223276	-0.2094356849158899	0.0071641923415183325	0.010217969614308414	-0.09472116596721154	0.06218170878764597	-0.007539827971188887	0.11239218104467705	0.009938777089887113	0.15645271058129062	-0.042714441980307306	0.032806717778373705	-0.09878242293012468	-0.025306403351423257	0.026032563416456003	-0.10108298473218846	0.09457304316348944	0.09170618848903365	-0.009125931595556538	0.08499030858806017	0.03077623833385714	0.08122372228178228	0.017357034393676918	0.030696079573480188	0.03278638242144075	0.11297205968982091
-0.05446588138161994	0.035406140166510065	-0.06775143780442508	0.1181083297957034	0.036539044740566	-0.15675682072564118	0.014814963731693267	0.009328846897267104	-0.16413232959587803	-0.04792395524633547	0.06700979455329861	0.1487021615713823	0.03757079300575396	0.10233691392804407	-0.011467759775691455	0.002090298279177385	0.11826727178977856	0.02332369889984208	-0.05745604530907532	-0.07351239990458902	-0.005905209666617867	0.021161443588449316	-0.024420239960737816	-0.009284043435322966	0.0063480580614288466	0.016953577441831	-0.020114151311589088	0.008316772121262443	0.0822066774413363	0.09342883374356645
-0.055731789384137954	0.060726962377824906	-0.10411605097589924	0.009267981457866087	0.08208203018173846	-0.06121043702743269	0.014529237281620441	0.06723429449644244	-0.0256728525967024	-0.04828063823285865	0.02268824135361922	0.1777572163118619	0.08032531418573835	0.11025699994678133	-0.06701740541665664	-0.12542692576717604	0.07406887819722682	-0.018959076346476846	0.019947793350957817	0.027630026135934262	-0.07375799070653626	0.10826061402987441	-0.0505475405825635	0.04681934482295846	0.011528289202889945	-0.12117594471929348	-0.06399061813197865	0.06835199529043863	0.1036984088043321	0.0565080338184949
-0.052601513422474676	0.10288907048546574	-0.06251887623269871	-0.04189419905444166	0.07073324959566124	-0.04724717419773351	0.034489283803064014	0.015866401325912962	0.07596974996125844	0.04801464727539604	-0.02034599354255233	0.13523057694802595	0.04747599056356806	0.012421142785051915	-0.09854827980619042	-0.057756360102150205	0.0902303502879682	0.09237322696670834	0.0016931052532055124	-0.10662216191300353	-0.04086610836785098	0.12093143312728107	0.020868584462463303	0.11331351712768645	-0.03536885302059255	-0.08340335873326846	-0.04521014907976716	0.0856489806434936	0.0726434851730596	0.03496170563609875
-0.04723588112061106	0.10758503943820674	-0.023661651348802215	-0.042167026829672986	0.0563032355399437	-0.048425770209496996	0.11355775808067936	-0.08702487542684345	0.04660763119056712	0.12135207435151107	-0.07586305100492426	0.07666483716874041	0.013157032401678448	-0.03262138626990082	-0.030182670271767967	0.05571731020434914	0.12244782246558941	0.1126674174316204	-0.015649578059305846	-0.055822298193283944	0.07959241992823161	0.016451361212420332	0.08943669092126577	0.1132825979904022	0.06604785036917041	-0.028169267383172623	0.0459309409609433	-0.013146311178441498	0.0752582073583771	-0.000523364074055125
-0.05107996681737283	0.07200918123976707	0.053539121017726655	-0.01236491631978188	0.055210728561676685	-0.09041234898682365	0.16699892462956548	-0.09283732462807232	0.054010767770611263	0.0888665367329137	-0.09939017324706342	0.07169174661564487	0.05922081973759465	0.05102670068348077	0.03282705292160525	0.06122388589731415	0.06441102978520269	-0.00021103573842917722	-0.002213022194223601	0.09778108652577408	0.06552362277838028	0.006690859252892421	0.052157815609912735	0.023552859622863406	0.16837739822603218	0.03881425000834504	-0.013242145035649647	-0.04929435934419879	0.20238371434226335	-0.07387182181507557
-0.0521604936838232	0.026473459705120893	0.0834309069926024	0.0499658803400031	0.06449299775164637	-0.08692895005324548	0.11737299304255182	0.008304847693504612	0.08675986852964153	-0.020075389074406917	-0.013332740461567967	0.0650577896336164	0.14840303457643536	0.04074483228829585	-0.06509679739575223	0.045908708157845854	-0.03681830813670438	-0.09890676586277103	4.248226757198187e-05	-0.07515817854075935	0.06580870998730026	-0.03999360798205845	0.024381712215891905	0.006172157650536095	0.2223533099443148	-0.06909715648266102	-0.025242588625120268	-0.08462821779116028	0.1366439689069548	-0.010441643788213393
-0.04928160621478847	-0.015137187441551514	0.019913116777126618	0.09769209918451988	0.10116835109385464	-0.037315234231337396	0.056303117764162046	0.0699674979718225	0.07064080734921982	-0.05614713693579607	0.08168022270810349	0.05448183541607596	0.06121926959039387	-0.03313346393447235	-0.07617919342568943	-0.005799813089018712	0.0864887196352339	0.05756345850787697	-0.07912756098302928	-0.03706429872463976	0.03274015601195266	-0.1306654430407539	-0.019064827036382164	0.03527138609236417	0.10120850735765026	-0.07466642541114431	0.03749457070379398	-0.02626493289376783	0.027616046547580174	0.012150189120376683
-0.04025859012000338	-0.03254934675767206	-0.06082042039981119	0.06666344082767085	0.11389941453519607	-0.02203449814388687	0.03399092101530363	0.0340636471755667	0.05040259710964522	-0.04833247926588087	0.06548913985272756	0.0067830578050099176	0.03795999395168438	-0.05609479802266397	-0.0008076595624113758	-0.05354692049683081	-0.005079364500008307	0.11018520855289483	0.004775858684956853	0.08712622942860243	0.10581977543713667	-0.1156827299163846	-0.03393328041743676	0.04568271007470252	0.06857408523184604	-0.07285797444177525	0.08010032495764924	0.07051289628476447	-0.03805330795893051	-0.02608254600088349
-0.030107395465964946	-0.014785694959527274	-0.09142538810639374	0.10604120562820753	0.05618321073528896	-0.03361120640880816	0.022878343112992895	-0.046270571807499224	0.0324222428124068	0.02113953058804945	0.047056916637555	-0.056124237429731626	0.12545384141908822	-0.06115289905456518	0.09264863511432475	-0.015105640604552852	-0.057643038055607214	0.15293437738627785	0.0752581684711395	0.024663662190657354	0.09703516317029218	-0.12157658351147663	0.03723288329682364	0.029190269508604642	-0.0933126777419315	0.008520737567940894	0.13259777175068646	0.02584968054389844	-0.0629489256625044	-0.08658122909919673
-0.03055264448516068	0.02843536465705249	-0.11355225935316202	0.08862648144334583	0.06654675199174552	-0.03897921441404021	0.06385193065187954	-0.04803390372768652	-0.043271653309971354	-0.027971721136166923	-0.013921153291403346	-0.010722584701289863	0.09870517405383744	0.014233131723387698	0.14244095998399484	0.037369332647577067	-0.06853384667714033	0.12126196356142804	0.0977454833864154	0.019938903239887496	0.0679184382780034	-0.06037568473201288	-0.01222817077973681	-0.02407832738891914	-0.005671897746365159	0.006248339033709867	0.07357971286821963	0.05278967301706961	-0.053454359046813366	-0.035560145051781095
-0.03273057578987543	0.08375117292697974	-0.0963620828644209	-0.011440643203735858	0.09466045320345198	0.027957867206071806	0.1007095006698466	-0.018677766902637557	-0.004816709428336015	-0.06177995174785607	0.02286109211000267	0.03493698079132188	0.1737537614705785	0.024483496404309874	0.11288708958534374	0.07838803001865179	-0.05299762954015703	0.011054095473821864	0.22446760284745793	0.004362342234842883	0.05633692706617682	-0.028858808755691884	-0.08776175714784576	-0.052566968177534014	-0.04961195227937474	-0.025768982828169786	0.09222853733081068	0.045887789569210566	-0.08640272227132074	0.05309857102711392
-0.02841692450759113	0.11323920314182934	0.034525783805805475	-0.07931005963894039	0.10614591061948267	0.032217235721437795	0.08485849307741906	-0.05812418046619723	0.03298143659604215	-0.045562811612947354	0.15647639823091852	0.012805828930316157	0.07772189403843327	-0.004593903411573862	0.019819625402876063	0.10403225470490146	0.015504109798918881	0.14227675076080123	0.06441481144865961	-0.10191891038139068	-0.041279615752593604	0.06590965374090876	-0.1092961646275292	-0.025659946874185775	-0.14605365052593836	0.01200588675000299	0.06654566929642809	0.01010904414325435	-0.06375982235722956	-0.08831290627873069
-0.04058080520901446	0.0477355783620677	0.11211573050200001	0.04507366733848439	0.06805521695896626	-0.013348492344141786	0.11448698045889426	-0.04736347170133532	0.01806277569649895	0.1004965245177775	0.11604763130961163	-0.00655906243083804	0.053554128115893725	-0.05088802168490179	-0.035192568414412095	-0.14623870903176955	0.0991993858334012	0.03613806351190996	0.10209016914676908	0.01496003442179803	0.03106485415813771	0.06753296124372081	-0.055109969110556704	-0.035261510896264454	0.07524574811140325	0.10003168359299829	0.11749102583464696	-0.03977354286194678	-0.11388148241423811	-0.19904536091965713
-0.03648948313881447	-0.015395037374031901	0.006878215805766262	0.11084263450076189	0.1335613520650904	0.03865201076058786	0.055795215569369346	0.04244545395472321	0.08940532364814169	0.11448876905345441	0.04015779711701505	-0.07618355663426792	0.04735084343480561	-0.0774174599995741	0.0728187891027311	-0.03263797940269802	0.04485120778859174	0.10699902591140542	-0.051052918086693114	0.021289760334226113	0.030717644969908607	-0.0553167052670632	-0.10107137566032975	0.0466963236749354	-0.010631772057155032	-0.04426771389228218	0.06796048328710987	0.05350986697457561	-0.034275722786484775	-0.11662090145485476
-0.03549445641031737	-0.025553878608289247	-0.07262794264603534	0.010690324031838335	0.13816959561007985	0.03726963900520786	0.04081697957744167	0.07101156828922825	0.036074991494585575	0.18748035599132945	0.055529232488636025	-0.018432667946360167	0.10193481864636678	-0.04963775017446645	0.012038178826212808	0.07445762611327976	-0.1290914769035608	0.047248959218342865	0.07196268544562039	0.10541387520696711	0.10061265809291982	-0.02787352280712796	-0.03302484543050958	0.016595268730822905	-0.04072910991787962	0.03684064102620932	0.11688131469337876	-0.007334822868754854	0.056928044459596046	0.06836413752221937
-0.03224320498225643	-0.036340370000086275	-0.08617052424040865	-0.07287913717837498	0.11835778801424007	-0.057804145597614244	0.03769309679490899	0.0424089800427979	-0.03405701753817787	0.0677098686263038	0.11800255524501815	-0.03119740895355847	0.012863422839241759	-0.011030106295085723	-0.09074147840429093	0.07279839535069675	-0.03592669654934224	0.03157055945285639	0.12444041027007097	-0.006937243465007943	0.019029071999118397	-0.03999845114921878	-0.1233410319683291	-0.01647180774367319	-0.03551336174213092	0.06689540716302933	0.0785730614622133	0.02273469663434942	0.09265801184206512	0.05146119574180423
-0.025891204025473822	-0.003553822740923425	-0.08281272041362077	-0.09783941590650573	0.02638565834579621	-0.08321645980362499	-0.045997777088692585	-0.04618730506563666	0.020201367635432864	-0.0386980918983328	-0.036926263624139186	-0.11506828634252265	-0.060965349892425934	-0.012349018577071486	-0.0939330325178972	-0.1295084859983706	0.17891425553229204	0.08066397654933004	0.13866775949938542	-0.009851850080760064	-0.016154348289592772	-0.15335790162116458	-0.03458969709010144	-0.06427082740450873	-0.0602040775297115	0.27132395503747603	0.19571100058852542	0.014021937646673734	0.11113098183983312	0.2256360442041036
0.0019647051443352037	0.04093655135855296	-0.005391195650629688	-0.07736273665324246	0.037937329458825345	-0.17997785541540623	-0.01666072525517051	-0.07046450701320994	-0.0010676688535613914	-0.1020397683658511	0.17674592654764518	-0.11566426167768436	-0.01506056380333195	-0.026741744952356275	0.020919934377120003	0.03381115988493147	-0.0576886614014082	-0.006428192564295027	-0.1153124998264609	0.058589152335415784	0.03965242519078827	0.054923759603492946	-0.12413644159746395	-0.15506723909167064	-0.11583248146288014	-0.0785893891311321	-0.10212477313904714	0.02756097171615786	0.05048412269885651	-0.0721114436867781
-0.008555963092099925	0.0694408349023054	0.009538573313108116	-0.034950891462442873	0.015507367360443834	-0.18980089912942813	-0.02515273892755784	-0.04124249878409411	0.06918540229276902	-0.08073603314664843	0.02588485018609439	-0.09552856820171265	0.02492543335613981	-0.1678894053299287	0.045520603777281565	-0.1375146874855488	-0.0794419290853709	-0.008888969727099376	-0.04691456405264705	0.0706195961258756	0.04197375782905918	0.05274007856560716	-0.07331688861834287	-0.09987889522110785	-0.10847124817619325	-0.03490483365634675	-0.06484732624285684	0.11392107099051	-0.07038095299438851	0.06081326905548241
-0.010536303278191581	0.11351854816589017	0.01211073386344166	0.01814932960136141	-0.006168797251311876	-0.18662676092586664	-0.0012263336178873973	-0.058169656315973234	0.006856995540169691	-0.04577563385278613	-0.050586232109676235	-0.08580868200515544	0.03965463215920575	-0.14354883575667654	-0.028258177331209052	-0.1381374848040273	-0.14792752527308342	-0.005976954406151654	-0.0816332174956316	0.029359083337043908	-0.0017746706643550006	0.04117953296923114	0.012138734069662246	-0.05757388789434498	-0.12185524865203706	0.03283689185005599	0.005207803316500867	0.02358900855061874	-0.1445910575585372	0.05335260491883556
-0.02079481721987221	0.12774316422463539	0.02096417773245082	0.09273004347172649	0.004241787401972233	-0.12432370299355128	0.06635038157534143	0.004273514722709221	-0.09052029834108381	-0.035977850198781365	-0.08489943594071585	-0.08064233536684734	0.10028215890678559	-0.044153285461160964	-0.043322810026065924	-0.14824199243940137	-0.03167081686962786	-0.08730586225916163	-0.03883463174833368	-0.12004174053600436	-0.04464836846586962	-0.003125576674435443	0.03950935970210205	-0.09000417408924273	-0.006136174133089686	0.003748947899453507	0.10556594293675374	0.005529806819166372	-0.15136134810671587	0.08495648260241968
-0.02881116480029093	0.1287793234323855	-0.015836615666901695	0.13247903687721263	0.06664889242599709	-0.005566617217758703	0.07350327632595265	0.06582744871254526	-0.04838642999132054	0.0350031752438097	-0.020410296824429446	-0.001712351936233053	0.14983532962765103	-0.011318655789407592	0.06207838542764073	-0.019031483271207548	0.018945257921863454	-0.023841775215363962	-0.2068688492004097	-0.11259259033838895	-0.117080747758799	0.050109647337278095	0.02991431991331589	-0.08455591256885278	0.018021848860739983	0.01831032587903094	0.07491623319089616	0.058363620527934285	-0.120322854875958	0.10112583849176524
0.0186845575963184	0.10591105501926232	-0.03091999012862601	-0.03420869567675246	0.04520897471412949	0.13124065095276094	-0.016032540900177288	-0.042726772532543075	0.04274780394592624	0.1481238864098061	-0.143136185738429	-0.12021573056483527	-0.0033554972830368707	-0.0003179752241362452	-0.03419900045572436	-0.07911257556104256	0.18354513156966495	-0.19094452236183962	0.02339018740487401	0.006701842839271757	-0.2684599901315904	-0.1906800425549644	-0.04202189763113818	0.09459405082619578	0.05265212354421098	0.19129070305569712	-0.062415370943152984	0.2253973932377751	-0.25844940287442586	0.13561779700047882
0.042755695885520514	0.008100735206591917	0.0960806416994737	0.038423813098964844	-0.009076195984393413	0.04453711985818255	-0.13092214897755772	-0.13403537293581316	0.021200939379402366	0.06544457762183335	0.03234996478603966	-0.1280686334875553	-0.01768781541092698	0.036814657193786175	-0.046258791232928	0.0025138890957120616	-0.06892510633616405	-0.13485547043003146	0.0030863022822824604	0.0340021117620057	0.07492497442957258	-0.14330019262733554	0.10261299740979946	-0.028442666259555653	0.09552914619370663	0.0020454935876479136	-0.05061766348110412	-0.07274580238625897	0.06307357828033551	0.13559406385729428
0.03664141581949355	0.013484673499598226	-0.07834715218708306	0.07510516473791833	-0.005418076284751048	0.015216104742724088	-0.13749724335563762	-0.08192977646936718	-0.037693903710784675	0.013765236716475797	0.14954061621301218	-0.06641599566046706	-0.008953477515635948	0.06926740415271176	0.061689781030649676	0.10543881280945783	-0.13646820163208717	-0.027932300624809926	-0.05788863710182438	-0.00541802225688378	0.020306336584924957	-0.06630519020537369	0.1840367774645064	-0.07747125798421331	0.040264898109952374	-0.018580420985036025	-0.07366076131022112	-0.11233371203431902	0.05014540434796719	0.06066328496237375
0.02768673038006043	0.03934033153131584	-0.03320182936160923	-0.08689307084076243	-0.01225208141678146	-0.01873103775418008	-0.09714091546928637	-0.05450211280675758	-0.029676992268299392	-0.01908777501576325	0.15795606969175222	-0.05585918187760888	-0.011509788044281	0.0651384637915715	0.07756130524993642	0.02014455461561184	0.10881258761573356	-0.0008552090620823349	0.08169875686660051	-0.011515656973872168	-0.07818714132762712	-0.10497869921561781	0.09991242932488205	-0.05457374484644131	-0.007748708646090008	-0.055231124467483385	-0.017274146580396613	-0.07766536998617964	0.018942277576432066	-0.0014906806581370877
0.03288190174140445	-0.015034484722713104	0.0895227336270408	-0.018401068203477203	0.014548686615490292	-0.03766723044385942	-0.11899096150666266	-0.07803276275459176	0.016280731073377307	-0.04858677493052284	0.08115275525911195	-0.054849847035273326	0.04828941170542474	-0.020907070064881253	0.0408096304172385	-0.06345617820492974	0.029385039069576437	-0.06701700471048841	0.1104156614463977	0.07047611006725514	0.006997736520304783	-0.0390186741009191	0.09474731708963188	-0.038123480907535236	0.04719781599635148	-0.05007741397671052	-0.02370667774115828	-0.0028788145551877364	0.039533116116713174	-0.04625282595516865
0.027683824076735187	-0.04068586278133802	0.07403824868679836	0.06390747640119672	0.04608331895536517	0.0056539695205150555	-0.14252716553208541	-0.0814927341069922	0.008393351948974481	-0.08410707016627003	-0.04275321169410229	-0.07597481743820816	0.0691117419010427	-0.03662442239430597	0.02491033493469451	0.028235811849444088	0.009182551345633274	0.014122397570212178	0.07698798942866143	-0.07396037175608353	-0.04651951063542328	-0.0506644319594063	0.088252082902187	0.04727445885789215	-0.014027437189763473	-0.011946974157294187	-0.026668918049661882	0.02061075914021332	0.12172330854641658	-0.04015492759596251
0.029139943674883227	-0.06194583909074367	0.021430337466794888	0.07274508739612169	0.056658959689604195	0.03599513034928397	-0.12011656088153974	-0.08797712809212847	0.05155998541468403	-0.15220436004281632	-0.036801417762903674	-0.10294083471638048	0.10462420814311099	0.029851312704100248	0.05095674728804667	0.06683081493287822	0.03775117073633834	0.10460026642241996	0.004700961853871307	-0.0035051428883093377	-0.09429328271930024	-0.0024627469780784117	0.05852232536855308	-4.0817892160371905e-05	-0.03501349199968053	0.06973405199927082	0.04525680743027913	0.04505241255151715	0.18404793012820916	-0.007118416044715754
0.02206212691322223	-0.06265274291652029	-0.014824420868816407	0.01944880902572426	0.09054745738592689	0.07262320507959083	-0.06688954304442368	-0.07501286202021919	0.10939573617843559	-0.21998179616701097	-0.03952753611270352	-0.08913011243708095	0.13616476672834651	0.10656937142979851	0.09799065857115165	-0.0014660644145742113	0.0068222826805574765	0.03168054200013662	0.045120482607630005	0.05375388727041078	-0.09475222917947908	0.04303565319820685	0.03476629942940393	-0.04654146926776502	-0.014261730182476978	0.10161987185308491	-0.03856007219596575	0.04746747886713827	0.07294860981275876	-0.044148203712149434
0.02274544552948171	-0.009805094465528878	-0.018452844662279658	-0.0586881895102923	0.10926439225633203	0.13460355533142368	-0.049508616569912275	-0.03494604975083564	0.1756195735332826	-0.13611324709276262	-0.03779948063023865	-0.07516711584959483	0.16314093989706557	0.009151713254603315	0.020931088158739425	-0.026972388122433646	-0.058147310823293975	-0.05973006057137105	0.06696507346758737	-0.03556424553048144	-0.05226335816503483	0.046507220312228564	0.07273722304716551	-0.056601242620071976	-0.010080020675479879	0.05115883185908357	-0.16618564286824822	0.04608961435777932	0.022923025755179457	-0.06764824750089318
0.032667548523795796	-0.007234428680544099	-0.0007388493873517084	-0.10454401602261713	0.09126465502909228	0.08431007074479685	-0.09014928848061812	0.0009666365709025415	0.17088017504808098	-0.025704194617557737	0.03111455496132629	-0.07534441375923123	0.12233993230716926	-0.07358887718363098	-0.09486753028479573	0.02623010018446008	-0.08865165856413698	-0.04289606770332664	-0.0816261231092891	-0.14400774852074297	0.0160801664736234	0.026125980450217908	0.10233317682659424	-0.03498339355751426	0.01927442555061238	0.08468958835485468	-0.09101305668774322	-0.0133618503933189	-0.02829366012395379	-0.04431906204607547
0.02538330794653751	0.006416687295417983	-0.02149918506951315	-0.08553170437319246	0.032111765711593486	-1.6858296140875785e-05	-0.09556250561736519	-0.047269161073421745	0.007761651889229885	0.05546057189378357	0.14883733250115047	-0.026176680899198047	0.02281149381613506	-0.05390823433275091	-0.06858016875977146	0.0019510270135184942	0.005725235203814838	0.009825014619368005	-0.0663644728890459	-0.1543196565223808	0.029153174304945136	0.062176945782343264	0.06729253446196198	0.05702308643458557	-0.006808791170574802	0.15348421652002509	-0.005930309447597914	-0.09633521615082014	-0.009064404063587064	0.040157037720143986
0.022617427117527344	0.03488521948177392	0.026944225900399413	-0.03890959836327332	-0.02392290104216648	-0.08677423322682125	-0.0524047153175193	-0.1222564796163789	-0.004138530877617701	0.05809893744900968	0.1160214980088379	-0.008812571106125586	-0.05436636197401202	-0.022146621046322708	0.06764836570951768	-0.12654202676063242	0.12670258103541387	-0.0383114663763413	-0.017895866957171963	0.08109269213487195	-0.010875630936630708	0.06600259152032997	-0.011746527776090048	-0.005041399410428901	0.01982179383092502	0.09870987938994669	-0.03462202086675643	-0.08713498763371469	0.03592388850029252	-0.02704869584946562
0.022971246779542077	-0.014174340996636333	0.019542722729116568	0.09375321946444642	-0.014129440783214948	-0.06185846197130569	-0.07261373606252983	-0.06775302813615189	0.08977370836169271	0.11458530582809157	-0.0012895225097388594	-0.02790834330133983	-0.023942156723539876	-0.041651277504144005	0.04720347468487516	-0.13553136668541182	0.11506161737805154	-0.15779921094722021	0.04107041133687998	-0.07836993450094662	0.04535204213329884	0.03548893294755778	0.01588060115602574	-0.06330566549514684	-0.027165413274260947	-0.06340310281211839	0.02252211238182483	-0.07976054819214301	0.026657351254964434	0.012349868416043686
0.029955497773483254	-0.07412208623303336	-0.07602656440622743	0.10217894168366665	0.02653466565484558	-0.07415134639637173	-0.14301205041423765	0.024260679675661638	0.08783387897155266	0.09268374619801094	-0.0145440963959216	-0.07788957294351091	-0.043008986833470896	-0.0871000165165597	0.05631769369370519	0.02152701576378455	0.05622708762309535	-0.047298806267859296	-0.08775730064598855	0.0018699059087262243	0.001773439746395232	0.07396084215039894	0.07384901644334367	-0.03538029058457671	-0.012660341879623893	-0.021260813718159403	0.012495882458686706	-0.06305934167800822	-0.03903661336522754	0.009488693783887732
0.02863616851219006	-0.04080952995466596	-0.15662117683314816	-0.012396457424168774	0.02826450630274872	-0.07500764564718441	-0.12397226693272198	0.03269532648856111	-0.035465248672444515	0.03148001573351286	0.007487042750727356	-0.05857658408731157	0.015033186399189586	-0.04355470019102129	0.05817558774597514	0.05670009130115271	-0.07864717268359797	-0.12402390711934824	0.025399549720486782	0.05965716046574722	-0.10267825138299429	0.0986081544926705	-0.009308377078412085	0.0479345232371943	0.10430173743447219	0.002570976882378232	-0.009260251776341693	0.0070388981105388194	-0.024439604512014622	-0.012283857525154918
0.02621836779427463	0.02038569881119994	-0.07940721494817528	-0.10508091338705942	-0.007818932494504618	-0.07288808429968753	-0.08585000794682514	-0.0011758972837348264	-0.0014985979181492443	0.016962481693230627	0.08196774239100024	-0.03155297494174033	0.05130630744614836	-0.07876454156850324	0.09622313572338373	0.12772982045803777	0.06055091660947328	-0.06514551141367118	0.03715881680052604	-0.06927838976522517	-0.12173674388717208	0.025666969345868186	-0.020259016952038345	0.09051774012871674	0.008658297084746016	-0.02197053839374878	0.004878995144894127	0.021698535959683393	0.02580958379988179	0.08271774841260075
0.031033827291314715	0.03223111188231958	0.02084977112979726	-0.07402807595744769	-0.03791919267446174	-0.09618758688370113	-0.0271232134417378	-0.08688366103231526	0.055137138230812045	-0.03921816056717777	0.08061085220195005	-0.0019823327571094483	0.0790840216039455	-0.017486175562325387	0.003371335099163782	0.046526666358197216	0.07814784852779011	0.021513751205128818	-0.018204190779371784	0.11314213371096152	-0.12587189675828633	-0.0017114704258557123	0.0751769371259488	0.040931959229063654	-0.020144513209128107	0.021443973021778234	-0.05389929652936543	-0.023835505338533684	0.04894242238830901	0.03223591588608712
0.03172101317585644	0.022524023684681496	0.07273166735390688	0.016727745797775678	-0.03810136842961977	-0.08404069419212096	0.018839735378516756	-0.12176817097350273	0.03923367643940262	-0.04040998652682981	0.07388133424899157	0.00699238067717261	0.05694571939970684	-0.023358642923995806	-0.03277347297765685	-0.09189294915439988	-0.008227837138597361	-0.10659999880825054	0.005538290895017325	0.032156940079053606	-0.034071824870037466	-0.038450721939683706	0.03217019387393167	0.07270018886818005	0.005708186929220947	-0.018298205819447456	-0.03777169945694777	-0.028976546876450855	-0.01111631489296296	-0.10315700023208352
0.0372125775417136	0.018930839598378137	0.04962842080440254	0.10245357175452156	-0.03626988373022374	-0.042909974583927535	0.01749882099073063	-0.13355120577027543	0.009247417288157242	0.009378652716342733	0.08294719429013964	0.02003329768784965	0.000535955872561745	-0.06910528405760938	-0.022098952976981983	-0.1079357129729136	0.03517988021626628	-0.10476384485347989	-0.04641851466832429	-0.10488296897119938	0.013004874345815395	-0.04488070581428405	-0.0465243572772603	0.1572760621262951	-0.10018539112182664	-0.09671146069394919	0.005755435642184781	-0.04671946432564614	-0.03196699022002931	-0.017986627740953103
0.03151048199714473	0.014703184466880528	-0.0032964421125837584	0.14444568124444146	-0.015261929883701097	-0.012278088109252799	0.04099504699836652	-0.13909236576148576	-0.0029500491504368606	0.015999439010681026	0.050879743203471925	-0.03223296632370065	-0.08226591396079364	-0.0495131815281492	0.028065504578881812	-0.06332936554904026	0.07823252168011831	-0.04944332916398852	-0.1403011107791367	-0.05915202755712446	-0.003163566241675095	-0.11148762122992495	-0.027518118523962208	0.19892390278071723	-0.08567787226856588	-0.10127470426572435	0.007818105965879956	-0.04502932677129809	-0.01379298217123684	0.04379525655490685
0.03026089171877084	-0.016431455935370487	-0.057534946295687624	0.11310841952642789	0.017973141802813092	0.04570265670174081	0.08607009640113765	-0.18077169747888333	0.007680215898578004	0.015082698374431167	0.01007301521287834	-0.045347886781195335	-0.08169736637807674	0.033092565858423795	0.07346039140190537	-0.11349187712356398	0.0874792441274653	-0.05210462892716541	-0.10869294750301216	0.06526820003582708	0.020362682420501346	-0.11771271452651445	-0.006190319862764665	0.1542030848426666	-0.03344388735806985	-0.1018658098204879	0.06768915564768693	-0.008981947758745966	-0.034972173692729744	0.1073113756177525
0.034333564261944845	-0.00520728111614473	-0.08036732550079966	0.057913323427255324	0.03462385687598411	0.07004033187016627	0.03806524630478233	-0.17525600088983645	0.01617470487948058	-0.009818510199232683	-0.00010442381521823032	-0.04899979543000862	-0.04590575186984952	0.08129654968548015	0.014885655923565793	-0.1307098455207444	-0.02203594451746932	-0.03553887853650783	-0.037950707037240294	0.08212287646742722	0.05658759602992516	-0.02333170532235389	-0.0038750624227797273	0.07925349148193017	0.01571606415296739	-0.10496242071709772	0.0033381450616804947	-0.04797037675038578	-0.03460667442052556	0.09987873570116673
0.03783940502622145	0.04807902853530682	-0.1047351213179605	0.030332432505880767	-0.005830365148450165	0.05867937628377891	-0.017035461295403724	-0.08783081922287114	-0.014056560853446204	0.016530162074800906	-0.0002598724842608444	-0.07747806546248008	0.006856399343148482	0.08955336148029526	-0.05611135193522726	-0.09590358416819122	-0.15294412354632975	0.02461713506234564	-0.021421130372926377	0.017457958890360763	0.04068577546705216	0.01877828990407662	0.04643626928001382	0.08094287441409628	0.018159237230421447	-0.1262094155641968	-0.021718353736670443	-0.09715364953963389	0.013701983145691706	0.03916365085622078
0.03531324372757834	0.09523555973452619	-0.11171050529416943	0.01149838867405413	-0.019912184124668764	0.04363580883229123	-0.024440355969575448	-0.022785693754864205	-0.0738194889439864	-0.0065001201454942675	0.02211811754749574	-0.10923791581331642	0.03303973676013966	0.10373797642918621	-0.05770443953050666	-0.01990804199566373	-0.20767399525554198	0.011048963994153746	-0.018204059650948318	-0.011955742214718944	-0.029001550140664734	0.023180699526956415	0.04044698250334743	0.09946318056429371	0.03665718600688813	-0.14478349640756016	0.048956097381687505	-0.09790270848167835	0.03634485314636763	-0.02117901641483945
0.034504783757842335	0.13750817134922544	-0.0394669844677467	-0.06951820297576214	-0.0076449174108988716	0.05715780992444234	0.014145608049051876	0.04781565890899019	-0.06186765510120778	-0.00544228586295647	0.06322518086599595	-0.1599570551348251	0.06532329391582584	0.12481796274605222	0.014491356180168826	0.06250819255189416	-0.0088606639029853	0.010348784096760804	-0.01739147607168401	-0.10077799517175802	-0.02282399920538506	-0.03603861156672475	-0.014388611159327321	0.09843002803890233	0.08203631504600062	-0.16041883558029693	0.060638646748333344	-0.0735681201144897	-0.04257643455915176	-0.061061474662589814
0.03604966880753561	0.10367102764414052	0.12450648202372253	-0.04714268083177588	0.012004699119854419	0.048064054692530514	-0.0009603111814813703	0.08867940975684394	0.02980590975728211	-0.00354226446432986	0.17338870389962452	-0.11085384797617398	0.03889743580630271	0.10921472336911162	-0.03226731389133586	-0.03221043735500321	0.04538355652319359	0.016800621093390568	-0.014863475098753243	0.14425528687847225	-0.08727357871927832	0.017658892321065787	0.021111660554965116	0.029567327295067777	0.0741399708982062	-0.08303638682862584	0.047698481294375185	-0.03316601413957768	0.04463192612498815	-0.025931793205633547
0.045248295339989184	-0.008595205788123336	0.10901761375435494	0.06930899104024942	0.02366167081319153	0.019388773161490763	-0.08805107527435874	0.09643680714269733	0.11208017612377989	0.10225085870566254	0.06299796805278245	-0.13691681801261227	-0.0048884024265463035	-0.006249324806603603	-0.11181947866116075	-0.006719910246291012	0.023760857137034803	-0.03499838163075421	0.08338400505269444	0.008014316986647781	-0.04762624220709287	0.08691153537085701	0.04892798388553272	-0.046906613144626325	0.012282305056618863	-0.11511584544630525	0.09378986114134057	-0.0817143593181548	-0.004708401114256529	0.020805545804480234
0.04701227796158104	-0.0981778226975359	-0.050363798798866356	0.10472067529778789	0.028628462773481505	-0.06068789771684202	-0.11429673671799646	0.03445330626747891	-0.0027304798937214615	0.09584358099798833	-0.014722965414111144	-0.1667968848748503	-0.06208302911482359	-0.09002440444969602	-0.02149199920145771	0.09190748378939967	0.03315871257533614	0.04146549198637209	-0.02906446495468582	-0.016374496755824294	-0.02310376294067768	0.13827579659889466	0.005978045815816282	-0.05763828881303851	0.03355350155451953	0.001398701003811939	0.06628045388667088	-0.015054711754618703	-0.08584968678245469	-0.06818478184521298
0.041853444393901526	-0.06896133808688074	-0.13639405619759387	-0.022117167900537797	0.015725328599553598	-0.024626868195242613	-0.060792022838094414	0.017678060813780795	-0.1251057041306379	0.048506892157717835	0.0004413175153348935	-0.07596238416763798	0.057481610341063395	-0.06337700978875244	0.0670079830284869	0.05757335561687692	-0.053756905117616084	-0.15141148213365652	-0.019192798861168328	0.04854548763830169	-0.07419538211849669	0.06724307792719039	-0.030230147210496848	-0.05652707046045983	0.16232908722932146	0.03542109030568193	0.09068597587500467	0.06327102865377288	-0.03225529682276912	0.01534058345703157
0.04394608487236551	-0.024944098204366938	-0.025110228047404197	-0.12483536334664107	-0.01018928394576813	-0.03774423932780307	-0.0722753427225565	0.010923274525701158	-0.10209257098183767	0.025785303633124975	0.07004720897494313	-0.05793991740930138	0.06100881195830536	-0.12878851147681653	0.10997222455380218	0.030749769619303893	0.030306113701055792	-0.06418867994448925	-0.09508082606821346	-0.07628732126530786	-0.12685126182844658	0.0012685130729320968	-0.07752714573128526	0.05799814001433928	0.04934008381909044	-0.03961476544621535	0.03983772087659829	0.008989399803640368	0.05624686772895909	-0.05183882065160404
0.046092863451354146	-0.05108150354526948	0.07123906790815786	-0.016736298422484735	-0.023581462091452506	-0.0981721495309081	-0.09754558786694648	0.05525343125017707	-0.02826239611824514	0.01912379906978726	0.0800070174015556	-0.07063373083074302	0.08656769198485208	-0.12996116984638884	-0.034860033876609735	-0.07623171079185898	-0.02334246511357838	-0.07053860095621031	-0.025436637959240095	0.06210897712670315	-0.07731851104020297	0.033933698542272024	-0.04715736411055085	0.07445463391887824	0.09200271743300972	-0.011167949934202066	0.1034285976764206	0.034020078578955656	0.1799653606647403	-0.02043346836835031
0.04734450405249522	-0.0549142251197051	-0.023310841426549957	0.09079240832732619	-0.017510284372355796	-0.09707609721033379	-0.08531286524267823	0.04784165900238679	-0.02443094448652608	-0.03937535614624513	0.06631062132369203	-0.08930801457328744	0.006487683472222949	-0.08611384267622162	-0.049384572328249166	-0.017108885700828906	0.09818293675587675	-0.017163032048264575	-0.034028487968690645	-0.061654676603708436	0.01773700082211343	0.039653775888104925	-0.03860241591503794	0.07568147075837925	0.1064801088577288	-0.029609905584272823	-0.028437637864617456	0.04835375685192511	0.09446074319847339	0.023192488478311638
0.04985207400035983	0.011634996510293608	-0.10374658407935566	0.10120885100136243	-0.03635367224238985	-0.04043877075908749	-0.0610795681224373	-0.025228989869674083	-0.003394140735468105	-0.05758289941806479	0.038021164623394575	-0.024735689690377895	-0.02165615509349293	-0.061603245301245696	0.07166719278205794	-0.00015095808891696025	0.0740711025326708	0.03960673292415	0.001312589519087009	0.06175704991284557	0.07489202297601727	0.07673048047994267	-0.022255911266903815	0.08680874159332065	0.0823150006307715	-0.004722929997410336	-0.06707890176236245	0.07219308188782181	0.030820045698939744	0.06297405838348881
0.058132791029626665	0.07622978920858357	-0.13705281106100453	0.06617578085869101	-0.013106295264141966	-0.008958375360643618	-0.028581567932500346	-0.03331540548949143	-0.015941351369165923	-0.05876954695203201	-0.04378377933280815	0.009726068892013605	-0.03643101043275066	-0.016087130167317214	0.05489835448350694	0.03156023796191074	0.007352360342123353	-0.005319471193799129	0.09987524006317512	0.15727763975114709	0.0823593374748695	0.16080151615895769	0.03115645382233609	0.1354483778418709	0.0003461198712706587	-0.07739464842385207	-0.08923963876325801	0.005951048943670781	0.04617122633746449	0.01948079662413077
0.059338022228193135	0.12548263416531302	-0.12244579971587174	-0.01007336526597406	-0.0036273014359066414	0.044023400226175395	-0.00900913373875375	-0.02717111538484827	-0.008560782386017448	-0.0738499195850928	-0.10424695066739327	-0.017652811132103118	0.015939375108735603	-0.017846461436506048	-0.003168671703689736	0.019987742145431538	0.007611819935320271	-0.019246498551300978	0.1391029824540728	0.06183743431564168	0.10774147086243903	0.14680472018150822	0.005667733720220218	0.11871247300063505	-0.015161569921580395	-0.0884193640445649	-0.08416976237854994	0.008985923643410342	-0.005976782281042905	0.0036132832683260264
0.05889628509765913	0.17431704447520366	-0.05429972503839732	-0.062161618956694024	0.001302573927626618	0.06259584880658117	0.00765372106859084	0.0007358203269572052	-0.01224154346473237	-0.06057179186055456	-0.11387372002319025	-0.06653141533504199	0.05657372320397599	-0.01675392487927254	-0.03713127422865186	0.08802705009380346	0.029138339419088968	0.008974412198091973	0.035439480093484785	-0.04520765534476037	0.0970037548283832	0.10885784031799052	0.044512593255117736	0.12556066576522823	-0.07515541098121936	-0.09322173119604564	-0.07572845794173381	-0.026357809828646144	-0.10443220468831099	-0.05229080676890538
0.057454522024438334	0.20086344083818775	0.05055456362719421	-0.07177715040378502	0.00013280601229130544	0.08457493556194003	0.014851712299944381	0.012770616225400938	-0.012211789575645901	-0.010882576618668116	-0.07813346382244427	-0.05575153302693906	0.08530500000962567	0.04730026762361094	-0.0062024123631769365	0.1473343598223693	0.01913684628920945	0.06539362527271231	-0.10495314428080979	0.00902570610361623	0.02204389291861701	0.11592510223428215	0.06193848826027078	0.0901666923287193	0.0029858006250938415	-0.0015327326219094547	-0.025654913830264442	-0.05745373410421682	-0.18810162915394846	-0.043196422741446444
0.062250832707964034	0.15637688696787364	0.14996734563428485	-0.012410474782944332	-0.008841223842040166	0.09101282206031076	0.03049820507989793	0.001572178395118211	-0.012253774132343642	0.004503938821605451	0.043625641951779065	0.0016843080558762442	0.09820353799848583	0.10364365850451242	-0.07847780283207695	0.11229729525388117	0.04215547248709731	-0.022868572972374795	0.011490331661535024	0.1348136938820633	-0.04285694730656117	0.07769289410841752	-0.008994582240637046	0.0653700055022937	0.10923012376128416	0.12688449533628823	0.10206296359029493	0.007446014093753102	-0.08131822964590844	-0.08674583311389716
0.060410325062485726	0.09689420108724205	0.1520908392580806	0.08754939741991612	0.01770730229372764	0.10965257177502646	-0.0034042006251168056	-0.022026598481401097	0.020980720606568123	0.021568143721505294	0.10118696011558061	0.009053082016101279	0.004800888749958196	0.10227299816122666	-0.12937357469842897	0.03024368323943295	0.11124435718252548	-0.005213516937206524	0.08742459788508593	0.006699323328593064	0.01296886300944501	0.04564219196167054	-0.034347755466405436	0.0518551278178474	0.02577573782732301	0.009548687243432222	-0.010037343004387921	0.05698837940388021	0.06443575423180238	-0.050969394014899895
0.06205306480596453	0.03833390195337492	0.03276538445276197	0.1527959264399223	0.01119161511975076	0.10765580180330406	-0.03447982990732581	-0.1039775775118754	0.02487391117830878	0.12366053907124665	0.08498672492492981	-0.01725497263127338	-0.1470348350324042	0.07130109508832677	-0.04490162465500776	0.011955867482287186	0.08340842475281736	0.11741861498048516	-0.008265361653185843	0.02382702246689404	0.11560464226416653	0.027386976449923453	0.051054830311456995	0.011675580642759299	-0.12128887189947687	-0.028794340632878675	0.034106588232914625	0.06588736086014627	0.05994374449465018	-0.027579507918294884
0.05815342377366238	-0.01634641045491743	-0.0958383796545682	0.053580940614093256	0.01756334335828441	0.07173473553757248	0.006337580844774602	-0.14399565619563395	0.007078767025676217	0.1286208563863676	0.030969760698970648	0.00041100578712368246	-0.14408470528930076	0.16022438691422344	-0.021471609644246402	-0.08653820543520101	0.007364080450541259	-0.005384797904439799	0.03981361105727574	0.11527288358787799	0.10609870746418609	-0.005917687898458611	0.013316815323188673	-0.0765479148714906	-0.08360351849788057	0.03199493476057195	0.07149806083530298	0.10105812171991546	0.05058283942685362	-0.14874219839466707
0.05823531533589206	0.013868449696029387	-0.11272174682831378	-0.04212011358677021	-0.011001869995585742	0.013292270514189084	-0.034646883759408595	-0.054774730232366856	-0.0014796264225363748	0.07690888003288586	-0.02101060470598172	0.009253453843981048	-0.08069300241794537	0.13182841695230296	-0.061527890707698665	-0.0798162552169298	-0.03023661372352483	-0.04737950412428623	0.010130076666935217	-0.07275690454237574	0.08851844148082327	0.0026171338282543945	0.04748009501692146	-0.10978806411482275	-0.043863300918999475	-0.010623593518439577	0.04629961655832944	0.12921198117003593	0.08025899547460055	-0.19372219799007812
0.06016187701011114	0.061653627075306056	-0.0988903378334911	-0.07843735394032496	-0.0378639767788465	-0.0381198396349185	-0.06138575387613148	0.008738158637504757	-0.0555697335554192	0.04723528822143377	-0.06053778038465323	0.01247540935786846	-0.02538790818903855	0.057344484504079786	-0.10429240090094535	0.013346517366505347	-0.05065293088537216	0.004122901839609741	-0.06790769065808364	-0.10191198306391722	0.04126679764980061	-0.022490549886979367	0.050266177155363814	-0.0760151489917969	-0.09144034159477768	-0.015129679111305201	0.05489158734191731	0.08964876274573207	0.049992719630233315	-0.12194184614318831
0.06169712310131199	0.09780897912565287	-0.0253916742244961	-0.08727755172891224	-0.05115537490996091	-0.08244624502880397	-0.04925318221650455	0.027935066600526397	-0.12273460361438103	-0.016922272270808895	-0.051926911120450225	0.021511644991486036	-0.04044785079553307	0.08318380070017577	0.03483458714298429	0.027627191197632184	0.006292412053130147	0.008615928307610089	-0.11871453802972404	0.018505154831026677	0.034247539698822736	-0.05351752164051876	0.006355905814797412	-0.0771252603260109	-0.042351027758571386	-0.04247701381318245	0.06232066695004152	0.030093644239230357	0.00751894841606212	-0.10843091848361755
0.06292116896043018	0.10005705499118103	0.04751484400661151	-0.06607924011334163	-0.03197717184598094	-0.03715177918876772	-0.038578389219905654	0.026563659352263146	-0.10866327288128108	-0.05345601929705438	-0.007085029150189175	0.0631722799436731	-0.08050523559234209	0.04352150352155956	0.021011978335220054	-0.042204399164973906	-0.017841003905651364	-0.019398093983675313	-0.073964629024742	0.0812184251473436	0.08680596994340654	-0.0538960164856116	0.03480884961051449	-0.055351262216684696	-0.07338852151543496	-0.0496443603347516	0.1161894695680534	0.10955028166857628	-0.010262063869553563	0.018611292758262118
0.06371769507091242	0.09214118613686312	0.07807484536194852	-0.03676126936859381	-0.030758913823029525	-0.038483751486884044	-0.04680023903658744	0.032249232322769196	-0.17362008202923968	-0.04179197755694819	-0.05301093541881171	0.040733653894765146	-0.09661433910059143	0.033456889048575425	-0.08817168763851016	-0.0882432196258425	-0.051086659554930317	0.01799945810369721	-0.05325091620635002	0.11631830224027652	0.047963762043520576	-0.01383780106704343	0.08994779788808965	-0.05891417814758203	-0.035714865198196805	-0.07761396628941936	0.09452993759909085	0.043492719063219	-0.011232405363263283	-0.022866259304153553
0.06333295888154383	0.10156924211109554	0.08346709951828667	0.036407476079234384	-0.03167637033118451	-0.016506223927318712	-0.05793277905139149	0.0613944277706639	-0.15040015380710564	-0.03742682512089188	-0.13652053663724759	-0.013747088265277404	-0.01988636098333574	0.0437989993382957	-0.1148432476973621	-0.05585427194651754	-0.014678507197824982	-0.03355686108244922	0.024948115648356944	0.042889024023578116	-0.019614023591604593	-0.013316403370032762	-0.009540382015158604	-0.12054833477123873	0.007354961802079729	-0.12833638938875724	0.04584595271113401	0.045922030533662485	0.039546440330342866	-0.06908764300548684
0.06461234980047817	0.0595955566626484	0.07154293278700215	0.08180617057897313	0.01197425819024431	0.02869211487537648	-0.05367141558057043	0.09126360512032732	0.009021573618558404	-0.0374163949642732	-0.1491238378183048	-0.058152308713888164	-0.012409777364980125	0.059592205317275194	-0.15344978815831384	0.0625858886079115	0.08457247042585163	-0.005390789167290279	-0.02220911696233242	0.040902180977671794	-0.07098572030238562	-0.018654023589384495	-0.05940860596759273	-0.11485434757101548	-0.04842625450604947	-0.14520533637421526	0.10564799872096875	0.07580466794922455	0.09670578608430297	0.03344588737415834
0.06666643392196461	-0.016902141978857754	-0.008332994328982992	0.083281314523339	0.041696630710688985	0.026468118623075847	-0.03238093601580276	0.056318869751255836	0.018522427317846018	-0.03758306155493201	-0.0784085258088579	-0.03333703627378796	-0.052564916896125496	0.1451935493945554	-0.12760214603954848	0.10503641791119925	-0.013585411007323307	-0.004979607560484042	-0.20668598366602148	0.027102918827316334	-0.022065243368094293	0.04423124460546877	-0.006674272834557474	-0.09435875054113946	0.024318742203167452	-0.016952890530595226	0.06165355389539805	0.02751459612730156	0.03006356301945594	-0.04261002835078269
0.06330771418727561	0.02884816997257995	-0.10722008640362549	-0.03505897096549579	-0.0005219613057621387	0.01093023195692238	-0.06033745906322202	0.08269267941125463	-0.06357913557708555	0.0053358000493283	0.007885862472002016	0.09694967237490108	-0.030884982042356905	0.08813574393797853	-0.05224994536744624	-0.029385138356607776	0.02975207859061996	-0.13997820008424203	-0.04846560752261737	-0.022320985986201403	-0.0069593329287638075	0.0764701965254169	-0.06435972996133682	-0.04766925070316937	0.10024443344063552	-0.04168280242573606	0.019328721422280204	0.09672169827328699	-0.04625119178226944	-0.06575314672435593
0.0704999925411428	0.03998182287688947	-0.0039056345192684284	-0.12193606754343735	0.014939067636939772	0.0403898295720102	-0.1047004909170812	0.056832478372199104	-0.006867053755004917	0.018840930911712604	-0.01940657217216328	0.17378372598070752	-0.0023998407580851314	-0.09363089677728004	0.04863342115408409	0.028248961998206503	0.11757928466735737	-0.0749906707989629	-0.07643797718884368	-0.061921391984058	-0.007285693854655981	0.06468582254467597	0.028522041787094957	0.03278424163641613	-0.06204310969840751	-0.03274233470106631	0.10042266507605378	0.13921310177540291	0.04112795937545932	0.027468031843693258
0.07718775317772449	-0.02138786573322608	0.08080035345051254	-0.11598921103228914	0.03189566223164212	0.006210684917715398	-0.10716240735831908	-0.026123874233833166	-0.06935383709141554	0.015789589201003984	-0.07722059489842714	0.15695493122795648	0.005584324332409678	-0.12707784859984342	-0.007968237967540568	0.05559114524557667	0.08251177504168475	0.04112712747638716	-0.06391625124730203	0.10162485541373659	0.017559312891512927	-0.014782736144698827	0.14283236754608525	0.032742257526785515	-0.04746645484173746	0.05315490124443546	0.10284645734008573	0.02896568121604978	0.03355248434394722	-0.06541374771754965
0.07699044966839338	-0.05513405796967158	0.10772203624150005	-0.02285177614399868	0.02920163293622177	-0.023067242565537882	-0.08671681759945642	-0.05615337224162354	-0.11671914410314606	-0.06001575350372764	-0.1711059905936355	0.09273485638752593	0.008859458418838704	-0.05134736775309336	-0.013247578817843006	0.004374788162662679	0.02574003726833299	-0.044477238531895065	0.0739183692872661	-0.005712493981111977	0.007839916869790891	0.014535473223906144	0.018771580663651144	-0.0021565913227421032	0.06083430791699932	-0.0015129099048078916	0.03286315286023445	0.03596739434859129	0.029454310067470575	-0.16201601421789524
0.07206451541666808	-0.030034106316976256	0.006086207776343147	0.06249728104144885	0.0525083244278936	0.06703667876722263	-0.04330187379939522	-0.011149385367503395	0.00557087000383495	-0.0480250239963824	-0.17003250795549937	0.05378705542948619	-0.003895543654368165	-0.02020228053007547	0.07934276969839889	0.04062111132777746	0.07478803128383511	0.015818249367822796	-0.08543465814735846	-0.015066117912939346	0.021343643861015185	0.06717204397295307	0.02740108445063695	-0.08365472215175249	-0.0006913850657432365	0.007661643009442275	0.005455455082380746	0.02498352511960545	0.06978907005678628	0.014419955561861493
0.07554762659790402	-0.04302492264277039	-0.02177834985043044	-0.10147954703019706	0.07426483806297002	0.0906418626733742	-0.013107569583104226	-0.0254835743489827	0.06379010502096744	0.01298461087192679	-0.06300967741548004	0.06625521900427728	-0.02618700252264191	0.04589187837425471	0.0300890729042165	0.04539787546912427	0.06405524875007815	-0.1049966738925418	0.0036268063112485163	-0.07422264349470005	0.04133121983328727	0.04668813361490466	0.024183517643182557	-0.03765733872303548	-0.029463405319161803	-0.003731098649188764	-0.014015353699374115	0.08291380838110475	-0.004486852422913884	0.03038256506871005
0.08210970778709041	-0.07277177588081359	0.09841111123439149	-0.10649499085368123	0.019746922037524952	0.02318163649510207	-0.056182837952064905	-0.09149502151886993	0.017092596328341866	0.03261104916413266	0.002874554900795756	0.12952231138109652	0.01863576978442155	0.012332707015455815	0.07812708245559107	0.07584356179290543	-0.038532541761990606	-0.00528348988050294	-0.06917903840031425	0.047350081603181764	0.06233335805950238	-0.006499176629663652	0.13395853323089446	-0.025934155480480586	-0.015263440451895455	0.006428714790824651	-0.02141224601236426	0.059456036955233375	-0.06312888890772947	0.11483927965863056
0.08027835295151865	-0.12557579778451894	0.08335695528005703	0.015704542356005165	-0.013806930583683562	-0.03587593969907609	-0.03517811586035421	-0.13071636686991764	-0.0428977038392443	-0.051114714698088225	-0.01971776717931723	0.12548898617479504	0.0485632908775982	-0.027145342529168115	-0.11924020155338858	0.06619829525636349	-0.026783570969415776	-0.03592452837399257	0.04314053061711243	-0.04694862453702049	-0.03973907202825353	-0.04662275989076444	0.049135739018878674	-0.06434727828754663	-0.03190032631383643	-0.032356844621048944	-0.01576428960314271	-0.0553843019058005	-0.08121171804518892	0.04599221591038666
0.07261088752042032	-0.14720801439983708	-0.0543907356893152	-0.028230582672140365	0.007535605086697859	0.03735971510995725	0.018137543196449727	-0.12479222663348506	-0.0018936653275759654	-0.11082758033725398	-0.07148555636106385	0.12457404092930786	0.0745935559151265	0.01651000196402624	-0.0661457250259455	-0.04413818298446103	0.0031726076596215154	0.01973181145997761	-0.04164511633084738	0.06390692945040816	-0.08902047074822714	-0.013519239582789614	-0.020610483240208505	-0.09741964001424772	0.055066849491770195	0.01576483804473202	-0.031069668656439665	-0.05693940261585695	-0.07355362702112239	0.028152008528909204
0.0750486574439237	-0.10835507394751927	0.010839144721951799	-0.13047158440420273	-0.004869968376196881	-0.004647268745718092	0.03734780780982185	-0.15811081859228762	0.10620093861746818	-0.03132533534922896	-0.1300679068384732	0.04341712429832029	0.057648118729507175	0.029928740122594614	-0.022203467109316	-0.02790281436202667	0.08424397156715327	0.053217096378869275	-0.09642793594364146	-0.03651649543672317	-0.029563595331380657	-0.08684630955963163	-0.0468522806660676	-0.05593129254311822	-0.0291763139681872	-0.04927951427113425	-0.0791739437136561	-0.08524830166169797	-0.08852987972078458	-0.03061214852561249
0.08160884852541729	-0.11214603554044533	0.09989886025024776	-0.043677764635447515	-0.0059582522886692905	-0.03165997199653218	-0.01888160199107412	-0.12071557188644358	0.12080290177978321	-0.0005668745766375516	-0.10660863826568209	0.025586386366816496	0.018173592098568836	0.092252184355866	0.011894797683135644	-0.024670766322416875	-0.1314143065525587	-0.0015411243985039324	-0.05292412504331465	-0.013208779566832408	0.06091497915674218	-0.0007754269319637966	-0.09501859753957874	0.038108624735737506	-0.013636530376773974	0.028152518594231412	-0.007169930851823415	0.07999771249413179	-0.08085830044358264	-0.01763993654970827
0.07557240974678661	-0.11937026854660449	-0.011486795094683004	0.06273052987933153	-0.010644190253623518	0.0026490262198741944	-0.04902074434270625	-0.06240963484069545	-0.028728759634643216	0.015066809125821073	-0.04785609059485903	-0.008004031907933832	-0.016031436589098988	0.10638798663313026	0.011064391765400139	0.06992753571474487	-0.03016468757971034	0.041696927249452204	-0.04815123005941874	-0.10132183193615081	0.11469564526789963	-0.01844079388287743	-0.10551888829415894	0.030587530745502883	-0.009522068688122843	0.10366329780803454	0.11029669692389574	0.00210857781289861	-0.0757127267944853	0.014272882679275942
0.06909921377279134	-0.0795870562607454	-0.038872493520286065	-0.11518084261900262	0.0022602048675959586	0.019711052895144472	-0.01671851868454313	-0.058328189233073494	-0.06934483531997182	-0.04249653782456665	-0.01115906002621005	-0.018763818422385028	0.0038645966848189785	0.16490720110863183	0.09100020183193017	-0.01401163938733112	0.054469983837239104	-0.013330807984081941	0.01355129278572114	-0.0804974950484685	0.08021705833486482	-0.04010624912781686	-0.23329081046746503	0.03783466449241317	0.02049272328669875	0.08420978394813573	0.03759707447747579	0.013243053964012836	-0.0742018961832788	-0.06281655921782124
0.07370007502584626	-0.0330352715678433	0.11970273427500217	-0.02420608205717668	-0.004493486858403071	0.054796529331672394	-0.08095067729672362	0.011888813451847238	-0.05335175524055684	-0.03915310908528582	0.023228427273671935	0.03725145107754932	0.08378836407370593	0.05411285639593134	0.09170995534946214	-0.09698546875768281	-0.0530839895004672	-0.04622859957958919	0.01708240693592087	-0.07703771011088623	0.1286596143276264	-0.010726281819596643	-0.1771888889933769	0.06854434840332352	0.028074381034876084	0.025850680137022096	-0.0034237963053599905	0.01717254481914368	-0.05252886874425034	-0.02465495679413566
0.07193727799591478	-0.0243890629075028	0.05377412664442077	0.04811902355519126	0.03796228028877321	0.16804000846777997	-0.13245728138968998	-0.01045850487888452	-0.1280179419071075	0.01197928275296246	0.06961041519758587	0.10829725845622731	0.10669286777816943	-0.06651396355344696	0.01942620036332375	-0.03140395006226986	-0.05323032701890434	0.09795775559978608	-0.11814962040365087	-0.012192746661261772	0.05664962606622222	-0.049059897060569874	-0.11348808524149678	0.04709162995400484	0.06952385067344821	0.044543847629858004	-0.019468876278598446	-0.026284401176313407	-0.13166309494226044	-0.011063257751605597
0.0734743979980432	-0.0009440471481265201	0.002741356852566411	-0.06012869871384246	0.026961610595979686	0.17453354806132593	-0.1002530812376578	-0.03419556516121997	-0.11615362995246696	0.11715225947662315	0.02154481329939423	0.12806538970600745	0.11408382664395253	-0.10380389420521609	-0.0964343112806437	-0.0332070157845102	-0.04722767878530585	0.04529837649922862	0.03780693073216698	-0.009593175519680227	0.009103913136192038	-0.07989426688079977	-0.16806346562339697	0.006500309534486406	0.012390417008056244	-0.027057235900512087	-0.05828063359925351	-0.08562020761559858	-0.05974761317491132	-0.022186424246312925
0.07420498480994173	0.011504207198525651	0.049439630841876074	-0.09244396968845182	-0.02976757392264482	0.05524844648551722	-0.09737855650370457	-0.03768813622496168	-0.12231517086251112	0.1452363326866895	-0.04623154785943508	0.043512514197759804	0.07236192024027562	-0.10556263992833229	-0.018094149996527975	0.0018982217195998973	0.009264078393576021	0.15861220401141485	-0.06082360890099278	0.03131022651346365	0.024239230027930117	-0.18082698561059907	-0.1353935934682135	-0.025119634663147955	-0.024556041672743098	-0.0027296756708082986	-0.062031823277199	-0.17432000886114987	-0.022969023749353765	0.04051272836357786
0.0709262091826066	0.010149923231567153	0.08287140048259331	-0.011653777433920615	-0.05959176310065425	0.002812281350392797	-0.07982151457414229	0.00149272527554735	-0.12349979841821336	0.08952208457330252	-0.10754101825643123	0.0038159433500218978	0.07163889195546429	-0.013273769357499693	0.032426365452439515	-0.07386146958312555	-0.059459785582662544	0.05893562589568846	0.07642266624098153	0.06830868635044529	0.0550723752696283	-0.1605904831084884	-0.1781932507705503	-0.05405884310053977	0.05749888382791792	0.035801983872344914	-0.0813594103138177	-0.09544402798041772	0.057806151108252886	0.012423172894418754
0.06674018753131128	0.06253464676425112	0.04635008872838611	0.09602008189144634	-0.0746655538821441	0.01515679232134477	-0.057749755008351965	0.03217789655814428	-0.03268417996493588	0.06520448753208453	-0.06918841236367004	-0.003414812256424004	0.016994549132762597	0.06177841045994547	0.03503117604668087	-0.05386861360510096	-0.04916531271587481	0.010669975188963217	0.04309204303218782	-0.11394125158264763	0.05393016448749478	-0.08666889436806616	-0.15989875780941598	-0.079423052693728	-0.07877978357163709	0.02194492627407907	-0.16784244956180086	-0.09833894425640882	0.1462797756281201	0.12239989391974349
0.06191034421131423	0.07667625736607586	-0.062369887113394196	0.08732845740847536	-0.05283931524374374	0.07780685921479798	-0.004097086613087647	0.09411382342954587	0.04808312946444518	-0.000998243998897862	0.047222166552325105	0.03763840338774502	0.0035343407704304265	0.11270965130224266	0.07761818636366169	-0.0680981750898136	0.017354173943341922	-0.04325654714283044	-0.09801485006792506	0.033528111756411696	0.03216326061637263	-0.04396820972281045	-0.10842514800882803	-0.11664189362260469	0.0033368067611438627	0.13824230455083744	-0.11668244609378355	-0.08266782449043453	0.12556320277076727	0.16520567470624709
0.06760914727147767	0.04078382131480503	-0.06449648406604891	-0.05150847542368089	-0.03157202755236899	0.08640840361417908	0.01724455243340435	0.07796514514310468	0.1729137101795768	0.02121568052764523	0.12110266648628827	0.06364121088189227	0.0013514473967855063	0.038827739377703965	-0.10152242677555737	-0.08030816992406942	0.02667900822141351	-0.09791789934550241	0.014265734152026446	-0.031082973524671462	0.11561294138203906	-0.03140777301100508	-0.054260254777754535	0.004446025236182136	-0.01227255948792848	0.10079062400400227	-0.11931347910718526	0.09035199836961921	0.062280430076127276	0.09541038501674096
0.07280693206764574	0.07422455700090132	-0.04917140202911513	-0.07542640356261657	-0.08147177806886956	-0.010474827626899498	0.005904657702514154	0.013282514430521915	0.09910165568685106	0.020908817608406093	0.06482805245180713	0.053358068085889054	0.029594504891778253	-0.08699704282265329	-0.20223994837764378	0.048548652918776816	0.029809038924301395	0.07889075681635456	-0.05559187443820006	-0.01970793279086357	0.11404011419745172	-0.06540599835283577	0.060393075696682993	0.11208613359993409	0.02263506926655902	0.08488301692235638	-0.14448937656051616	0.05904727560331124	0.02005819464392139	0.04996742043161116
0.07128941115799692	0.07800867416605718	-0.006755315658192397	-0.05700186759914324	-0.11333785966466633	-0.08742546232039272	0.04876450973748494	-0.0067423260077932555	0.04666500994249295	-0.047588587483748564	0.004907378201488271	-0.017862704725676384	0.02258484773116854	-0.06080623073838078	-0.12801779696706603	0.07221398662751405	0.05026277431675179	0.12008262323671151	-0.01643506547389503	0.14472599546790427	0.08941641548124381	-0.08160300832672922	0.05886989621646636	0.0014979319651336406	0.06809752411240526	0.12413428274959973	-0.06579889531868853	-0.037399431648627746	0.013967592830033813	0.0805696091055709
0.0733643214260909	0.04068756239463652	0.01753024229857979	0.040358087395655634	-0.10581152078137845	-0.0998601303635578	0.046764296967787965	0.018949909262664374	0.07533814410001888	-0.14451962551505007	-0.06670842383101344	-0.0558346790174789	0.04754761404446003	0.023000449067120187	-0.15753954409283016	0.03890946172694428	0.05628707387365555	0.004360392095777335	0.1640450104940141	0.06668979202946633	0.09102693786098703	-0.04105230031403391	-0.047682005892467225	-0.0673968949131143	0.08411808585187591	0.07350977861394516	-0.06049359999608263	0.06724911563684377	-0.0120213149061517	-0.02320303517019545
0.07696101549842686	0.05482760123647479	-0.03731005635063557	0.1117523777400637	-0.08895205075991003	-0.015236964449330322	-0.005601998899505311	0.03631554130713965	0.11245710406790649	-0.08358437270577589	-0.09369752023628862	-0.04731938062105631	0.052863289952634354	-0.03100289108840211	-0.054081667382178594	0.06712291946012984	0.08223961423581562	0.07654378917530612	0.015273546745461136	-0.03437073977033045	0.16006881208530718	0.011098633044976032	-0.02436040181321722	-0.07471794562827555	0.07716221651659497	0.038036356858417476	-0.12184678362602061	0.12936100620664148	-0.05787147026220942	0.01737220795022614
0.05591988139609864	0.07853066540770536	-0.09892171715112184	0.10552257220450184	-0.06219825837096301	0.0008654636002363439	-0.012012316137387001	0.05344717632244763	0.059085596513837324	-0.03592854665441379	0.016365078960181734	0.009749770896160824	0.03048172983943257	-0.059413356327768965	0.010937333801649702	0.11165316394449105	-0.051097652478405184	0.04883419981854835	-0.09306902606604014	0.027898273127651703	0.11331878129489678	0.11899673357265109	0.04820514397576257	-0.07291134884934858	0.10108432869889325	0.07194200952843835	0.02906950719178452	-0.004329107212973783	-0.07655373377796579	0.06054019432341904
0.05780793062930741	0.07264996885293624	-0.08756833874509001	-0.0669727396961044	-0.05279149364225033	0.02895833814055846	0.0523297929086045	0.062044615452963386	-0.006491234768637441	-0.014278855797365436	0.08238260389152663	-0.029938426042463502	-0.01991434184951411	-0.0641512152642087	0.0054849580701037725	0.06571777366658918	0.11907383986531041	-0.09576994914541559	0.07940636162602958	-0.02671788264412061	0.005883357847126075	-0.07039232906075203	-0.09124282559195791	0.0036533139034480473	0.09508436528308156	0.07436459577431263	0.07958525026540506	0.012408507186677895	-0.09231401945567766	-0.010460527941128934
0.071783211836347	0.02942837951365121	0.1053170043204146	-0.07956890260782985	0.0251036167721773	-0.009777690162344671	0.014560594949045828	0.045374483427540316	0.005181229321219531	-0.023523791487785894	0.054834994939570086	0.029625132497888854	-0.22852585071118042	-0.06811013833483098	0.06357628937083686	0.11517908113973926	0.023982053504339376	-0.051067126716943016	0.011026465043131352	0.2036018605212562	-0.03733250562648261	0.009500778631170085	-0.09812660754017118	0.09378808612848905	0.014212046246638611	-0.08283634533741831	-0.038916997956805366	0.19191699317225946	-0.01438435936219204	0.09177665733772465
0.07178239073626011	-0.0285574548718191	0.08691199937487364	0.06329438183326318	-0.020117127827535695	0.011255057741326166	0.037838233539404006	0.003421481355033209	-0.05901035671058483	0.06287751178829318	0.005730638320205559	-0.023902448765313066	-0.11839016697955031	-0.13007200356352447	-0.03436073032235941	0.126998609940566	-0.05967680841271003	0.0030262731129331697	0.1735839914461878	0.014185538151710048	0.023052852349254537	0.006543019431423174	-0.0036027049834317128	0.07361285093022149	-0.04976400734249385	-0.0783226256062884	-0.06825249031958822	0.06730454460252142	-0.05408533349455835	0.09978955574680876
0.0707936973132982	-0.05803739062513223	-0.05850282470912513	0.08744449640955888	-0.03923568157291614	0.05395747580585122	0.08499052960346071	-0.03292870198869741	-0.11069813671080166	0.03803348274788893	-0.01641177273508897	-0.0841813683844806	-0.1141003535700664	-0.09428044111651637	0.012459574057418208	0.09291368385399712	-0.04210586754447333	0.11058210736175006	0.027948522558922162	0.052755057640032375	0.0025555777917184094	-0.019425302885845257	0.01982869277708902	-0.03284478135048807	0.02939171291908253	0.051224177463942956	0.01978945375918791	-0.007811773890843738	-0.03757829921623163	0.02352644149388193
0.06309532488391066	-0.02974415782561904	-0.06723320375010909	-0.07637708430142773	-0.01860966714067095	0.05564676564028778	0.13624363201580172	-0.019215056955061954	-0.11292351575708567	0.057449544715665685	-0.028036930970220253	-0.1181404664602584	-0.09808088147451903	-0.002598444521944187	0.042687370484490034	0.056626558350252904	-0.007235190340612149	-0.016547092767780425	0.07703892046124397	-0.07892496390302535	-0.04054654782154133	0.012584656328431533	0.005293583155542048	0.0006166722477304667	0.053909764575542134	0.00038983021369438237	0.03838296386458567	0.008981946307269492	0.04199517496613499	-0.06522485922722708
0.06557654397008755	-0.05803727760626492	0.08947168349429452	-0.07181840384617921	-0.047246471892426166	0.025552396756283267	0.15507494596450558	-0.0017347467017224524	-0.03371951755912472	0.055351637379397085	0.09243318113190195	-0.0751616778882118	-0.050944259258472235	0.07984212732448454	0.1085908236476579	0.012990502029569303	0.005094375722050147	-0.003302169638341429	-0.0018425898971533988	0.041776905374467835	-0.035110462781539654	0.07517332719666962	0.029452233702282393	-0.02601510610917725	0.057119940768556476	0.08503798992323268	0.11195013788429763	-0.029363987331352398	0.09498038972364704	0.013504233579076055
0.06830886044218895	-0.13624168535520875	0.07891810655946516	0.03869329678950095	-0.04997705095659311	-0.0341658078672799	0.1251853392921268	-0.017934329492587612	0.019887248108996808	0.01707262083536061	0.1499321270092322	-0.03976778416458903	-0.11979073858610663	0.08397461501860003	-0.09952632732635912	-0.09459249276459246	0.029210465282391136	-0.053806612390543386	0.0847392500111556	-0.07917280585218908	-0.03627998519735531	0.10236196047390927	0.041421564058985796	0.014846947874706674	-0.016322550634450185	0.04465851343123199	-0.07780344173602599	-0.004471648266330246	-0.0352737540963864	-0.04320754603996553
0.06084045783508299	-0.10784318972405141	-0.040442900482216465	0.11157796256039575	-0.10019112477819228	-0.058146100133120306	0.09746199028555204	-0.04433130222993697	0.004069091360471568	0.04847953020032346	0.03551088943586586	-0.004461441113088886	-0.11440176078728118	0.008503757650597679	-0.01703655553474424	-0.06752419841746214	0.026668271428452614	0.09153573647703354	-0.0067608337676804894	-0.14919063760641937	-0.02507909157599278	0.09475359416452632	0.09879652594935989	0.010415988603649118	0.02824687213283302	0.07131266547493113	-0.12714881179240176	0.07678368851226211	-0.11587172120634044	-0.10754942153729763
0.05582309085333539	-0.056156408515718105	-0.12161693005120305	0.1059277664147324	-0.12165390142091845	-0.03670619040496648	0.10995003904667634	-0.04833405535782565	-0.003268537142408199	0.0683976771160113	-0.0338579527157624	0.0518117946957285	-0.0027848441244642244	0.0518707540308126	0.09028090877874924	0.02821195587960178	0.009767867392950397	0.06606005483436077	-0.04122699881163893	-0.01119964708699498	-0.12773121749883776	0.015168928637388494	0.06979524406806976	-0.016156929747944963	0.036090240825494016	0.04451894257029464	-0.04047182400232023	-0.01056490082623841	-0.06709911407704833	-0.07463053258662898
0.06114482415850386	-0.05252416455253121	-0.1290485013515822	0.01899313370045534	-0.09255631992112229	0.0020627723673280708	0.1260711236458899	-0.044092366173600996	0.08020954905783431	0.0016091464662716128	-0.007492229882358572	0.13447226699206438	0.06607296070971214	0.12252711916496081	0.07235595037401908	0.0625919900841504	-0.03130598682864371	-0.08383647608033876	0.029829546624028723	0.06847387854947892	-0.16918352609931475	-0.011751739714767208	-0.0036175280325409787	-0.04273467374902863	-0.02592933392515203	0.008923019118187318	-0.033279616733543016	-0.02481192746344552	0.006817861990352364	0.02632095665070861
0.06556131605091241	-0.019165223382162068	-0.11217844726725486	0.013932433841424787	-0.09608085919463426	-0.0007220102447020155	0.09430043523015204	-0.04529263390777577	0.049460475134564405	-0.03565289607676058	0.05952178814573579	0.18037281637534244	0.039616796093879296	-0.0033471246324491112	-0.05837297182308441	0.01783878996778125	-0.1112403006375956	0.0008578697928572632	-0.006577887025766761	0.04112580158380329	-0.13937358525986662	0.011162907127725843	0.031484390139463914	0.007863277535141093	-0.029507594485407483	-0.02274559944655862	-0.04700035081053844	-0.11663613989906697	-0.008023579655657781	0.06819002115419856
0.060009363107142784	0.026652392119542994	-0.15163104020623275	-0.0008274067583835526	-0.11674932143199772	-0.017839590855659775	0.12179960679561441	0.008465974555370853	-0.046698222880103515	-0.013501272076422762	-4.182065867052226e-05	0.058042948559561124	0.013299985371898755	-0.0687794380100408	-0.09986205230669734	-0.04973639566847951	-0.07314735682581695	0.015101528151455608	0.06035864311944152	0.019501909359014625	-0.1288664019834856	-0.0008771913092539621	0.04191524417764211	-0.026945642300074492	0.02423203802105936	-0.054840540743809625	0.005799545920266734	-0.15891016348577197	0.007379155262166426	-0.01714407473954343
0.05720594837814763	0.058323171944628736	-0.044913073228228115	-0.06565731648839601	-0.10375763359468253	-0.03722953965138908	0.15029932963554468	0.05374913956161302	0.03897882932776696	0.008330277274572263	-0.04457999190306414	-0.06715336934677209	-0.020305678129287248	-0.03040574718621801	0.11410230649504054	-0.04589715267980267	0.09126361204061025	0.020416487262462965	-0.03155815323805908	-0.00695322151637702	-0.10566188097965636	-0.08693824974892284	-0.02792560466009905	-0.07843756188526058	0.03019318026118059	-0.10056010996446517	0.001708902855221562	-0.07883259577771849	0.019813210562400544	-0.10664257860591335
0.06827282751532789	0.0029584709211589034	0.08209277917195616	-0.0051671252422407065	-0.06377945979600638	-0.00975702062889621	0.05617139779552582	0.1407809639994523	0.1409881012497383	0.07374739721752081	0.01846605191328073	-0.0016314780601612321	0.014717657939902224	-0.044910284746721534	0.14435921655555897	-0.008291926632999675	-0.10865115534604335	-0.08796482964364716	0.03051699935615934	0.01237391089078528	0.01228198093821693	-0.0751776889068329	0.0020279781588502417	-0.047415559253719736	0.027393940451089678	-0.13275648467106385	0.07971941156652294	0.05457806953691372	-0.02787552601971973	-0.009576485351742294
0.07603317906244636	-0.10151558648032567	0.06695175297179437	0.03164603053711709	-0.03481602682847783	-0.02823829756756289	-0.020732965186665727	0.08255829898098319	0.05871643626903933	0.05492601062355871	0.07509953538489186	0.0485175908082773	-0.016312457855740637	-0.08502680217840156	0.01921441468871253	0.111592649161886	-0.06392174680964517	-0.049942109146302996	0.1311379726828767	-0.010899079709563326	0.026553978317894265	-0.029454572576409772	0.04963392138729929	0.021763604329952738	-0.04516729172057207	-0.09659824848261821	0.12055037481275811	-0.04510984712312366	-0.09133180616820755	0.07578789266087681
0.07575219209657098	-0.1599323763871185	-0.021750145154994568	0.055629810888769594	0.00014386705224493564	-0.05302831072233326	-0.0038060170577886984	0.01833588907688285	-0.049898585400864455	-0.09737362396278776	0.0344947423136703	-0.008956248733484553	-0.051771222356384296	-0.04734554044751428	0.01658204927221797	0.1052718776188333	0.06089499694536027	0.07213997131190072	0.052567852096835344	-0.00786392183556074	-0.026870987450003034	0.02394644678896052	-0.028320628574197086	-0.002786135515173682	0.000528987893926202	-0.01915003226097358	0.003055445755668986	-0.05509026657410851	-0.058934353659507825	0.011413574817965687
0.06359369057794673	-0.0949986411556211	-0.10974832716937945	-0.05517467924414639	-0.007580651691128143	0.016969312616103224	0.05181368507490313	0.0644527143306824	-0.003662616747403987	-0.07131331924198046	-0.03888213541739599	-0.022995550210170315	0.01902948511516564	-0.01512273740208921	0.05669654879947449	-0.09837223446989356	0.014359046496698292	-0.00111866329106651	0.11897677018959986	0.0012109294664280556	-0.02607324866960054	0.044100556353154755	-0.07399259962914913	-0.05050473679769783	0.04475411352599562	-0.049920268308194855	-0.002743260890508821	-0.04034945388081981	-0.012622662759222376	0.011691743405813415
0.06358582039130463	-0.034194487579481854	0.014455374709209374	-0.10943540261239386	-0.03172895620138545	-0.011773033444904813	0.1165369046624905	0.1283393208336608	0.13193540787731073	-0.02919836280262075	-9.219441438152243e-06	-0.10108136387938937	-0.016056112212206305	0.029050774718254485	0.14379828157220725	-0.045325197468908604	-0.0045553962782815625	0.0639220110948946	-0.06883584678758203	-0.04285019577372159	0.009972905045033748	-0.04037672447822319	-0.021003761029812044	-0.06070607483821197	-0.08817857941120935	-0.053502492327358514	-0.13060923327032056	-0.07105553022846742	0.05388474600987111	-0.06443791918122005
0.06849945095693773	-0.02008663784478491	0.08081933382306834	-0.049088539117773326	-0.060737998075009715	-0.03606956196426627	0.0998198119688329	0.16718905082445032	0.12627062300248507	0.014009032589292383	0.04272935445267306	-0.07425182757884172	0.019899695816819184	-0.033234247203153565	0.02704305924772487	-0.03995903839818163	-0.2104903434636247	0.02531313231361769	-0.07948921510063905	0.027430217644119417	-0.016348636837412313	-0.008507534999733632	-0.013158589914199034	0.09160630652283425	-0.022884331053708226	0.04418031577162394	-0.07199474930797886	0.00489996508594351	-0.0021493473075934848	0.001518523245354047
0.06648533670308711	0.0046046558351456315	0.044386936853085965	0.028720569216122482	-0.12640519672149636	-0.09623575271775071	0.09665854252500798	0.11486753815750225	-0.010817015522758452	0.016183182467863096	0.03640655064150473	0.04036878484791201	0.006186528408751258	-0.110087621245348	-0.10528352572601037	-0.05784087041748752	-0.1346637601248582	0.014635282482429702	0.01904229395935008	-0.03060923511128153	-0.03289059074686413	0.036846171081703454	0.020978355681561138	0.10202344795844553	0.03376399717312398	0.16124694288754343	-0.019558489504327557	-0.0034306485772753995	-0.020988520669318105	-0.06653372368807838
0.062119797741454826	0.005565384175099209	0.010738821019305156	0.0815546598584271	-0.10592701832490932	-0.05446068834444631	0.1031416339187484	0.07858996050598503	-0.0927856829863277	-0.04541821696877043	-0.04965194181707154	0.029281390914661448	-0.021987675449469685	-0.13075413306513298	0.012394415801273886	-0.05327427903336439	0.03382079145138313	-0.0068482498892914875	0.038974238252000803	-0.11044713693919755	-0.07157173435722577	-0.012619711197111375	0.03808228248726487	0.03621823225528239	0.036845457119746225	0.12210880008678225	0.03346296915874102	0.002473095637727997	0.08077995783256436	-0.10782272571546625
0.06848173878818532	-0.00815418211853411	0.007336837455059224	0.09082305921196179	-0.05934783142565004	0.02845850081745941	0.11169746374753665	0.05974897722261794	-0.06893461500577304	-0.07452185544623252	-0.09900883680452635	-0.014663196357537852	-0.03204508424806998	-0.1063414879268895	0.10118396769087457	-0.014085906310000314	0.014053270749545859	0.010552785862460704	0.004608905596295795	-0.10656707204300882	-0.03639527106302359	-0.06975227195208315	0.07341665012436431	0.04073541699635323	0.004002166860800217	0.0828393959750539	0.056320800853912216	0.02537161721923116	0.1611550876188081	-0.045649942756369716
0.0686431649351418	-0.010654928683866412	0.006618309928397172	0.08452871621782068	-0.01254084436424167	0.08772240019512727	0.11118860533841411	0.039668458006739474	-0.05308729525146317	-0.10274451276972868	-0.059798318104097206	-0.017083880688248135	-0.04102237795807852	-0.038348754353743734	0.14741558248634298	0.04110681475037939	-0.0651985505579664	0.049973240202228465	-0.04028867671331143	-0.07158215637303023	-0.06911325392066951	-0.0980881549288076	0.1099906680413758	0.06637701652574077	-0.011584379166076637	0.054401522393124846	0.018843641737675332	0.09237717642457932	0.1751158842149895	0.03018986961234011
0.06635584919994546	-0.0029260517827265657	-0.02253036879120746	0.007135144905850387	0.007888773645616189	0.17137216497811544	0.13448436973322206	0.018847205299106655	-0.08181013218957497	-0.12959663467836555	0.056660493188888925	0.07090607909264224	0.02132098706244315	-0.031067717800933665	0.09622342640745153	-0.03324677055383455	-0.09810948658225245	0.01203895180211742	0.05988371680796109	0.009186175849115092	-0.04034624190279588	-0.06056222370765028	0.11216720871645573	-0.010337811662070998	0.05623592166758363	0.009193943360590075	0.045707852661015055	0.060189454376435775	0.09209801338824243	0.09335571294443888
0.07008343564984656	-0.0229094099671262	0.030453891838843127	-0.10545007416117191	0.040396407466627746	0.1804274009596937	0.10463794352348713	-0.02471576383734997	-0.021076168419435267	-0.029004875104332688	0.053937019459091046	0.05680433080851794	-0.04048541145861274	-0.016237376788091167	0.00012539745668102564	-0.01735245982916584	0.03164729674558271	0.05554863789782277	0.12126301446046185	-0.10417095816974194	-0.04655112140228071	-0.0005360671278256497	0.108011225364374	-0.04282681627974128	-0.05435510072016511	-0.03177535711377763	0.06053828249960348	-0.0006998394705633355	0.005165514876582004	0.05213020885151875
0.07388898679408223	-0.03568974197480562	0.12926638869708038	-0.09448097908507586	0.012025735869657071	0.093886003967281	0.049821923395713986	0.016966140502387907	-0.012423715222821426	0.009725332717420472	0.022721007182633077	0.028451145847452515	-0.024745862139295815	-0.01331400654630516	0.061303131735895425	-0.04347507961861656	-0.0014764029134680546	0.17060852917540087	0.04970200251466264	0.03983229140649812	-0.013365581666021233	0.11975011004766514	0.08024454245447454	-0.13187981954250888	0.002671216499653852	0.008066967812646271	-0.001676829992907032	-0.12432413530417671	-0.025005343989244894	-0.03709515533538181
0.07519955346404754	-0.059306698695638246	0.12274618353971757	0.02840467881195325	0.017838759827610608	0.05345521911896503	-0.018176299673827168	0.13689202456368366	0.034803692195988487	0.022662504888057614	-0.04772769857087863	-0.024993426158926784	0.001588080399641955	-0.036423869963335846	-0.021863053114860496	-0.0281614084449475	0.010789136972060688	0.0684610394113816	0.15946479711015765	-0.05284596234772902	0.017714612130749464	0.09012269150147767	-0.058517331261738414	-0.07895337792327196	-0.03980907677737958	-0.07283670249881397	0.0043857960254414415	-0.12152473800523819	0.03823479994645321	-0.00839499542598462
0.07342311926456795	-0.06197806706386321	0.01615222864257519	0.0850773780563252	0.047252815437935546	0.025950170368444932	-0.010405138442777172	0.16094849914200793	0.06795002278294748	0.02392150439665575	-0.03025159542566397	-0.07882162885430882	-0.06938912122468216	0.016130750519737086	0.046409691661764334	0.053829791586092614	0.010969395027637236	0.09788261017236607	-0.03244999983952504	-0.05078790938685039	0.07348413464295439	0.13271192549929667	-0.10370519912067881	-0.06247162399513074	-0.07914088125496993	-0.031855777614769425	-0.009927393569325184	-0.009004034453300773	0.01606561019624013	0.03394904782419052
0.06763222670448187	-0.05133217399113734	-0.06955454378785315	0.021289523635043387	0.03288056698116063	0.035090273296260625	0.04648738727569999	0.13087166938736727	0.059562328181592634	-0.033993278838276415	0.08004424500247721	0.04460802404786316	-0.11812703841824262	0.0701389262777971	0.035997052271973425	-0.01100174131396239	-0.05937976914534582	-0.030461367691040686	-0.04420268452653812	0.0669995818577236	0.06221898320963547	0.056414998127523916	-0.07324575924117671	-0.07833309182281983	-0.04467921880408707	0.1143988864862788	0.056241295490986144	0.05024149368724019	-0.05365903204702428	0.04963725073852276
0.0680366345132159	-0.03874462502657838	-0.08104107410060263	-0.07449191534948636	-0.003597086976559162	0.0076794842101167585	0.03790986532259923	0.11613668785094679	-0.00835678062600983	0.0031680335955685413	0.07026620316320059	0.06827076358867075	-0.08256690781764575	0.0006013555732723185	-0.10026305944317296	-0.10812253537422467	-0.011517099154208697	-0.002756041534714204	0.048117200059713205	-0.032593067870950496	-0.02636841955912461	0.008670062207904658	-0.037751830746069304	-0.05336234199854535	-0.07459843408379002	-0.04892891752559232	-0.08274869650023031	0.010812270679551782	-0.036751752747864574	-0.012901289758958018
0.06478283255850724	0.02103392085935111	-0.02196630470110521	-0.07534795503754202	-0.06345588556586858	-0.05392238147187468	0.04137348234904393	0.12241768153565248	0.043013561958628786	0.11137382389283837	-0.060644583107032454	0.042270511571653686	-0.0479649032308714	0.020617949467751123	0.07493873942270075	-0.11553971335960643	0.08539426631057717	0.07167087323027084	-0.06982010736278729	-0.016907006073035996	-0.07221577050855912	0.0018669254727127597	0.03229148929912217	-0.04063768826519265	-0.043234116428728174	-0.06998912318342403	-0.13790446629713596	-0.09296448973424665	-0.014469573843830484	-0.03484048123461349
0.07155586053342475	-0.03178643516574348	0.08094760278958882	-0.059127710444707555	-0.030196097690636293	-0.03581906649986794	0.05600142131284231	0.1274331106938428	0.15538326451107135	0.10929844490116761	-0.07648129436974524	0.13010829697289783	0.012356379961973725	0.04922929031657383	0.13912975157404556	-0.018172499561007208	0.026668751869141714	-0.09770423788089244	-0.06597327798784826	0.09089720433626178	-0.04463498604514148	0.006618902820426141	0.05051780351890626	0.054537572666020634	-0.10014012502083924	-0.05491308281346042	0.08567784089697494	-0.04088461463824639	0.021840336275215394	0.07116752892482829
0.08101086433141741	-0.1475161620466108	0.10252438393794716	-0.029466721372938785	-0.0046544396522140334	-0.06574128932376865	0.036382399110236364	0.06709676240880258	0.11208581236472008	0.003724825196562978	-0.04392994641148079	0.10109614642801625	-0.007797527725433627	0.048970076433986306	-0.0551147385106038	0.06153691993593575	-0.09470139221365542	-0.07115312501289264	-0.007359174539043807	0.0372850770685345	-0.015892512191004658	-0.005288212320786372	0.01893309664583122	0.1916680385228156	-0.11476134323062859	0.028793075029703727	0.1522135458660898	-0.01950770843101219	-0.05296400974626532	0.07740158460543527
0.08137178043616089	-0.1875371176052156	0.04125065499038191	0.032452755759040046	-0.002131455146799727	-0.07793691382041704	0.02894564641012478	0.018609897417453936	-0.05802869059441479	-0.1289728652664467	-0.02787614431262195	0.05065185932266238	-0.049666924744271417	0.06499349313177993	-0.11088452254073057	0.07184592013646443	-0.0035242474821370433	0.024330352140610988	0.0006160463668334684	-0.05992992212456451	-0.07007947700684386	-0.01058766352198912	-0.033797791923079155	0.14930808645689894	-0.08824993413290211	0.052901260383623624	0.06259848837977175	-0.04937119955454641	-0.06616126943058054	0.024673399518508297
