pca_00	pca_01	pca_02	pca_03	pca_04	pca_05	pca_06	pca_07	pca_08	pca_09	pca_10	pca_11	pca_12	pca_13	pca_14	pca_15	pca_16	pca_17	pca_18	pca_19	pca_20	pca_21	pca_22	pca_23	pca_24	pca_25	pca_26	pca_27	pca_28	pca_29	pca_30	pca_31	pca_32	pca_33	pca_34
-0.18779310807809732	0.1459216849842186	-0.2183133714698946	0.07657488305889182	0.06640628044052378	0.003996359006529594	0.015848922270011726	-0.06096413188530416	0.08359074292360573	-0.2583462054339734	-0.09144605978357578	-0.0606113055647834	-0.07522436458962745	0.04393452068644169	0.2691757913920513	0.12562317909566154	-0.09056767859028832	-0.023431097876109096	0.03693641641239909	0.05596784409152331	0.0888903998549535	-0.024251143966095214	-0.011580234977648315	0.1871072103012341	0.023593945976895445	0.07834566201036401	-0.11655207557592766	0.0986873530844168	0.05624367049475876	0.029499513651806794	-0.03651961523409993	-0.010554998519892212	-0.220028579342652	0.0009179294627348072	-0.1045785885473499
-0.1833277668271196	0.1473888756679752	-0.1881864679024475	-0.06804616428791312	-0.06945126785625329	0.07449823883027865	0.01938887020353022	0.03499697130973682	0.1337228534571773	-0.20954600430020243	-0.0018741959880820176	0.001956053667821313	-0.08008201673765038	0.06853148237284412	0.23813201594852149	0.00760709479183817	0.0030708526484272657	-0.06207320907908787	0.004353844323511228	0.07305212851262567	0.07795671056800356	-0.024771771685382783	-0.10942890072358216	0.03984082213480675	0.021962062864815023	0.07026787803014597	-0.04090299485800737	0.03086903642186868	-0.04070609653170071	-0.0819149995396074	-0.131105619855626	0.01997429373831988	-0.02487324070620793	-0.09821833409622446	0.04241988357720075
-0.18060647031740532	0.1363597339957182	-0.18250090515549877	0.047742949002928387	0.060423245282626034	-0.01814787895599614	0.054894118505385635	-0.051447299321692334	0.02188707279856452	-0.21449517916599878	0.14120621272401995	0.041032908660556366	-0.11391277452499086	0.10925705878036447	0.1546831658799179	-0.05329434286149708	-0.04021155550529422	-0.016626658341989932	-0.04267060785873281	0.18488298510088794	0.11239205375724215	-0.011733323920084717	-0.11975750847288234	-0.0770281766388566	0.014293589410840857	0.008319770061166219	-0.011123743528677047	0.0348677976013402	0.05443447578747849	0.03425825237450113	0.0057860094231251945	0.11861653202918339	0.05108103079473919	-0.06126619431902439	-0.015890039474500173
-0.1738308652628503	0.1211493401732272	-0.12726092709612113	-0.06436050019972794	-0.06929126484575857	0.0706458497284259	0.08127951896737505	-0.0516294912764884	0.06206368350964367	-0.12976018682118756	0.007136929882223919	-0.07571616202637457	0.028330247500258546	0.11924245427295646	0.05366184292265057	0.023098178052787355	-0.034602863392620684	-0.04331026055437553	-0.04558352694256519	0.0077376660180602	0.011773378634374845	-0.08777719182110004	-0.013757320161668838	0.05922889009090953	0.017717810205193113	0.0008790852373438385	0.06927817136317498	-0.2333686121687942	0.09604528235062844	0.10719172727279022	-0.03752572663638143	-0.012837100295985482	0.04135092227613197	-0.01638370165328581	0.10249647745820242
-0.16421205158426713	0.10127113531968084	-0.10304083987867618	0.010835058362806405	0.16055041825490382	0.03657785927686849	0.05034619939413257	0.03209714819863613	-0.00022246814324441977	-0.027692941751851774	-0.0784401429903627	0.042752728737838974	0.004374823628212399	0.01837756212730296	0.03199752787156576	0.08308518017056216	0.036811336211540424	0.0346035300272057	-0.05778283639927607	-0.11852067940318947	-0.04516470931762205	0.006958963529337199	0.00038369586838695423	0.06103553568473126	-0.052207781160954696	-0.08652813745914334	0.042092095090382114	-0.06095851139468438	0.0342298393677727	0.13814414338741787	0.1402582512803581	-0.07906365770189598	0.054880659596701555	0.08756361735527446	0.014387774351054951
-0.1587854845066841	0.08996110568376792	-0.08739094751760536	-0.05868672623337823	-0.02165974577654395	0.16617829127809505	-0.006156345470302492	0.0777726894760637	0.01796131277544169	-0.01196938222218083	-0.1530073829651372	0.03422098309978331	0.02318853230809889	-0.0612816976197188	-0.03090484178776609	0.03106506668892077	-0.030831380320548274	-0.035559121815216296	-0.01638706576114706	-0.14265245337110358	-0.033245345965423015	0.0020464839356973963	-0.01303075034129996	-0.07269271653514991	-0.037779363326477376	-0.039997977015711575	0.042165749889051946	0.06855960585878586	0.03518507618257642	0.06428207186905494	0.03963879510990434	-0.051727856565638185	0.02952963504144944	0.1017703331884786	0.013259599384267892
-0.16196080945859456	0.08876655561043736	-0.0935962614461656	-0.058422900493642294	0.11512215027574382	0.0892007457148947	-0.020392376073342447	-0.060209559941690395	-0.0700943024690613	-0.023085607052146295	-0.12139595418514335	0.05258165412412019	-0.026821780676137164	-0.05964588906703371	0.010655331859606626	0.06162553184128941	-0.014234538163144215	0.04367651072635349	0.019659695978564797	-0.13151976522119993	-0.03047242801193877	-0.0005412117828788314	-0.08795536846479236	-0.16081808405437256	-0.009658329005898147	-0.05667006430883888	0.002451162440958877	0.014570390670546355	-0.017293044376115636	0.02229321561420749	0.015220571443346582	-0.11399136606307897	0.0710376921856493	0.06910144304450401	0.029859335722928086
-0.15829756725656527	0.08268834184420273	-0.08054848758344171	-0.017601273652713578	0.016998369526294965	0.13126704296773234	-0.0038069453187615857	0.1229202731304211	0.017246595970098727	-0.012734990367258225	-0.0756101166706274	0.04598085842483598	0.017841151502417857	-0.08303690116736752	-0.022106545029661473	-0.06229349057519071	-0.09044379488561959	0.15411668210087942	0.03156898462533285	-0.07467524973557893	-0.08726228011304665	0.05476153871941325	-0.008076728853335755	-0.000710316771102476	-0.10782562347738268	-0.010954175935170188	-0.0017283015314852462	0.04487806099949079	-0.16684454084654285	-0.036238015109620145	0.0951182054225176	-0.08668289783804818	-0.015558699765543478	0.1356457794821166	0.07994326442001351
-0.1558603409311494	0.08384712694186032	-0.0911239044991126	0.0007824616427484221	0.029371495323659236	-0.026985000299500524	-0.045232016299078734	-0.09600832648785507	0.02488653447954295	-0.04282282075959065	-0.042243783833499526	0.08411926127470756	-0.0437839165686052	-0.04310263539216584	-0.03807520821771054	-0.06828194299543774	-0.005952644310094398	-0.0036527696952514607	0.08247562817159874	-0.06900293217054525	-0.03673967632145259	-0.016905192809910374	0.09698706588160821	-0.09899200640883543	-0.06156879875799397	-0.01669045107914993	0.12008208927521716	0.018125318767349657	-0.13445537144643238	0.0934392556586408	0.08801208289748083	-0.19454699294854885	0.07716040820959033	0.05695062937468558	-0.01161690100795476
-0.15435785323629983	0.07273267954944303	-0.07349451946549439	0.007439674127410256	-0.039040485684153525	0.04039896535454208	-0.04696604579988509	0.09178829164687785	-0.003285609696099284	-0.05706348368464198	0.08665356959397269	0.0630095501999077	-0.007077339977117729	-0.022213690483566265	-0.08595136788346458	-0.13090336796641694	0.059109694585061864	-0.041675006164791514	-0.07792682162498707	-0.031225213791614977	0.017587701057497587	0.07494207188108293	0.09657155213272346	-0.010773627645080129	0.049123611158541906	0.006582932775592451	0.028779154925925813	0.010522281927701722	-0.08964977830591109	-0.13245008947814674	0.10632320647375648	0.009367961739331	0.06344062328731183	0.10531003841339232	0.01396146795950138
-0.14922696724154	0.06537545732800823	-0.06177192996820336	0.07887101417494485	0.04811087723581786	-0.023545293073006495	0.009505123519109385	-0.058485759015508954	0.0015175179991507859	-0.0021581858325573993	0.01361281507177986	-0.03650089035958867	-0.013008528682322634	0.04379892367806555	-0.14117916339296901	-0.09568270218718367	0.035795157452587184	-0.05828861913867632	0.0017355310803720964	0.012326697040243195	-0.04738101668351086	-0.046201546761504814	0.1399266754529224	-0.06157636038008804	0.007557813500107421	-0.015119156961212445	0.026215488743906314	0.06458131307023693	-0.04828676570902296	-0.07321528165429209	0.14397964737594723	0.11310106406413328	-0.03309578752606164	0.03295930868793563	-0.03635960542962976
-0.1472329579340898	0.061157515460879205	-0.0491911271967584	-0.09442754404333181	-0.057784682872811854	0.08927215097779027	-0.029358438067410966	0.03253984801740811	0.031048904017807577	-0.005519435618884794	0.01685192871987442	0.004410687538232698	-0.03940627384362247	0.06500747255186139	-0.17105563850443928	-0.07110312022394329	0.008053188761396962	-0.09146065315963409	-0.02684612692670621	-0.07991383373300014	-0.05572140542960441	0.0008034732429407151	0.09947129146542065	-0.07825205500515131	0.061231039230956553	0.021524113604728695	0.033550411147417414	0.012455527036053876	-0.07440481920827434	-0.1244423654344913	-0.024913382860066238	0.0717257766453415	0.0038953859791266837	0.03334884383097875	0.015887661748186788
-0.15118159141382698	0.06352678642951334	-0.055633179076744796	0.020163902346236995	0.09553828915467119	0.0038053625150368253	0.013063951532295948	-0.031849532481946774	-0.10582414120535721	-0.04952994563195737	0.14190050713456548	0.039014396251614736	-0.053768131565936295	0.02378863747546217	-0.1862043303595863	-0.12907144977211704	-0.03237139743208266	0.023331574231140302	-0.03128190987580208	0.00815187292912956	-0.010750981223146439	0.0015338486912582008	-0.004702903458092411	-0.09275408029958407	0.025429098998149186	0.02540285183423826	-0.091375787360786	0.027463231540878014	0.09172011593074633	0.008309683818939706	0.09279838982505342	0.05135848874131485	0.01518418937310062	0.0383017262457938	-0.09868331148623136
-0.13431463148690892	0.0414538562566076	-0.014990600299908598	-0.0529354837530828	-0.03837389508142805	0.035440352430394895	0.0907024567701128	-0.08024538184759827	0.02830498629896333	0.031886344972112166	0.013728928287093198	0.0005092559202262356	0.09172588201995541	-0.014207044992847931	-0.14451883577309058	-0.07324300042043456	-0.0023778618411725294	0.06588753404993337	-0.032858555376587856	-0.021270060625829215	-0.04230079913176889	-0.036152061009049434	0.1500927894036921	-0.005489031502378144	0.030282103937911524	0.04275578757348868	-0.017133480322683966	-0.1800027601020906	0.033694798250559335	0.030560552666113044	-0.06258954260181554	0.03096640135755995	0.10077410551079291	-0.09873908352522696	0.06443561954939561
-0.13213142075651127	0.01799911265273002	-0.003615741010439299	0.03863156489662185	0.11707372845633687	-0.06300647832517269	0.021822071563611045	-0.0010903310176377246	0.051670029600020984	0.06249718439096549	0.019061296256553784	0.06415798091538599	0.07740858154972383	-0.04161018952565015	-0.13933810209143152	-0.011909249687456484	0.12990673176773004	0.06832037072467448	0.0035248375543348864	-0.0764518387467202	-0.03828668477821995	0.012195291954033315	0.08870772896492485	0.04081144538276868	-0.03997798784720241	-0.050985231477251564	0.10763976064075392	-0.06928803015502208	-0.032374191884948174	0.03653274046871887	0.04953788120446535	0.04568994869282279	-0.0679882252001234	-0.00865490422076084	-0.14923256422945547
-0.1266977625402602	0.02519011240816176	-0.012350330329467168	-0.04119548132528979	-0.10488382028850071	0.016454347070110537	-0.02076221042842538	0.02556784259529521	0.03735701281306164	0.013869428768014376	0.06052249652719505	0.0807499516682494	-0.03685712251733936	-0.04388911341139752	-0.24262750753056447	-0.07910344677456788	0.023811523221189262	-0.06893984389608016	-0.02334689795683307	-0.011249359606181022	-0.06032348626990391	-0.0359633092496635	0.08361748926416263	-0.029562204570744016	-0.00437723568510438	-0.03688247180838551	-0.05218397021237012	0.09176769658664292	-0.02756024245161383	-0.09230406548131652	-0.03612075148550431	0.11862657601229926	-0.06113597991286371	-0.08428057757462766	-0.014475728084416876
-0.13024847801496794	0.022059817127645463	-0.013937823282690814	0.07968673507091684	0.06699079992529003	-0.061889734956229486	-0.011780394852156637	-0.03916697802417729	-0.08431989554149766	0.0033402057627821835	0.0773998768647697	-0.002510998082976529	0.01526449053916247	-0.013126741220509643	-0.18775635476526015	-0.06679114439371944	0.10734096399137744	0.04134832827191337	-0.04386698220873626	-0.06204391084167327	0.05730270401352547	0.008370057268168092	-0.024694464533031996	-0.06222404879286203	0.04441221597630511	-0.07511520153225554	-0.16935017897040056	-0.02615326051517236	0.08865537410635865	0.01207726697623708	0.1119609214895819	0.04236335966905108	-0.003685249467835605	-0.19515752814146065	0.008114962663756914
-0.12602607192227208	0.0057973409730881454	-0.0002929380816751343	-0.020303442797789527	-0.0634653373556436	0.07113976083716098	-0.023621816041217825	0.06413261033451242	0.021210068849664643	0.06740677971987269	-0.03894030361776729	-0.03831818574473038	0.09119681770623889	-0.10425078556707784	-0.1799563895197575	-0.001857223263414004	0.19429245909020887	-0.025640272017579634	0.036683686250690115	-0.03443525110218312	-0.0693452058499433	0.07152032475063286	0.020531794353526006	0.0611356633834296	-0.03519678554467963	0.0422135066079487	0.016590095198842143	-0.05211145806206224	0.0697152905661591	0.058647889800275535	-0.0030847172252527998	0.10854144319600062	-0.17881575396281016	-0.014399530807551828	0.027238071304397107
-0.13425341732333904	0.006750494280156495	0.001503413430905867	-0.07624046306772136	0.06144353885517661	0.01867503398303419	-0.07758108570836114	-0.027525909523403266	-0.09996443031116381	0.037409062376850516	0.04715962215908409	0.01408076099777722	-0.013451633532062357	-0.11105793803710884	-0.18165020781910804	-0.0071773522835152925	0.13971076481206568	0.028113119000814174	0.09975626434493427	0.004101498231242562	-0.09955854943334265	0.031001475803905897	-0.08298054558530814	0.02205598704693451	0.021874908194632378	0.09432266714367321	-0.05030480840024519	0.0660884878916162	-0.002561261085501476	0.030690995931548053	-0.22229301864068227	0.03532464206695968	-0.13180413360602983	-0.02109802298491283	0.02456395010609437
-0.12910519564303108	0.00480155176875071	0.031157601351483984	0.06334038240692	-0.04251570366199043	0.0031155377111152793	0.09240086846516372	-0.024134349302355283	0.05790512787677283	0.11652637740749619	0.05694424771180315	-0.043444297894485284	0.07920895226222976	-0.04930092706495523	-0.10262175753545662	-0.01834527344806	-0.015175106964876737	0.1564317781254545	0.1672567146607839	0.062102675818457825	0.03894158365162767	-0.03370870309586711	-0.12719306397377916	0.031594531416079416	-0.0030803720617480906	-0.09171003196922352	-0.05317877146888862	-0.11080265947662624	0.011448735366373398	0.05803116044734466	-0.07917354203653104	0.14602325520241052	0.030136526617688758	-0.11283191900639068	-0.07675579591506727
-0.13184838740870167	0.0013026280441070376	0.029247915814963027	-0.07251455498045031	-0.008904734081826994	-0.07119906453825975	-0.10304815257926304	-0.0019026506145782413	0.01577253073488627	0.044555049164263116	0.039779053711920115	0.001419237851241817	0.0628176550849098	-0.06615221376196485	-0.0694811928562422	0.21259866765715071	0.10340678830755448	-0.03204930665762326	0.07799208078430371	0.11268717640424765	-0.020853046511403572	-0.12246147176209063	-0.06932272817122712	0.042264226924471515	-0.07948699343189754	0.0865279816005649	0.034043708443859885	-0.1083038197351108	-0.06252598182113589	0.011044651321199812	-0.16669469005131854	0.014661605586898592	0.04673284099239816	-0.13842408345382656	0.023920756999224982
-0.1277649217457605	0.00555821700070646	0.03156345539289982	0.11677801848241892	0.004998231632913066	0.05856947787218508	0.04205519360856679	0.03291201529732437	-0.06741808851724213	0.10650218944216075	-0.02712293685718667	-0.06230623560270976	0.13545860694460193	-0.14046453344039828	0.038362489831433866	0.022009130649648177	0.11728640455661654	-0.014023633827413506	0.04098690801374621	0.08749003430011795	0.10616257064996941	0.11246850785929871	-0.07388597873529301	0.1849726750113544	0.09344221910984575	-0.04028864137696976	-0.008082456092957185	-0.06582746168151861	0.03732601787018183	0.09013807508060487	0.07007784656478447	0.08947749837733791	0.1631412097069602	-0.03882108259652305	-0.033805250503613535
-0.1267480737630758	-0.002005336939138216	0.035234878379954614	-0.0398704196989271	0.021686272453755696	0.0007489139759595739	-0.09129256841562215	0.07688784577772009	0.032881404327950295	0.09894358335063791	-0.0570799151762028	-0.11753057476225065	0.14193681766186167	-0.09321388515196	0.02774809868792069	0.06013923595011217	0.04007153843629073	0.049944935092864726	0.13736297920291976	0.0770046528200943	0.06236181524444212	-0.01690771984235845	-0.024512831013984326	0.08289174755583853	-0.04562799327059038	-0.03604730852344451	0.03520870435874873	0.0353480182119644	0.0006682813492677048	0.062434019223403026	-0.0454345113604376	0.14211932924134346	0.11180797263217092	0.042952535918970455	-0.1734307702941883
-0.1331881267891399	0.007968397131791623	-0.0010896237412640123	-0.06680413330110714	0.04153684578939896	0.026622782163819345	-0.022750172233147008	-0.088468909148038	-0.1897733362184494	0.032575171463941115	0.09144261870555687	0.043233045497948	0.1357012937221315	-0.09200384571367975	-0.05457106015789359	0.14352957948714598	-0.03883859460196257	0.037941168317377164	0.018260554134095858	0.22715919151967456	-0.08097660087650713	0.060809430539404706	0.0798096669098804	-0.09913563624559918	-0.12939422732165276	0.23959399747207308	0.05070248111574133	0.07937809863382267	0.08267263051399906	-0.23083870504409604	-0.2974547396053787	-0.18825065227215143	-0.032963270310811255	-0.027332673222482208	-0.0701599092143243
-0.11123545987034937	-0.007498903228591999	0.012596251290759537	-0.06527275660668988	0.07761967347524945	-0.06148441297773425	0.07592567742745562	-0.07811447187531989	-0.0015059444977710682	0.16378738461009676	-0.04421400012296868	-0.014914063387901993	0.17870765746668776	-0.048394922119480155	0.09088615605278275	-0.07102880102667594	-0.050220221948917065	0.05068505860748411	0.1292753204179064	0.042483625077463505	0.13459010656901815	0.18735211281787284	0.11381684596785953	0.025696578484934528	0.15898877675611928	-0.13641984196484752	-0.0535596617492822	-0.0857786974604369	0.2869916254658043	-0.03596302055355741	0.09025161577179129	-0.15827678680982452	0.0892725559221624	-0.21107552104411403	0.027317933160430734
-0.09379795975685931	-0.03140623327629401	0.0344583373581208	0.02501674209955269	-0.0060032218641518625	-0.028972576967202204	0.09222495537510893	0.020098719739234463	0.07941034480165482	0.1979083213832892	-0.009874347998901623	0.14700357458559693	0.11510713817393273	-0.05704370593713615	0.15006647505735798	-0.06067428608957537	0.06829512621105446	0.02883424113238299	0.04114087921748785	0.02842701113765056	0.14136317705551454	0.06855521833536041	-0.0568786032512462	0.05002221028050555	-0.0042355559952677105	-0.13166411731722313	-0.0679322873630347	-0.04902565868227829	-0.03205678033093186	-0.06294655054453704	0.04771798760847519	0.010583805754633226	-0.11926200918048455	0.005455182668425136	-0.15907498085355617
-0.09361023441836061	-0.04949430203589424	0.03111238913792062	0.09000822390545062	-0.03887532582637461	-0.06569306108930538	-0.04528056476167293	0.15613006283907507	0.04735619982616868	0.09148480554436296	0.07949372682646727	0.11908381553662836	0.14583156227939922	-0.1325737973067268	0.08365939159454935	0.021216530320353366	-0.0925335204226092	-0.051674085074709164	-0.12454099457162085	0.1349854926587083	0.11951909082001272	-0.0888521741131705	0.006332127315419388	-0.00394223173257845	-0.07550804584252657	-0.15894318247376862	-0.02914062359229458	0.09148203509729444	0.03703298316841456	-0.05407732836291302	0.008723053453620093	0.04627956223861797	-0.03802510676069781	-0.004938245687983692	-0.006895161531296129
-0.08876558216858198	-0.06759908765746339	0.032162933885319905	0.07236005537681718	-0.014088253292371346	-0.11152317590875653	-0.1431574542124489	-0.0897019223661798	0.034354609143487036	0.042990774074516236	-0.0741292305272944	-0.019702562790084536	0.12382166706040787	-0.06415052949769073	0.02299030897787213	-0.010409822174098526	-0.02547058079181541	-0.08800297586997514	0.01322953050161585	0.06148023479676781	0.004383428856356647	-0.041455591873723406	-0.08764154096599566	0.0029072450610461154	0.056576449144673885	-0.10122605083594631	-0.0768073053946439	0.1874781868845518	0.06042425395575672	0.009057273187552194	-0.014564628606694184	-0.08730944031949467	0.03831669854140523	0.16555113095980245	0.11624688695337221
-0.08934213627863727	-0.0657235728823055	0.04506271583350612	0.10717183013288116	-0.14169953798193807	-0.03856539740858799	-0.03667343583760706	-0.025926500414281656	-0.011860655354030065	-0.0018189237832084704	0.06058923736228678	0.04253557572227872	0.15943309605446745	-0.039188755054033034	0.04339978322312758	0.01698975188926541	-0.03453669919308283	0.08767789191256861	-0.06891870999267932	0.008603187521485534	0.03383531416605187	0.0014035823583634505	-0.2272902514869186	-0.06841910105361496	0.026815830617061956	-0.09299453838853114	-0.019842417173071614	0.1545059786844871	-0.021721753697243364	-0.055899733467271756	-0.0479662912910371	-0.020017667603819036	0.038753045761635685	0.1423634691249687	0.14447963019345844
-0.08362479243448014	-0.07553514949782013	0.0335304388303734	0.07848482426725945	0.02022003161250818	-0.08565268631220872	-0.14452582189252264	0.0019242212634790425	0.0064219002832961196	0.015384322410873388	-0.02537916160460128	-0.12380594015258921	0.16573209867777433	0.04928859228084174	0.030880908126931117	0.05669644893442944	-0.020132656217240086	-0.026499997472049452	-0.00811884415399311	0.05343766491779489	-0.041702729456481125	-0.15492319788730158	-0.08620091642425633	-0.0584944883700233	-0.08092643820062467	-0.09168085591277357	-0.03674931394352465	0.06867055903001429	-0.015464738938714584	-0.10212341837810072	0.02972660674479137	-0.08435134815960732	-0.07097011169368832	0.04911022289138744	0.08518941355866667
-0.08427554376011459	-0.06697305427968747	0.052830581877594804	-0.012054870701142324	-0.057567703416856485	0.06866088388144301	-0.0057509669305487714	-0.11834787924354769	-0.021399046192388305	0.11837298050905073	-0.03273547615378102	-0.06804711266525588	0.04306977151832955	0.13814765629312148	0.03090936023881495	0.018039982077925447	0.035305979487186584	-0.12333030384332233	0.011998609499403817	0.09122473180998236	-0.036854205478351554	-0.08932058080958383	-0.11964333329961362	0.048418385299458994	0.05033225853343423	-0.06815962349028998	0.05050181040445484	-0.04650130985757739	-0.15241507948112315	-0.09276913385169278	0.08958019727988953	-0.0808546593560004	-0.08137123950321018	0.026969379496466033	0.0926401091766603
-0.07613235655864091	-0.07498650064854458	0.05817666198216794	-0.03173170422830636	0.07223351573342857	0.033881106602572424	-0.04117845998017161	0.14796401438151477	-0.008195865408237834	0.06837017976465791	0.06947830592830288	-0.033929848445110426	0.043606682665971716	0.11721142924080243	-0.004728450401104619	0.01256351022644898	-0.09244983212388208	0.03774430416479613	-0.05079469593453488	0.08937411513812193	-0.0029391994172661695	-0.029665747380844633	-0.09603495954214603	0.0729905936580962	-0.0016740164239672645	-0.02204540635565269	-0.026286259368958544	0.03232458034206693	-0.08284535982512473	0.0020079759584778756	0.05821799200377151	0.025938320137369693	0.02735837351887295	0.05184602246445905	0.07235546055837773
-0.07300030278503888	-0.0793726016840289	0.04734131769185913	-0.0611344722888314	0.03678650952270247	-0.03670557508249795	-0.00019954290671369085	-0.1302945970775909	0.039866777828404656	0.09811016906946833	0.0035349261352298255	0.000918222953025321	-0.00017961108961325623	0.10815443049487233	0.004925304061402633	0.04549504450004129	-0.057348676800473404	-0.03166069251083031	0.0816063492823853	0.07710184603344278	0.007044706747076912	-0.08018476507137515	0.006128840477313697	-0.013618190827979604	0.013085037585666977	0.03675975691982726	0.13190876562043974	-0.002958571750380279	-0.0758909867424567	0.06321350119090947	0.1456077814565485	-0.20965576636377	-0.04844636174017117	-0.03984251976212557	0.05847780204617777
-0.07362350877768607	-0.08504474573639241	0.06136829425232354	-0.06608343586995405	-0.03766319422458261	0.09087569553454422	0.034119427329299665	0.04739930157489212	-0.007157411742207211	0.08869809125338173	0.12280461466722876	0.07621373469408677	-0.03251005369313259	0.11792856092882692	0.021798305593012098	0.07385706421550642	0.06745954862773379	-0.16266605421887675	-0.0835869139613454	0.017799889070604993	0.0267511475037462	0.051070481143660744	-0.013667811243431801	0.021811637432531086	0.06475596682101269	-0.016427508763962137	0.11670082438542395	0.003974636406151026	-0.03504545928712919	-0.030008336333700123	0.028678500834569985	-0.08550029572695404	-0.04726011843761348	-0.008924343013159641	-0.015599409120223062
-0.06615411344948806	-0.10454555924080218	0.04450208065799169	0.021237281392783882	0.18226761497777313	0.033510183147800486	-0.014523170813839184	0.031234422622763987	0.00912465612988075	0.0967952067479583	0.032563932676333195	-0.05927126361675518	-0.06551192392990667	0.13451244367889406	-0.00583896240977113	-0.0014983891713223473	-0.09188348186576024	-0.18118681624241767	-0.03250203480163095	0.009148788742734854	-0.0007317468242909863	0.06279398785330897	0.03979811079273384	-0.008474857266257189	0.016637677336933283	-0.08843866279080691	0.102956912369495	0.06886067443874608	0.015010454059329915	-0.0048818091881348905	-0.022518295221890722	0.04032221708469306	-0.06742870716021632	-0.0031257816506332116	-0.04090945798087447
-0.06546184155969892	-0.10224097524871716	0.05652191371984327	-0.059376723755432896	-0.022691700241122142	0.1299610564827166	0.07839615396659573	-0.05306609148745522	0.03034117932315517	0.12894386763454385	0.04369766039249248	0.0016367402399751147	-0.07800303595166903	0.12156343400582718	-0.03312427957135908	0.013079966146178427	-0.12765513349980628	-0.1417108546246116	-0.0035845032578598057	0.02457895231811683	-0.034161210051345314	0.003034347158927267	-0.0207422090611873	-0.009839986680227737	0.05072293642303118	-0.03310174697399641	0.030225110423913605	-0.02013934120579802	-0.008608101394569235	0.04324985756757119	-0.06218788149446004	-0.030468352232747752	-0.06846542296794711	-0.01684849077965858	-0.006892663978214194
-0.06619067085595491	-0.10794525162306297	0.054975360120835495	0.03277995894865869	0.15085627410745758	-0.005071568056132741	-0.022950527848456456	0.08220271395522406	0.006727246333953987	0.05603268766354091	0.13581452646218206	0.043853847873441626	-0.039525241153520865	0.08224691549589526	0.011324537864833471	-0.04397137474196778	-0.19404982272728966	-0.07427657277543842	-0.01550177047850393	0.04917057636369019	-0.04534952448837247	0.09756541134248181	0.006329100621777314	0.09066375279369002	0.023113630807583052	-0.04646667508795521	0.019848417543223612	0.009092013203333138	0.050742122553897366	0.06305163873264158	-0.005145162960846125	-0.06711098391099884	-0.02652561511060704	0.07437171301793982	0.009246029187132902
-0.053019599383998355	-0.13068337515912443	0.04139628662787942	-0.05895266141425679	-0.006072948531141742	-0.03317874256349987	0.044302631356540806	-0.193288148355073	0.04678604127108809	0.03792772910191134	0.05661885618211003	0.034112799571867115	-0.040744481316733645	0.06821787375273893	0.04977756474737091	-0.0720017144096817	-0.1259359949593702	-0.0431711772056772	0.03098000492186144	0.052618034118662005	-0.07957198656245901	0.06700917531551187	0.08119025998308235	0.046178011644532564	0.06056300572320876	-0.004549241449128197	-0.03120594962874353	0.001161679342373382	-0.023392959069545794	-0.01918090951947188	-0.06671697881750292	-0.09662418247103449	-0.08868746877011438	-0.06123084994121416	-0.07146040010803728
-0.0315611402106502	-0.1563519340615294	0.014704665023821582	0.013522853052971262	0.03038916504470747	-0.0565665916000081	-0.03344049683026811	0.08203405299733287	0.16885067848949067	-0.023331575459621726	0.0668365787462964	0.05944177905581295	-0.02231605914576657	-0.006951305001242256	0.04070850709444756	0.035704799285529144	-0.0020691170725970513	0.01676310172502841	-0.07680670454672711	0.0036296263189725536	-0.133689926303098	-0.14274274461896824	-0.0067355032921200195	0.02177939741753565	-0.048308719289089204	0.032061980388246536	-0.09952682383678406	-0.04436130678012435	0.04040617114961164	-0.02947063961519141	0.06174532372626722	-0.010785169593559345	-0.022966050871696227	-0.1571347331883961	-0.03263276968806377
-0.03886170821594318	-0.15011183677443782	0.028257069692287518	0.06440516532032715	-0.0729209812407122	0.07511267619047914	0.013596719711641324	-0.09507413583073188	0.04497299839972314	-0.002813960628659052	-0.004164822313783082	0.0005932806209793559	-0.05901286747026954	-0.03564598224499551	0.027068532517808653	0.054063090417370736	0.06594696790359454	-0.08113619197063865	0.01032571375427329	-0.017763239771388557	-0.15742256389285328	-0.08014717257804746	-0.027691400208871148	0.075011280977745	0.032625884600978344	0.011160502337026881	-0.028128442721982422	0.025178789661082036	0.00573473652191967	0.08062564221319996	0.02097532190069087	0.019093713561193854	0.018478826847068995	-0.051615381384891454	0.020562797446808063
-0.044244897048365185	-0.15073510079278776	0.03736074866192756	-0.031372395927855456	0.04907242643169494	0.024745936632503445	-0.12528284072997833	-0.010518458701249232	-0.012224672349934811	-0.024266195270759062	0.053820143189561166	-0.011367967377418343	-0.03787883789747984	0.013017080883167654	0.03422813387546112	0.05802743979739967	0.10462095044750444	-0.004628038180253771	-0.019211343058594912	-0.05450245826938131	-0.11045655925821758	0.000865334695831714	-0.12441602826598357	0.0331517813875912	0.09936644692819147	0.07597761133582395	-0.02054091168728711	0.03403088830611989	0.05696985527528166	0.005733428737321268	-0.03413003723235496	0.07652271742528859	0.09090403664006583	0.004794474832324532	-0.012584156541989945
-0.04255084782362773	-0.14368068454282787	0.042485930555584174	0.08925997623501133	0.008134780619403217	0.127883104598774	0.04682582816146218	0.013311465465069134	-0.0304712181541659	-0.0019458641842975692	0.06882006377803128	-0.049703876410680886	-0.0262783803947891	0.003435569405902632	0.04338044036928489	0.014730702422155404	-0.04753679395569607	0.047844431675253186	-0.009540483217698736	-0.028148209663528552	-0.11884652538443088	0.025479015672585495	-0.03787777298777061	0.03502170682063553	-0.010611023005412806	0.11025763251045864	-0.036968724290595605	-0.04452896805758856	0.029692871555963916	-0.010244791780429842	0.05318449813829626	0.07916714464376588	0.11899165328413724	0.07739661180524124	0.01127671390207871
-0.037468169729253445	-0.14630081083168636	0.021524292349631113	-0.026572595162040462	0.032687488503128165	0.02353404875813323	-0.12516803133379462	-0.03324637486063169	0.0814635548519796	0.01093711871992014	-0.0046864102721616676	-0.020776621388252845	-0.12749374463813176	-0.06834953556018876	0.02275053322658505	0.002671553957037607	-0.10495241458532842	0.021464446714069767	0.07256995832176619	-0.04330676814735101	-0.0796118893320472	0.037399968900064015	0.023558594313372316	0.043033760439106464	-0.040530913003707814	0.09599421824409335	-0.004486617166466878	-0.0042603331240639725	0.03788279535344387	0.05716008478040374	0.014335152449984775	0.04541738848914573	0.06960022067613454	0.006035297870376219	-0.032212894861300655
-0.04286393455228573	-0.14286431263573526	0.0446836803410149	0.06108303334099059	-0.08857004197082123	0.06247924860876193	0.0014646610939138755	-0.052246782796551414	-0.00637273725905956	-0.02662091492861957	0.11839333230104292	0.04042279024841333	-0.07337020011059378	-0.04361191743138541	0.052631670501594896	-0.028649743481085677	-0.017257618398374103	0.054412801657223106	0.01620506817319719	-0.058761967161232005	-0.06368231154509876	0.08959376326045716	-0.06432718440716625	-0.03974557395438895	-0.023413672571830618	0.020077214569912096	-0.012355613294422974	0.0276473610425286	-0.016475860477773913	-0.001991555413537879	-0.07111316409845553	-0.006899535535714017	0.01434145406135158	-0.058875269347030516	0.014256371203105054
-0.04831176349925499	-0.13855975928452777	0.033122103620845	0.08106011952655484	0.06799558544650794	-0.07244449078383768	-0.07538597443923002	0.009281444007569665	0.01169533025008846	-0.06454529090279681	0.11169568630951168	-0.0837571831168278	0.027752670333744227	0.02773587427545734	0.048103884454840845	-0.014014806364125438	-0.08081274069755962	0.10004883160793573	-0.04788863912946453	-0.07817218078718406	-0.04565861364370802	-0.025852451177164747	0.03177277783007598	-0.027124301475718746	-0.008165069041111188	-0.019860626168113765	0.033647199416465004	-0.06982700537241898	0.029418985065357187	0.034701862603691486	-0.024265114380950602	0.03271807134428394	0.002712328168431505	-0.026470284432694384	0.02769386182816793
-0.04415350991658789	-0.12425219947461633	0.04195181670703948	0.00589298427863507	-0.08240817894689928	0.008469547979840472	0.04158039337088342	-0.14501724425492465	0.022305384220914954	-0.01930927710758432	-0.036310922146292876	-0.0345990795809149	0.08173779705376542	-0.00955653514547992	0.07499856001345982	0.017240968750634255	-0.051476964131888674	-0.0021931594607726944	-0.14795701122219762	-0.1015018045283626	-0.016225628022957246	-0.05337669255649284	0.1290636190282212	0.06823090746208643	0.09900902576664136	0.09345577986081972	0.02390827658988057	-0.07892354447733502	-0.03204964950135196	0.12189992864638914	-0.041625961344630064	-0.0027805559373054074	0.06273651830118838	0.0030726922596545064	-0.06599736478765586
-0.030223549270048868	-0.1409324595355005	0.024859898152409913	0.0612176637491363	0.09029838765866885	-0.05403740828790217	-0.023963129978909436	-0.012060898244881225	0.09264842943426174	-0.041410874607443936	-0.0633181734422999	0.04038148633542835	0.06257832450448385	-0.021166220715147815	0.0820426247655353	0.008686028727028316	-0.07742136668200705	0.049791419512848774	-0.17156685888781636	-0.17285738095333725	-0.08867391166078603	0.004946021094896558	0.0782851152855599	0.015636850585531173	0.06775882337732926	0.0054609990638714925	0.0675713262817942	-0.06847909004047806	-0.016630525582639565	-0.005274142919596762	-0.012376010192237608	0.05944775044008746	0.0291536984296027	0.013109414752213827	-0.14842986031440597
-0.034951150133483114	-0.1296811839638352	0.034683123931578345	0.0026730051489873203	-0.11904204965903684	0.02053667991968896	-0.05698320043046011	0.0079697467828834	0.07604576660861061	-0.06780777545648196	-0.034287686175733606	0.031210432577832237	0.037831897637387944	-0.016203585381224538	0.013949711531756448	0.04652240202247508	-0.09501037802171737	0.04763515869494277	-0.07320558997909381	-0.11323743953017547	-0.06339184489103929	-0.08348044188167485	0.03313419966988591	-0.0764114568510883	0.08072952367974298	0.0268641209146296	-0.05159560167705361	0.07506396994569747	0.039941896296128036	-0.03499545661713234	0.0104390522508247	-0.01579619615735134	-0.03486432518871525	0.013096890912158134	-0.11469788354801973
-0.032502851615064124	-0.1327822764171916	0.0298695302340624	0.1279499341745204	0.02329983780051362	-0.013582148027784825	0.042809491684620546	-0.05593735386333601	-0.0015953574062615176	-0.05711186331948644	0.010022018072904133	-0.04934428772857982	0.03956527726408414	0.07839109464664007	0.050320210959816584	-0.06221188044386044	0.03225409580150528	0.05086399455299788	-0.03439609266065085	-0.081589741967475	-0.08895539029241882	-0.027671843453534142	0.04008416983397264	0.007300325563300441	0.09029482612684456	0.10295127313174632	-0.14168568355916972	0.12296108528998034	-0.05990501682494293	-0.06701972426565754	0.0874759711461407	0.011068705027990094	-0.026187716147877696	-0.052303345869038315	-0.061966875109069466
-0.0318421859804154	-0.12343220694992364	0.036461886987006496	-0.044194922853833384	-0.1115059169975057	-0.005446837188619271	-0.020436965215423774	-0.0007762113762113978	0.1093154729388276	-0.05192164406485891	0.038563046094855565	0.024382209209569586	0.030896589175633538	0.07528183153815615	0.05746354251039504	0.013964423312145922	0.04412301953285625	0.0847496690045855	-0.0038855268056084274	-0.028923582321111273	-0.07272145900430992	0.0010091567546164273	0.09580368864121278	-0.006907843666006526	0.00036436518641904357	0.018114882744594128	-0.0761086685366189	0.012771529414455671	-0.0032192877697446156	0.055255441383779906	0.11257944097197567	0.022497916817350617	-0.03899575727311884	0.0683982743529201	0.040251114583189605
-0.024516509950571797	-0.1330088709637635	0.03026440896814492	0.12203976751934775	0.03771442804534231	0.034049745738271575	0.04850721715914521	-0.0239260203263983	0.010801012957473505	-0.039037627152489304	-0.009762086861420688	0.039003350521699516	-0.01716752988877554	-0.014649006303214642	0.07334247002011403	0.06468344193357094	0.08459853248734527	-0.009150296319887008	-0.048494410295561854	0.0030944417912290023	-0.0932824680618193	0.029099917939220694	0.05687931089937279	0.0072665805216964845	-0.04351955854638198	0.10260522443826595	-0.08650822818865694	0.036072816896570575	-0.008035982461044894	0.035601637814722274	0.06990435033261547	0.039855708721121264	0.05056193198934836	0.022691750176888084	-0.0008961989387588595
-0.019712264628907027	-0.13210402744892327	0.02270968819764582	-0.05335084853835098	-0.05852136744309611	0.046607901689369825	-0.10563581336946198	-0.003701444544297648	0.07219172331674381	-0.044163123482042634	-0.006182200760981026	-0.045465073073900665	-0.06618359696379572	0.0016387614595328533	0.06804081989520266	-0.05644571512506906	0.06768827547688851	0.021487907839343873	0.050431974565820735	0.03695171258644225	-0.028998577873365575	0.034262153912548415	0.08654240639152043	-0.07523171987697759	-8.525184788221729e-05	-0.0309415145605983	0.03067560744338196	0.08913818276272127	0.03512033198855174	-0.020340836436852285	0.07028841171829153	-0.008950919830063443	0.06407434243895538	-0.03786367362523406	-0.03830040339207646
-0.017932353161263268	-0.1351176780222283	0.029345133100715917	0.06051170167294041	-0.01457209004885788	0.11357251734864111	0.055626454168234016	0.0009006065642614685	-0.026723769929728455	-0.028813688674617744	0.058991579191128046	0.012320832477692977	-0.07180573741846752	0.024777738341657213	0.09504603535575869	0.016129178328038122	0.14664820150743468	0.025405925325311187	-0.011411967419972604	-0.03617195579969164	-0.02215548838972689	0.11773469167040404	-0.0036603606220155516	-0.02230584127772444	-0.06971311160500851	0.010138801047306903	-0.03485030750890809	-0.017163939384106687	0.05120825279822902	0.05310819745349504	-0.007581614531525796	-0.08277040264714078	0.12581237995700187	-0.020697389966880267	0.06562587405071782
-0.0027728497872906896	-0.13761061686023845	-0.0009765448939282762	-0.03828435382034575	0.07885414893306855	0.05086411894979656	-0.10089526795125417	-0.014069383293768683	0.07242281502073455	-0.006752070711334738	-0.07832505092834724	0.009255279246867056	-0.15902413338222426	-0.03170239291412013	0.0852335110232268	0.04744760033897392	0.11162644257249797	-0.04443185626483645	0.0698561866528741	-0.04327837105441031	0.029233776848378943	0.17614433968212764	-0.02030200921868875	-0.03283198476650084	-0.14710396309586737	-0.01726987185483099	0.05580474588356665	0.021753498829493498	0.02353887766264638	0.077759057757205	-0.06007195914619677	0.035916576109605795	0.0903831172251129	-0.07854905961334122	0.019533350137881274
-0.01190504495710322	-0.12117224818328794	0.04002952595590306	0.049891882795106875	-0.04131843739615428	0.11101777302271737	-0.004830945633247134	-0.01059478584271944	-0.08050191191230487	-0.06172155023644565	0.05841222146498169	0.012850146378319865	-0.08976201940343465	-0.033926168619520865	0.1315775658843667	-0.011511204281835854	0.053779591491120465	0.014431687134254162	0.04962401613431601	-0.014363215321403656	0.04105504800899289	0.24726711942225324	-0.032173754499630475	-0.10592849671673432	-0.11595559869421972	-0.06596205023686866	0.11417510144306374	0.01435348941387124	-0.008066334676290123	0.016162672641766882	-0.023443819845690172	0.022678764972225707	-0.04613848724528843	-0.09376634042433207	-0.048509312612492556
0.001589531399535886	-0.1263797896781117	0.01626879203675606	-0.09387646251508673	-0.04008761254751236	0.035273321362661224	-0.019382076615934725	0.02036514843356135	0.12035348206652068	-0.06916693056716683	0.014666496725640781	-0.043945637085549556	-0.02360489235343868	0.0868732065522142	0.028509153862497826	-0.03956957897834272	0.03142665790858809	0.0953941745420907	0.06446832191706604	0.08854833628376023	0.026639365621850365	0.22456388492962337	0.03774709500464416	-0.17029025966869457	-0.017047358282996153	0.04839391346650212	0.0786438927252984	0.032112268322145116	0.03245782882784351	-0.0608681450926717	-0.04368115337968137	0.06529656998177706	-0.032449057543379	-0.034315258684265944	0.004798492671757658
-0.029023042824690978	-0.03503601262953842	0.0411898813335792	0.0467752651605426	-0.04932919624122889	-0.1222127366435518	0.2276363929818641	0.09681246271272259	0.02559509245592424	-0.045073257596633665	0.06174449100393929	-0.2692809807828332	-0.11031819582916508	-0.23649150575923603	0.02954127877441373	0.22647258173677884	-0.10721812453751323	-0.05901326946015913	0.17135621704918735	-0.002806832556065439	0.09881751974901073	-0.09413017323072773	-0.058003135432288716	-0.263490066784817	0.15292861444184644	0.011890756481703707	0.21385543569382703	-0.07171308878244068	0.017323583373896077	0.0674505632006963	0.05827919043536635	0.08060274978994103	0.03265911712048833	0.05265870455510654	-0.13529765712213515
-0.08283734501781435	0.030869729299674926	0.041154181871366526	-0.13829730706734822	-0.07777508389452792	-0.06896088034916226	0.04770453628910794	0.03891157974079156	-0.16651574182967577	0.029742446163034054	0.16047346309547658	-0.08253586853860295	-0.0949262116712751	0.015798371795315916	0.06755357878921668	0.15866270529180043	0.04683373971955951	0.05112353204167598	0.01982916443847267	-0.23458490839922463	0.08093900801819909	-0.0886318356094212	0.20887561201784713	0.13733754712154994	0.14183926672946334	0.021525060469149655	0.26778485453268647	0.1333541757567703	-0.09794467500409429	-0.13537079671954544	-0.17583087268203837	0.01385771959915253	0.10637408755203043	-0.0969148247790599	0.3031991708470889
-0.049326411019611154	-0.020673549228387936	0.027328629744446668	-0.11253019734022698	0.1031265687219203	-0.2204626100691347	0.13174458001350373	0.042022606356265806	0.11708269154603028	0.12901451160339694	-0.015822001257517457	-0.0018052157942306708	-0.024224178394445347	0.07565864956400715	0.01514389204228087	-0.12548681032391784	0.040045423974063285	0.018333683198533048	-0.10134313476196713	-0.17633396429046835	0.15971309585119126	0.026950949662444962	-0.004707842461229652	0.13777935309221273	0.031433772322516894	-0.008434515479312236	-0.13799664483399657	-0.04919668349160837	-0.0409143492964016	0.060515680613234396	-0.1377331893400247	-0.034817710577876526	-1.7621418237699464e-05	0.0890251983204721	0.1411595477215764
-0.033382056575815056	-0.0271074773857563	0.03129190498284183	0.025171469219940467	-0.11500049395192666	-0.11943474920473235	0.06452362684446468	0.13498299110551137	0.103151187731383	0.08274511416081261	0.027023437972394322	0.14114835877493062	-0.07265772280567785	-0.03262700092477225	-0.03458626022469374	0.02596660240135969	-0.009662067228317398	-0.03758174913564338	-0.07994935050757983	-0.006916300914749072	0.16772476875276207	-0.12376081962032949	0.01647776071132135	-0.06078499248936683	-0.0013349063872829699	0.05421732188726616	0.034152867458374446	0.0555744750966055	-0.0077086148656712455	0.004506987496883889	0.02501922591559346	0.036111134682322	-0.07583745378519303	0.0830626659524809	-0.008053004418125707
-0.039001796421458464	-0.014164876520935754	0.012667655537812282	0.07523129909416151	0.011972120900736738	-0.17686396357469808	-0.04953366895814375	0.0024762022596272644	0.0038542726462352465	0.062471760093300764	-0.07811127375230774	-0.07927558443323274	-0.043823910181568844	0.11515731892005318	-0.07340895503638928	0.08682404277177483	-0.027215967811440513	-0.043309481054344755	0.0576600840551741	-0.08292297653551009	0.12801859953118286	-0.0228725404077768	0.04420163312406206	-0.050640408421043906	-0.10016088380673907	-0.0184702097276341	0.03789602348100935	0.10765731818936121	0.043100908264182544	-0.025344790736045526	-0.06667795594670313	-0.05562223294945688	-0.0323078598193674	0.12473256386631118	0.10273595302077175
-0.04350518842175887	-0.009307464920365644	0.044765661828733476	0.02535989575773062	-0.09125740890949077	-0.09204710214441682	0.029342987345259686	-0.054658864119449375	-0.13552060814162964	0.03605045909027861	0.03181771772433757	0.08489839932100007	-0.05488897192031035	0.04317354162188965	0.004498196065627373	0.08567857497561832	-0.01068127127670994	0.05141906594057548	0.07196855795871725	-0.03451578475121137	0.11001384210277723	0.09403316098885062	-0.024079521867475938	0.008679039276327998	-0.05853114813133699	0.03342241502122968	-0.12067449073524328	-0.11239520566032166	-0.1870706204336595	0.024058523756611872	0.029098326846702695	0.007689313193330303	-0.029531475646922226	0.1818847711858339	0.07040851241610396
-0.03195548482704868	-0.025701215260811792	0.023223060797013063	0.011101924131816807	-0.08324664303079765	-0.12382822889711163	-0.1054348022371621	0.05922540345176404	0.05435841874328021	0.04590179463273178	-0.07060401928858973	0.013894568553727777	-0.046091141599585043	-0.08743378879662159	-0.05616320071618802	0.025052984509844497	-0.10300001855465397	-0.04182244111543916	-0.0454357330562742	0.08612123500649783	0.12621185382001934	-0.008935146322790499	0.0262675498898182	0.04884017352477424	-0.0507230765963049	0.2702101983792624	0.06222448538932136	-0.0734348515837848	-0.1278045814522056	0.06854805959712797	0.038652585398128006	0.059604055887587874	-0.03928569137978805	-0.012172405101281956	0.02765537822163907
-0.03530400739458329	-0.015996128041126177	0.03883601994054834	0.15396389369327332	-0.15554729036835624	-0.09809959938297196	-0.0017991579969794341	-0.009045054817362778	-0.09693321276715508	-0.012993134228445493	-0.00899060523788295	-0.08979620018569956	-0.04163755364841758	0.022325728571181574	-0.010040784957523736	-0.06598791362253438	-0.0032000909785325333	-0.07244043494054403	0.0515160452690596	-0.044572912847798164	0.20344655091536082	0.018421390021107847	-0.06841685108276317	0.011830567702968546	-0.033460400121713973	-0.014858806991421664	0.0041379441988481855	-0.010122042116498142	-0.09265501015166867	-0.01537323237161558	-0.0007556158531442092	-0.15754381001108234	0.12235772890540099	-0.06782910762131689	-0.0018785494720330483
-0.025398713018077623	-0.02167780173366602	0.03616698555320411	-0.04233746931796615	-0.0719354504503411	-0.08035054405657764	-0.10026613763682896	0.05531163509560439	0.0062892353055408745	0.015354558675640456	-0.09141135355803409	-0.14503363587872814	-0.04814729335960474	0.11253275503995928	-0.051608130598158816	0.008969180631117835	0.07190651660264696	-0.01988547130698912	0.01567880632890324	-0.038416335882730496	0.17013258956003655	-0.01889949678925603	0.014966876767603492	-0.030764332393435775	-0.10084513573638733	0.06592375558673505	-0.11803545024945873	-0.04043972414965437	-0.05932699582081885	-0.06424765741001275	-0.024065268007758187	0.02717607104502385	0.09021463636476504	0.0688124300238277	-0.08960361994671975
-0.03247003134590985	-0.013017791999180548	0.05231024102709535	0.07743101618065851	-0.027827950218997144	-0.01634003722148221	0.009996262186635579	-0.015432843046772537	-0.16782639333787444	0.014383259257332916	-0.07087754525504274	0.001298906016697198	-0.04896604996210583	-0.06061954149575139	-0.022379518971196433	0.0653222834237415	-0.0833107249690804	0.06722469491658722	-0.08019690362957042	0.08476973019076514	0.13840193609872115	0.032695032052531284	-0.05690131682293954	-0.060841730548984944	0.03999739637507789	0.1563578168568593	0.01102939766307161	-0.09760777148801067	-0.03923192999512136	0.07032638504104072	0.13592350257567798	-0.016755884074685184	-0.030099217189557936	0.05035848775608484	0.06381115836436918
-0.01896883601764343	-0.023611490267309455	0.04778282848389124	-0.07785268756203717	-0.11382124212503439	-0.004792016341083161	-0.001793248487576659	0.03794275846675548	0.03104829898369966	0.00983092815486024	-0.12824961046154684	-0.1299668158786961	0.04013728956885707	0.06364215776884814	-0.015440990777267677	-0.058792962875725156	-0.01882774542295468	0.10429828628946354	0.0310172310139521	-0.08218226873971701	0.1397166574376415	0.04620591293296133	0.013004559467912798	-0.01729567483114072	0.0010108600005444522	0.10464001292527045	0.0692977566548529	-0.038685235037725904	0.02083165023020793	0.017799379045227777	-0.028930626277245852	-0.126990248432111	-0.004876430464701206	-0.021123209403170307	-0.06829582856869629
-0.016041137798294147	-0.03731123707225266	0.06629467227421855	0.003681904065688835	-0.00868026974458144	-0.0072206802085938255	0.0970235224335948	-0.05132381952047596	-0.06770762346335242	0.030610571996985532	-0.06973793730177977	0.06798620376796058	-0.09069268667296099	0.041520566765625044	-0.025033884253924037	0.09491628086582644	0.07921734950178234	-0.046045068102794136	-0.023792696236391145	-0.015892683378460462	0.11789886966095298	-0.05696832265118976	-0.031961557130811696	-0.04835859502898038	-0.02957817872621297	0.08823138000198397	-0.09279312297169097	-0.061655850227346876	-0.1650448588103652	-0.06246132206404244	-0.03407945552169611	-0.03705545186273505	0.015307405401580182	0.06422283565809585	-0.0797896960678429
-0.014873730876364144	-0.043642725681995814	0.061722056598665066	0.010004894641455472	0.08482925864435246	-0.0024499853355074786	-0.09575425215565027	0.09131350875997934	-0.06660239430898682	-0.0008391420395196186	-0.07192122280504738	-0.01949772322901058	-0.13089386312157228	-0.022700585475199826	-0.04510491447723088	-0.03619213933670696	-0.05226641593681862	-0.11720982025201881	-0.045244871653708746	0.022092403230454645	0.13948831777134427	-0.026585684235595174	-0.01722791931570039	0.07031474990827513	-0.015104337791058233	0.037575571703476494	-0.029926673023918732	-0.03778174763592067	-0.008123857257118824	-0.043593199558338055	0.029541684389535673	-0.012873019296023382	-0.01127821207135578	-0.033137342516524754	-0.04127236120910902
-0.007451300251198682	-0.04094791987646504	0.06947034089256023	0.03262115631301673	-0.05035575546432379	0.093061954866008	0.04159788435619146	0.04503926887009763	-0.0015439679535227166	0.000884682361057214	-0.12716156301639053	-0.09381459518857979	-0.07561498051483456	0.047212692592631646	-0.06618756188644685	-0.14006087216379673	-0.09831886869064055	-0.0752776432184869	-0.018653698112961498	-0.022269642856447395	0.11912077411362942	-0.05863626705883889	0.002411047270034798	0.06248673473350359	-0.059642435667840214	-0.036984154045478244	-0.0032181605537866184	-0.007786050755110588	0.08731094587209451	-0.018715500915419743	-0.0421694366335185	0.01919855646123824	-0.0655307709024698	0.08603009722985583	-0.03371090990553162
-0.009555914716698836	-0.05996478254580884	0.08471046090107455	-0.10541553719016687	0.029110791060238523	-0.004692361952372461	-0.07131347427301571	-0.036632795503043054	-0.056833503627052945	-0.05652423344278834	-0.005671931809357938	0.0785901671010523	-0.11382562055415892	0.049342756638969545	-0.04617629522895305	-0.06829619829261015	-0.04584570849898401	0.043102084272481335	0.014945582371472584	0.05006588862061677	0.06086363424710606	-0.027975081207553258	-0.02498018693810576	-0.043418306122973205	-0.011369623976714198	-0.04089652822064635	-0.13613642061529596	-0.03051791289092365	0.03931659723246186	0.023638648076254126	-0.11399827580150307	0.09632564315528536	-0.04423733647515455	0.22967712730423281	0.01821786052400137
0.00561152905231851	-0.06969447591340165	0.07474872116512586	0.10334211567078658	-0.021606461937727854	0.0327121973365755	0.07854926844558952	0.02829914445850758	0.05563733920370813	-0.08563861861949557	0.00273690545842972	0.036412015884146685	-0.049867961240484884	0.004319733209654229	-0.033720850929594155	-0.08823779721317797	-0.07316907160012892	0.0754450397813691	-0.05045916031409557	0.09332681285657597	0.012720553715006404	-0.14643847645600142	0.08976942230943269	-0.06582961075606732	-0.12075502672592514	0.008309426946867052	-0.018788824472117025	-0.07324079976893177	0.0682729677675446	0.05556891582391565	-0.036662841818004346	0.0398911300710028	-0.049792834060148214	0.04771557061821231	0.07371462809282914
0.010335619193113118	-0.07173942921667123	0.05508458941320829	0.001532589678631896	0.04820848988626872	-0.00982111362834911	-0.0962126627906352	-0.07740647968264555	0.03347633831670568	-0.07270052342031001	-0.13019050174683172	0.022762086038055053	-0.0936272968393004	-0.04477478936107188	0.02026786803936793	0.008016559408212661	0.07702515311409151	-0.05355521529866783	-0.029495343369196948	-0.03262375970695213	0.03053894749882654	-0.07177193071367476	0.06449518907544893	-0.003495836671984944	-0.015204175420102793	-0.10125375023525404	0.05602901970601549	-0.11251766000787819	0.047436269384224	-0.02215046159026613	0.03305615624364816	-0.0561229518231359	-0.08913298190283492	-0.03203511180851355	0.09464865198041253
0.012218998472315909	-0.06453039456195189	0.0788586831966125	-0.03044563027657329	-0.037405762691861966	0.0823468389651072	-0.022334604069451494	0.07629195903517096	-0.05118238957416511	-0.13370866423483174	-0.06399382559550668	-0.015184727458952258	-0.040418300364273345	-0.05368538153448367	0.03519334057395927	-0.03427924261106016	0.12598284131214818	0.06923622101098245	-0.07589377052922006	-0.06933751674365923	0.040701575788343165	-0.025490205856180566	-0.03470700867687161	0.015766305966921447	0.023294621056901988	-0.06588648448559005	0.016713551318670576	0.030278623668939963	0.04094090376900429	-0.1757925059339972	0.03106200417913563	-0.003934880125627647	-0.12928034394696908	0.03261290538723662	0.0816270306429798
0.017652035726764628	-0.061508373791478034	0.06858587817397323	0.032430383548927015	0.07421713013580125	0.044521607177450705	0.09725280068065648	-0.048497707703450764	-0.019634944544498267	-0.09723535285511774	-0.12395579654595244	-0.08234489965744454	-0.05797229986256456	-0.06995466708456698	0.010532323423946261	-0.04019967292690246	0.048498251561966195	0.11024059093544447	0.036146519131865805	-0.014397167074685614	4.476126477326141e-05	-0.09408449137080224	0.0021888961608461203	-0.03131083964564614	-0.05360593022103631	-0.09135726096575658	-0.09692634085752135	-0.009408596819215867	-0.0009099255958043666	-0.08467738660656539	0.0028581839586123356	0.08181982374601543	-0.07734558055134845	-0.035568404429119516	0.04279871582772335
0.01807553317108399	-0.05267182210471435	0.07956067474857095	-0.13302968488636616	-0.016998328236646827	0.049097529081619275	-0.01186244763662976	0.0349183044039973	0.013622820315474569	-0.10016005715814573	-0.04906718622597845	0.0015559812052274573	-0.12766855793987597	-0.08948589753709488	-0.014625152581164874	-0.0010681411635674728	0.024026720222080078	0.1083115057869749	0.047801998796560066	0.023056280113126378	0.032729060491233225	-0.08786719739143296	0.0235796048437701	-0.012394755321934502	-0.02780713794340366	-0.09745390379382896	-0.0588785013699569	-0.1267440907453193	0.02165609013787162	-0.1015651833539318	0.09183219865590883	-0.043014907063234686	-0.008239991887272556	-0.005898594309146972	-0.004991786885659676
0.026560923428737403	-0.05741971461373874	0.07179136963210353	0.035869839170062166	0.018185279522885667	0.05080529525481257	0.1329105971299051	-0.01873639133966091	-0.03684161890285356	-0.12550544955461387	-0.015185588235136376	-0.04723917445103262	-0.1345384949471087	-0.14009543932916405	-0.02616240624417181	-0.008030063297884945	0.08218840983089644	0.05093460928153019	0.08187843265059327	-0.031602440973147815	0.016220194159923536	-0.023829979872838046	0.012674800679369293	0.03646485496732668	-0.008910320688539822	-0.013235934093900472	-0.06260336226981353	-0.07445969000813335	0.011836803594566422	-0.08457644929640187	0.030724626726876956	-0.04732667690626394	0.0423849044211055	0.03145568343005828	-0.007335854439856966
0.014108368364807755	-0.005827487928266403	0.0712529647149516	0.050138235645267	0.10942372782370997	0.04036343358604318	-0.04666032228296961	0.1761457797101861	-0.23091297519345133	-0.08610373656427538	0.07545137201842517	-0.05767078613587925	-0.04226830414657004	0.029798570750160177	0.0913124154393962	-0.05007085918797602	0.04024622335464671	0.18382990474204847	0.02646118012130235	-0.03678547187912859	-0.04239481381249132	-0.14768050496856716	0.09677617124377869	0.1077421313817857	-0.034466211659402834	-0.07536022230050132	0.1306577562400691	-0.04188010244293787	0.03145791422303153	0.13830569496772566	-0.02250153348777331	0.10929230502343262	-0.08276128147780591	-0.05853445216928453	0.09430780806413566
-0.019091766651617888	0.02276425214931345	0.06521362733831557	-0.2868087131027349	0.03983357630683678	-0.17454763447987603	0.15384355818263365	-0.00835940580148661	-0.12098658555241878	-0.05880513469409421	0.0005556999398917659	-0.3333992374415968	0.022664506400131762	-0.28476384829749984	0.10784225603669358	-0.1545328249595414	-0.06691067834310067	-0.08016253060637953	-0.10307752055239384	0.08359847926426572	-0.16281121479926594	0.04910746950912703	0.038052281042790626	0.09532273265259171	-0.3175261524417243	0.04621709876470398	-0.04748353394476786	0.14484314275779478	-0.05918267436395147	-0.043785700328519084	0.12457803077652026	-0.11420921804963956	0.04802375940096517	0.030277301030547883	-0.0212494167536304
0.0018131439545384092	0.022225784856903016	0.05935834032266048	-0.19910550077573833	-0.061701506455109086	-0.15315834394877328	0.26439405690979184	0.13904100957600526	0.04298196589535568	-0.022681610591252784	0.0030440241705344973	-0.05911445943609315	-0.03225330677326227	-0.11132005947099048	-0.006493838771031484	-0.1453871760342732	0.013760854117410523	-0.051215064742507366	-0.12886955113774312	-0.009480197842444991	-0.16305308933177698	-0.0023141333106196874	-0.1664213777064107	-0.00499018379687736	0.16397252746551877	0.06544752813370938	0.07442367799516217	0.12125176449358654	0.10158392328354628	0.10098903331813093	-0.06781294268049236	-0.06093291754814637	0.014392937670288895	0.02421497388673726	-0.05909347804364798
0.004729993523734751	0.05265173922273575	0.0359859918759189	-0.03810040608241498	0.07786410602774776	-0.2627009202902769	0.2163311077570309	0.06210775995208229	0.0011416980137636053	0.00523049189672494	-0.005524779486930994	0.04080793870859447	-0.09796879261475272	0.004357128437931545	-0.017352993423894045	-0.009136017353939643	0.05018849548290098	-0.029112734630918416	-0.02123501916687527	-0.10345880351721765	-0.17587036715528634	-0.07971310288002148	-0.10859161673304647	-0.06427963155513444	0.14438235622489443	-0.03922599003379011	0.08910416630357923	0.11559930053091572	0.11407352217207303	0.013209228091335165	-0.05239859107886763	0.0658038492447044	0.018133004179092083	0.03940482607179752	-0.048185304985645286
-0.0004293820249147155	0.07203860298599127	0.0441290545145446	0.00897068134389706	-0.0916420974973405	-0.15630614549160135	0.12233408333900611	0.08210322657435529	-0.08643339950928092	0.013284742950619082	-0.05450235773100626	0.152645229394819	-0.1176281191766916	-0.14257669622780697	0.056809912726912944	0.18887925339522535	-0.09013077618755319	-0.11946396176079649	0.11620905379129472	-0.036872774381156215	-0.17917871413591246	0.1204678091730455	-0.02235395591276352	-0.04255322757499258	0.021288662094164367	-0.16399199133809897	-0.18448635666264074	-0.05685319724263421	0.1705477366600892	-0.14313375087791202	0.04144458261297735	0.05677369929841378	0.040151223441617104	0.07458337429067066	0.11435655537592532
-0.012086690817640662	0.11763619831990578	0.003451112922784672	0.13711374738612078	-0.10033090336988248	-0.11978001777232239	-0.032284951807161254	0.1040746029704159	-0.039108059495080214	0.10250845554537384	-0.06203379453914383	0.09568937971473852	-0.064099353223869	-0.010194150569081805	0.21178943549940799	-0.08435461190990837	-0.12467814561859347	0.08671801547100405	0.22195985967807755	-0.020569753160767895	-0.1936399374476697	-0.025727848088171083	0.06197578516307467	0.10247682248827887	0.013401316407629732	-0.027987985068986407	0.09944356438488568	-0.15718052526096493	-0.13336446080278105	-0.2660207545830827	-0.041486760407523	0.14395719468354118	-0.09670373559865869	-0.04463389195953829	-0.07869289911203632
-0.005812874458644624	0.1097623317518414	-0.00594457871588186	0.07815184418550088	-0.2065926491891245	-0.1231102146264186	-0.057850116113514746	-0.016453526067639578	-0.046573860433079366	0.06954015444851928	-0.09466083164028724	0.11708750787708372	-0.023248363833292283	0.034174512452553166	0.10442267665184714	-0.036998638298055726	-0.0704677106172826	-0.10222037032708992	-0.05106861977658483	-0.06527789438869276	-0.20742955813211578	-0.018520281314113644	0.04069542775439927	-0.044640904499102865	-0.2543330055361165	-0.045998735109496994	-0.0368167488804316	-0.12444429971571765	0.026714438687335668	-0.02123175887796761	-0.06620378646929609	0.0867882862952046	0.1561341594959989	-0.17369055836587166	0.11718900136394564
0.0053887760439178456	0.09690257816462704	-0.007046116867793999	0.11602713450704456	-0.06052848254286393	-0.1484411707325505	-0.2016640639540346	0.0308006546496379	-0.058790768361145294	0.04034604344915689	-0.18387689157343262	0.009627323456919336	-0.05951855999612915	-0.008510820034189147	0.010944529783678807	-0.07234036621053817	-0.010418048921578988	-0.12927053049026718	0.012936818327991234	-0.05110036657900486	-0.15503066164332216	0.06623698048022747	0.00558319233207169	0.09514782371078749	0.07836772840503115	0.11073069161320376	-0.04548870918581773	-0.05940590922819276	0.0776270208180809	0.035963323218032944	-0.036439826890382616	0.020304637106403307	-0.014324085526239982	-0.010779073118805715	0.02435142164770996
-0.0019105404041292696	0.08412512230246759	0.019248440655190525	0.10035920079076213	-0.15831844725822533	-0.10972904940093048	-0.08668922204374392	-0.07279535780332681	-0.162631243044883	-0.006362296906615235	-0.06199215819331457	-0.05881175785914501	0.007861499720085686	0.10839126392324308	0.07215274269764664	-0.18262620119009554	0.004145691066793184	0.08053617257148968	-0.04889229367080969	-0.028367860173569216	-0.06272176935930919	0.10428151357852276	-0.15424657706578881	0.024875127150191495	0.044599079342362895	0.04151709311512722	0.11103103878893915	-0.10070806499698323	-0.07270566174556597	0.01226089948045693	0.09083509674563577	0.012169341884588824	-0.039319434472351526	-0.08049972393417662	-0.0343087401496114
0.012374456624081992	0.06339793460467352	0.03472809267578632	-0.04644367781761358	-0.12113385559153825	-0.06098202075244979	-0.04801572740199346	0.07670829222602968	0.016009296940353454	-0.005653318682458349	-0.08147851999558632	-0.08569685211103086	0.06515597776566502	0.2325773298437562	-0.023807089320061085	0.06914912333072469	0.07013836923141166	0.093828634076837	-0.09668330378933117	-0.03489102544026684	-0.04022711832739165	0.10619689287773934	-0.044302294954860606	-0.12816057605712772	-0.0881827772497264	-0.01082896109261497	-0.003165619276935719	-0.05798800477736765	0.08765638993689692	-0.05524800960577932	0.05756101298845316	0.03324436827483823	0.09676824991013895	-0.060661158360786914	-0.011004158161218545
0.011868818039313953	0.06725102214317119	0.03693557498094014	0.10567629409342272	0.020387142002300206	-0.002234973053508669	0.066877430698692	0.03176195525236325	-0.09116777476994753	0.048479476177364714	-0.1604362805814698	0.008264399454700897	0.012921638919119209	0.10101233514825819	-0.009882286977797973	0.2015555485040876	-0.04728574852635857	0.035245959744565604	-0.05600744615719391	0.026303341709828197	-0.08156351230880836	0.10132331454102635	0.036763318739025434	0.012719982819322746	-0.07036679888060238	0.11525807387210577	-0.07589443814676311	0.05651468795452237	0.05254299252815084	0.04830698374899712	0.019027672517695264	-0.00042746094427733444	0.12549518410444666	-0.021559446746169615	-0.03640207240079601
0.013562610309600608	0.06811945164337527	0.04334459639279049	-0.0966258114609402	-0.08446597095109935	0.02765963677949042	-0.0762421671567943	0.04663905915713075	-0.08124494751008783	0.015250361043426182	-0.18220460431023974	0.0047386113768493245	0.04792250544407822	0.009352609125828809	0.06249800853761461	0.06215298047342634	-0.06795252628149165	0.03202713641470027	-0.09148617319151625	-0.03210831851295838	-0.03348616247759792	0.07282423438622881	0.07411560371707211	0.009888495005706231	0.05244927032457938	0.030468503716689015	0.012602760072061042	0.07746459753457502	-0.04220234868929586	0.07210035165484302	-0.013552347852216998	0.040638588433328904	0.03633100001112803	-0.04868504779814106	-0.10162264723569417
0.02528487740106452	0.048875864364404824	0.03869155125438248	0.023800735242911684	0.07881826573337002	-0.0695401482956739	0.07994372739454392	-0.025902127656989567	-0.002685573117985107	0.04642505810824442	-0.155160030377939	0.028681510290519675	0.01966137510720043	0.1117597156716965	0.011353181416127966	-0.05558284548425686	0.018207932306546007	0.16123137844476887	-0.011420906983649415	0.02295056162046573	-0.0389302056845811	0.12797425159860615	-0.08895806796527798	-0.0792849725887616	0.052311253203771516	0.04488887364953629	0.0343001433727893	0.13249190962180296	-0.0671027298118062	0.019829531546542416	-0.03807135376071474	0.05868733436449941	0.0011189993443913998	-0.05345379850653668	-0.09233402670952101
0.018411859696917054	0.05740238625963328	0.0566367367954547	-0.06431264107786482	-0.11451850987048368	-0.06637035204374508	0.03818281491561587	0.05520484243571622	-0.015244815111149874	-0.027982905150179874	0.006281543600616829	0.08269785961611327	0.0022725433371062575	0.19393186712025665	-0.022250609594117197	0.061606310414556546	0.02924268477933977	0.1028065094021218	-0.0086366214358134	0.021909802914791873	-0.07797777536318856	0.021515952733145615	-0.027769242920583664	-0.04658358314848486	0.01871084710686162	-0.11113665194503977	0.07720172138635381	0.007044279716781114	0.009339292746073459	0.07401114020277814	-0.0119485134317764	-0.031027381052045916	-0.10311452527502654	-0.0005746301846535316	-0.06269714936748401
0.028540884851224413	0.03849081547136783	0.04677179865198616	0.04106343581627747	0.10229150124358397	-0.08549180866445058	0.08274996646604138	0.025680396999069335	0.012658298692557928	0.006937039353280003	-0.106008202774684	0.06732437023794352	-0.016664943251803645	0.1938299142687861	-0.05039222983738291	0.1157348139782733	0.07365649823686435	0.018038258765108624	-0.010212513012580911	0.03683088184911339	-0.08294330483239751	0.09326377672080019	0.046828591872231595	0.015957328869491014	-0.04573202640480245	-0.05824522752638214	0.02263714606013926	0.04346951204523691	0.006632771824352238	0.05059274669649623	-0.06251864798519605	-0.009290966687830339	-0.08706277345193404	0.012702674897736608	-0.026381809501051016
0.023798256507094814	0.04636764258968107	0.05769850997295322	-0.05975591088728229	-0.05430335408824309	-0.01943515625638533	-0.032404032433936455	0.1155600984464606	0.027338097633856362	-0.004425864029240773	-0.09627203288463368	0.06530021116431625	-0.07892580771154316	0.0986733448161115	-0.05600881051135055	0.1190794054641464	-0.030593839982516684	0.005059860524767786	0.05612681534325083	0.10391938555027021	-0.05014023088813674	0.019880201315041375	0.07575492530072564	0.033101893200739536	0.06915959652525384	-0.08689311214904356	-0.026311350027531863	0.09572244892108624	0.0006212725402795459	0.0011630820205883203	0.0329584487713365	-0.07464581501558283	-0.022010105719368254	0.02191892284982342	-0.07570610811596658
0.02064955351707967	0.04535186392790312	0.062003629781355464	0.10559146817677803	0.021490440507021435	0.01420781051979664	0.08832050760165458	0.029682808116999346	-0.05355473755013715	0.015034485924595355	-0.08772840292894754	0.01467858736730355	-0.07285275201874966	0.09180077439431496	-0.03214480896949493	-0.03163147085642785	-0.0006256268106338404	0.016041069439808174	0.0031641006927465506	0.11676849364933542	0.007686851028246365	-0.0038411781729941336	0.07982129237056762	0.0490253379399959	0.029968294878902065	0.04200183554573998	-0.05884237992284087	0.10413897096688945	-0.013523408474343322	-0.023916701656103635	-0.017809921701248	0.04560856260892194	0.10778521063225197	0.008027788114680905	0.017649532307636287
0.021207092776986573	0.04631697195514313	0.06655891569293587	-0.09132401561065856	-0.03848786756634284	-0.018174243378532	-0.08341592774658264	0.0272433390847739	-0.007570251994983658	-0.012269781316295999	-0.056304340964191325	0.023373466506269206	-0.06979458585232347	0.023867914296589007	-0.01531813485405241	-0.011749107410933263	-0.024809933371225935	0.08422837378367679	-0.03045291380004947	0.14195775202010863	0.00547343902232536	-0.084245942092266	0.06468191097630817	-0.035107740259273365	0.036214631715929035	0.001523015123219451	0.022521186516064644	0.0006651585532930181	0.00610713307760611	0.08553349542184319	0.05822167299489516	0.02031271090051954	0.07774859835214917	-0.025413105483445057	-0.007701958582071574
0.021065197103960896	0.045815684822165664	0.07061211022280797	0.07678096935402703	-0.02421451142098615	0.02327740283447484	0.09040149109842602	0.07950007418197953	-0.025652197315227596	-0.018188936470376012	-0.029132743529675192	-0.014874507567320321	-0.021818337789192257	0.09851009162591667	-0.04358530078734068	-0.009794407001342813	-0.008424250054108242	0.05726920489776009	0.017282852158204288	0.07941968306757742	0.016137844418189672	0.04484468133652363	0.03091691327836252	0.04067613658306028	-0.07280808187077575	-0.022238560646659945	0.046392820176185165	0.05177518123880523	0.09318425467720211	0.04092161625611203	-0.05054239472017483	-0.12812282396047603	0.016152873236541	0.018430506326257794	-0.0040964108767247345
0.015089632331223415	0.05102429541772445	0.07702187095775236	-0.14367775709237623	-0.040639617300844255	-0.06667509806212116	-0.03954063655334065	-0.02510582131883985	-0.011771824676458646	-0.028195062437616675	0.03483011085273306	0.003901067743174499	-0.04193259708160386	0.14089789612740258	0.026156683525088115	0.032903700446507825	0.0007578292048726132	0.08380134763479458	0.11898184679390056	0.044013900445775356	0.050055914582529684	-0.04499904961082149	0.09376345878017499	0.033780979396062616	-0.031100163233335094	-0.10819412389044089	-0.08614689985740966	-0.003035867173127496	0.02610599809790264	0.048003312639485124	-0.08630790581116453	0.026970207417762175	-0.022130072533710105	0.011654466443291513	-0.20956431840870085
0.029309143119380678	0.03700366161509524	0.07177652618012846	0.017226649473130594	-0.0015588986750804383	-0.0033613710337319115	0.12910291337546292	0.10928996972862737	0.06236330690283686	-0.025523726387412824	0.010231123091831043	0.021722385844818018	0.01603977911612949	0.10526167579883021	-0.04798883437693742	0.05184819180806534	0.035605632279103704	0.08027698759539995	-0.11359600036207157	0.10955503305053821	0.048961074934603596	-0.05771663372252813	0.055599869214212255	-0.014064998954379395	-0.10908540115391364	0.07817205560538154	-0.05151653676317178	-0.023054015098381425	0.12271721728752119	0.04708541545697926	-0.014969603036182125	-0.004123523984774171	-0.05732716832051355	-0.02270049171502002	0.08862466632381302
0.03174813747178795	0.034798994744908794	0.05281349367313964	0.023610959743718817	0.017227022703907774	0.028869643186392756	0.036652793045784594	-0.05212535495911523	-0.002455634214982184	0.03234350665895199	-0.1432084504621136	0.06080969527938861	-0.10615754547806384	-0.07845966788277624	-0.03008757336402938	0.1161464544695248	0.06921541913659693	-0.08990845834556127	-0.06181294778683645	0.039804962123176274	0.059723038388821315	-0.07210310420416882	0.07857881437543877	0.025361781563450394	0.02776627270899658	0.0025477913240200163	-0.05711255719611446	0.03925673124597537	0.015212987191067895	0.1424997672654404	0.0042863632297781545	-0.027516896422755968	-0.09514715665127005	-0.17494142512573463	0.10150402750213193
0.031334253523391524	0.029288542329999213	0.05710092830957114	-0.019056788724673965	0.07332531833517743	0.0029780859360493714	-0.10731380204839717	0.029963657905562838	-0.08936201728505544	-0.0214642184391826	-0.08419736250487887	-0.006092998795157537	-0.11204763739518382	-0.04122993885203377	-0.009470507784616937	-0.0408511755795414	0.12358808999810032	-0.011549535818237963	-0.010266184767873193	-0.0040127368447712905	0.062014242364390675	-0.032319040848412965	-0.12084154907046771	0.018864121441356987	0.12308493856334604	0.00048095290087931536	-0.05206621554795039	0.01456913892554914	0.0027737055367643886	-0.021551842845547356	-0.06278241043524165	-0.0925013009958266	-0.0027609895517534053	-0.15432818058337908	-0.008174536034203133
0.03786842909572207	0.03197916786872437	0.057635110695620335	-0.00953735815477016	-0.015234691731355226	0.11199865946816462	0.014834342861098592	0.0829266534278315	0.02580448324667387	0.014114387240351535	-0.0902650692605548	-0.08243491892348702	-0.0539076648910986	0.01897516471096738	-0.04059964315604686	-0.11010229463300573	0.04862013910637065	0.04392321408024146	0.022353327675226013	0.05648276039709038	0.01358170666509519	-0.031793363700460764	-0.07250599466763537	-0.034961115216256014	-0.014469939269250519	0.01107427190662208	0.01874776097935698	-0.005695275382249804	0.08143132871061354	-0.050063992330553586	-0.012094068775084774	-0.010417068915214434	-0.052697384529557245	0.0010706325501817077	0.05584659890989504
0.022438557539447193	0.05180432927617374	0.06896468452055464	-0.0002627998459179501	0.07693941557838145	0.01568506031798431	-0.010139206546128023	-0.0595314905711123	-0.14840988442154202	0.018040509920461766	-0.005049172195013007	0.042043387412771104	-0.13237653437668026	-0.050984666870155806	-0.010034324041260905	-0.024509442736600964	-0.039201638618430054	0.08984065487413562	-0.012307314046816523	0.08867670607024716	0.007789733914053573	0.012169191977706093	-0.0008890347935027292	-0.14419399941430244	-0.015383964357619982	-0.0007050306877780174	0.028574811328813437	-0.04502519541622932	0.07291285671462192	0.06203238386302039	0.07276075353486884	-0.07401726855639046	-0.1480608714598895	-0.0028326404740992347	0.03668967461939329
0.03591621528506351	0.04664098333657483	0.06125664464390272	-0.041061157603619294	-0.07099562678378948	0.024555701563335138	0.013867812030075565	0.04440995258106548	0.06721140020136958	-0.00018643161586674695	-0.02831128760857307	0.042332426788694276	-0.043025846756088296	-0.028336565563105022	-0.01788137967104709	-0.1645784370468718	-0.06164033377646182	0.02489386913898148	-0.006430771696785673	0.08863365494379105	0.05791231103749318	0.11921358867010401	0.0518288883513456	-0.05801435005645073	0.040412824419616765	0.049506987922517634	0.011573418945740085	0.05197542321720181	0.0021858664039583744	-0.019021333475243707	-0.046047636734512974	-0.110455741626395	0.014605839724699577	-0.05073256336989776	0.00253260103445024
0.033575300758235734	0.0458824516366952	0.05604976041731138	0.14028311809448651	-0.005729782291920182	-0.055232738654876296	0.04354087492915873	-0.029015421728588255	-0.03466046978381645	-0.04209649858390841	0.015980303090535934	0.06915213692640103	-0.03823401564924755	-0.006439284422361315	-0.01454605641372376	-0.07295724770056808	0.09214774062853273	0.0037302478333294704	-0.02693364832389478	0.07871028229951463	0.05221616194780509	-0.011012509632494973	0.05635619217956135	-0.06649272934763986	0.04400140079109936	0.04693601262717502	-0.024868163971233825	0.006094896577143398	-0.05279012886764714	0.04819427550826866	0.01430031230175776	-0.044785072815349734	0.05441116926629182	-0.05304297719122453	-0.02183378638351858
0.04471665032142709	0.04328162321131499	0.047762821163105706	-0.005813618142319575	0.01364175454671526	0.001806966072333924	-0.1246210180197125	0.033667488006719135	0.05215528606900436	-0.04031214725783187	-0.08848220393803037	-0.07675024596032474	0.01805679048955218	-0.014165462055285039	-0.018032720699779188	0.0013391041305975398	0.10386290849491278	-0.019606273433527784	-0.004561518183311047	0.11307221309329253	0.009899177439986353	-0.03702167755332358	0.016310376645113592	0.03732389622745565	0.058214333744251716	0.062255584405772724	0.03986610297512052	0.009785637104766794	0.011348331320196957	0.018303742279520138	0.0879599557478009	0.05753118758214948	-0.006429711525424001	0.03695223001243759	-0.05634018919830845
0.04188747835595079	0.05086274555746056	0.062192521689097766	-0.006503390825754638	-0.01698118354242723	0.08413246417580453	0.04199730454871364	-0.08429525721494426	-0.06546969888229758	0.01247580751811581	-0.05421875206248864	0.026397425154337302	-0.029062718191065883	-0.02511858196556594	-0.019799764283771785	0.017553987723379766	0.05597051241385155	-0.03793386128339441	-0.0782429864659543	0.12160687060695444	0.014070391404677205	0.06528401170176487	-0.05548885927770966	0.03295859526263399	0.13472547519937883	0.04864862669856721	0.05717889936708224	-0.04603072974366593	-0.05344453126704418	-0.04859274556824	0.05401389684270602	0.10170498593034727	-0.02096902030200186	0.045104727075058165	0.006809328131160542
0.049370727821449335	0.03840743701972793	0.04653937248236221	0.024089184935568827	0.10671550206257943	-0.010537525517818537	-0.06812337012004552	0.07029235407268979	0.04662981044849422	-0.03463381195885857	-0.0192276108294294	0.0032990799884330007	-0.027483591699876454	-0.031713309089315106	-0.06137826413127826	-0.0526742495702102	-0.13036460775181266	0.025892847442738766	0.018419080530489015	0.06837223675336608	-0.042402830832999984	0.025684194484508566	-0.01784245126868747	0.11079664290858197	0.004740444669646567	-0.00038380098543535843	0.04655312138748354	-0.03727566880379095	-0.05275984245071812	0.012106570374336378	-0.009260654218624422	-0.042862491756643174	0.02531976657545761	-0.00786560031568749	0.013874384190484474
0.05220269264663771	0.04613066535118846	0.0494778404011487	0.03032445489531866	-0.09490324142865769	0.04703175167116747	0.017699321894460815	-0.05285438169039785	0.051933081410594446	-0.043902096301076485	-0.0019034927994212962	0.001147941879307846	-0.0006448332700167303	0.041664256592999674	-0.07494143824753982	-0.009252393917726174	-0.021573406024654056	-0.025475888769907563	0.0305118679606177	0.005917559997173576	0.0006291087879476201	-0.08234267017136854	0.019083967662756197	0.04002603835184115	0.00719616371850957	-0.09117728462404487	0.004456912883855128	-0.028142871142835438	0.05220721760967973	0.06071147860470375	-0.07231954951267225	-0.1333820438911471	0.010136508031447035	-0.026608995743971686	-0.04814415067342891
0.046758446194412565	0.048776772648669225	0.05127276970568685	0.0860705074412275	0.11310050408434204	-0.011424631508188059	-0.014956960933652994	0.00023391892009481897	-0.08093504753332427	-0.06345021683674888	0.01925006487710086	-0.022775124094207348	-0.0025125410494631606	0.031159025471055913	-0.04267116121679588	0.023209570710982366	0.030018433559612718	-0.009078235295391125	-0.08103522958352907	0.011219616920413742	0.0011590640224206127	0.013410585664779155	0.013980539039493048	-0.009662405094968796	0.060617408217741406	-0.04243885454184678	0.04020430997025441	0.03093773002612485	0.0227770109950207	0.016434684936236364	0.011181382217099935	-0.013122396403556731	-0.06551364426241509	-0.05437957449408429	-0.0056428355332673805
0.04956496156860157	0.05125006714712436	0.05887072876796905	-0.05357580016773678	-0.055299794771225506	0.0852967766435882	0.04494472934543562	-0.0865887771475671	0.006857204219679774	-0.01395555068553226	-0.012756257309615276	-0.052729663764364706	0.029349229193065287	-0.0036096760989364845	-0.032073139194260664	-0.09913998415106805	-0.07468616060450922	-0.03151713287241151	-0.06952191490594628	0.00275238168737163	-0.009190417038435005	-0.0055073225070176625	-0.011588138298710166	0.0800161364456002	0.058717098134564126	-0.0227163998864411	0.023937545639029598	-0.07157290370529917	-0.024587535367665073	0.07264118857889529	-0.04481529084806369	0.05940797444831984	-0.054856112498549846	-0.015255325734130479	0.038605151158818525
0.05921874656286348	0.04062353855431553	0.03627493826324829	0.04884898898688633	0.12058483259437122	-0.03857259083164059	0.041651021196464216	-0.02151428434645074	0.07986870796930993	-0.03224646677208787	-0.004571294319664527	0.04817777921112914	0.02920659201709276	-0.02750705607852522	-0.022557714477057397	-0.02757822860495192	0.008679404493283981	0.019382089691149535	-0.05449054462152765	0.052128539044871705	-0.05101926481223126	-0.04153830087896693	0.01144494795706244	-0.024007761293399224	0.04756857041424982	-0.039015440072481325	0.09220545619774588	-0.04441187827072653	-0.10717263026980058	0.04122819880972493	-0.005368207209499645	0.022976542734190062	-0.018213911394527493	-0.04388017024539372	0.06395448602211956
0.05641252512242237	0.04986326465696526	0.047441550276030746	-0.061398433065426375	-0.04760103094721252	0.046919475862065844	-0.09066278026892262	0.01745908734118597	0.027027468129028648	-0.05625949562282344	-0.03042602094909283	0.055265043264055895	0.03391763296014099	-0.06436668740335472	-0.009806329059179325	0.030343701310790828	0.08665104319364307	-0.005325973517718366	-0.011809030375219597	0.11150935514764063	-0.05981212084644066	-0.03905181190932932	0.012532805759764877	-0.04418850742449706	0.10083129448212161	-0.055896386008268295	0.05151095881024123	0.04675298743318285	-0.047698403867740796	0.03170273239212859	0.05510189432963607	-0.026852445496456715	-0.023698188989564058	0.008899216494282323	-0.013592883360243765
0.056677402157368925	0.04487736949409889	0.03888209321553483	0.09594250148629739	0.06693607320867317	0.07725083662697259	0.0690789813088101	-0.03132170782730587	-0.01934535672627123	-0.027861474780914983	-0.05759342377991543	-0.03495041389446666	0.07306554401540885	-0.04768572780710351	0.007394019774502023	-0.025380521880066016	0.050750552151691816	0.0542673319813573	0.0013825424222702332	0.1284561855856054	-0.05539230245178851	0.014456767361682075	-0.04354039914073984	-0.01774951683269598	0.06868674425268398	0.022633114628709202	-0.023358281037295037	0.11280312227521894	-0.06598238198989678	-0.06170506668091023	-0.023835985292446273	0.050000162026821546	0.0358614532780238	0.027154247149036644	0.1310951236282488
0.06287627939471194	0.050528543234686085	0.03206597294015469	-0.07434537463913601	-0.028402621806856543	0.034984833235979694	-0.06225388946052947	0.015003853672592639	0.09317893407915745	-0.03196345489993371	0.00048183506700475787	0.018415635290784122	0.036626192306947775	-0.018504187925507943	-0.022658535596640224	0.010595623984647789	-0.029071892438542586	0.0828655166636715	0.07965074107361829	0.07249607819842598	-0.03965800278058418	-0.039191308090916255	-0.018741119409846116	-0.05769641967096676	0.055631044713569985	-0.06444324962571057	0.037571324194849695	0.010574483728476823	-0.0465489939207709	0.005201010632434749	0.11471322243596141	-0.07056341856932086	0.0809530161134922	-0.0015300879403877194	-0.017126645754863785
0.06134454632006445	0.05797573413601295	0.024028885140926656	0.10857717983347202	0.011652047289159712	0.07264311080061969	0.06496812523796106	0.020260045248269944	0.02018651582596091	-0.0025209631201728033	0.03193822187988008	-0.02285544442206666	0.003454691572376794	0.011212091431815266	-0.05497665953632394	0.04195300978010552	-0.005804637935040425	-0.06706406145648013	0.06618233239932914	0.012141475584886402	-0.01607816233383974	-0.019381815211628226	0.06601321182664252	0.08369909649608745	0.03321348143998752	-0.01749984329745806	0.01504628511599633	0.029946649758919853	0.008538497564960435	0.01067640148069561	-0.016175118366023304	-0.09993687096358013	0.10290330739587918	0.05641253977910215	-0.023836134610004434
0.061878705644724696	0.06478040934991454	0.019096298598533706	-0.0861544524772023	0.027026671724997335	0.03534997900818415	-0.10260781705297245	-0.016050256864417266	0.047525569684905365	0.025222845992025743	0.01615955804966481	-0.05587040506829117	-0.06007741859392806	0.0016551962871984402	-0.02463036932014231	0.028230534735264514	-0.015993401013007395	-0.035818096014082444	0.0721948173458385	-0.07738184889855351	0.001612728675558968	-0.08049840294570616	-0.01945007708738483	0.07976947431126391	0.009243476892756893	-0.01035213004683756	-0.0842811640348075	0.02236150252184283	0.03327638205039045	-0.051123072819162264	0.039375961456736705	-0.017275047165750162	0.08020156331289392	0.013016610481413608	-0.11822687531454172
0.055681457223738656	0.07085794331584122	0.03430964509134248	0.04171039805086311	0.009322057059906668	0.11126178446474119	0.0544031478248755	-0.011831926682228775	-0.06854469105882414	0.042362065995353804	0.1067247946582071	-0.016872353550539215	-0.048299706126831245	-0.021015884183555156	-0.007398261668215766	0.02610273514839398	-0.0308052930222785	0.008663752314917953	-0.026127253332720785	-0.11839659639133772	0.042115872835203905	-0.015875314881458064	-0.08354335624161181	0.029842993211393495	0.019120238792486054	0.04676353866682719	-0.08373380377515176	-0.053725841582959837	-0.023141589049232848	-0.032644979786201775	0.03361070874134512	-0.08479209416267536	0.05166702435415866	-0.002824207247032442	-0.06565256102560325
0.06061705245619915	0.06700378751041344	0.00682359409098486	-0.048667164625020354	0.07929696726001266	0.013092040229123731	-0.08245162623341859	-0.015108654424108345	0.1075624422877098	0.056510664264876415	0.04140129648527549	-0.10329421910175322	-0.06523796815987679	0.0022843177232249857	-0.02203882332218014	0.008387689463714421	-0.04092484699079289	-0.042384064452655086	0.09835092799334866	-0.08677095517838809	-0.012534779872339313	0.0034373614224316434	-0.05063949206870191	0.0806597564530468	-0.03803588575686382	0.07737888282181021	-0.021264618296323944	-0.000999796417689755	-0.000716392838272642	-0.035721642096134355	0.09500755126524157	0.005811704011470006	0.0034141105684938125	0.01514686545944674	-0.042010864488337754
0.05385395842962756	0.07502799265753247	0.03789228719079232	-0.021947767825577627	-0.03400765927821797	0.08802524709697855	0.045806318579491224	-0.04559360101411543	-0.02427656638031065	0.040281514455312466	0.14668455650492312	-0.012297226665634894	-0.05547783244872529	0.015652010232511303	-0.031244896062404832	0.04750909040361542	-0.04309944456847542	-0.043529820591135734	-0.02353535773003636	-0.04585597290265954	-0.019847212418468645	0.07591537535768861	-0.0979899301276443	0.03474808252494783	0.0012236260154579702	0.023179455898706586	-0.03353446921632883	-0.02185379810149348	-0.05232870997037745	-0.06289220926168193	0.012343146239535443	0.04424606489573763	-0.10038533338457076	-0.0035396564084730214	-0.05264192331264003
0.06445809050206792	0.05808465940758373	0.002967870889958555	-0.037783641098591565	0.08597945321967236	-0.025037324775362295	-0.0725855705257493	-0.02761084835829964	0.13192123452774027	0.04632785076144947	0.09953300740633284	-0.014475128847582864	-0.06755367733563732	-0.03489702552559136	-0.030260980520438126	-0.006764682035614697	-0.13353619886066856	0.020165041679356545	0.023707107938877474	-0.021484090037248434	0.033467574522717966	0.015373152226321369	-0.12129669212618263	-0.05492476650714135	0.009090263141078872	0.0427268027792404	-0.03112306775298203	-0.06483844464406652	-0.05042022490574211	-0.052731359207811995	-0.032553485883290496	0.0863137652704917	0.027578913110786953	-0.1370976895869885	0.10554328491866366
0.05675166227181882	0.06716891967221106	0.025909019506495313	0.05084896431965368	-0.08411784598270125	0.031908635731098325	-0.009173617329668095	0.016974818911098987	0.020589653052258128	-0.0019697047372564075	0.13487944699554003	0.030264989236184304	0.03136542757806057	-0.06018253009531638	0.008695701686978252	0.0009251296369157971	0.016444601094233145	0.08523813546901407	-0.05828561715333531	-0.11962800712625073	0.023642250757198877	-0.07439642136908216	-0.07770513298000403	-0.05099000574079378	0.008326360998604156	0.022248257543691308	-0.0042697021373108174	-0.01108998449888233	0.03518979299028965	0.04857173290439813	0.05176385593930802	-0.12163041317656301	-0.044803752856211305	-0.047018436528052196	0.05764720657819921
0.06151164670866796	0.06071218586080068	0.001993144315562173	0.08234472651623914	0.10476859492333551	0.005627366539919056	-0.027319521394022845	-0.0601764667253179	0.0618474958552609	0.025348371756079537	-0.049266855081185924	-0.11044624160051464	0.08775348156611376	-0.014811582412928235	0.00138081091303275	0.11257581176709391	0.018476891739626824	0.019244556302654526	-0.025330113519063106	-0.11839174803644287	-0.034512517443085734	-0.01540411150202875	0.034917403903392825	-0.005749040876691728	-0.05588210972794574	-0.022678574627990705	0.0374958683458982	0.027816594384834803	-0.028447318212425278	-0.04557479578322641	0.020305203039895442	0.031018224650594523	-0.0840209351033168	0.06174341707673563	-0.03308539992708434
0.04772633419737436	0.07497539347290125	0.036889592038000046	-0.0587494003441862	-0.0542700582856507	0.10840002201427947	-0.04414978764993272	-0.05913992981337706	-0.058087686510070145	0.008699254960281831	-0.002112481845947019	-0.008241086393231527	0.09635572812726957	-0.07286705550636827	0.03943844623823566	0.1778649655166025	-0.06994095467734376	0.06786464205621245	-0.14492228629642473	-0.07818307516994588	-0.02896879884374213	0.04668262854372809	-0.07001957232553149	-0.008435518843907483	0.061053026903153784	-0.09194904850754494	-0.02227880230367186	0.002927672414410903	-0.04323521407188174	0.0037909048038842832	-0.023039614340706872	0.0930553556007301	-0.14672549035093008	0.05130381771571286	-0.010161213509747224
0.06203846160121698	0.06170956983813663	0.013124522838607456	-0.02815961559746865	0.12561860801419344	-0.02536950786100967	-0.043243297495016306	-0.046716856230799096	0.1190960217033591	0.027549461480110927	-0.04054469289617952	-0.029800671521501128	0.08374105739622795	-0.0317189037431478	0.02728677722943497	0.04668683736111913	-0.07262855519143985	0.1502251387901106	-0.011973602198916494	-0.06003305563513527	0.011471754032710908	0.06352454141088315	-0.13904138545578634	-0.04196360838368321	0.036361516037782704	0.0007998294919651389	0.04455088652464229	0.014572467376644957	-0.10195674914187271	0.009784470985794791	-0.04374510833127966	0.007052627990842908	-0.023546579034856033	-0.01572283875417304	0.09319580843446318
0.05369565926466725	0.07960416447190588	0.033530178039486186	-0.0032070710827245383	-0.07877386183860284	0.05016503410594566	0.01655136893438088	-0.034374726510694446	0.014636590047487508	0.029983109142121246	0.09001765397848685	0.07316788593531581	0.0035999467595731597	-0.05098782563829641	0.06286474419792908	0.007431502693542022	0.08648242629739178	-0.027095594550857208	-0.05946310655022108	-0.04115847671639672	-0.026935704642302195	0.043781571772265944	-0.03523159753340592	-0.009415688562758541	-0.018119977040063726	-0.01948121207745363	0.07377809629363355	0.002558313252660715	-0.06752841225981046	0.10588792825508452	0.02755914358371593	-0.08385478478757576	-0.012944156439303026	0.025170786172919027	-0.015677515417233036
0.055945656126820155	0.07424280675810177	0.02192622504692957	0.0593028770737544	0.1403211488947702	-0.0062114330161347755	-0.07176831387181105	0.02157200473997111	0.04125240565289223	0.014342275808089156	0.03840568392846451	-0.06340791722284007	-0.014683125457366424	-0.01770367240519244	0.01644846962174466	-0.04085399982156904	0.010968983450936772	-0.12538117153869408	-0.01853931269237003	0.012348934165508377	0.0036210727254692154	0.13819896339904175	0.04190333551477063	0.006671580477933448	-0.01733753910741227	-0.023538865031053686	0.08663133885577974	-0.02259530618855026	-0.015481456381241564	0.024042222991528854	-0.06902232289971867	0.03363408251259957	0.02053616814621654	0.05100240567741284	0.03150579986184562
0.054197231912087335	0.0815410458747772	0.033136981434764894	-0.013849953086760926	-0.062109704262495305	0.10845590445226927	0.0005838695133537416	-0.07618351577258517	0.03182511397987896	0.06574426311146364	0.03635228874617043	-0.004126320116071115	-0.030794863298030533	-0.06438999997631062	0.016214198866567844	-0.06901527058912933	-0.061855397181613446	-0.06869410413483755	0.029314617789275663	-0.03763548537721173	-0.03242110432248628	0.07388382750674388	-0.009755265435633308	0.03107375969163103	-0.046446155066042445	-0.02412374397686922	-0.04577799186531952	-0.05944507177873509	-0.01775171782155819	0.07835016652467658	-0.05112848973134614	0.023545266043945696	-0.061029669732022195	0.051920396785414595	-0.006179010102244375
0.05836309222276329	0.07372386382152694	0.019788824784997598	0.0768663591298256	0.1092720364689285	-0.0314788103231708	-0.06427911677385684	0.00455741954970262	0.04583268317323673	0.021773494297058677	0.07061231741073652	0.017572921582357393	-0.0261882881308083	-0.06250551635988774	0.038734727858679596	-0.1282685572597949	-0.04488272881298391	0.014600809775571903	0.03664547578160983	-0.030580452326837093	-0.01813833025747974	0.05879491388114209	0.03777613818490732	-0.018519984650678376	-0.0382329848388629	-0.041653200923769874	0.06950663889920769	-0.038850134512271775	-0.08568172297867196	0.06901548723677395	-0.024294558882274553	-0.12044825743377026	-0.0040241036934796914	-0.017070492843864978	0.041096450858958945
0.055931273650016614	0.08229649168416059	0.016994526444134322	0.03957979761679312	-0.11286891385312053	0.05653262792664599	-0.014868574385221144	-0.06847230974453904	0.08700391650742186	0.0307338366489483	0.04365827114309245	-0.06688247424363482	0.03538488899807634	-0.010020253074575061	0.027700903031504912	-0.034671742639602064	0.06974737587123622	-0.12338149974101004	0.012291910806229118	-0.013888103210024441	0.01370299487342144	0.023428214670709917	0.02712226394931153	0.004474354141049418	-0.1077326646635225	-0.07205109145739796	0.07798284466271257	-0.027586088358533854	0.08158662051051822	0.07082977898363685	0.007194101872454478	-0.012948144389167	-0.023462225877794153	0.08658173763471408	-0.052008921141400634
0.05594861116987527	0.07602987846119155	0.017463404003165733	0.06482721482643515	0.11155573638524563	-0.015504092558474958	-0.08210810502660755	0.0046823148345004496	0.02387939931239998	0.007317758014682224	0.09135306858130779	-0.03951144639059514	-0.012656125497279298	-0.021592416147580645	0.011216965741792028	-0.00984780729922564	-0.021397547663953936	-0.09053745021672881	-0.02890749690290758	0.014379797477537143	0.013488186834511941	0.14163521263234172	0.008887927266732626	-0.010656012603377799	0.035718718833539324	-0.016055445882733825	0.06162081990497778	0.009823556497437526	0.005727865473845611	0.028337680878701966	-0.05148229024060481	0.031876322458410225	-0.010919024805042237	0.027666183943700746	0.09270583666398967
0.057572509842875735	0.0812626228361773	0.020836331448626892	0.0590593583184819	-0.11232758236875968	0.03233260668764298	-0.019646389266844533	-0.04980741772231704	0.09305541648804731	0.015441282851541558	0.05453018102291969	-0.020046265443777023	0.030867875049242464	-0.03029264140740607	-0.012253714287627787	-0.06328298556460453	-0.010442629762540085	0.006162397804786918	-0.0037906665130680375	-0.06855390389878561	-0.014543947197400394	-0.03388713787087372	-0.02503606597985069	0.005804784415446528	-0.05639372195661926	-0.016717528864112957	-0.043851422097987355	0.03667451975799465	0.041646965948260825	0.11331694982758704	-0.011825911573379212	-0.06565451147235661	-0.04440073750949128	0.052559717767694594	0.03057844776131101
0.05484687865231142	0.08209160806470532	0.02970076051980774	-0.007453539116587032	0.02046544510499061	-0.05597833315724518	-0.10226647953196324	-0.08852618135472894	-0.015123980666712408	-0.01981521756931675	0.09125471448195986	-0.021947933675850614	-0.018668689255625013	0.04252607464154936	0.005442615187991987	0.014930503516725622	0.13557543791543003	0.0014288074092360555	0.04424545240594827	-0.059341552495481745	-0.02770369807060097	-0.04743795555435697	-0.09770146565132529	0.010615885153297495	-0.025188001001473212	-0.0012923781415518087	-0.060886482212287193	0.016068890821120493	0.032564966386137296	-0.04379522835295087	-0.019045241119555696	-0.1449960825275271	0.008835913050216845	0.03865777900824568	-0.10773498959716503
0.06043055299163631	0.08094576477724211	0.026320200567519096	0.040602264025220366	-0.0412764903773637	0.08046467944558183	0.042669793389148405	0.021895341511330338	0.09079654267960904	0.015369025883133446	0.0831964381045121	-0.10105407988502199	0.026901181180203588	0.08883798846745926	-0.05320327535588206	0.009961569627304384	-0.033560855560454204	-0.06998955951366517	0.027426020079217697	-0.025322223461105756	-0.04369155042755234	0.04177654683040658	-0.07193683985920056	0.04953238777304591	-0.08160469782676309	-0.008730410260863547	-0.009090100014724784	-0.019014456553260548	0.10861765765456291	-0.031203739171838666	-0.03397685789065836	0.00977852176666075	-0.002237936813645496	0.05944491746592662	-0.039238620765409495
0.05337882710035173	0.08991791070852384	0.04198602737189749	-0.07250869517183894	0.038270483017859444	-0.014943138800960721	-0.0796641353607711	-0.039617470606416204	-0.011859377481832646	-0.0111089514751757	0.12592209566049187	0.021385060762055427	-0.018348253743754588	0.039790980085398796	-0.003347990606477579	0.08748452497854066	-0.05312095894713733	0.04468031474303671	0.009375210265003847	-0.02737007470893625	-0.06339407339770564	0.028959233620019755	-0.016768764525590445	0.013621248474764633	-0.0013218374338538892	0.026238944817082353	-0.08514855500945293	-0.02264456604766924	0.05454693919609057	0.09991770059185298	-0.03585417898976558	-0.03013558062397877	0.08658855704490268	0.02057076925759005	-0.06150767770503844
0.06451732644371896	0.07471522123511953	0.02330018841818032	0.037682972411751045	0.007978681608296454	0.03631156557383402	0.10511774436537374	-0.054959957903095005	0.11967519385279964	0.05405088152873786	0.0814789872164585	0.015566137073932906	0.008913089999282689	0.02066813430014617	0.0006980541248150096	0.015444112851027973	0.008051972229262934	0.06812107106083393	0.09351711727196768	-0.06648831779020717	-0.023324617646962056	-0.038738614481008994	0.0031231557197041702	0.024423301785474305	-0.028840674581324454	0.03983447917641855	-0.1417007687772524	0.009071719166622298	-0.006324586655224732	-0.05722939984223385	-0.10684390225490678	-0.1175643909520528	0.07099128827691871	0.012053130115398263	-0.036279639781098175
0.05686176103582576	0.08594952757782465	0.025493735916268627	0.05593690032024835	0.05769865916284333	-0.08198081457053022	-0.07421213024453424	0.037498218467712535	0.026940334410129666	-0.014818767265669235	0.17430696145463395	0.030788379588415512	-0.035950045143526496	0.0008385099422584514	-0.01131643309662595	-0.0019407260829947457	-0.018323132680488477	0.03637956768178686	0.03415163673106894	-0.04745072583718646	-0.023452481882039328	-0.07252020348826428	-0.04486913511453918	0.03999186569527041	-0.02293351903932437	-0.015681519327050385	-0.055302747726081375	0.026108413376882793	-0.023306233380172604	0.06261976543578468	-0.06340610845813636	-0.11939501675260886	-0.051964730285494226	-0.0306629628833753	-0.09149746467669466
0.05161630319973155	0.09188456484007829	0.02672779709288154	-0.024007488864031475	-0.030343521739954943	-0.06180257255787738	-0.017057284638046438	-0.174784752185837	-0.013968713737674285	-0.013879930060666906	0.13787735512654528	-0.08755520896808178	0.043626212354644686	0.028561667878212564	-0.013242053689198353	0.053677043687533746	-0.026403796511708516	-0.03186452704974538	-0.10276456391839751	0.06339718166903825	-0.06232001435720914	-0.06608461286803902	0.02395412421417959	0.029043100072615444	-0.05340531547963864	0.036144855049189906	0.007172544312156151	-0.06403990101776554	0.07535954124585649	-0.11651216570216867	0.1659052606629316	-0.0387682685950092	-0.07107488454860064	-0.05945576549094962	-0.017247739961411455
0.057416050252789924	0.08343674775649416	0.01921235351755125	-0.02715306756469204	-0.020618718688259687	0.04552029899672761	0.002022024935713522	0.07490147065446139	0.13621876224970006	0.043589103416607634	0.0688292947974171	-0.0009179233893523901	0.03889764117505268	-0.04308984743653204	-0.0015647141339371487	0.09341679594815341	-0.012300325110593256	-0.033382555847266925	-0.1562933001342716	0.01678142373209844	-0.01657620496901298	0.05074713117010158	-0.021874109064715166	0.02240068665289706	0.07436686777970185	0.13386296296567035	-0.10413173652566404	-0.06888596515544897	0.024557455791132686	-0.12559883507100691	0.058442483806494944	-0.03211773608861555	-0.06382454023077791	-0.030885235000322975	0.09027798454582085
0.05837490029668028	0.08433418007652252	0.011820862590589684	0.12337356992401156	-0.0018234229581680778	0.015375019830057948	-0.0006896952476382397	-0.09449830082635495	0.07635646722654214	0.05605345016788007	-0.0018373173330670067	0.007099071164513389	-0.03789409009592559	-0.07929173543618061	-0.019764656360263515	0.014236198233153701	-0.0023203133836988844	-0.003980944984304872	-0.006213703686366805	-0.01997489367148006	-0.012514416537252484	-0.05164394617973517	0.010950114480116707	0.03705252733389126	0.12945132787092928	0.14308190638380985	-0.06237406853024425	0.11531025377839528	-0.12920542765990897	0.010499033492358093	0.023348426730713932	0.00042794912245601446	-0.0047443034850311264	0.009454590957120583	-0.04809163450548077
0.05161744165082597	0.09026502488042921	0.017875772105993816	0.07773794637534252	0.009857723827785454	-0.06631537999745618	-0.11554562466185944	0.05988430033169502	0.08196325128410527	-0.020789138923411454	0.11763728023551898	-0.07893383365743144	0.012998663978141771	0.03848105694782432	0.01346108408324963	-0.029999681891900457	0.01046290151854912	0.06347584311799073	-0.053512864823801784	0.06415995132804837	0.02235990695619307	-0.013653615711438432	0.0300315775374357	-0.005557413655123823	-0.0016681058565616563	0.022553351028687288	0.07678923209555438	0.09088740954557081	-0.02156682177474403	0.007677221920338311	0.03364493036787926	0.07611002807947118	0.1328178510399319	-0.03437062583243846	-0.03179530062315344
0.05139102723436791	0.09087601975763462	0.01868533512765001	0.01784232775249585	-0.0012981149565189584	-0.013266731027968619	-0.01531397887520519	-0.17486321222834134	0.02375261559299771	0.05039856567833193	0.07835069821467652	0.002877037710870306	-0.023962948630488323	0.01146610092842232	0.034149077473562224	0.0662606439812061	0.0670257771486855	-0.08312160161447879	-0.08795581335366637	0.05395050683797334	0.0075639103157721516	0.0872935613021381	0.12302504179264322	-0.0738346583186004	-0.007346686518292046	0.07396190456453308	0.0016699869308665818	-0.03220549914898953	0.013703016269390592	-0.09582189936289752	0.12837058500498155	0.08037755539680322	0.06927654416118281	0.055520334923838614	0.019207625946957393
0.05208724981073166	0.0915416999097162	0.008988948467777392	0.04857044427784196	-0.05447847910788359	0.042799046624593	-0.10296573207680008	0.07843250378142458	0.08289689042219843	0.06395789767693034	0.07161901732122619	0.0010777445194752532	-0.006496475747214551	-0.08424350366828383	0.13885394663401568	-0.03742009629592349	0.02653416244509961	-0.027151393851221055	0.07874677634031135	-0.06853066552464777	0.1113937215769624	0.08455220251408617	0.2501201522214148	-0.07472460529950646	0.25045280487417104	0.041156700288105086	-0.06646419419264192	0.10175059142145963	0.15022828990519277	-0.02227655597618381	0.07700923070326574	0.03901593710468007	0.008333594360791074	0.07398386220962051	0.10280952450730262
0.03958092947363057	0.09583250346962277	0.028409546147802604	-0.07340313752588665	-0.04058684914356283	0.04222588634392153	-0.03339347762534286	-0.02764068650762689	-0.04347490309273583	0.0624744534038565	0.08607047255925303	-0.030158099592435508	0.04808004142133696	-0.013805858124085942	0.1811446045759856	-0.044294550121049124	0.18881277663959944	0.0530206185784481	-0.10743046132329231	-0.09490605291783107	0.11597828622929285	-0.051955823793289	0.10907974561307057	-0.04296118270414469	-0.10986896079277655	-0.08140919070749775	-0.06650904039871659	0.08935625179234051	0.07516803783250645	-0.09045485452682597	-0.0452233181796446	0.045025490471202016	-0.003686160207456435	0.01725752394520898	-0.08194435182445446
0.0535487951162171	0.06719361941873946	0.020529326785350206	0.030399921420518297	0.16477097113514855	-0.00027447009410290995	-0.0252600506319569	0.007800730526904699	0.04792209804537137	0.059699925711476455	-0.0011741535829236979	-0.04338444393230865	0.010790577573155838	-0.060606296912606064	0.06330335771937944	0.010862704034302456	0.044277051002559645	-0.030334432458367797	-0.12417577965712986	-0.0802653022685272	0.07762719148136152	0.00021400076821892142	0.03227811681166734	-0.11508895838066723	-0.18875650876198824	-0.030827941207563797	0.06836883222273644	-0.016295098732868694	0.04198442267757451	-0.03436259281064142	-0.07862508599761547	0.008711934360956013	-0.10658855170608597	-0.07755992622406646	0.014194175891764332
0.054749366373956825	0.05661098275243794	0.025759376483280135	-0.008946582364626202	-0.04217982417971155	0.1396705283006201	-0.001432385281497519	-0.07028996324982761	0.034095187119419695	0.05895924483760288	-0.06045175188272589	-0.09483620743074052	-0.002128270002080608	-0.05629227003987176	0.0063692621502292185	0.028696565067459275	-0.033974368635435924	-0.07452862379038012	-0.05046728110916132	-0.06993323306567431	0.053588609523497074	-0.02446802888698481	-0.06272838847166262	-0.019127894215886294	-0.019278138188687555	-0.049312740206968214	0.055107906230274936	-0.05064067250824749	0.011078800835064231	0.0051257360966001884	-0.036306082547575495	0.08682927552037883	-0.08135111830604899	-0.05370755962907822	0.02775238599331978
0.05938191859540283	0.0400186452512948	0.031103988533857155	-0.13691427032889902	0.07325797263685094	0.08611050629055636	-0.0827552652455948	-0.01608422679505921	0.007501533140434176	0.013378242188274188	-0.027378242280842027	-0.025055725406179216	-0.002922881299624675	0.014442883099245254	-0.006469509375032693	0.03889907826520583	0.027785524767739534	0.02509887836771389	-0.0567017485958353	-0.01455531130081255	0.040185478980014594	-0.0525710000379339	-0.10175266251809031	-0.01690249867013328	0.04906179011707899	-0.016472894655853408	-0.040577799441863065	0.0025009005365707023	0.00013220737005442684	0.0025035215565018323	-0.04766533695973155	0.09065765517808441	0.11456934155896507	-0.021516048856800602	-0.06104499462764972
0.05892619248912841	0.04176915042215451	0.03200407333906902	0.06350457981106428	0.1121936352051014	0.14963698411196255	0.11454512279732161	0.023485908968888743	-0.005520084996449861	0.04844015731981193	-0.038686618504917406	-0.04332834946974073	-0.0013332250878225497	-0.00988432340424301	-0.01219427585125742	0.06171230764301815	-0.0672572143528656	0.01738371913569256	-0.003816321878362404	0.027504076056339477	0.02126232637796376	-0.014548488980593847	-0.011671468875153811	-0.004025925601862099	-0.010002873036758987	0.001129607069542569	-0.01913477044022943	-0.009597340896950517	-0.03243832564445658	-0.10482787973384766	-0.0027652498690359656	0.024494871246444318	0.09192470121174702	0.007777898988833985	0.013463200297398534
0.06522510435960367	0.029552451206479424	0.0286395591189195	-0.11506309393100504	-0.010157804895430512	0.11201179737710293	-0.037558103544101315	0.018887668695867277	0.04899475657641688	-0.009856417393492965	0.002269919661598194	0.05424813149565823	-0.02900836902652242	-0.061717087616800996	-0.043254727714554686	0.01141221557565963	-0.15847615129862533	0.11167437813118972	0.11390596525463584	0.01823036373560233	-0.004047720605009476	-0.0047281893634166725	-0.0017401436965710573	-0.02360800810469114	-0.011997299971552293	-0.07961911802950838	-0.07804465122931374	0.009734193027506572	-0.0661427218608847	-0.02878650268706118	0.03805520975774788	-0.0013951254238821487	-0.021383046420249928	-0.007616876496052735	0.04012766784087833
0.0664831671475235	0.02754009488488066	0.025642696456963158	0.10222905625630778	0.06439059445854309	0.05584425014304865	0.09777651433144909	-0.03714011792604727	0.05967717710227968	-0.0350804547043872	0.0016063898844713583	0.0279318333567267	0.07383698297788859	-0.02343984406394622	-0.03804017459035894	0.04790452299553294	-0.057932704338405895	0.1367170074020087	0.05862544754231571	0.05628444292114044	0.0036557034008038135	-0.0782736714626634	0.05697122509304598	-0.05346903057058546	-0.05532706926202947	0.002075847360483614	0.015138049705326652	0.03818125849620161	-0.11591052293870942	0.020137753613193542	-0.04764417462696619	0.010580887139216955	0.06354822995994013	-0.038288895518826055	0.07406923798003207
0.06960788359361113	0.030077220947650727	0.022903998475940754	-0.07364079423327347	-0.06924363854458192	-0.00034948908123237594	-0.0713968504303245	-0.0277935385449589	0.06641923835284579	-0.08731475112575156	0.0597226859139681	0.10444307195712878	0.066904662283214	-0.006952919092685182	-0.018063555340375872	0.06626739014457765	-0.02520206852051968	-0.02113686016577504	-0.0012374134239680062	0.039900193266818325	0.0549278239477168	0.0013138020536531299	0.08623252446342033	-0.006042105912827136	0.001952776490185118	-0.11005302709844025	0.0767145345306951	0.08511607048263067	-0.08860834439262974	0.021909793011242688	0.009680829964443895	0.07902475738560115	0.16141070733847562	0.00286561454585621	-0.01770640895944218
0.06765661185892449	0.038061898616043664	0.018613913448056695	0.11170477804306346	0.03360707189455396	0.039187305549503774	0.08339939515537252	-0.03076134453321063	0.08574133503438745	-0.05852591653300102	0.03006919330939731	-0.029020771826906554	0.11543999905103523	0.04529230848420728	-0.006502110749843602	0.054986678694582576	0.05759573230443895	-0.04355726671928241	0.061348868623397106	0.05747796585207848	-0.008577463457662183	0.003891456217561014	0.08913370508968255	0.009121193405243987	-0.02521555045522044	-0.031167317640155623	0.005497368176097327	0.07682660593094479	0.014461393648158852	0.007825233157243379	-0.08381287409963425	0.03867067942064016	0.11414625338825546	0.05987292259561021	0.07948626508055405
0.03815668417759745	0.003935544430622921	0.05375331265121535	-0.09722425649338359	-0.019905060653349755	-0.005414636532977214	-0.031579553860646155	-0.023826735196009932	-0.19022615681305927	-0.12533732071500636	0.0747755252248729	0.12550858684733857	0.1226617841143216	-0.05278410917312328	0.07091177101072209	-0.004060019622719752	0.027401319190307544	-0.00960623263721265	-0.0697552213311492	0.13329796669383606	0.0041614919225397735	-0.03812875997822288	0.08359952543752808	0.16721563797529546	0.0340743340661851	-0.11641994450750105	0.026649286008199748	-0.040752312661031395	-0.06513549700202806	0.1216856508831663	-0.07159439818615497	0.053923218037908754	0.01697632416358103	0.13187969804499172	-0.06761025370384535
0.052217291573706595	-0.02767778424991377	0.023105930885995492	-0.09932292739027516	0.11520473589281145	-0.08426161366350891	0.09250714373433963	-0.07320772210981254	0.03387988192776507	-0.08542899680982867	-0.06786662639879235	0.07578354731176065	0.13027116620602744	-0.02856682109323724	0.08175391961633867	-0.10166075349743758	0.09815789803795452	-0.06086558448848751	-0.16911215119054163	0.009536506450279925	0.0644728980845219	0.052000915645764145	0.06860248074460759	0.0360880393233742	-0.01599718875641918	-0.04136950273935653	-0.021546281874179604	-0.1219927907974987	-0.12384637745569518	-0.09164206716120463	-0.07520644389086342	0.01099090283872157	-0.019771074992465606	0.027060020577784963	0.03357248420609909
0.06097296293970882	-0.04381996224544589	0.014336449110149764	-0.03308937983817501	0.07629975374489059	-0.0038562972713460535	-0.02788792396292572	0.09202715204263244	0.0795570213555908	-0.11435340227688905	-0.08727807194519782	0.12300440034606773	0.050249821524828896	-0.13138722242793882	0.015758518962093123	-0.06436472037181469	0.1065039312970034	-0.1296152120890276	-0.02857755302337439	0.10736615510985836	-0.030424972192737883	-0.014122036387700373	-0.04612703823559413	0.08460064396945642	-0.03982537007019432	0.04327971590635853	0.027903931265001763	-0.06777535913951734	-0.0014346030720866244	-0.046479892928829286	-0.03161830827811621	-0.027275020031315683	0.0003745964673718752	-0.011672717944123494	-0.059694023546924796
0.053118072549732935	-0.03233006304646928	0.03249617697502507	0.03282405257460333	-0.09714953682280988	0.007901172666467133	0.037347170723786335	-0.07856658949822788	-0.021748531624696334	-0.12958812992607383	-0.003908017532784022	0.11580053799115442	-0.0036401024048437996	-0.04355937074698603	-0.0060403979523004775	-0.12149997086161905	0.0284072412876825	-0.0899124712156162	0.07629878409073274	0.09361006110584949	-0.011841442705660035	0.0071063089214006845	-0.11034851116029709	0.017106664176481795	0.055039469482397976	-0.0895747762176838	0.07472161729930568	-0.01074108898109824	-0.04979997494273224	-0.011227098801206384	-0.1451267425329733	4.841378408299967e-05	0.035772612634978995	0.06420929965647493	-0.023490693262330865
0.06782050313442863	-0.052724558074995875	-0.014139856965785099	0.006832320148127033	0.06367874350304427	-0.06808722792129483	-0.048077854087570204	-0.06491947705184609	0.022953341549977795	-0.16217009267278676	-0.01745501055184907	0.06530662985653665	0.039274774125140396	0.024560264241591495	-0.06367191306327198	-0.06178244751537913	0.050921481004282156	-0.12285133220395003	0.02050609670610136	-0.018123158875483804	-0.011013135190515062	-0.038586926050256445	-0.09997784518267978	-0.04632803887569726	0.038119614270718416	-0.03624444754276761	0.004654750336027913	-0.23124418105987365	0.04956307564506608	-0.10335113306977994	-0.10195993176744866	0.02367408989892099	0.2612603942577583	0.2410126243142833	0.0050527581127553615
0.053824618071128934	-0.0033170643974147437	0.006444903927476558	0.04702876513302197	0.05945490579160667	0.04485602070809215	-0.01769964024848477	0.03840917057138171	-0.12174405541960635	-0.051807263638037934	0.01118648402081235	-0.013958506853413113	0.15504877271548487	0.04136070600792684	0.026472074598329877	-0.041787879749917975	-0.04599159765167744	0.059757212576167174	0.18864151725269812	0.010973122675916755	-0.032632974955111374	-0.12169285741621262	0.13813141801158427	0.12925739213041534	0.08943222747858506	0.1751030207611206	0.03446759438078716	-0.08653332809589005	0.2131069315436367	-0.18025633553639045	0.031280774964957084	-0.08088510337762948	-0.11019881642838807	0.13965355523452577	0.08287440405430832
0.06184597845847372	-0.016387823194342555	-0.02058635072042037	-0.042908219063109355	0.07940433857793013	-0.008360731503640443	-0.01686419039837034	-0.016052274962018432	-0.010185832783525816	-0.0063393870639301565	-0.014439399205778013	0.14574313683648205	0.10212429506600612	-0.010968836100969909	0.08150627969608293	-0.13003799864910198	-0.015991174041940722	-0.04940069170457851	0.15350334419148062	-0.09130135216476021	0.08710959471164999	-0.08123334210388675	0.06731921965294993	-0.11703542787405688	0.09227779952973007	0.16818237794697796	0.029354389984184992	-0.06085382894601808	0.0903639303428439	0.057638079837788944	-0.08997301053234096	0.0042980126127448014	-0.0031481380492424647	0.06927891689501742	-0.04347421115903695
0.05728696441239661	-0.027068254869956603	-0.02560737631625653	-0.010293555458265068	0.045631824397797914	-0.03646297544205548	-0.025725315641999313	-0.05847135533278167	-0.1153293870113312	-0.032405728548357625	0.017145378810795215	0.15069048014389116	0.10948453694134615	-0.051127487817793194	0.03386781427100979	0.005518427074309122	-0.09170858515969539	-0.05516819848062531	0.030455364326617225	-0.12960685688891055	0.12244156828764412	-0.047521546738277465	0.02285997679644822	-0.16320684273536545	-0.09928367632254187	0.1284427048096335	0.025691737693451053	-0.036164764774443095	0.13945438957692863	0.015883739416868676	-0.06924883216085351	0.06106036744071172	-0.052732320687289114	0.03332412575914471	-0.061996758761491584
0.06091282917920584	-0.034815271900752384	-0.050744089744859604	0.03550984669304109	-0.11680858963363819	0.04668073745137611	-0.003403271709944438	-0.0028186009019679084	0.0009569968155319268	-0.038775828238461395	-0.08891751418495986	0.01256457809318136	0.16242354609000834	-0.05570275685218265	-0.0271041934036565	-0.07651928879316379	-0.09474075138069867	-0.04438705800159869	0.05945609700964567	-0.14057685337025405	0.033492259411488146	-0.018129435605270097	-0.06782501620005743	-0.01750751678579395	-0.01175544237909689	0.11720132213002697	0.033143607411461995	0.0970031743211486	0.04881481448738972	0.09676005592437541	-0.07930544373425089	0.055842520426326314	-0.14043180350900672	-0.04513874699133514	-0.031094689269417344
0.052236453054352344	-0.03249863366160306	-0.03447963580598376	0.022889121711650227	0.03385367231654396	-0.07745040336814363	-0.0473142978996103	-0.05945032912761702	-0.13090824678136964	-0.08668432500033672	0.0053645294734320685	-0.006957178716552166	0.1540415013619879	0.05666069241348124	-0.023076167968247647	-0.1064312439146054	-0.02944389872298244	-0.0025562902312142935	0.0006393727928418261	-0.052915482216027564	0.027455565209327626	-0.04928251116563088	-0.1415264526396996	-0.09173910068310591	0.04857646368151327	0.08287924339080123	0.054258530683410404	0.11126978834190229	0.018603689250193473	-0.025905311171207444	0.07796123741825094	0.022993085089030113	0.027332361334262704	-0.05140080955956454	-0.001594711791022824
0.06111071012829575	-0.04147330531316499	-0.05093636503541207	-0.03504155590872416	-0.06610479813136322	0.06572025900155254	0.06798831275458456	0.02548571188551596	0.02796126907321628	-0.04613000480736283	-0.07597493981407645	-0.01648562177754333	0.1669988334906633	0.10408378478779998	-0.07425622087596188	-0.01892255973572013	-0.0693320537042467	-0.07163410339965207	-0.00907256092042106	0.003565776872519413	0.005390913486655919	-0.015174906456623193	-0.09156529003364144	-0.07184245899612438	-0.06400773595777538	0.048622125011229096	0.08266881588408018	-0.03337460471638625	0.13734080215467925	-0.030069763506042655	0.04139821175568818	0.1166909225545418	0.05157967642503595	-0.040262053071702095	0.08844791752886744
0.05984225833998078	-0.049952855005292826	-0.038486279486480576	-0.057445205810628	0.05171026225756921	0.005439174521276926	-0.0011205454102047217	-0.10056314810972775	-0.08529404607670846	-0.04113907997358317	-0.13357595452678703	0.1689971846701993	0.10591425933485475	-0.009656848202600708	-0.031246680348006525	0.13163566441911012	-0.0799796443174076	-0.07155615485313498	0.019069396151883793	-0.02991434325041427	-0.006852559152807842	-0.008033398967806018	-0.05331243722555024	-0.048895818992253585	0.034089831019198144	-0.0228122365104527	0.08829762229450958	-0.02949985842166085	0.09067764691012392	-0.009382040952384568	0.06155432123873269	-0.0689589636326372	-0.021065847694356175	-0.06581284883456974	-0.0029819946648994636
0.06137478991891448	-0.05080616619582078	-0.04749323169034312	-0.051143972345719796	0.0338842345226018	0.07747552533905472	0.0016034433106594016	0.15593408909786927	-0.08519338510363864	-0.0710149448340797	-0.03843191442535622	0.025228253918754617	0.1418845227983028	0.0821352418067835	0.00484248564083062	-0.045322835834203115	-0.05128943825019782	-0.0469532416542261	0.013218031698288585	-0.0627893155515152	0.019084465482062034	0.015571262767273754	-0.006512764105315481	0.01789415047383542	0.058314382064648965	-0.03131840726479747	0.03127065065336341	0.008521642543576118	-0.0660996171102809	-0.12817374843949284	0.04686421761825797	-0.11704753030270701	0.031117401809519732	-0.12374682712062651	-0.16679404812461304
0.06002327431582565	-0.04075091965478122	-0.05031281379273542	0.016757834436053637	0.07275689913099388	0.11130300924717539	0.12916874160225664	0.01844167553883274	-0.06837207784531996	0.028610265994094327	-0.08295410910070651	-0.020515675293268972	0.036191672025045155	0.10102673035311487	-0.028313427165789072	-0.05654956726677586	-0.07480180325603066	-0.12181370005399318	0.06470237587325811	-0.023618014170254192	-0.01431720162076277	-0.1338996117053676	0.026847672992973786	-0.010710312529780575	-0.05637180363662117	-0.013063124181848115	-0.02538314662731766	0.08869360890070327	-0.101499096656491	-0.06823353626012668	-0.033992660304606445	0.09094373782150879	0.15244204927417937	-0.11253674050937787	0.003091932197438514
0.047346853824413226	-0.02160410877678641	-0.023636680964141416	-0.16876254862759635	0.008893196807844018	0.08386082601443529	-0.023366500790204543	0.03452152715948394	-0.1856912807743495	0.015415948067963986	0.02956757617570135	0.06476706770006209	0.033809724283289155	0.03922055204806274	0.012303957255406762	-0.0021758109091648175	-0.16346226268235667	-0.05024709673451627	-0.032581942262297596	-0.05032749575990646	0.07827591872850112	-0.12138836703235334	0.03346276524862803	0.0209073112078322	-0.009503773606778353	-0.0983155075390725	-0.03321677409690761	0.06673619963081656	0.0011053606390338227	0.056849978967923355	0.06331566897640005	0.06335453150226683	0.14357477098191737	-0.0802887354497634	-0.05017031220525116
0.06241917458944817	-0.04385491966910318	-0.06125533057283693	-0.1139380950405642	0.1330818005086903	0.015423026232493782	0.13181838674147608	-0.0710197835333339	-0.008262982524629191	0.05932594648235666	-0.06610975656467083	0.07015149671011346	0.055921292346885185	0.054500804149036366	0.016886529867346442	-0.050138643103618	-0.1097471578947775	0.018166543587563498	0.001692121605559642	-0.10021016103158405	0.07326223708033153	0.05061706813533387	-0.023338588625436262	-0.021460571102283194	-0.05026878794371153	0.02980685580421982	-0.08003950155826697	0.04300210822398117	-0.12950165032060798	-0.06839026723134159	-0.013072276196657207	0.11296437047881172	-0.014581137253946132	-0.03251790169134023	0.044303211912016485
0.07073272137803988	-0.0519553218199075	-0.08702079829702544	-0.03470479101520709	0.04685746115062809	-0.049382480392758187	-0.01804181645568838	0.08472604684533813	0.07248574593416525	-0.001498834327299769	0.009651010889146891	0.13801134730769446	0.013205271343164411	-0.04656591779563098	-0.035217861864905116	-0.028608976792086183	-0.004547539097596273	-0.021804352681085278	0.13190097697197373	0.010845688571732827	-0.01401321450519986	-0.08143594309069467	-0.04939415445424729	0.01092646699496403	-0.08389949244216063	0.11340970273815401	0.06456127241307782	-0.01746836008189493	-0.05485758019762497	0.09300189971394805	0.10896413015928758	-0.034924421508712555	0.002231137778135883	-0.0845021246292483	0.03176745366250188
0.06610241905010747	-0.03980340679208871	-0.06960817473365546	0.0694359531561867	-0.052232219551493	0.06589782876403132	0.04818321724816917	0.07764441817097366	-0.02153696176034195	-0.016371998656544727	0.006932303376952624	-0.009142239497088377	0.04906999995856891	0.030329106550107194	-0.032889137223985926	-0.12013270621545097	0.054731647100519185	-0.11462323034513025	0.15022809769844048	0.010934427433928848	-0.02633963565630763	0.01629176511098271	-0.02021940299014488	0.09512833877151951	-0.12734929260405023	0.01473745533534208	0.09003373313006095	0.11709244770834498	0.01724021638631263	0.05285642733033027	-0.02782185744459596	0.00379473357859747	-0.03799032067595105	-0.008178309592494703	0.09246901683872631
0.07030387425713185	-0.03995903202408065	-0.07062217650133887	-0.09163027177614984	-0.001156654583433091	-0.12011360644479009	0.014697503921219067	-0.09316918128640572	0.040450149096619266	-0.06821562220758694	0.04790732493927911	0.013698963186893828	-0.021567680621103105	0.04493476505127192	-0.05866327297101174	-0.006131309729234182	0.03360620933983145	0.004747422312219127	0.17792822067106207	-0.01543479951647296	0.009310410028365051	0.04420843597067524	-0.07929906530391212	0.06387616199444104	-0.09467475590168777	-0.12512319232627842	0.06461839471402565	0.0276621306266588	-0.012591396882102604	-0.01783162700455833	0.16138718937627172	0.08362326962028604	-0.008991746205143349	0.007111327857171772	0.15866537226703326
0.06458071856914709	-0.02950066507242066	-0.04703570835929639	-0.03949191144011083	0.009073761724392287	-0.026962115744500748	0.02763771243060069	0.1505778657504594	-0.11621320957950426	-0.11011624018525501	0.11507736277574589	0.06192355722487878	0.09255899727077316	0.009360029097060686	-0.026984958769130197	0.10437067573497155	0.02544273292764969	-0.078799838131405	0.024780334369488944	-0.0493181141435219	0.047628811686474266	0.04484026305038078	-0.021793798875090486	0.15728433962603044	-0.029989231204513418	0.04608602755050854	-0.0239867405733539	-0.08501622363007864	-0.059783083349500034	0.05720365381968824	0.14483027604029114	0.018727317964522098	0.02499767309380917	0.0003653448717420392	0.013859572812349227
0.07152040913561675	-0.0449186459099943	-0.08747847968037446	-0.03657669034237549	-0.015262247961240597	-0.07000767551233832	0.09418830327885779	-0.14413014653544384	-0.0015436540906619738	-0.042246932460268824	-0.04268150057304835	0.00955136695737051	0.024712457819715268	-0.018991840978026565	-0.06157386938895259	0.032921231119848654	-0.027369803060348783	-0.02090799863636726	0.039670525520122554	-0.01300412276143453	0.0502906409087917	0.05387066395322667	0.08160733666487345	0.15216147032716387	-0.007899029353474385	-0.03008196542736674	-0.04405431663440796	0.16549486352525816	-0.06720069591753514	0.040710315940801815	0.04198542672466026	0.14710335032906702	-0.05542989280988961	-0.05262732457599083	-0.005156328706608537
0.08115675430104329	-0.05912702384598795	-0.11284299588219775	-0.010630037191246602	0.023574509585912482	-0.11413134948498371	-0.00015934853801018102	0.008502213827363918	0.07668592970966732	-0.09117397334573682	0.005013923546113248	0.015831473744971215	-0.006326501993293072	0.006605110483772692	-0.11833417624140356	0.11303067049718139	-0.008027602668040779	0.009675335049637175	0.025518686898486864	-0.045183062460733905	0.05078233206922128	0.008966260668933192	-0.05757778698222172	0.0532388802573516	0.00372490210899162	-0.0999426487663522	-0.030370389955934954	0.012596451917239843	0.01824488778932043	-0.06620973290298654	0.052425199530850584	-0.0030895877309473074	-0.03309063265386829	-0.1223881964548658	0.024105127531051387
0.07130269982597343	-0.04410155426741593	-0.07273150124689591	0.026224562135638656	-0.08015499401309646	-0.005452162127282873	0.05957016139063428	0.07891030731472147	-0.07827065227175338	-0.1161620090672263	0.09077021652607663	-0.032820511985768526	0.06848457042057039	0.058623243852529774	-0.09078080657216496	0.06310638902884608	-0.0023310625182659953	-0.028957350567075046	0.07390740421960064	-0.09757403542216574	0.02293467973523525	0.0876392485248577	-0.05060020331118379	0.10674662415568308	-0.021304953355412423	-0.03275351418736399	-0.003209751128382272	0.007744977144285552	0.010974186377205895	0.010815195095147605	0.06539326704801887	-0.010801197699153935	-0.17203952236619963	-0.0507442185896249	-0.007642256188820633
0.06948033493051656	-0.03609634273607135	-0.07960834745332	-0.14508442971133523	-0.009656779943147023	-0.10233124408387954	0.01330789993881284	-0.038953457169168745	0.01737516116219214	-0.04228600979628273	0.05689274455572937	-0.037911053750225354	0.03637496665148639	0.039485061198714214	-0.041247219423584856	0.06278831675212397	0.041600233985607415	0.01754407226393664	0.0934532008784215	0.01743135159822086	0.0378548716980555	0.12331254844478853	0.04401425980630956	0.0512274482832019	-0.05374755390191188	0.12608819030815457	-0.05902973544169865	-0.0030848961932106646	3.750309729750115e-05	0.035193752024049105	0.097785552588358	0.12181107198450258	-0.07499524679357514	0.11176923476028205	-0.02122889053384599
0.0792425675638689	-0.0460947443124538	-0.11237430093477861	-0.01122268667109289	-0.07654452963405196	-0.01967368345653993	0.06432516956907097	0.08274160731911419	0.10796255866212902	-0.020242778562369203	-0.009679840093175868	0.1342356975753025	0.026218258679267702	-0.07305181586725755	-0.03847162457510358	0.032869382796409115	0.014530898367046	0.005447527216404326	0.031894319461538534	0.04238367324792699	0.04871108417831681	0.12474745934169693	0.016948111335006025	0.0047587072421138125	-0.05173041405034943	0.09318309636410271	0.00925845072088402	0.08966285658370347	0.04165238300003224	0.02598706762238123	0.053166952219120926	0.0021923972280720253	0.005312865244211328	-0.011869940915984693	0.09536010456083815
0.07457740651873934	-0.044352208096139274	-0.08804859088744947	0.06225260422720206	-0.04838106147184811	-0.06922636389440924	0.03665747994855398	-0.08300478771366804	-0.10172054033183439	-0.07788472061156469	0.06354566523453867	0.056735688050336776	-0.008951726171749963	-0.026755094566879314	-0.027701827104244237	0.009890849170287121	0.10275816009725795	-0.110022599065221	0.09228971676313727	-0.04330022607419691	0.08078301651461488	0.002197432676872546	0.026904732833064913	-0.015128251075511101	-0.028493255698701953	-0.00714922365871303	-0.007571574601579138	0.10645426822280536	-0.04024425824260771	-0.04864149815708869	0.08769096447809557	-0.03783084380956042	-0.019001596768175425	-0.14407328091165397	-0.08740710886121845
0.05311630358297385	-0.02975962969564564	-0.0955076852674305	-0.009862812501226356	0.021239813401349783	-0.020719811297726605	0.019503186408242387	0.22699844942460584	-0.0697268120007415	-0.0511956201537886	0.03703683757897293	-0.2580861566400305	0.1833313725865565	0.053324508916246	0.09664964911107059	0.019411694369468685	0.06854759669320767	-0.22075624047514295	0.1213115771113126	0.06322635698479144	-0.14209870323319865	0.02521714350571011	0.16796484746314713	-0.3898739719956866	0.1385977665095029	-0.08522273406247141	-0.3033120859842791	-0.19374873046643218	-0.3002039415438721	0.17409699487044908	-0.0884561723529398	-0.05098589136228309	-0.13821209982523044	-0.03249588974604835	0.03000785347094366
0.05141926959281458	-0.01581559060989524	-0.08974290228134403	-0.1765241682681054	0.027501042441707414	0.02624247524814473	-0.03106681412521399	-0.037475526331222316	-0.052514036132619735	0.1821133684585158	-0.0377025247436686	0.037626795299133445	0.007304375177374497	0.08455801982280775	0.15462686678560444	-0.045234848542036125	0.17241955485510946	0.0483316038831416	0.1471998728985388	0.05198610911191459	-0.06689855113474139	-0.11289348579515664	-0.04438866725404525	-0.007729041505480955	0.06692099380512787	0.11180758227231725	-0.12340790745343763	0.07444751393042161	0.04350859427526399	0.17645531536406514	0.05189432995454686	0.027561927136444717	-0.014871337250716099	0.021590578116577226	0.2613228530711513
0.06621825251565679	-0.01409261833228085	-0.1644161735080933	-0.03881463274229195	0.04097366247647655	0.04763236561060204	0.125309269384998	-0.009829121644074734	0.04251878413229433	0.28271423877037605	0.011925183588767983	0.07149222441421825	-0.07356254731744973	0.06625378726693841	0.19451805643691727	-0.03174764313942572	0.19955381810682918	0.07649802113884385	0.04909466478511779	0.06655614987587115	-0.05100366960294911	-0.17627297395905428	-0.04977908904140074	-0.07514445509163652	-0.03518228709780885	0.06461236985362442	0.20007886622379334	-0.058059478070445536	-0.014082747889058372	-0.14362526847308207	0.09310079703173088	0.051289247351033455	-0.02790525799080556	0.12527397014643196	-0.12221287767430239
0.07367014128942587	-0.024935767340563263	-0.1892174106548782	0.006631346786453975	0.032763917037196354	0.060549324052842995	-0.03507918620776573	0.18841655710698396	-0.10239958762238639	0.19685519581701183	0.06557479258993003	0.10120658633988683	-0.07969352789371544	-0.05874331398258506	0.06566921658792062	0.011829164194028713	-0.021720206447269623	-0.09855075803598595	-0.1508291180601229	0.05193842188773414	-0.0028590140011754226	-0.10204798212482273	-0.031823815225867	-0.06819446109720811	-0.10007334721066743	0.006694437874942408	-0.03943904982768562	0.01553593030813046	0.05848877404351811	0.035378335000337796	0.007862607605958569	-0.021704736074425086	0.038745489128120356	-0.0742749252964097	-0.036977852839443125
0.07233950800578094	-0.02794386582525649	-0.20826244672457284	0.05464716790908204	-0.06660162001760697	0.06049849612784993	0.0011218216540924526	-0.06976444384861392	-0.07128292134612042	0.18771991270381364	-0.09122444517253395	-0.09582425587006264	-0.09931575493967777	-0.02069420768979471	0.0054561764911806	-0.09386170441825717	-0.013571384258318633	-0.039213294526486524	-0.013590713036051812	0.027374790278778274	-0.021316330033216306	-0.14641189525275625	0.028093409467278462	0.03285383262505729	0.0633985676083597	-0.10861227611519157	-0.08531132365565809	0.08363783896306831	0.044128119470149975	0.007961617065885579	-0.012747806872707258	-0.026165872181068986	0.04108748753898684	-0.03231614180830115	-0.039558093266935435
0.0680014275227085	-0.028943862363247887	-0.18041684853745524	0.005037684507679751	0.014334506654271313	-0.022484896577062315	-0.0980550885151507	0.06659680944801155	-0.1585687232558035	0.1268263085274608	0.08797590772031358	-0.04885932198345031	-0.05882485368347154	0.056320553006114146	0.015645962590370238	-0.0852737958513192	0.008443147928296316	0.0408805768962414	-0.039370802415646146	0.007557869125223773	-0.0007526318576545647	0.009443426603182418	-0.0902392951810244	-0.02941718051071008	-0.00391380120248736	0.01678037002929136	-0.01967792819598654	0.012348461107508146	0.033514679318586885	0.10288100418259155	-0.04235495717851432	0.07641418986019813	-0.018565620818668013	0.09870858458542872	-0.01914541587822969
0.059438806772281846	-0.04705371634385703	-0.1820198334188469	-0.07703315923479259	-0.06508393801035725	-0.08907946330990832	-0.006367376291320604	-0.18405499173829432	-0.06881034620211672	0.08996140713753313	0.03923806479953533	-0.11112575225694246	-0.051735894347994665	-0.03067267294621022	-0.01213475008092291	-0.0454252060650123	-0.12470894780879692	0.07960908853631345	-0.0945561427880009	0.18738586217271114	-0.019203459552357593	0.013793654227084928	0.05560612604787221	-0.03834926260088333	0.004726482819539404	-0.05758672637459483	0.03384301503602497	-0.07045848563418781	0.0977643185986366	0.013606726502630888	0.06482986069205336	0.08627475136581603	-0.02871317076869495	0.058887365048609155	0.04970641690271342
0.07986932688641495	-0.07221775944785645	-0.21875320451460653	-0.05733556529358523	-0.03549307721636059	-0.060621692800076926	0.007947302955131614	0.09195779935434566	0.09037193575486009	0.024901216477299978	-0.009606731421734776	-0.011204657839679836	0.004278786285834941	-0.0019038488749461605	-0.04946293851001906	-0.019482412389017885	0.07700306767260533	0.1162391464034303	-0.09108401064830442	0.05530133193629675	-0.008193381871565127	0.02546774741564451	-0.046085410488066504	0.0592801743369943	0.07902202658507348	0.047570764119540344	-0.030861861372291043	-0.10885891073650529	-0.01981579261831826	-0.08256291049135306	-0.018992093394160747	-0.17901974733971932	0.08333498013147841	-0.04341230793536954	0.015474178714728344
0.07472701307941414	-0.07322191778798764	-0.20848872809390567	0.08936786337082964	-0.07329476078755644	0.0258190466501562	0.08952559565839069	0.05952946186622684	-0.02590209782790934	0.049790861199947294	0.0148427739095277	-0.038682234980960954	0.016818546581273876	0.010943596968867944	-0.05128555720270658	0.040279044900685845	0.09001068563271723	0.07064512626450853	-0.07040483848281928	0.00020738626519059382	-0.04090804711062111	0.012474815491868338	0.01287082066851471	0.08187339899448527	-0.08120597353544279	0.021803502076853987	0.062450326875262654	-0.06084570327849069	0.004518487100921155	0.04213176652420998	-0.06416147742914706	-0.12857723759785053	0.010894599966438798	0.15029943426533285	-0.10898149290514567
0.07610885774108075	-0.08338099305734664	-0.21986424133001703	0.006003587827896847	0.04911460904908128	0.007110729934508104	-0.044302502882409125	-0.03691348650767496	-0.017017202118826825	0.029823220368272264	-0.07580651417966477	-0.05263140739971472	-0.09304632019689255	-0.01834726875678987	-0.11432360389436867	0.1219746750426331	0.01020560903739955	-0.014892789892365588	-0.04240417378611397	0.036170662387757395	-0.017411701607128894	0.09884384905632329	0.03155736674675278	0.015880386884831454	0.10428775124516923	-0.08370403243305828	0.08004529488188662	-0.06098041792140038	0.06339829910392285	-0.07239854355464227	-0.051708620246505646	0.007438226736369166	-0.03733988746982315	0.09455391895418522	-0.04717102173443823
0.07268013424935231	-0.0833923534560212	-0.20752737901515067	0.028179103248584626	-0.039434014999378035	0.04860547561982276	-0.019017647845749483	0.12268307912751418	-0.038725133433998166	0.025097682617910642	0.032146003447926834	-0.0006155597920852927	-0.05290273479143609	-0.07284930464462294	-0.053798569983021904	0.017921207874588875	-0.1160812677078086	0.1523327008078113	-0.061352802828288894	0.01895556247285032	0.033843525659849626	0.1331772200900313	0.04674898609087527	0.06800383228603565	0.09001711227337572	-0.0398313704707666	-0.06639941788382324	-0.04147418663275336	-0.06506528902904316	-0.026019409510454956	-0.06740225276208414	-0.0662560734122937	0.02280645979325767	0.008696201040977555	0.023269540836011366
0.07168086366157168	-0.08008278733950218	-0.22095615930616794	0.06319413272495288	-0.10340125240711887	-0.044222632469243975	-0.0062478271521023135	-0.14997790584149237	-0.0026430389686496543	0.025679080258786544	-0.020884318311140144	-0.036456370687205364	-0.06944994741197563	-0.11119444249225996	-0.06136306731222432	0.026336201023482945	0.0003533636906112034	0.1557012460409797	-0.07161057739157586	0.02833571945512025	0.00478808490181408	-0.06283834111200344	0.12310483331476302	0.011452243159848143	-0.04033738026515562	-0.11137460139014102	-0.005911615573980033	0.07342182404082975	-0.06129429745931502	0.11839225228271652	-0.12197857704029834	-0.010904854563389056	0.01143998243039765	0.03003635682390441	-0.04995650619956277
0.07622830011723988	-0.08844983309780288	-0.2349375990530566	0.06945658030670013	0.0009976653636070286	-0.0732782528108919	-0.08934391237160633	0.004412707283323894	0.03362595347705584	-0.02066362586287277	-0.048192612584510484	-0.11861632673697865	-0.026861314968443056	-0.03617659871456833	-0.07830761912180666	0.03854308735790424	0.008482672136494528	0.06838534089282804	-0.10716783481500577	0.049798057758047215	0.0037057609117807054	0.019532955984153846	0.0030272719798642373	0.01946277716955728	0.09177685583076	-0.11903278959850877	0.05571302586293993	-0.043900734141585705	0.015664036962290462	-0.13466066415310415	-0.1469960903242906	-0.052003640452750265	-0.010370944993784104	-0.03338071805608961	0.05526309840076164
