pca_00	pca_01	pca_02	pca_03	pca_04	pca_05	pca_06	pca_07	pca_08	pca_09	pca_10	pca_11	pca_12	pca_13	pca_14	pca_15	pca_16	pca_17	pca_18	pca_19	pca_20	pca_21	pca_22	pca_23	pca_24	pca_25	pca_26	pca_27	pca_28	pca_29	pca_30	pca_31	pca_32	pca_33	pca_34
0.13828526977861097	0.013146019520442805	0.11597126694229037	0.010423510657169094	-0.14775985016194065	0.042970808902485697	-0.03233905387221113	0.10659650113943601	0.14169992371733856	0.03425468104559668	-0.1333002140131679	0.019394380828149652	0.05798447893789977	-0.11307113280368944	-0.03911206584643966	-0.03184046294727267	-0.043055496136259336	-0.04226324573736192	0.17663124993711418	-0.10270848056718865	0.17376771880187336	0.0211622431703973	0.08834440408054987	0.1827972180765661	0.161466351503824	-0.12027909516039122	-0.007589078590696727	-0.0811833162739433	0.13447728414307847	0.08682346790516438	-0.08130367729254503	0.0892401480569342	0.16095941576648995	-0.20686735221651478	-0.06176437635772583
0.10155874993910641	0.049471882166653436	0.10800305618816514	0.013018811352449554	-0.0454520504799066	-0.40274562503184397	0.010686532811314556	0.04885594770395261	0.11476501016997405	-0.060328042625187456	-0.22016025651014057	-0.1610911340135098	0.13588593467929289	0.02267896673096833	0.25783857600714344	-0.07231407414395948	0.07012324629357672	-0.26038151682940464	-0.021113583699768127	-0.08797362894545785	0.007218763052427132	0.12151900880666752	0.13926400948663384	0.06955503273101422	0.037558762588824325	0.0955060146986823	0.03638034463063679	-0.15247919401488588	-0.15118292335192507	-0.1524539671865377	-0.07795325784681752	-0.08835418909770462	0.025518739320696465	-0.1385411292907633	-0.04432570979255945
0.08299168516857133	0.07184627908486571	0.08310189610622676	0.024983320052667957	-0.2371546748905985	-0.025496494956720087	0.09497481646677289	0.09350743403558456	-0.01719252330977622	0.12496421055895836	-0.00168118299677672	-0.22783563600519585	-0.01987208633698085	-0.15013715982955533	-0.19857972952764164	-0.04615950418707	9.108496342134786e-07	-0.1448318920316393	0.09866436873460616	-0.05712855012070214	-0.03527330073541668	0.07111956265377055	-0.01709831864856225	-0.14354848638219347	0.13530830042926215	0.07490283446195539	0.1356557762325288	-0.029480361667987107	-0.14770401713379397	-0.047013914360713956	-0.054200170674659126	-0.10510807093700983	-0.05108520090103187	0.10696644607722183	0.09064416731998008
0.1091822179805118	0.052540756416767476	0.08108051492407548	0.03717486264065821	-0.15076995688557093	0.002010018935424296	0.04698679331773413	-0.03911734339945466	0.01589285642422933	0.15701305014013806	-0.03356959557797587	-0.16822710836901095	0.002293967204516245	-0.07288598363220844	-0.12656497646233195	-0.04450908144294721	0.020457970969493297	-0.0758911524406488	0.09257727187130946	-0.07237358480453543	0.017716960090530462	-0.06767812428180242	0.09452010493485447	-0.10740146623753323	-0.06363746977411616	-0.03578478316089992	0.14728048773927374	0.08322189442768131	-0.04700801789064421	0.045475448763122435	-0.013614059271989266	-0.23682337699309897	-0.0019255532360447254	0.12742668841627253	0.034917092732730644
0.13269283900418194	0.01684673501405687	0.07438680082916013	0.006500997316210042	-0.07611122318273073	0.07900532204792214	-0.07387975358644948	0.014073380093221233	0.14837213653655323	0.06571373336047781	0.0029939817829053583	-0.09119170180046893	-0.009159596012858165	-0.0225567602383748	-0.05475617459594835	0.006279643014317743	-0.0027513311625045334	-0.06476950919796909	0.017580582196225533	0.05807042187051457	0.05664209783621091	-0.004963764188775364	0.018765356998939824	0.13998187352109676	-0.060921215403127615	-0.016878789140462126	-0.0067840708262808915	0.03752677168823778	0.15919450602890692	0.062343393643820605	0.02559525677243613	-0.035500245893022586	0.15076001438557124	-0.003384683764377037	-0.10077489151883728
0.1408942021539469	-0.008564164098704419	0.06754310401289343	-0.005188399099772367	0.032764056636606864	0.028892631905121383	-0.17521325943011357	0.10289972009144172	-0.0009895207389134797	0.13651453359759586	0.05714155895645273	-0.06602347558209058	-0.04975839535216571	-0.0018596393465582228	-0.0023404575455679144	-0.008713921353524348	-0.054288295996193794	-0.07595969968320482	-0.021439594031944592	0.08614923131313779	-0.0433271972605819	0.03142880188083778	-0.06892625326999666	-0.014101473551563992	0.03901601007423178	0.04666099201575774	-0.12650027081955847	0.058852480327996344	-0.006150491315058626	-0.09889292706751619	0.035574495377174505	0.12814426437801774	-0.06221283401987593	-0.09227033215829633	0.08675258177649661
0.14304608548454129	-0.01653709395654796	0.057447162024186614	-0.009538823719277001	0.038768388279489696	0.06799578716181458	-0.19181699032023064	-0.09786966641488912	0.0504421541516073	0.11841890142814994	0.03128412311004919	-0.02066085545078176	-0.0439584110859146	0.03170029208129008	0.061662773739377716	-0.007076694901306576	-0.088474142085896	-0.0825486029980359	-0.08442550461501062	-0.0023043302315242974	-0.02653045058478191	-0.047033769960753646	-0.037639224042913005	-0.10544365251990301	0.1147618901737403	-0.0014555617232178547	-0.18341196380557484	-0.02118135370950314	-0.01772519449777115	0.0468553355447064	0.20236276684722956	-0.003560946499290958	-0.10142091712876891	0.040038434984748725	0.031700252495582254
0.14248078838562298	-0.013193029199122052	0.052285177137082396	-0.005204977742240602	0.07169767902408858	0.042038040000984156	-0.20268599967902204	0.08427933440830065	0.047014312873864206	0.0617531880647872	0.05935443712595319	-0.04683405158739918	-0.024750703264992235	0.022250849190364436	0.06859134171088295	0.009400061360875622	-0.12880755091886525	-0.02264832122809042	-0.10838123741362116	-0.04275672377407001	-0.0306157688377435	-0.08190245118707046	-0.009629780742778982	-0.13858263836394544	0.06267039283581735	0.028244868245052693	-0.1437587016030816	-0.07879808088568913	-0.029087112379773614	-0.07076125267340128	0.07330022353718932	0.030604208904836158	0.0559262376291986	-0.1365473059816435	0.06315333624877494
0.13835603353575182	0.0016244290150424189	0.05194948691044428	-0.004454717271578534	0.030364208975215363	-0.03846509057387071	-0.16407878899046197	-0.11323240723070059	0.01980342067046294	0.11979619048153964	0.024112215358583267	-0.048537943971635765	-0.023631988652192584	0.07241928079069633	0.07730128341296363	-0.028434060582149694	-0.07203936130436366	-0.07071501476389407	-0.1530028769780654	-0.05726223070002563	0.04719301546317717	-0.08535305744777956	0.0494115371056697	-0.10110824354768402	0.029301924671704005	-0.07986443776655869	-0.0244827822563802	-0.09210718258369735	0.029119349093892515	0.04425936319281145	0.07192552807706655	-0.00042451318686347744	-0.08771316955585237	0.049429484824152645	0.07566143665456074
0.13960391254952068	-0.0003158692828006984	0.05236468810239494	-0.007801231506225914	-0.0017250332410171931	0.048657894490338985	-0.10929178694559112	0.05648454035349107	0.12160827072247768	0.036988388852854354	0.05066489325970003	-0.031340882081380195	-0.0345293317526911	0.04934623453635317	0.015714935629981622	0.0216932387873085	-0.03489608540912722	-0.002402412573967984	-0.12154345203508597	-0.00869336333350987	0.06559410982688468	-0.02682938255737405	0.05187466731083741	-0.02993425525301023	0.07102917447633518	-0.008609009995790645	0.00954503941140589	-0.09843050016240773	0.11783735618704069	-0.0025011978790722422	-0.005746011075783375	0.09761211922162863	0.11822063956623484	-0.010732254865909799	-0.002687758863891429
0.14066704431812135	-0.022709326320524782	0.04389963922816506	-0.02719076933919548	-0.011477091889783186	0.017326497956153153	-0.03644795279162433	0.056504765024623316	-0.0436241792002081	0.15348042168007497	-0.02914455527770632	0.10379705429381067	-0.05446217166668996	-0.04442506671807246	-0.003574343742183475	0.10168212572661592	0.025932424077103874	0.06165707286559449	-0.054005580219400356	0.04955120122977526	0.014859685529678812	0.041562278669603846	-0.014440615146842965	-0.05911040887132363	0.1035123641307641	0.11255156714455576	-0.023733401334718025	-0.10214375369366911	0.1549695014449968	-0.012973503764287093	-0.04109530995717494	0.2164874406527593	-0.15044338711228594	0.07617944111857826	0.11477292335491782
0.14314638170925875	-0.0302970525369824	0.044247904223646536	-0.03154470061954994	-0.03012876723897169	0.09948650097335443	-0.03850476446443862	-0.005184114714051939	0.09615536515897391	0.05067588901822634	-0.007609345330406636	0.11238696665542106	-0.04978135734812705	-0.039374704496620394	0.04476500107325421	0.09412224307779708	0.09048115670918007	-0.017988355983967447	0.038754356553179395	0.10949299684858356	-0.025575661992295995	0.11926479065794696	-0.010785360933701443	0.025325147432338366	0.11672651518025697	0.1275143982674397	-0.16020427152931987	0.02064908235340393	0.04260018979003678	0.10033433576998925	0.05339162867997327	-0.015090231885325855	-0.008355209949723805	0.08769798611640071	-0.08186515607372451
0.14601399962550263	-0.03628863357551342	0.0337188690844821	0.0009089470880184712	0.036843029725108126	0.045095480232303864	-0.06117080845312874	0.1098116652870795	-0.03148175701532886	0.10456002715957219	0.05230594615299666	0.07439202552363575	-0.03718674513218101	0.008696095040339302	0.06982997778208708	0.07329247846374908	0.048434502005989255	0.014737070969010266	0.07362695641415737	0.09287952369145847	-0.09470333858448808	0.09799323037146089	-0.009692339608803613	-0.011014012134872242	-0.006249885891043111	0.05441805676826017	-0.09476207136106106	0.17977379653096942	-0.06407227874542265	-0.07293484235218847	-0.150476855417371	0.09637344277190094	-0.05967195054423825	-0.015465554686584615	-0.0006379702805542273
0.13552715104813676	-0.0028705701476195375	0.042038764963023854	0.024287293236035276	0.03609630840324354	-0.021908949002451217	-0.04055240168496094	-0.1048215048380221	0.08585989235936614	0.1058178260632083	0.0376735511988793	0.016031678376820156	-0.024662856797446064	0.06013831044327367	0.12845361503600164	0.09140193094443345	0.11691046452911949	-0.0350414737746355	0.002710512092100381	0.057042895311631744	-0.0029848988588233316	0.05109415806678551	-0.008503137411219002	-0.027886219460453693	-0.10145498667087852	-0.07139969992577644	-0.042934771502441675	0.20694131215948414	-0.04736545911770729	0.10108445926514617	-0.04191186087692483	-0.04325689908786533	-0.001846322591780289	0.1821456565119545	-0.08381509585807692
0.1346249017796509	0.009848606734832347	0.04596523851305001	0.07940911513821841	-0.007429029981685516	0.1022266133930119	0.03608546312268479	0.05722019822610555	0.1289977338656858	0.05923186205344047	0.08438812481126273	-0.008731239414705667	-0.027151657950749197	0.10190475806586685	0.05182005508804459	0.15801662512780196	0.03621220916928779	0.010983404500746186	-0.01085524502013488	0.012410997119918485	0.06031071620754713	-0.05126297971434857	0.05105137958813058	0.04467329561505251	-0.14225125868141578	-0.044833888059463235	0.14516384141197575	0.0006251600228286847	0.11926091793383223	0.009830336733873606	-0.10137394094921037	0.013516923522897663	0.14582576902670508	0.010405939290714386	-0.14943740823759877
0.13625014301101007	-0.0015808295384890994	0.044841092002192974	0.07762462608816333	0.03688811412804803	0.020857845914021567	0.03802705882371593	0.0749029282095639	-0.026563434184834103	0.16214917675703922	0.006998204290963608	0.0522252361487016	0.041584076212011475	0.10281497500704194	0.0929177565628668	0.0912897134134717	0.007425935980331533	-0.023730665024220984	-0.1291421631687536	0.10682083323405744	-0.07527037714414847	0.08104523208553782	-0.015447092842935523	0.022231171602903055	-0.13691718833901662	-0.03608471209666381	0.12957802315980513	0.014552977776642897	-0.032299344246340754	0.0004979205431138792	-0.16256736875128752	0.057107559573461086	-0.02398229293523465	-0.07319184261161357	0.01686082710416014
0.13818612424252605	-0.006308992702517609	0.041839254229631966	0.028814660956610682	-0.038744893947394415	0.05050149300739758	0.0021705617611876282	-0.039882259293089084	0.1063202072892448	0.062204868013760906	-0.0071550860305801545	0.04337588544582059	0.027886427586166163	0.08501685723425498	0.07478207636860125	-0.007434860770093154	-0.056393767547707044	-0.04987723214342282	-0.14394280249936278	0.054498567724149724	-0.025587699032135293	0.0718314497733248	-0.01584459341187487	0.15490931926846913	-0.03516111518556814	-0.05172118382011005	0.06585564063856977	-0.07581688979882346	-0.07474217301559169	0.15518575891400904	-0.05775104449337761	-0.07222067736275582	0.02302456529136563	0.06969291906328987	-0.029444268400973576
0.14177701885519117	-0.016779702860140046	0.033081981470522	-0.010991010831767794	-0.03795783994036616	-0.036740336099662	-0.007109149739048026	0.13414505355413545	0.027044593276373874	0.06388388112784915	0.03366975549297252	0.08787334592790348	-0.029020262132584435	0.011119447658410109	0.0373001794961518	0.022834990801391314	-0.002472656541188778	-0.008669117144924271	-0.030722624344860533	0.04801240911470002	-0.0879168591018723	0.050748888048752896	-0.05516119698217688	0.025558933901780184	0.035289340877231165	-0.08178911408900642	0.0382866339338324	-0.0382670508246378	-0.1811974861175242	0.014739387034373427	-0.17120005885411768	0.19190218942768605	0.08085211271106929	-0.022660231492961758	0.00652482838531681
0.1385902461767465	-0.008399901449393149	0.05694061826471236	-0.000674963278732349	-0.0794948901650802	0.06711915718101424	0.00034948349825689173	-0.0014644895412037617	-0.007765294680963708	0.16635504010361868	0.0006692817229837639	0.02218361680176495	-0.11435970222616303	0.017805423922188174	0.03788449153094241	0.02312561227405771	-0.005019566578138972	-0.05663087523152063	0.07145237720449886	-0.07406262156353764	0.020380616569739697	-0.02084337228196065	-0.02516070511203361	0.059288137495621535	0.044189768203363886	-0.08309632669098557	0.12415106207020012	0.049173330871487425	-0.0731591278233967	0.1279565744249294	-0.03384689387411769	0.03894196553379639	-0.19715149059126136	0.0351689247896656	0.00452290039059634
0.15269666423607042	-0.06612401810301229	0.07233376625631302	0.014222566365838947	0.05300661438882057	0.20758752780459433	-0.030388345738112	-0.03040544701239592	0.024538638021604123	0.07915046050570412	-0.1016387501409767	0.056729088243186676	0.018450018540665275	-0.022535195923104545	-0.013557231756153088	-0.022579456456169433	0.013291187017673678	0.09928874933344808	0.14649014647148426	-0.11643562447727365	-0.013567776562079081	0.06730141497859099	0.032574572658475055	0.03552746421972023	0.17406518949305824	0.16803263801500268	-0.06315510129139569	0.006737413213981858	-0.011570551832320197	0.0950533843304889	0.25783653768729065	-0.3536468607381172	0.009242651193353692	0.047946104404813644	-0.0002822949585135526
0.1539755355379368	-0.11793034205300565	0.06615930681996589	-0.03603007743478398	0.1270833701623264	0.21434602383205223	-0.08167728167028715	0.09165019362203702	-0.06894713845426778	-0.024894987405054705	-0.15665837957747358	0.09172115117788401	0.03792170850560819	0.003402153926830905	-0.006838624120348413	-0.17375287392762012	-0.035748600246861356	0.2712649613387529	0.21023460249685583	-0.18091953233135552	-0.12438186973555385	-0.02360177155992315	0.16536544896495545	0.08304191225301294	-0.1453901017956566	0.0034948326849911183	-0.05343656246705523	0.008689474535183511	-0.040472293287877034	-0.1480576663213678	-0.06323608324790403	-0.09192430929189241	0.15495760411361298	-0.16126416242300357	0.00612758276004103
0.16357972341858065	-0.12707419092103095	0.08396728434013892	-0.08702568799874741	0.06621643152327562	0.1131511873287701	-0.026114618774990193	0.02602722549156212	-0.14132403574136435	-0.018129539313722125	-0.21209431027229125	0.06505895724335642	0.025818744559130913	0.01632718583152966	-0.039427038377966434	-0.19286948613544894	0.022445915247268633	0.2362671385134392	0.24857084881796832	-0.1398410758005563	-0.06628822685015995	-0.010899579988153232	0.06041385131564221	0.03886805863651499	-0.13130699827136516	0.029660042763842556	0.13607542280799947	-0.06861571661008091	-0.045033990082232744	-0.13688756644685912	0.0024020239034919077	0.11276105184804988	-0.1823104225318081	0.10913162180168716	0.1770506794809772
0.1574563342324197	-0.09857352293067127	0.052539963931766	-0.0769254837037501	0.11067379810646266	-0.26781544292604187	0.011262520608195874	-0.1257325493455859	0.04323428524316863	-0.09027853914542197	-0.32706375669291143	0.009397126794440158	0.020851386491180235	0.13013880698045277	0.2420220969104289	-0.19523888981014983	0.22824593773011403	-0.058879818288490766	0.08192959011169579	-0.03117091039197619	0.10843591292892638	-0.0059672367010498335	-0.19350309702710744	-0.2223539956771261	-0.28194219988278874	-0.053638152640891376	-0.00682301983748794	-0.023803513975073104	0.11292615548250912	0.08482868911660747	0.16048425922243117	0.11377599966352936	0.00036345512443498873	0.09549810747453476	-0.10892447580535132
0.1495931225041549	-0.0613522089992689	0.023831820387523264	-0.06191884535180463	0.03367048649479872	-0.20924298667011992	0.1938946144684478	-0.08004882000666695	0.05729985849828717	-0.014151687225838368	-0.04921172690260122	-0.13976588389412292	-0.4695748676071445	-0.04368370022645422	-0.2536010292455191	-0.1777221950602551	-0.04649895471391391	0.302481555467691	-0.29257796839128053	-0.06802290327143373	0.1909438100990704	0.13770978657500704	-0.21501153252936694	0.04892540601074863	-0.061250027732434986	-0.025484343757958404	-0.17199738377585608	0.1297915696820806	0.08928601367546321	-0.039960934238153216	-0.15171486174031568	-0.19278907425408537	0.0016452485289517316	-0.1043361951828127	0.019055938294616458
0.1339335698815207	-0.05117428346690353	-0.08581557104011546	-0.02637942673143753	-0.09843783923984879	-0.0023301404396717652	0.3086194999397791	0.0957819071411848	0.07635915992439071	-0.0628806373468194	0.02095843647428991	-0.11152397975137301	-0.1048380375053794	0.17880462726925553	-0.11156723634628044	-0.1291505271294256	-0.11594108169546458	-0.099551088708759	-0.10552999453416279	0.06025907276414585	-0.13543538613902034	-0.14201239116945324	0.15151534080224155	0.1470073379111994	-0.007854711332430583	0.09919532215774238	-0.016255448837384293	-0.13910026351362706	-0.006860852906958509	-0.3416204382310545	0.13233898233400054	0.1692457315462031	0.1451280109448041	0.27200070687441125	0.035245596967607276
0.14435465315070867	-0.08239731791730213	-0.07956784027547915	-0.05182073505418368	-0.06318768778447116	0.0003813989685891957	0.1752739786006045	-0.05448997020160475	-0.10983655120930615	-0.030318177682712045	0.014947740316247207	0.06828712819583624	-0.05659372714292854	-0.03571383607586409	-0.1405139560412803	-0.04089320909374386	0.023129553293271553	-0.17011053349818267	0.013104096669648124	0.07544497541453526	-0.11659648473803405	-0.16219196299610725	0.13092272478270633	-0.016250952500049515	-0.04750482537345077	0.09121311113458336	-0.09456552348664406	0.07709458203709882	0.07115218355206773	0.07165685522254917	0.07905095834013098	0.11355926027744384	-0.1132792930307932	0.07619378366091532	-0.1045199282840483
0.14759478291821918	-0.07997860206475768	-0.056819776857870284	-0.06293810515543033	0.01408587292714046	0.021724346801679964	0.04860841682421528	0.02466113241664415	-0.024524340403237543	-0.17500355395204661	0.035785028304790356	-0.030708705929039334	0.01821236784188951	-0.00703524078849449	-0.06902320477858453	0.05501693480112457	-0.0687468321178768	-0.15412559541638873	0.04890268938955389	0.05589968484594342	-0.0006468731261454752	-0.0821875542753199	0.08691999767232282	-0.04657496147918665	-0.15138306684142974	0.20644653077695307	-0.06859895316317528	0.14469750400331455	0.13213495846866327	0.021276779884810797	-0.00971668878717567	0.022063315553750823	-0.01331785804888129	-0.16486136308987212	-0.3113247092365207
0.14626346291014272	-0.06996901014411819	-0.05659414007516436	-0.0503691704422045	0.05499613830969694	0.01511820793046814	-0.07219263795600456	-0.03887198607012364	-0.22043076271724388	-0.07609230721007329	0.04289089830657095	-0.14739635886378852	0.14819415423786067	-0.013378260468107278	-0.08693377530210322	0.07121453342287973	-0.14087125015829188	-0.031737088091009794	-0.07531731901350616	0.07048618415433563	0.021939809567674523	0.029358753128283524	-0.013120901102842364	-0.07156266971156328	-0.15208296837500795	0.19074872683975153	0.11697598384798838	0.03252839881619071	0.013357146545063592	-0.08611441041739774	-0.11076295940822935	-0.05178954466587405	-0.2144473306357195	-0.0935957359081265	-0.04715487980204032
0.14406384514421944	-0.06342862675061998	-0.06470993588292034	-0.11383034964962055	-0.00864590394702015	0.060870129642435655	-0.10592731767872539	-0.12897286063525926	-0.10812883649976451	-0.18673414636651398	0.002964578133223776	-0.1004729936004786	0.1647300042058873	-0.048080560576913726	-0.034122616008232354	0.07440154269477023	-0.12618113712128248	0.05490879888804978	-0.18462601417267988	0.008429685733756964	-0.008895685215652482	0.07432771234832194	0.012741397422716863	-0.044691713619472814	0.02252135449267223	0.12496259341513044	0.17039704967648572	-0.08241618833793003	-0.06164714681399373	0.17805622350183736	-0.055101323720154166	-0.10198299151010509	0.0830180478323914	0.11862245112305944	-0.04497027203694552
0.14408582245925272	-0.06688329757077714	-0.066941446038387	-0.15407033736835407	-0.01705775033077441	-0.019880595031275438	-0.08991087453683669	0.03854249131418778	-0.1551974667412298	-0.19598995442557818	0.011673589790138945	-0.09483539611533891	0.09826632270920704	-0.10093584752222277	-0.02540152480970398	0.07637107920735592	-0.0471479331431911	0.027702847052245294	-0.09666502343027522	-0.02324784058963169	-0.06906925077765874	0.0204576503877894	0.0307568634050977	-0.09241673465152084	0.03301663318837334	0.033280258647471986	0.10705115942255951	0.037167269621100354	-0.1092574641660258	0.04945533144860266	-0.15335061811779488	0.05775378244271446	0.18804531152160653	-0.054289743060455004	0.0744059043334496
0.14085417692417357	-0.0605158831288525	-0.07411203830354006	-0.14047222311088245	-0.059462442913003614	-0.038134522185381596	-0.027030106441343713	-0.12084525808062407	-0.1536808379003769	-0.11617352328104232	0.015258439067181917	-0.11228548973734068	0.0021242631581786554	-0.09980249076924189	-0.003556020228379031	0.07493171666548537	0.09271638904835564	0.028264401460023014	-0.07451726685581093	-0.07274572635876353	0.03328554487578238	-0.09260331966001702	0.014928322945291672	-0.03247864794218207	0.08939154600051985	-0.1819127176637935	0.011533155179069774	0.04821448183022194	0.0037366482098252843	0.1020369336636813	-0.03804555761747101	0.006416650487088421	-0.043620386966087416	0.13285449927418103	0.1625447425310316
0.14014682694785008	-0.06479270969325665	-0.07878047675293477	-0.11549497768823168	-0.04950906302568733	0.010252309391644742	0.08091797190780248	-0.07000853079479664	-0.01172190607664692	-0.17415431520505714	0.0498509610835673	-0.004215511171326681	-0.007223158133153345	-0.06813463625368014	0.01912080320236334	0.13455285111730855	0.18893407812203156	0.03266980589894458	0.03650569612006631	-0.018611920874469	0.08187284229309583	0.018082940291159436	-0.12085454373426592	0.09401577031151344	0.18463321095077195	-0.0668302307899904	-0.008781372474755997	-0.004377433617970342	0.05035647942134466	0.0082857033012423	0.10670436426703159	0.03937249862269799	0.18564393064542584	0.12388604097515249	0.01895435940281126
0.1412151972687794	-0.07009487519431634	-0.07153217162609664	-0.06216695525052543	0.029218026823256676	0.019267858068794084	0.13749237088220737	0.06984683089579953	-0.02278532729756513	-0.15090973256615595	0.12264891752294046	0.09150788610084629	-0.03456992823221429	0.01815339303034178	0.02885074324861521	0.14792472436603343	0.15583668247969978	-0.0006403839897344832	0.08279953096544855	-0.01726959623606697	0.09424989316674151	-0.025017802985380228	-0.04728446038713138	-0.004712429506862514	0.13721862653695419	-0.11496841603377833	-0.014459068904711853	0.056216792718235487	-0.03698902783445715	-0.10228435053385505	0.0410078773009937	0.015203534540900288	0.12021704407610892	-0.2875141673985778	0.006937632022013432
0.1333618952317281	-0.0602240406521002	-0.08627220537159898	0.0019294719778183498	0.0729662460984574	-0.036790630452955025	0.18192599268966492	0.04289449833701328	-0.11140466387194124	-0.0208671340714961	0.12361452069548116	0.09158727937099997	0.04334226633120594	0.10572635970632972	0.0642057181100486	0.11399338929783244	0.06342866089695365	-0.033464050238827425	0.03854564084434352	0.05710912417951967	0.0900494564087618	0.11559736970474535	-0.13344720677555133	0.002901783277997244	0.030076630850668726	-0.10054368709202798	0.010402608643191508	-0.00921980762114065	-0.1501580468188794	-0.18956427176367907	0.07445991723583428	-0.05974178849228535	-0.12335092020511099	-0.19113929221606482	0.1848933181742862
0.13532384077383655	-0.06882355823399854	-0.09856892064784545	0.009970615954987869	0.03371722667693776	0.06730915611975188	0.16782152734001904	-0.09825388589074704	-0.10927028862661821	-0.02949697920563116	0.15100515047287863	0.0833115673677447	0.048175883692781474	0.1076788239560596	0.004814278859372819	-0.030166536260137395	0.008586200845772881	-0.06610426321462916	0.027369322111307465	0.030577326085530394	-0.0075777595824159105	-0.03347967137861976	-0.00010836134637207812	0.025567950129710117	0.007170458366208415	-0.2752865721187703	-0.029877209577730997	-0.06769381797947108	-0.13853961022655992	0.055460585529627446	0.03201640819676338	-0.1777244175084569	-0.19568489695085312	0.03662382994893748	0.0576831347447925
0.13798405831514574	-0.07430975229815699	-0.10273974208300747	0.007889697950344403	0.08478803887777935	0.07539585046012713	0.10523568141131875	-0.04650346856315455	0.0211564403559626	-0.15255901137520356	0.16958372914279127	0.06113164517413423	0.028988354576005983	0.03202082440217759	-0.021789095587988107	-0.06381669441559702	-0.033726244686339675	-0.08343371160212598	0.05056662904973491	0.11289857220398829	0.0373462723101229	-0.0339378862779522	-0.023801947994835433	0.16558083949234176	-0.017305193338306782	-0.12684725466377672	-0.011882991080885405	-0.2043112139648598	-0.006356951129772963	0.0427715097802326	0.02378207057528363	-0.11265042919005064	0.04630732390903916	0.02398082732901076	-0.16026800924317883
0.09351578463220787	0.013304719761279832	0.02610566882861334	-0.03480241916465797	0.4417981671917504	-0.43392826117121147	-0.1196730205806232	-0.027118480764892195	0.23814362201890743	0.03714731975725413	0.036516652110867576	0.21486567005899063	0.11253176279396059	-0.14187601083680507	-0.3192852769952441	0.05160150154625977	-0.08323897370877806	0.00502968904382281	0.12690831457619595	0.14455566987038426	-0.1486145351897079	-0.1333918472022214	-0.10058813809568937	-0.06301651237478521	0.08550943057540686	-0.03452015787498161	0.18415004283121092	0.05205008590020774	0.10638250701131816	-0.05164297250480862	0.027843650264445567	-0.035316146708753396	0.07265076792509308	0.05630424666380098	0.09399322786611551
-0.011407087676343486	0.12230882604489578	0.23423344780302177	-0.017254780046140943	0.10907103292144235	-0.1162458674349019	0.14876890753621258	-0.16842221031365345	-0.10335892600380257	-0.1590133153563607	0.21875431159174138	-0.02968209041139278	0.005899123434759343	0.13595216111767447	0.3502366421496558	-0.05554385001746911	-0.20640781932628527	0.07149363228768227	0.1717647646344997	0.0010851968121472853	-0.10478513215377938	-0.05619648285954748	0.07333458507846802	0.03678692334695444	0.14043340258941492	0.16922557942159203	-0.10381874336240378	0.05225366322403935	0.2367320447660033	0.04124062926297049	-0.14307619549120687	-0.09384930834733464	0.0977772035845294	0.1023712106155357	0.20716313019276295
-0.007822511913312449	0.12297557055561013	0.2364302847874042	0.014350206088686868	-0.12758742831533482	0.06332776096979251	0.13168621078395404	-0.07794843436550682	-0.03287101095891407	-0.08420643177696249	0.12895765842247522	0.057901349677518664	0.009169097781407606	0.029988182279244133	-0.09254746660722052	-0.019760319346832294	-0.04368674858713651	0.08754089296190548	0.10729539490729796	0.12966682779538832	-0.10499629970584581	0.06284860794860585	-0.0656018325197067	-0.238842676752302	-0.07792354394708882	3.292023813332434e-05	0.02246646919112605	-0.03670144775347629	0.015274126238691114	-0.05401359929599739	-0.002457821653832931	-0.0035118573678184287	0.05012250864391535	0.04402936850888495	-0.029294463203899987
0.017595059711012134	0.14195867276866378	0.21114439265174467	0.040081044686551354	-0.12252027213005233	-0.010376343698129748	0.013292301912552805	0.0573397841161032	0.0610569304660084	-0.13564462860393459	0.04424767914660415	0.051082029465138366	-0.006000942941371711	-0.009633609031296834	-0.07079225398212038	0.013064586194732043	-0.07703189569254672	0.05397749280649245	0.10140293142053694	0.18412375705130912	0.03154254261750264	0.03527929997094472	0.10322935429458246	-0.0894158062077075	-0.02285608544744237	-0.10598706224397836	0.010838407748180373	0.07263270175284955	0.18220293252089664	-0.005452218182778919	-0.012255841599632916	0.006929392292282982	-0.16077978256821904	-0.01059824462674526	0.014616594742559608
0.01721353830659706	0.13899105863351788	0.18982147041959221	0.04050368228870231	-0.11148084408008681	-0.11037088211429828	-0.024035172213221472	0.0726023920749707	-0.07724894034076343	-0.050760434498272444	0.043054296111487714	-0.003616966745468607	0.006220017445121915	-0.028361875043163225	-0.024725663774228978	0.06317318813471241	-0.054994606215324884	0.08616309939601036	0.04911463898164914	0.18720507405767106	0.019821509421538583	0.11738057549686116	0.030696152225908963	-0.016519450956865224	-0.02067231212940275	-0.035123920313956766	-0.014488299867013409	0.06853220752530566	0.0569700925319889	-0.08059748446241297	0.09262348724858327	0.037592435043794566	-0.07308392472663355	0.048254663541813306	-0.0352747061017424
-7.939856595277273e-05	0.12253711271028353	0.18859686454263755	0.024606872654563045	-0.09291378823186273	-0.10178442781976434	0.036047539820122244	-0.07636626029603065	-0.12011538646519268	-0.06461220367982112	0.034386975447154744	-0.06625510193075317	-0.01789373477436541	0.04623518426458596	0.10192194109150927	0.09406814689354989	-0.029920126054072186	0.10415946199235136	0.04584044608086753	-0.02991324209099598	0.05260237922732158	0.016089499393034272	0.08946481370531026	0.029530623625454194	-0.03636924412548871	-0.010674795577648957	0.03522952345715216	0.04729749902675944	0.03970785471845449	-0.051684666581191	0.06360472916727525	-0.019324262534828718	-0.07660193228600454	-0.07571238871917217	-0.0015406750944695104
0.014830688026617102	0.11924567517501211	0.16200887295331184	0.054237926783489404	-0.08698445857555105	-0.025712466290676524	0.0388951490301858	-0.058569466014463174	-0.016085430076616038	0.031242117120586707	0.002796060313261426	-0.08053831940142156	0.020057046428474064	0.03684648381568937	-0.034110434777310406	0.14129704201809412	0.06079679614994477	0.09460775487449787	0.02148927297055956	0.008129835294679144	-0.028801635123973303	-0.06507133421422134	-0.0710007900692554	-0.046254346089380435	-0.10489641140670877	-0.0101065815582848	0.16191713719187875	-0.07305951489258337	-0.056901828617811116	0.010363058231163588	0.15843053721602987	-0.032773836449179146	0.024362341140251834	-0.09706923083650691	-0.022314498884706636
0.016214168445951267	0.11271141895731415	0.11625170726258884	0.0724663434678889	-0.11952303695171851	0.0420846419877224	0.023250247136189575	-0.05672376362882621	0.05862863455753975	-0.023574079238895297	-0.061189752055734334	0.009818008017025733	0.11725878393409978	0.04483066430319995	-0.03674568920524514	0.07974421387550129	0.006093660481244208	0.08580746805557013	-0.09443723665914475	0.07568024361398881	-0.00541125044912745	-0.014977863409670864	-0.10264312947222365	0.05955221026448375	-0.09860435957211985	-0.03325022489753236	0.0771861855577729	-0.04839108294760082	-0.01554759177744585	0.01673670890559323	0.07021593476587065	-0.1259220162445161	0.03198207597725378	-0.10298534349214092	0.05988000775827128
0.01655705788392699	0.11022471497795121	0.07593355421270315	0.04160000486842732	-0.11729338373552033	-0.06906917368100647	-0.0745958261995189	0.10424719086958553	-0.02310384017612594	-0.05237377279292974	0.007273246252160002	0.004830223421106916	0.044915447721340096	0.05033574753208565	-0.038044308277432694	0.007579829632562004	-0.00833048714818697	0.0686929836403507	-0.08100969338451662	0.07107994305923633	-0.007507596454075782	-0.06186889648083385	-0.03737322335502849	0.08495906857025169	-0.06589687404002786	-0.11948767019450865	-0.041447518703925657	-0.0022672644335815367	-0.07420485758439925	0.034944131439165235	0.011906496628093144	-0.03201734657368606	0.04874216743492941	-0.02833990597234025	0.034973049979625484
0.011712157963196872	0.10249571551542692	0.04444594547083249	0.027183285042197775	-0.15304843015918906	-0.057047687408768866	-0.07442956540413173	-0.07633217402741407	-0.040837219136296954	0.009251719702999399	0.012422832956249987	0.07679199321070525	-0.014153414918964534	0.07616219445628893	-0.03574141631225618	0.027784265907000418	0.03249135630411043	0.012336489660096948	-0.06549022905006585	-0.03305552375528982	0.0075502499356036	-0.1531785202194833	-0.006446215380743521	0.0505838061590016	0.026528661411452166	-0.12218667163279251	0.043147851701281395	-0.011872507119353316	-0.0446528910117431	-0.06132791586880505	0.048345435983810615	0.06020365280538328	0.002329734555610273	-0.005602871872948133	0.010024478360293881
0.004591010820289634	0.09275290760014464	-0.011809636154207792	0.02780816202940274	-0.10753100471096226	0.010721102076928132	-0.051908441425921485	0.056450666493444976	0.05209188312225436	-0.10075936435269787	-0.0016419472777547011	0.10535301372779876	-0.06166920273570966	0.0084437030326691	0.039277662736576395	0.05757588353619413	0.03484237717305106	0.014497254814946323	-0.058554625891189774	-0.0560304304590334	0.008428956833774665	-0.1451236446650769	-0.05812494553094584	0.06993367697717737	0.00139822089128748	0.009457855469315733	0.0620823451795475	-0.019310804218770128	0.09284163579654542	-0.09194705393198022	0.0504246451450936	-0.02498376251722184	-0.09922024880301594	-0.04164949545768301	-0.01982644938992014
0.004448440293873805	0.0817160929820996	-0.05116077998490039	0.06289029774039165	-0.03690540656326827	-0.022482443184768008	-0.08414390726353221	0.04851989361736297	-0.1181610898048449	0.00862990859795372	-0.03969854219650703	0.010333360741782122	-0.05352303288118598	-0.09847900767249346	0.04211408622157084	-0.03954517549704718	0.036633837147353396	-0.0017495359296137193	-0.054937495176544414	0.06470841924063565	-0.09117608011046655	-0.0827694509057452	-0.108310601949281	0.11673960821682558	0.03342645062448939	0.05537857360323799	0.023736935294909528	-0.07077764841254587	0.08030387895242208	-0.11698130146001372	0.0892123255948916	-0.08590704928273116	-0.09525169730130481	-0.0734858326767838	0.008779483952850095
0.010046566529194565	0.07521586057005432	-0.06794397535742353	0.09092388452307516	-0.032074765023135325	0.04648670220842601	-0.09478312853334729	-0.11622411419652738	0.012363974525211397	-0.0498037673995749	-0.07341841031158336	-0.03610233483116445	-0.04273877950859586	-0.15607586353248123	0.033642008850397837	-0.030177691711566496	0.05878091352965822	0.004534168958393318	-0.042300772246729054	0.07664913407937934	-0.14481681772861604	-0.09118807827379705	-0.056756709288153594	0.008496228140378943	0.05735480359016439	0.040892151548652576	-0.10178285642124439	-0.04804573504706404	0.0065517392485180525	-0.078555362704614	0.07243981497151747	-0.04674839378545848	-0.017609454082965822	-0.04359271460904132	0.007928535372454054
0.014231783159235477	0.07208090794605575	-0.07318882325461327	0.13779386950521774	0.016428758377645368	0.010006339404956323	-0.0852315587262625	0.07581941878129046	-0.03926817916542845	-0.07301749849474169	-0.03114472383057487	-0.07679569929773039	-0.042692757404406985	-0.14275453566762575	0.07288718621184138	-0.008485282854320368	0.053298924962431486	0.020330228681246947	-0.020262002487326597	0.0521713360853555	-0.10994702163195615	-0.1506307693439495	-0.036243461840891694	-0.0405209709517657	0.004236390916793158	-0.027622668901481302	-0.12701075329839062	-0.04739167871937657	-0.0028780601368937828	-0.07206315322595452	-0.030197942038422118	-0.09019662559812067	0.03111362845609211	-0.02530707458008939	0.01905129546617234
0.01001677851210743	0.06929866807966167	-0.06067740498663932	0.15671457624672244	0.008775986354229357	-0.010571990595582234	-0.056567315421109814	-0.11679320799359964	-0.0691655471838892	0.021769540502846175	-0.03565123701119012	-0.0782971701643066	-0.05147724511869346	-0.11947220656623608	0.08484511917021403	-0.006461508234250964	0.09613145273963394	0.031166256626320003	0.019432746374247096	0.022979243005454543	-0.0458630106506229	-0.19574928686440207	0.014407267209738048	0.011830462379756556	-0.021214063028433955	-0.08100788616272445	-0.08524247190034248	-0.09842447492387175	0.01176353667174411	-0.0772128143706578	-0.055960180899790685	-0.05196486191431414	-0.0012555260759370534	-0.006646107801189301	-0.02234224302238863
0.018042598454873743	0.06500444210524567	-0.05866417032152752	0.20224445373407068	0.021478668136537957	0.10400373557399159	0.004272519611956796	-0.0617871528689931	0.06600865062920817	-0.03589433413645092	-0.014454323827829298	-0.09301104766392954	-0.052245729360343045	-0.09938721880991445	0.06497471399458433	0.016961271936553023	0.07242286969931404	0.06797219980832471	0.00496752836757198	0.016510614400233305	-0.06155902051005908	-0.1192766910045914	-0.11211494117567396	0.04316382521751523	0.005893921077225162	0.004449096860479781	0.05957284382875115	-0.06323421900294729	0.021157790885682003	-0.0987464401738676	0.03342154184363236	-0.043794543434245825	0.055061763355558825	0.08136007051345107	-0.035131410548671624
0.026326457015941697	0.05713202506336745	-0.06357035281190906	0.2129595579677634	0.06278337199799525	0.013594764470682995	0.050284869447425926	0.10044858575593853	-0.018728613842097282	-0.0231633880882415	-0.05991593388730325	6.755740273201556e-05	-0.004532082200322419	-0.05799062461453737	0.06255004569797427	0.01073073917711496	0.01657416482703943	0.054950621310470744	-0.07255370472080747	-0.018517258216897446	-0.12181176184210894	-0.1303720506963247	-0.049991633175054985	-0.027311867752796246	-0.01342368847531995	-0.0027338279160030073	0.08207117255450742	0.018569754910515934	-0.04333479308981467	0.004594228594806203	-0.06751455176263349	0.002411850735754409	0.06265418771412416	0.01587082857667098	-0.05250509377425189
0.025405419200288916	0.053761707729553444	-0.06614057048015157	0.17016002023821114	0.0032393526802099192	0.013732955814187119	0.020193790231043864	-0.11374779320454209	-0.014542425493169357	0.00766604918684573	-0.07106765880729976	0.048530430080459375	0.010275524446640536	-0.038293022015270656	-0.008947001079853563	-0.053176706600942265	-0.03800097540213158	-0.05469553202348496	-0.04424803975952145	-0.04177611894063229	-0.05624417311471985	-0.07326762193807906	-0.016270627827211726	0.03652500102826937	0.022150903247489626	-0.02108643397006753	0.0031391944663448877	0.09956150707145772	-0.03533284805004839	0.047979609901199635	-0.03321210233683048	0.02691680094716184	-0.06570122649260716	-0.014044761013871584	-0.026161545311986077
0.02620459075864668	0.058077910298077955	-0.07334896634254184	0.16897141639556615	0.03261117378088273	-0.014568269690798703	-0.03211090455563586	0.07738787153961552	-0.007102996464219272	-0.06670034090118168	-0.004682869355467281	-0.013272215114195293	-0.006881441778496887	-0.03161568682918845	0.0030210507663198816	-0.04506807334139184	-0.057964377719578644	-0.05229163264322863	0.0012690804314922852	-0.08928673265299393	0.013816187958056815	-0.054621058493084094	0.008708968191715441	-0.016300924775895315	-0.01006693829435826	0.009336180474838543	-0.07853084541519895	0.14401767119064646	-0.04369048276072669	0.011730788087861377	0.003941787687937903	0.0262209183164758	-0.01290656220806187	-0.009450351501817713	-0.032453524156813525
0.02815483440933358	0.05468744994607079	-0.07656852311621694	0.19063579043579598	0.030837400283378797	-0.01725716490442407	-0.02763726990648931	-0.11424706574863111	-0.06743218526052275	0.01474293559943679	0.031116195449587353	0.022229100894646896	-0.008106195578869142	-0.011043613055127395	-0.046019979398424254	-0.018140219615339695	-0.07602632471066909	-0.08155323873111517	0.054447640520591103	-0.1051464343766797	0.1538100911243547	-0.056173308715269724	0.061053937508309536	-0.05514804467941134	-0.0142162751430088	0.010666044622500967	-0.07748050765225248	0.10664835245737982	0.013727531668362797	-0.017435450445479915	0.022363621336758642	0.0386679934548029	-0.042506959245431325	-0.0009753426046043984	-0.07018733017421991
0.026706745064185702	0.055893665557867706	-0.07838486560007701	0.19673839401204135	0.0444888281309823	0.027460997674867073	-0.05601443684868649	0.0006654329579558932	0.03482485671384457	-0.11951019540252851	0.05393561300713279	0.04399825640967416	0.050693268732704244	0.009271170685349168	-0.02638920944972778	0.014318383451895952	-0.145016737972371	-0.04460546896838831	0.02743635820550694	-0.1109066528213796	0.2195740254778301	0.06013796348099501	0.031728561342775234	-0.09388133153566523	-0.036064474162497764	0.054894515483164666	-0.04891661232967669	-0.018493895267884728	0.02998268143192903	-0.0700324573124007	0.02862246088504338	0.010238022988833789	-0.0251909908426548	0.01800730394809824	-0.035753149172834786
0.025290902891980004	0.055712940707720565	-0.07924427582621335	0.17111926920561318	0.019289758148692517	-0.04621713076076487	-0.05875007832189478	-0.03226360441401501	-0.12519754145850648	-0.006297675089491404	0.02895560429333415	0.08401713811824092	0.05009247431585575	-0.0189960305846809	-0.052137099017062795	-0.026061444480675957	-0.15942141625613204	-0.02400640038199536	0.029898912148067756	-0.10356978888108274	0.1972252382289218	0.11226268347889365	-0.01397768697593843	-0.08299409297789319	0.04653646528711513	0.08022388167504425	-0.008075699177704187	-0.12853643152600458	-0.03790457767402308	-0.043580738805542626	0.024252275142557	0.05545927739829339	-0.01930028069392868	0.02642126162739883	0.013616565250883433
0.018460581173747413	0.05647992912010692	-0.08616977283112784	0.13619356573415844	-0.025795095429401633	-0.0052569401998554584	-0.019793288559781016	-0.06431590810635229	0.045259078167074675	-0.1211325704946687	-0.024187585172803668	0.1258338976835873	0.05239686265466266	-0.045739801449960635	-0.01567606373065647	-0.012969126627653812	-0.08282191869539095	0.0011040696216717558	-0.015869904995107185	-0.09487007866987748	0.1347617495133284	0.12403880184849889	-0.049660296889322914	-0.017387807809589317	0.08466002278762848	0.07029793999618109	0.011850076885617171	-0.10365513952246339	0.003670101776911322	-0.0003706545249507285	0.004110861745865269	0.06485071210856617	-0.01195639659679482	0.08711878985593313	-0.02442783955594724
0.020595874488119347	0.05898318746439887	-0.09240207334095772	0.13265582968552606	-0.026698177906559983	-0.05503373907044858	-0.04084070627251366	0.07261803674043125	-0.10052835932526215	-0.04022841743370408	-0.01742965657205304	0.08403649601136114	-0.02873455362314476	-0.06310396427664791	0.022300768440232096	-0.04899560134434559	-0.008608313757472886	0.029881587943775545	0.014093321027363354	0.040815998331119	0.04026502975208364	0.10256004456654114	-0.004407430236979577	-0.03352714225725502	0.0040004564123356096	0.06397244156082715	0.02261512530926335	0.012247839112945129	-0.02658767044417739	0.03447465582064782	-0.04567641092449685	0.019806507816918034	0.03134661840248969	0.015156689274987062	-0.015680703211889423
0.015803863212861428	0.056770132149503987	-0.10072540245196865	0.12429131138839213	-0.03898190375807905	-0.0038878328360363017	-0.056135960704312544	-0.11043855500056018	0.018864472782760357	-0.08544275500400207	-0.029565369567659434	0.04295346026277061	-0.03221603700594144	-0.06587225174276122	0.045503198124877076	-0.05937745810962698	0.04080122381453517	0.030310011020408624	0.00863567080226903	0.04790738493189092	-0.0049891242756566765	0.08385905899138368	0.04148126878640874	0.008907073227482847	0.004494865151341995	0.045409096540414445	-0.03892602809904527	0.07801624373069288	-0.06715068069561914	-0.015192770660610215	-0.028073890998574727	0.03196070821570598	0.031568338362838025	0.04207686262219034	-0.0019716926422692765
0.016265045926333183	0.05681407735310322	-0.10015362981087278	0.1458672333181452	-0.006053322495738021	-0.013933323412842745	-0.03283173914080747	0.08894204315003996	-0.010582463222637154	-0.09378444605977712	0.013082518720543834	0.00968478691155529	-0.05143669020910454	-0.06768016119329975	0.03281102012668287	-0.01775675202131901	0.046089516621775926	0.07913544150413052	0.03475549386568334	-0.022212865264893425	0.01318977263834327	-0.022968031949162797	0.049907965346228884	-0.048489595521043836	-0.017276741482332	-0.03877316858027523	-0.013969441445282338	0.05621417240336417	-0.035296885543637094	-0.00025859996004697224	-0.07740511639708444	0.06470699768093388	0.07450607130180441	0.080532036570402	0.006100417852603339
0.020204297565871172	0.05149161759848427	-0.10660684851959369	0.14980272913521692	-0.03871224547171691	-0.011996789215478747	0.012593343218709233	-0.028149526203008597	-0.12116432125816065	0.0226138732158095	-0.03430154959960956	0.0806552248763074	-0.060873327265437045	-0.04888419540202329	0.017604267760088672	-0.030691619106054172	0.03596085464579402	0.04558862927384775	0.05475935774096971	-0.0041700922004214895	0.06406584539552905	-0.02227255208854534	0.03145742155402436	-0.010072437232651563	-0.022186667684236477	0.04094499238737443	0.10291001159577556	-0.007423086828954213	0.06537069054573709	0.03739543971502712	-0.09127281202205012	0.08783619186970942	0.004436428105493092	0.09930622066496811	-0.015165144547873885
0.01677443801988567	0.05396477768698009	-0.10036123077314096	0.12285708241266337	-0.05781130470131875	0.04386506921502564	0.02999559756407295	-0.04032951289660916	0.04178231909754066	-0.09522680815136043	-0.08562628001190507	0.16335915339371976	-0.03926973007564695	-0.03592498956994154	0.03605096246361191	-0.028066801843578633	0.017753107004552474	-0.004200950697930814	-0.034219045699085404	0.02738529836786264	0.0023735283137503033	0.08400015849880484	-0.011095248640525447	0.0315868512826047	0.07274157040002782	0.14025788231442785	0.13321213950100366	0.02198293085611334	0.030822214934991727	0.07650612478271546	-0.004839249500755921	-0.017419561793565186	-0.0061681741977991575	0.05277889866111081	-0.017920743419644742
0.01920950168593503	0.05410787230152669	-0.09343757439920734	0.12176631612657515	-0.004196517196794705	-0.07598531438729175	0.0029558634396500924	0.08378169759535589	-0.07372293078016158	-0.03707630104745354	-0.046620066458411644	0.13089007043778444	-0.03246130744412273	-0.04427803655647307	0.012805151302693989	-0.05274944751157004	-0.011241726487327764	-0.006412400094681952	-0.0023027063396257224	0.01585207754705971	0.013806110349101702	0.1179148506566248	0.005788640868126534	-0.003491635006909459	0.08798720789037402	0.0033406198952473137	0.05400228223199682	0.10829754515373272	-0.048252160487598623	0.07424132357703953	-0.04394407330190433	-0.004448039652510238	0.019178831798233927	-0.04253036186947445	0.014379078761131026
-0.006967228841492797	0.08331637275021853	0.004955422147532243	0.028083636354739434	-0.036702079065301214	-0.08330791247863817	0.0024558260744552327	-0.08146136233299948	0.07258006583834321	-0.0479836011793698	-0.06680954323710782	0.131241103431786	-0.015954536237357923	0.11368078476942059	0.023000922628297907	-0.0783090470845161	-0.04036959930071792	0.08956956201839077	-0.0625233366278508	0.009990351965938091	-0.010088707159973858	0.019736784196826847	0.03750924788037033	0.18328267704189571	0.0972927908562467	0.041253411012365376	-0.030718641674040502	0.09807135362187872	-0.09469543607859465	0.0022048606947545762	-0.0331702860592713	0.007883427729293714	-0.04325916686615027	0.006786611802353751	0.07831393448246299
-0.012144963739700552	0.06563496950226735	-0.02174201521826762	-0.05201030345016833	-0.12370090230155714	-0.03258648261207842	0.07543507083676859	0.14201387056777934	0.07763240822474139	-0.020318479293789164	0.020244462162340913	0.08248463478565224	0.01557798935492412	0.008856177051503268	-0.06068562859659579	-0.09291367582430812	0.0720036984480089	0.06729840873102265	0.020693112325813008	-0.06705082543874771	-0.04537833123912511	-0.03810760398692261	-0.00892610599498106	-0.04090090230807632	0.006152229072261395	0.0028953720517812392	-0.11158174098638989	-0.07422134444307825	-0.05511951302962853	0.06452514252202593	-0.03480744380327735	0.09832011335295193	-0.059556924953413345	0.018536283867566783	0.017542170198318982
0.001620353044908513	0.07156497552723975	-0.04018929898517703	-0.055066684000280385	-0.09623191258258329	-0.06579515436389774	0.06508944291549612	0.04285555458388395	-0.05397561801864155	0.09455982133685742	0.074378728147095	0.03263611591040939	0.027653465209558588	-0.08926591047709351	-0.05646831568773745	-0.078646641436627	0.15332966125582495	-0.061201499658335566	0.07837929406463397	-0.04251546888110797	-0.0458701232667506	0.0008374428927690886	-0.06749326038042476	0.08287469618364345	-0.0630774222070309	0.1259680282711756	-0.05369568407612346	-0.030323062962643223	0.07330920608142902	0.06692288807938752	0.028413597049134612	0.03817226477390591	-0.05534129668503123	-0.05903816834336632	0.04626287079183071
0.00818381808253349	0.07952319904040359	-0.03299211950436138	-0.030657903713421204	-0.06590324678691756	0.005180034057226554	0.01272579412770005	-0.07531418465576742	0.08716366331074153	0.007340657608786519	0.12459620175314147	-0.004986385864738905	0.10108565250369805	-0.04578397502073474	-0.04952128314482619	-0.0764696723967807	0.14870408045770414	-0.06962826386691066	0.01393860922809144	-0.06641289008318554	-0.07791397017820113	0.08139487381107519	-0.08533784159783724	0.05969958729543607	-0.06247222746093034	0.1220573258587479	-0.06619553455176992	0.08877225898680602	-0.02234702626862817	0.018870831153566116	0.01406168828803749	-0.016066467837163867	0.0022007455478321447	-0.046103826531305854	0.05590055848743765
0.00817609666800313	0.0822055229808383	-0.03782470201872416	0.007701000432978259	-0.020246197906400525	-0.05358102851333127	-0.04512294381143187	0.09696320896999719	0.012610557587571973	-0.0336339184883537	0.15551824581264936	0.009844956486185927	0.10527667022910134	-0.007077195860117624	-0.030787918472874765	-0.06998277243758119	0.10271708030694021	-0.030826098714440867	-0.04671449794661636	-0.15005404979606654	-0.02323114652481912	0.021381678630306423	0.010730046211876551	-0.013058344662973113	-0.05513828327765115	-0.009709331054638042	-0.0300700421024502	0.1357245811175128	-0.011023946152246842	0.03349688033673452	-0.05294500807741996	-0.023512364523694446	0.09830412831325122	-0.01341808882404226	0.08145493149290423
-0.01491452132013775	0.06215951741195885	-0.027029025803786914	-0.026786840471213137	-0.03457588429378968	-0.11712934516510347	-0.03173885218496531	-0.0894505289250259	-0.019781829215331736	0.05086370854806528	0.09377114684923134	0.03251333764247068	0.03767266320523799	0.11220602578127677	-0.02214623484689662	-0.026409030619327655	0.06678029768470499	0.0586173244981919	-0.05379129634782094	-0.13104846341840512	0.030814989319356185	-0.031871114578924505	0.19061380511397827	0.03420241036559764	-0.030089858661771454	-0.05096935584881008	0.03218354427061099	0.011355822275558512	-0.0402438040658215	-0.059311987245812006	-0.02336482224960048	0.011800630976685725	0.036822750395714914	0.04586023799081476	-0.0011751729046054343
-0.023280726765679768	0.06036674710879075	-0.00596462779977077	-0.06480440673651866	-0.047677167920714504	0.01976745197297338	0.028674467630208755	-0.04350234279281815	0.10729778402821206	0.031103257366261704	0.09920878187026828	0.02251457427973275	0.040188383545803556	0.10964308103005543	-0.023241579135341736	0.0146452246186912	0.08758810733930184	0.0697518615858369	-0.078095522085189	-0.1294473998065262	-0.02141739723492756	0.06462773285134167	0.014226326864901176	-0.10354428994804113	-0.009579012679082802	0.1335582065353819	0.032388875798966085	-0.07920432471628741	-0.02557627352826867	-0.08513023987979002	0.04917416517461886	0.0032807699540020815	0.04057714103996358	0.013935780516873449	-0.055580205489696305
-0.006499469669573049	0.07010796617580506	-0.037752404924465126	-0.013920643292490806	-0.006616718990677447	-0.004255460454525503	0.04134167833938773	0.11793158517162405	0.06950095828612247	0.01172385712818687	0.12023309905081878	0.03595968703419416	0.042656667416943725	0.019065373280409872	-0.026928083689208526	-0.02217279632938672	0.12039525922660022	0.040564548593673484	-0.08662382831703033	-0.09892875068002942	-0.03933134042700222	-0.02853412766181533	0.0487533615279136	-0.1275097454854594	-0.0814787217084896	0.036858394866771976	-0.023923212370640427	-0.023074029150695844	0.023187968206069463	-0.002464681583648898	0.05539349924305653	-0.04729294270508547	-0.03595032431473391	-0.08714805789235627	0.01954933376519194
-0.0033547728886251208	0.07235282682088334	-0.052909919307595366	-0.004268917556764027	-0.00390883162557036	-0.04810786685414513	0.013682229478089945	-0.052091973104944206	-0.04413903983499968	0.10706726247997786	0.11082858822479438	0.03849297458223618	0.07964361095359446	-0.026581775968339952	-0.03820678222191013	-0.05437395590568154	0.07326788227260797	0.0030277161227742905	-0.04533857091304862	-0.10694102759873571	0.008355085353444508	-0.054507321873557675	0.05363322599849335	0.024035588782874706	-0.06610843013195711	0.0002142332913954853	-0.05883156302686218	-0.09846957161229807	0.06056733219680635	0.03394168761393541	-0.008951046034157188	0.0021536369647344247	-0.0367149440615708	-0.06402422970116843	0.08376410748335318
-0.004473176721974405	0.08859692609588288	-0.020865225574511106	-0.07608480733731712	0.08957448210198775	-0.08075933338933777	-0.014012484411060308	-0.05313561703571503	0.165661845683911	-0.024902680776588842	0.15607037746026212	0.05435898516226653	0.09774599870662394	-0.14400184913159345	-0.240928873243236	0.05361565607946356	0.03776985687623882	0.07572007205674523	0.0891975763488934	-0.010699707352820576	-0.028224407864821707	-0.033165819593418834	0.09603947894927803	0.08612512512241244	-0.1056991706443117	0.025435620487331556	-0.04321939522818059	-0.24112709763867599	-0.06762867568993994	0.1223241847024499	0.06806873097696493	0.03798987377635449	-0.07171611996000417	-0.02239060082115102	0.008649296147813908
-0.02783632421259973	0.10621582890725538	0.05993922504008421	-0.11174714628985852	0.045053773299599705	0.029407080650061344	0.09722526904920244	0.052167076472440815	-0.03378093054398884	-0.019300882649944857	0.15565453078420446	-0.04335591693240831	-0.0010004866016255828	-0.04423722688730158	0.14859262930866607	-0.0477420913753665	-0.08937018280515797	0.05078747636052576	0.06443922122865639	-0.0937274299271375	0.017101962979475693	-0.09537655628454081	-0.17817442178537968	-0.046639725357034166	0.01979053254809532	0.16220002638371456	-0.07600191130243737	-0.010932907326325635	-0.08331574226964744	0.25360517755299433	0.015243547689982678	0.11062658899465781	0.11142341315214202	-0.00269796289358026	0.05931385028260745
-0.029879489144873067	0.0817917158417395	0.042887907070576305	-0.056038830846183954	0.08374419855159171	-0.025939693993889283	0.08596318547005029	0.01730222515472821	-0.06274317123233508	0.07074349611370148	0.053556551628689775	-0.041769182233496856	0.0029815702259767345	0.0182922636302023	0.056628732352367823	-0.10071018693941573	-0.026845870238489083	-0.020101158866493336	0.04026716653059581	0.02999051800256846	0.022178880391864053	-0.07040826298186464	-0.08032204739896884	0.08865337282505563	0.025532754038096503	0.14943938911029395	0.05530690731816262	-0.01366935595789575	-0.06343329233277888	0.10700494873194098	0.0022020085111387616	-0.03918347231708451	0.04441386960641629	-0.08181746868677571	-0.035355517458054625
-0.03217547764201741	0.08500120082942333	0.02329783107506033	-0.025576001592735938	0.05823251816042945	0.10310027135248613	0.02996510822368183	-0.09852738155624333	0.040377664389106865	0.041185424743323276	0.02461572710070948	-0.02509559156298283	-0.010188258999970789	0.004086816378591935	0.01839206986149109	-0.10671101652741255	-0.06878492443125757	0.027678500484171722	0.004210105119632497	0.08988964328961238	-0.07629872217961753	-0.06128866803154469	-0.09567272891553028	0.007627598258084876	-0.03899099597089995	0.03853421341627831	0.014076153833144998	0.07644660022836933	-0.12830302358754025	0.031597147481329566	0.02743801453095037	0.004540777503748223	0.08694868935927431	-0.04798987176005075	-0.009562767650719839
-0.029477590642855593	0.08939744735227793	0.011906742883836483	-0.02674105031098895	0.07156294419599392	0.05879769579820004	0.0077710538603430164	0.09150403530197383	0.024971993075811338	-0.008508439003822865	0.001941770526655606	-0.030536261628667235	-0.002219728765943447	-0.023896381138269685	0.05104383090245524	-0.03719512735869487	-0.10980412623699468	0.11502142202538365	-0.046604455630435575	-0.0008679340980372249	-0.0425288264154734	-0.1751182793968403	-0.04169555892727725	0.03449968728934348	-0.08075511679558947	-0.052271557589256216	0.03533150292889259	0.05265719622501444	-0.0941940174743221	0.08215829838870861	0.008385399316867444	0.031784787402992086	0.07463689757836801	0.038269884256490735	0.015814631133652307
-0.027937102548658246	0.0830969536999539	-0.010997593671534854	-0.07499903040015322	0.008292513386297818	-0.0016567996908745685	0.04777387330196296	-0.04787720542350886	-0.07059450965744003	0.08718535001865567	-0.04111735106862237	0.028596150797795608	0.011849530937832729	-0.052382175848168636	0.0438417219686198	0.04968251339174727	-0.04379621134483343	0.05840372468406781	-0.03362613852615276	-0.03051495132518536	0.001733713612296326	-0.166881854334216	-0.030282013320129378	0.11937597954647756	-0.07194464646954675	-0.033348522912664186	0.05944443543546224	0.017075061803072427	0.013154657218001926	0.055557483556779405	-0.0069087024414548545	0.11871720170060511	-0.001999766897386932	-0.0050223720606764125	-0.009269381222968491
-0.025672490790155687	0.08355703240729961	-0.02456949856689469	-0.10358048563546632	0.006578464836216758	0.051344944370921984	0.0010041687547827458	-0.015570591083721816	0.06995969003326714	-0.04349145004263935	-0.006737465158704816	-0.04208257853235949	0.06208827464877457	-0.06279731958169985	0.026119230309737305	0.0022713904407234238	-0.014233003137648786	-0.019383387637875005	-0.021103487249730855	-0.012632081037517236	0.050567064475980535	-0.02128418346683723	-0.0077537971381054956	0.14055208604590083	-0.09419293988743294	-0.0013401777585185133	-0.006521511399961457	0.05619181337327729	0.045965361766422366	0.023360703448695348	0.04786970783288891	0.028072197693543556	-0.10335212896845163	-0.08374247207275799	0.02410809544075721
-0.023234401835512283	0.08264803656858712	-0.03188843594263761	-0.09072603935479225	0.03093059820335503	-0.005287264219905067	-0.027935232916699644	0.04331578638447978	-0.0811405485550714	0.06662969311758195	0.04430893858222653	-0.0820881536933374	0.07844428768424738	-0.06651847533362121	0.02184560080131448	-0.054536634854069864	-0.011469981083168398	-0.034878676152296915	-0.02241698266634648	0.02262992977330739	0.02688187175847733	0.051090913039202525	-0.05906465222425191	0.12571000667346643	-0.05279480121303873	0.022205586787364014	-0.01745751642089842	0.059988592043908884	0.03532989114981564	-0.016610724114799056	0.0849699579098545	0.03187771520336947	-0.03223741305058096	-0.03017314313656335	0.00994300792151524
-0.025852393455297214	0.07848030085334667	-0.04468078914056486	-0.10511586431448884	-0.0006540054784393945	0.035101996868228506	-0.021528301149150796	-0.09097940555539813	0.040313499535224624	0.0157613930130981	0.007799236079008027	-0.03021832050587925	0.09638127924680728	-0.0507340083776695	0.030141007619926594	-0.01948120582628765	0.011822986473761865	0.004535233820523399	-0.03573816585418005	-0.044776482823384076	-0.007331094737401813	0.0588799849212433	-0.03693692068085787	0.04684593291228748	0.013004633090037805	0.013881343254816221	0.017342641606719868	0.08525079911369601	-0.022030627910779338	-0.04136947380538245	0.056679813557400455	0.07741025158990655	-0.008091255995180943	-0.01771614722808104	0.0490533035210194
-0.035926758464615405	0.07424814412586175	-0.02069732628564858	-0.12026530623471994	0.031729930893689834	-0.006674625380101658	0.026319466947703866	0.08014477092139893	0.037195064293477076	-0.03193963832135993	-0.023380600934075454	-0.04688753592270256	0.0013830306826421808	-0.05549208088982775	0.06001236528735837	0.04577100883012305	-0.019931231424472895	0.022077774931689817	-0.015244588711741697	-0.07331874210731261	0.05985234059739054	-0.017184479463927434	-0.010316844277049498	-0.03144510780786358	0.06116293661958906	0.014147520127600524	-0.01226237571572724	0.01885166658274997	-0.028349281601491402	0.0584731696750539	0.03836714912089219	0.055592506194236974	-0.05376077475948944	-0.07111321390439287	0.003632794522623459
-0.0280651735752294	0.0658338600565239	-0.05218967294783271	-0.07632381179442341	0.019433526800549564	0.009225974491029208	0.012726320831093893	0.008557746968134106	-0.08898682172154568	0.11278149359978501	-0.013876209596021677	-0.0512207625779957	0.05135609468640937	-0.0750591814313538	-0.007648192796522925	-0.03636967514926645	0.032264877941964434	0.01815212206089985	0.03944861283561975	0.06796953363950904	0.07660542468775933	0.002102423099299127	-0.021250920860401434	0.04884381093058228	-0.022549425481295717	0.02400268858210908	-0.05536571811628335	-0.10763172801471624	0.07076667208958916	-0.011451341169913212	0.021732946919440038	-0.0022629268987023805	-0.042670992040266684	-0.07887687034014149	-0.017241299625804285
-0.026677882082321896	0.06669767139686543	-0.0683800903629039	-0.07470252744224924	0.021955328918187758	0.04967300607093229	-0.014576378988802962	-0.06503314926257833	0.08368492798188776	-0.005822534412658234	-0.010834590379144369	-0.0815473703378499	0.07289360753253875	-0.08081415901930772	0.01801083023915586	-0.02290502341623717	0.04355070546402849	0.04140320600180409	0.008612019754431927	0.07371820470000798	-0.004333554247836813	0.06201563417746324	-0.01815164319356517	0.05457011761702027	-0.021828351286392635	0.009257898181318475	-0.08096195760288273	-0.09247436692509586	0.017202430883855507	-0.032100682266959044	-0.009209026300964727	0.04838842510902987	-0.038656733979764143	0.014476663811707036	0.04575477103384065
-0.028902229486788115	0.060477734736743914	-0.058403158015055925	-0.055011046600895584	0.043587320125938876	-0.028930672067244076	0.01736239344031283	0.09304661862953537	-0.006563300946079382	0.026771345527339046	-0.013516534816336714	-0.09108496574482496	0.058290780068457435	-0.055307951957066684	0.06457991266528738	0.04730703918911201	0.06115495434694121	0.0652696766736442	0.04158214175891099	0.025295041842682008	-0.02934646035700106	0.009435934889533391	-0.02968040701538072	0.008579434669737636	-0.009638726856011299	-0.02552538368536009	-0.10204273153239024	-0.04426587859455683	-0.03583991313486134	0.00498943132973944	-0.0022872426401580603	0.031891647603482544	-0.0013726853259699665	0.05425164849149641	-0.01796505993514222
-0.03161286275857392	0.053577038294704726	-0.042962039882528134	-0.04334229913047985	0.0149114340440823	0.03693277333873797	0.07679201566366943	-0.03765667265598899	-0.05435135615171731	0.13499337327054778	-0.029695268165909488	-0.036138976092804795	0.05252871880045685	-0.008682794337086666	-0.000420068688558793	0.04246159713359272	0.07376653447928637	0.005349513517832656	0.0647599316479639	-0.054428627871756466	0.024715149142257933	-0.07741788548655937	-0.02414053107316704	-0.051765911343933976	0.004621160327546392	-0.03915602830986445	0.010986266897885557	-0.004234829093595616	0.06803558322628846	0.0021387290900041836	-0.056214571624798995	0.010266640390040029	0.038097173742263554	0.009458367187042144	-0.05455125024781789
-0.026941192246582084	0.058073065361631024	-0.049639980682381436	-0.03249334085256791	0.029225545080127757	0.09336225668757023	0.040499208140529146	0.007619983903879418	0.09791914268057944	0.0014840545529409355	-0.001878446062867712	-0.009569278153916234	0.1256090746855467	-0.009036410798520968	-0.010977447227928693	-0.005101618284201772	0.020908318197178442	-0.05155794344202984	0.0015028621523322117	-0.05804704558936276	0.05474908723856743	0.04017748980395738	-0.06059074169460971	0.024903712286702816	-0.054328350887721685	-0.042760638938917093	0.0013803159114584834	0.01911292411250061	0.08942961346708132	-0.03933639600765475	-0.03273472522782326	-0.08273266187296284	-0.0502718217809599	0.016584710417530873	0.03561144507752674
-0.02614197096195727	0.05431473187300612	-0.06520005481485525	-0.039671533783519945	0.0285773388309781	-0.014654273531763008	0.031081071608854656	0.06328954087888955	-0.062000644746159274	0.07811736143754217	0.03498793925546885	0.011497322920506555	0.12357336655723647	-0.015350103787831599	0.018496795007835007	-0.012012048071479271	-0.017670639485996058	-0.03245110640364092	-0.014808778562028741	-0.0915132353581648	0.023055294530025885	0.07622694870245525	-0.09959129587330381	0.06784476447494653	-0.005698214150521241	-0.06372319324395012	0.006056082915852225	0.030912586917032296	0.05418752047629298	-0.04224745534031678	0.005543377617025901	0.040455779648480086	0.0017350603848944133	0.05801530146612088	0.023004180418610364
-0.024826765000953193	0.05403926259025587	-0.07394670619655727	-0.06142625844693208	-0.004654102816595457	0.018991467781973345	0.019616376350570026	-0.09147182182079551	0.026970393675697073	0.050007924835666205	0.004709396015599513	0.009894325448953752	0.08288377622251784	-0.010974429447011163	0.03382387329066003	0.0008015357693185671	0.028309004671686372	-0.01059439957410432	-0.023703685706764354	-0.09353367968962631	-0.05528969473563332	0.07589858924053938	-0.012023848401231985	0.028372737151026887	-0.025821268336846556	-0.0325054551201912	0.029333953391559187	0.1614251616951946	-0.010157951827993152	-0.0224468984427771	0.02171018810362605	0.00516249396958994	-0.026118915622358872	-0.01662956462157216	-0.010911478618040362
-0.023293651575588225	0.05311152728050003	-0.08437601212108256	-0.055133614295794706	0.023914447584662508	0.039012077679465504	-0.0012545503349863925	0.07441999966273952	0.06786690767919491	-0.008406751409156678	0.007329666980371779	-0.07257635078571724	0.06483976348773605	-0.002710796907697721	0.032360046759138505	-0.009863343666593903	0.0751637873045569	0.03911361979546236	-0.07075441236201027	-0.05621260296999217	-0.03622580825671211	0.0020661057255842857	0.1394950363944058	-0.017074759778475716	-0.07801936519967603	-0.02822015890744302	0.01196684566762261	0.13689158915134997	0.1301635883880664	-0.008879117154831827	-0.02338618098045345	-0.041127218763815886	-0.042854610040639736	-0.01240673315601621	-0.01430437536298685
-0.023388390020098456	0.050079731333476596	-0.09250889644456872	-0.04414168256796903	0.020010132295414325	-0.01711889688038235	0.027794314359226482	0.012600765422685645	-0.07935250635896686	0.11498468585281546	-0.018735025610407813	-0.02386807828295735	0.06256975754688315	-0.04659038990077684	0.007742425164447075	0.0396628001932268	0.09834075352495314	0.059672841420314454	-0.08010148953527506	0.0077372428191648385	-0.017712660339842	0.052662215038971505	0.1214864986933904	-0.0009698113955492645	-0.05217958339737403	0.0500612897442848	0.013797030514563519	0.002357132757687586	0.1645868293316698	-0.042205109440585406	0.01639457393915815	0.0177681948603903	0.007534965952264064	0.04892490419575483	0.010922846107783234
-0.021600478753275965	0.051364022629865384	-0.0926428123159463	-0.042589932200095826	-0.016785270309098776	0.057177055654886615	0.02179693839478675	-0.055202141705137465	0.08332904393380791	0.018599415700928372	-0.005540101880601171	0.0020133759752415555	0.03771749593006758	-0.03436710469518513	0.024171421633927326	-0.04856902691313756	0.13167452322159043	0.012931424672701444	-0.03217216549345174	0.06264149189165089	-0.06394906587824341	0.14350698247048707	0.09404593011134518	-0.06820391722607984	-0.03538472089101696	0.03423111786913752	-0.059185144408903226	0.05507092749877405	0.03988247646945317	-0.022176652458180828	-0.004204283853695966	-0.05996387002306109	0.020282004421891316	-0.0058489048969773225	0.04777759515708004
-0.021166641911815488	0.05085220499758069	-0.08739994080627769	-0.024156699496983854	0.036611547201789135	0.008096801005646663	0.010830683476459022	0.112603640207956	0.013629145642890162	0.053116556865554956	0.09803281293053781	0.015339405808515592	0.012216290693701755	0.04312052181083232	0.01014926882363791	-0.12017989672642418	0.09135249776548456	-0.00685698583399625	-0.07447177056062927	0.013288802394648705	-0.06429562437295218	0.0956906289310982	0.11297619540037393	-0.12261644564938136	-0.019065796623104543	-0.043519081496530804	-0.05240559371003155	0.04135171228588124	0.013416057857218297	-0.00863227472846062	-0.06450585883601088	-0.09251210599398077	0.04504438802396865	0.05269639517956792	0.014154843511281986
-0.024541828857540582	0.0671907076115448	-0.04862649449314604	-0.048479998162657405	0.02357112469140345	-0.005094317402633793	0.023183760824108775	-0.07971043476711034	0.04595320175879317	0.07532381911558322	0.039940096680605004	0.1608979694290368	-0.038852002434926224	0.0605483477906655	-0.02442787512996764	-0.10173405331292261	0.0212477731582128	-0.038673661237392756	-0.01754488645040258	-0.0245958367192868	-0.013883704568117479	0.02106046157507609	0.11868087180442302	-0.07877344926318691	0.02275167636135552	-0.07018069386259967	-0.003715067717565287	0.05854042484665009	-0.034618363694705875	0.01753868205942752	-0.05887780185470573	0.002776893662832885	0.03691494669146093	0.033292969936344265	0.007082840018980876
-0.0331451216134825	0.05865216171484778	-0.030816257263758647	-0.035215462942490304	0.03847308522542829	0.04521898867549284	0.04402144190879089	0.0817913154144672	0.0973155526132519	-0.015274064854540909	0.04375382655154323	0.03962720136834573	-0.0810813618435997	0.07910472832687594	0.013998565645399485	-0.07961700363227212	-0.048015882066772535	-0.026028836544302603	0.06459761874630712	-0.01014340395165704	0.11862934848279938	-0.031952485818378784	0.03666313259957106	-0.07211528627258516	0.0017443263705694892	-0.017117661880597383	-0.01802501323113056	-0.002325805578959981	-0.022844959207633894	0.03131403159468696	-0.0814682797732434	-0.002996220272510723	-0.04390057881468303	0.020645468909721618	-0.027931751515044883
-0.035117213653521724	0.05631046886373351	-0.023311108463757266	-0.01564740836873131	0.0599353252403877	0.015399227552209105	0.060008656964399755	0.051437731694724244	-0.05432244411524928	0.12924066461086708	0.009754290303518176	0.06814473872570914	-0.04210656521091355	0.049314732351653325	-0.010222932547524238	-0.08931563624897186	-0.05762619378975394	-0.031049475797972452	0.07163198031103542	0.020209245946715835	0.07632297903908891	0.008825863361284847	-0.09010931916778692	0.02223714428405557	0.03905546330425789	0.004543260401708739	0.06311079497063564	-0.006383516837197695	-0.02823430276056303	-0.03412728714017929	-0.004263408054417559	0.02561742665717788	0.013971870825633998	0.03429293370599443	-0.06125156683727199
-0.033673210781203174	0.059144817825966735	-0.03160949747005209	-0.022261781360294365	0.048890034892842445	0.06744960227628541	0.042241015564083814	-0.06967700573035751	0.07276049970841339	0.046844692682140754	-0.028320542090254475	0.05528272424383502	-0.011608942689892019	0.043773245805922845	0.025747817992916366	-0.08511646079718689	-0.07183251708062166	-0.021842226685115478	0.03375557499018733	0.02459556451408024	-0.00738596483579757	0.022514047600000357	-0.09379133501329706	0.054013587584591946	0.03479578656024628	-0.002378063173850982	0.03548406218629124	0.07464639354116949	-0.10693504956519317	-0.03913389817525673	0.04383752284378285	-0.018204876233210418	-0.039821553402704074	-0.03812981074694255	-0.06006788409067887
-0.03386935262917501	0.05679253192590044	-0.023616685258530324	-0.0308833541327591	0.08735882555169103	0.017038373170309262	0.0019393601331527447	0.07286130927896801	0.05799168731523347	-0.0028713687733278345	0.003099433049626233	-0.04748479766824328	-0.02918342242797458	0.06640681537160985	0.047434082804585824	-0.07670989087341894	-0.10529171825345933	0.017560386679135207	-0.02849646460711481	-0.03560698091449448	0.025408866291314364	-0.07109212605647743	-0.0020248361752896148	0.00587217121418813	0.04461750591205297	-0.04001133828431849	0.013686998692310555	0.018245949532284342	-0.100758568624082	0.0192492202569996	-0.000489945237220183	-0.04545276220491688	-0.0872656286908648	-0.07436927554158179	-0.11361949108062752
-0.0350250619224831	0.0535516332003109	-0.024488340552233544	-0.020580024437294328	0.0948519276626292	0.009377055561907629	0.015262826959534605	0.06934153335217633	-0.04655131116804113	0.09239192620500372	-0.0025910636424325405	-0.013600711493651226	-0.004143148053617972	0.08268163625148171	0.005330508378020701	-0.03354645206922754	-0.05911672653727402	0.039628895664258645	-0.06883739869972531	0.010118378574158772	0.031467024160454465	0.0015262437160375331	-0.02657873441401414	-0.0218972274389036	0.07456929724718937	0.09037972428101776	0.06970399766079528	-0.07285513668130104	-0.029207173465335495	-0.046169253482381836	0.09329436113112205	-0.0720559995949634	-0.004153996798236973	-0.012090826189110115	-0.12006671419631515
-0.03840342130523878	0.04506035008598321	-0.028237076925882346	-0.047397674556515584	0.04233711983007334	0.01910925974689568	0.05580610726302682	-0.07673439818913903	-0.015491416120749274	0.08535188979822456	-0.0808840567709655	0.08923290943333598	0.03717219258637645	0.0856188792159325	-0.014239697011005852	0.05772434607360718	-0.08167515386448802	0.07972359740473267	-0.11591891406894617	-0.04715837477018528	-0.007436952353152308	-0.011502909467525184	0.10299337010473995	-0.10148545231206078	0.04260039853053519	0.02022556331354582	0.04122665043459446	-0.05499325430697663	-0.0027742735052809636	-0.014081816930849058	0.014001036952155342	-0.036954039247160356	0.006769906640445862	-0.060402681225055044	-0.059114215475442
-0.041787212297157705	0.041488046143697284	-0.032814574740923044	-0.09531418035499553	-0.010287993366657167	0.028248076327373528	0.05123662421412254	0.04836604090728014	0.07875303186614742	-0.02872399731953158	-0.09912625461078438	0.07666389161352731	0.04187532235967666	0.031810692727499826	-0.005161425358573385	0.02624906633834634	-0.06722433554533613	0.02913850074755095	-0.05792500621779646	-0.029249815208671617	0.0439221005281191	0.016312458305325593	0.03128319439118653	-0.031165151588491785	0.010089732937259222	0.02747534714370311	0.013653556438436933	-0.041096226079669416	0.042105815618837125	0.0197571229055056	-0.021343563923581055	-0.038316427290625794	-0.08228459155683954	-0.04130812737341676	-0.037100855667226665
-0.04300455006432845	0.04152006690186323	-0.044037138805533727	-0.09770487404237767	0.011698832926037128	-0.04652839527836188	-0.016309648196845647	0.062476321396174817	-0.053425782852085615	0.05485630087433085	-0.024691063546476516	0.0008089491008710393	0.0039702020668323425	0.039823197757642016	-0.017833004125676545	-0.008780649620004894	-0.036530905626484964	0.0092912426840948	-0.001773755298141483	0.01895190879415104	0.04625271774507102	0.06969070131477642	0.023154795089533352	0.04147713003247851	0.02112874306804878	0.06569694596554965	-0.00993336720266091	0.007706621676825266	-0.0048417114427160915	-0.032260706740078166	0.02363535485239772	-0.06093155634477085	0.007598673040276484	0.03883749151139409	-0.09727685016088511
-0.045391485809394075	0.04649415505007355	-0.025781329456923636	-0.11246565384442332	0.010416976630189714	-0.022512566730783085	0.017808107024432862	-0.06492618238128614	-0.02239565535293911	0.06775835048295023	-0.04738286652097307	0.014577590145828883	-0.028340569744279877	0.013383120402123127	-0.04380209738362116	0.039446424834219604	-0.024325531490484047	0.01467297798702819	0.038032696734841887	-0.04564035949770756	0.02410497238765813	-0.036617068483322204	0.10368035791884542	-0.06106359671691404	0.03148699437001139	-0.017255970980856405	0.050395170966296955	-0.002470807748565878	-0.0190923535967049	0.02498840994968591	-0.033333614354750955	0.04799907652352964	0.04128892831271282	0.021958094650845156	-0.12845280464857314
-0.04507550602921203	0.050131235930377986	-0.03796206701784431	-0.10816307490120285	0.019499230005661478	0.07774592183734184	-0.0009201721921450293	-0.025149482054615903	0.07712469186651277	-0.02155903913553926	-0.06320703192998706	-0.04434657340420501	0.011727167594713237	0.01622867760672171	0.018304069663649343	-0.005162247065192913	-0.034838894759546164	-0.03411907048839263	0.01962809281932705	0.02251695189877912	0.05988344633628265	0.047997559356541035	-0.01777921584257967	0.020543940249791722	0.02870448826059572	0.027147517819068545	0.03374917883319206	0.05876829636155531	0.02106998782526589	-0.036788765271591715	-0.025532146736426897	-0.029715180418789913	0.004577283713603952	-0.00022778934773621693	0.009306575262331408
-0.03802186859709197	0.0472493106027801	-0.055382539773102875	-0.07980653171709107	0.03381938287297796	-0.020520812829251844	-0.04655338525860924	0.061860057651347826	-0.05748758053873907	0.06544597119291048	0.0002049350449347386	-0.06831689381206185	0.017849510809204754	0.03587202734993611	-0.010425369692912755	-0.0446584189074896	-0.04314285865364353	0.0129300135900312	-0.00825577674404772	0.08189671210297868	0.00383979058172961	0.07267741943567002	0.031682568554655746	0.04394373794530946	-0.014402288471192085	-0.05736355063817228	-0.008240421350146783	0.03333931643668812	0.0030522386215743255	-0.04577307820844076	0.0011933539348621125	-0.018389789252714835	0.0157333752326294	0.0762769217323212	-0.08872693606204607
-0.040137032590618224	0.046573396076506964	-0.06793793737358866	-0.09943225206053392	-0.008039781056119702	0.03292305218115245	-0.051344138457920886	-0.08459318605579053	0.05785455721828447	0.01542664265714831	0.000670584845666875	-0.059263629667305834	0.006054777534633585	0.016027825763805494	0.0022720097962885735	-0.016292087517356748	-0.003735346912473631	0.04430460690180779	0.02099038441952556	0.07823315326503769	-0.0032344831687683463	0.09476263618278986	0.030688033048967136	-0.052522277667366786	0.008243559033672243	-0.0199644413965403	-0.078752479372619	0.0055870637386357044	-0.09041366543095364	-0.09003427025421609	-0.018391371489122184	0.060264158267518464	0.024922129957802533	0.05182947266123425	-0.0477056548429471
-0.03754889355040615	0.046525865744076716	-0.06233672074525383	-0.06504651565513785	0.03416208946883154	0.02261101667083037	0.007373184570067135	0.1058188343931397	0.019306429956172072	0.003963876902410591	0.007564544597092982	-0.029384528775548435	-0.030577458185976552	0.019026869464432904	0.05226806217013744	0.058625371959683474	0.02628631064455247	0.04074695194408834	0.06692927538730234	-0.005908490460420555	0.047191344622556725	0.010991614572213926	0.020408524613736736	-0.12118425306600722	0.011545880616278236	-0.04004322390493083	-0.030349736825841248	-0.006135043931695942	-0.03540964817212619	-0.02251140571966085	0.027587714534056878	0.011014002940210516	0.007116106938550885	0.06319544444047609	-0.05237758191712032
-0.03946153019788606	0.046025089418400694	-0.05298343862662753	-0.04996381521722269	0.04736651642008666	0.034560018558255995	0.014066580492529134	-0.05956201603931979	-0.04778108878223893	0.1254948199638644	-0.009874487989764452	0.002164589833598105	-0.011417670269261592	0.022349101751464175	0.023931404418367334	-0.0001874518967089414	-0.017205029406822427	-0.007922946910722567	0.053903702938600986	0.010133266279211954	0.05078034924264055	-0.006326063025469746	0.04469449381077052	-0.05662885250923984	-0.00013669473421906372	-0.07568829770318056	-0.02167542089054654	-0.07028981852063741	0.03179535159357665	-0.010367426545334707	-0.08445459374298621	-0.040341339160852974	0.00491639363800371	-0.0202859660133139	-0.03859383600084907
-0.04318169916105107	0.03802827722603518	-0.038792943711222876	-0.057900045295162496	0.0629210643211044	0.030978121667305566	-0.007641524235194608	-0.013097098688211645	0.11088816307389442	-0.029294516674677168	-0.0327996789364814	-0.04242015174965404	-0.007791927352781816	0.018652196050900766	0.034196328637791734	-0.01730014518556633	-0.048279171312709215	0.019807075687557955	0.022522055600059973	0.04833433833296592	0.0331474080415905	0.0555278689229478	0.03674258423047645	0.07019583771778701	-0.013099288105917657	0.009828066415925658	-0.041764073197400636	-0.15530648948053652	-0.01267112643635598	0.01753908640018817	-0.14134736247597626	-0.006063756750062649	-0.11352048887087463	0.04353972603102103	-0.03677855325314974
-0.032991454170867775	0.04968692027300301	0.05587595775210684	-0.03596372388223549	0.03902992853499756	-0.030615578478598398	0.0628371924466189	0.017399245557204682	-0.0026556367322572694	-0.10925372041267449	-0.031026129292489563	-0.0996067314034853	-0.0756427089894657	0.06169476404192041	0.004886315495409932	-0.01279936983517815	0.04744275624317481	0.030209783260710797	0.046552766483100416	0.11176494478783752	0.02597366448164098	-0.07742416475711474	0.05182480281678524	-0.05781845192638185	0.05848954309899519	0.062327942320546434	-0.08971029759037297	-0.08170412790271143	-0.2470730968377208	0.19225119052482614	-0.024808833304140375	0.12071982789142893	-0.11173232403746362	-0.0374832382097967	-0.09974547214378467
-0.04073568200191363	0.05516799012679722	0.050082202166868976	-0.0087419322762523	0.06495788912828242	0.07429663095731844	0.10073904394891152	0.10719860318464461	-0.00026385139346775296	-0.000923641926796441	-0.08951281252785308	0.00941440971554887	-0.03932904538528242	0.04446842203349563	-0.037270887853804224	-0.07111947872616667	-0.017516740604861303	-0.0992962672048883	-0.016599940560876467	0.030828447722776823	0.01074489737663858	-0.05712295943492411	-0.05729186925433552	-0.1315589364045166	0.10537214861073974	0.011994678138893152	0.048500948910650994	0.021751103125275964	-0.08296697645357187	-0.012717454452189591	0.02543600269709015	0.0018366989649820573	0.01847458209809874	0.024475084760777227	-0.02075520486991314
-0.0415439267791583	0.05780233355334984	-0.003302478431473852	-0.0640087129518797	0.021200212400791275	0.037322164906752935	0.08128839364748011	0.0063305040513415055	-0.09361297372872435	0.05736982543976651	-0.1408314705527418	0.1327928612106288	-0.00440479520037931	-0.019631148195545154	-0.03607819342652127	-0.05649692149284815	-0.12627713271113264	-0.06746250209314252	-0.05349316349129803	0.06685078497698183	0.025676183489954083	-0.036576705998626814	-0.008323608565382301	-0.007928226984120289	0.014880740090721442	-0.08734281920140172	0.016454134796349162	0.020518664445603973	0.03967012306410761	0.03209841238670861	0.003640297785945043	0.031769073880985814	0.03635242786272071	-0.0018995550140567669	0.052423760608153534
-0.04204992048631435	0.0631518592838349	-0.01191104337542707	-0.12112423589886212	-0.03526451897202622	0.03861378461656039	0.032204638386188325	-0.0011908483288063157	0.04370005814908348	-0.07726635215063941	-0.1596692654466718	0.09828097529703007	-0.027402327459226397	-0.03420430481019497	0.02744790493594424	0.026893314486109605	-0.12166960055431286	-0.04829637829677243	-0.06274275417062211	0.055266926940804234	0.041529120647252366	0.011679255978866232	0.04119777855515143	0.06041645534308519	0.032036840425907334	-0.05104302498679025	0.03043427659943885	0.034551302792866626	0.003080979873038882	0.00026139437742393745	0.06388693685282112	0.023342524177934046	-0.027208983470560173	0.010371770836034102	0.0848789002965781
-0.04177333131158783	0.05645158350070075	-0.021503963097386457	-0.12909606778505459	-0.02926246667708245	-0.040057934793143124	0.042067631714311764	0.10526714638534998	-0.06754429039298739	-0.030765333267137943	-0.13466835189635606	0.07011093995902219	-0.059990867926108894	-0.05615512379891408	0.0350152844796756	0.07929168553819549	-0.06842772719469147	-0.04370083018589466	-0.011599682555693014	0.060843975957827715	0.017221202935858496	0.025196263218045772	0.037514589425628395	-0.023665364965020384	0.06296297317218764	-0.03750666045631907	0.0004573535954692405	0.0532266624751225	-0.05635746739238787	-0.040217795051071335	0.16351949309106434	-0.053914202119945964	0.0361532219768575	0.029929535384136938	0.025752923500545567
-0.046447749660414955	0.05362370844938016	-0.0350280167467469	-0.12164317981999219	-0.03459926943991018	0.0014598801317667791	0.016099648740379967	-0.07039987266200341	-0.06639482036919707	0.020581742461373127	-0.1206635096721616	0.039217055320624125	-0.054554945419822504	-0.05102966774853132	0.02326613543206376	0.04565093269276826	-0.04386653404524915	-0.06472474858176544	0.02801120550663609	0.07273341418568047	0.036560216776543364	-0.05304126361004861	0.0879724359628694	-0.06951480720632877	0.046592595682928235	-0.12058129552551923	-0.02680773531492296	0.011258090823107227	-0.0009411788273713997	-0.06261350347435285	-0.010425801718827937	-0.08012113982097026	0.02853114046155954	-0.06852303436417145	-0.017103247125409823
-0.04882522989491842	0.05038261250890799	-0.050581007809809744	-0.10991484697571945	0.0186288882665886	0.06283731417721657	-0.019109127540509096	0.04626663601139327	0.03965213164271322	-0.06898693508434596	-0.10774482654665508	-0.03738520106221959	-0.03126333666239636	-0.06431740501812701	0.057620244917072655	0.08366183615794617	-0.03439397610934983	-0.01437560293926668	0.009729518384916414	0.10400540912618386	0.02731943903323015	-0.03018090028858065	0.037612920647987075	-0.03587125014758416	-0.034948875529941005	-0.08468014761548501	-0.015616896209493226	-0.009271955851452308	0.08881574998176507	-0.09968955761499046	-0.08302089032660812	-0.056776120190744996	-0.02337576611952713	0.084420371121707	0.0214161993336116
-0.04674427678251139	0.03885571136831253	-0.06722521803882357	-0.08893810586825218	-0.007509392131325679	0.01057979137921056	0.006497379905366118	-0.007351185199464759	-0.1044947796046009	0.05887181359669679	-0.09451318702487915	-0.02278539424738832	-0.058068225312953026	-0.07245865663747715	0.06542605152095211	0.10472239993520417	-0.0243224720108684	-0.007489479713762334	0.08603666433811917	0.1228818926605422	0.044945710375231956	0.0018803812949850299	-0.012635454386758697	-0.007947605622980705	-0.01823761256873555	-0.05845677762456521	-0.022804569229941885	-0.07236437572792094	0.07832698126452603	-0.060681356640509984	-0.06715914799435022	-0.006496008833180973	0.03882132331318655	0.07485224887533179	-0.05077785131083964
-0.04811420093888242	0.04411013015560485	-0.04512510647102388	-0.06513561743737571	0.07261423978315482	0.035742409618090464	-0.03134853167837607	-0.08521831514621885	0.04568807557978982	-0.029239733446482067	-0.058139292369609	-0.08589954060439112	-0.09714608971724908	-0.08234759676238021	0.012421707032831176	0.058696144033939114	0.016138589600963597	-0.01303727790880592	0.12949415099078346	0.18399712768693238	-0.00746143452820601	0.08131670402595265	0.023766013139625855	-0.04088328072053219	0.007020238946380066	-0.046875213612781644	-0.027199606170719634	-0.06727162055107241	-0.0835790444352739	-0.08031229345689501	-0.055719052735986874	-0.0436620659059206	0.0009238355915677388	0.001874544848180209	-0.08662951469367573
-0.04935550527412246	0.04726438112640021	-0.0013610072032479114	-0.034833624833227966	0.15419837033348735	0.1565531978670794	0.016780350031309805	-0.004364875158012486	0.02947789487777564	-0.0356965449938365	-0.0367724895494108	-0.14942718235140304	-0.08845911922694152	-0.022285718842324817	-0.02092483991411308	-0.019406917775743365	-0.0009167633636761093	-0.06985601428313813	-0.037545952806967986	0.048118713691866405	0.047042213725018975	-0.03485376740038911	-0.05425237142764617	-0.09738081079604301	0.1559005055113981	-0.043160942367159415	0.19044546291553408	0.0258177455926853	0.10945324314085234	-0.01626008888487486	-0.06623292052011373	0.022999662572775234	0.014257557795404715	-0.10217504090249684	0.12135591426522965
-0.04212353696676206	0.03224389593750578	0.06640057281740892	0.09239625121671294	0.13078890343067298	0.028903958053646737	0.018039163974668853	0.03727753439139691	-0.02407657141588096	-0.1002585443904047	-0.13221176982828126	-0.05569734150107548	0.057754313903198046	0.1418299585042221	-0.15893784301558322	0.016429189167564452	0.1902712520757845	0.02391106340535296	0.02259146243594708	0.124407125475501	0.11800351786372842	-0.06142456024009005	0.1688980564433307	-0.06317580923794164	0.09859420346617703	-0.001236878799765197	0.01439630615221274	-0.005724921233982116	-0.13393391079609152	0.18573154442954729	-0.029551001316340267	-0.042768255510690203	-0.015654098975769748	-0.1004673769442414	0.04932056186463658
-0.06193339615818355	0.006428261927337995	0.16696346961339426	0.06808431776441695	0.0992702887486175	-0.017766749755467378	-0.02480106530233851	-0.01109841246449972	-0.17517801641718678	-0.051418376571605924	-0.02774475535071235	-0.01465976725764453	0.06671819050897833	0.0492667132664771	-0.1331584220141909	-0.03072664590931532	0.1664987186409256	-0.09448688537320996	-0.04326750331551842	0.04903548891089136	-0.10608494329274314	0.1074169436664429	0.1562181834021853	0.20858356624866636	0.21664039451182387	-0.051506620338031786	-0.18029413267099567	-0.009473052503004509	0.10243818898953491	0.05493749963119429	-0.14359114065001993	-0.05460982542519047	-0.02689194348665966	0.03471104015100515	-0.018095845982385377
-0.05458610712469504	0.002541665422488132	0.0842516860532244	0.02947695462150567	-0.055374750315163764	0.08790446171049503	-0.08343134272235123	-0.08650319896172007	-0.07819890993911124	-0.03756331487182215	-0.043441536455896164	-0.03777445779787669	0.025153004190695733	0.0916511637559187	-0.18521205016922232	-0.14756879273842885	0.0559590241245866	-0.07385414327009507	0.001780870374747251	0.03017066353154122	-0.019819315177103974	0.00098446266669093	-0.08798231658031927	-0.12976845746126608	-0.06780528452028609	-0.02179851420455371	-0.07839819887344658	-0.018767322134260606	-0.010826499167281914	0.06693171915523083	-0.025989002067511403	0.1622133901383813	0.13068341434446462	-0.07453789269924933	-0.0019297712918663681
-0.05096697549010186	0.022413039817114216	0.021991768249128955	-0.01433015783740825	-0.012667551823259394	0.056305947100982384	-0.10918999585321688	0.04353753624030798	0.021564572354961353	-0.11968757070887956	-0.04912445936310954	-0.09332413916055605	-0.012966407645845605	0.15518590787520337	-0.15551513217682778	-0.06439808288256069	0.017818479282117532	-0.09146654573044519	0.055135774164700876	0.011392444880601996	0.099376166258069	-0.02813743331815506	-0.0018235547300806398	0.002531656556315626	0.006472367076444274	-0.008475236708840862	-0.03612782440801817	0.05251123090989325	0.023606900612039815	0.05908649361876227	0.018134900835345802	0.09738390119583214	0.025372203999644564	0.02187834622294113	0.08479383492312709
-0.04985602778530049	0.02296882565360392	-0.006890061265165521	-0.00669668018395379	0.005862619630828847	-0.007783476139674302	-0.10811283139819143	-0.006537198853159174	-0.11657238498955672	0.02930450813850659	-0.00192067374360265	-0.090672435838261	-0.03078978397008217	0.1775095837994366	-0.11013897604416473	0.0020208878017903757	0.013952427220109509	-0.0630804380245801	0.0655377583658114	0.0020702487345386315	0.12014331294893935	0.013008925474020185	-0.05248791259313232	0.07989384542992325	0.040202117619429135	0.020992737407765413	0.02322815769972151	0.08328297712159762	0.028711049058070474	-0.041746361547262884	0.11194108565624904	0.07050194084594912	0.1148806823818572	0.04157291294415404	0.04437224661506231
-0.04934939824456823	0.020238620098507954	-0.01946868702554257	0.018052072787624687	0.023799131468644152	0.06264233574433607	-0.09897076402026453	-0.05909834233366493	0.041937581479117976	-0.05248969206222966	-0.009220359326232604	-0.07594286072214775	0.02624849002375409	0.19443213747666088	-0.05840439881273741	0.06645371053455099	0.03984467824324413	0.017214804734076657	0.03206145282162235	-0.03243355144115384	0.06888129668436024	0.07268404106625787	-0.023905341211629887	0.01722822561742708	0.02512278316339536	6.382953344284681e-05	0.037398828074757556	0.08306423240050287	-0.0028185488300490613	-0.09847544964308028	0.07958554020085865	-0.01751734547821887	0.0812578558953883	0.05693229204578032	0.06293715605507774
-0.04606781797496138	0.021909496141918873	-0.03182527750880224	0.03412893724365402	0.05127294060839242	0.012870529169011099	-0.09051789448115154	0.07689304840744178	-0.0672287004146448	0.022756788196889526	-0.007486323068707101	-0.07894148946214885	0.04506901052701518	0.1780429698792544	-0.0562517528614203	0.05190731326669847	0.03281458530382299	0.08401680205844034	-0.02647488530731994	-0.052372717014472395	-0.0018490519421823404	0.05421886106055958	-0.048602380615325715	-0.00845318384956991	0.0622240998144739	-0.06603466080679779	0.04971581963290674	0.03935364227021909	0.024420846499881146	-0.04546490150141515	0.06947957843391303	-0.015900955533809172	0.10027693670450717	0.10179485100140453	0.019930398217329018
-0.04626460492746217	0.009530633850319525	-0.05381470726095365	0.021878435994759787	-0.004448762063794936	0.025684752679522485	-0.031031022616039055	-0.08977923124620311	0.00417930086871638	0.01807484964878285	-0.07029485098021411	0.01801062736604211	0.015943608849381573	0.14644089753508482	-0.03405651684077777	0.11134714992103781	0.059473360641164756	0.07954607975006518	0.010002047122459688	-0.041991312840361006	-0.07112882421044954	0.044510861568351295	0.00525311014328304	-0.04280691417870611	0.06662116815107667	-0.030977721541025207	-0.031590065035582045	-0.0006008261417337589	0.0451134782406351	-0.031750037146122026	0.009457039616892473	0.050697635517018905	0.04597711408986759	0.01623883571093428	0.01705801512087523
-0.04249810246240629	0.011864387339295289	-0.048533482637425136	0.045579568853912435	0.023652542451385577	-0.018454366823877785	-0.006627898143484343	0.0967198897728537	0.0025576701062718058	-0.007393873432310315	-0.06929520268092135	-0.01597147550678866	-0.03815545083539458	0.09077161640993756	0.005473496217322082	0.19552843535367556	0.0790864762093585	0.10602969761916192	0.051494045624011	0.0015488236447388677	-0.07049147789437676	0.07200995634992313	0.03639703312456402	-0.09181785266017482	-0.005979300429769886	-0.03994505583998213	-0.09106368816502103	-0.059168283553637395	0.04070622313422088	0.058645363310328436	0.02661351173816084	-0.03520610896873885	0.022140842545563484	0.03465335749473655	0.045389303291115256
-0.034822998996059486	-0.015431699733196838	-0.023767419696514212	0.06568374062355646	0.02881114320531085	-0.08721337567301529	0.0948842073026338	-0.08382277486359882	-0.003671414514695456	0.09196635604782673	-0.0833888188906888	-0.06605122095340983	-0.20266160646364048	-0.015924144487190775	-0.06360064770623497	0.2632607201713585	-0.043782438336488705	0.16133482677501323	-0.0037423695950435454	-0.15585730497862965	-0.03590045738818137	0.09198260559586116	0.07397648794113951	-0.003989801034856417	-0.05476706558808045	0.059575311811822296	-0.12936186632789437	-0.1329696289579631	-0.04085684108159299	0.1568561340611405	-0.03604113149475756	0.07309816543399106	0.014770212390467148	-0.0629643960510019	0.037848322082960593
-0.036457027294777934	-0.02793476898024803	-0.009230665867629158	0.09317952324808602	0.07044541812747097	-0.009937643171931678	0.13538583215912245	0.04735826723989382	0.07811570580259722	-0.04090586668561469	-0.12325462701453271	-0.08813143920098455	-0.012126806093751923	0.09274964044670062	-0.04971542921802338	0.2434536195013301	-0.04723894487638679	-0.07264557079090966	-0.0021691569292990147	-0.10759035692615171	-0.07071845422383544	-0.049984576311697525	-0.034116595547413156	0.09211489452303066	-0.07204018039190781	0.12809647490641482	-0.042028914533617526	0.00299503476315921	-0.024366262298049442	-0.0005607582189935331	0.05161455433499355	0.04334259854355477	-0.037273636585417734	0.02371650928413005	0.11219744754306887
-0.04682178525286524	-0.036446216648061275	-0.013205394317106434	0.060855172390393106	0.008696196177214269	0.011682531455441248	0.06889658895419012	-0.07541434976853358	-0.014711653744326524	0.035465434424707065	-0.1273756837730946	-0.0190897708306787	0.05115722131446938	0.09215179456796779	-0.09414973320963708	0.17558575632028192	-0.07708548503045456	-0.08657958621812856	0.0379317320521701	-0.037196403907296005	-0.0783186740489902	-0.0393967265617643	-0.07687333549306224	0.0754361295460158	-0.083075059102969	0.017585729921645452	-0.11603420164636905	0.045982022459508984	-0.019884351205922402	0.0468343399122489	-0.039343761711030364	0.0450852839701123	-0.018015404766139862	-0.04365974901624203	0.09185446840993472
-0.049882613652488646	-0.0259316285377801	-0.017794684022299872	0.02587292213344535	-0.001753227566085294	-0.010817646949000892	-0.03506992578852449	0.08184158189412521	-0.04549624688867126	-0.01805213260638808	-0.04504970173478725	-0.07561633536072684	0.04538358404645572	0.1187511911995107	-0.07323665803605105	0.08437567551315757	-0.09119612139491022	-0.03140736007708571	0.043406959388205366	-0.045487559988556296	-0.0805796004435715	0.013529559584699036	-0.13057944602288127	0.0826336538147266	-0.0862329028359788	-0.04933238981683949	-0.13404793577377408	0.07883615238801642	-0.0015792677062686916	0.06154955733832574	-0.030195438891986746	-0.012122980054520213	-0.026013693666685773	0.05627206864046086	-0.026020361979339428
-0.050279458017764206	-0.027076133837926942	-0.03725284571591965	-0.016243479478846863	-0.07265911194701487	-0.023967685451665704	-0.04560198578714461	-0.08345729183265466	-0.007227647259591035	-0.014407204588945463	-0.04352161070625794	0.020925777206597794	0.04716791783387434	0.16124612213804135	-0.060513292938334975	0.09333154538307716	-0.04061508318239786	0.005167370674329944	0.008676015862566357	-0.07802788336670885	-0.14613322638068704	0.015231353481477479	-0.10335751414720017	0.028010693978312087	0.037039929438741875	-0.018369224460722408	-0.0406639394905781	0.012923435782454737	0.02290484226417766	-0.049832916077073956	-0.07448946584818698	0.05078042227015145	-0.03989614110637744	-0.003929761463734555	-0.11400710852258886
-0.055559236782246724	-0.0275796365467371	-0.03857519959340702	-0.048972314191086275	-0.06546079261879686	-0.04877667871929489	-0.0683970711759164	0.10743229160098733	-0.014392101559624273	-0.058985452268385405	-0.011795353574801791	0.07375782805119262	-0.038020666744977165	0.1446063021736813	-0.020175720890861597	0.07126297284724674	-0.024550956700961683	0.0041274209090884015	0.0015049513312473534	-0.07691492828232553	-0.1607855539060812	-0.014155361543922223	-0.11434196162236775	-0.023377347925236186	0.016047336474455266	0.005284729411445241	0.006612874256372352	-0.054843919445501293	0.054613538847843326	0.01769804378485532	-0.036901388550843364	-0.12705966700851448	-0.0853920694864097	0.017114984405901805	-0.11888345954130816
-0.0593817002997984	-0.037016096109434043	-0.04390718463372736	-0.06726309619846364	-0.11709464133104945	-0.03445140180294459	-0.07486939663330383	-0.05817286726693516	-0.0035648312530483952	-0.03491207727394767	-0.03158369751019567	0.14585043383486831	-0.05180320555056125	0.13197560967788183	-0.02409549996653447	0.027643235902920713	-0.03928821373164084	-0.04733508509741069	0.009250040575668597	-0.07854080795008425	-0.17631236492500346	0.008843582288426882	-0.10547418011561084	-0.02573400926785678	0.06753418424047171	0.016232102024542755	0.01735676307151522	-0.11194734614008627	0.0608757629646472	-0.008288331929507528	-0.0995059716073277	-0.08905414345192092	-0.06880767242458494	-0.08488874832697506	-0.07732308707362497
-0.058044196770256386	-0.03767206885294565	-0.05589481157828146	-0.07116655844495824	-0.09011055053960979	-0.07039209632664493	-0.128518603362745	0.09351257567247401	-0.046793662448758565	-0.04541688529422409	0.007993927875820152	0.027409568607623364	-0.09178383505141806	0.07368530714566998	-0.013194604394810646	-0.006103795631126944	-0.024864003119733937	-0.04532838378590516	0.05148281054546851	-0.01434724132643648	-0.1606487297298883	0.028872399226482666	-0.08281650907022788	0.0031883136873947296	-0.015414237071673005	-0.014349335735757376	-0.04621029064010382	-0.11780073867040847	0.05464106410355798	0.069159490151246	-0.06854832437040931	-0.14331483554325564	-0.05419890673273334	0.0016589582529042083	-0.0383778335510893
-0.06455754663207249	-0.039944489254033516	-0.030683995730711396	-0.07866971355826669	-0.06334050476397102	-0.004078273364974849	-0.1263342177790059	-0.08494112978810592	0.00546247884294355	-0.026866339966172118	-0.0025310994699796266	-0.037202071496071375	-0.11874721391811728	0.04617570408135552	-0.007799582171528989	-0.027851719566440516	0.0799360317627357	-0.10512570744945343	0.08338339469404578	0.0034479505771105867	-0.12251968115470141	-0.014488656127371009	-0.0721892023753261	-0.0056205366876886445	0.04406095134252189	0.0580738935569214	0.047787947304818126	-0.06275887904770215	-0.025251439233429478	-0.00025089458355051497	-0.12031379597913222	-0.010949363644379304	0.0533458965526993	-0.047395986644185234	0.04144367809991349
-0.060560034028112913	-0.04004718496301202	-0.024041951258734987	-0.015704559163032178	-0.014949247197673737	0.009282459750025684	-0.04773038079526249	0.10209036181165791	0.04391735462891687	-0.060790994046206116	-0.017188274113514517	0.0009521497136757307	-0.12947496797172603	0.0582800169138212	-0.007888664297642081	0.00556976778098532	0.10033152523179416	-0.10325593603650263	0.03404650458003381	-0.026204010690771107	-0.04745268996746106	-0.08350203324198541	-0.04013807422861841	-0.08431649968084626	-0.0016203115595676207	0.0985755650322926	0.055599215788167226	-0.07794435798358434	0.0657412200287588	0.04861748968602962	-0.05955146596026312	-0.08847668802895116	0.01467408479446454	0.003372754697447586	0.11182520919966393
-0.060952005011761595	-0.050012645656668624	-0.023891815493586162	0.009159401036591713	0.005481381166827666	-0.011041187184627705	-0.04763156747543477	-0.0639389171464364	-0.05149152105634732	0.05280120693188193	-0.008933661854741414	0.010252828805103996	-0.09219096961776888	0.060513308135714906	-0.03159269056409445	-0.012932622024493051	0.028749912512646365	-0.14100537964637272	0.054530639930615396	-0.028318776009787737	-0.00012618540211777052	-0.06764822275373022	-0.005113432354211075	0.04787269014660085	-0.01834809415532741	0.04677702994300347	0.061566797939085656	-0.016902062913386025	0.052004548129530245	0.024537211008455267	-0.10278889107030294	-0.044080466503550866	0.05858899127268012	-0.04843188901989112	0.10615431810231862
-0.05707890350194972	-0.05506270826137084	-0.031522785400961845	0.04005077815676095	0.023208611660885257	0.052845275546359205	-0.031933040490972196	0.035267882943531205	0.07360747589083182	-0.04947683102406639	0.011454128091438694	-0.0379119094059873	-0.05316142179513285	0.08030824599018783	-0.03035972096678917	0.0024498441843559854	0.013143425719248727	-0.11985192238708355	0.0927192182503199	-0.050352029386639734	0.04350467833047872	-0.036983255958514996	-0.08319840332549586	0.03345832732109209	-0.03569146870477576	0.03634311900111521	0.05719203308612433	0.014296851666183098	0.06543584205893696	0.045187973599318365	-0.0998035724772698	-0.008669242725803245	-0.024215731411297035	0.048142822101531785	0.14185187918775422
-0.053865141302794725	-0.056027611700747625	-0.039498153140154445	0.062308705709333535	0.044304343133506834	-0.053847491753026805	0.006256878139721269	0.017224461470500847	-0.06294630520608964	0.0722974186743576	0.018348893768658517	-0.014577091894399133	-0.052424812693024375	0.07411778888885448	-0.029059277851568456	0.05370227737046057	0.014083375063831277	-0.09294487879948475	0.12477451690274387	0.0018622746823208705	0.015687108769331624	0.058600905959804654	-0.07813813913926745	0.10967372386809725	-0.04965695650278287	0.09220386094904234	0.024663027840687336	-0.02693955267856086	0.0453557290199878	0.0008791284115989631	0.016605707193528885	-0.06875880050834612	0.07423176687352927	0.01516777622772341	0.02486320131145303
-0.05859554945214403	-0.010542292413889395	0.061027720765542005	0.034985863631893335	0.081326455659815	0.027443800300333	0.013700395477007937	-0.09738189306150807	0.044607357499971585	-0.02096219681805465	0.016081903056447168	-0.012535537797213133	-0.12892077982924222	-0.097662439561501	-0.06125203469101532	0.06708939133408816	-0.0374466847707036	-0.03757769934913432	0.04750948042188411	-0.037836473804299685	-0.11916908986990539	0.1525347094450571	0.041199840845815766	0.053211537731990666	-0.05292108788782273	0.016747067939142476	0.06842325426706887	0.13279549371528987	-0.06908278270315274	0.019496091443800954	0.0066040591618113514	0.09339216295359606	-0.003931819211882043	-0.03819634292215798	-0.1059705038082114
-0.05390589620155508	-0.022064412222866016	0.17476457430979492	0.06602009762780722	0.15806271795975213	0.030096678324630838	0.04074703766400626	-0.01605950460378755	0.0029060828751909826	-0.11602939911096591	0.016227761442829704	-0.08972457715010616	-0.022792104561511588	-0.021739176001112085	0.008491025240331069	0.07082160193601504	0.05252341391232747	-0.0513982141819708	-0.03504208251973692	-0.1383807688495946	-0.08565751010291323	0.04231791866146553	0.07864292301365897	0.08729848852806846	0.06367868884321679	-0.06743655698896116	-0.007418904112993004	0.04650145267053079	-0.014968232386444801	-0.11733648965229669	0.07019358920708096	0.0755298493626418	-0.1878984385439525	-0.0019147623613956083	-0.1021893203006931
-0.05854039687473617	-0.047977332635806454	0.16951213652942781	0.09117411409259735	0.10013627964171157	0.0675333729710329	0.078104811993295	0.05267675741899131	-0.11865533177848789	-0.044853324631862465	-0.016022644737410354	-0.017721386091943663	0.10611451035119174	-0.0564536673438426	-0.04860988472127856	-0.031843937883134735	0.02787348987290999	-0.04461685124786245	-0.08982752347389407	-0.07302794400418017	-0.027380418021201045	0.06428817987634092	-0.1223049226810733	-0.057305932999452754	0.014572166233271379	-0.10581130682249648	-0.07207684180537478	-0.021119622676554314	0.03491327970431083	-0.028544645061928726	0.09620284079253497	0.03327507202249203	0.021834490657109677	0.049833812618503864	-0.12835875607788158
-0.06346793935820821	-0.04885031622237744	0.12074952925617549	0.025009220023773326	0.0038423016105854006	0.06231943868239827	0.008711869502378308	-0.08660021358132229	-0.04544277712062867	-0.0306188434807173	-0.08697445966722925	0.06719279638281912	0.09997227133021717	-0.058048277620651366	-0.06263438075769466	-0.0060435116261602015	-0.07196666023506042	-0.03806721894667295	-0.10596207251822738	-0.014022868393720377	-0.0382740067738048	0.031116942035160133	-0.03816583046074543	-0.00012562950937629325	-0.08344972231090671	-0.05833477153346203	-0.07881956595358273	-0.012265834543810597	0.014044566472389794	-0.014631046691734978	-0.027863621604072592	0.027539404045387482	0.07758107443880052	-0.061100184369846156	-0.03388801910397743
-0.06575792964210088	-0.06231193698334146	0.06048472359681615	-0.04105898872805187	-0.048179587887165344	-0.015244237092204516	-0.07914258349365344	0.08029616975864586	-0.0512997487173927	-0.05605988836158825	-0.0055016345683857	0.05602051537972991	-0.004597170445546048	-0.059835515060669565	0.012861770981781422	-0.035474161524879685	-0.1101616562976007	-0.02128114965409044	-0.05012199358829865	0.0023881102191624336	-0.01631679157760834	0.016445829941335973	-0.03651618167745583	0.05716142039941258	-0.14691860322331626	-0.07318456205898793	-0.12470267941013706	0.0034413042519739374	-0.029576740975497208	0.044048469130206325	0.020046628412880175	-0.061194580713155006	0.06088960742714115	0.08821210327754862	-0.03313562266995094
-0.06821049021176093	-0.05436600067195471	0.06064168631442441	-0.06558705363478487	-0.07719466978380143	0.008227324574897148	-0.11589168008603881	-0.08159979021001337	0.006229690398010562	-0.04899476957339258	0.04932093685357571	0.06065834142272227	-0.08547757134358541	-0.04447548123971044	0.00937806553953461	-0.03528305216932595	-0.056844966154983585	-0.07605461152936223	0.03558213997190042	-0.04692599859151599	-0.0006062010922443274	0.041028364721953536	-0.038209358322292636	-0.005857318422175566	-0.0641043848696619	-0.03794166775122271	-0.009833378029472796	0.05136752768817972	-0.09687877423788707	-0.06690371272644093	0.009026314086100391	0.038496674720763235	0.05208324065244519	-0.015890264389955534	-0.013157452229351413
-0.0643784640241342	-0.0303149555191644	0.0937864459643493	-0.041375068558232905	-2.8193944454054903e-05	-0.04950291927754853	-0.12118281634641852	0.07697055688378784	-0.03223180257546893	-0.06901603293717266	0.11524304757549157	0.06035335389258185	-0.13411641434681248	-0.10276227373684152	-0.024390767581473415	0.0011854443705118472	-0.041502165094782946	-0.02122344038959182	0.03785848167634379	-0.11514579392444262	-0.008148682610079633	0.09493582488602194	0.023476751270946578	0.008052378981733159	-0.07685199100188557	-0.10262127985017558	0.012891102932279228	-0.09965626919449425	-0.1750604028073745	-0.028143728934024424	0.10158057447725605	-0.05408469870884842	0.03606457366736575	0.14769413058325628	-0.15653059717948614
-0.06965493012929576	-0.02218667965261739	0.13057262994048646	-0.06480192620415644	0.01837205089413161	0.018394001408357064	-0.01157549434794829	-0.08282803541668791	-0.10105294820673838	-0.034166689954100986	0.11245803798769503	0.04927603379676479	-0.09040508860059263	-0.06553912001303637	0.04157439916480416	-0.06488156998086667	0.04183423412197107	-0.0770574601484604	-0.03668412107671831	-0.18188982378154556	-0.06372612366988775	0.041343485006155256	-0.024829100653390654	-0.039676475878692045	0.07146284599548125	-0.09491571899103833	0.10159590218681973	-0.09391018971301218	0.06949068036108783	-0.05414179977084166	-0.023330294983986276	0.03841378013191667	0.040292010174597465	-0.06427559303428329	-0.0914387663976565
-0.06854889828461946	-0.03702591514543499	0.11507473732365467	-0.026675166325563972	0.025233681792137537	0.08858246225374788	0.0025332023725158654	-0.011167544475687767	0.03847230068998863	-0.09010318588547281	0.06595929325131138	0.03528175598899503	-0.05246948402109553	-0.06697622421733478	0.016024574607110122	-0.10055691246674775	0.07482366253626518	-0.05125279566775758	-0.0996468249664687	-0.07534564311497233	-0.031634768154148105	0.08972941221271566	-0.04523742005642649	-0.023958060101788047	0.007097021363398237	-0.025458897614345933	0.10679287604867549	-0.056073957083046494	0.1172402521904255	-0.041750114038853994	-0.028292681912123925	0.023238449256449176	-0.07533400072473802	-0.043278743690431144	-0.03711547569445674
-0.06685867783180251	-0.05599190693755228	0.08258907421759946	-0.01012275413959054	0.05604592043135177	0.011859412626126605	-0.009247314860382862	0.05291896083655129	-0.08648729907138779	0.018727158221581726	0.030239997940180032	0.0645817986941641	-0.06279247349524186	-0.06452482783587712	0.034365223273115975	-0.07745362547564139	0.03529823074301666	-0.001371050571736563	-0.1629271449268521	0.0008128224767893905	-0.08014329898963898	0.04841924454443504	0.029099551903658684	0.028959547177476216	0.018744341040963286	0.004142569097684739	0.12678928518265467	-0.00037205597432679594	0.06972466636715098	0.008828972251756044	0.06689577397301927	0.012743006889733031	0.05604009410635567	0.022728682802188087	-0.07774455492007237
-0.06851451978376757	-0.06374241307548018	0.06141972950038765	-0.029724537631029006	0.007431867340551011	0.05274746450154996	0.015176799646690473	-0.04625677728968942	0.04398469724807163	-0.0406295814834813	-0.02767085317467273	0.10865120413131506	-0.06898866069029969	-0.08016712636722952	0.01600052692690621	0.00723589779713309	0.04385197698450396	-0.02713547859482986	-0.13648505958996687	-0.010963001427446002	-0.0780684883790557	0.039633564474330564	0.05877864942715238	-0.019388922839398807	0.00233213180475793	0.07496721622489513	0.09867119766464943	0.018792059490725245	0.0004074175728699253	-0.002412643221078585	0.08084662266358454	0.08577758005812403	0.04861131782471704	0.006924121616462636	0.06714395375626592
-0.06715949208455202	-0.06525619151683565	0.06353275123650083	-0.0020515607977639864	0.043297272027650234	0.004336300344911867	0.051754436915726815	0.08789678184272734	-0.03630326177599137	-0.02363749489788523	-0.004592771398978629	0.08660585797943489	-0.08776981984628675	-0.0839878162436459	0.045437958674577894	0.09406172822536361	0.0739234365267108	-0.08581920728400108	-0.10281639980576378	-0.04238816890903635	-0.026540613441182477	-0.002825368695270336	0.0821374639680422	-0.06118127097801471	-0.06702912659540293	0.07450128740502936	-0.014587588752749785	0.05075728305472372	-0.021684055698112166	0.03648004984132652	0.18319808857578196	-0.038475557472375355	0.03386258491685336	-0.005214731471079502	0.03031814915957703
-0.06445027310158609	-0.07744791317402333	0.05246105911690281	0.03455100382518568	0.027828465906958463	0.01882922795834121	0.05745342207863028	-0.06793957437149316	-0.0521260273281534	0.05248398653919409	0.0011802567745193262	0.12178690832936184	-0.03576054734185204	-0.03304621049815088	0.009601328184275658	0.08693873470304823	-0.011265636455793523	-0.10748359204883448	-0.08611611153102924	0.014947494662512197	0.03762222725934987	-0.0396171949564238	0.15987686094284115	-0.06870189856833572	-0.09250502064222493	0.03611789075321802	-0.05285399346336027	-0.03465852796978909	-0.017150585716583018	-0.014021966379214598	0.03754526903152177	-0.048683635969261924	0.10557271222621542	-0.10434725039418496	0.09613782077431712
-0.06497949508322554	-0.08077285110254206	0.03955163545269351	0.0038880315703091867	0.008177793052776808	0.032529953477747696	0.027353972325979355	0.059574470423151206	0.043898438544047555	-0.05399509987496091	-0.02615778667128866	0.10255513400345782	-0.0025704252045857232	-0.055994538481674766	0.031278214828364466	0.07403679304421863	-0.04510352094406011	-0.0493402574504596	-0.09821402241415224	0.028016677983941394	0.06019689976461888	-0.00019448482315242988	0.1061535361789541	-0.05999230051111192	-0.13512245369358408	0.03257411727640107	-0.050120031609039245	-0.03164243826104843	-0.02958396195457752	0.033336625995693085	0.014799767127428927	-0.08331050857222871	0.015034196042538285	0.0244683147777453	0.19826740526030484
-0.0669464667342941	-0.07902159374090025	0.038992470384519605	-0.02351645257169482	-0.04668332726709154	-0.015930972708191743	0.04602035344539689	-0.023927769310730023	-0.0581706968866319	0.059984925341131395	-0.03492730080505441	0.13616359995209565	-0.040672834886918335	-0.0634185194459816	0.03313186604284189	0.07888112046640595	-0.018137509579537133	-0.09137798269952264	-0.01541681817648605	0.012475861319727805	0.05898276780503181	-0.03394869454654517	0.07216938715854261	-0.013527146119840506	-0.08234860612031858	0.032266365624963475	-0.012185742531664892	-0.0075345621622679715	-0.005601442929026135	0.018566425713158467	-0.0028570148324845585	-0.043136349238933856	0.12923097573953804	-0.011128133782100435	0.11825489678559938
-0.06543785472993713	-0.07475225593053406	0.046643459366197404	-0.021098569843334674	-0.01999939788298795	0.02517919963851809	0.0030673115627887788	0.058260447129771784	0.07301723652688087	-0.04620388851710088	0.003251092511684887	0.0490775894316065	-0.04203744145645442	-0.07837349390425291	0.0339091236716806	0.05029602358284005	-0.035856790492243294	-0.10218605248499882	0.022756369397390376	-0.023792046483426144	0.07682715499683285	-0.01724010369551808	0.015695661730608525	0.02081637765167855	-0.12463981308967036	-0.0021817834085239435	0.011825729534700173	0.035417876711950555	-0.018275173748307207	-0.004512317632408211	-0.024996631846841047	-0.07729960772099875	-0.03782923135027377	0.05756198000529769	0.13529732690103913
-0.06556803513128368	-0.06948701025646734	0.059349415492272344	-0.013611647269927318	0.022878493860495012	-0.040139903214910955	-0.007238197511263255	-0.009558392059209279	-0.05128007676025551	0.08249082300774731	0.027595229564266466	-0.008704402076854027	-0.07231740042318305	-0.11945223680949854	0.021761046674570815	0.04580618577725189	-0.051837622569233105	-0.09001824176446363	0.032387840443028525	-0.07003762138036927	0.0810987372589452	0.025001847205713867	0.0091321503403907	0.12647258640430875	-0.05450253332814003	0.01804136195417344	0.04456034494363712	0.01898308327755007	-0.011755223003668889	-0.019153566081731042	0.03003118858898847	-0.015437557361008986	0.05724626317930034	0.027280147594307316	0.026385053285290047
-0.062232329763053956	-0.07756990518512227	0.04292473432803958	0.036638316899141224	0.006992919154517377	0.03931977259057176	0.030141098920062722	-0.0422223759630495	0.0843559973329284	-0.007271028973062073	0.03816265187764648	0.009431766262068104	-0.02939045838363726	-0.08159099199907713	0.03913781704073468	0.04337087334705716	0.02035864916459576	-0.047918868449694604	0.06829881645747755	0.007166929871422865	0.07659778426482826	0.05748985698774589	-0.05840071682620741	-0.015370556971619459	-0.06549738484341214	0.03476528408083961	-0.014878598351774856	-0.02551788486832568	-0.10517512925669424	-0.09798934227964518	-0.016160140168348484	0.0319733996972182	0.029620057786251264	0.0526063045595095	0.08112174010857398
-0.06056991259115402	-0.07951201988181687	0.029274965651585064	0.06687820600829861	0.03708824189772762	0.003921051122209276	0.024082463508058174	0.05379375917752962	-0.0487548165695098	0.07876832830812942	0.034645977267522575	-0.0022363349033674585	0.0028438092553571817	-0.06406971730366165	0.06015838445888488	0.024019787663469645	-0.02113683275911451	-0.03748971385885293	0.0329960856641047	0.0494208020879791	0.04915774829095021	0.037924582219033984	-0.06932207872983037	0.001198002205478381	-0.11399300823667188	-0.01623416334377774	-0.02187600891273351	-0.03285298848269009	-0.022509407547383856	-0.00569305249914927	-0.04148127841347228	-0.07411585617175032	0.06893654633097356	0.05266626275389285	0.05040477311346734
-0.06334123977942575	-0.07574386431844736	0.027559717916416458	0.04388765997400351	0.04172690102395915	0.04205384630122145	-0.021307861594590524	-0.05845754939335634	0.09216437651542633	-0.0037178181764487873	0.018853737061892934	-0.05621959982426116	0.020040562424245123	-0.12303010474697976	0.021523124420255873	0.0035039889861461916	-0.029898473404238533	-0.03185904741189573	0.03961370911215565	0.0707016285814009	0.01465316291212934	0.06892868634450165	-0.03802492848597666	0.07113925535883801	-0.12014778593888775	-0.05429583080092609	-0.01608520041575403	-0.06814101947303694	-0.11027027831609572	-0.040707515292085744	-0.07772351159041205	0.014170262458219935	-0.011401658063816253	0.06794993457441292	0.10988618489548807
-0.07142005947936814	-0.04901953773127601	0.11092646699726275	0.011910137301636566	0.14920243630070137	0.044463960840731724	0.029529233411508482	0.03338243531574934	0.008585705763147227	-0.0554691287826952	0.034586912232199875	-0.09983121674994129	-0.05278184055931667	-0.12461703308156302	0.010940401282741338	-0.005017852944531316	0.09627187762853703	-0.052576894658387816	-0.014818593939832397	-0.14045251308554443	-0.04579595630269073	0.03161236257342653	0.032686995778011534	0.040028404594485235	0.08701831972673216	-0.12387626330626839	0.06040435597465195	0.01098315960913129	0.004034309617414713	0.030295385834580496	-0.015593994028604959	0.13606451640690143	-0.13833657338344035	0.07508090920088295	-0.0485122450185882
-0.06074265920501366	-0.08399532405381827	0.10420449053025473	0.09429385409682613	0.0935332552816223	0.052434533559138	0.0533157033960808	0.009636371776667586	-0.1165718557542677	0.043708772143635076	0.007006631752886441	-0.02255382722194627	0.08282537307617	0.04132293981888135	-0.04373461768519449	-0.10002813358890948	0.1756096589217234	-0.009689360819715059	-0.08767067407592583	0.1432678541631583	0.11041416862715027	-0.0026687242237801445	-0.07808806764299865	-0.03642657215696347	-0.004761909851232784	0.002634110823098848	-0.030054897944602324	-0.06097701345622064	0.0312864627299194	0.030770582524425903	0.00819719617574062	0.012031428456255037	0.06580925195668469	-0.042754400425042055	-0.00855561913297568
-0.06037426519816714	-0.09791400704101244	0.07530381170950395	0.048862633287323945	0.047920513143010525	0.04332696802094813	-0.02467706364020222	-0.026891943834822914	0.05775983556883793	-0.040691071174727624	-0.010532966941119255	-0.004285300761606935	0.11555742913262361	0.021852312607788985	-0.018352835150443114	-0.08096116906755346	0.003266888668556121	0.02726054816786163	-0.1548190603550482	0.08089129468257934	0.07142974821143651	-0.010638196459069424	0.04367905796891622	0.07007040174682778	-0.015045666791299109	-0.017160627562000343	-0.07889287874098164	-0.09491104447218669	-0.03262397029570378	0.011739723195591937	-0.06397414836095898	0.0431021550418348	-0.0808746253864322	0.022094062108260638	0.08499927697589169
-0.05923230460615826	-0.11500113119770777	0.02965870874828446	-0.006595184983625994	-0.08689983549900994	-0.05373344995659962	-0.0165170372507019	0.03338689660528918	-0.06562713203897756	0.03836737883004142	-0.05257370083285049	0.02118133386081734	0.10425857081599864	-0.010161660868806927	-0.0284694013445304	-0.08628624000270266	0.008379106413586981	0.08883191949982247	-0.07700960477447177	0.09374999187289612	0.08247818108354321	-0.06319172286970581	-0.007137931091788369	0.0772921132496835	0.030713274427279936	0.04436675635467175	-0.06621210701773989	-0.06818938822110487	0.011815670614131921	0.04920512374656371	0.03357802803927527	0.0658792461691258	0.03346611564293513	0.06375744815079094	0.024633453557740773
-0.058394720392005016	-0.12071331988760214	-0.010064363044941012	-0.037606276480803134	-0.15314383683587848	-0.04031371714813606	-0.033822494745270694	-0.056275737841589964	0.0430959211415773	-0.02486948510464361	-0.05534148683152413	0.010564060706890208	0.05878814459383833	-0.022685969793399784	-0.003519418772300481	-0.01418885177475045	0.024484734318969577	0.09060495248892611	0.011016227549712428	0.0749049723950857	0.022747247225833357	-0.05449528783137147	-0.004342108119298416	0.010644945352817875	0.06880287343257131	0.06222905408206431	-0.022918197665922447	0.14411554649517852	-0.06166509406386364	-0.048905136446849545	0.07981720809115939	0.056982044111786534	0.030883703125579972	-0.05870252124805014	0.053019535691408756
-0.05610296265375149	-0.12207516233288765	-0.0368395309590864	-0.026919313477830692	-0.10569421466114008	-0.07862824013301799	-0.07452564691514518	0.09736508801687337	0.023585493033742144	-0.04730378895025981	0.034943995767158266	-0.03953611691099534	0.012420665405994801	-0.006777550141139037	0.02920884607018768	0.003478557165625573	-0.006933161940819431	0.06895548351062097	0.04962511891109954	0.006698995662142486	0.045729465314080744	-0.10051973682119558	0.017882212168533664	0.0012094729860276342	0.04041972398909341	-0.010112126222496035	-0.02553349454594878	0.1454545280797951	-0.027310254146653785	0.029363758144039666	0.14570408020970801	-0.0367791174945346	-0.06328061008418873	-0.008062818611009569	0.0005620387529646498
-0.05998462698104156	-0.10480714124198669	-0.024669583942577213	-0.01964375449270204	-0.05591507654813608	-0.09767450322789398	-0.1012205170428004	-0.09355737164916626	-0.011883016144393027	0.026486976700680467	0.09294761162412751	-0.022892309463054934	-0.01205794579557276	-0.009047111636968702	-0.059658346213380016	0.011695305491899819	-0.034050488341009016	0.03526339414388553	0.12009706870641923	0.015916935998342704	0.07188626320368868	-0.10113144689134358	0.07591741481316835	0.034452735728249514	-0.0166575279796489	-0.05251644890731739	-0.004755850607370209	-0.01228811139397002	-0.08252791584020452	-0.05151403697593618	0.03730860935353747	0.01337032667407681	0.02408034091122955	-0.0996697860262801	-0.06236975992888835
-0.06617324058235277	-0.09026199050257078	0.009930425081561002	-0.012097596402014623	-0.014337242621028524	0.0012120819244367063	-0.12232487521768208	0.003518606850136042	0.05943269856365673	-0.07700745179064655	0.10873366875766474	-0.049804437469423875	0.007058706417377896	0.030189579591616368	0.01768122933110383	0.020416689930627948	-7.045066219051e-05	0.07107689606903464	0.000903061116767849	-0.016400272611618298	0.13729628798676247	-0.021643824267000296	-0.0027044265860610255	0.053291861257697165	-0.0337262992135492	0.024342478243996574	0.05932178307075338	-0.004326700516761747	0.03381271712600284	-0.07405212424606547	-0.06819858869563342	0.023703681114634	-0.13296904899257292	0.050951900294537986	0.03501158834682558
-0.06243936035432292	-0.09996836330588926	0.0033408344593615466	-2.7694823702360354e-05	-0.014805861774433972	-0.06196168746526356	-0.0767231324593867	0.0513566112540059	-0.06549940278416712	0.032650993291196584	0.09446782163325354	-0.005369306451708538	0.01923190650639951	0.025541072366841076	0.031919070255883274	0.04830681904102658	0.038314575549777366	0.11833924224667028	0.01789819656747537	0.04069606384885575	0.1018244139263002	0.0016032438175211678	-0.05916310897439174	0.08143473554012692	-0.009056641109781188	0.08872823143352498	0.07790505467024986	-0.010267616587619821	-0.018041662798841146	0.006684732324290375	0.014038387133961841	-0.0018033123527383156	0.01683705726399181	0.11386951781319643	-0.08899672130266531
-0.06378215049985259	-0.1023878303209442	0.016874033977288504	0.005201795569041028	-0.0318579617154113	0.00046899300962510184	-0.056213698361159505	-0.09091077988707173	0.023013643625634	0.04150025173193906	0.05896259965584061	0.010636080581836252	-0.018226156539961163	0.007454855315831845	0.06426019119648889	0.03243929228918413	0.06922485525949576	0.12867396363478387	0.013738130144929927	0.07079786432075277	0.004875852648871845	-0.06317504946283986	-0.036854405050043455	0.01900889090632761	0.005419887610934211	0.0770107477060981	0.08077363188285126	0.01879506028448285	-0.09240102522609683	-0.04338104529371939	-0.06329562683485111	0.054694169892347815	0.0057080493237047225	-0.03085386058863546	-0.09411750975907361
-0.06215646574805442	-0.11119092236613567	0.03911137354414002	0.005154999161494468	0.005727266801378473	0.010309350142821855	0.013822404872871836	0.05061214851936426	0.09370113592898281	-0.04090048245899772	0.004681466993362362	0.0017585173237347044	-0.03751140945868694	-0.012247310281538368	0.04701365283438896	0.039459840121513545	0.07485503331507512	0.0862310607961471	-0.037458963072418076	-0.023070374038803642	0.05682821833958407	-0.13969039158213392	-0.011307816250376627	0.05058355346509296	0.08632085414009952	0.09229746835964991	0.169502328346739	0.04785595636396027	0.03694076016443308	0.041844626858311466	-0.0565514645938832	0.03400762087503166	-0.17498150966262577	0.018460496493421463	-0.06822670796453009
-0.05864875649574307	-0.11523293105204624	0.03445220059020842	0.04715804455855788	0.020102726592044866	-0.02836540305186446	0.011072690072302072	0.03480371881539137	-0.06352558737610126	0.09279128677742711	0.006590597110764286	0.010775804366590416	0.037072467557184824	-0.0031649874780908245	-0.012261315174444008	0.010676808754933632	0.06577247179018746	0.06809152551423729	-0.04139002688511086	0.08180279757054633	0.10207211533817065	-0.052950112315139936	0.010277634532779262	0.06314905796422644	0.046293966734521824	0.11384999879183726	0.06410910395350564	0.04134622751468279	0.037730230296730026	-0.007632747756794427	0.04884685986563597	-0.059185357334946315	-0.013969828781575854	-0.028418624337308077	-0.08727622307954574
-0.0576632382054945	-0.11161484600188544	0.012054232433622605	0.01857347132967276	-0.06015644532225714	0.014837703508255409	-0.010905492864732837	-0.019242753117505708	0.08902542068237754	-0.02552588430149648	0.016365814464492947	0.038776984962069064	0.0691226380838795	0.03312635536112631	0.004010655746896386	-0.03984069631572101	0.03336587562233885	0.08110271878842495	-0.05564588176133967	0.08829542558279313	0.05770316429947982	0.006432867295322869	0.017973119629427027	-0.008603350478732574	0.002805901906203251	0.06679949173146403	0.015009046170064422	-0.03137737475916677	-0.03521075572514583	-0.01855229121642827	-0.06116301396276995	0.02452780872174849	-0.06522879113426004	0.034477030210258705	0.046378687608217235
-0.05934265322063467	-0.11842140960498246	0.02889612283667948	-0.00983640234551099	-0.053783159502235105	-0.07812775249090781	-0.012075188051769692	0.049637876452624824	-0.04507493864740149	0.052037116866802034	0.03219804259333405	0.04852744128723103	0.005244451171039508	-0.006090167485609629	0.023215015241871632	-0.023856716010528273	0.050895038061114735	0.032373301474083946	-0.0027141838758674673	0.09161558964835556	0.061264963276246184	2.9025289430759105e-05	0.009982894605598189	0.06035670333347386	0.05496564279168441	0.09068977927950825	0.025189611125010197	0.013675585805220816	-0.045926805826157185	0.03573388481540045	0.03842505921949063	-0.03407007917382164	-0.0009435846095236693	0.02816547861858606	-0.05174129366658116
-0.057662775484034985	-0.1194353613980152	0.012010067857920692	0.022523679498671543	-0.0638464244984616	0.0016409072874276642	0.016623721798462363	-0.06093570450575663	0.07640829603105166	0.030858871882621944	0.03150519791509248	0.04241130038795946	0.004030176860476695	-0.005400218267441667	0.009181059543989028	-0.029517556584257268	0.08312778110459955	0.05505796195957033	0.021314338342458668	0.10933206270067838	-0.02759676762060743	-0.017052574375244687	0.01219171105727352	-0.07979651702734483	0.035205770069976286	0.09388964693595112	-0.00402097439419323	0.010596345283604987	-0.09736779958399182	-0.09987606972958733	-0.015210066075812823	-0.03377216977351833	-0.0007740302277989197	-0.05531562942103714	-0.04295545968194978
-0.06024724622935131	-0.12013717471470461	0.02217806529224413	0.018200454185946794	-0.02027055451723472	0.0009957331436897079	0.00393425884572587	0.10721852015217502	0.051771232310146756	-0.01756229065414029	-0.02173164447262754	0.003127127414937009	0.04693017371870545	0.002914501141619139	0.014879994693445602	-0.08565025169616196	0.043608327983951596	0.006062408333256528	-0.013874874224304895	0.037462093475275245	0.018728011761089992	-0.10093546340925919	-0.00853120308615075	-0.04353187145672961	0.0320870306206292	0.0077879095214098346	0.0339356136525588	0.056461316351969555	0.01137909954073145	0.0568930453064235	-0.04360867553457809	-0.1138377200817163	-0.07089318213536028	0.014037367814047519	0.025655964074475415
-0.060836847866832564	-0.12056239791199919	-0.003124422319788698	0.007566741248003016	-0.05526250224137434	-0.014052532454389552	-0.03498151989159641	-0.07085405268562942	0.00456276866399272	0.06095236963128929	0.015143198218021191	0.03846215755074503	0.040033149113734914	0.036877203153564436	0.0026200341232403765	-0.09910321450010436	-0.015999975838888597	-0.04089848578577427	-0.027275520602279314	0.05581310969666172	0.0031797954462957716	-0.09652601691280019	0.052640308618518164	-0.001798877726556583	0.06300718374394645	-0.038418799578097046	0.0027275550235536104	0.09088522477021051	0.01328072331722328	-0.04399680002907608	-0.07888603111071558	-0.04944990784646546	-0.012836813738478572	-0.06981425874813096	0.025011309202029583
-0.05937652214446589	-0.12008671742393844	-0.017742501118209575	-0.0022315596571531844	-0.04592501883225055	-0.03604712388075602	-0.06904829093142444	0.09078154686829203	0.04878163770505348	-0.008612293502386124	0.08930040355311672	-0.012565902534486738	-0.0009478116317134268	0.013847401396385371	0.042706514772570064	-0.05753346099032592	-0.03244588686240862	0.0239932301314078	-0.020083854106804473	0.007883919396536569	0.02145350866992842	-0.08518654803186824	0.0390102768290875	-0.026516917598285436	-0.00021834208182484188	-0.028931284200408858	-0.04204999629959963	0.09028764056587622	0.0033830449716974603	0.004823769524339411	-0.02036574579120308	-0.06854443413327865	-0.039325956448186636	0.07358224728000021	0.009717850436608534
-0.05655910096913572	-0.12360537962304854	-0.0426615282072169	0.020288652785487107	-0.07517828756698472	-0.05370091318582534	-0.030043591279137742	-0.06601734008363323	0.0013446375951293968	0.07950551849741982	0.10154907327515501	0.02379001149215021	-0.02620019791500393	0.01933739928025033	0.04017414656576833	-0.005971277627108742	-0.02292670830044223	0.03229397918030986	0.07054142735541083	-0.01576198665978973	0.05313249661687381	-0.1091126211789893	0.07449955994134183	-0.05058387359166096	0.027786794402144058	-0.04206568512533132	-0.040869248781461094	-0.013640294127934903	0.04923741195288877	-0.057760788327490514	-0.03565417014747486	0.015305011661147675	0.04965989877131427	-0.012014149715611586	-0.036832000626213224
-0.04191016137625136	-0.10037644906765857	-0.10904628943442081	0.06623379003541398	-0.10317036366647503	0.053434994681763964	0.014818213225484236	0.03030788002246137	0.08303812647170726	-0.034990657880460095	0.08650220840848372	-0.039147232256463736	-0.04244763940788965	0.011620535575132512	0.06001119449674168	-0.049190335205113365	-0.08562683401279471	0.022872069523972388	0.1057429118666186	0.019401309790298922	0.007578437928304201	0.0927027095057274	-0.04271041361099849	-0.12477588156876891	-0.08758741168884787	-0.09070026535574807	0.0458245401973811	-0.11711023396289774	0.1827969142103822	0.07910373713526042	0.08480598213283859	0.04929606282869736	-0.06814159884651849	-0.13939183721635923	0.08871798145474874
-0.02040429330550664	-0.08559125859179557	-0.15184045167120547	0.10508387956665362	-0.02766910668123213	-0.0733920954297832	0.028510802467930037	0.04169511848305377	-0.05594392574926197	0.026364548870368373	0.030702090307572667	-0.13397699288591505	-0.06611385403726472	0.028609350061835882	0.041293157977801434	-0.1286846225481252	-0.07999251068136824	0.03632381301611765	0.06080555335197547	0.12744982534010263	-0.12333921603841948	0.22080232553913115	0.0673748648430519	0.02204920442994642	-0.016483684098073006	-0.07264508313110671	0.11919576094426942	-0.1246844949591965	0.12155148210731584	0.16854554653312642	0.15969451043913224	0.08186937988663805	0.021877418676151464	-0.1305629176763394	0.06277642178127502
-0.031102695100776578	-0.11413298204142792	-0.13068743385836196	0.0991377830373571	-0.042084127533272	-0.0033498728352098564	0.0391080283525582	-0.0940394147670155	0.07623266709154577	0.0016098288747630996	0.015719587400209623	-0.1268102676046196	-0.02188974819621062	0.04890965574448891	0.06197167794092915	-0.11167535969996435	-0.10780208767140871	0.042343844120535074	0.028688732052600856	0.09539802321715332	-0.17156383600852798	0.12460976531276391	0.06923430929657888	-0.006965661249224167	0.019699927108901276	-0.09096781447510126	0.14659319737930032	0.061047002007910946	0.03999330862785217	0.10533439332571631	0.1777697563412063	0.07788551027314017	0.007253406164101651	-0.1258955193609839	0.07475057680071932
-0.03750167782461158	-0.10492302325998785	-0.09189574576975335	0.08127493885614018	0.05738231873252527	-0.10001461258526322	-0.011016763443619635	0.07372520857193635	0.045769447986628777	0.026662228632024373	0.028606807364468963	-0.13653081546656845	-0.019675312519596536	0.01137729364206042	0.035567274276104094	-0.025784180269202463	-0.08116789576214745	0.05608263702667138	0.017194270961442708	-0.004600344005773745	-0.15498455579819476	0.06810311499767707	0.16467110680430094	0.03492298819497618	0.011661982430734161	-0.12715606239341717	0.06448121768023593	0.05489199052978441	0.010818592932345442	0.12651375227375014	0.16567761199798844	0.01578536014855042	0.016049508523022768	-0.02411427229017703	0.018437560988569024
-0.0505439160490087	-0.13050136671296222	-0.007083999273984656	0.04396940009740274	0.0491623626402743	-0.05749235875924442	0.06602926321922302	-0.061433728016576025	0.018979198432891867	0.12808168669222528	0.0789390119814528	-0.1511343009327188	-0.01576791576778342	-0.04424908716478694	0.03057863531473991	0.025301843028797184	-0.04137427776787385	0.050187351904369834	-0.0013247667936865932	-0.02511025672009203	0.0428297642825735	-0.05122028824449397	0.11863091947654772	-0.033671903850678864	0.07576995050663558	0.025402681603831516	-0.03715515326948482	-0.02853293350574279	-0.01269035478042066	-0.016519032376337332	-0.02945086623523745	0.031001665220775493	-0.006708942206942764	-0.04416852012604642	-0.08271799082214126
-0.04059077707643976	-0.13536622462856354	0.031614680368696114	0.09138353898090998	0.006139065373691583	0.03552045642947602	0.1531219543800979	-0.053995638681311006	0.1298267523334349	0.0752348235443037	0.008787182068232188	-0.0898684686026413	0.1542294429033832	-0.03227962729463466	0.003508102891910234	0.01622487581763147	-0.024652514330704763	0.032621256126838215	0.018386521436921162	-0.02496995258234081	0.0004023860652385587	0.01226372780240406	-0.08468794607586824	-0.11896664939064011	0.10957346216447497	0.03797903466601879	-0.0789391199000579	0.007388164321898795	0.006169759802023958	-0.15050148428568338	-0.0966932402535447	0.009620941532715824	0.01647834124716918	0.02752939204774469	-0.0300299696242056
-0.035927831827501616	-0.15045532582130067	0.023348010463481464	0.06756017341933723	-0.04889907961284395	-0.059886191474137776	0.16397326472185034	0.11241607662527293	0.04393314832276597	0.06494055261288503	-0.05497076801546364	-0.011459086374067907	0.2453368752038274	-0.07868516588847904	0.003274857095882808	0.027457432999430983	-0.1274244645765723	0.06458875193042606	-0.004610859510319296	-0.07847396937131342	-0.04395935712111759	-0.009547553958531275	-0.10719184765600206	-0.09063179650824502	0.09870601741757297	-0.12358045316570877	-0.09429019268386682	0.004354583807505412	0.08361869051300212	0.0374757616500489	-0.06817315807580449	-0.04346615408028019	0.023566613332229706	0.09394307030133878	-0.0772834152446629
-0.03708865262996327	-0.1616954314243238	-0.006887919997051763	-0.013720583817806803	-0.18962793622667964	-0.0597703384989335	0.1295328374212254	-0.04599921904431511	0.0608532939087492	0.04235830123416797	-0.08918535401101933	-0.00036612139322301634	0.19604097633976794	-0.1129758849769504	0.027642944940416633	0.005353716224578352	-0.1483446292445738	0.03628143732127965	0.02953217103001634	-0.06102592522349408	-0.07708864553320169	-0.014928334870628779	-0.10332855196316176	-0.08118507974281214	0.1330119605689166	-0.07222706001436105	-0.03772692300743949	0.08331681873089772	0.03348233868238614	0.009843000670016517	-0.023388227224292985	0.04378824780149987	-0.00104124961243042	-0.04710410081842764	-0.052468007181532626
