pca_00	pca_01	pca_02	pca_03	pca_04	pca_05	pca_06	pca_07	pca_08	pca_09	pca_10	pca_11	pca_12	pca_13	pca_14	pca_15	pca_16	pca_17	pca_18	pca_19	pca_20	pca_21	pca_22	pca_23	pca_24	pca_25	pca_26	pca_27
0.13504494438837095	0.09339467564740347	0.0571322055141247	0.014093133167440056	-0.18972770084079327	-0.06661171855330586	-0.09723088358520429	-0.10792567825132784	0.04222872183221662	-0.008041807439018025	0.021368708579537408	0.11315685454444843	-0.04887634525112386	-0.03442063904078275	0.018819120473634435	-0.05039519758567281	-0.0707933482682082	0.007993445101308994	-0.19120350145837764	0.08047651293541588	0.12444039925821385	-0.0307417953327216	0.008464750971900775	0.12018062309353737	-0.010667145305674277	0.13554574997597546	0.06930801895610732	0.06814284621876689
0.1331828116291578	0.08683781673895422	0.055112317063038624	0.0461730874464647	-0.1711829348643909	-0.03034225832013761	0.03217230828000966	-0.10849754130375615	0.12494143587228482	0.013946961990810596	0.004208558199589109	0.1248430391826095	-0.03479807531452062	0.017979136311149266	-0.0180969075630328	-0.025150775231377407	-0.051956348437803966	0.01921961408131175	-0.13283424679733757	0.0705995677416949	0.08906689465136104	-0.0319185354221637	-0.028504724767717367	0.060943991678241646	-0.08933694270171459	0.018926503105974806	0.07951809519529637	0.06474406308243721
0.13307401484906264	0.07169178395224785	0.08542298587681163	0.064507807918779	-0.13299852204110352	-0.05301816896181058	-0.04951294700323741	0.011982091576227233	0.18473678329777982	0.058719218080138275	0.04378849786834137	0.0708237845987524	0.002090189379816733	-0.052619045763351385	0.04678469515020511	-0.09198730691679563	-0.02246822050808596	0.018453309280857356	-0.06208589293810558	0.07446940478887831	0.10784598820360407	0.0663540733219634	0.013942962160547457	0.01211252593868225	-0.04505484037170098	0.009438140879150595	-0.035953223812853645	0.030062514868416507
0.12793782855107438	0.0704746182131144	0.07763949155691517	0.05683780648821134	-0.14401331229589853	-0.04768411615030682	-0.08473196440607647	-0.1294030921671187	0.027013971508958456	0.03137946231932746	0.0715637751064436	0.0621532545709855	-0.013375185249386023	-0.07139719298165384	0.11132477679498154	-0.07889004236996713	-0.001669689455873001	-0.013067602006898382	-0.06033196702336906	-0.05038540673795067	0.1254826689818881	-0.003144859033233178	0.02401364303678402	0.028596717885588638	0.024180486254187433	0.02824928819543973	0.049755112769809415	0.013110376793938056
0.12413210198014914	0.06656581586564186	0.04535127881924489	0.03897248880050934	-0.13865981640087166	-0.018952100093030756	0.034229187705698785	-0.03021513952518423	0.15875879286556713	0.05429929387714914	0.06655523499827605	0.06866415923190014	-0.043750801416092444	-0.09737301960797724	0.06995229927603205	-6.05808765864746e-05	0.01716859930535332	0.027607244156827783	-0.057326500630980826	-0.08301856323375376	0.09622024728071926	-0.03461305193635412	-0.01621317732140206	0.047337746516871504	0.012763755420105763	0.009125554107522763	0.020781147896608558	-0.03219538373165818
0.12296761267511698	0.05280745973756667	0.06642511501996262	0.014050953857695031	-0.11683179299163014	-0.06182016657514333	-0.11464157698998989	-0.030987770332544573	0.11144139771348475	0.07172841332162061	0.032585844708966874	0.05162049905207251	-0.06566356202865074	-0.06346381995090401	0.007410642065337651	0.01720610842479894	-0.018764164166341475	0.02903900023047388	-0.025667875547421837	-0.013742396718903122	0.03844832317712584	-0.06984384278487277	-0.03092166674670148	-0.008767515965746014	0.008323083043362014	-0.08842994236195562	0.0046528069202116315	0.04267390206520216
0.12184808330036302	0.04859273436138099	0.07911840133705794	0.0611883645117266	-0.09403485514924997	-0.02879877366111245	-0.029461484841902252	-0.15860684045899182	0.015695241183235398	0.06301694402492046	0.03800648054741692	0.038445059095538525	-0.059586900194974035	-0.11409247335962175	0.08663130274795872	-0.04409293393390894	-0.04171884530694507	-0.010253227964215404	-0.005227287991420609	0.02189259267273557	0.002122547889638282	-0.044661331882490926	0.031495219234805506	-0.02762122825901041	0.02239140088876352	-0.10005489861275199	-0.18646424386427213	0.05682412248688084
0.12181078999164009	0.052053119923129436	0.08253552390790442	0.06332115580867037	-0.05843518811406406	-0.010621263238209416	0.06700781574853643	0.03342753226421452	0.07594624170461306	0.10579106060672812	0.06606757681382415	0.050028904091305525	-0.07791464942827392	-0.0966157292624234	0.16829596479103412	-0.02207272864948419	0.03077194886851685	-0.06827787220354156	0.013450030878190244	-0.052063769982588035	-0.017537620210420296	-0.0768399913879238	0.049845475813680644	0.06174450242659904	0.05861566322635312	-0.028454173523845827	-0.09933612971963819	0.036704363348030816
0.12178609152090993	0.04603682635761947	0.10094236571040717	0.0028724824409354643	-0.03548344592246054	0.08174002750508907	-0.07708371771681682	0.08012091154452419	-0.07649164006597522	0.10425736549984248	0.10351260883254094	-0.013563933842331788	-0.07641142707543241	-0.001556704969666839	0.0006797845566994913	-0.006068347865961873	0.13143981486887246	-0.05953395636335284	-0.03995165458630755	0.024250748888267396	-0.1240549177849494	-0.06214048560435007	0.023768747552377255	0.0040193780110882316	0.10399973772041513	0.0016813000665284045	0.004929327626046025	0.014383015889598706
0.12087441417613717	0.04277359660060592	0.06764028080116502	0.013868882142258232	-0.05418953513235673	0.14827350787703386	0.10794601687602197	0.052328289041810055	-0.029240924093391546	0.10111972855678718	0.05570062199476665	0.023765816864379036	-0.06596144136087279	0.05496520897321176	-0.06638077440008672	-0.004524757123078316	0.10956789126831842	-0.08714774901647121	-0.06638768039964499	0.03457697006042457	-0.07959798495534787	-0.019922503314861763	-0.001640355536405604	-0.05117794620414378	0.05015809002622182	-0.061774320503037355	0.023429478201187074	0.030462804898022208
0.1294289346044719	0.027230105782316168	0.07267192595352477	-0.027293119145508138	-0.05064506118743391	0.13508957534057486	-0.06296827624350182	0.08815610508111141	-0.12030426034530593	0.10824977840730907	0.0184959105318743	0.05943515729880594	-0.03910790255234522	0.06009041781305198	-0.06733038964049626	0.005357688413066247	0.10654268595964114	-0.09121501394525722	-0.10325080800780381	0.07821054133610242	-0.05457916012061073	0.03956420679338403	-0.04580344663390083	-0.005778803112138638	0.08518317526949794	-0.005817144793952216	0.0696423368645748	-0.042143861258907026
0.12712143456012923	0.028046023362695238	0.04946222440076728	0.01437968040471016	-0.06113191717404276	0.17949872827774027	0.08291984325897318	0.05870008648550806	-0.027015546871918428	0.07945945396653571	-0.01572881853279262	0.06219606432715219	-0.039437170286549625	0.0649533044747167	-0.11726827080481163	0.02104025189263011	0.16278059792490296	-0.02228050872568415	-0.05179555799681024	0.057436040096418534	-0.043402114924827845	0.024385581369757593	-0.04681483307268472	-0.05041658393162496	0.01588744250793372	-0.05150788440651131	0.10241568580561433	-0.04370798915205218
0.12400273116491267	0.02978448534313793	0.07835027177328101	-0.012094820942131448	-0.05545210480261905	0.09037972305173136	-0.09364009742283264	0.09430637029743774	-0.0014871552531369736	0.061202159097978714	-0.002962101280168411	0.05549946468429945	-0.023751697585848608	0.026275068616743086	-0.08820937162072075	0.018959624487515786	0.1789582379721248	0.04087414927661681	0.0020426089345561838	0.01643955093577432	-0.012392188504715837	0.03116494242382565	-0.011566863883914164	-0.09973930804831849	0.0288393481424537	-0.08519071313266655	0.03900749325736968	-0.015725638652205165
0.11883840742400961	0.028935292361573082	0.06542964242501692	0.05292158898335484	-0.09033781178000631	0.0042860394636811405	0.03298598666373581	-0.08631820060580431	-0.054234921109857864	0.012097530534034485	-0.021016744464004297	0.06713744743061728	-0.051627049190286635	-0.05392524023477929	0.011622316835698969	0.028039808235226588	0.04008491720056746	-0.003955427016019558	0.08783625352820604	0.004456138599759116	-0.013520976557323872	0.0021144013931281135	0.06628312050277661	-0.01493128528244854	-0.026061439716993373	-0.0875583711733251	-0.09742455652340452	0.025111901055325084
0.12540862784781823	0.030955188915926406	0.09761146126594283	0.030446212852628256	-0.03561411343614948	0.07738372631656783	-0.006926869106165634	0.11536864026670862	0.05619433152061637	0.04716473258296014	-0.026184949802195434	-0.008326450516086104	-0.06459111292102387	-0.03678906131633086	0.0017190602885915618	-0.05141669285579875	0.13275778222891	-2.7767841579119917e-05	-0.00501896039906137	0.05097503764646754	-0.07503797276377386	0.02320470573880662	0.012296020083944223	0.01300869928755699	0.011910775601517482	0.028046961901751155	-0.054761048059307656	-0.01682889871202563
0.1255807530961943	0.02584436457834411	0.09394457298110483	0.017202155684253945	-0.06655688834520784	0.04939592716715389	-0.05959553280785025	-0.0017083128186280994	-0.07782236909226425	-0.0035687411223254695	-0.03679218749184762	0.012855186225013512	-0.0887460444928182	-0.05206997885032709	-0.028227372903175084	-0.047606836220532925	0.10991517034562806	-0.053618193730791616	-0.06050484736644671	0.12483879425090176	-0.20719455139634496	0.044293803038351495	-0.04492071118320554	0.021337370334387956	-0.008436217232248161	0.04067387245069917	-0.0032658270086789315	-0.0682516849425572
0.12032883371765689	0.07950482746996547	0.061859914406895374	0.0543212431823483	-0.030512029196227218	-0.1151759408986395	0.07926751954207639	-0.06237042157224196	-0.05205765012734398	-0.007788122244379719	-4.421321621872476e-06	-0.07449606714624296	-0.26876821767264547	0.10477044146474869	0.008943544061944558	-0.05333691407186837	0.014154521919420598	0.10560723988131644	0.01772905298984348	-0.0023466364670716444	-0.08350388064717704	-0.09173424258121839	0.08627936220995783	0.032651304952397125	-0.2867105266965204	0.08040736207193266	0.09718954525154111	-0.10274397278218265
0.09738614723508271	0.04586417142844688	0.033844706653382794	0.04332619582378445	0.012837788784908377	-0.08075931388785641	0.1411151475980451	0.07862322203672456	-0.04560986551867702	-0.015559047539188964	0.2464921260076851	-0.0044208143457205445	0.09880678155239142	-0.258938215359926	-0.10618221231809354	0.13114205045653798	-0.08940820552031742	0.08928557106456524	0.0994695989837042	0.11368632654753036	-0.12264844042368805	0.0037354449006171825	0.013095905635397165	-0.003985963389495528	0.07073793043464593	-0.014709837687775888	0.0046557401542691446	-0.01522587362463388
0.11271731987282187	0.013728743535952334	0.028545809117318247	-0.019648588787318365	-0.04356690113886557	-0.05569162125101605	0.04819642815491822	0.16780154552985344	-0.09120248217465826	0.00471132467654789	0.16284088757473797	-0.040476577046503634	-0.0742948129682052	-0.06524449479284981	-0.10438594395571477	0.04712308673108741	-0.17385227605594508	-0.013527085630763313	0.14512829268721641	-0.04983433568679842	-0.03808570523485284	0.034432037770297574	0.028728434354025972	-0.054628880471412095	0.01779279817979721	-0.07690328067551383	-0.014248642992305785	0.030510822299455002
0.11399900916228255	0.02336361562247508	-0.006464516250812994	-0.07454740176321509	-0.08373507654412972	-0.04228825184758822	0.020482626472438654	0.0951170336581767	-0.18382130088458612	0.004591116739226853	0.13228027211551494	-0.012865458473672577	-0.1048028678889859	-0.028226486655636845	-0.06448900479204013	0.08965692364828082	-0.18891012611954364	-0.031603172970772794	0.12115509439839996	-0.06787771070337548	-0.06183990607847607	0.014509194827112047	0.04614561049250408	-0.011658436661103833	-0.02679811154202069	-0.10020959896716716	-0.05016943088996957	-0.015078843899298741
0.10308286983392079	0.017672360310850482	-0.0025486426545015648	-0.07476521255846327	-0.07514680483591837	-0.023589625862472	0.05656618697714832	0.042617140964807815	-0.18466810982097667	-0.020122944858522646	0.022593246595949246	0.05918243616705007	-0.045489397584952296	0.03208944875371256	-0.06066824439786728	0.07699979233937637	-0.1849228245063318	-0.033699307257843404	0.11835536079685233	0.0018845237504054035	-0.029169936014977055	-0.0430074620762736	0.0026505815014002503	-0.042488241282510796	-0.10631558018075711	-0.09139561643928486	-0.1773283479832703	0.017216596848699084
0.10696285005730595	0.0072590521298591445	0.006220080270859299	-0.02898041630734981	-0.05411710719986667	0.11384968202392905	0.06468015986421616	-0.0045821656439768085	-0.11314466950768265	-0.046092554983468134	-0.03680426646246235	0.01194586038135284	0.028649193398850303	0.10001055113066537	-0.06722605997843453	-0.043745778284941306	0.07266440899227916	0.03360576257873708	0.0809033532280146	0.014359759786005143	-0.02121619873519684	-0.013294159053483273	-0.022045168880698966	-0.08997948514346954	-0.025001762942971413	0.019428335237991867	-0.10631319464438864	0.10173511340362086
0.10148778100603187	-0.0018803164838058061	-0.024550559392941877	-0.03586523299265176	-0.05063604751937077	-0.0032772936636652405	0.0885285366550981	0.11358502205417695	0.01706038903971772	0.038260988462590885	-0.06396880564705519	0.05473011958881655	0.01916009675673927	0.06853545823308888	0.05916324501318643	-0.024341105985474905	-0.04480145032260541	-0.0329852075802004	0.13005818317321413	-0.08002616758535945	0.04750746456027005	0.0002466700437693328	0.03373492664837305	0.13006141242281383	-0.03693273672864463	0.0994914717626216	-0.11001677810351294	0.08818973109767438
0.10239122200150959	0.004241846338658153	-0.012203073246309445	-0.05852829119463398	-0.0639461222548065	-0.04781087449309098	-0.06865564008284665	0.031557382511014184	-0.07095831149561868	0.02817686282384303	-0.05033987393672885	0.04576843891019576	0.038613576659774274	0.09508018324222228	-0.01903616931821143	0.020224047116828625	-0.021105128842951654	0.00015857968819631228	0.08603799559500516	-0.09969995783857419	0.07839132243904699	-0.025964392660170282	-0.030726583814585876	0.12742239758210863	-0.13692148623023598	0.07402124693868747	0.05424589406278017	0.043557971261414884
0.10363088753272233	-0.001847171954887479	-0.039247931577722675	-0.023482924696252308	-0.07870391439009539	0.009664146878795599	0.08594308707993559	-0.047540444430806454	-0.037460112528298464	-0.008431980144296877	-0.011418325615299423	0.06635299710848197	0.0942051955282906	0.04228543015236863	-0.07747421071503524	0.042710962321267865	-0.03880357084608532	0.003768727659970149	0.09117683012103239	-0.014068571010939446	0.12757995098896463	0.08445804718624281	-0.03456334639229659	0.00973482218376711	-0.09885306390645408	-0.012380861692833478	0.06009616175420687	-0.017616203444176665
0.09574776867717244	-0.008710594355017507	-0.0008162008353231492	-0.03137263641869785	-0.049289772057236884	-0.06620772133631458	0.004605084461891138	0.09102524210016619	0.030033452014017897	0.030259908669036523	-0.01500742523881082	0.04652921826667873	0.0934280767217284	0.008996700358371884	-0.004089151467516455	-0.00228055565269783	-0.12591804917437693	0.011841431119581254	0.1401851737074553	-0.07070043120759738	0.16025099773768062	0.07726640147510508	-0.014214734202182944	-0.026227698124908355	-0.10395083186036465	-0.06967793795477506	-0.10387828375569572	-0.04649781515397841
0.1039055240719434	-0.022218994830564744	-0.004647944306830152	-0.0005853811392225923	-0.0735128436748062	-0.042968919052529385	0.002488566085106331	-0.05429932420445241	-0.11622580828115786	-0.020025401194221117	-0.07668525130018672	0.06869623525278337	0.06020260878220417	-0.061653309089462205	0.02669002062046119	0.016033813492520352	-0.11484925206615254	-0.03817568611669135	0.10091850818024162	-0.03833450709926887	0.1236954369551907	0.01831152191821253	-0.028012415043404335	-0.018601307037611224	0.03684009046900978	-0.038464118810044884	-0.04013706706768802	-0.09972931490114922
0.09396471096758241	-0.024349980870495662	0.03542799415855496	0.034608501980268914	-0.011000213132379307	0.03804326579751793	0.09970261059485822	0.07133324280805818	0.0065706651351082	-0.04884000072219732	-0.06354808681069649	-0.053540706921784614	0.06913305052276315	-0.045627350657462255	-0.09802844726917387	0.028575188190174183	-0.033986874167552264	0.09146816463722728	0.05438054876475125	-0.08221993419851242	-0.02361391081198677	-0.11958457939085801	-0.07630234205676983	-0.04786072486317669	0.03645732896528614	-0.006485202259540017	0.06888951292659241	-0.04932049236624797
0.08755992343694796	-0.03651282832768417	0.06502500211218158	0.008731083372355076	0.010697595380446444	-0.013785697947103314	-0.06860370059112274	0.0850098977878001	-0.037572475405457446	-0.050657309576430644	-0.07520938460791093	-0.12152789712171004	-0.021319360907309966	0.07128701879867137	-0.06959277401833941	-0.006715370993224001	-0.029251007074458518	0.018941973196544306	0.08407732502034969	-0.08096981200060992	-0.05712572773767716	-0.08384459913893005	-0.038106747509942605	-0.05235836889060183	0.09517717235338297	-0.031121612016045075	0.0627403248818846	0.06001918353453707
0.08940836752914529	-0.016162724538819083	0.02403451577369486	0.03796341496731974	-0.010999056741737935	0.04130187131717216	0.0818118192651319	-0.03728679439578451	-0.03597948346859224	-0.09379313342847508	-0.05105931385055741	-0.07605912913189351	0.05098801932341359	0.1090343171427524	-0.03265254732236211	-0.07113139380110561	0.03496652934387012	-0.033424277318978686	0.0899841461208632	-0.021035843176484714	-0.025446097627524283	0.006339563196077834	-0.06640144863229734	-0.029222383428285426	0.07366659331240108	0.028353029225139444	0.027096870509855292	0.04051335652254995
0.09013906079153784	-0.028359838282667284	0.04011468159455158	0.005252230688144551	-0.020564487681125548	0.02908124065087983	-0.0545600159968133	0.10560566862775997	0.029735050088419406	-0.06893232992771238	-0.03538872844756581	-0.07422505984921651	0.12070739272972095	0.07705706045345802	-0.017781826390074	-0.12465086516397747	0.03338394406988707	-0.02454663552250578	0.07155120097524292	0.05305335230034036	-0.02083684573961067	0.09309938699378617	-0.07948475927424195	-0.043194540435551876	0.06494053010476285	0.013231759171689783	0.06852867249490141	0.015690085822133923
0.09264474551628483	-0.023069093130790218	-0.001372256443964727	-0.001840665858958707	-0.04966341903182255	0.08694795451020798	0.03618456053045436	-0.06219648243706921	-0.030040977165343347	-0.10183749018043534	-0.03682106659262104	-0.0880725693567062	0.0869400789410109	0.08754551722519222	-0.03128866301207131	-0.11545158573570788	0.04970401796391968	0.033687405729922563	0.07983420104808411	0.02759397743856018	-0.029251638170355004	0.1499822255385926	-0.0814889051001218	-0.05208070268235561	0.07971667991804676	0.033964296403088595	0.11454063379862058	-0.018615606519719996
0.08484131337768558	-0.03801197951542482	0.012660609334328993	-0.028428229758862462	-0.0024148228293445237	0.035200302356719206	-0.04569929457415446	0.11135796187483406	-0.012618434730683727	-0.0498267814969363	-0.03947953937340557	-0.03407100390228511	0.13714349243138627	0.0017839410546109883	-0.08614193294920464	-0.05828583503667838	-0.00408937806431801	-0.007644106772714057	0.04502147884714702	0.07050828859397262	0.03442438001951012	0.1354734671794131	-0.05512570741956016	-0.08457084010596605	0.12740592813455867	0.030841229499385864	0.0705250732548412	0.001253438547481403
0.09161577892969364	-0.030780308837680376	-0.014558950450034448	0.002359927440316954	0.006460242254657334	0.0700909072600041	0.08103869736360879	-0.0139868972553799	-0.08212135347787246	-0.03442744503997445	-0.10257100804843428	-0.06190882997290659	-0.002725963774666239	0.08078948956986522	-0.09855897023387443	-0.016851208281106426	0.013877287167228327	0.0305945204472868	0.051017494110604765	-0.008826317307168784	0.07057490842732565	0.08756106674656511	-0.070006202700793	-0.006996370892987009	0.07280311168907239	0.11712560416705724	0.10471326931478259	0.0033697036282268195
0.08356172068862988	-0.03601855169006341	0.0045902018886816165	-0.03716261207994086	0.023344770535386358	0.03680593775125337	-0.029244839177345806	0.12594987579436437	-0.014495982878018461	-0.00833657622184805	-0.11875712066086512	-0.052287587602319656	0.07230036202644766	0.039286776604304983	-0.11741782573863005	-0.015969898659528445	-0.05183026371661892	0.05409138997299126	0.015302746616169196	0.06840825000658486	0.059003703351580526	0.11220988572276494	-0.021592335448009044	-0.035594446024866985	0.018757947214874417	0.0740520167043589	0.03170005918440165	0.007302478521446852
0.07897403018033548	-0.04995448143466628	0.02574366949464785	0.016186546568425286	0.04109389557096971	0.062426859416557526	0.040609734552865165	-0.04446572247235352	-0.11055217457891314	-0.03336442440360343	-0.16909477647902302	-0.009845982268537399	0.059859103467360994	-0.015104924794900323	-0.09732706906246238	-0.024991980922589592	-0.05146190151839985	0.05300175679773545	-0.011674517665749558	0.07316099144999573	0.05359434703441834	0.0005443258176193733	0.024320772975871603	-0.04801463376150805	0.03415161256147632	0.04190775278915768	-0.09637781063104374	0.047627619814312246
0.07707716726701735	-0.04352011813743983	0.043470372960872555	0.03405607368762287	0.06887665968977584	0.02651055691770812	0.01573468263217402	0.11269137719687003	0.03190664853110496	0.033381879205537465	-0.14135965937310957	-0.048548196718192035	0.0784976391122597	-0.01551408733634422	-0.010922626736994578	-0.04268948316587435	-0.004245625565197551	0.10229840714758161	0.03833438488855353	0.0013644597900700876	0.12353187334219996	0.024453160086287024	0.03912500140993576	-0.028672216271447663	0.003197342041898109	0.1396497939427513	-0.06513891581848893	0.08375336145580363
0.0736453844851317	-0.034328623012532894	0.03056045771022165	0.011643001732138319	0.03502621182433748	0.01976027472283855	-0.023071723417808495	-0.07039536969642428	-0.09962956061796095	-0.009838703740490043	-0.13786202149402313	-0.05970553606111107	0.09453962012835794	-0.04687888744559626	0.05511205368901947	-0.037516725582547115	0.005950356252210907	0.11208460350363951	0.006616913391384818	-0.09949942634405659	0.10319492971429615	-0.09861159986303455	0.01924700240344133	-0.020092744779658528	0.05808383802799747	0.10642300353824355	0.02427230201182387	0.06616365670852546
0.07169520756121511	-0.035460282891163764	0.019969478251672487	0.008586018325110852	0.04957773138614794	0.012011902880483252	0.044438499073960136	0.09593303198491597	0.04006154734661612	0.014505808966501698	-0.12549573929125968	-0.06832688316618415	0.08850662202271957	-0.05827397306638902	0.07424171248908965	-0.002991968893008067	-0.0031010295638537353	0.10946663370008278	-0.0015157261909018432	-0.11442295985496714	0.03117083957617204	-0.08052606199136363	-0.038245003771642125	-0.005465987748180898	0.04026497737854324	0.07800537681355314	-0.10460183408447367	0.012449517919238096
0.07414661693155172	-0.04221243748233104	0.03485964975667881	-0.002042240132877834	0.04653376304894106	0.019802412570210256	-0.011626820176531138	-0.07216121632983231	-0.0823979118985583	-0.026958755418247653	-0.17155887896120323	-0.07325048751436253	0.044266361016901894	-0.04085033461571491	0.07984231159443536	-0.030348114576978093	-0.020315970099777668	0.0519951295571052	-0.030695615959150428	-0.06061788301559209	-0.04136944886050577	-0.15598519008626274	-0.037961436702911945	-0.01306167225760705	0.1322812155445274	0.034053768938658864	-0.09304637713912828	0.03816506867812531
0.07063736889610085	-0.0210953797547464	0.010542990741119427	0.05228888853880523	0.0538521037959583	0.02459467606283022	0.054404743634246404	0.05515108244151467	0.08185083462343627	-0.023658760113119046	-0.13342209158389906	-0.09427033582890597	0.0369678603256286	0.029198382817681775	0.12206458986621554	-0.06296423745080648	0.0825089659390961	0.0882284877560017	-0.03684545485826191	-0.07113933926705235	-0.14290008540035332	-0.17291163064328874	-0.07662582273478445	0.0002162572826217915	0.07207005180326044	0.060209618540276136	-0.08828843068963457	-0.012732582428593226
0.07222864153935755	-0.013655166768702305	0.006557804383399961	0.009329878293265575	0.022641635831239206	-0.12904171781505086	-0.1120197367695335	-0.033017972534797095	0.07665873386588605	-0.03402937052763073	-0.042305022916181274	-0.08184611398655804	0.0413492216122197	0.10540441535999322	0.07719686034573879	-0.05456096349624539	0.10498171407124444	0.05138904869566832	0.10771090156435642	-0.07763370840376888	-0.1406596505498634	-0.14204913196065322	-0.05208782387321966	0.0025290927782587597	0.015915043765621088	-0.01349318493121936	0.009106991958407001	0.017773898297448458
0.06387749773218185	0.03955132041270825	-0.0045325740470495025	0.04680928844851263	0.020943529418717802	-0.13701761260954998	0.017263016160512824	-0.19101413439212644	0.0441144276942266	-0.06299120300529677	0.061840097047485915	-0.08903432191030491	0.06419214628930131	0.05897412391391699	0.08391193877579096	-0.04256830099691834	0.010586791596163965	0.08804015039749798	0.09179385659044952	0.04054059425534762	-0.10376821109327013	0.031999628347564285	0.008996359381196481	-0.04839343396480949	0.0041439127680043646	0.009622335852970981	-0.05578017177607082	-0.13663085827396254
0.06202645674449608	0.020857597697095026	-0.016232596881590754	0.016188646588426895	0.029962528741861616	-0.1271998787955467	-0.013069156372940639	-0.005406958121413675	0.15866682327647622	0.009817945344636005	0.08451946352255783	-0.14640534494907687	0.043337385520418346	0.06027977113035789	0.13842278313047007	-0.0722831652768686	-0.06643622432811735	0.015317283581866216	0.053461655459097465	0.03879882367728998	-0.06553254591495472	0.12239832342454945	-0.027055630542889647	-0.01637488885472846	0.0006099601194262949	0.06310802440965484	-0.03291953540728569	-0.13840360263313134
0.06387294588156996	0.023232217038175632	-0.04629456550289025	-0.0006334280957070576	0.022604422457780715	-0.07211293560912359	0.0050910419941525556	-0.14343828913528117	-0.020621465080788576	0.0047729988298690395	0.05559347514628935	-0.1142328117193244	0.019308608488305054	0.0687808258943091	0.14109286211549749	-0.06333649033212316	-0.06217665863259049	-0.03382466086255998	0.011677042657726521	0.08056104305238337	-0.07614014380585923	0.12739468660318684	0.005408670543050109	-0.05817501034639366	0.03445194578396296	0.06704702299560265	0.0255082692905537	-0.18716633567796742
0.05910477814772296	0.010270062083140404	-0.043886264584407725	-0.046956458449101485	0.0512905204303465	-0.072851507865524	0.05131189470200505	0.06671882281488782	0.04855080125182863	0.0544584487052283	0.05021154343231588	-0.054283304748906365	0.08552308223000589	0.03256875067807919	0.1199348404636945	0.011184405860719022	-0.10566111903778741	-0.029541155089776963	0.012247513103780137	0.058170712473695714	-0.08376788307670775	0.14304425920030145	0.02263539168062919	-0.03130426739657061	-0.047063859824832105	0.058357071462010926	-0.02369408374356726	-0.2423241960872592
0.056835462919758044	0.015048267920145075	-0.01893498606078974	-0.04130823042731237	0.07306789061618553	-0.07588595492330515	-0.010322535393795353	-0.04827719274232042	-0.11704707387580973	0.0559214401958996	0.0001947207319505001	-0.012732677943929838	0.0673823076200009	0.06154927359655743	0.10351291387523692	0.036610970031984644	-0.0833935939606028	-0.03516726005925312	-0.06689331357402073	0.05130020645943009	-0.1257277494207368	-0.009596637852686801	0.0015345544558293053	-0.019991770292956013	-0.059202704882133216	0.04376510523746707	-0.023408609624570843	-0.18553030988811292
0.058549110121771136	0.015096139568658021	-0.04474293117486575	0.00432967001892612	0.06483039692804969	-0.0384217041664086	0.11502620599770244	-0.029441513343534557	0.011071386487958858	0.05370266053250283	0.05522172085099213	-0.03302707798635646	0.07361662850512428	0.04058912920374852	0.05409737276771586	0.09323629696440365	0.056510263821576714	0.047286504026629816	-0.010734038338245664	-0.0389649245141252	-0.07000867696860835	-0.05957598716729873	0.0005319928043994605	0.008049196977959527	-0.12071952462978291	0.008612383685843307	0.04019081686350348	-0.04145094881589438
0.055070864926504724	0.009015964655947888	-0.03660433999369061	-0.056598229395281405	0.0635133499302473	-0.09052728134748712	-0.052280362351175245	0.02114858625947147	-0.07177299328110041	0.09058006929848075	0.06233410219328031	-0.02498626824231482	0.08999280122073908	0.03750552863665644	0.061046473222921845	0.09833489690793129	-0.020648638362717683	0.04100237859317455	-0.026307850854305304	-0.07434432252868908	0.03089373315989763	-0.07149161761064103	0.02647898712850824	-0.008117085669188142	-0.04702434727336732	0.06207837048696631	0.07191222045926654	-0.0305013560825019
0.05413905823042817	0.006279767716083646	-0.07003256513478029	-0.021083978883309366	0.058878271007144226	-0.03323209688584861	0.13314701371395704	0.008527087074017496	-0.006085942634144424	0.09118661327899141	0.01637342656829304	0.010488920748297706	0.05782155421619324	0.03214378678893218	0.019423896117426908	0.13650758991613302	-0.03332676788324857	0.04911031847265437	-0.07031843097955759	-0.10577807775621485	0.0684429865942002	-0.0994897509180783	-0.011118782497282039	-0.03384922670818527	-0.0800413817713927	0.02387124480641915	0.03736227572706152	-0.04425171809096652
0.05635251748530147	-0.005474168354164307	-0.05589198535667918	-0.05671237808687561	0.05634943758829936	-0.0719184579940562	-0.07596524756077763	-0.0039327273193670185	-0.04456054479238837	0.09604622376040005	-0.04309381959813784	-0.014737812279106529	0.027995164089699622	0.0762924152688592	6.692072111633168e-05	0.12296490333345224	-0.023223307159847207	0.06235224386852819	-0.05653861192034545	-0.04880290266365487	0.05397727421847702	-0.1303531437107632	-0.042685276755187906	0.029676751296324154	-0.04882038314839886	0.1120561793451056	0.050487407988781936	0.01814963758095179
0.0573214749535089	-0.003041852748956302	-0.07678869813587333	-0.01758913325275573	0.04992047356908908	-0.025429828085691566	0.10746657742562032	-0.06115427746682236	0.02806874513152264	0.0679225190832872	-0.06035107618812258	-0.007418643860733632	0.04305327758749898	0.0955335355592894	-0.024118535357706746	0.10405927468767345	0.009432296584522338	0.03847211730822471	-0.05305760724687935	0.014110243166671605	0.06234429715986266	-0.04862116959050011	0.025755233039375845	0.0013799605820054989	-0.11028624752348742	0.0740695332521942	0.06456802146196051	0.06740630473121778
0.05568533933798323	-0.004716169630841889	-0.036652454707054395	-0.05786561238213263	0.08025902543154251	-0.07553379680052481	-0.05123280787631329	0.05414287181752576	-0.027241407036316997	0.0677325478810416	-0.018713698906159325	0.02568035588854607	0.10498348320738175	0.11475109267144935	0.03657410484107923	0.08656616778066506	0.01858903144921146	-0.020980062774337515	-0.028965150684910283	0.06932704538089082	0.04331317637122001	-0.0285012948167345	0.09603061259988582	0.02178848432449243	-0.08892867966793842	0.006653428254346299	-0.023723108824069937	0.05464151534097329
0.055749644062967264	-0.00494869530049089	-0.07138818554465957	-0.012255908137248462	0.053865631810623156	-0.010404156642026754	0.08227676188838252	-0.08325467105249992	-0.014132095339131612	0.0059499494859920656	0.031434544459132296	0.018213666528533415	0.10261252718122367	0.1321885661006209	0.027285246110485082	0.0667856015401219	0.1335202920128731	-0.019758307863248066	0.056916720069315085	0.012531338713912548	0.04420218513214599	-0.0038012223945338534	0.0809515868790876	0.11184091541801473	-0.09114026224852609	-0.018966079104694736	-0.034372318989611114	0.037608990702445375
0.0456794966022124	0.005030279416573256	-0.06349495658706883	-0.05459669570671657	0.059669764766753584	-0.1107733210995505	-0.07625286326215706	0.012617150394835457	0.007561506710980907	0.016852575673477706	0.03268014550874609	0.03052652501549205	0.045978497948585426	0.18583387602409568	0.0414535816904172	0.022806949419012113	0.06486299049427775	-0.06190388212750504	0.0028728796403013485	0.007448812061817901	0.046583915515908236	0.007107147561917423	0.07556128613540382	0.026718755745327522	0.02709890532638234	-0.0013155034508379893	0.03123049334708456	-0.0176651129152079
0.02099596945341506	0.06355201406330985	-0.018238066312179727	0.0267322019044028	0.10981269065207022	-0.06325444950656402	0.1347408986821175	-0.02249899025136194	-0.016877049359739597	-0.006085310433128136	-0.004407269262133209	0.14385104117116185	0.026446788040850697	0.13012744778672594	-0.11658125838124216	-0.080280540192283	-0.025339511925649545	0.06357472216962465	-0.22029402436509604	-0.01099064804679398	-0.03183809350693417	0.044991684546930574	0.0013279460135969395	-0.019983008785374543	0.06802623911469069	-0.12365040562119899	0.0757447165321844	-0.12475044071930103
0.026525556677563553	0.025280695933628975	-0.0009740195069157871	-0.00021295472669265823	0.14211748488428966	-0.122133514749436	-0.03970671732398463	0.05628367657960756	-0.011088873273791442	0.05581363131659119	0.03415544049281428	0.09669976242016551	0.051172771185537695	0.05888301988964815	-0.0863330922572906	-0.0023595710516658257	0.0033664949522623495	0.028457213479175174	-0.13029984200260375	0.050808046684890994	0.0539309218737584	0.08835770570209506	0.018104829499792568	-0.07775264257904228	0.048671805760559086	-0.06101876121622878	-0.03272094813473127	0.007088782947577182
0.033022405232739194	0.004360801797026025	-0.0182147064382791	0.0334179737290649	0.12846083579045423	-0.029909867984210737	0.06764253392105914	-0.11777383447444774	-0.03943059923317592	0.02309242803595125	0.0016602522870742269	0.01868150199985298	0.05597910365896247	0.03694882141310198	-0.061376425488187586	-0.02416456661233903	-0.005275279115505781	0.03996608575029154	-0.1546450256247958	0.031339882686770355	0.05031354663219154	0.09648042568510053	0.04825461700986485	-0.0027762159993911153	0.023048167966993674	0.01213869922050976	-0.017003875190405006	0.05211639149235043
0.03125768641295903	-0.003204062291594777	-0.03210718882996875	-0.022152416391583243	0.1289023121766441	-0.07084334175722173	-0.05620661550136464	0.027646011286551666	0.005248418811801261	0.10638126108530871	0.030371038751470677	-0.015468656542563986	0.035152790828398964	-0.02675358652942712	0.010597819879387429	0.02170905082361635	-0.02237564417468864	0.07913783834992891	-0.1481582339505134	-0.022442122015849643	0.03358890093813227	0.11204469733275439	-0.0029250316332289222	-0.05349564131529	0.058593364669030645	-0.033696449309283304	0.051710257388113245	0.05613510010803818
0.03171328391855067	-0.013362162272013492	-0.07956339760037948	-0.009630461791438678	0.10089206594497045	-0.01911609608649134	0.10204103901693284	-0.06000950086737834	0.01902016564093769	0.09323435870588793	0.014922437606256084	-0.0028624435032949917	0.004085960160315989	-0.06263956077010933	0.029266182063942246	0.08817325531209441	-0.01564051207104737	0.08644660656850395	-0.12600115702818138	-0.08918104567802852	-0.013240405242528432	0.08021136510396484	-0.07425402521073488	-0.008802276380322875	0.038315182047513774	-0.06749818489589206	0.06304472593712163	0.04446560174090865
0.028769348460864638	-0.03905168632931912	-0.05444436920640603	-0.047735925546989876	0.1058774480389028	-0.05346608848112849	-0.07637011681531179	-0.055145409285270834	-0.034989688180209054	0.11818539143460409	-0.040160344772513734	-0.0039011849880201867	-0.031268974752751505	-0.032800837730005764	0.053595415838938974	0.0842328303367061	-0.02352686619755068	0.025856116549564104	-0.13578680129004364	-0.02799492865733222	-0.05022085254742115	-0.006855124324273747	-0.09428439564123031	-0.02506649651071765	0.09725540775031032	-0.04761555142774834	-0.005336528559060097	0.015007631978809902
0.03144940218116393	-0.030322743077706413	-0.05913342402213579	0.011425705573651211	0.11627971080615068	-0.03303676681214654	0.09448886535362465	-0.02915535524318731	0.07493286010260936	0.10843520444739013	-0.0646701706479636	-0.004806835082795822	-0.05047245510200568	-0.04229058405845081	0.051055251388244544	0.09444186517442688	0.010461074464029238	0.05090420018651799	-0.12656542774451796	-0.024669009195974468	-0.08427907878181268	-0.019331906487855544	-0.05599156256076851	-0.039271565014885636	0.044041428200853314	-0.028492686371955823	-0.012805312068807632	0.1110549753662273
0.033378901470674946	-0.02839147470722139	-0.03873845846582819	-0.017837198891561813	0.11232098135223197	-0.0828775690284252	-0.0980299366941084	-0.050018042417758514	-0.002799609056977914	0.0853850829071781	-0.009444053918256432	-0.05706164860170471	-0.031547995209951614	-0.011971171022840017	0.02422103107841044	0.09493317685138053	0.04085177682640648	0.061424177698667135	-0.07699152135264459	0.004770505000023654	-0.08382357553127684	-0.033311748274429676	-0.047584733356830854	0.046326715572354626	0.01586750114782264	0.027435919965529826	0.01402588635980725	0.16681403504746173
0.03709923762035398	-0.01873915048025908	-0.07393221736528958	-0.010110257111835438	0.08244378231155158	-0.05275185101813773	0.08947032185931485	-0.0800576366760333	0.074281233571807	0.027911017151976792	0.03017341557905582	-0.0388198974312158	-0.02994590853028248	0.014475017360091545	0.028098613936670035	0.10992230449593818	0.07453201755980043	-0.02266972515453422	-0.04447588072860251	-0.008985244824778344	-0.10170967235719354	-0.002257000611902444	0.012266188879912508	0.03377255429265553	0.023646453145330537	0.021041641669198016	0.03587907302275162	0.1932641400503223
0.03752813105022376	-0.013562388680863395	-0.06386067220348543	-0.038391870926872	0.07630431698627202	-0.11597903768723747	-0.07215358869604206	0.005178114246476122	0.08471534138074138	0.016979255138996986	0.08154144239465197	-0.09143107118735769	-0.05257200894803567	0.02684575149518536	-0.08900975288697383	0.08507196402512338	0.006921217434362612	0.03439623442530418	0.0333459872913918	-0.0016033162374027117	-0.0899870973244213	0.005442322797632017	0.040568578727068635	-0.02415480730468698	-0.00842676411641658	0.010657313429599318	-0.017878081788560506	0.1567240571321813
0.04096583216712807	-0.011801743254335072	-0.06748507325012533	-0.0025016236012743755	0.06667857307082325	-0.050354892703118666	0.04464121579820906	-0.13459172201764444	-0.0034364022826128813	-0.01999818353612561	0.11168393637824103	-0.09507992727002054	-0.022060153170731282	0.0118371029301298	-0.04852327198373107	0.04534837720558582	-0.030434361976955582	-0.029217133546070945	0.03852765206610871	0.061654466782394765	-0.10248805974284284	0.0637623640844546	0.09815436498743188	-0.02431952277303542	0.030414965928577013	-0.033983174477894076	-0.08918395661306203	0.12005312982726646
0.047035723338080856	-0.01679818615291629	-0.07862297008480953	-0.057617704068221226	0.03433822232816706	-0.060352038436143424	-0.084906896691898	0.019194539715002686	0.0482419973922373	-0.016169293556773705	0.10710871828460683	-0.08280716047248134	0.03412128441863337	0.0853676587791673	0.018413590208023155	0.04203827178203394	0.038426988169829195	-0.12507003554905355	0.0223787467397898	0.02588112935154151	-0.04792408588441183	0.10376473241538939	0.05970130924237195	0.062386480819362156	0.02897883449557863	-0.030994976498935158	0.032922070071173225	0.0735636829034324
0.044496866460502764	-0.005933859888356019	-0.11882766387793364	-0.050415666360416896	-0.00013679327661704607	0.005641481624751546	0.059591735818678875	-0.08509986739438027	0.06743508708834846	-0.05243722899575394	0.09872358009579357	-0.01025190089991873	0.08688866411793332	0.09017400650507565	-0.03132922485275368	0.048335616249583734	0.08230439873500449	-0.072566649445537	-0.03902372968326348	0.0006889946083122862	-0.038614702988762656	0.06107331848988357	0.022194992180739732	0.004460233431809679	-0.014600424528255877	-0.08175362402790284	0.03948703590485894	-0.03186766433909359
0.04351563484806008	-0.025896950515953494	-0.07974693321216167	-0.05889379576218271	0.004914089525361802	-0.0777014710468793	-0.11252842314616227	-0.010128629234389503	0.08933100485497827	-0.03321676290690048	0.08587855163580678	0.00553309138601066	0.12055567685679545	0.08888198521901398	-0.02165113709007184	0.028726372971397362	0.05680664344654129	-0.09000053275039627	0.002468670507209273	-0.037258087926388864	0.04170690065369187	-0.010157801760275316	0.049016346264433026	-0.037496382815572465	0.04662377999358716	-0.09239366123009402	-0.07134608349239151	0.030148844305906614
0.040832823320304266	-0.04748073915636567	-0.09592642380237562	0.002094570512450706	-0.009733247888774716	-0.02146002921737541	0.07297775822538292	-0.07859234043783168	0.03615342487791982	-0.07925162609461393	0.09669198727368421	0.08066962653509104	0.1983928904081232	-0.08463337792284686	-0.02860448800061065	0.03087716025528836	0.061027026779556216	-0.15546114914021122	-0.013933827250462518	-0.017561949106519266	0.1130882114819286	0.061133629225925884	-0.041920390278268986	0.04256813794195792	0.15508566854815137	-0.10270323257785768	-0.02881718704442529	0.0032868013373897366
0.050194536700022496	-0.05387975002037295	-0.05530033371691421	-0.031094943053398837	-0.020074212317684526	-0.13095296499068518	-0.059181026115191576	0.0657848088267112	0.05456222989611181	-0.15501868270341682	-0.007921503963235047	0.010401198092770602	-0.010307154764052725	0.04759554774004613	0.0057844770204027235	0.026835006194125204	0.02154514956452065	-0.12650907519789484	0.04038918036229459	-0.17729939545812765	0.13354954038445754	-0.061374820254827954	0.06259701652303201	0.015170440190059089	0.11823411383706336	-0.0941317217854851	0.0560264655996449	-0.010324969944514824
0.039601689351206656	-0.051419290879428	-0.014865342803525824	0.005960363728656839	-0.003799692543492125	0.01874156370347219	-0.03280437222840704	-0.11626882583523517	8.148789416985161e-05	-0.16703920769748193	-0.023731791459937035	-0.041154383014482494	0.06782164171915432	0.008981997880003216	-0.05024490908585273	-0.0248500840330492	0.0008844228799066627	-0.10057166607344328	-0.08264166051631161	-0.03779784746925462	0.053929874311605404	-0.08149023304487069	0.04527215850996912	-0.035116018901840206	0.04492817407284972	-0.06204170328794581	-0.18708694328510117	-0.0724856304882926
0.04271731086351156	-0.058260200325517215	-0.01626800536862074	0.0124033087472892	0.02801429806679485	0.021357958459970527	-0.0034919721540104614	0.0739427711520639	0.11473573993532152	-0.10518878032277633	-0.06081839393472139	-0.06171463182382591	0.047963756914750605	0.0159878551793795	0.07363469558191241	-0.08148597679153666	0.020744321840196797	-0.17473843159046412	-0.08488309556097584	0.026666590593221406	0.0366614344680296	-0.005197793133436525	0.08397726929908345	0.04211040728722529	0.08982328132999717	0.05378498276360676	-0.06121096026202871	-0.023958307328631002
0.0465228030001615	-0.05667902296345065	-0.02977096296534701	-0.029807439825541505	0.025856456898777063	0.057862406392569746	-0.0802452675770879	-0.04272416428958621	-0.060419397467373	-0.09038119371831235	0.004732545408933881	-0.045781320746379715	0.09937653210354767	-0.12996838719038278	0.008655944044168204	-9.008914657750638e-05	0.09720189333767744	-0.07048847250491651	-0.09921431124568551	-0.05223203605085946	0.011433455691032999	-0.07199109386681653	0.07542716273693838	0.0464923370047563	-0.052622443282748926	0.016297732307923925	0.04934234691559897	-0.06973589339155156
0.04185739828706725	-0.08174869620699972	-0.06883313333254436	-0.019766851877162032	0.011447509208430013	0.11133684226297992	0.03725245077694771	0.046908785035310874	0.07303477076335525	-0.0536101523199011	0.015091526306874358	-0.06373988612472545	0.011024212719188506	-0.16486968591538884	-0.02023101744109757	0.03702957237218833	0.08203051653779392	-0.04522051504591272	-0.02538326562245152	-0.11116689359232092	0.05147332566285588	-0.013660732957246666	0.06566124143109146	0.06764344198414624	-0.07644908818241733	0.024025670626958148	0.042620477540197904	-0.0871149974004748
0.044444591348060274	-0.10226464323727537	-0.05972364729411818	-0.08296625563908623	0.0043616039767799325	0.12471829730095856	-0.07487719903223412	-0.014579941391864179	-0.08135202256416718	-0.022733760987219902	-0.058982361105404994	-0.06090751369806675	-0.06339242367055226	-0.14156867555403063	-0.01860341427371421	0.028897602335911553	-0.04535821873050023	-0.1050755729914366	-0.04355128522453136	-0.07013369997923863	-0.008892819764842406	0.02463814930645957	0.02207311005751004	0.08036088600746966	-0.004534699679055764	-0.020443949603698042	0.04808417089581581	-0.11189752359788098
0.04187609183631892	-0.10113089103364999	-0.0768050686778842	-0.06406368186211146	0.019059415520304383	0.1364763044697688	-0.0041197215799842835	0.0970059677986454	0.08886300217120445	-0.004988575544250863	-0.11484915843547774	-0.06525596528653609	-0.07267633096798552	-0.13338542765636444	0.013771233492537116	0.009661708564909544	-0.030803677650690323	-0.05291514508408633	-0.02952813767840756	-0.017775465801608957	-0.04106266050068018	0.06022680077765809	0.014975681539641234	0.13399141607294995	-0.035105112823890075	-0.015487275665337481	0.01103462094268473	-0.03435402084151876
0.043714606101032574	-0.10482660921966408	-0.07727925294011039	-0.056374200900342473	-0.010415969239324622	0.12342552218170731	-0.08605171297568097	-0.11056766931177389	0.0067752653360764244	-0.045395365314728035	-0.1378935956072725	-0.07765159418143132	-0.030710887483821434	-0.1743123904282945	-0.018275273369504793	0.008034123092898792	0.019503202167545416	0.03205977582568849	0.006380813281773501	0.024032345070855866	-0.05713562371927126	0.059266098414996624	0.049527462283835214	0.11092487117562669	-0.09905404416756208	-0.028316673971230447	0.021708106797696324	-0.014376976658484024
0.044906583649294785	-0.10478709972375988	-0.06704410456145897	-0.0325109782589401	-0.000817909054000165	0.0768422595140493	-0.08591911472239216	0.018915054023874132	0.1753337457301931	-0.01760736667994574	-0.10445070732398076	-0.0994955776530443	0.005531982582806169	-0.18171021540945517	-0.0489902714383955	0.012407158999716192	0.013336234095544075	0.06397046698703224	0.0618640427823503	0.04173339575087888	-0.0033037135984842255	0.12927346842185256	0.06822034578351158	0.10152026960286514	-0.13021505604167732	-0.0313313014549902	-0.01508617992171759	0.00659624865903588
0.038994334532553215	-0.12028068437847199	-0.058789097959051385	-0.00571028052131224	-0.014270924093732863	-0.0007337783789810618	-0.0433274764390486	-0.13388383378746788	0.022700935192230924	-0.11600893279547125	-0.12853198186470283	-0.039714835266980754	-0.05716687700792687	-0.25109813625940924	0.013186686638071347	0.08288782641544398	-0.03397385877062271	-0.00032238143188197815	0.08063603291810553	0.0015531703135596882	0.019026622180078237	0.10490326587427795	0.04180532626793761	0.09574610778633658	-0.016400828783062017	-0.10083239667105973	0.048965193274313465	-0.03624124074358212
0.0409371198072276	-0.06016553775958423	0.010192652099120987	0.05252463599086937	0.05107809696604371	0.005347915399171323	-0.051679124149869575	0.09813168150056926	0.11994463312724413	-0.07527498860620266	-0.2184162984378333	-0.1279888638913227	-0.1827487215565526	0.09976197814998183	0.10581553761214174	-0.10052158568015868	-0.1289411498270529	-0.038700398816227916	-0.11287415415347019	0.027174134563650094	-0.049319859087504525	-0.03248646039782031	0.2985462778880778	-0.07758465417060399	-0.13766772923066256	-0.3005850302274463	0.21483648715841314	-0.12053970446712739
0.051459468222789656	-0.031941876834371996	0.02821305854729306	0.04085662884387504	0.06874383510964932	0.021775117237791866	0.03300270607566471	-0.05109595756826965	-0.11137623244193856	-0.09739123548672775	-0.012705739001120249	-0.07556166637177143	0.10119461513875369	-0.1540288417116906	0.009088603543606409	-0.0004992894538177079	-0.051790163843331974	-0.004736351412839228	-0.10193050595662503	0.03081357803201119	-0.03324564364004525	0.020242019884671524	0.042295469981834935	-0.03850693674556453	-0.022137738274476917	-0.126321520284887	-0.04034643018196834	0.006324354359174186
0.04066453839770034	-0.004407745448806928	-0.057524267484089606	0.03089987944408069	0.10617424352441848	-0.2365896122227796	0.12890999640518572	0.044539098206899254	-0.013059129101863883	-0.17600135163311864	-0.07901321046574075	0.03321611869721929	-0.34444236949418056	-0.07688171892044605	0.12904445252263458	0.12430271216945747	0.06406224470753456	-0.14899589242193295	0.07621550582360972	0.18412019746574376	0.01571488588567051	0.04829255760891943	-0.3285983126964011	0.05520903134919618	0.13970011673801785	0.2059102303191831	-0.014310221935675962	-0.17895803893260032
0.029269085124765577	-0.056225909686632956	-0.04220428629576171	-0.007337057725042052	0.09388580709854419	-0.0588623348677666	-0.06569915723521093	0.10237792156942795	-0.05993775195151112	-0.21928606762810343	0.20590054830536253	-0.082560620179335	-0.047358404783157254	-0.19980821315482825	-0.13021098814040616	0.004670377131816963	0.12093671995781838	0.03935238116023948	-0.15152380861999995	0.19585971715478365	0.0977863231616247	-0.12996125186171836	-0.013399547713669196	-0.12963317742195363	-0.12987388512010015	0.04349885699814498	0.0601387580415361	0.1257045233620759
0.012337652580477402	-0.055090780971705784	-0.12085379748530443	-0.07403425379023515	0.06621816473868983	0.07678963474306327	0.05027695526556578	0.0858694611444203	0.025796274540669763	-0.07145095887753335	0.1783427063155082	-0.10172346259045477	-0.2026340086363281	-0.024809550403010066	-0.06186662498510847	-0.07711493607999631	0.04363918919925651	-0.023002561483118703	-0.09471154146988421	-0.0484252407688361	0.11897632268863408	-0.06008899434162482	0.04645850908962884	-0.022009445124220976	-0.09920653594127897	0.07061537081737877	0.000440004293192197	0.055067999684832857
-0.0015621879557792282	-0.01959826080818629	-0.1637600237138189	-0.12841346606349177	0.04534447272480643	0.10076963121880837	0.00536849635629465	-0.0250700745967333	-0.09737752065522304	-0.009941753672386816	0.10284400669143727	-0.02576948771698062	-0.17466351538092892	-0.0060657867759605156	-0.016504293230263915	-0.1324284583345133	-0.020429121417494086	0.03007186612416081	-0.07870719174295722	0.03546701560292413	0.05029496866624139	-0.024098327975862765	0.01857184155078745	-0.05100196510437227	0.03642943696115424	0.017703992693526314	0.006898456767777724	-0.028219573334795193
-0.014394453707922741	-0.00032533518523796245	-0.19233287192032011	-0.16045948312019442	0.04218527445142256	0.0349300763678045	-0.0004184233748852548	0.10550182373143135	0.002095691180068588	0.06885014166325573	0.06885279135820807	0.04030929123902656	-0.12160633518041902	-0.038362284643549	0.03700728319090496	-0.15394612330969698	-0.03875103857074364	0.09158275135242458	-0.021252401482887057	0.059962131771869334	0.05817853394927146	0.021664779443729364	-0.03478016700664101	-0.05044310577342797	-0.038859138442452326	-0.03694608919248768	-0.0667127877284737	0.018580264506491317
-0.025535751535948538	0.01700222432095096	-0.2155143298743187	-0.15942452758664438	0.01616472036876036	0.04291402134741069	0.04330036975753831	-0.04912801327084019	-0.10143431170753636	0.03463216622968272	0.023183005455751342	0.09251925437126599	-0.10951256728269192	-0.02997756319984407	0.09371861575128335	-0.1839160493697916	0.03104896371796294	0.12039578062229177	0.040438047504145494	0.07793402580213196	0.02831532367385726	-0.0024612384807037226	-0.00958587920966056	-0.04823229085215543	0.023332331027312837	-0.026063735702497707	-0.050373358704220855	0.06174840632504023
-0.03282433850336305	0.04659444632144443	-0.21174121026809378	-0.1785262577733298	0.007924370500425658	-0.00991254975407221	-0.013419579023468714	0.09146154509132143	0.014028970061424074	0.05471029327175849	-0.019149660428270376	0.11542900690381945	-0.08593038744364774	0.0024241026218097565	0.050473432923569685	-0.14973613359915822	0.11918237389524607	0.08251707710794748	0.08877968871977893	0.019168496633329972	0.02811537152197781	0.025121259309732982	0.02698976498887882	-0.02277853729664988	-0.017123508144434103	-0.03721881961462612	-0.11313676770649499	0.04210303934980452
-0.03353897360187932	0.057489840501800026	-0.20391096096021621	-0.1480508030299929	-0.0023505026010802402	-0.00445579764112546	-0.019543593791405304	-0.10125238038867966	-0.039956570483659484	0.02619027391835161	-0.07609920552679056	0.12297253932514621	-0.06790112013758783	-0.026119772600701217	-0.08885175576168382	-0.07799327191077489	0.08458464752072116	0.07308913600839986	0.10252898485313815	0.12341738534972385	-0.05454331071238539	-0.01908334509195447	0.07400524183217398	-0.008163496101281725	-0.025945988494574197	0.021117726336379122	-0.15720379067039436	-0.006966104656327021
-0.037213934237565006	0.07543815719430078	-0.10166120131821703	-0.07257119394248776	0.03998290329300832	-0.08488627474203772	0.06945446313197293	-0.006362655529726813	0.13630265136474926	0.03733254798603588	-0.23514794935523736	0.17351402385475062	-0.07984262372023335	-0.004490113365923573	-0.08373559811156019	-0.029484373194861233	-0.13092205789010877	-0.11613058101547401	0.10500467041519593	0.15384512772356884	-0.08579421947996106	-0.1730936278330677	0.3130118467601778	-0.006965390046360077	0.22185143742235536	-0.026636395213531033	0.06477473317575591	0.08304860615317097
-0.05992678317071464	0.14433429677472784	0.07795699758338398	0.01773938642724908	0.07429898554331817	-0.13044578081984864	-0.0031262703827295794	0.1047981371633568	-0.04272000067456794	-0.11989098475124976	-0.14912729710391145	0.2065204278506294	0.031606831253570555	-0.07602795656076855	-0.009896640418940264	0.06472948707317681	0.004182492863911555	-0.004247515406318757	-0.15373144417844492	-0.21090333972014041	-0.1202771297283731	0.3872191391861125	-0.038709191111996846	0.08189837606590539	-0.08778908430548701	-0.018088176305949326	-0.12887102334716746	0.16766438756109686
-0.04837151373796712	0.08821202817214091	0.04540640643620052	0.030247831332241	0.08201729631919123	-0.07506587050282193	-0.05933746861809464	-0.052641691649599774	-0.07125388314811786	-0.11922413380290228	-0.0017789474425259153	0.12024505561785134	0.057889171573608615	-0.053926606087259715	-0.1689072757453596	-0.09981755749818871	0.0038583620600003083	-0.0433029077565541	-0.057203870006959125	-0.15059133904914293	-0.11161358799231605	-0.0008667793055352133	-0.04415341381273022	0.09887023325945458	-0.13694781548324908	0.037874531043752074	-0.13401279950880668	-0.08548908798961671
-0.04772922855268159	0.049786264605549704	0.02235045697700497	0.0582875645576999	0.10442100598684549	0.014183664026667741	0.09479360995514864	-0.02213579310616136	0.028986878176059796	-0.05408416225901066	0.0406408630589145	0.0219740222213316	0.02378615797610186	-0.02937039315305582	-0.15099186676685403	-0.11416727300588454	-0.01613047986627427	-0.05686100098923837	-0.04551579312604211	-0.16457713824810893	-0.02657483910384187	-0.044914250030733335	-0.06675929206927417	0.09909505480490895	-0.06116269360582993	-0.08019313840500683	-0.03776879640867028	-0.01183218468350216
-0.042723177712811165	0.02087702830367876	0.028822164647958674	-0.0012268448865322987	0.11949193731141988	-0.011631176247617291	-0.07322605949105221	0.051979562955993215	-0.02150182928061088	0.023223679620601765	0.01783140074582045	-0.0016753583627400518	-0.030544368449049196	-0.011213360986290766	-0.09314871214516468	-0.12300080575903116	-0.023584394358277007	-0.004449796320464772	-0.02144330305892113	-0.07437480332244634	0.017386269383385406	-0.02299356704211543	-0.152360577727191	0.11785211839363846	0.0245304455259652	-0.15461390267404956	-0.02758697373984373	0.015548699634295782
-0.044729181458121596	0.010292533591058604	0.007519889658512468	0.020185648771050873	0.0938534689963697	0.031004744927473984	0.02814707064983682	-0.11338654993655532	-0.03795133315147622	0.023275317341913036	-0.04361488624743916	-0.027232035085597964	-0.06656756565569395	-0.010105902049420003	-0.06635931460453297	-0.16623414240669968	-0.04391438979895156	0.04966865585790793	-0.005367736236241748	0.04000059362263292	0.025982024950955203	0.023229018595063933	-0.11235309544353259	0.09447860522451779	0.018046703837054156	-0.12640414213906995	-0.075194516933663	0.061637986954891956
-0.05326680380119989	0.014542946094524768	0.05112730045871864	0.03172232571923601	0.1020566959231913	-0.0013005988907765181	0.017449199827258066	0.10179282112375786	0.02691177464154955	0.05527370351852665	-0.03617443214804403	0.007249701145775639	-0.0006398640785103537	0.025249401812689462	-0.010070950640450962	-0.24153748012275492	-0.047563500444722545	0.040562612319108515	-0.0990009346576039	-0.01995459380977694	0.08250311595401254	0.04746919129484904	-0.004961546252823253	0.082063661884639	0.029653560423682793	-0.04964122755275714	-0.06906215138252049	0.10971626848245715
-0.05205990355853902	0.13193278158641045	0.0681014859807199	0.013289707400067633	0.10268639125298584	-0.07448998390034187	0.02779834976242146	-0.01533519099961352	-0.14560018496514973	-0.031074998839717795	-0.09421207455051542	0.14842350575368393	-0.02831044679849185	-0.10906038228533511	0.08244884276971749	-0.038885984725815996	-0.03479554780107806	-0.08734775433701072	0.05010540182811326	-0.13705907145197943	0.10568800586554947	-0.06467944370561463	0.2349687479701491	-0.03246303842447628	0.24949174148117406	0.010607900446327062	0.3127623708274673	0.05055463028457906
-0.0394011008603464	0.1468040754443933	0.12291995513167206	0.06629594652956756	0.10175510156954687	0.08679984178201777	0.03113609416378703	-0.032743244941751466	-0.05052958276352138	-0.0921353696270395	-0.07270306959884416	0.051492816011309714	0.050034791433624624	0.051700422239135	-0.019076652426639376	0.03579804025512093	0.012619228298535644	0.0750314894957442	-0.09687151254202309	0.01069418642167009	0.024528962460443567	-0.01463980570519888	-0.04986666880941654	-0.02260839076101937	-0.13136078918265606	0.043886233621539567	-0.01680455994487716	0.004289498741598667
-0.04206912837822608	0.14623222364972407	0.08677372208288102	0.05554392094366262	0.1214139658316527	0.06499178029028979	0.024678122814454747	0.06410270499980844	0.07447212614053547	-0.025898753908117245	0.0060668489014409814	0.045740187480847065	-0.013359110453911291	0.02825900967619726	0.04770826613237888	-0.03644820460651077	0.04438300397592493	-0.03263145295994117	0.0424982314115738	-0.09141713661698411	0.04845726768234925	0.04359209466421432	0.02298857719025597	-0.009351420113994535	-0.028253391482116835	0.1307773358573645	-0.010213778757617791	-0.06729503139652032
-0.045766718530775484	0.14540344353301204	0.04054836196168139	0.009276068712340312	0.10935853886387849	0.017088711756747	-0.11761050324876388	0.014878254247278342	0.01582962468338107	-0.01047973953588554	0.05101374509781412	0.05680642692897052	-0.02978817843037197	-0.04641353647458696	-0.029158275157833237	-0.03249861953211644	0.10298114693974614	-0.00010123584565704773	0.08157266454447419	-0.14214004197656965	-0.02977000654540114	0.0034050667183510904	-0.013158610807678803	-0.08517941916048982	-0.029694623384347602	0.12604404033195576	0.0416647347022491	-0.056938888973108975
-0.04404526451280719	0.13920443856614	0.009542777170166326	-0.0001651095041164475	0.08979461763244345	0.10435312743519885	-0.01226294895085241	-0.10587536769945599	-0.026691462360670187	-0.028582793932588085	0.04450240837472929	0.019447100963678438	-0.03210612969476164	-0.04355574582662679	0.010728058942396564	-0.04037159845751279	0.040341812455054075	-0.04377526898999519	0.05636561694808225	-0.06288796681011169	-0.005194178328739347	0.060433467365189085	0.12041682289980268	-0.10987183453806654	0.04443649164390622	0.10605085785202313	-0.043581116773656045	0.025395682090388207
-0.043772207398244896	0.13327626758313768	-0.016391947208205686	-0.01548405122717592	0.09215007718767936	0.06996307777932463	0.02997641620546898	0.03833737856705513	0.06210114951653319	0.030519385390684804	0.0549701230586511	0.07528262221744865	-0.03042235697491896	-0.08464208663425457	0.006124941695305811	-0.015208055001811108	0.042398050656314606	-0.044292755617353796	0.0807741391108658	-0.11822717558113699	-0.039663752282854306	-0.008011842355132762	0.05872457591891639	-0.029256092849371737	0.0430620436672597	0.15906870002216056	-0.07364437797773493	-0.07474542212402424
-0.04178844362113861	0.12377846609736907	-0.024152174616563292	-0.05133912617242358	0.05074775337408544	0.0709794326930498	-0.13900657066352046	-0.03646471344818543	0.014231984372309355	0.013983660126479081	0.05993910280462687	-0.0014888653531693447	-0.03258536498167252	-0.025350961248020158	-0.03664046321405035	-0.010889222411027346	0.037029187490215526	-0.05190905358495349	0.05990598535183613	-0.09297573557379178	-0.07896777928908602	-0.02460508961420248	-0.007672618629008496	0.010154932802700092	0.06636800905962262	0.08402607048638042	-0.020154351182902968	-0.06800120101053173
-0.040635504940195376	0.11540723699898162	-0.0574488190390784	-0.028064369831746924	0.05289047146589961	0.12324930078881725	0.03558344458690642	-0.03430602370072205	0.08290903564991972	0.04104565804119281	0.0181611202512768	0.03778982067368737	-0.042397541400448095	0.010402500626801953	-0.08125784727227826	0.008357173864070503	0.0511718357677061	-0.09275994382453981	0.026183388092778967	-0.06133819229773589	-0.03745825761518265	-0.019828314353085887	-0.03729200400885519	-0.005597967823257768	0.057235943810434786	0.025748638346448485	0.03391809631324746	-0.07092091073409289
-0.038833400754744105	0.10436275649533878	-0.046307419520947114	-0.058587957559121655	0.05340410897319884	0.06757858642363834	-0.1448782904208263	-0.04042393643678016	0.03157452391048987	0.048207179336813226	-0.003350657794828762	0.03284650289642736	-0.00893497613366572	0.04783742812998109	-0.10246046112933906	-0.008494600832529871	0.028216498467146942	-0.04471681518070908	0.028356872576579987	-0.011216286252696678	0.029923565746339115	-0.011531933687980715	-0.05201125720693696	0.12817227841262255	-0.015075065046335386	0.04345591592573534	0.027823973929509374	-0.11521285240368703
-0.04144259519486386	0.10084164513042337	-0.060666950152145654	-0.028302027178401513	0.04010709904187513	0.10427685718485198	0.01625636972617906	-0.05463552081531781	0.13028027625514668	0.03000619090014089	-0.00572697639102713	0.0664280944466091	0.011542625050098086	0.04448189497535463	-0.11126776235148728	0.030237331407325537	0.040650379014895426	-0.052782215059868326	0.01610541583168193	0.020112032790882476	0.034746981902609726	-0.0038708029524611234	-0.047340940402962266	0.08205345017891104	-0.024326443049702783	-0.028372724804000715	0.013148796177786911	-0.155296466338214
-0.03792576823923585	0.08008272371076258	-0.03481844390160824	-0.03582382270058694	0.05592651371174761	0.00042109311947739503	-0.16794262317801256	-0.08955930802901851	0.08618992729250874	0.04865467766529455	-0.025009473179406414	0.08198264436682512	0.019076522558899935	0.02735461679603894	-0.13524764419754443	0.03461917089073309	0.028038524505441552	-0.0160396918038119	0.057912954229033954	0.024055009001843288	0.08905870187977315	-0.03145680822522341	-0.026353110963544778	0.11903202352273766	-0.010087355382185314	-0.07339244284993782	-0.041087224426939684	-0.17967943526354124
-0.02008390574843178	0.13821328156922585	-0.5342582722257864	0.755390473226968	-0.0955202243866791	0.0635836408829661	-0.1731347865171785	0.15079844777722679	-0.1365814861189462	0.04024762497842361	-0.030426033059960455	-0.004830484152708458	0.0011461954491296803	0.03616766086978806	-0.017738765470941227	0.002180183661078987	-0.07294215106638288	-0.007779652634514522	0.012974453282204335	0.004163987886789539	-0.034364590564409894	-0.01707879321598055	0.004534699637374387	0.02281336402325662	-0.0005992877798666231	0.01088772307116591	-0.012599195225882716	0.009538804409441834
-0.026971186421913124	0.08021863138578249	0.15941819715599387	-0.013230730932435155	0.1426167559827907	-0.053331610363614036	0.04570223752421267	-0.0076970697026619754	0.11692109062622066	-0.05808767462007828	-0.050873755244044874	-0.037109421623219827	-0.08653589755288894	0.036275956510806846	-0.1493363116134718	-0.09811690391757409	-0.17069527431099366	-0.03433088074192555	0.042621089945271216	-0.029837019911229324	-0.0557280203916455	-0.10710612593413661	-0.03344469263878273	0.15586734839183058	-0.047698833319689084	0.009690460586041238	0.026941212755096644	-0.09455810109252538
-0.04213537815681399	0.08864417463858247	0.1486518763235998	0.062143539987356666	0.14488904128105776	-0.07328362455274699	-0.06839430013598785	0.010379437125310385	0.03864068170744664	-0.004406877476777772	0.028611880742394607	-0.12268428914850121	-0.058405159095309675	0.010777241232476524	-0.094532193255999	-0.09340299104129443	-0.19304141884089868	-0.057359919444331955	0.1001339771041481	0.085999916029685	-0.07779303135662297	-0.0045007613847589945	-0.05178895106398553	0.03809454857846045	-0.035425369429038525	-0.06990017264924947	0.09971985133189529	0.1378443694992843
-0.04958729227772255	0.093828339269149	0.09162310243292021	0.07527167264142848	0.11568696142651803	0.03446648352801664	0.03892737247747186	-0.10045975909245988	-0.05122638864495293	-0.01611113285379955	0.09992516232581033	-0.1422206995564653	-0.03469955874050968	-0.03591099239329516	0.029211015776532987	-0.09948059746262441	-0.12029977994326371	-0.04432214742320109	0.0964064770852514	0.07518321293107572	0.014012345359616074	0.0753490452251546	-0.04333332754539028	0.011242237689207894	-0.022594337198861406	-0.014302064413089607	0.09199763953197418	0.1733201021429676
-0.05477162286143538	0.1006569447862019	0.043756303996043217	-0.00818057158411156	0.08122176655853502	0.017900172242296383	-0.007410154652027796	0.0906084769099083	0.00926550902475822	0.03754673919166979	0.058914726757081995	-0.06953162587688813	0.020157045822149593	-0.047117289744570905	0.12350276250810695	-0.08719124345317379	-0.09195633046162656	-0.0261051618306384	0.05944641820134239	0.026237623089525992	0.09527361983087884	0.11255953038126265	-0.05756683749016542	0.00815104387833867	-0.02852842013169133	-0.005775162976764767	0.10429504585026461	0.12759453081587888
-0.05467250494264652	0.12293901176927963	0.012314246663676842	-0.04351203887917332	0.037267234926708304	0.04509399815569937	0.0035677488030145805	-0.04374055604748783	-0.11997701724728217	-0.0001983868684790919	0.008783351197353208	0.02496570227087591	0.04089052314490939	-0.04320325461132219	0.1047532739235777	-0.04760915280151353	-0.033916162511467875	0.003705485579171791	0.07101825432289725	-0.033862991007757214	0.0767313731456143	0.03187252262198964	-0.03058101314168822	0.02683732619945564	-0.058604163350975846	0.0896568254920427	0.0943544585777626	0.04018471199933133
-0.06630898483878031	0.06256286573413658	-0.002793293220818007	-0.022271697441756277	-0.016687092499024305	-0.0005021211981266679	0.09160553678907962	0.11926593880210745	0.003989884024320933	-0.14407053010962506	0.08912163469963565	0.12854981902352997	0.2438191550208322	-0.13958146094751195	-0.005698176762256481	0.01693130551662806	-0.026314001218808412	0.11959925939349472	0.010403041115898903	0.24650391612188155	-0.16273377179726078	-0.12844265602276345	0.07383050598698022	0.37050088626594235	0.1208252673120756	0.057156669436134885	0.08469683771342225	0.04621472240767606
-0.06336458108640618	-0.03531920647818505	0.08725364512089037	0.009274697572746666	-0.07018339047682973	0.00335951119742167	-0.08024861903222055	0.09378998952692069	-0.05402422885171063	-0.23783793036382583	0.08262303857591974	0.07441471241560504	-0.03558348395310964	0.11702094110934765	0.022683380883296914	0.16552154248506745	-0.028111060819136786	0.27303559430419944	-0.07836836969887986	0.031399891822813636	-0.13209391744046003	-0.005031177502978101	0.1694596106686977	0.24357335726983279	0.13417963114566456	0.021498771452589993	-0.010457878264971947	-0.03009801362799645
-0.03921752001296087	-0.0862943215154223	0.06304181377445127	0.014051613341614139	-0.09193097035697244	0.10373411632065364	-0.011944985041835016	-0.018785240964062457	-0.016249713050774692	-0.26270312915565863	0.047267545254342326	0.028845033210269554	-0.2736208276764463	0.2879570992224182	0.053981223202570414	0.16940873692603414	-0.0353988502301171	0.13154422048403844	-0.12798011685482805	-0.1647938516480721	-0.011469943836371135	0.28401395067580415	0.18436507466232804	0.03869768724141089	0.10416392936219315	0.06911051903458336	-0.1163688538723966	0.08884354536758764
-0.0257603806809652	-0.044990335834342476	-0.05368012561217646	0.000631660584920722	-0.03416686094774993	0.024824348565538383	0.032945121670447226	-0.010428645081085335	0.03632592978171315	-0.1727349117305103	0.12993656465087672	0.04437602740103212	-0.09036012819985195	0.04398095054577273	-0.05726425560836929	0.007811529657105412	-0.09618506633867031	0.13111936750864914	-0.018712701675335203	-0.1308741872170544	0.0909167416390962	-0.08049253831994153	-0.13410691621454168	-0.06967966348309004	0.18447695594378563	-0.03339206961045284	-0.0071596512123369566	-0.09668798231334146
-0.03285949491093484	-0.07010098281974636	-0.027590734687856413	-0.013327460577372802	-0.049014441288116765	0.05284554050049723	-0.004375634720655194	0.0054854788260900135	0.15071595509896654	-0.1139769316562081	0.09809149190600558	0.05209905113766749	-0.021252901141452632	0.0595823041742322	-0.07404751028359091	-0.0360307131163205	-0.1971108110745933	0.12918540194163614	-0.04798613965022103	-0.014252349612880588	0.013307344765863958	-0.12291025380571992	-0.12193748082622896	-0.058553781626797294	0.08722158643655824	0.04541140901429777	-0.07292959386746782	-0.0729603400742984
-0.0326153610538936	-0.10029270418014048	0.0037319685744265393	-0.012464862722255013	-0.027225784739638745	0.0378234152510517	-0.1291070400312658	-0.010897382940923298	0.12998980868920051	-0.06244215538410953	0.06529275024304097	0.11885052384883993	0.08407999682365787	0.02547429802399736	0.00559921273861277	-0.07884031339685417	-0.14177595770647966	0.06055024699630801	-0.06863458926570135	0.08714014276494586	-0.007915605529662122	-0.022131812070228837	-0.09994125829188778	-0.15873826845986605	0.01717391952780947	-0.013137446065201664	-0.05033707805714028	0.04353721933977738
-0.031428921858829534	-0.12721978921517332	0.020958564452218283	0.029662582334452733	-0.018134705543050186	0.06703345225649904	-0.08198761741035225	-0.15194365911744845	0.02767791126395798	-0.04111099913766403	0.026780605119767768	0.14015592178469297	0.06657765721854289	-0.025419787578951525	0.13801023999981513	-0.1058747285544041	-0.10502648738027458	0.0023357081387490215	-0.04886340540368425	0.02832921463997501	-0.030905977896478927	-0.02878266515040454	-0.02990336030185088	-0.12322677420799517	0.008067552224510915	0.019445401118419615	-0.04025096439536558	0.013756001161163448
-0.048676267838899716	-0.1250714034010129	0.019448181904497354	0.09211809294498784	0.01521620040414561	0.06540935215843745	0.05544102415605473	0.06786114785101519	0.0631226906573246	0.0023126925718094183	0.06765314737497265	0.134898132988486	0.0687598768600357	-0.08951035518669906	0.16786414232776908	-0.04418252912606481	-0.007789243822827438	0.07361225489120174	-0.0535786635716169	-0.05950733771311918	-0.12825314997867565	0.041576800034370524	0.003666261847101988	-0.05867916237605342	-0.03980406938931304	-0.026801493395735575	0.03892464714979077	-0.10377681354957316
-0.030835565933813522	-0.1651869203212847	0.026788839418882802	-0.0016107287505320999	0.0400899288934487	0.03798974423694572	-0.10244864006065772	0.019608661771764922	-0.053166255401262644	0.026449034555049517	0.06522367932001015	0.12437096063345691	0.025876435738912674	-0.034432158366836725	0.12405586161851521	-0.023169226074695307	0.013732250615945928	-0.08679490110752275	0.023595743340404308	-0.09450452404871484	-0.12717033582629986	-0.04774163055251441	-0.08987096716194266	-0.023542380360804884	-0.0579904380557934	-0.06350847151211489	0.08250024770935088	-0.003594164423344877
-0.0399191870743294	-0.1574121791224411	0.011852471402679081	0.048905948621949864	0.027234232425459113	0.07075146344400934	0.08706663834288222	-0.03204665549648291	0.007489328847444417	0.022677796705394014	0.014965823355897374	0.13774648176342305	-0.026579070782361318	0.0031693061787958724	0.0990094460460282	0.012888246382425311	0.009611086324010244	-0.05916060628759684	0.046122541569567535	-0.10588454803403537	-0.10654147858498761	-0.015588265019971343	-0.11767027182142085	-0.03631338179212554	-0.05726466892657514	-0.13327146195291295	0.03969767383142766	-0.0028476123148116414
-0.033595134200282824	-0.16579209747335313	0.038295249125206425	0.015086229477137952	0.03858835394803693	0.018935785348502786	-0.08654081280620242	0.047237235026447486	-0.0025458744539860315	0.03366643893923192	0.001827672743175307	0.13770342981174086	-0.01165682490789912	0.000505102114681053	0.07261560098860834	0.022600584352664883	0.003881523250705109	-0.0752375542601341	0.04880646450954607	-0.04210810493344774	-0.09395169215590518	0.031591612025261825	-0.12806118285562768	-0.009352916418536077	-0.05405890785034717	-0.08913452604508675	0.011868522868401996	-0.004419933689034055
-0.027560790526986737	-0.1685514511614915	0.004122835555267538	0.05406184702266579	0.006610812467493837	0.06364065549658378	0.03677232271393762	-0.10611550694378917	0.03037106977166659	-0.019761006327556337	-0.0012808588863657156	0.10156903000757261	-0.010652747857965337	0.030998374288952003	0.014711944001008002	0.001459905043579291	0.03517505402329093	-0.08546832998082896	0.09672812347839631	0.008349958979759601	-0.05593859096181271	0.029692333495874627	-0.04990379658646004	0.04655640073214099	-0.11264450206476707	-0.01116881270110641	0.02926492065581432	0.05255889583289849
-0.027853647330961406	-0.16603411626572875	0.03882219556811037	0.01551747055243868	0.013230619823035174	0.003142924966394189	-0.0906058366359911	0.04646236149747666	0.049825151253068085	-0.01948082324229841	0.030894403419834914	0.11181246316812152	0.05033312424512827	0.07514194247230954	0.02028714487367535	-0.032269337393413505	0.029106373909505757	-0.14867161943382293	0.0963024407360312	0.060077976578938264	-0.04709778208141878	0.007939236020977826	0.03282112141278464	0.05233410459312526	-0.0723421149057464	0.0333968990942502	0.03079602402598862	0.09718541109180018
-0.031822151322644494	-0.1584578244125722	0.011436554713123378	0.050973894744679074	0.001204274033373601	0.057500737417586385	0.040513214923087376	-0.06793998162763416	0.012511992352847905	-0.046205783449823026	0.08282739581625305	0.10547822583640173	0.03977025890622676	0.06596280936458086	-0.03694011494419759	-0.004576705517452489	0.014381306806672167	-0.12071632086674594	0.10568565038012068	0.010394956988569423	-0.005226742314048472	-0.011739297216503628	0.07881161299914047	0.05049373369508107	-0.07544099392796028	0.07021051417561863	0.0412388302675592	0.08778155918614856
-0.03803530468352075	-0.16208542425188768	0.041087292810940285	0.022011964861923545	0.030391535069052827	-0.003640115262222317	-0.09632399740787309	0.02912094151280287	-0.013136172735917138	0.026223282612732646	0.08807283867140764	0.09619811683656852	-0.002810006434923958	0.037599611406603645	-0.02830534433340059	0.029535809725293547	-0.04638467359770723	-0.06527958026880021	0.05763396600780222	-0.0407218324981306	0.0165297095384273	-0.0441919949774176	0.018930966069042092	-0.03328728421603111	-0.01966557790405009	0.05254314203093537	0.01585898366016123	0.012757375057023193
-0.03911807535733557	-0.15592265383408402	0.026005912915372523	0.06811714599662093	0.021245604514772795	0.03377731965738022	0.06656160339726401	-0.024312338455117363	0.05454282528757592	0.03205508668846384	0.05113887517571146	0.07131218442711242	-0.07255423602081928	0.02923465987384297	-0.0567661366577103	0.0529325194980552	-0.02969382872232777	-0.031105187515996002	0.04988575426565816	-0.08646542400228065	0.04262489650442145	-0.07596567898110707	-0.01748338204913695	-0.05700440648937383	-0.0344424896399797	0.07900257444660033	0.03760047308632115	0.05068418590331995
-0.04175291731264824	-0.15761187617246805	0.04475713254036779	0.03606190029016715	0.022962476183862903	0.0012114971961019968	-0.08773503410208303	-0.052229823494555315	-0.02887120299893339	0.05275730296167201	0.033430015634871024	0.05422417454094921	-0.06897063856726075	0.026574252246663918	-0.03126090269985843	0.033598326462116065	-0.08897267449410645	-0.04097438471592992	0.015157723391113022	-0.016586746442142107	0.02820799294285207	-0.09396311942519084	-0.028278669044897262	-0.02375692768432479	0.027499356717809134	0.14483256375029532	0.020680525949500914	0.0462575452275414
-0.043888469967239614	-0.1574103598843482	0.03289220636907803	0.045876267796047934	0.030652418738461598	0.04173276593790102	0.031194446311130303	0.06564329383211506	0.05616909293492296	0.07262635084977596	0.03719646028008784	0.050947574779058674	-0.05230252629616831	0.009016505748112634	0.01802113468480059	0.020338397304514814	-0.0914919707306832	-0.06400383592978846	0.0030684652998351795	0.028859265934259658	0.01390286901384842	-0.01157072597494059	0.02318545529879845	0.019605217080808632	-0.040848484996905264	0.2090234216070549	0.013861183047376116	0.06796506668610691
-0.04587335434614838	-0.1544018503815933	0.020540942194041515	0.032096597635157396	0.01653320353722911	0.06360373628963771	0.028521756305180508	-0.07014171438385705	-0.07137682742347921	0.049262216770108905	0.021120497041799354	0.07686410675734189	-0.023275981248577774	0.021783607140295827	0.002374466676753377	-0.007152283521682806	-0.11328528699406044	-0.031137281101571004	-0.0006938473471926917	0.1010898706252277	0.0001136964070632112	0.04902631378471249	-0.00047438198169523146	0.012824671139007031	-0.020827238519516525	0.1683787251935505	0.06386053571077276	-0.009672930297013937
-0.053790538976449406	-0.14520062879178927	0.0503274293936475	0.01247582399910815	0.03570063943208375	-0.003311347385205742	-0.046602537378276854	0.06157298759845135	-0.001518226316379276	0.08382201472901835	-0.002349173918716242	0.11054549346297281	-0.018158140041877584	0.03914723109297991	-0.01805944187146748	-0.04193279475093172	-0.08582810576441643	0.05925122204688957	-0.0024949497136490363	0.12825673483291494	0.015238045494041758	0.0470884489244881	-0.005618272054980257	-0.048993458388016504	-0.004837613198755315	0.06781846335216585	0.06538366819623294	-0.10358843233588771
-0.05776294791598666	-0.12353508268406597	0.0579347489627232	0.0845951386335188	0.049305749636297136	0.02202945588077165	0.09357142092996962	-0.06103034204424864	-0.03718499144158762	0.07397028382056964	0.015021035600537736	0.10414201843259116	-0.00048187720549651154	0.021913371144814793	-0.023597539338942198	-0.032833199492028	-0.02179421826720511	0.12005090061369766	0.03469667762118417	0.10033237834383968	0.019058383274634376	-0.008190972111844781	0.04039897633595406	-0.017390866642390937	-0.0022549466359950733	-0.00832431174549725	-0.013964348985711295	-0.07865200323744682
-0.06521569683561945	-0.11700774660893445	0.0893471873430973	0.04814212848687862	0.06635094434600432	-0.039116688697290784	-0.06832119109583534	0.03333634618993933	-0.05558972511339816	0.11757143095844291	0.02060043306846431	0.07728857189143754	-0.01491450318226258	0.007352557401569063	0.03590667039126185	-0.03874843628039115	0.06337546011216492	0.13736862955126353	0.0718386330273265	0.03549177248487062	0.021686509457507278	-0.016211982421698735	0.04348804564761417	0.013142064806162587	0.027614209477458934	-0.025913984516725316	-0.010008172089076603	-0.03724023921630028
-0.07080109839574202	-0.10123181533935993	0.05773080243118913	0.08836730202061278	0.04389174479754134	0.01977309904980278	0.09494300978623234	-0.053555936175349414	0.0013740909174656181	0.09786824843964627	-0.0005862917608845718	0.05928874831865088	-0.029603331005953328	-0.017061891814032722	-0.004551236147665784	-0.004520385495303507	0.12009334297727674	0.1920413058039538	0.10445785596453849	0.03666574378335124	0.0020439355127541206	-0.008816259103004707	0.025180743485772438	0.05786209746586106	-0.01703582624830993	-0.034198637183160824	0.010646271875410118	-0.02095853407487085
-0.07693675044259775	-0.07732896799056421	0.07250012184177118	0.05145030091197629	0.01763398789360866	-0.05860465574437125	-0.10217303664239648	0.006683610713613909	-0.004653236205096264	0.0939819290945795	-0.010006675218285396	0.0008099247910458183	-0.030887001776762953	-0.012676724562031115	0.006999316690282299	-0.004963082776717537	0.13262167940934894	0.19288499189524186	0.10930272308261924	0.02194020376369102	0.05220793580284008	0.03481360778923987	0.07604474655261599	0.04543026257761876	0.04404245526498411	-0.04796342014348097	0.04785675659272953	-0.008037595502396477
-0.08158092444268863	-0.043777395317833714	0.035920364141456766	0.07876239613155193	-0.010068618410547608	-0.03162785293434836	0.07969438661985731	-0.09291609697704845	-0.010436964546852287	0.05921916937180202	0.012736199500287409	-0.030002291397861553	-0.03519590931788346	-0.02027998303676016	-0.021877527412068776	-0.01283065671592773	0.15134534224287205	0.1382219093709001	0.12798216709564894	-0.021664425413271994	0.04989016731639556	0.05593348441566058	0.06853607504821331	0.031136886502437677	0.0167602869156723	-0.07464194543396854	0.03674816075757038	-0.05951180872322852
-0.08417627413012051	-0.03851050834977601	0.05979784167862507	0.0309006965446278	-0.022988154716023685	-0.08118195812911298	-0.0798355843409125	0.018596587833027308	0.02439383500593237	0.07423287305749247	0.01755210624312672	-0.04856223530918049	-0.0132717116618653	0.010707464487752666	-0.03940078723008081	-0.027814002712477744	0.10149882740426738	0.10231175913784483	0.0986297231471836	0.00345822491408532	0.06856737149276683	0.04320884084733346	0.03984986485667488	0.01938443460130467	0.0461589178707285	-0.07115260099291372	0.026577037993080498	-0.060244224919673336
-0.08870438586842641	-0.0313317911016997	0.032124115812454855	0.06535888118087452	-0.06279713915648011	-0.03774896193691064	0.07348474530974672	-0.0990793417975062	0.008176015475939744	0.01821915590242374	0.010323699893411635	-0.03892993722528784	-0.013405433358729783	-0.0030102496291102582	-0.08542547251299452	0.020969931370557575	0.10332234103610588	0.11860953450038605	0.06266500714414829	0.018530419949795228	0.06156542490858142	0.09498254695173647	0.03642314884047213	0.041223354011621256	0.03060276357513154	-0.041804350076525755	0.02364847957209818	-0.06288250232131311
-0.0873150172786074	-0.02574268575492214	0.06362230978146564	0.03924191666481646	-0.05216705457413006	-0.10645548630657535	-0.07125773313021821	0.01775852946323573	0.06726327800173344	0.05273349215618511	-0.010399540785828994	-0.08598783122466518	-0.04230343112120188	0.0010881913330749561	-0.12257379951016212	0.01332109680728519	0.042395306576684215	0.10765864119331754	0.06794386100399766	-0.024890827742008837	0.08125931926643744	0.09412803425057514	0.03693314909299194	-0.02429330012493368	-0.00696922778960927	-0.05769506981416324	-0.024742538768306368	-0.06118858373265837
-0.08505386621399325	-0.011885341799996816	0.04080064998020135	0.06635130931698112	-0.03975949998866147	-0.05501432164138203	0.056326916499105234	-0.10862558625047633	-0.049584332509070135	0.020698131619381697	0.02066204323724559	-0.0910511549454636	-0.03429902460225978	-0.019343030760752455	-0.008260247877090026	-0.04523291743096554	0.04601953227653645	-0.01776018911756576	0.07185487619038561	-0.031272433250769144	0.05687490670764854	0.07458621493058182	0.06804282641091819	-0.021668313038717347	0.06378891578928195	-0.041200481412791076	-0.08604965623184908	0.029174438912295046
-0.08642879485304154	-0.01280603499433419	0.024122005049277202	0.006361100922275482	-0.056617449095984984	-0.06116337048990686	0.000823189444963412	0.07133759664362277	0.06161642379966484	0.01341679743154125	0.05362105635628923	-0.07429978854431848	0.009958197787057588	-0.008682104662518678	0.057852304762369376	-0.06961558595008274	0.09497275478115448	-0.044013007298737875	0.05514144292009331	-0.030482520361979175	0.012671172651282933	0.05058859089431496	-0.016197209115043264	0.010939477338822695	0.06654790130473767	0.016343144439911972	-0.12434857812221187	0.017032743907168895
-0.0836453676213425	-0.015762307331124815	0.006685632865802854	-0.002855048880370755	-0.0974954353871346	-0.04398733909218081	-0.037472554656090805	-0.11861465721575923	-0.0072799726341154555	-0.025399208404837777	-0.03813073996448455	-0.0787354667591123	-0.02747869533181853	0.009215979159373142	0.03007128685306401	-0.06293598793234645	0.06053819009695956	-0.029603538169122708	0.009432820035955532	0.03090028603102831	-0.05243067811432246	-0.018511818805732584	-0.015887634866006636	-0.031081754166314077	0.09718966379682353	0.05799176959496585	-0.12419195149523855	0.04352385037879282
-0.08507504557165788	-0.005933384418205254	-0.005085082609999156	0.02269601395618942	-0.08981822570649624	-0.022144511400044187	0.054539925656563785	-0.030663471923567834	0.13930704347086306	-0.006075068023774726	-0.009095696918891536	-0.08381319292903917	0.007521705690660971	-0.003130329503376352	-0.018463846030773376	-0.03147666907746725	0.04417140479827973	-0.016808856528575597	-0.04126480296006165	0.016315811338304793	-0.036012282410789694	-0.08006567525427821	-0.04079803963452903	-0.0398652868483552	0.07112952973812682	0.10299520188354154	-0.05150868428948639	0.10152479538273079
-0.08516594293538327	-0.013391577645501543	-0.008505905684169254	-0.020390355243171603	-0.10514571175499034	-0.06385996030667902	-0.1103560307859367	-0.027891253286599065	0.03728906757132903	0.0013126196795544276	0.07017972920695381	-0.07912651088251177	0.052477423590342735	-0.0001865965859981246	-0.0732595945319304	-0.03556207485390869	0.05334908204606521	0.007466112864581606	-0.02703662911915862	0.03235536247106337	0.030969126191330965	0.014132426575516471	-0.009078217316688248	-0.011568316455131044	0.06528840691901745	0.10118293480321568	0.05947014557724957	0.008646024116247965
-0.08503366550115193	-0.01797341367941629	-0.028481691335246404	-0.007776494821823838	-0.08272691080768386	0.010687915773783896	0.09781299480117506	0.0026916078510759154	0.03634807880540049	0.042761485882674796	0.05991959938675425	-0.043836677857718546	0.04704320312739967	-0.01946351226813062	-0.08973151596603507	0.03617668043899905	-0.021639942003675593	-0.009590156935983602	-0.056305984599951696	-0.0069569614231842405	0.014569204221691055	-0.004365099204728742	0.036494794593130125	-0.036382941894379135	0.03997020533454383	0.022813336079452906	0.06725435497999184	-0.04211046854502387
-0.08667148256748958	-0.021320174734870044	-0.005639645474676467	-0.042684365052749564	-0.06753222208417994	-0.05120066807289991	-0.06592433466083315	0.0010722095474976982	-0.07714591882670527	0.0921748657782426	-0.002039428806176217	-0.05666341685376545	-0.025957330840936394	-0.014851455889586543	-0.08816759659388182	0.06109300612080059	-0.010005440411015702	0.017009731859305675	-0.02339964642207526	-0.07219631173186007	0.049451969637791776	-0.04262231687768432	-0.01302331495834311	-0.0071796495475204315	0.021198189476779147	0.03334719109774702	0.05262561125143908	-0.04855906490178035
-0.08802882587341439	-0.01694533712093136	-0.015883941978753886	0.0039925733418014284	-0.0808131905343657	-0.024586370104419535	0.08011248083151844	-0.011508897751118222	0.07401849669462833	0.08045480228646551	-0.06327212506327629	-0.05479674119814409	-0.03617014260071902	-0.03780318824468983	-0.1430436140595583	0.07504624588355098	0.010674375592504639	0.06609342281059302	-0.021650279852130767	-0.07672941120791248	0.02571251261930713	-0.04613866140672732	-0.045745787205645524	-0.02747707433597561	-0.028043420867288747	0.018339226283006396	-0.0051230498929422386	0.014465488179404594
-0.08858716088585382	0.004043117319429385	0.005414457851565325	-0.017485274964748186	-0.07724371224196466	-0.08968511795264268	-0.08005900997565477	-0.022951969392768768	-0.015052369511521457	0.056663416321180285	-0.0623667820615963	-0.045727075983303625	-0.07058239351345859	-0.021414767580107207	-0.03688233953978075	0.04241263987115932	0.029433685324979867	-0.09526367973006405	-0.015112760881770403	-0.0543642047991918	-0.031136850600143158	0.012239571381241255	-0.061012880831431665	-0.016510155633090738	0.028370918727063314	-0.013404304084765022	0.013154450115149666	0.05860754471998657
-0.09373549662885565	0.015995756191692787	-0.008490243100794041	0.011866980096226708	-0.09862104389112028	-0.027018076671581057	0.09874277139889803	-0.04365339279702373	0.045578122044438674	0.02077159752303615	0.008632260367301784	-0.04755735573900621	0.03426402037909588	0.00020409839376187719	-0.09064442686063051	0.036115772358347606	0.028445541010391307	-0.07223381910363527	-0.03385207441511293	0.02733485040022355	-0.06150764408078605	0.015021271179890695	-0.007024136483385493	-0.02990384296871949	-0.005096430337067874	-0.008126516143913465	0.11439041057239814	0.07734084249184763
-0.09464217020828694	-0.004541327164055952	0.0399991997608151	-0.011872530514248398	-0.07934814383746411	-0.06958967919966491	-0.08517233221148736	0.005408909040600622	0.01223013734485223	0.08153172422231857	-0.029002844621068287	-0.04189788628229733	0.0317148526161855	-0.011144417543953884	-0.08655328962704906	0.002851268602384197	-0.021003209503752177	-0.04890076651865312	-0.07222324054442274	0.053715474462477715	-0.027520858065710717	0.04447089475591509	-0.02756252013282684	-0.08264146491737473	-0.0030085011340539886	-0.021996118910149944	0.029870687996410315	-0.007991534097832565
-0.09396286310387328	-0.002085347479793476	0.033931912971158	0.044078508641477325	-0.060512078860081524	-0.01514248789604946	0.09033802454381558	-0.004562523422438084	0.04010414979946359	0.1038827001452773	-0.004487002197038888	-0.06754016438208192	0.02201367345678748	-0.07070798398353183	-0.017641018152778788	0.0005133679651095041	-0.011912943575024211	-0.06747424696897447	-0.09220029122561327	0.014895945882221283	-0.01370099239934492	0.09773057943579631	-0.011738601526377037	-0.06895382030165483	-0.02221341406814894	-0.008479163375067456	0.06722375173239524	-0.015273289413537665
-0.09431341507011005	0.00012419590651753236	0.02733398458862293	-0.011074471764687933	-0.06938103094520524	-0.007384896100623003	-0.02721455145445938	-0.026846171577489093	-0.10588962371237391	0.08459672576712758	0.028490318384002507	-0.08774880581397562	0.02180820478471809	-0.13209506312498623	0.019947485835789168	0.027104514785306837	0.0007342983037814024	0.0021827601920117456	-0.07717923674163744	-0.07291297103439083	-0.00445332790228415	0.07522343099610043	-0.001477093881979002	0.001985714894102677	-0.0012832781096764612	0.05932934898940084	0.1090536799587643	-0.05302890389966877
-0.09201377690018726	-0.004444719628263952	-0.00444069899655487	-0.027794727432155875	-0.11725877387487796	-0.00031016563471037545	0.04531423011829091	0.06496951453772364	0.06410096482701493	0.055356954989794	-0.009799705064424128	-0.0908185276719279	-0.014190006469987627	-0.059539833887221505	-0.04298940874753876	0.060777411741944724	-0.02117249288180503	0.06385588495481552	-0.050597243932137125	-0.07247842020264375	0.021101395588121876	0.03740656925840892	0.026546789568210254	0.01761138045486763	-0.013039575595758253	0.05995398533423546	0.008082818111614406	-0.11763082972998563
-0.09160355073629851	-0.01047237797617782	0.01427256212684322	-0.02465278822047746	-0.12556020423550096	-0.034720684254992216	-0.05173223408016812	-0.060319391193602474	-0.051504537485906624	0.023345159109811404	-0.04323727345191771	-0.04728209283575345	0.014577978550746789	0.0002864362242557693	-0.02412978129533017	0.005030634936822281	-0.058555041654604595	-0.04869820426525455	-0.11803433405985389	0.020069727483404222	-0.009800244059820388	-0.0033138112480515652	-0.014157517750542439	-0.009443414918582874	-0.0006390457416119814	0.031877870568775606	-0.07245563747566	-0.08160415070598859
-0.09046564349391967	-0.009399223424535258	0.014105868744677922	-0.006464949046569102	-0.09008715901789786	-0.010393199187246835	0.06764937132944358	0.09658759539007154	0.03482836782284074	0.054115403347713774	-0.012796038844694919	-0.031125498636828477	0.0247012280138033	0.020601649945791833	0.04026844370698433	-0.023306577535273806	-0.03820774767605403	-0.1401949906238046	-0.10114272857321274	0.02726067824903405	0.04491005894480633	0.050028630844641965	0.07998951093028939	0.014383805671998512	0.024689454613753724	0.09057496562009938	-0.06953875507785696	-0.02668350992153834
-0.08844161451630371	-0.009542940558730685	0.0030141542228836566	-0.037653467911142165	-0.07895689784879191	0.022451496504136702	0.02671618617965274	-0.009694845420628723	-0.15452263717222245	0.029859891776316035	-0.003154729213327559	-0.013044110060022448	0.04409207977932875	0.014924869763729707	0.029503263810905997	-0.010120404912608965	-0.0005634923231786908	-0.10333726698300723	-0.09759914668436738	0.03843009748072627	0.0402199907449608	0.01613202468141861	0.057136534483059595	0.036853055148816344	0.011885601686475341	0.0625028520836151	-0.00035294292715910315	-0.03996637740552443
-0.08984691686484587	-0.00417153931162169	0.0011747351694928862	-0.0440406136500884	-0.08030347907877174	0.028431215188698598	0.07059852830528049	0.11141542384212594	0.014683261023613059	0.025427482931468265	-0.029710789420263166	-0.029424448506765413	0.06439769542709013	0.034369467448466855	-0.021296487657436313	0.011132775245297256	0.01571714283047166	-0.03582660345891965	-0.0591633189801444	0.05029613118776888	-0.01891608134383507	-0.031951181186414164	0.06948872611126057	0.0659948989742613	-0.019220746453800765	0.06586004926186033	-0.09965028154593614	-0.07596753809116373
-0.08874581364238425	-0.003962402853362264	0.043013572341488136	-0.037770133020327855	-0.06293329733711368	-0.018932301569591428	-0.06691364047068675	0.010475356447557099	-0.08504188423877182	0.021374919794755847	-0.015207359554149093	-0.030834281789622983	0.05672550100519269	0.031028623719508427	-0.03674836859913751	0.029057610668615893	0.05573781444195104	-0.019948846036877126	-0.023450357726209327	0.0007268270145998554	-0.07198348405188554	-0.1112279304346624	0.0487004028995562	0.012871515133328754	-0.0285564350256398	-0.0686052087658417	-0.10276327205877028	-0.024293945166117124
-0.08567372600859133	-0.008588192982014003	0.027177865265925395	0.029879083138244143	-0.051639238517503246	0.012414469580957866	0.12007593334199844	0.00546966727249942	0.0019796210193556893	0.031039347020484137	0.03282174674680404	-0.06542130153176538	0.029780896027955056	-0.01218892843349886	-0.014619102508970765	0.034339742689957535	0.04516978591396488	-0.0199646834320285	0.0025945235960785256	-0.08448360642978794	-0.06290431938116264	-0.06339758100403768	0.017921897106400134	-0.03204114923886616	0.021062239020590456	-0.10652975360716416	-0.0740186626287414	0.04940361103659755
-0.08429985323819163	-0.021536590707553392	0.03576847187648725	-0.02046687749759281	-0.04866762625993309	-0.04234017150317494	-0.05162863459637613	0.04274628711461645	-0.09806762819513921	0.06254002929770087	0.033002788167353914	-0.083153125575296	-0.028932360118441438	-0.0023741160263583594	0.005638675931253275	0.034314378619510116	0.010886068099174345	-0.03574961486587504	0.0017741102975488766	-0.06883822121962314	-0.03989129494968067	-0.047808535773780206	-0.01556278963289203	0.03930168895406204	0.060117807870141926	-0.01216182894978629	-0.03135678318432373	0.016595758522894504
-0.0872242031448152	-0.008416867269841562	0.002699010181324072	-0.006979776626756592	-0.09118655936352389	-0.006343615360328126	0.11059788877488906	0.024410895631941286	0.03710234999769198	0.0202352869841031	-0.013317077473091863	-0.076668329961579	-0.01606854572253408	0.03944370543520073	-0.04526525617576453	0.0401880730889508	0.006602723561251495	-0.06263273597391626	-0.03200234719462322	-0.0116603331777097	-0.06289278787731703	-0.03492695009962744	-0.018276563002810838	-0.023091163335805773	0.05901071171003572	0.0032128717002189843	-0.019682176597488995	0.05189674870692053
-0.08389158941040432	-0.00614587634215143	0.02704735400326779	-0.02002073438523721	-0.06677225316921791	-0.033822085016947674	-0.013749945756605039	-0.03114945405503174	-0.11018324625708772	0.0316228292647465	-0.05657303593067561	-0.054199109891276714	-0.013680516949522601	-0.005385018738476881	-0.01130883334651403	0.02775203034554389	-0.058899762671672885	-0.05958194753550447	-0.08983329784092871	-0.031391654692769264	-0.0035088129143844658	-0.0140888782382776	-0.04412038343556589	-0.03773276288762624	0.044148195104141426	-0.014134230083716368	-0.04754439944791203	-0.05651176518555839
-0.08035106765646347	-0.01036390459951465	0.031549143671564334	0.013841062230859512	-0.0234631203402258	-0.03458706516531226	0.07346339031440548	0.08967039521942083	0.034430936654013505	0.0725020080198652	-0.10188508652034406	-0.05780368800798961	-0.03977768463898162	0.003908914458777805	-0.016528857596617565	0.02533427991275312	-0.0745612163376089	-0.06449512297185137	-0.04510814401681493	0.032940861860827376	0.012009413184024209	-0.020366440660514806	-0.04262293381009892	-0.0030308465249049444	-0.000561953350939351	0.03574152539673035	-0.11989635160140158	-0.015192369850135959
-0.0819138661738773	-0.01611347236233781	0.04732357228477821	0.01061379948948439	-0.022487533600916664	-0.022324175388408297	-0.015594296793744156	-0.060376547196174024	-0.10452880586028684	0.0496047605693633	-0.05141002826139892	-0.08675619980237961	0.01502209197871761	-0.015513828814170827	-0.027390023499793116	-0.0014959374931098155	-0.016475985155092417	-0.06779843067836609	-0.0514244548784833	0.08982887487823929	0.000901428214703931	-0.06962591262942486	0.04099636827136432	0.04667596452408387	-0.045157721668776775	0.04629388420335772	-0.08397515107951638	-0.003869295221223472
-0.0834810146821699	-0.014334919647093582	0.04380489048921242	0.00623098994205728	-0.009898021728757388	-0.022829189364643357	0.04936154211572468	0.10943183181763276	-0.011714442100735677	0.08752146504103096	0.02337671867218431	-0.07441392275611004	0.05338064451467274	-0.03208580228750071	0.020809854740197028	-0.021088324374817887	-0.004030130683433118	-0.041439006632828304	0.005267419561159681	0.050118891353171005	0.043190288248013624	-0.009421050856436086	0.09131477645789943	0.04126256642370715	-0.057304703703073064	0.04019265807414558	-0.10999042211275188	-0.019978518006630724
-0.08316480124326928	-0.007470799348319887	0.02679313235168995	0.008117175021421926	-0.02689200479304267	-0.02582035110003626	0.09361887134757917	-0.027734581887743776	-0.13683508903283864	0.05450974321933104	-0.010306015949546901	-0.026666178289155903	0.011685548628517665	-0.009903383716915827	0.06424544666760917	-0.014979033387591061	0.009659789492211546	-0.05474918542118815	0.04153194820800294	-0.026593018625003188	0.09296693433990594	-0.03322085179242797	0.054237116164590225	0.01676513434757194	0.0237524345442088	-0.02433074099434635	-0.041070719492487424	-0.0347976993091129
-0.08537040100226599	-0.0060294910958366	0.051543052366280886	-0.01915273584527306	-0.014539938584109116	-0.06172763557021506	-0.00828129167653049	0.10437587148650339	-0.09155793500658009	0.07911359579100834	-0.03183532036754726	-0.004778840416710826	0.021781914466213102	0.029795677646931366	0.019821076132972255	0.018711115239565947	0.010530333585195856	-0.07230489804693385	0.007033228115943525	0.041603694692936746	0.07032241299164801	-0.02180396931626271	-0.028241168706306587	-0.025879140528964308	-0.010759394646780652	-0.07351191329793422	-0.06468934460253507	-0.032411863710937266
-0.07750936195831591	0.007610647747808984	0.03119890419027942	0.02731290050331999	0.0004691265042262111	-0.006251623873342284	0.14725622857429876	0.018053114167699332	-0.05170779483482704	0.03319969537653185	-0.09681426685187637	0.03453767822426003	-0.02097914605522383	0.09854599188065667	0.04400321415829916	0.04868131295503361	0.04892226370635541	-0.1468408058851223	-0.018278010460357846	0.13183336816138624	0.040880186673492296	0.043677650408616445	-0.013217583970195745	-0.023017144541037565	0.011401351128523116	-0.08042822245639233	-0.041250182314025705	0.011124907010726973
-0.06495066836314586	-0.009194489444540906	0.025759645330234265	0.037970846012954855	0.0046675990698446706	-0.2449332397944898	0.018994444715977846	0.13294093783852257	-0.07282600285176914	-0.21807979942175937	-0.1425456478419007	0.12188547084342509	-0.09382382786777133	-0.07679118709022446	0.08974366238017777	0.13881695534218166	0.23026515520482962	-0.04432022334224305	0.028913684461929833	0.18728095190474248	0.16516232069625592	-0.02073384402097938	-0.17765104612562377	-0.05210793166338626	-0.073620676090135	-0.06269157382640912	0.044069582747934655	0.006358431580916826
-0.059806044738088274	-0.015229843084407418	0.03019275774960026	0.05730676509203407	-0.00949288279344855	-0.07052487092526297	0.07651239415545383	0.0782994151127776	-0.0015874575718118188	-0.19583569043932444	0.061086454558707336	-0.06894062898504599	-0.009724455808472062	0.03290368962870805	0.060489518116580425	-0.07671657006513959	0.1549734229485296	-0.010114784232295754	-0.08503770662750006	0.0019928652359378993	0.1916855393143856	-0.11913066609604452	-0.019223419462724906	-0.036520957819428025	-0.16618050785511435	-0.11508014155331878	-0.028772636742361316	0.003925179847367427
-0.06343955005669619	0.027986635925700797	0.0029806167637338207	0.0020970346606277233	-0.039367348667920445	-0.009492493944011311	0.09447864399445915	-0.008766741684746924	-0.07143751686776202	-0.11605171307375785	0.09139477954278885	-0.05711547353076617	0.06240931359614796	0.08506726459302155	0.06062234900443813	-0.13766386671310302	0.020504351116486432	-0.04289793406187731	-0.001507494022809574	0.05209301611090629	0.062334372281537084	-0.1346137016358927	-0.010555711653725803	0.06451883895522911	-0.014966018224728383	-0.11287846104075325	0.0860207128681659	-0.02680281385494073
-0.07684247251478456	0.0418481872647793	0.006407980004374302	-0.06264178579372778	-0.0713968692887847	-0.010617804204001532	-0.02943686491590062	0.06648243099561539	-0.12326490078033504	-0.05431421758961302	0.08559827233271522	-0.039880910788887794	0.057030992063330406	0.09697283655295935	0.09224972434131735	-0.12700419450042674	0.014016929370578133	0.023714338845123084	-0.029147481160223643	-0.020461760188937805	-0.0375090094261958	-0.07046618876629898	-0.00485570157204636	0.06822452245627056	-0.03720011407518033	-0.06707725860641309	0.08120625681698056	-0.04457742027755941
-0.08362260980751642	0.05999896024490735	-0.04599288592143942	-0.07459045560701345	-0.11353881800174234	0.03654720290256975	0.08869947641782674	0.1126153213332364	-0.009784671766028305	-0.017128849446737676	0.03253166738179481	-0.024127691533685252	0.046569309204450446	0.03248424213889404	0.16378109934831192	-0.11502396704946764	0.02030211808561705	0.08417856529205556	-0.0037496355287683705	-0.050123386721333374	-0.08308824958600873	0.010086407910902517	-0.0431176588747062	0.025234931419896613	-0.04580151990888123	-0.04684141102063693	0.07465409283487526	0.038753422837712805
-0.08429815629398302	0.07513907904285987	-0.08367194493588546	-0.12148298344023566	-0.17891940008208893	-0.013243345234760623	-0.021031050980098494	-0.030610360897961295	-0.08326712527134833	-0.06131531559373778	-0.027318077366521944	-0.006181026920598587	0.05482709218674243	-0.019441443299950917	0.10819400206429178	-0.08654292630545594	0.01935508567427743	0.1291575965413091	0.021221234320778798	-0.0725156972104058	-0.09841007969067969	0.041829789964664556	-0.06638573512288752	0.012301528997729187	-0.06033258843268593	0.03797457097128874	0.1434277841147902	0.05957837919462169
-0.085681522882147	0.0770115035412359	-0.09601502151141662	-0.10407585261066786	-0.17484367298202852	-0.029598698309638183	0.06005736861562667	0.07676055113442516	0.05993624095818558	-0.04732326102915455	-0.06867044322950228	0.0211004499800846	0.02026563959144701	-0.04198479955400599	0.04264114886726511	-0.0070708655064697055	-0.061959335716827275	0.042496684929258524	0.035977815943213996	-0.057391293700074224	-0.10575134065257573	0.04195317782156073	-0.03741315125742283	-0.07233747843611843	-0.058943423055476174	0.04165118806742743	0.038525969907244294	0.08407564961663425
-0.08468552933609208	0.06184716335829112	-0.06934076227460187	-0.10427410632157728	-0.167386647141912	-0.050380186675487	-0.06909821222342176	-0.03191117105227039	-0.030504766811126436	-0.06197823773052629	-0.09768512008091801	0.03539823046614774	0.03848915403624316	-0.007667690880256148	-0.04362563299369059	-0.00823400028924819	-0.03741210910503788	0.011879778284030081	0.008384421685096134	0.01384827789203133	-0.13123704155675586	-0.014328702756939912	-0.05502142110543748	-0.05949515560585892	-0.131202692382775	0.07621922067919178	0.07391095928427523	0.09300802867788996
-0.08341817655696543	0.0603755046508117	-0.055621950693098436	-0.0350492350440211	-0.13486587346401877	-0.03994467007312705	0.06280615289777841	-0.03895094554289393	0.10890949935321492	-0.054893261042323074	-0.10924923514748	0.07644682380429624	0.014172139622990682	0.022223915611357503	-0.033700947123743476	-0.022286700815973438	-0.0507863320270885	-0.03086589552665894	0.03261713687920746	-0.04687222929833869	-0.10363386919365708	-0.022757714430144876	-0.04423867399353012	-0.19136926135350668	-0.1166630178426877	-0.03668328223978495	0.13730414816413938	0.10226843603594521
-0.06283652132876413	0.10875666212709954	0.030233816037100552	-0.011577956782869058	0.026688346870313913	-0.026055137569356502	-0.04803672596911136	0.050031655790126264	0.07669104647046575	-0.11266732311640912	-0.05415168302890934	0.1295464845960204	0.07435773042252256	-0.1269106065391657	-0.00028462118535689307	0.12112601674647977	0.05501463723388175	0.06866491038683924	0.06037075111602472	0.02494157271556434	-0.05785244778131022	-0.022231655332064795	0.17974877783179743	-0.42539761448738156	0.017481677548150013	0.022554657331689695	0.025185641536979816	-0.11314093048048712
-0.0434995490895749	0.09660235303305016	0.12288175010936696	0.05247852631445625	0.08867903860375398	0.08897018917961841	-0.10846431010615411	-0.0008638128093752033	0.006513923766995971	-0.0973161227860179	-0.004628901240946854	-0.007620488642321888	0.04601882048585133	0.0005258078381731564	-0.019435970022263587	0.09904448097933824	0.01262837151152825	-0.024845496529747768	-0.009230321698996229	0.08116898065901644	-0.03821599284189154	-0.06637460471471592	0.06871091123958918	-0.16614980874985788	-0.1828029964380484	0.049102905820881386	-0.1362382829139489	0.011170655155357107
-0.04714373704556662	0.09806024097248306	0.08229579315908822	0.04262786957903039	0.07416186836319992	0.14668957657371273	-0.04799456051555616	-0.0945221082010799	-0.018752100830494896	-0.07950904591228886	0.048873400092912855	-0.07040824581027014	-0.012616192701272927	-0.018048762689634026	0.08664886108154646	0.08982321050506178	0.021847612310315054	-0.044001220315859735	0.05153079523936502	0.024492831152375327	0.0669061938351619	0.001771126922333736	0.07909303455434862	-0.08752947413463884	-0.10486284385803865	0.0762032599928931	-0.03328428027481127	0.03409802145765168
-0.04918304012826532	0.08907539770436919	0.02840065930409108	-0.004511549919496885	0.059802464166876054	0.17464348019587433	-0.021995909103709126	0.06589609641227338	0.08647439020207058	-0.005488060498240715	0.09663826397327809	-0.09124241468778743	0.0037079062237877565	-0.027977266259486107	0.10678238037732314	0.11934446154983668	-0.051162358742043855	0.005651197163382339	0.06651516605654328	0.04572278323590122	0.14864233576448235	0.009305925518293182	0.03984531326193462	-0.0272270921600767	-0.012494071024400961	0.02702729323845703	-0.05018567814175416	0.03590408683391265
-0.05016278980253491	0.09622378031711622	0.0008888429954551119	-0.06300126450182676	0.01679644942868143	0.18689261495942017	-0.03772801852503826	-0.03437893875567514	-0.0924872896446466	-0.01784395688932101	-0.014473004273293953	-0.034824054047184146	-0.04489345496664986	0.02356450223168992	0.17287479139245143	0.1260296609422628	-0.10585216706102192	0.03959642205355073	-0.018244429674661992	0.053949530157972145	0.13809131370812752	0.005594239908130405	-0.01756129174455303	0.011050599966989882	0.08680578315803679	-0.08798193290054004	0.05417193791120372	-0.023411065253538164
-0.05871958625186507	0.10199320240370172	0.016486254479381804	-0.042214537283473436	0.014972560860915606	0.1686071625745704	0.02955788491507525	0.08317310702853113	0.05496994896428945	0.010444224357827481	-0.06715962074070424	0.01381079247553138	0.007395789925343185	0.03973573948695652	0.09911995210645627	0.15310590571547758	-0.09284715499950143	0.07919186132299495	0.0016657071159076019	0.11600879519047608	0.03485162850238567	-0.10314055745904058	-0.06786378193718301	0.03729681675975837	0.004647606456287	-0.13288872237622448	-0.06946500651060716	-0.06293674307925537
-0.056691144254803476	0.081795291009219	0.04436746745783711	-0.022100660725737624	0.009518257000581953	0.11475136321142529	-0.13003659468589368	-0.029907360438012287	-0.00102415073810138	0.02980701595131402	-0.04617516037686981	-0.0463551316891256	0.03390024378825807	0.050727276959024736	0.09653631880591816	0.13299373902211195	-0.05288108834595585	0.061414900737330205	-0.022857741689216313	0.14987406343870757	0.013698569899056885	-0.01140132565616852	-0.09944322085802107	0.02035013519141251	-0.017025047255483566	-0.1281911479412251	-0.06341968088136693	0.06425320526721329
-0.05027547346565012	0.09896487247781449	0.004752934273568361	-0.0027223789707696883	0.023704338616729805	0.15087456491623102	0.04466246292932703	-0.0062130622009330646	0.07121426741386938	0.01990598851868455	0.034821855937375454	-0.031037579001641624	0.01873701201030003	0.030827863855910975	0.16446699561403716	0.13412519178381274	0.02112752683952814	-0.041780713641976636	0.053637236287011905	-0.002399500162121433	0.019845390313764245	-0.0014619052942191	-0.06708529056598325	0.02057638820359002	0.03987651016719586	-0.11598341192008338	0.02188352543794929	0.07949502855978689
-0.049311483031634774	0.08608076654706319	0.0013395290383410928	-0.04589765679505243	-0.015701664834847053	0.08308640273491454	-0.1482147926655944	-0.014668418427194687	0.046658311644509266	-0.008388552498434386	0.008495989761323108	-0.03978124006483816	-0.008668750128648007	0.060027750368567105	0.056620668675913546	0.1766797017025107	-0.004875884499909671	0.00695686034700153	0.08157906825466699	0.008216043257427945	0.021448942326451635	-0.0273907705838004	-0.1460011592546855	0.07843221427517913	0.07088162987087919	-0.07793962815968193	0.034024774088036454	0.046742843392816716
-0.04571174093467691	0.0940652109981734	-0.008997248515015278	0.009625743865004886	-0.02947864494585401	0.10592237823895569	-0.0021984314686132878	-0.13195560640328413	0.14076799797802184	-0.0381137667191168	-0.04401112858877055	-0.0319889366943195	-0.003294082570991776	0.07888279536770038	-0.06262731239355537	0.1719743835112314	-0.0716321659164255	-0.001093202014167828	0.08405379054184642	0.0918069484837625	0.06319605375851654	0.006973806906022791	-0.10947464735842195	0.0035841511179740757	-0.00849609837264033	-0.04720727921584554	0.06429899372981428	0.0011871775875682208
