ICA_00	ICA_01	ICA_02	ICA_03	ICA_04	ICA_05	ICA_06	ICA_07	ICA_08	ICA_09	ICA_10	ICA_11	ICA_12	ICA_13	ICA_14	ICA_15	ICA_16	ICA_17	ICA_18	ICA_19	ICA_20	ICA_21	ICA_22	ICA_23	ICA_24	ICA_25	ICA_26	ICA_27	ICA_28	ICA_29
-0.12168610416319421	0.3762752367167555	0.7866015099621501	0.19343759097454452	-1.8276714016376432	-3.99705190249407	-0.5526183198308537	-0.22577965284257584	-1.9694460008906691	-2.002420695725109	-0.32410298842957325	1.1025124229388994	0.19755332166445166	-0.8185985824094402	0.21415051645007604	0.7817770677269934	-0.29363141392219216	0.12928213314919942	0.19224511847478862	-1.0977689722179453	-0.10370862826944094	1.4290502549368425	-0.6490463158409303	0.3695792010802902	-0.9648743195012112	1.3167382850425415	-0.9475338364637176	-1.0065408555720112	-0.5938953702232035	0.7250862896487791
-0.7232974363094384	0.2984114507741963	0.7680552157008204	-0.24845418053086568	-0.3751972423998024	-2.603362160094121	-0.8764767525461314	-0.03843168063214129	-1.0092260472701144	-1.298024298819749	-0.6046996165871892	0.7708062992299672	0.2816775067691602	-1.141557058762981	0.2629753641919893	-0.14452432223163494	0.09530118793096773	1.0898567239142654	-0.3955653167701053	-1.2143084640198312	0.7123948565769224	1.1573300941878757	-0.5323493376265408	0.7775931635549861	0.5899966257231253	1.4333515683915534	0.9288416357361574	0.9026976605531174	0.5372322120120742	0.4276367746841777
-0.654320457887379	0.8829524365460543	0.6559063004722646	-0.031049707189689482	0.33617892086511875	-2.705740464065731	-0.5545588225038979	0.8720495430817198	-0.9294051110436218	-1.2924754641327139	-0.43561746215764796	0.5712232397545853	0.10361936989810686	-1.5933312611504717	0.30711914612993346	0.1588476982983878	-0.19862197345677646	0.9295135980884921	0.3814703946985427	-1.3581037310325088	0.5240405868698722	0.6440297932682151	-0.19465538764962886	1.082411707372134	0.974724594042238	0.9896854801621223	-1.26084263417936	-0.5850630315058298	0.7068712483785995	0.38034652075616865
-1.0457893831834542	1.0662668129109243	0.5363743475582983	-0.566816861717681	1.1028845369573388	-1.8546260016748624	-0.41715599520266367	2.412953009955867	-0.5457343829623496	-0.6979303944186206	0.1040332598027709	0.14264783651799243	0.03341891651516745	-1.7168040924097285	-1.096384965856856	0.4073108033588173	-0.09659359465905357	0.7928038125213842	0.2402804192148906	-1.5281497173138199	-0.17727222791709077	0.3843087404964668	0.0729216458981545	0.9893928093775797	1.4212265224916847	0.5378699646135777	1.3203311174869867	0.027040374921706686	0.2642124639661833	0.23361073703742402
-0.29728595633373944	0.1604392930159475	0.22411472646166447	2.0021007491087914	2.7605817713835292	-2.5897339852654784	0.0030298039946774352	1.4582866591656656	0.13478339649816545	-1.6404828912857217	0.41509096580332566	0.512153897758052	-0.5506049492712902	-1.8890690348300914	-1.3087782060637643	0.16478387009195586	-0.41173638474281204	0.5676137518297991	-0.045965053486190996	-1.4523149267573583	-0.7291261560068937	0.7490185566003674	0.42102422690389296	-4.238862068986893	-0.72303445225546	-0.20240727843366685	-1.0071073505168036	0.5548909458787447	1.0320333692709653	-0.26454542823938015
-0.8406776080383505	-0.02993168743275721	0.6349657026184176	0.48412012063203086	1.5924952851942227	-1.5041282122110258	-0.8305886243927099	-0.5212364560369773	1.2025037143267427	-0.320567995833028	0.8670419889950309	-0.049109457407446835	-0.03026337034597608	-1.0000862053017143	-1.564252201917336	0.40815090574003093	-0.8004747813171272	0.5540088529022096	0.5035389375865488	-1.0642456392744657	0.784628774656332	-1.2010806546123836	0.05256669613395093	1.242817942536954	0.7682820597027316	-0.6614474583868473	1.2759940979432376	-0.9651940545844135	0.31055079165864574	-0.04606074712386959
-1.1072114281179533	-1.2285311644776409	0.767161771253553	-0.7610197302253868	0.8649741115280217	-1.2758780704873234	-0.580202655507163	-0.47953732710070446	1.9088936965597405	-0.6914489712390367	-0.37928417472934267	-0.20647161768166208	0.12455520931559494	-1.0026500592436822	-0.5968645822378065	0.32952470750271323	-1.3653020389351942	0.2970194631913558	0.10087069191386631	-0.9513894292443433	-0.5321707353047498	-1.5342600309584367	-0.1536263728614678	0.5108395793041614	1.1520527815265897	-0.031340564075525275	-1.139499404814087	0.45737200134229977	0.22770054830742684	0.18288366646491783
-1.1621001483499345	-2.0211490216614205	0.8247206318590613	-1.3910195567658632	-0.5060935102775239	-1.175405222695865	-0.5744691657049478	1.3200207341824959	2.7425236860966122	-1.0940315002290621	-0.5357394711522605	-0.2911889315979084	-0.07296106750839713	-0.4698870565192798	-0.14221243621403776	0.02635389110656154	-1.0740469586439576	-0.09696592103992796	-0.326070485877987	-0.9706121950245068	-1.3060881592621738	-1.9493743971840005	0.07001321271284883	0.05054636356769888	-0.23265396683374973	0.6342142851103058	1.3777538310647701	0.38057717448861733	-0.0569072702271605	0.23949689000162355
-1.2998779937679223	-2.442730661940524	0.7128702616368776	-0.19479783987900917	-1.0123487040522416	-0.5377725897720662	-0.7725128072370712	-0.3888328133388211	2.1451145711018476	-0.24247070122759048	-0.4734012494787723	-0.21624045521039917	-0.27515484797835077	-0.8009550406223972	-0.18116766237496473	0.1134821581039694	-0.4802874019701695	0.08444227365406409	-1.3705810319236893	-0.5236187069731111	-1.410356257356241	-1.2987458706415782	0.14306965429120425	-1.8360389432615525	0.9132710728187263	0.0819113497782961	-0.7421940040912235	-0.8528923974590366	0.5235681024009532	0.12529902254893283
-1.3513554502277192	-1.604836696951781	0.46738890073987516	1.2891586814737752	-0.5669704210012126	-1.0423192142875015	-0.6486726066124349	0.03335861897082476	1.5995713710616934	-1.6191370977099024	0.8275675822806282	0.1272181650539744	-0.11199208360955593	-0.8903123480296443	-0.9958937822397625	-0.14058280417794675	-0.06770191546138629	0.22333551863892998	-1.698898080080661	-1.1863935995608859	-1.034135004093674	-1.284922917305548	0.26716558269825524	-1.6249474555680132	-2.03107774503245	0.6933260059537993	0.31100357247324745	1.2150418945154828	0.546253689665631	-0.029975964637272978
-0.7347306525707612	-0.9090333500849136	0.7418967299818935	-0.33726639919432666	0.09248887351155552	-2.5334732024576794	-0.054062975046818014	0.746954163473381	1.5638993072682599	-0.857570485179393	1.0665243302518885	0.11436584271530513	0.0006506652656580047	0.39915620124891865	-0.9444553329723959	0.14509499694076455	0.4030140324087426	0.07796899105493449	-1.7611978641576873	-0.782316548583864	0.600597529215357	-1.7383736684661633	0.753589635121376	0.15268938563674944	0.9902706460356928	0.04992004628363967	-0.45361251316887274	-1.0828981051387592	0.9037526606712166	0.09199275324391376
-1.3473015888879731	-0.6304555821295095	0.23122525753867376	-0.4513665613000034	-0.6937570260063093	-0.47676587272110155	0.3794887621830602	-0.11617125434817337	0.6241646994231532	-0.12374858158547837	1.5462431890007522	0.021979478162828518	0.4371049011083071	-1.075480988018584	-1.512117284172318	0.5358938034797586	-0.46402827207284675	1.1016541143848495	0.5166385596447924	-0.9999549439911191	0.3961120565368803	-1.8447724126138128	1.123860361877071	-0.5678857731219998	-0.25067783609438404	0.5998254864184172	1.1984655714232573	0.44404130282696785	-0.43584032302942927	-0.46129021955299093
-1.1671123204559748	-0.840968074621063	-2.0789089328939254	-0.17828353965410018	-1.1435525006005605	1.3381311909559621	2.0180747996905772	-0.14419545512626086	-0.6310795741539195	-0.754193214864279	-1.1214290381323346	0.2606664250003588	0.13639795394680596	-0.9765380131491995	0.3010405675879476	-1.7397081330786068	-1.9086615036342487	0.3010813519211979	2.2479816156972348	-1.4520232861608695	0.39628214502964104	-0.5382513714336842	-0.43887920271946085	-0.5507254178930456	1.4933091760892234	-1.4063170735941364	-0.8224846263572357	0.9666448580922452	-0.9703268586043466	-1.1590044405040176
0.5265140835226815	-1.6878783505461823	-1.7515008324427617	-0.697664933728007	0.46060036785923725	-0.12275330757714106	0.9470564213990817	0.5275791213270192	-1.2337169462227684	-1.6527562448649507	-1.5153951974461937	-1.0908820971882678	-0.83193113900681	0.7741432788912612	1.7852158751364073	-0.02945622391518017	-2.3578199193344895	-0.6445629125863075	-0.13258929812378642	-1.5619581727055354	0.009127275867791865	-0.1728544924021134	0.4005495371396275	-1.1324640638099748	0.05146106114544217	-2.2214813488732372	-0.826829610025649	-0.2834499522784579	-0.4982890699731988	-1.3565115713756202
0.5380961974876504	-0.5513481531124012	-1.7161319215018505	-0.33100242968848725	0.015068802080158561	0.5289710493756326	1.2959963110515047	0.33857821007612254	-1.6938145646309348	-0.6189321631494339	-1.4604881757938133	-0.6281273561546714	-0.6589760554289291	0.4958467348616673	1.0477073901595357	-0.10927308176088443	-1.9215529860480807	-0.3307884850929642	-1.3896125745708436	-1.5486878540649212	0.5648236800993991	-0.16860410409597493	0.03645202557596041	0.5608318862404925	-0.2793713946785606	-2.1077303543930954	0.29022541826569964	-0.8690060111954675	-1.1570279955667944	-1.3121345286072208
-0.24009644841887903	-0.1398099905979088	-2.280312372342355	-0.22691558397494138	-0.18247551600793388	-0.19811463500703638	1.484102615551834	-0.3674166083757088	-0.5704142920033349	1.593472166764346	-1.3419344594742675	-0.5118401505077005	-0.17959965177430326	0.936787794637385	-0.2456322833800875	-0.8001121192945487	-1.4667324083898599	0.4344166510374857	-1.8203040875779564	-1.891607507640333	0.875912157244468	0.26209381458491987	-0.30276521234012765	-0.25032410425291113	-1.8455922544710401	-0.4658019089487633	0.8728656183439479	-0.6393623359694321	-0.13298576090714687	-1.1849195792872025
0.20902813320447913	0.8764199756418105	-0.3640568279753322	0.7211463883906384	3.1643567231176375	0.2894775475694024	-0.14783955243388158	3.2010090970972405	-0.05491746983268987	1.0863082658506882	-1.3269740035433062	0.03593821507156946	-0.26462714180171243	0.6742571346644723	0.528420057611898	0.554921014225153	-0.022646510238525902	1.4909988258780664	-2.2528962922831792	-1.2995759403686453	1.485893675996948	-0.24312184265723885	1.0036588478340136	1.8472413982445623	-0.4601250155757423	0.41926997412314415	0.9357201408776361	0.5082713946095274	-1.4905441608827612	-0.9200415230249338
1.5158937313029257	1.2055937857897374	-0.6206272971149042	-0.301080176559942	2.107647529683377	-0.8743936716446328	4.5619364421188795	2.0614601160437784	1.4331452416155237	-0.8744353591680158	-0.5575081766206071	-3.9129866836994815	0.5125468004114947	-1.1681979003067104	-1.157133437558318	1.0118052580749217	0.9037167505711933	0.3003205152213037	-0.7984869580201079	0.7054682537170036	1.2777645376152054	-1.0528981792410512	-9.091257410263912	1.1281341296947163	-0.2117912593926574	0.7174877720713663	-1.4094519929240978	0.06061171118133479	0.0018714138254237974	-1.3449503241487606
1.2612211503816377	0.6996495754627001	-1.1543604194524486	2.465106968180025	0.3001082559442385	-0.5049744430871421	1.8945043987113122	1.1611635405513967	1.6952051695368342	1.9319500555473852	-0.47985788369010796	3.435453745072838	-0.6356553907713842	2.1638279208499176	-2.3109631458061717	2.832421819007491	0.6158968225265159	1.0787979430460444	1.5033808615212327	-1.0215805901147568	0.6787701219999616	-0.9793009644494587	-2.748006035350127	-1.8173439043774988	0.5021376813961488	1.9022174745876097	1.2378245538595039	0.8954369018160898	-0.5963067754046987	-1.255488669145358
1.0613286768760763	0.6531889091053923	-2.743064814410494	2.4423544754325195	-1.714678521732268	0.702766223614121	1.755250108442577	0.511442368279037	1.2297224886053162	1.8738418209987349	-0.4712368197460305	1.3932346054404163	0.16797731439418925	2.4595068119562002	-1.5023616678817107	1.098190379153833	0.27511976345998757	1.5980721627478682	1.6815840269338798	-1.7361580679217585	-0.4577949104536405	-1.586775149155963	-2.6166080292302496	0.8443247094965374	2.140094722997387	-0.06216582340160881	0.2929804774167522	-1.3162723274936565	1.8323560618827666	-1.284489785157274
1.4877038437059549	0.2915721617507168	-2.086753985836614	0.06735060158923317	-0.8386014428509184	-0.5589671776992648	1.2585021113523664	-0.2946890931599554	1.1084890271212722	3.067370212802623	-0.7696952159810255	0.06717857339066406	-0.2924988039761664	2.1122805479720186	0.19224258371297379	0.7771399930166887	-0.33269932201186364	0.8354511649879001	0.9859878214394866	-1.5875145012340852	-1.4951368842161958	-1.4920373288067952	-1.9507215808998828	0.6479802497643531	1.0836635029863244	-0.48947769074462244	-0.7365265934243498	0.8233263619207073	1.1686786115362278	-1.5011296136930186
0.8053121984801199	0.25359137394161885	-1.882723748227739	-1.2389603176367077	-1.1595433812456812	-4.480795891214214	1.7999264113325668	0.09574525032333862	1.1418287377289003	3.7170000092261746	-0.7445029800497764	-1.3246328134427268	-0.8739479821514162	2.0337658049106366	0.6870718505406878	-0.1285894884047668	-0.7431863312187423	-0.17569950788986724	-0.5376701743953008	-1.7809531921597814	-3.0148416092272794	-0.6372950707599898	-1.2896203187169306	0.20655815902075672	-0.8529472330126894	-0.3565692601739756	0.8091221177834554	-0.5819689501742342	-0.15730975949566614	-1.3589749972892484
0.5003841747524966	-0.8161804906371717	-0.4803251123127339	0.8356283293543321	-0.505572034526766	-0.15801922061613183	0.45741642177816144	1.1006573951172287	-0.2693724372454173	1.7206672975132495	-0.19059944883872496	-0.6805735403525491	-0.9554928188744936	0.30539228966578075	1.266609238006675	0.18544456167453638	0.4325319681754396	0.8650778766869957	-1.9428796684465353	-1.0455929091483371	-2.1116739511616656	-1.2017658736826344	0.06125613516256006	0.15042063558566063	-1.8370562645504616	0.7577565198520467	-1.4692365609737117	0.690278575298609	-0.8112454535116912	-1.422074097697098
1.46834750664197	0.00873843834833986	-0.18727149285838982	-0.14004858831693445	-0.6941406547254907	-0.8903054939173332	1.5662333738276117	-0.34794578810209204	-0.35131733540839094	0.7281683593117555	-0.37642837009537766	-0.16167910524001194	-0.015091402229492214	0.6925852986193937	2.0057105005137847	1.0621479320010903	0.6860784147832991	-1.3699799493505067	-2.514937985141592	-0.6494935537792711	-0.37995693517157053	-1.2161917713896313	-0.3120048533344146	-1.3605658979611472	0.27787617059991193	0.038556431363162176	1.6744415050413044	1.0127360746917577	0.06672381918659308	-1.1951437905442959
1.1811688376630738	1.669161903728858	-0.8976243283510422	-0.8585080041135478	-2.9801353094480305	1.2103012913086628	1.9246770968215912	0.46005117017250236	-1.426408968168464	0.5387771314704433	-1.327272271713686	-0.3660145269287181	-0.5578403201711483	0.2323789705052906	0.40607685686681794	3.511371365294566	0.9046412669344179	-1.6364577916986036	-1.804952173706085	-0.8145179092023146	-0.3868563527444176	-0.6283146953176246	0.05120923078794098	-1.4350602421163707	-1.9048368172334307	0.7724852236869175	-0.16799698932105725	-1.7433940510040822	3.1250674443083195	-1.2917489864224003
0.12698290071993795	1.575695585847757	-1.4541626752942096	-1.421392158501376	-0.19012885092196108	0.7722874737109906	0.660236599864761	1.447022784065834	-0.26341205870122103	-0.7463217285866757	-0.4550231321377558	-0.056019281784067614	1.5749975921900923	0.8604351623755009	-0.511736453059139	-8.715925546475683	0.9976441000371286	0.7200209571760341	-0.7279525527943316	-1.2451189677483865	0.8550066217200052	-1.6009423733654287	-0.42447453819800646	-0.6677512096474078	1.2787838095424624	2.038422660943537	0.8831649933049267	1.0240770359393718	3.1482392463773174	-1.4362378683945924
0.4027835950387468	0.782727763821574	-0.7999037411764047	0.05136729521429538	0.9260677220647645	0.9501673627030045	1.084585141476168	-0.6467948529567458	0.0698501117618156	0.5054902654930528	-1.4159088747800648	-0.21476929835219055	-0.6751332418014179	-0.6737247591411573	0.0037152870725989887	1.6715808940252472	0.15071078414592945	-0.16236375235390826	1.6558668979157998	-0.9855829292675453	1.0551467010698878	-1.2336331997433614	0.589779645703727	-1.959102128545114	-0.5042516036808204	1.232832973908209	-1.2538435687465102	0.060328056921763164	2.2697247116936863	-1.2574864072708614
0.9372172436430442	0.0039060983770342404	-0.02595786095077669	-0.5444290389648627	-0.4881209962902491	-0.10060689642871873	0.37454825763816757	-0.2715224433348712	-1.3449249990621233	1.1219093529646496	-0.88757065660638	-0.6721330585389824	-0.33616569944623054	0.09162122188271081	1.4706105958757145	0.3876357910330844	-1.3481404751231458	-0.2979293931953424	2.302910110968991	-0.8094182142649665	0.7133403385901457	-1.4012180870119584	0.7565399166109478	1.1366978780521384	-0.08362566318595237	1.1729456022439195	1.2027521743562686	0.742102860904956	0.009059460084313803	-0.935139687716577
1.0535767327456713	-1.0159508830362372	0.33663983312034157	-0.4819729551430977	-0.8720335230606509	-0.40368380158512934	0.4520578019637837	-0.711485190298694	-1.3348000422979571	0.3168246269309191	1.2437029188949	-0.3189788289141227	-0.596060895545233	0.0909094783990567	-0.4900716132097042	-0.03076979645779309	-1.639257425764951	0.007673102921991224	-0.1174865141036123	-0.639170224868509	-0.9216841149917246	-0.5839013629960155	0.9420629781347951	1.2344839517542068	0.8185932465358577	-0.2788911739347373	0.7228741902576329	-1.0317150511703173	-0.17167543343603756	-0.7673988367225234
0.9447570595715294	-1.1219116203583457	0.4077658750074688	0.09765164351737442	-1.445152677552739	-0.28121416841234254	0.21147034242685625	-0.74095519089501	0.07154049817372347	-0.12403882191613211	1.8853822601017602	-0.03973874133071148	-0.35066288778906785	-0.15067404143966262	-2.024860927960546	-0.2714055275518002	-0.4809073118937799	0.06564851910701125	-1.3602479935806264	-0.6254270552626022	-0.3803911076614823	-0.4534119865029808	1.0308936601262995	1.1684500841274355	0.10815929583379452	0.3164471414140914	-1.0321987276983235	-1.0679864582280076	-0.19370310177349617	-0.6088645432259739
0.8273184248487189	-0.8499552665700477	0.4826538152451638	-0.3976883381530274	-1.9850479173497848	-0.04265546959929359	0.4243527039136768	-0.043933296030251985	0.7443969002300632	0.22895845481358268	1.4844393859355907	0.21490801781704397	-0.1095963890201001	-0.22473686740526883	-2.560354102128114	-0.20391539198655986	0.5063688604879987	-0.025173254779820846	-0.9834305467333231	-0.6574792087646408	0.19358202367052882	-0.25497209708509894	1.098022185819957	0.7040294612343007	1.2558972943811408	0.26204125746359364	-1.3382438593079133	0.6979942778715544	0.623668771677438	-0.44068484563363325
0.4316280997501072	-0.5732084301313637	0.16068254362971113	0.031960549393166976	-2.2648456359062616	0.2132746069726211	-0.04128421086452057	-1.0530336183584759	0.6764724713002733	-0.21899405429673324	1.6322917465131666	-0.1912444747982898	-0.30156194897481114	0.07472475903499969	-2.352183550234366	-0.5594755394892611	0.774668191062618	-0.20757426743921997	-0.2649419167355967	-0.7386512201266308	0.08710476256720073	0.5367157008021437	0.7209730158266435	0.0391194399376291	-0.012053559133514457	0.3222664678975711	0.15958698712898073	1.6194361023722577	0.009258931367733139	-0.7710085260919223
0.4507847327690461	-0.48164192018920093	-0.15432685550397926	0.40204224393572346	-1.3623061679540196	0.11949626886269707	1.1598223605444626	2.0130548592515285	0.7609697042149893	-0.9550250743732457	1.0882411395696145	0.455916396340609	-0.217618489843207	0.14745755464266533	-0.7485495526952889	-0.12891241967184877	1.3025713363492781	-0.1278651689707629	-0.15309078617041416	-1.0853868867861443	0.5187360258248508	0.6986656787720109	0.8987341616167976	1.5979839063320378	-0.6597656484152752	-0.04719728812251797	1.4171548353254502	-0.12110044796392673	-0.22552034560406545	-0.7016357021550539
0.05870063326886352	0.030655344962730313	0.4848300698892296	0.18576240734391608	-1.4539886549456957	0.12091221552566353	-0.0820015603236813	-0.43349414014000875	0.6599213027882631	0.8187904348173695	1.4063454238465438	0.3792924319340821	-0.5616605397305334	0.9262927231576398	-0.6709851823199826	-0.18506218849350156	1.7382769653488088	-0.6381263233096109	-0.3334031629997242	-0.14272114880896847	0.9923848817863685	0.9856507143977992	0.029978634405264607	-0.21928879012646077	1.4938632725907732	0.8263324601976036	-0.2344913074635303	-1.7078686036426494	-1.8907471736178614	-0.9270596248439205
0.16058516216855281	0.014673846870034216	-0.0554561005373346	0.14324921688848447	-1.5231714862071615	-0.24728818322419122	1.2773245257251475	-0.04397525305365788	-0.3500303400028663	-0.3723708161088412	0.7851061791942426	-0.08092663341854849	-0.1566890709477222	0.4762184915009804	1.0673958862661554	-0.2088876768754242	1.7759407957440432	-0.98897832399734	1.0604270001269542	-0.7143124985076686	0.9334114121277469	0.1979020558654621	0.15078726617473087	0.6013075471419389	-0.9421008593133032	0.6644849522069899	-1.47589937772353	0.7501343193051727	-0.9780635186239865	-0.9504535459102332
0.7549161488696472	-0.5210614591888041	-0.2751852302605576	0.4000095456361913	-0.7365591502123436	-0.4651375176688399	1.237788764157398	-0.8079020014917544	-0.32561147035665283	0.35539068532306195	0.7413528172395645	-0.2405652621215004	-1.4743796558935944	-1.393791168283587	0.5939036404414092	-3.7509119537903812	1.9857416887476114	2.2265225348996314	0.7917636757925169	-0.9679212591353705	1.105863454145034	-0.6865643560048208	0.9633193480847089	0.7535051185633669	-0.2560127633369469	1.072055713586325	1.2104485078920157	-0.3441755010104697	-2.269002299059702	-0.901496147088601
0.4181966758967821	-0.32193269593417306	-0.4773188383515754	-0.6744773944369079	-0.4739784850154549	0.7549246266665964	-0.1707034282109675	2.922884667881253	-0.8492137148908011	0.6656958980172316	0.22922243254577523	-0.5770095166467398	-0.46535281885516827	-0.4967972037842188	0.26761546886947435	1.1951135698121111	2.011839735719468	0.17366432113094352	1.0273013473844195	-1.2948461052061473	0.7768257846533115	0.06175699658539618	1.054236867452164	1.3857566493037845	1.2903052643506514	0.35861219031111674	-0.5997314941345765	0.8745828708933815	-1.6561485817180794	-1.1739432136057268
-0.0813148838423043	-0.5137782602156892	-1.704848385790662	0.8878907091770617	-0.36613744223051836	0.1463975316606009	1.139364700669021	-0.8608989553408367	-1.181466877827587	-0.7505829602523355	-1.3172729210637868	0.03462222701648929	-0.09259236750728644	-0.6768727745142724	1.979588141936222	-0.4483895452509054	1.7943722396502957	-0.0752086992700687	0.7944319562343879	-1.4250260812111668	0.07132427309742013	0.29470270464123965	0.5170309933281186	-2.4106991467946717	0.44550927646138605	-0.9185311712322577	-0.17249110168895065	-1.296128434408691	-1.025386835952291	-1.5763694014862266
-0.16457583376574966	-0.39209661097270715	-2.006573901766305	-1.233375856691203	2.123506017117689	-4.313576772199315	0.9695385789608103	-0.5471157286375781	-0.35363683930128903	1.0558087977227513	-0.8863399495423635	-0.7123382593338674	-0.00040990470674057546	0.5506694261957887	0.9058365041153439	-0.2933547749918237	-0.05331017996693079	-0.9283080122158822	0.7852895101381296	-2.1122978763626006	0.12233325698258289	1.4292341155513082	0.3976988513054298	1.4770948652516291	-0.4188312869557463	-1.5017650454337514	0.1389104357358299	1.0615634019716846	-1.8742459816069532	-1.2342760039929654
-0.06872988342061369	-0.39510426191147513	-1.4990028487314755	-0.33030767393574734	-0.005537288057364771	0.16352694985558253	0.29799406250165034	-0.7042578101362413	-0.8734389925889428	0.511033902236539	-0.9286245649646331	0.47199893893562483	10.96453720504874	-0.2374436456604688	0.9702457238660983	1.0760065305831679	0.19177302227109874	-1.245659911050241	-0.6289656423143205	-1.372367129129014	-0.9536261013609523	0.07419738852963949	0.6892950970022186	0.27944611021421156	-0.4967436072139509	-0.6041873017296461	-0.17659727965716682	-1.110617330442338	-1.6008518893360872	-1.839790303800583
0.42727273707871744	-0.2753734444892018	-0.8652514114857699	0.9382467315821478	2.2260367749535797	0.04429872730168631	0.8612953801344441	-0.8010584198724711	-0.5894312722513214	0.03264571510837957	-0.6400340851711216	1.5981928969136425	0.04022778334955789	-0.1975409116180639	2.018959395296607	-0.670436100435997	0.5083035646304669	0.10333524225343592	-0.8608277717184554	-0.8461794718179889	-0.4651291237280704	-0.631634967963303	0.22390424461103137	0.5434477073746333	0.6473554560616261	1.4303251662498393	0.7399932266340149	1.3155776754046127	-1.3893322057830169	-1.7066209146054057
1.5969776590259135	-0.1987980816067609	-1.3115855588156424	0.15127189310050562	0.6898890042398579	0.4777897181937675	1.3134146070130932	-0.955333356588549	-0.43335329998009753	0.40459727266720596	-0.2430064169123535	0.7038341284067494	-0.1942836850462868	-1.5699906200101192	1.846569368669632	0.1868831490190652	0.4324108248317077	1.2850361178776835	0.1288657131625133	-1.1342346558307304	-2.141621354153328	-0.3615697434722732	1.1628922592581556	0.7325420173864265	0.16337344713035346	1.3706492080263188	-0.6537947601756607	-1.246506061926555	-1.0915498937418637	-1.606325522428443
0.41964141823270223	0.12352839371391983	-1.2751713375147349	-0.49235033627533314	1.071829398426499	0.6958019564236972	0.09636806904225972	0.01692754262012632	-0.17886400518836745	0.1020497614967574	-0.5759105037843153	0.5102059422258681	-0.6446352185310663	-0.7364861832522127	1.0908194629454	-1.1377087911889363	-0.17108558970561452	0.16687882266996554	-0.8640013616712109	-1.1670189449975208	-1.855081543169462	0.498823643503925	0.5904529517806469	0.989200345011701	0.5986557506921956	2.910122431413021	0.4528561742148045	1.1941650493192388	0.5818681381572346	-1.9417368151319376
0.5126336423247478	0.9984733591345311	-0.5557581822119505	-1.0644128025946178	0.10719591370826904	0.04990370105111285	0.11567393186095434	-0.38153295941194226	0.4868999042210159	-0.07096644352081033	0.5288171134228195	0.37244112399016166	0.9708114632907608	-1.2247322365479525	0.5249511851150354	-0.41919057538145166	-0.22785371835186816	-0.05195317460071378	-0.43929829348567023	-0.8353673750349212	-0.5407861897545204	0.22817759862720474	0.832713429230967	0.2061114541987199	0.573290001454584	2.5920530589824824	-0.5720811536977198	-1.5332649974222285	-0.1475725965531512	-1.7094456136308
0.010839958426475288	0.9113275191224645	-0.5373668538707271	-0.3891319654321832	-0.1268496195110603	0.4285589484030623	0.007614520040941524	-0.8554467507796241	-0.24893181245097204	-0.38540852448590507	0.38759828065397967	0.18731189958341152	0.3203834207050929	-1.5548418359638145	-0.07314304694714395	-0.14791779957597703	0.1917466855550529	0.26514322216366526	0.3449124823153548	-0.851714752845395	-0.8501848384153118	0.7240397064907499	0.7568198471378901	0.0006040946482228863	-0.6511380499574754	2.8443364718798705	-0.3701109842636263	1.2582750489571053	0.152982849552891	-1.6814525324117895
-0.08838326677560783	1.0763674878265526	-0.4272106241437073	-0.44248371934888203	0.3006884124658454	0.2128536210129591	-0.15440094921435465	0.09196732519450429	-0.20170301501578317	-0.5873418155859129	0.5782657560677693	0.4611353291464028	0.5248616327239671	-1.571459157747261	-0.9657691787788126	0.11655612505799898	0.5403289639385928	-0.7915996662771343	0.3558440295880618	-0.9698725597382215	-0.04087293779068083	1.0186369224679608	0.5554791475838283	-0.150079176309019	-0.9018252156358855	1.818942845477868	0.9937825279311131	-1.307752589429185	0.5031965958761223	-1.4790665807236205
0.7286409467532512	0.7045674965305402	-0.3604285745412577	1.8046696611904367	1.4549164768357263	-0.15178556918944452	-0.6947388362388313	0.46798794892491985	0.4082411212911874	-1.535248681445251	-0.05019510865419678	1.0666218211480047	0.7585846800150016	-1.5888355745314804	-0.891928910438463	-0.05492923558993579	-0.19215310526029583	0.12467542256040198	0.22796862840695187	-1.1694615532794008	0.362061723818184	1.6234024825349664	0.7014970201560784	-2.04362366765372	-1.592389302225923	1.6516218547246029	-1.3208867539290121	0.8878376075182602	1.6812117790083019	-1.337985988717539
1.6336050043542862	0.6679367191499836	-0.25145025888685996	0.32163637033269743	1.5898284641932505	-0.6451949853707347	0.7269966575320094	0.5118776332439008	1.5779473371290793	-0.9632075979746704	1.0494585167424784	1.3770190349776565	1.478891975509847	-0.7633782614629805	-0.5925233236821191	0.9104600769051452	-0.05138884562354803	-1.6779539902538274	1.085414307085426	-0.7717745089937084	1.089327725544451	0.9006531690675724	0.7073232016254535	0.08471571340402495	0.5061123802962523	-0.19311045403322663	1.8005223177982579	-0.1950587822560745	-0.11209993124463666	-1.1743599818442432
0.7606733065090202	-0.1467075984292844	-0.6624206897183159	0.004952062396781672	0.32625414565853506	-0.07077538181053242	0.016998382860015097	-0.201008928624614	1.4734708442665652	-0.3334036343999739	1.193571221934256	-0.03862483488408639	1.7610107292866108	-1.0554695468044486	-0.2512001743981534	-0.10360961580656795	-0.44065891575048816	0.21111127795836127	2.1320938989918146	-1.0102823333283335	1.1670491004800363	-0.1964693910610457	0.33764392813921107	-1.9815733897542847	0.4331015975675753	0.6646548248629702	-1.149744726101524	-0.8779597983164722	-0.6033358469983409	-1.5124429032447309
-0.16292604952606546	-0.7039909423890366	-1.49625849213413	-0.6044683904403602	-1.740597726110886	-0.19783537417402958	0.4340025622025558	-0.10196811454838912	1.0019509081538225	-0.5301550264452772	0.061672238354849536	-1.3962177941621976	0.10567626526929848	-1.573089251581654	-0.046708724435040753	-1.9096193949512403	-1.6702668098330362	1.407898054732248	2.4120240743593775	-2.0590617592539733	1.4031987981880052	-0.5372789132641407	0.7701502662616805	-0.5632711362301844	-0.5889715378419386	1.2816037564643112	1.001879555908587	0.6256082648966321	-0.1428329129594461	-1.1336336820328068
-0.108735261038967	-1.4714002136584332	-1.122991319603897	-0.0895353404229444	0.11373377042767108	0.9854112207246434	0.2879713986342938	1.5034084456248857	0.013534027723148013	-1.0668418050248611	0.013218332502339154	-0.12291001317394722	-0.503832237208273	-0.7094100522469389	-0.14055320645894628	1.78471607570117	-1.428615798804481	0.8602577622618927	0.8263853928080126	-1.5907876202313715	0.7266810617250853	0.3000348706342347	0.8031175119095294	0.6083862241691136	1.9098485356872505	1.069765149650277	-1.2229522307381437	0.030684200937018107	0.6839119087176042	-1.3075916233918121
1.1164192798841717	-1.8245272653770757	-0.5222856523311515	-0.5254369113744609	-0.14636102778053975	-0.42888437301135357	0.004070495359137669	-1.1231157897709885	0.337952704926473	-0.11039353670316217	1.4254659921161197	-0.5014217504587711	-0.39286275135361126	-0.23062310062041844	-0.02562804361495926	0.5406952716228042	-0.8191870372361908	0.36080771596507283	0.2146180641670159	-1.0614241008485925	-0.34324770811472255	0.5012600732500693	0.5698718855819249	-0.3018674650350459	0.9283487657844451	-0.8139182601971917	1.0974951060353009	0.9153577364469572	-0.03215966804724386	-1.4177775770312222
1.1582162744433846	-1.7711677952347655	-0.7879112877578722	-1.1859061487199343	-1.5731055342431943	-1.578599553387719	0.5957441100875575	-0.4505351762716221	-0.7682510473069689	0.15142432980575893	1.5031926761808154	-1.2658239137897382	-0.740363239014247	-1.785091892846928	-0.7018545473608709	0.2875969245244541	0.8973822441303124	0.6647487770518634	-0.8933873734589803	-1.0574046353025375	-0.9282154173050451	-0.0761379731991753	0.6700177640113769	0.12309376713963496	-0.20277841725239681	-2.192882740827173	0.17047489940157318	-1.7606218530495645	0.3739955891444819	-1.410006447290593
0.9292607442253827	-0.7821757892029092	-0.8582472525310709	-0.4431823568788751	0.6837333370089923	1.462551445989788	-0.6969901659638837	-0.8067881021198998	-0.4502975864807817	-0.333437507234332	-0.4384517516477869	0.08368897051494958	0.7640349364132166	-1.1328863060576653	-1.3061688778895986	0.0856755038105008	1.3030421287511187	1.3953250044480345	-1.9911735107101458	-1.703194733683405	0.7565873650052106	1.063114151231374	0.6224269264732397	1.0000541439968496	-0.39021489765740136	-1.5799333136368325	-0.5628905210483154	1.399578455949377	1.4382189237315957	-1.311377074362783
1.1764499772218224	-0.20248468125222882	0.08529701713858921	-1.1806641441268753	1.4574721398847097	-0.09905768157433617	-1.0730343996554692	1.035182254299576	-0.23395873090816205	0.1202793418386002	-0.1386351850416493	-0.07379482822992432	0.33094491305515966	-2.1075704962721993	-1.147419525559204	-0.3929890608744971	-0.16608946429760238	0.4343388671796238	-0.04028895392927172	-1.6403808994782987	1.681736705172085	0.3743407320792887	0.12551027604535173	0.2218366990643211	-0.6347008302061341	-2.7125050484152737	1.0332713020388726	-0.5160249914860575	1.740374273968125	-0.6158872000433555
0.2877851220678282	-1.2043180888052376	0.7526878097955328	0.9403883446931953	0.1190866838066763	-0.6082264153926559	-2.0274295619862674	0.0954843669332038	0.25562946598883696	0.2518436805529852	-0.4665108418890513	0.27256225831996916	0.13318005209721898	-1.7541784245095549	0.25665572609262116	-0.7280383576258636	-1.3421756033814276	0.4761641746044771	-0.1094824659204734	-0.666783293047142	0.3617764768723184	0.9073759883702517	-1.353409009428511	-1.8417632055449384	-0.4127402183677373	-2.7964521283414916	-1.157166704936263	-0.7581805350620275	0.3538598251359732	-0.13514633215966765
0.7602189032441686	-0.5570971025718373	0.8253146607789007	1.1006998572560318	-0.43771578691936125	-1.6749199325750515	-2.3239298624993037	0.9778259840035636	-0.7145231340565423	-0.46599439199175335	0.32034000687744096	0.17855765665511156	0.7247775423732922	-0.7888084921584098	0.7907515665635391	-0.28667590954687716	-0.9053539962003226	0.4848254156622075	-1.3533695805706105	-0.4454860347406603	0.8483204871199226	0.5544735413793104	-3.023697181644253	-0.5693286994199149	-0.846229712380606	-2.821649403899771	0.4674297434835615	1.1916854090180238	-0.45108623868939285	0.549999689136957
-0.5168897652500372	0.13540924352840522	0.4612626509425486	0.286731289980648	-1.9466595397004276	-1.1725866228158621	1.2798300963285785	0.11295318592452211	-1.4323636230557708	-2.249876154048906	0.16941596810529905	1.2409262002723218	-0.992186562614496	0.17083112771457148	-0.0706412082429607	0.1706356963091397	0.15916244854370523	2.27247587964054	-1.4855609088767212	-0.5700918076810431	0.9103291645155083	0.6146571587287315	0.7333272192209477	0.5086190802405735	1.5394717079238394	-0.9236622470001684	-0.18637461483938833	-1.1514098567191493	1.131234948203867	-0.23809775218153617
-1.0216104634966554	1.0132811387911491	0.64054251906568	-0.2616151709795977	-0.5354199011477421	-0.2260995366407188	1.0167102724702455	0.34305470286728634	-1.1191253892904858	-0.024640065732628946	0.8692376454944623	0.5683022364385311	0.16228067426100312	-0.4362514186208639	-0.1653570770393691	0.6907519554690085	0.917038421057663	1.2146492038928147	0.010403070104847376	-0.2654056932569468	1.985045963855011	0.22057476814099827	0.6454285182125241	0.32534263574917244	1.8412007772514234	-0.5861600332053196	0.95888356189016	1.1276737963961554	0.30928319355287914	-0.4987189009671829
-1.1678654664283366	0.45970231493633723	0.7296033724704685	-1.5570923511079253	0.08809144488900592	-0.5107150130967206	0.4620370969776429	1.9080123691490067	-0.889880761393741	0.12029604663288311	0.6399736914423487	0.19379856721716346	-0.08991739192822812	0.4448507072439202	-1.202612981688728	0.8318712995254871	0.22352359007140932	0.39844588045136514	1.8028148823508967	0.039083468624062825	0.5565906473609854	0.16917362476377468	0.6088222875897373	-1.003863322280563	2.017097105876752	-1.4764466345907266	-0.2238100330580324	-1.5548844756882252	-1.3515215978739683	-0.5866204471478648
-1.5973492603646469	-0.4263511095588442	0.8407298088750496	1.0022448650989746	0.2997462384566853	-0.5321588658545036	-0.10475573947732732	0.7089301786722952	-0.9626208545442252	0.3075450009568414	0.45128660077573607	-0.025815574441000525	0.16924453860626024	0.35691979826740283	-1.289234288392451	0.1045159454165339	0.40652812500683344	1.027573736555757	0.417489398722289	0.23332050122149833	-0.46527578691540594	0.7553094942116229	0.49667745263083524	-2.8562362226059923	-0.9764056118959806	-1.1563040164436893	-0.6176584890199341	1.0612563797406953	-0.6123640465658294	-0.6468329736704124
-0.8250385857412098	0.06228105456369715	1.0164134207244357	-0.5186374624403778	0.9406163820287617	-1.1709306322449133	0.4802674701635111	-0.1690821235994668	-0.3030844891735568	0.2719825020897216	-0.27289185100188723	0.1590087053727748	0.0909521084589299	0.25799474911598563	-1.5923233651326545	0.7517376743211273	0.7251813306201166	0.35065622256346934	-0.2346758941095847	0.36247467052525956	0.9372103019413371	-0.3989882370805377	0.8495756701311151	0.6188087984172004	0.594983695706704	-1.549247473399706	0.773394289848765	-1.2622528954346124	-0.5625387383980467	-0.2594783965314011
-1.0522258610883226	-0.7424353315681198	0.9346754934003446	-1.0350315727139672	0.9345313663649628	-0.5391857741766968	0.7514850688318617	0.9121862675617356	-0.13198776471199974	-0.08150124854435664	0.2514062911442884	-0.07897311580499952	-0.1986815716355199	0.6607115714724492	-1.0037378376602115	0.7588977118989615	0.36562354980228323	0.7638776190500739	0.4327616438319649	0.2075284015271509	0.34040059383981425	-1.1363859274850234	0.8091314577544342	-1.3895654168772116	-1.052326127677737	-1.0171448938911072	-1.1860374497503212	0.6675668152888484	-0.8678001267511496	-0.4795954440527385
-1.8432188012737345	-0.5290988922498063	0.23332383157898842	-1.582044263271103	0.3850098794173305	-0.16154081996768357	1.0668034496158982	-0.9883756883289011	0.7952494507495469	1.793330626193671	0.6403827397693936	9.277145264781886	-1.4647077686247756	-2.984488130027223	0.9406412872060875	-1.8304591364456182	-0.4370072505510506	-2.212758936220576	-0.8856323779379368	0.18528555284608042	0.7866071914350701	-0.8128729687090352	-0.4975505723274269	0.6866061906021775	-2.0324440563654607	-0.4362519276547259	1.182865150279581	-0.7169558884783415	-1.0185313428469622	-1.112472060034066
-0.9755375220393345	-0.5041225982159114	0.18073758339516915	1.8433573282950055	-1.483417855484032	-1.7158478123806649	-0.276372991979953	1.9699974339401936	-1.0492856746209658	-0.6697999248292489	1.6118511245306402	-1.6454034002222928	1.6792779851181954	-0.12822038904062835	-1.2168470919730023	0.32985666312405165	0.10445054770073928	-10.396578828189691	0.7364008400452859	-1.062997446326809	0.8197181506259775	-1.4248544487120844	-0.3584058487411855	0.06575901977236817	1.399937776383578	0.23452705237795324	-1.524913297607824	0.83176899963427	0.8869172583066299	-0.8550012438392725
-0.9369989274032648	-0.9854701012436797	-0.39503968462332434	-1.6818585697292006	-0.7165769521107892	0.4774557907837947	0.43708664993348717	0.09664654030882852	0.11979074119862382	-2.0806861402223165	0.13268622779093198	-1.435131870537195	-0.3518422800532618	1.1055911919695995	1.4371518054880803	0.8657818329611335	-0.32301314150927635	1.874426436781296	0.5881740023646612	-0.9792357119296922	0.36056202011818583	-0.4213883820271979	0.09917795531060157	-1.889890601699685	-1.1748965937432672	0.9839266502175993	1.3124005196175352	0.9610501104310261	-1.058176465556758	-1.3427300453318463
-1.6376763566932715	-1.2291881209232283	0.35179320466318903	-1.917768537243334	-1.292771615359051	0.44823106407401725	0.2888935345366992	5.133136911064063	-0.5963115923020855	0.8869750399461874	0.8591431910537425	-0.5746157115503335	-0.22590239407501678	0.9392590592967517	2.116688743263173	-0.20607415178078897	-0.2137631334288477	0.1580796335406029	-0.08298742733138129	-0.13977726035725943	0.25036330010437435	-0.4846356073184845	-0.2302122409617242	1.001134878425719	0.5673408310047812	0.8093366476066511	-0.5247990536183034	-1.1460063622394197	0.35406637699284554	-1.1246791587481475
-1.4231618745011059	-1.0389123466150885	0.7209464208077201	0.7104713653980235	0.14947123808789434	0.4091778169859238	0.5100700030980683	-0.7062498937443656	-1.4115408276029322	0.9712278188825278	0.7263077096103029	-0.22901526211490228	0.22808521018759131	0.7019961630068106	1.3921072072099012	0.5510989010156238	0.720488876369935	1.3165580051323391	-2.323591438668743	0.12466791228439124	0.4284901440441604	0.6448239065385294	-0.31863671405853994	-2.014920947442129	1.1484358678453215	0.9700615416506105	0.5002799962772709	1.421919074578084	1.009861964102543	-0.922058756171427
-1.283668695303867	-0.05236356452594617	0.9384156438384266	-0.45675190657484865	1.1709208468651162	0.14670692358035203	0.19694986423878186	-1.2498968539342243	-0.8357480293299081	1.0397585629879256	0.27680426625715954	-0.3656298333689567	0.45203315196399035	0.6649160412428563	0.03518527390003679	0.4791018946632468	2.0114466983279264	0.8203314907266328	-0.1059323722224388	0.47669824815064893	1.0577614029683522	-0.8669281461789242	0.02912503925789714	0.9607353799196671	0.4474377719255501	-1.0520290497355216	0.02686842076899296	-1.5819683484801512	0.14857716861206177	-0.592715633126148
-0.8501439588178258	-0.7584310842520199	1.0576279308448446	-0.7326250445477386	-0.26038588249455846	-0.4628014937125015	-0.06368796363618638	-0.7500083583275087	-1.7145956224387329	0.4981123146074178	-1.1496914161441933	-0.16721877129672982	0.3100048357290368	0.3684416979162442	-1.3482878166437777	0.1461173163474881	1.948784766950286	0.929776921484953	1.1262776079514267	0.48257599916826355	-0.5474351663662244	-1.6878538069597167	0.6359379739720998	0.02672490719199455	-1.5329650087062296	-1.5583324370235816	-1.5282040556198733	0.4508122210144143	-0.07299422367486169	-0.306865761222496
-1.3456423154956403	-1.3226031623982588	0.9812917739025029	-1.1530998141717423	-1.1066343955263915	-0.706423759055664	-0.8158931068287252	-0.49152831334048547	-1.1541901425120769	0.7733079584294366	-1.4174034082054587	-0.748498362899094	0.17020407609863386	0.0059540831312176285	-0.07661822758472663	0.5054279337679651	0.4959153588274802	0.6772453836843083	-0.29940119590070474	0.8224116304263906	-0.9864680735831574	-2.1027978181807616	0.49962806677558896	0.17621144017833681	-0.33619966787577094	-0.9927357451621318	-0.19180031074376458	1.3305527688657999	0.9015067259264101	0.09866287505775861
-1.2660842020946785	-1.5268913426646114	0.9541780154678938	-0.8147722004999658	-2.2011706745964825	-0.05948555938179068	0.32453291913933896	-0.5558742082179081	-1.1027950614594602	0.08200668788950288	-1.7654589729480803	-0.20639606496118273	0.2226160988636236	0.01943023638927812	-0.8312201686473756	0.423713685510336	-0.5635313644576285	0.748392405819236	-1.187407190227323	0.35483228818288987	-0.8456971975367229	-0.413739349700476	0.484525361575991	0.7310324022161522	-0.20487677242868457	0.1994404956272393	1.4271814440615003	0.9289980145353345	0.8101730430336517	-0.08088890271398719
-1.7329463810400996	-0.43807551615474855	0.7298086428668583	0.18441626080179122	-0.9008858615756523	0.57248802022729	-0.09449380799307405	-1.155222571315874	-0.7294457553064545	-0.10115608398262817	-0.7885658245791662	0.23657748004421958	-0.19687972319812055	1.0475625342586656	-1.0117813458757132	0.22959832949935782	-0.6797052641644736	0.10787694611632555	-1.3867973341079007	0.45347904897460467	-0.014174026629213627	0.566082969020158	-0.3081855505953963	1.302122360925139	0.5997970111643455	-0.9271372685528776	0.3184439815206622	-1.509270424848579	0.923422124903556	-0.7499140855166668
-1.7803324840612837	0.037540392963383414	0.7230622347224382	2.063581811947677	-1.0136378827951293	0.49061257442473255	0.5071318443371342	1.6831802756408358	0.434586905662335	-1.0701423792478368	-0.37588307013017985	0.22332869691578075	-0.01967301930734003	1.2357227354438605	0.47996031693415053	-0.046776985038079984	-1.4464265600979587	-0.43328009805127404	-0.6525842201045853	0.8833627149723083	-0.4963139374655376	1.0475593687528482	-0.47052663632238845	1.217284261119957	-2.0113847236432534	-2.3166896170134312	-1.7272207904173011	-0.048789658045069406	0.9785133176769174	-0.8028228977873202
-0.7791123828040911	0.9704453156871898	0.9823173570814763	1.4463110445636833	0.4704248415175615	-0.6841233329948586	0.11107256561733578	-1.2410621637371126	1.0428243599642315	0.921960611546185	-0.7677039017235786	0.271218030243967	0.3525365099438012	1.370777046278322	0.07453123274194037	0.36139039627404407	-0.8040368137759971	0.400740119294646	-1.56123229158473	1.4110335746730531	0.8294730135743383	-0.19598864863337864	0.14235370791849836	-0.9134941610149195	1.9381029419273468	-1.370376902103784	0.7410914774761719	1.5892110049029138	0.5363379211624718	-0.37580312681630657
-0.6770154643223727	1.4147279921366156	0.7091212187844965	-0.5650096212843327	-0.03160127814397786	-1.200827560047779	-0.258883714430206	-0.04130662469467717	1.8277528731391164	0.665287368191588	-0.6766953899411036	-0.5490730204914407	0.24840909372889233	0.8895317617612643	0.8226756699716868	0.6667830224876	-0.7781899455326424	0.6271807498943746	0.014771262868071582	1.779706267287462	0.432191959950844	-2.5440154702601427	0.9991058593419042	0.5791652074192939	-0.16322039505570454	-1.1809760156758975	1.2174207412097202	0.7854390189460168	-0.17208181578077292	0.13240890727998164
-1.484415833356374	0.7369399694639734	1.1249021783252828	-0.8181259140001289	-2.260497897959036	0.02381149510135947	0.3720666409407626	1.0400400976135495	0.5613706474695597	0.09310737251662947	-1.134483847953875	-0.019653294522633584	0.3073034108416922	2.982401412816771	-0.8458162333809989	0.3717979797647067	-1.0638898503020968	0.7349078766356781	1.3734038934452657	1.510927180260699	-1.3094714103965885	-2.1910477515456375	-0.8648345956566057	-1.3842755664858297	-2.925977074807739	-0.2066680405307094	0.7695765618939879	-1.0471366821667738	-0.24744472364344994	-0.49071473651600994
-0.9948472341919113	-1.082029431491474	1.0075626200932597	0.397424075112719	0.5988926403628713	-0.7196303531971563	0.8775489665755949	-0.08289587282421244	-1.3821232440750577	2.685980921757115	-0.2690858387320544	0.38548690334635427	-0.2790828986206917	1.752640340163234	0.09893955750195041	-1.011861678855405	-0.9787568565134024	0.13239928404013732	0.20265384464712993	0.9600779002577967	-0.2590237643655945	-0.7602753282805575	-1.6661259759868912	-0.6321692247907612	0.8466410940479049	0.6838779842716277	-0.7153096316139108	1.072484362713229	0.6311445323174913	-0.5984851257701614
-1.2974673386028757	-1.4475788973382866	0.9277933570926292	-0.2097798703426226	-0.038466630844381657	0.16525890140461708	0.7489648106291567	-0.5879193608330723	-1.8243067188634587	1.663603235459423	-0.3144081160660761	-0.2471076054080167	0.2691443017325915	1.1612568193501083	-0.36527758964828777	0.036370757436955344	-1.5354603735330563	-0.1999314209088616	1.2449276428629503	1.3067379744722707	-0.8362608291617613	-0.8934724368432166	-1.3007057918554175	-1.2245116036138	0.046892745545477225	-0.08480039399377454	1.0179579853961915	-0.3705758241509094	0.04573466457826144	-0.5387195078588326
-1.923889763728969	-2.0190770254673422	0.7869286649798982	0.09018875227799315	-0.36431022054753215	0.7126752130716703	1.670017057627164	1.409390232105648	-3.394259537209342	1.2291402532858322	0.4993010346540005	-0.5802908708882694	3.8877417192595995	-0.2052557645211962	0.3108046867912546	2.21308180764973	-1.550018409037868	-1.0241175946115504	0.4610041434393786	0.17288371206034353	-2.1686828462921897	-0.5798476044954495	0.004302679888441886	-1.189784788528424	-0.47977262958406297	-0.9168094662601932	-0.44010761867533177	-1.2276491263165281	0.07228154209633872	-0.2607629776160967
-2.3071375294437177	-1.2687936359450165	0.4223350011503485	0.8062353980833561	0.2186134920346789	1.3443921873518276	0.5265094277800872	0.8362462283568249	-2.406213659900536	0.5230942529835332	0.48749039605406536	0.25114982395789404	-0.7759972869567576	-0.15659986362823936	-0.09151220623860878	-1.1037058768228	-2.437729811371573	1.0121896257151086	-2.7208019974345747	-0.38217999689161675	-0.8668036163486098	0.2576500011159917	0.2746160240838049	-0.48398719683089664	1.8077911956791668	1.55863072279264	-0.1480820414866317	1.1880464029394382	0.11666994560231927	-0.5885111097209617
-1.2570755618833538	-0.6875645279045726	0.5412945095833565	0.8560145094739663	0.5351809644879608	1.091338385420366	0.7417347603431768	-0.8003063737894538	-1.0977597969702204	-0.03162055425314996	1.1538384243008792	-0.1388224885177697	-0.425585245971392	0.6489810296443235	1.1522442363772196	0.7673148882764174	-1.4332487468083819	-0.05906192403967657	-1.5104501946177034	-0.23630337232915816	0.8476795603285616	-0.5865714866591846	0.25972880760197015	-0.41702114346730756	0.16924002304274385	1.2384784442113514	0.15630056551157293	-1.3908518949774629	-1.2112573478181716	-0.6792654657928902
-0.447794957807303	-0.6132137886211597	0.7229334778121541	0.3974120102413893	1.0614205149594618	0.9291395488549785	0.7868248732588121	-1.1001272435568366	-0.4306092728581193	0.4799449301624082	1.7247782737277377	-0.04523596128003181	-0.04504017829658587	0.5439022470822984	0.008987921077490283	0.608072711351449	-1.6640058221014833	-0.10467960778969505	-0.4074099228570644	-0.049303994362250754	0.41508281497778776	-0.6696475836146272	0.4054672319917774	1.3713698852534983	-0.4280030800314531	-0.10324164214026882	-1.0868166627904683	-0.6508149613917598	-2.17041184515247	-0.5456309219501629
-0.04320764798949068	0.19541754882041268	0.6506545774441468	0.004940217749561646	-0.3773251889341348	0.8576194092167988	0.9574696913772998	-0.8354380732640304	-0.015397726612885514	0.47698094114447487	1.589584398317794	0.27570692286252174	-0.15588573264038308	0.3740637938588522	-0.836969774622287	0.02389301208384507	-1.3160116622718068	0.4151118014851761	-1.5952010358945614	-0.16520666902173067	-0.2671075325331735	-0.020520805069898323	0.8065626234484486	0.3683711218329586	0.15257899168336425	-0.9769674076906233	-1.5233322919328929	-0.19990762098774162	-1.0251243668461354	-0.5026351227167883
-0.35769994127772226	1.53380740665639	0.6217965821132768	-0.039183049229377175	-0.481156572664718	1.19599623311571	0.823950894018458	-0.8539330078586165	0.944800401396243	0.2867335214149128	1.5587412344043472	0.5158427250809406	0.015612249287155374	0.5991686997194664	-1.4400006214070582	0.025751340717121547	0.3477330345287325	0.3040125516729195	-1.2243038657631446	-0.3560807933567205	0.43326420335041965	0.04776216663288791	0.8808410243109561	0.8811103256265873	-0.043261932798163115	-1.1428604400849847	-1.0768028429490772	1.2284858819951738	-0.7298768350660374	-0.47523750304372686
-0.5454316869242802	1.704350796408246	0.5538275095064125	-0.6471098363719204	-0.20898090147009205	1.1134717251004618	1.316358628160049	0.924325305786952	0.8945274234358392	-0.044686255799261276	1.618902488577641	0.03222844167875573	-0.13173543395990625	0.7633768008086675	-0.678207349834635	0.042104038891888365	0.8111007612039726	-0.3336819397357316	0.10196562794075473	-0.42418440645332894	0.0634226255187981	0.6193926470488258	0.6233405175810787	0.9665417831235399	-0.3078585994615154	-0.4234044202081473	0.9110340048110938	1.5804587609054925	-1.6411544390867752	-0.4897869219948669
-0.5645216701647536	1.4636057439463497	0.5791204814983977	-0.33119204729545754	0.13692491412401736	1.5428222519412562	1.2087801292309746	-0.598154909159082	0.6850699801579838	0.4464709096392284	2.465789843844322	0.177596847206253	-0.26940370348079046	1.5096788198286804	0.8316636307538138	-0.21781070602886254	0.6569574612800224	-0.25797128943113434	0.772290730894881	-0.02340818883394868	-0.30615219390507065	1.4095983324625916	-0.69540907158911	-0.9386208358790643	0.09953304868696056	-0.1115285757765726	1.4921373579667259	-0.8508276259359836	0.7043327682023424	-0.7434368949110514
-0.6264718235958858	1.1936732090451176	0.7243009912888511	-0.020224389553399322	0.6922211988217851	1.091666740917347	1.1010090682818712	-1.38484048387908	0.29828120652969486	0.9695205755512376	2.2741580096886516	0.06182107823314527	-0.05094513998194255	1.0643729879963568	0.7098789470414169	0.07922035181722006	1.1796642957646672	-0.18075761721510525	0.9235488624901592	0.19436530391645176	0.08204084643224775	1.3062316007374106	-0.4505206857797003	-0.4283098279278318	-1.0787083995066913	-0.21113791487010802	-0.9600889023421456	-1.1386339613663035	-0.1268181458982392	-0.6437188002220507
-0.47306466303869255	0.83027285824785	0.8509440625371947	0.39487686849028614	0.9541000875717479	1.0527072624353753	1.195807086760857	-1.3454151917311323	0.2601080319195787	0.643028185711334	1.9421403826151535	0.10912209830410327	0.03915699469425422	1.3495500288809263	1.015008788171561	0.07071094742197719	1.4055499631355404	0.045287339959521083	0.2947446818675571	0.22203197757682	0.22319269477217257	1.268044678416044	-0.3025505423384275	-0.14353354475409794	-0.8555695809519299	-0.33941323911717025	-0.5392410485879604	1.1974842044918292	1.3868210129847043	-0.5212050711709348
-0.32044910798772963	1.1078428961697735	1.0020178464511884	0.1092220300666067	1.7847974084066196	1.2729957920994024	1.3741061232128007	-0.6871565436364323	0.7621790973884617	0.974392976498504	1.7791163458444526	0.3468302127473219	0.11514535745213132	1.0226610600775232	1.0884970800292009	0.23451727210618573	1.6676211649699841	0.12332923840087527	0.9169427262027818	0.2652955576389382	0.7946136090286753	0.5914953645015871	0.05178707100219393	1.143986894333469	-0.8787773331068747	-0.43565474658517306	1.4936664003581266	-0.19238437057178845	1.0244489628098568	-0.31290718961603403
-0.17231785640545214	1.1542162310751247	0.9843157942376627	-0.4173386394060448	1.4351760665533713	1.1894309180645688	1.0665729201730323	-0.600827938244811	0.9982279795103888	1.1924968512606102	1.4205384783388477	-0.0662419743459638	-0.2635858202897837	0.9947062084096824	1.1480116305660186	0.062250600144655284	1.0828770782340753	0.04396957725860876	0.8014011108471195	0.35815632149494253	0.48626540127747964	0.9796641216008247	0.05644505829867852	0.746913357858779	1.0373379488721048	0.5288657974675981	-0.43508437408445017	-1.4170847930641326	0.7979733921358555	-0.3870133687048924
0.2087697317766294	1.4156395621701603	0.9715574435029561	-1.420148901819366	0.7670923592474358	0.8813230444934367	1.195983512074659	-0.5672402328876165	1.2501518158673688	1.430567435254986	1.0004891036302381	0.0944210373980362	-0.07666880345894807	1.3024851522323113	-0.15606231750147134	-0.008472098075074607	0.9395438608389919	0.03746304151355898	0.9720253550953293	0.33541253062026893	0.18220709300178545	1.338042657074806	-0.01871890870546561	0.22246426827462953	0.3020880362587101	0.19112170099009237	-1.5294244041470462	-0.27205973186305166	0.43196687988821664	-0.30024464010030616
0.20347882810166598	1.6253315736894658	0.9658714604125452	-1.7399417341101537	-0.26076279351821546	1.002234229738028	1.4001705551011008	0.3630086739560465	0.933466943432836	1.208494533766008	1.133567167969831	-0.11486906994435117	0.05321072963463074	0.9140628165655911	0.15882314845364207	-0.329693535793003	0.8824443317056919	-0.1886186985900678	1.2422213052075217	0.38102049508784197	-0.5000065854346174	1.6019805315668922	-0.09514128809345938	0.05778129481206176	0.35883584905767374	-0.6380851481061133	-1.302723426205628	0.9463433167561054	0.8347738770828038	-0.3084782603382736
0.07101642358002387	1.3006664283562066	0.9231632209219889	-0.9964397217810885	-0.4358958935040724	0.7967213331960176	0.9060977820284062	-1.214712957134558	0.6260095643385798	1.185786820105789	1.4872898930695913	-0.2867113208794283	-0.014003660509488704	1.3368280468469862	0.9373721186233138	-0.6349210027107285	0.3894340990625925	0.14235114209322758	1.1037903539788236	0.4903824995895025	-0.5069943540198794	2.084875404348976	-0.14577185622864974	-0.8927958108058692	0.25521630044477017	-0.09802547849001568	1.056790337297555	1.326005387844444	0.8470229213754115	-0.5581632044992467
-0.10099099286780386	1.2267782869447914	0.9498113448424446	-0.6211211798826889	0.30155610965097696	0.6633285091803393	0.9248781977238212	-1.2652572182014297	-0.20769719016126226	1.198802277833087	1.1448945376775055	-0.21365712993852026	-0.18285535078990992	1.5521571814061457	-0.12861351753836825	-0.23605679023206158	0.941670177577884	-0.13675590414851357	0.6614962934940839	0.4586285639658283	-0.15228488665828327	1.85995083160316	-0.22059033845355464	-0.3333357464026267	-0.9379875150351539	-0.026409005156197735	0.8869768354572027	-1.3324850103497756	0.5281200059392622	-0.4033416380392145
-0.02982196313822116	0.06918031844495501	1.0321664462076614	-0.1023545418775981	1.4483346619139883	0.355475666180393	1.0286304188335955	-0.755396887647521	0.3205102997147012	1.0022919730177555	0.4466784054412184	0.2545890710169201	-0.010054749740869456	1.2825228235350092	0.13475056149066741	-0.21808949512391657	1.0116196220736173	-0.5224723008935741	0.8445748460200898	0.6851189922408971	0.1764071479839939	1.5881340158051165	0.056928972021297854	0.9685792343944354	-1.4401716622816583	0.42899349915389196	-1.5407360142382234	-0.5079506155203486	0.03164895602948442	-0.2438244170611885
0.3338613237710034	-0.7323698142035536	1.038383019256877	0.3356911824848401	0.3765881261734052	0.4087913090875031	0.9912583566130093	-0.1522143606343113	0.5741177346075265	1.2349137364080391	0.12045813682025541	0.15438792388364425	-0.00872161538817612	1.0952826289111584	0.10560940020188339	-0.37456793227634017	1.6317745325326714	-0.5362031799479898	0.5248949059749567	0.6303659782897647	0.5552628461160732	1.9665040630696948	0.17181158546057015	0.9361563871176414	-0.176222291311946	0.46168818533500117	0.35865267523791255	1.4688267503216175	-0.012644357391861816	-0.15609971588016872
0.5018089812611677	-1.3361241259426326	1.1257998668698044	-0.5087136024859725	1.094462796935813	0.3305076677997426	0.8321363266392428	0.2728234903649145	-0.06128446474653358	1.4137118830886841	-1.053477314050275	-0.1841567630367138	-0.08370982690617974	0.9656195655664058	-1.2324303509444536	-0.2973021836298223	1.4041540356630187	-0.4199359494925821	0.3606693849299056	0.7143865870748508	0.5782389051428497	1.4914758950817333	0.33295021542299186	0.8054050721247257	0.9492566766288251	0.4944688957928725	1.5400516191999603	-0.30341044812876017	-0.3425316339575187	-0.03193733379016732
0.2028815566863476	-1.5685874332062995	1.0874241280879318	-0.46999253372464395	-0.09065958258659804	0.52160371964304	0.6917161908702926	-0.5937509110820689	0.08034125241560985	0.8690330645154447	-1.8802143375589229	-0.1826196595273864	-0.19870808979344032	0.9470781548359377	-1.6871087272791132	-0.025364836661358074	1.4499554776539714	-0.2763545351287281	0.10747201838578373	0.6503667937171093	0.9382002155702602	1.2645351285144477	0.30503543424188084	-0.9104067273978823	0.20762047141899462	0.6480709446921987	0.392698594794542	-1.513739692810691	-0.2711847499865366	-0.12608937189766933
0.15078172988885666	-1.7783757871731531	1.0455094034387475	0.20911253417825063	-0.3955482729081668	0.3499234168560524	0.4996643046413102	-0.27884418991682813	0.29547965343370686	0.8368155436388999	-2.2998169569321107	0.06431700097063757	0.012804504838424848	0.9502238210394257	-1.8013638419326414	-0.32298976621511877	1.1749007079766272	-0.023495442380182675	-0.04202946485695944	0.6168063534872686	0.9215068509155118	1.3305120166578224	0.5753821335272027	0.4119111149424949	-1.3490593332241532	0.8884479452328014	-1.3495077258720287	-0.9499593803110098	-0.7159151220798635	-0.015300168992265467
0.19109978439340547	-0.7896331610825659	1.0822833931875682	-0.6958651499565979	-1.0466445405383378	0.7781403941618842	0.8182542009035494	0.18614726014566807	0.7810002369346708	0.8476298374670704	-2.5068455935672103	-0.01028273676813877	0.07154927885516577	1.099278916815902	-1.7751876686214147	0.17946141353290315	1.132246523493314	0.09997436021450373	-0.650635017178161	0.6808356394171668	1.0003462496653541	1.1199984463130719	0.5709041078845731	0.06541326223409791	0.5327047715207199	0.3447554544848969	-1.1540063151741258	0.9912829784381694	0.05251916042494677	0.02821290143888875
0.3985099020417119	0.30189620006862355	1.0243689898726112	0.883979858248183	-2.079190297666483	-1.4873999412201901	-0.020899962033096544	0.0453298403500176	-0.03370870158172074	0.8573425222256426	-1.357942439204766	2.0394016823240046	3.6165687980873007	-0.5217549028231906	0.8671072278224589	4.517857067638178	-1.3629970241756075	-1.904840259549207	0.5990889174289489	1.543958308240057	0.09438838360506827	1.4575796649962234	1.2467185601186082	0.4332036095587526	-1.6673887547502921	1.4519642515270546	0.9381970693634437	1.752500291319894	0.834861035409464	-0.8687551554687529
-1.1258958398181635	0.20457437792619185	0.7230441492992321	4.243220557967391	0.02756656468583482	-1.052987388364667	1.7417014975672895	1.6145034816037485	1.2205370629471557	0.8687387764695055	-0.18867058084227498	-5.320519533572075	1.684028047978701	1.3063858674490572	0.42104016913221076	-1.0573393971053437	-1.2357467435716574	1.002119893248868	0.0010919005133859588	-0.45935944251893784	0.551548042925344	1.1261384321500296	0.25619281258912735	-0.056422845294729615	-0.7893123481065236	1.2539614688824972	0.7988687715692628	-1.4339761621437146	-0.6094996745623411	-0.198343739697946
-1.3889021443055427	0.37636959697475647	0.870839409952424	-0.14590643924421837	0.7599992772412693	1.4197585803969315	0.9219741883292504	0.48934570511612435	-0.0803740870446405	0.3238096764991196	-0.04828740125187029	-0.044826733693927465	-1.0926994031626158	1.1126923961525146	0.7748406386633283	0.18410930397097403	-0.9794979465677907	0.8184872233281274	0.3222235880804577	0.028213777739909643	1.4641602282801673	1.2854042400711327	-0.111297796682556	0.7126206368806013	-0.32981460938219387	1.2857638709236001	-1.772046579762854	0.4178435189578095	0.2437156978761469	-0.41685080064263785
-0.7277848149041284	0.0895878680879096	1.0233154060702487	-0.7024649359280031	0.652005422826932	0.9575700624397592	0.2551967501758619	-0.2135661889100752	-1.1454829399721647	1.5893028940479628	-0.4917847551940517	-0.6444378985430614	-0.458108640689487	0.9348058573583657	-0.5731412851470027	0.0904856840535311	-1.2279598055899017	0.016978366815485896	0.6568996282084546	0.6748303323591734	1.0909237815109871	1.7970282199513825	0.17759604158467168	0.8480323093865992	0.2903508264115862	1.0186944012115948	1.405175375511758	1.0339662214786722	-0.027465207115568678	-0.17199715272937136
-0.4438543229651837	0.1814576086460604	0.8927224934871417	-0.8492785910585395	0.31678680966811174	0.774370684354085	0.1450146067366071	0.25230633620956683	-0.5459141761009202	1.0026375754916697	-1.537132984119229	-0.4652235385895006	-0.39811261998190905	0.845742313482515	-1.3350989009258365	-0.337015642984491	-1.570649036898424	-0.33980754870416546	-0.03319624296007401	1.1215381500346853	-0.24125710144412046	1.8012702754218082	0.3933836735063342	0.6692497342566658	0.9929292327205981	0.30335855630348185	0.8681134830848171	-1.1489424715244436	-0.028846661606297248	0.0013575286039168436
-0.24597686987231498	0.9504408180657179	0.8728178630847753	-0.9885045842192034	-0.418563327484704	0.14066776456253638	0.14810233172045623	-0.5362843891664096	0.23348639846250735	0.6608344642427105	-1.9924624207250943	-0.22365518479329377	-0.31847604074395675	0.4994736853884987	-1.4113930743548848	-0.2665626164530788	-1.075069081944635	-0.4323111645021515	-0.9149376492173192	1.2446345120110016	-0.47609312063031756	1.6838709539511778	0.8845964283958091	0.0010163995287076541	0.5705011593695098	0.4380872316970743	-0.7620384735974461	-1.2197487422651554	-1.250565134713205	0.12178332017724464
-0.011778438493266812	1.7513926260326507	1.020909556375337	-1.3249388197560998	-0.49250760324685505	-0.163235790593846	0.4375638561376235	0.38703886029143086	0.5860905334355229	0.5337478629228325	-1.880768189292774	-0.1506200017578934	0.08952356656031357	0.726499370632527	-1.8525391291318887	-0.22986411447760524	-0.7505587803643778	-0.35411649989630134	-0.41810667917286126	1.1222396484240742	-0.5084651568558551	1.2709776779945023	0.8995960012439275	-0.034550921957408325	-0.25734633122667194	-0.039199523323164565	-1.4045270139847228	-0.17685557909754188	-1.3483205302097732	0.24975247834805014
-0.2821180355080121	1.2918969238172175	0.8284581161945651	4.471841031199568	-1.4862695176449234	0.3521353910922433	1.0258409301801292	2.780028826125924	0.8100334626501204	-0.5344296453337033	-0.542538440014046	-0.1489150089340171	-0.10244562810607714	-0.6053807873989019	0.8170512809497261	-1.5190966487726523	-0.19894372244484945	-0.5569645646895974	0.10906630955920552	1.256119962573427	-1.356248106204002	2.7130258004866397	0.7244128289334326	-0.0495240650337806	-1.7099322645856605	-1.4096833284154957	0.06461216517450766	1.0605900750273847	-1.2670866370216787	-0.33196826146476205
0.6574345351713988	1.256922130878554	1.0339590760728266	4.5964524165629514	0.2667813555582991	-2.020944639358598	-0.31396033152017955	0.8395858667588335	0.3412643310198188	0.23195752678846354	-0.7442243103675708	0.7251632097022005	-0.017595292923922153	0.2889439826371377	-0.4814676018138763	-0.8267954087896882	0.33587009298508164	-0.45359570086715423	0.1848582449032412	1.0167825486645874	0.5443506813225516	0.2433005775656255	1.2854703776256295	-1.0739735676119788	1.319006010862787	-1.9845319985620997	0.7134044399434609	0.7247266843210962	-1.0913480677364344	0.03364036026099197
1.2422543369926446	0.8553591998710061	1.0591855670650463	2.440218955911953	0.4015179663734392	-0.7782859721465871	1.6219124800888536	0.2251648265796887	0.029002833831333022	-0.6013433622869204	-0.6247079156359837	0.2880419677230648	0.3416653590519022	1.6269857125225589	-0.6722377333326068	-0.16604462569347175	0.07921377339234982	0.010197959756657271	0.10358876823846273	0.7579379255078323	0.37192382641672744	-0.9593912387242806	0.6471560595990685	-0.06631119681433148	1.1485661901535271	-1.6210555152253285	0.3267277239753024	1.2645368683753628	-1.0939539773164595	0.018086711260300505
0.8792431427780799	0.2158987872684915	1.037234867267616	1.3703687692892677	0.1723227810498265	0.6640287547172105	0.5767240849206657	-0.14853231521434188	-0.4566107913121566	1.4647730616546346	-1.2484463517503124	0.015224111429346692	0.3677058972437697	1.2242491810557088	-1.4013482815674796	-0.1674809965376157	0.044896748071048924	-0.1921792302457661	1.728532192796027	0.6020248429122778	0.09643595044202179	-2.0073541455272688	0.2573434530009991	0.38065986076652847	1.3310686322363072	-1.263150921639287	1.4558300272902729	0.6131609379149762	-1.4224288917185473	-0.22520292446467938
0.7210347219396036	-1.6517803847265489	0.9728260877362839	0.7547988309012251	0.33371859341618365	0.8294771845363318	0.6365741901689905	-0.11699769547592695	-1.095556497581909	1.0451286534665105	-1.7171458547502867	-0.5196259629643823	-0.41842001403709306	1.1943052010254174	-1.6388914562876613	-0.7163803955283166	0.027663188711411584	-0.5103117901060609	1.66791039778393	0.5438077949478907	-2.768412375250418	-2.1930071879801583	0.2512444161186984	-0.4081886477385073	0.9300650347417454	-1.9404453838570361	0.6549747251883851	-1.024388365710364	-0.15301076033483477	-0.30810287835974065
0.691350021565449	-2.0501924766001247	0.8870545328267258	0.7548989971144036	0.1597966504062971	1.0955076945027336	0.6628005595329859	-0.25480610199933834	-0.14520739221963494	1.058322206067087	-1.705276919510628	-0.5374519008236063	-0.47204180294844894	0.9154999581447165	-1.043619317502973	-0.552744920280639	-1.2217729715837269	-0.6991580604082004	-0.9059055866549555	0.407928759754996	-3.0171843983905555	-1.5143974834729172	0.40808949413370554	-0.16417708150165047	0.4502051233164578	-1.1885566452038732	-0.28911882620239693	-1.1111930879435152	-0.051127635515851706	-0.30387332559704355
0.7383926484940074	-1.7328807638596557	0.7767913752072195	0.09309476571690395	0.8019378298701102	1.321322690229884	1.1693498771931932	0.42814610181786406	0.09454374076263067	0.47204192218673235	-1.132184488574345	-0.41768216561659904	-0.5195693092162138	0.8467998374340434	-0.86869096973677	-0.69088048966632	-1.7560309830917085	-0.6259215690060822	-1.8774888033065062	0.2883512836782817	-3.194803200402488	-0.5427407012287807	0.3190197291417175	0.04088898445847194	0.3421009693474294	-0.8823005947738808	-1.1208568820511071	-0.6890503899160879	-0.521758140768502	-0.30166626896682736
0.46656114026714796	-0.7666397602709211	0.764329685137905	0.22927890038481163	0.4604466853739809	1.0388283406192362	0.6117270054650862	0.5119342234768894	-0.3318620147952446	0.5679108562359926	0.6469555332634542	-0.001399040072521081	-0.5366586316158485	-0.09806702490205899	-0.6431839304472882	-1.032320166474389	-0.7223279623278487	0.07576919093027179	-2.3237845278037232	-0.15137750830220315	-2.4839622976220848	-0.12413581280572375	1.0802081840400077	-1.0421414595791885	-1.116589988265236	-0.8690470277986168	-1.0267475071542191	1.3139274934012575	0.7471374345461473	-0.28090541877180747
0.05881452122621275	0.7844832580051393	0.7033938348659774	0.9586577155104292	0.865864805431227	2.1733777396061456	0.7867335875088755	2.2116042678822136	-1.3340834054252013	-0.4454319351425819	0.9820520653783039	0.2636759897363875	-0.8745632481972713	-0.01491854445355616	0.4253253661598518	-0.6187289244207185	-0.5608907830739546	0.08916825106998219	-1.5150855775690466	-0.147984157493626	0.02808948030443104	-0.8965038357536357	0.6688995350295476	-0.8392224476910154	-1.8903732121534382	0.4455593159363669	1.508641205087433	-0.4709729877688352	-1.05544526084704	-0.4873535142481143
1.3295153033711762	0.3866079563564004	0.302885008175379	1.137646909360027	2.3646869704026257	-0.2106695555574386	0.8579328111268595	1.9845066816054393	-0.6392451199917746	0.2518857936063381	-0.14816921261974866	-0.4269876728929521	-0.24925757895609948	-0.32515207904989546	1.4874008723865846	-0.5947533270305804	-0.8421985176325462	-0.6505734093643843	0.18298545823373763	-0.8205340097550142	1.72630315125298	-0.9091901881668704	0.9265201891071385	-3.4578097946938406	-0.9293994980279642	-0.6680526732510141	-1.0529073532762154	0.895400781142645	-0.7309824389328428	-0.5697779657200235
-0.21733606037133948	0.7650604205873429	-0.543219377417517	2.1805155763541197	-0.9600849361644229	1.9765666969875986	-0.19713356033882376	-1.22878280229619	-0.7827906223390783	3.1404300948990107	-0.6194362020563436	-0.6156480341911293	-0.6672362755608734	-2.3980865378626226	0.10496199654995822	-1.2136207166119797	-1.2417817404997606	-0.7224140602609995	0.23335614619855885	-1.0455990037023246	2.3197590179030856	-0.8795677513995657	0.327852703288044	-2.5365740895897955	-1.141685815039332	-1.2404668813508815	-0.39055879901764	-1.2924588236775072	1.5071283978597256	-1.137778429027247
-0.012308300780301299	1.234748657444647	0.7871859158900345	1.2778520632990409	1.6630332018226779	0.6572176687158898	-0.5287286850200421	-0.4832755890618283	-1.3926696355075132	-1.0764502247718362	0.6061779988242583	-0.05536469516231381	-0.15426252988741365	-0.8036809222675412	-1.6407651041535745	0.9618206992081921	-0.6323839655464331	-1.0920786679999868	0.3589262681342257	-0.9777602820204929	2.920889185602581	-1.3272722523721368	0.5968013041153944	0.9776884528613387	-2.8729212468463845	0.36457591562294406	0.9897239412625152	-0.8944899025409434	-0.20019690596166428	-0.24022472247643348
0.2927251428170383	0.45317398580868107	0.8288975431202966	0.4960507605847105	1.0012844498521367	0.589323403380724	-0.46227858597063565	-1.0972177271276866	-0.5780777780812686	-1.0537474684007864	0.46895581682265775	-0.04184754551063668	-0.34134164629146907	-0.37699822462065624	-1.5224776951149888	0.3290817537134146	-1.6873900353344757	-0.3819228787260398	1.3902345253147586	-0.7385218781110874	1.6981310214852097	-1.177522845231954	0.31337272221179896	1.434622321391588	-0.6189865602518025	-0.2847334540771492	-1.1679464574692164	0.9977428241183075	1.821249001456343	0.03986862180557227
0.23154160966121518	0.05789168850206221	0.9493315694712261	-0.1513388001364869	0.9132134274548401	0.6109487314462054	-0.6285646362450004	-1.4462266930472982	0.2937349071715404	-0.7295716271792274	-0.6855348938550151	-0.09141535947248441	-0.3868005405589493	-0.5159502832692392	-0.5390042253916473	-0.016190786252441428	-1.3620318951050838	-0.6712587991929887	0.7816283172019245	-0.5123664959259245	-0.11608596816033732	-1.0164666040245203	0.2662228737335775	1.47786632829395	-0.6384526831528153	-0.24864146970181406	1.5759830968198825	0.24462953745624194	1.6096992964661827	0.19673611669516092
0.04017356017431932	0.8843787466574692	1.0134233361608156	-0.08080844057193927	0.9315017781445628	0.5438954002986744	-0.7553531702382331	-1.018332457471572	0.555870891991659	-0.4063594715867066	-1.2477892795127639	0.08682104859224896	-0.3195856744544394	-0.696078384476505	1.0561268081200574	-0.09528683697348822	-0.2940751531192907	-0.5691681612235988	-0.5428553682553968	-0.30634642913907	-0.7477851281221409	-0.5562026677134256	0.13573007596106515	1.0699799721207224	1.6976570218390505	0.2509847718607494	-0.26884757954374594	-1.265713159857631	0.2324426467485027	0.3955753077284642
-0.21303436363979802	1.1030648371001535	0.9387066127233991	-0.5141579482204482	0.7579119433407403	1.1758253016564737	-0.6141476559136487	-0.6582836540107342	1.5663325619453057	-0.6338513736357095	-0.8780741337361293	0.2397243664604435	-0.24247920812427134	-1.1911331259555247	1.3111883939215059	0.13443719078646074	-0.20188110266774412	-0.5070689385925261	0.0634012989027067	-0.2696945346850338	-0.3443680715764906	-0.1241153540599223	0.061004044213387905	0.4438857001362551	0.7242091871545352	0.298361246799297	-1.3295926897433978	0.2033811238688225	-0.5116243138420143	0.4850000810044437
-0.5506564008336308	1.1576574589077155	0.7797451748370111	-0.5895345227938849	-0.3874126890598744	1.2743842294021472	-0.9583379831004182	-0.5740721147844524	1.738944144069214	-0.6638549119295399	-1.0130803573388223	-0.043050889173174664	-0.243739413365785	-1.2608842076436464	0.9149617204465844	0.04851213120233064	-0.19697319914084088	-0.6384483401623461	0.405457250289684	-0.40859991573270343	-0.40513286559076844	0.7353682921002033	-0.2741841283204105	0.22401120046155046	0.26659356329179906	0.14531206120203222	-1.0560926745733799	0.709960048803933	-0.6306004590282159	0.47715371907260234
-0.561849292286814	1.1718373054577205	0.7840014237301851	-0.3192421356207921	-0.05242611277808715	0.6680725152820641	-0.8240746799507028	-0.680793392768196	1.5068323879377556	-1.4580502369088146	-1.0983468432740364	0.020863191424736277	-0.41551457116587426	-0.8043400015017338	0.6326361856666768	0.18150036488545693	-0.006824944888850572	-0.7686776721058105	0.14804836633641782	-0.48050464136696935	-0.7342697952311712	1.7822497894835465	-0.0025830637593002204	-0.620371739969681	-0.2362883874903167	0.138007922078123	-0.021210654792713626	1.263029579177701	-0.12464955970070064	0.40430152793992585
-0.4825494528339949	1.218710357934241	0.7761105098111755	0.6946386230853518	1.0890484328976149	0.15436844010015222	-0.4168722107155674	0.24819873592227887	1.089168966172799	-1.9304416096500296	-0.5735138450672513	0.48809277095420556	-0.630109945072229	-0.829285132468887	-0.3196416402713063	-0.031007352565108864	0.6225235978629213	-0.6337076904625797	-0.11969682617582765	-0.6685680347651715	-0.8424563919683316	1.8767997782217853	0.4343241751955256	0.012646197206538179	-2.3828558079520943	-0.04903533331386655	1.3959714509406425	-0.02448082707110287	1.5851416976199069	0.4264005122789908
0.042924212504822146	1.9486238442328252	0.8848094698210759	1.1784144524189797	1.4447243235736655	-0.15839273694922198	-0.32861411267581525	0.41862283609214485	0.9295102467173739	-1.4539697617003093	0.07513094493266471	0.5933182373141039	-0.4454108579909251	-1.224888851521119	-0.08862564341509624	-0.19136020029265896	1.6387031510046792	-0.32293906880714096	-0.32829685980171563	-0.7949669569403169	0.10194133543194883	0.9835160414153425	0.7612452038786436	0.9107550034199596	-0.4728847630659689	0.08758475359884065	-0.4488255383445007	-1.2595913059394548	2.0639302916624356	0.45243950022748014
0.3164738902432833	1.6767815594548132	0.9697945526285705	0.6712435709834419	0.9895186005347106	0.5631361816573992	-0.3346931413412138	0.5471419045624458	1.3164449947985608	-0.7032249666845887	-0.04352905747215684	0.36602266098762226	-0.11255351459419977	-1.1645350408794624	-0.520947284589291	0.0757746482172477	1.7720381623920782	-0.27910679541357536	1.029503697888994	-0.6916786975657206	0.8453561892232507	-0.0019523308892572722	0.5832679154909673	0.742636087562394	0.4812256062506092	0.01338751915683574	-0.8308849416289187	0.8309696575633725	2.0882249747989663	0.47584696778981017
0.43780897495538407	0.9302626889665047	0.9936743244159829	0.09729282028749922	0.7780497103898811	0.5583461394511794	-0.5332387723107498	0.17937509014719535	1.544746678360584	-0.6363600284664659	-0.7262849013885854	0.06634458937480542	-0.23123632648458542	-1.1804168697945172	-0.16945180770029253	0.059208354599142504	0.6342017447798707	-0.4924180015043182	1.6690572490022082	-0.5575198779171868	0.3555397825314146	-0.15362154792154536	0.4875197083908666	1.129170336740898	0.7982179371716909	0.2279702840569387	1.2973150233800812	1.0278334023975888	1.1091741407695108	0.48507472461403656
0.5964951698537169	0.3469669708325901	0.9213162012246062	-0.1003928127092797	0.7031924577321793	0.768453124503027	-1.0347885489200201	-0.338436953471343	1.445760790270406	-0.4215399014134365	-1.4785923326823447	-0.14281745172305707	-0.33180845524672037	-1.1303226271880389	0.5989646738492983	-0.22684515926627855	0.19192316932691325	-0.35681946808478016	1.6259382614087405	-0.4059923495344148	-0.7796254015072585	-0.2777284485105051	0.08119472922602387	0.6620382110548458	1.4298167005430453	-0.11155275880789245	1.2337913620045462	-0.8024243796640207	0.5884732054697687	0.5302042506801481
0.5725169477787045	0.19626764873611988	0.9595978517172935	0.12074038544913832	0.008478493441226493	0.38149712773860794	-1.116718261456427	-0.9171799631672193	0.051617848631605893	-0.4734309011373112	-1.555486568294281	-0.13390700831119975	-0.4333974760780291	-0.9588423446200527	1.251373657551602	-0.16519967061426294	0.6377752542717855	-0.5712180866824798	0.6140414594078886	-0.33128967108939356	-1.1613416691448502	-0.24245324393316495	-0.5769565531534532	0.054651190448452326	1.6555800115774002	0.21975795711760215	-0.3886373202387909	-1.4122794570887331	-1.2134406306590286	0.6127461981579323
0.5992673415094352	0.6389659703948193	0.9207535134712482	0.404966365170775	0.06427034850893668	0.173573250759655	-0.964583903514907	-1.2022935978653595	-1.423589020741947	-1.1725371425976512	-1.2546118677611517	0.29862538996311594	-0.4477681570402173	-0.5705291752234332	0.9721928032298556	-0.39343576195098123	1.194177419245918	-0.3835739723336322	0.11963694013377224	-0.4785958038658218	-1.4293677461861005	-0.1170398376117217	-0.5981796470597448	-0.4686156417426114	-0.09430272873212074	0.38007080164266477	-1.2756749501576337	0.08767167741636767	-0.6049474367631289	0.5810209373861864
0.7169949823006092	1.1065669018020345	0.8851588557205876	0.5607744995704783	-0.06852510347060088	0.0454293504651798	-1.0382732886052999	-0.9024131511442346	-0.6753765302155879	-1.3099695666460347	-1.1575732188996366	0.36164294642180456	-0.4458190104077239	-0.7125242733827417	1.2187964345527398	-0.11337790385830404	2.1253790014168623	-0.4870014484728717	0.4089421672363052	-0.4476147875010688	-0.8588521919717648	-0.00407315673011775	-0.5512591733115811	0.20039554495906245	-0.6401605119823635	-0.058737958161273904	-0.32219785622416175	1.0584077633080415	-1.0060522067330577	0.6426724476978887
0.688574476655551	0.8592624084149169	0.8950101255057907	1.2716920088985744	-1.3476552592377993	-0.1810180195461527	-1.0302149047481461	-0.792227525085818	-1.425884482146365	-1.3589642237941235	-1.0688751954561746	-1.6516369567963263	0.6249449843885729	-1.194818026945331	1.0173412002761053	-0.46726597619274474	1.767876308061912	0.6565195126334584	1.564658469363322	-0.8553247691238335	-1.211132751187278	0.2079594393774372	-0.3225730895561602	0.6693751737858362	-0.49368712124536457	0.47745545757946095	1.006002666172592	1.2567714969264652	-0.8611818939538476	0.4960129722939675
0.49122721662763286	-0.10121495637332596	0.8912325644803273	0.43259450969637564	0.9724807543875489	0.05795382382125975	-1.18903556608081	-0.37391840487335753	-0.5889202369240907	-1.1601940419466965	-1.113097995908848	0.5102540406657884	-0.4786289613951429	-0.8000173193706092	1.3588990741015363	0.022393060630282183	1.4016277835537785	0.3477541493828366	0.44492160590080104	-0.9170003007896321	-0.2061819667099655	0.19677553731323166	-0.6344543356345642	1.233389942248813	0.5409359885902401	-0.17142783621939578	1.2107037108954943	-0.792510147478471	-0.24532260153468577	0.40465977650690793
0.23982808953319457	-0.19523354103923846	0.8232524518877203	-0.007955119253343294	0.09764133285950849	0.5314549039567804	-1.202258856960052	-0.15707650703156076	0.3756775118283037	-0.7407928342640174	-1.0691159153595866	0.09367619414920687	-0.36942144266667665	-1.113019372851281	1.8725391761208166	0.17272536671273728	0.6856622420877099	0.012642900737863508	0.24991115508550998	-0.6495058934338658	-0.14363641761605936	0.39809116913278353	-0.5657537532751065	0.7590060290408756	1.0988448414254703	0.5411997649489744	-0.6755141649928439	-1.278190512028388	-1.1066327620775998	0.49426792134425973
0.12867300338701124	-0.29541233324343735	0.7311411872522005	-0.3125638024057352	-0.2844620986556038	0.8945163665483936	-1.272999946783253	-0.18012305449311736	0.8067851189379697	-0.7512334363865518	-1.1363562288814768	0.18374200792997333	-0.35456805251684254	-1.1147959343122027	1.4897000738701704	0.11064572642729631	-0.04836833774086893	0.036272686623160535	0.07898713837175748	-0.5006487828982359	-0.6588861389004044	0.4698290024499786	-0.8723327804778921	0.7076371126328299	0.5953190382357272	-0.07869492264223636	-1.4280968085724672	0.29750989153161866	-0.9371217963491033	0.608553182364513
0.10398126478587189	-0.13778288060173857	0.5313410931857354	-0.20505382143293407	-1.111360899304321	0.9633231266446296	-1.5476494988965934	-0.21036619883687158	1.2176664910003137	-0.5113802224997405	-0.7784192516083298	-0.20342852995139593	-0.3564684651370549	-1.4448238457975546	1.3108761598077114	0.19761200897664033	-0.4408728720169184	-0.06079156555394858	-0.6386637440106271	-0.26231035531043284	-0.8278783777045281	0.8311221314278979	-1.4373002399476245	0.10603056206138442	0.8295409065897952	-0.3827463883551306	0.31180894797076153	1.3544450949795015	-1.506905719085963	0.6750053920050492
0.47751126123632137	-0.3321210662461067	0.4478141425402495	-0.31303214396772716	-1.2277123171299305	0.7149522127835554	-1.3565499104577499	-0.025052371075501043	1.3100427395490708	-1.1159886296321737	-0.9078647228242838	0.026620581570351912	-0.21242910552499641	-1.0934718599381887	1.5288623878237009	0.057585390304720596	-0.5550557022980345	-0.07130137752804916	-0.4003056407554964	-0.23902812449463975	-0.9715040324087607	1.2658687300128386	-1.5515984655683157	-0.6071176716511997	0.3458789992472377	-0.3402130184588062	1.3438449284036973	0.1748510372766095	-0.7682534295827107	0.7635290683398532
0.2755719872276341	0.14511450180865493	0.479607740665499	0.1863100432043464	-1.4649244471987293	0.41350549805748193	-1.716042573752131	-1.0304031982448412	1.3641319133894607	-0.9503801230218668	-1.0772768165882405	0.15179584375119828	-0.18780148086095186	-1.0091411103049048	1.5723672490180445	0.08762043881270519	-0.07439984397263923	0.01606373115525142	-0.8848811725496	-0.10221440911440212	0.20066725697840565	1.2401929505825178	-1.5992822401366322	-1.0502837681228165	0.14516102801188313	0.20391413673180436	-0.014756163371209928	-1.4242710931269733	-1.2844169614001226	0.7615519077437742
0.9900120785864027	0.7445011389270771	0.432267273956572	1.1064501678965164	-0.798356898184017	-0.5998700951794893	-1.7051397208796406	0.18271949698968715	0.7670410010218903	-2.531252209041635	-1.08755490309091	1.2500230851955885	0.02702916280491379	1.8500657065101107	1.4523249971822279	-0.2393965746872561	-0.36030697398891787	0.115725701588958	0.14365525082477243	0.2463367735401263	0.9984620951579796	0.6048054606752801	-1.1269355485551305	0.425630175983962	-2.0501326281555428	0.13769484892648207	-1.5875308193866287	-0.028031888491580885	-0.13208311982657517	0.7936278397383464
2.846733660863258	0.7991862154165381	0.3305108438723521	0.04868812880417476	-1.692484956852902	0.35551559592792775	1.0330838188463738	-0.09775875083521456	0.17767020414766654	1.1019553261085275	-0.12405123026811649	0.13745958080593765	0.23481627360210353	-0.0993338931957458	0.3305655340594132	0.9271198127599867	-0.08905667015300288	0.2979967393352284	-0.7129560611936064	1.0409591079095288	1.8234483894037068	0.891358415230241	0.8518009081529233	-0.6743385811085593	0.8767102346204397	0.4706932429469832	0.6510476591142704	0.8798367159206099	1.5088276473397637	1.6644686540516558
3.2876477477426644	1.063695763943314	0.5427734409805435	-1.0586690762398312	-0.3170151136905104	0.4302876512496909	-0.7926991940822891	-0.7859458445023214	0.7388426039995433	-0.46268934254401806	0.8551768666427676	-0.021712204817840922	0.04968804173736054	0.29549575503845965	0.02989134072677493	0.198616467070292	0.06067632225523122	0.151987596630495	0.5363355140558914	0.22608128497953106	1.4971593947398456	-0.33581405890756144	0.21222187075808496	1.0717230135700542	-0.027799404523687725	0.2545459879456322	0.2883344832705598	-1.4559485855236858	0.4302641700771642	1.273368121348266
2.727780048712586	0.5945244553644554	0.6127536528344766	-1.4496442998981847	-0.6136036342756068	0.19056553442257018	-0.6621059105210442	-0.1375702415704671	0.5107468403689155	-0.12194677387891903	1.1818143784581079	0.03813425266944507	-0.0026792173183077007	0.2789041187338305	0.3257752340677531	-0.028234394640697717	-0.2760798077165748	0.26728391430719667	1.7180167353408395	0.15887845477071216	0.4155682592558242	-1.0629255227272694	0.2599562095683038	1.4936306860578878	-0.10089318699345762	-0.1039324098592963	-1.546011698937871	-0.16572339667496885	-0.2491462316657772	1.2747018276294018
2.6122720576105265	-0.42781833333438996	0.4066861543133735	-1.081732853852423	-0.6688055870552945	0.3741480003974995	-0.7110544770910048	0.03155343622335776	-0.9656394160249391	0.2365941630955391	1.329261445849421	-0.37957288796017685	-0.30431500995633964	0.15980459967361618	-0.00829863809599983	-0.5162097210208747	-0.5766689753929445	-0.022062974846224253	0.9407298135312125	0.26918385235828807	-1.092362671194003	-0.5595286586000713	0.29242507524309697	0.988842112600105	0.3894452195681143	-0.03975686039319641	0.7718690251412406	1.0911513685761904	-0.2749868143998219	1.095775796834723
2.5600381264663095	-0.3788519867600957	0.4366536196773983	-1.2314020269324513	0.5169879380635333	0.5993221039409621	-0.9645740631789573	-0.762435830129395	-1.6619715133747652	0.11387662189379791	0.9042499728813158	-0.4929001587570816	-0.09215703525001707	-0.34016685156718224	-0.7531376224569787	-0.5751154932821052	-1.1550383394535748	0.15258435418334867	-0.44181442720691383	0.1721774484777346	-0.7425775828974238	-0.1136008659375682	-0.21187132173928297	0.4709466170256109	1.5139038428606313	-0.026088990640504628	0.46246333590241895	-1.0846832227826575	-0.22123935091095598	1.0809962405869247
2.3141187075365104	0.20060448566658004	0.31705633905492775	-1.237683358657566	0.6693864738415322	0.8910685413843753	-1.0518256344268297	-0.7023962920636695	-0.3999079012989183	0.06088214899970706	0.6871786805293565	-0.18184945947553147	0.20569077502814748	-0.6436117246845974	-0.7542644848300838	-0.4337696523750958	-1.1827088741798275	0.5851690999134721	-0.6067696316816664	0.06471047094783482	-0.6251734930040669	-0.08560662232021685	-0.5701526735506866	-0.06510290681617252	0.4941312779774205	-0.2184376199949019	-1.35311384665665	-0.3905368059264962	-0.8342831364649828	1.1505172581378154
2.073991677181471	0.6221521034340246	0.31551575893796757	-1.2623114529536725	-0.1356220556724728	0.8930008130389796	-1.341599493397653	-0.5759743000134567	-0.5589172331890321	-0.019728417437668205	0.8497229368875607	-0.20431230435501263	0.3120131865320542	-0.6262488272861739	-0.6780667763966713	-0.3775286516708465	0.003289497899693589	0.4838817798984752	-0.3159450622638417	-0.018767950442259675	-0.7306994351515237	-0.2802042210463934	-1.1784763490951642	-0.18294499041824983	0.06358717994073985	-0.5578312604515935	-0.5955780450154824	1.08936107025089	-0.7049639406922026	1.2583475504170183
2.077765710926546	-0.17255003781684874	0.2320426690686583	-0.5499897936327004	-1.4115975295854755	1.3063052462014284	-1.0180588978061458	1.9806555271908597	-1.7586038550914436	0.3655614409985381	0.5223897335834058	0.21240859374947377	-0.127402007770152	-1.7210629053305238	0.2061748742994895	-0.4097994014963497	0.504668044676027	0.45712578817400695	0.08696827080358391	-0.18899888519865163	-0.336951473255731	0.3612109143409229	-2.6929270441865407	-0.464032018409559	-0.986644497397953	0.35316704479970457	1.171760732963913	0.791938825173597	-0.3841204142335431	1.5123046642100442
2.0793376747048473	-0.012353565403763374	0.4546718164608421	-0.2709293032415065	-0.04558458184253314	-0.8941093278814684	-0.5918339935815007	-0.22776425271577103	-1.1571646090792351	-2.5704663426360845	-0.21503673777871007	0.4420755909496758	0.0149507238745961	1.4973489296625142	0.9471940529899893	-0.4483366223700384	0.3757278287973408	0.4940628554302025	-0.8125838704883095	0.32424255293359583	1.082039376035843	0.6324241127616614	-0.4350309365339549	-1.9847895118834091	0.9158461419310848	1.0646234127909586	1.2218055954196212	-0.9262473036610704	1.1733701640942669	1.110499145972546
1.3822674659485528	0.021483689867638642	0.2713318876812573	-0.6305507059968848	-0.10381023433225041	-0.13121896156842175	-1.0196666172051378	-0.8196441507549342	-0.0925826888079588	-0.18407570118246558	0.8874438127396405	-0.17102546033318583	-0.08780435524395601	-0.13802369667411435	0.8499919630560152	-0.08981934134777497	0.47691888030288737	0.2684693866290251	0.4009877160281691	0.5614589759583041	1.2185582047122225	-0.34735995027327526	0.07891137086492798	0.242382918876863	-0.40188986073589283	0.969534742937374	-0.15000909554675448	-1.571530751967881	0.5874443385529796	1.196565036595554
0.778308492715633	-0.30190792398997923	-0.8305063557324983	-0.5751019024710472	-0.14988740698279593	0.6535848870873489	-1.5644421919145803	-1.0477372944274148	-0.40748365122205954	0.6732167429955781	1.1840114966241169	-0.24055222561060347	-0.08258924200730093	-1.1167595351745152	0.007637562329330393	-0.3624161109768995	0.5839107863832462	0.11936180618476175	0.312383583811894	0.7639679268661929	0.08509128718939275	-0.3346705586881465	-0.8527897310134842	1.071567938874308	0.6989044468826756	0.22471809407713647	-0.9854808957369674	-0.9890929937396992	-0.8652806754592614	1.4386653759294081
1.665262758045947	-0.6825828797295903	-0.7625803084045668	-0.7479949293666014	0.03396631056218543	-0.3312200364348235	-0.4094572367102671	0.2940078466273032	-1.2727886284515566	-1.4120106655860687	0.8920052969665029	0.6230463992217257	-0.10247837111629468	0.8928800497881157	0.31520895939397775	-0.37293966403471057	0.48034526624762236	0.2605785593989236	0.32742012548425503	0.691248848422996	-1.2828621792829247	-0.6227793716532234	-0.17806958715103222	0.7181079713237629	-0.944127953913585	-0.2752274955923325	-1.5843164762364763	0.4839980466070487	0.2815892347904265	1.621804992586829
1.2287043783135094	-0.6955897822953505	-0.9042078444474018	-0.6635412942538008	0.2309829165777563	0.799168911821226	-1.3638468514488238	-0.5585039620428004	-0.4144929021896524	-0.2539278711564038	0.7060410467913066	-0.19816653252723568	-0.09182530722582212	-0.25015209677906	-0.6115345369035564	-0.33964517005649797	-0.07663290611565801	-0.06956026068478817	-0.34431645414005363	0.7289418945693383	-0.3942382364814865	-0.2360332342123248	-0.8856811347050196	0.5146025197864451	0.6275609755509953	-0.7179665522562715	0.5183309056961921	1.3746246552206878	-1.1978351467457449	1.4674060017426576
1.20616014751186	-1.1507344962612482	-0.9127339947344156	-1.3736765974268168	-0.1583842356168003	0.45876275990418874	-0.6158612334983593	1.3885028824498327	0.6296938867687819	-0.23455709565987426	0.15889823720154075	-0.23609146599129427	-0.2737676067307756	-0.612666848739278	-0.19635603740456373	0.03574963471360834	-1.3989076501310085	-0.1609652895149668	-0.38654901007542375	0.7791582820628035	-0.6541141548415259	0.1046915119607215	-0.46867025466093193	-0.0754886118911926	-0.14684426315097024	-0.11421838133686325	1.1940294981193613	0.4710082430821055	-1.2223424796669915	1.601349393680379
0.5272196074822564	-0.5917169481294033	-0.4076107520726183	0.6068557401556475	-0.9190281486636968	0.2838898251391178	-1.3262793927476786	0.01060478194640065	1.0767377288885642	-0.6145378076037855	0.8155820351626676	-0.21122248002808813	-0.30296083667189255	0.4547089035667347	0.4815898930687602	-0.4174548147373311	-0.9728998996997272	0.2984134194373792	-1.4108813737935095	0.8813869222215205	-0.15494002914481048	0.5943360672146855	-0.43460872210229734	-2.0397081122389795	-0.6346607334881339	0.8146356536821799	0.6607878923334987	-1.1829787434917098	-0.17959695868493772	1.0610154821962006
0.6102443317755389	0.03412010155753558	-1.5493509867437683	-0.3801895114751448	0.4142588274462778	-0.2827060265179522	-1.291699767143994	-0.7287778342383915	0.8065804276878084	0.16152690566826328	-0.4847362507127673	-0.17881369801676086	0.11068254626491178	-0.12639967604639551	-0.7251101522597346	0.20356480551113562	0.26509286247668146	-0.0801147565149499	-0.6992835153434208	1.2623956130369254	1.4117790797261023	-0.13253818358868394	-0.11807966668707782	0.603615686226758	-0.14293313211361822	1.0094282821721214	-0.7524258341497462	-1.0338337606931356	-2.472757140316637	1.452545536603545
0.5534703245592093	-0.7318950700699606	-1.0908597611440685	-0.9180144569831808	-0.11987723103842839	0.09741980065362826	-0.7948770071423018	-0.9077490090281675	0.10046291012447045	-0.4426400662662958	-0.402256751068536	0.08623594326777048	0.04089027793974863	0.3902768572996029	-0.27391421789952347	-0.1198180900555155	0.45857573793662654	0.035061682060082304	0.159677077088063	1.2379524139042162	0.995266893091803	-0.4365894255949415	-0.03275741542117916	-0.19671354966971513	-0.8832853324567125	0.979498919245714	-1.1917670939443794	-0.301441781853228	-1.1413377801708047	1.4037855951975091
0.00848850266667341	-0.8266728209908383	-0.11633493701930248	-1.7293070772856658	-0.4658949397316386	-1.3789686098431493	0.10232962344391304	-0.15075458091622776	0.5495917915711965	-0.42516455031108247	0.06856673558562883	0.215523968992584	-0.18613095320617062	1.1565715258336593	1.2199190560786832	-0.1576136425912815	-0.24355599896073207	-0.4939165520053999	0.3228325481007655	1.0429534627140409	0.7571866227457354	-0.8176774129332635	-0.264212783070279	0.0910091907508786	-1.532791230503545	0.8320079063593213	-1.2970169618828586	0.8036198044917607	1.6896714888265258	1.4365509125272702
-0.8091257385010062	-1.283628890685278	-0.8134931462378665	-0.4068337168836673	0.04824934293762436	0.24775281000137397	-1.22399129577539	-1.3705953729464408	0.404931804329338	0.16026763013887724	0.8520884700889017	-0.6476127652735254	-0.40184183902365245	-0.17422822566208193	0.3514132460428032	0.2740590404517223	-0.5648567596502836	-0.6272469076006162	0.7151399291865902	1.3194897706397595	0.06504569399058008	-0.6322581497161928	-0.27962462218861744	0.3758650368367347	0.11541986946776459	0.171031142166173	0.5681186860217141	1.3024439167995137	-0.0851981718851721	1.149925392466761
-0.7633403911552924	-1.802460736275154	-0.7805715253325033	0.35490925022788183	-0.2887590087103325	0.46210510454555837	-0.6416855916340117	2.168434590088484	-0.6758571579706415	0.5804685826677899	0.5667631685530182	-0.20013202470596914	-0.008765516296388146	-0.5323752354055347	1.330155309116915	-0.2543829839104042	-1.7774461502780348	0.10563556753190297	0.1240451173002318	1.119289510798553	-0.6335031054522027	-0.03745344583156538	-0.5128354447957846	0.695549091343539	-0.9099981269821891	0.04042725579925413	1.156986421196873	0.3950131803534196	1.2509560355951337	1.3799397016498522
-0.17564797533993906	-0.46202876746224897	-0.35633237010994623	0.31725976339251516	0.5138160902301728	-0.5170372697593218	-0.8483138823786862	-0.8685140422489694	-1.191371204374721	-0.7730989690406742	1.2172744810461034	-0.07954141340849692	0.09920936189948444	0.7052272621972902	1.040009626558159	-0.007779899856159813	-1.6134769164820435	0.275291542105355	-1.660334382555612	1.2895923794622903	0.3729155471985785	0.03986903776203778	0.06653516928655162	-0.8144846925964797	1.7897506955652305	0.4119696207567111	0.10683392494351468	-1.4242301071215573	1.217814286828615	1.1191647278230614
-0.25705600629584013	-0.11529499076095838	-0.8936248817660113	-0.03335394911488401	0.911693730532832	-0.3030255742258566	-0.8665554993491682	-0.7306426118348943	-0.2078195295369032	0.05647379572706175	1.1145261831789584	-0.06637561245061116	0.06945819398547608	0.33457762318104617	0.6034690400043166	0.06886768288600272	-1.078471220749043	0.31275179580541396	-0.34634939781459545	1.3689951141625785	0.42461558185033393	-0.4503967498574681	0.2363661229420486	0.7956791014584208	-0.34819497099934094	-0.12373459760646005	-1.2027410698570862	-0.8578388598214394	0.7476188598547479	1.3582493523814978
-0.7222417285817845	0.05058919570615849	-1.4130963523155669	-0.37012127663260586	0.18810950813847355	-0.04321757951317135	-0.9476179814480342	-0.35311474990547037	0.11302233305739498	0.32124123927133513	0.55572546590175	-0.1334636801789632	0.06337229400738985	-0.018315588185116416	-0.16994992000921322	-0.030423182526644277	-0.5767604865957272	0.21657750301790135	-0.12249074463496683	1.4049269686886383	-0.446552063047804	-0.6744890222235636	-0.039422065296732776	0.9399849792713282	0.020697315322669056	-0.3560547025179557	-1.3601403724178154	0.09655772694442821	0.22664258992043013	1.5074591611914552
-1.4450424133092734	0.16750366113361803	-2.20606431665535	-0.13585164174915745	-1.1295818371046493	0.46255183071936434	-1.7509588777228766	-0.42791544007202537	-0.4218479122518645	0.7085151261965489	-0.2080498160943441	-0.3273616956571196	-0.40260418297773054	-1.1739624257103392	-0.8703861858644972	-0.16797670858548283	0.2859792543039789	-0.331660796507745	-0.15156509553607397	1.2402704390460992	-1.4137377016872932	-1.4244364565960412	-1.1362942007500108	0.5608885630133579	0.08980114053775418	-1.0859679644576434	-0.6951918911663817	0.7713700085684048	-1.107492127592034	1.5119493644194075
-0.650590797521645	-0.045150595054349166	-1.8165546428129766	-0.41193609364362344	0.014041943254920176	0.00781869194077977	-1.0291477446985915	-0.6411322734363876	-0.2689891328902461	-1.1239539253648276	-0.3472107974226122	-0.05004729816106039	-0.3055742743690594	0.4343467659344803	-0.5854066415746034	0.023738405126006744	0.1345196850533189	-0.19679392750596128	-0.6326523879371321	1.3576884634869324	-1.580579579672292	-0.7610750761680249	-0.6435550890199675	-0.051191330936886006	-0.1289302434378797	-0.9955150705480106	0.19283037888760216	1.3068157519260786	-0.9094143986847176	1.5152940151965246
-0.8034738414420567	0.3223437633560593	-1.9902559471272478	-0.21380755605938284	0.3277346674668252	0.069417425430909	-1.2039327139618599	-0.16072397019872936	0.25142250769240765	-0.4176061584151319	-0.1748757217857213	-0.1701114438428784	-0.40922810097563983	-0.14461415411776377	-0.7150533716914721	0.12926827856251014	-0.08879003095312568	-0.15665471323228722	-0.8480747246271182	1.3372712473529194	-1.1249452811457457	-0.17895012242992883	-0.45892312424644305	0.27721600114568395	-0.08406406481311057	-1.1585352711589434	0.7146449133472896	1.1636179163689329	-1.0578304703496644	1.5077274108366048
-0.7198672007430534	0.7736266638731042	-1.9455620725129588	-0.3083230302559164	0.3722964527757907	0.10884616387032642	-1.1098299420350686	-0.3567247475271294	0.5154757842975587	-0.644873437323038	-0.03344272185150492	0.017133451425250985	-0.3497946446685022	-0.07837011853269708	-0.5186492179736063	0.12023978415586685	0.24035724112581816	-0.3325712585796931	-0.4863346011685014	1.4223536377098036	-0.9786444655082359	0.4401326709216465	-0.3885213469496104	0.004756692780790301	-0.24090074051880708	-1.2247734646828854	1.034946630688176	0.6980273658855687	-0.5649493756171864	1.5083587392060533
-0.7458202164331936	1.0435127529256127	-1.5870880743485776	0.26985867403077646	0.835161783442453	-0.17843514298207327	-1.0150820043775237	0.19002854130418165	0.569074615017089	-0.9934777038006272	0.48768326597361855	0.43433176506210613	-0.390184075978011	0.3829640929581006	-0.4328276338597573	0.1550834601773235	0.8020594418314138	-0.16611980321674794	-0.33746760731610187	1.3004225869686714	-0.8923669999122812	1.1350952153667375	-0.4696886829599562	-0.2448141019371448	-1.3094653718688136	-0.9147274410614077	1.0703581265394788	-0.289566150800904	0.7269755518620483	1.6011752963618744
-0.4541352364537693	1.5018441414235908	-1.2374737891268421	0.6433295970134704	0.7713940697245486	-0.29731868162219766	-0.6950791117139433	1.4815926216741564	0.886673408750891	-0.4311181866926927	0.8018485845932416	0.3428908167520999	-0.05739072920412783	-0.00785937007135835	0.32555579852418903	0.01291206917060804	1.1298542757128713	0.10847385260251868	-0.15272665968246246	1.315336589905955	-0.42054433067710273	1.3063569193245335	-0.07926494958624693	0.42588865152309724	-0.015280313655679981	-0.5815362474194291	0.47395079758393005	-1.123663867323649	1.1913658234020188	1.7146788714067218
-0.45575614468697095	2.031248998722284	-0.7173603424245892	0.18632957324022706	0.613037424805551	-0.1643014068202688	-0.6101951629979451	0.3157056740590104	1.257461808518282	0.21439709634472645	1.2917924593419015	0.22350288314527234	0.15518959063673657	-0.45974884683430933	0.709425962664243	0.13480789856505743	1.231886569435527	0.1383405907463052	-0.011481444980973223	1.4149142016526317	0.2980917664756953	0.5767832716275904	0.5183098755429099	-0.3863146391989175	1.6958594977007744	0.017320632199157377	-0.9120330477973057	-0.8561238089502955	0.5993962840101931	1.4282714440055508
-0.5823935407167424	1.9119192136808292	-0.6703261001756484	-0.29015838944085365	0.7084847482980152	-0.0612883606338102	-0.7177531773308037	-0.3774136445317956	0.6735733882696767	-0.4976519620063959	1.2595167149415034	-0.13547635703842714	0.1754334368177594	0.002731826059395181	0.4409962236034797	0.3891666025582298	1.9945744000767265	-0.03708860702494964	1.0367104912125549	1.3997627488921836	0.240586892039597	-0.4734442061934925	0.6705872222008802	-0.7299169319519093	0.5423567281539672	-0.18522700557014618	-0.9660283743960829	0.6724658954184777	0.5258500389619115	1.317176922683516
-0.5692098476263034	0.9886454584805816	-0.9101935940913736	-0.10946363573645511	0.8492917926943467	0.002009689496189768	-0.7677351071529321	-0.8462319884571035	0.894489229062103	-0.6911129982332659	0.756355348143072	-0.32212910221122776	-0.005078541423821741	0.19998557459152183	0.45250201486122316	0.14058318058474506	1.7139137925080172	-0.21250019071802026	1.29664454371651	1.5086600311327047	-0.06980536691024994	-0.38476649687226466	0.6481811279727508	-0.8147518511943314	0.2902878151062546	-0.053815395553362504	0.6486828945859324	1.117667872089277	0.4087373974833967	1.2836890360588622
-0.729258034451374	0.1899052541913792	-1.2408522105726016	-0.286454596289738	1.1861891391180708	0.15269446800500652	-0.8557789858640221	-0.6050889869522355	1.5341174612089559	-0.6404047733003023	0.26661331785414927	-0.14854456959756374	0.022424192281519796	0.16371222569402138	-0.258187781367199	0.12060751594240686	1.1664849883877941	-0.3465431548454236	1.3571796855609655	1.5104932277756589	-0.13685838836343506	-0.5454525841118444	0.5877168538273477	-0.4114743980914	-0.4950283016240019	-0.24588830996192593	1.1551536391101571	-0.542435890071963	0.8785744743985976	1.3464205562856992
-0.4900508841469734	-1.0305179986120452	-0.8085926110535062	0.0012849918824750686	0.7654971448051858	-0.21334014795739467	-0.4765140959713093	-0.6892667117403268	1.3457789412945307	-0.5073088705769697	0.0024009874432567822	-0.3871954450806338	-0.16616909842027794	0.5784112668302995	0.568633426332232	-0.0345266297937404	1.2867961347286487	-0.19873244092760747	0.6769835681338807	1.3764018455487688	-0.19533591385436144	-0.5799623585774908	0.5958988998781609	-0.16378112016023041	-0.7674726174431561	0.6162404372202532	-0.5496845906104415	-1.314716429769001	0.575863204093561	1.3421499907739824
-0.1298330015928583	-1.2331931888196033	-0.320597109564331	0.16844555919117937	0.37976517457634706	-0.08714316814184953	0.476375206784178	2.0974966734540974	1.1959920853758832	-0.046618012079624065	-0.6129485723049553	0.44713971509625483	0.3783289992726293	0.30440886345296286	1.9373045962783662	0.021097063082477777	0.3452253224462219	0.4041885054572385	0.5127724794321707	1.205312370074093	0.2002106387614047	-0.4365053887800726	0.8376068521693423	0.6449394571989061	0.07618250525754623	0.7526632265987733	-1.4952541835952713	0.30330480768711676	2.089882148314623	1.47815299507827
-0.21765918567593354	-0.07674975180067346	-0.13283750216598023	0.035432383323967545	-0.36166873240042646	-0.19701723215155284	-0.43194164839437293	-0.5151845770658496	0.5542844738697114	0.1974707430805601	0.2398246159026364	-0.6282677170806905	-0.25932808671712665	0.27768315865469856	1.1461847318009446	0.24294286508093438	-0.3150917475022947	0.08351354832629881	-0.43468318379047355	1.5362409914059714	0.5791796529387151	-0.3709120019226744	0.9587326834983113	-0.6810903595244545	1.5242366794687916	1.3923154660602506	1.246035726058458	1.0426338184908128	0.13750887158244654	0.8964211652625889
-0.594302246811899	-0.026982861495063636	-0.4709265382305484	-0.1429104278090281	-0.2998334632754677	-0.1331293005822932	-0.7183990483109074	-0.7888967997439598	-0.25086890625657826	0.11628506152773554	0.5451249313285528	-0.6688138529198079	-0.25976596881729197	0.018758614228334514	0.9420414395082393	0.29537372019875796	-0.2439557009699796	0.021845037216065042	0.1656441815451772	1.4179501285437117	0.6770214314098282	-0.8473456283929982	0.7622543398315715	-0.7518056983840373	-0.09555469888225819	1.585911800044892	0.23418263055862537	-1.4625950165815085	0.19764520238713193	1.0864323974415928
-0.4783640979632956	-0.9554051629361133	-0.9487480448452368	0.10874730062547718	0.08697511104700364	-0.29960582242281397	-0.8851078205198878	-0.2531132301058926	-0.9634987241409616	-0.2687417949185535	0.49223492756816645	-0.12837810245709724	-0.0808611414951423	0.3543363628062027	1.0757809592539593	0.12967125730410306	0.21043728173044687	-0.11094735207231093	0.2923901558535131	1.2455908797707569	0.8682253905330362	-0.8518025679960427	0.09935029665071426	0.6228221632549431	-0.7211159396388641	0.931227879246487	-1.3896908516716011	0.32445158405548086	0.5981950298817702	1.3675670408480987
-0.7933491369628655	-1.7445259839005895	-1.429534135509267	-0.0764493618782666	-0.011762418443058632	0.06023984358073231	-1.0753569540711079	-0.6673870197164073	-1.5844191622256218	0.230110145036698	-0.16357386799729207	-0.5243968794318993	-0.23728769607707673	-0.24120989430443518	-0.2953979802805111	0.37938555321197054	1.110527014363361	-0.29706989267226724	0.05708867924716884	1.3465300538384155	0.7393863761515262	-0.5872422261025058	-0.3936822077378498	0.31773516101651406	-0.07256229022812509	0.37786943868634704	0.8501999837949956	1.1739759701527164	-0.3410087640313291	1.4521742273022995
-0.9081113415124448	-2.2011293403408345	-1.4318536898985021	-0.1353768554839181	0.32015413056644954	0.10440692640900093	-1.0709160338763868	-0.49953727186222946	-0.9974013313909333	-0.5112890649929197	0.18152692407129317	-0.08403871817086224	-0.14625979112617363	0.2565412650744336	-0.040632041223354246	0.1280950850778434	0.4262640243589903	-0.20968364156102817	0.02513997299634541	1.2735957837590117	-0.21061945571634916	-0.03680403676954575	-0.6068619817921411	-0.18691390794074145	-0.12393314718101373	0.011580795119491399	1.1043979941483268	0.3485076405351096	0.5133470109836665	1.3874349913297512
-1.0283120115259925	-1.612688209928884	-1.482995286267983	-0.15087111846783072	0.21514321749168067	0.04896276454761029	-1.0860768732571653	-0.5812601723777939	-0.7068496403385853	-0.41922773836098765	0.7737196637871724	-0.11382746685216355	-0.22139166703956775	0.304523783886918	-0.34209267825697076	0.33192149755074457	0.2257463910176905	-0.3414403966320061	-0.15459167563926274	1.3833079457826447	-0.6206087313085078	0.3053669326484065	-0.3941753630530134	0.07128627936945627	0.004562854472024985	-0.47053364573228723	0.9942955215408178	-0.6550862281544614	0.9899677411271699	1.4005028347244257
-0.857954797765265	-1.023369231037634	-1.4706917583068102	0.020419647576434174	0.2099893521798459	-0.23024404318855637	-1.0491618755228498	-0.44690395974372815	-1.0685900437691076	-0.47205569812406156	0.9648691925603713	-0.0041238716290152395	-0.27232807784385576	0.5650582730063932	-0.22303827929908077	0.0455086586645402	0.08096357103300265	-0.4070291819878959	-0.6230637885544185	1.4486779571796653	-1.0623207635139362	0.6390756871129551	-0.13499575726794888	-0.019957464230753792	-0.31430759844993683	-0.4668937130284267	0.10247818244001952	-1.370303077046632	1.047684719717415	1.428353105865327
-0.8947864205799341	-0.280220350448614	-1.8196722528107871	0.9351116487307413	-0.10889519303812191	-0.2943319732553697	-1.1042661097980386	1.0338184539050874	-0.5129971938465635	0.003328706820034591	0.5416270813920202	0.4181019658961848	-0.32252514012872124	0.016986802907227146	0.206102504588261	-0.30133384848364775	-0.7270157581499997	-0.053689001444157135	-0.8768484930322508	1.3757282743481942	-0.6893004888551838	1.3055272422310518	-0.5154559438149444	0.9125648539090386	-0.7167904204448085	-0.34556356711904024	-1.3098332851859482	-0.4738465447937208	1.0378852221690404	1.6133872762216335
-0.9605125582120244	1.2108982952524021	-1.9900104155377893	0.18164425843792267	-1.0202736628114666	-1.1769096580386473	-0.956068419117637	1.0800794648992518	0.40795839852595683	0.08938714606353497	0.42692787434990503	-0.12110448617502843	-0.1355043802723123	-0.8066037050650079	-0.55101483586504	0.38352759223447114	-0.47216070741164173	0.05681940781374448	-1.6396025796891582	1.6545580196894616	0.24834419520478104	1.3228360805875996	0.019969007896341963	-0.18308339294528045	1.3286135809029165	0.0565814817861957	0.3604192468925983	1.1111599966566459	0.05379558401531593	1.585515702690416
-1.4133461943987946	1.5628239608662522	-1.7610469622623512	0.03554428176182224	-0.8771060814791406	-0.28760147900567645	-1.2961043763643547	-0.04191454783284808	0.6293742832137128	0.04725157056635317	0.06078376100903755	-0.31409656901962024	-0.25160410365395475	-0.3735802589130766	-0.5440250232762306	0.18836874787138486	-0.14000216858006465	-0.049968438143593676	-0.07030343681405281	1.7167940355843598	0.694838055296951	0.20229878786924085	-0.1420675641051389	-0.7232404110743077	0.8595160554972865	0.3973807493574092	1.093553088421643	-0.6012700382313956	-0.4107026924918972	1.3390866905039112
-0.6721502317972604	1.3398041911374239	-1.7898704455154446	0.03469657248556866	-1.1503108923450365	-0.796393324291377	-0.948001400674076	-0.059870813782726226	-0.29891551077484374	-0.4413405443157738	-0.6476821372257768	0.29846830715946837	0.058528275365183166	0.12325767071302478	-0.6722880799709281	0.22600042636483655	0.004817512881168179	-0.0869637335466101	0.5663040408864001	1.5637123549867475	1.2845119105989915	-0.255067863589449	-0.326179527536462	-1.0064853001317673	-0.4913080927153401	0.7535270361887612	-0.9488361399998141	-0.761579912399445	-1.7354086140065648	1.6082905061087172
-0.8044162198483116	0.9276639159321444	-1.7110979560766346	0.15464114271164076	-0.12006160810531427	-0.5419334341026233	-1.0434908214596665	-0.5823956418190073	-1.1302005574075689	-0.8492801406135695	-0.5512166205334768	-0.017366596459047395	0.03433467712044039	0.5448543473512437	-0.5977514522487015	0.06784017894995963	0.1384705188597505	-0.08829839794948241	0.7045981364433295	1.6643176340196284	1.3986149809845758	-0.20883515558115637	-0.09602029517515567	-0.7606223629688111	-0.3061703036879546	0.5929865914655371	-0.024575903379476304	1.2295073009922692	-0.49276003060215007	1.4197286034957581
-0.6532179066392845	0.6060525247286042	-1.7435030248286452	-0.21049527394824283	1.1789007558611742	-0.6778043428027305	-0.8718926354541546	-0.23011181166209824	-1.2958320757964186	-0.6521827351957276	-0.6337653645897385	-0.09625149155519719	0.15398699169238847	0.4740136443649624	-0.6449168326702994	0.4437401972114048	-0.16089856973954747	-0.1710671782467473	1.6917045982831211	1.6635294674573278	0.7555066899125761	-0.4657844004557859	-0.1166432507212378	-0.17585106744180662	-0.7202924985489532	-0.45661552333208505	1.0318345898177592	0.3523183722370336	-0.22555833994110416	1.532939819904977
