ICA_00	ICA_01	ICA_02	ICA_03	ICA_04	ICA_05	ICA_06	ICA_07	ICA_08	ICA_09	ICA_10	ICA_11	ICA_12	ICA_13	ICA_14	ICA_15	ICA_16	ICA_17	ICA_18	ICA_19	ICA_20	ICA_21	ICA_22	ICA_23	ICA_24	ICA_25	ICA_26
-0.12466674147859955	-0.109473911633288	-0.5394549570252574	-1.2728592838665886	0.7108902653939267	-1.622169396142844	0.20635427991113586	2.4866940574695304	-1.001032099811925	-1.8489891830328802	-1.0935691360807707	0.16761298224420693	1.4098224548317573	1.2172822788046946	1.3528826593492362	0.7485344715081335	-0.9773576940427128	-0.4218191312438879	0.4014504733418699	-1.2481182639369826	-0.9660488609856298	2.8358773070308496	0.17958286807428703	1.846931030042831	-0.3406847732295276	0.9306739981595089	-0.07987976519072676
-0.9991650062178008	-0.708048311699835	-0.6968485215308924	-1.6678055885238317	-0.6403420774527884	-1.4895343819722178	0.15129212625615276	2.661843798912191	-1.1387924244820768	-1.9330752428319342	-0.9152985073224023	0.04281218986334438	1.4098265692038479	0.9313953812416521	0.38034728990509903	0.9036685209512304	-0.6070955145704421	-0.39875671418450725	0.23820371537825885	-1.165660026434073	-0.8736480883731756	2.6813518894763453	2.0639902915828308	1.7789776765596752	0.09436770909747093	1.3364338070032287	-0.6316984824432664
0.02219755240980348	-0.7389439767970172	-0.46738309653652926	-1.3949967003380714	-0.14610542683163857	-1.483304220562274	0.7597343616594251	2.3493423133353573	-1.0597726032169719	-1.2099502233119743	-0.8765549274259649	-0.14242281250556085	1.505429866099152	1.0139005173728175	0.06341764689726598	0.9287381181855525	-0.3212930697304054	-0.7037630210557303	-0.9398209378653823	-0.741506443127088	-0.11740347778876944	2.4991826458089017	1.812516989682579	1.6003617252525477	-0.788538966657188	0.6786244723227416	-0.35689852914791625
0.4678096941938006	-0.4617588744261618	0.034753766122284056	-1.3400336828183772	-0.06363565534023309	-1.396711846854754	0.6186462608446822	2.0234649190586906	-1.6104256530291312	-0.6502799126993477	-0.19160311671394198	-0.39401961277986697	1.4575939341491098	1.2304134362920072	0.6617245677907878	-0.4104416888752028	-0.28713405053445573	-0.9879076245197241	0.46672240792540354	1.122450694338945	-0.854998824697064	2.200508509659841	0.03548641953180016	1.343675318261808	-1.773114828176651	0.6870622155182801	0.16888903083447507
-0.8202954800754911	0.6349868628156082	0.17150855613961755	-1.3235159391665194	-1.1760142318161846	-1.4105352823039767	0.44149661476081753	1.9482249774712337	-1.3556799562187303	0.19703590089602227	1.1627492050505779	-0.31817763340573246	0.0049699486463614315	1.3848664252857952	0.21695307190771992	-1.656355010868674	-0.5659911304561931	1.8055298736236518	1.0418682909457395	1.8882108498293373	-0.7778190037289614	2.1816528897675385	-0.32673265464509427	1.4748345960279234	-1.5838438567179467	1.2155813160736515	-0.8516268261620822
-0.9793244698582679	1.4001103434972428	0.32953644695039014	-0.8942541876090007	-0.8847359810610386	-1.5126908869595008	0.48175326107879535	1.9326396447732574	0.05942142213364423	1.5956017653086898	1.3520137561154506	-0.3468891960031537	-0.5877435906727984	1.1587203924443152	-1.338002587582529	-0.35691561928229987	-0.37186933335116845	0.7709763562934382	-0.6102929017411134	1.2188959091981726	1.392830346487558	2.147748949147471	-0.409035976644934	1.4437869355797026	-0.3086164433743819	1.395591435358083	-0.5596392688520547
-0.2770045319756863	1.4240358510503255	0.9865006593526833	-0.9847429930981059	0.013081971450191202	-1.4891205166391148	0.7821378632003387	1.7197035042984778	0.8079017042493503	2.6288622125147643	1.1080652275806384	-0.7506150786417572	0.03339519163205231	1.090203803675303	-0.7453692120361763	-0.07494321652037587	0.20087025828310848	-0.4402274468834199	-0.7433441698821321	0.5439204587707093	1.5396133333430673	1.9787856496962477	0.8721928519869722	1.1726272465914918	1.1159870071897655	0.8728487312311015	1.1540436191487518
-0.004642835254390158	1.2428514083329394	0.9691740839510482	-0.9762259334024301	-0.9037155187673683	-1.436379511657672	0.8545771461702001	1.5967764030762042	1.4125352532212014	2.338590273576124	0.7618525163154373	-0.755939961269383	0.6664162483598777	1.0068910728268157	-0.8304627706586586	-0.28974487321834946	0.8269382890712098	-1.129157441400594	0.2998333543902475	0.9436481867774255	0.6979836593131573	1.7880937506945722	1.5788800983171185	1.0801296719628157	0.20874966295147904	-0.1283911141424911	1.769350334859215
-0.18077559464293877	2.146697923827258	1.3310497849181369	-1.1391920614140947	-0.8797404080962082	-1.2300856877180404	0.7201068763018249	1.3852969369229182	1.5018498698167388	1.9373762927135514	-0.08306787048133145	-0.42740485180152127	0.18268432148902625	0.9301909767632042	-0.4884015690846972	-1.4950991462559187	0.8965378104963742	-1.4202159636032041	0.673232502538876	1.6745931064138602	1.7033303248054652	1.6738396799570965	0.8556762703809246	0.9966574023008409	-0.8467995106560464	0.33392011938959865	1.583250085232242
0.022508998679732682	2.4553816562554482	0.6928216246215579	-1.0382693237741467	-0.891488919600272	-1.1324097448961694	0.5902941727332677	1.0715656294511031	1.0740170146056829	1.3643575120024345	-1.2538619262763777	-1.0844971229572096	-0.7760164962248458	1.124521109337752	-1.0105655697432911	-0.2515769438622658	1.1833180374024919	0.4024366195802758	0.5948360442798876	-0.3088637387776347	1.0782720607692746	1.4899961705078668	0.2062858511296013	0.8684328706282722	-2.1883891538490756	1.2577954212718336	0.8176816645778062
0.33177607789720487	0.9927660829535313	1.8196773552944092	-1.1316571230088444	0.7800768816495803	-1.1567073830878702	0.9675755927064694	1.0140641683109215	0.4979726985511844	0.8242835363821264	-1.458256603979941	-0.35609433972500953	-0.9712845007593256	1.2110733361476431	-1.51278246568444	-0.002923031343298059	0.6500178080949319	0.22744111239743967	-0.22392161747202924	-0.6271142068351219	0.4454420237803633	1.5348891411687768	0.012047309840344272	0.8568327973719141	-0.02038736219263909	0.11460209449842604	1.2479195116317168
-0.09753290167239091	0.11481378890901725	0.43844884721625743	-0.7641431149554044	3.096395490175612	-1.2131290040473441	0.7398114475358649	1.0722871638175162	0.1484731354846605	0.7968991166887881	-1.3852586503027298	-0.08995381396044584	-0.7712993063248258	1.376759305192352	-0.12495463394544779	1.269682586370539	0.2906385576022088	-0.5093910176801286	0.3059427790095806	1.349915613674847	0.4371403120920415	1.413669168010592	0.5602275889271566	0.9515880127670313	0.18188791789700343	-0.7703296117660456	0.7181492342893072
-0.5912663347308511	0.7171040475540983	0.012252318559447738	0.719821898936371	1.6687264694402901	-1.8999967596214609	-1.1802535770480396	1.1862731823261865	-1.1004446143607984	0.08323925311762911	-1.0257897336804263	1.266889452712415	-1.2703275903337348	-12.552948157828423	0.026000645665824433	0.686598408336938	0.2646245812809056	-0.9015248359105639	1.293058142942418	0.5839927187020562	0.22686149433438255	0.01860969122148268	1.9713518546118565	-0.4706159784650278	-0.3840344354575988	0.22514341687636286	-0.7676524336265363
-0.952272208139713	0.5660639446005039	-1.072450926240899	0.31015526331345405	1.7928332169815613	-2.52541377605756	-0.2766881530272744	0.4714103359674851	-0.7636665094785845	0.3354429226231221	-1.457497108866313	1.019204098287767	-0.8364364061927979	2.6318927748866687	-0.6748486168508464	-0.5941815145671688	0.6375769726846087	1.884669937003302	-0.3951327719834999	-3.6012050061980942	-0.5728074482152277	-0.7218108786929099	0.6179309465796085	-1.4180172179514612	-0.11497987161961222	-1.4439224055464115	-1.8741708446198897
-2.0192614805212603	-0.10778509910222711	-0.24943186289105204	0.43178473899582925	2.061643879463393	-3.0295912448344136	0.406491722343244	0.18663630338956647	0.43300452188584637	1.187182947623951	0.5790859007199278	-0.03346419025102816	-0.7876029150710656	0.41166005273829925	0.6389598698065836	-0.2043702083767872	-0.23369799458043675	-0.1670481101025269	-0.4536490786031736	0.46643060681453735	0.21363198758218993	-0.7997520352569537	0.1108141290830665	-1.788798508521841	-1.2538228388200117	-0.6186978667257012	-1.9516351128894196
-1.0666407025531879	0.8768134371371048	0.04765785160738817	0.5464172592807753	0.6009606524914425	-2.8620786586348754	-0.6734085516873005	-0.08180796383533334	0.2153948681909456	1.0612376774920065	1.1882102964583667	-0.15004796947023757	-1.613966492096535	0.4093795899385851	1.3329649940980173	0.4723280881387822	0.09853718764451048	-0.3740486617797847	0.35178447488226255	0.3414440562771996	0.7718381711402713	-0.6377953748704285	0.44622278241111285	-1.8098546820475114	-0.7917980466652649	0.7938129118747977	-1.9870545351657893
-1.0830452043671137	1.1198343816437004	0.816656990054881	0.4757942601096905	-0.875704294542124	-2.7942136485032965	-1.4035917013995527	-0.15773257755361889	-0.16176696967882606	0.9394041394620241	1.2731477137549911	-0.21748861340087783	-1.251637948160013	0.4974364798682021	0.4690781171012702	0.024171618848971572	0.25602538516998624	-0.5988440378028409	-0.4444961518932575	0.9191400791049033	0.8406021783658301	-0.6225627708796657	1.8797581971166553	-1.7393866707538583	0.8663557291076791	0.6132220267448127	-1.2721456178405892
-0.21385794965418933	1.4789265020018119	0.8822104659692509	0.4462240901198479	-0.35795440086324926	-2.7830552761878793	-0.8405509531202731	-0.09011008629813061	-0.37039814486540723	0.17597229788040614	1.1926390201511645	-0.4023744222630766	-0.9123380353139319	0.20655748377272992	0.16982615884472826	0.02888666871473437	0.10141693792362032	0.21674287945790321	-1.4919704947783146	1.8751119756297085	1.2056261903088101	-0.6790589399147279	2.610005511635971	-1.5851504901121902	0.524921755018031	0.5446319743421981	0.6550417600026989
1.216017764426859	2.182048375609508	0.5588654641442978	0.09118644608803217	0.035657969594310425	-2.574163284467894	-0.7759098790029154	0.1537249020482681	0.0491001832475164	-0.7083754044111303	1.2549539210166762	-0.3765974810936039	-1.1986497817477075	0.12668598781780524	0.888486700924924	0.5900675095046617	0.21275705993923452	1.1312641422326757	-0.23773315204713047	0.9846162630100838	0.21144473296173535	-0.759769137185106	2.7649195099314188	-1.6832195271971213	-0.5410899448006086	0.6046344530818791	2.358728818425021
0.3604557431149788	1.6318626376167877	0.04875830977868312	0.056486270131706824	-1.3779161927190542	-2.7861373050364007	-1.3136824615441516	0.4547549023345442	0.6070036145701933	-0.7734579450579165	1.1899409224438273	-0.9692900659901995	-0.7160030084616414	-0.02037661894804395	0.01631705221691464	1.4865830881398625	0.3100324559022318	0.7219870417063585	0.7019536968075533	-2.4367997539883786	-0.9833099278224803	-0.7906053813167528	1.7809419252089886	-1.3353659512711502	-1.4301511522334378	-0.6733726992725613	1.953511492104854
-0.06823697489195457	-1.0365249173799032	0.5558459990011846	0.3150286554712287	-1.432431068587445	-2.8992680656220746	-0.3578309039813078	0.5825186344860979	0.4022935827789952	-0.2649904841521897	1.1691647963320464	-0.9554937502185931	-0.08015790059152268	-0.3058158726960732	-0.2224339571002171	1.079261819652899	-0.16124214731528147	0.4827301276201574	-0.46379275084865523	-3.136632652926863	-0.029477417511415235	-0.7262671514300479	0.587669708381548	-1.386024258052418	-1.3282797566885467	-1.6855894113045542	0.6937884077058399
0.4800427193983495	-2.2826648195749932	0.20080676618833404	0.4874415366877606	-0.95352200238416	-3.222282366884869	0.8102072866291792	0.7042338674328725	0.8076814989696982	-0.3883626382456658	1.170449616236717	-0.37809759941981386	-0.1455394110247074	-0.23582039472937869	0.5001892958623081	0.8922099586810391	-0.27196986593320543	0.018333033803362066	-0.7351417691429721	0.4056709594390445	0.2729938150860033	-0.7627416405801362	0.5015411062203172	-1.3178904617071225	-0.9108243027627412	-1.9353942356805058	1.1296222961824236
0.6873171101317254	-0.5040335102281499	0.31330322876764244	0.520162649692065	-0.747275215813443	-3.0468575479354567	1.2436709554123835	0.54682744442179	1.1372647468549297	-1.0183181722374257	0.53585057725431	-0.09526120024948717	0.07936065043644022	0.2042587371652346	0.4049628286440862	-0.613873070644818	0.17158996325869208	-1.0715030823530194	-0.17691049873805212	1.8364994322609556	1.1838268310626692	-0.8373521937173363	0.5210389156731571	-1.691372455196804	0.1302186692986214	-0.906597503874115	0.7059944459682685
0.8304080851738743	0.24974845287871925	-4.423861865818401	0.23820344475754607	-0.8332219664488028	-2.4079094160883225	0.25869319697224996	0.4415869303262093	0.9896605264957141	-0.42621513159812735	-0.9549017921400633	-0.6565430588388335	-0.3790158999231393	0.11820016351132306	-1.0171713116326908	-1.0089942840741	0.27352604810033515	-0.09684267106242067	0.6342703145602774	1.5709257859389358	0.9682347970942156	-0.7774605163483428	0.6491507275676642	-1.3664497317831865	0.9024409793114996	0.3442754902169617	0.335492374602296
0.1838398655123334	0.47523787009156665	-2.87891958356974	-0.23291285958419958	-0.36462395901089917	-2.5024255984169765	-1.0444937105423564	0.3532186552097089	0.43732582528142877	-0.2213301774652612	-1.5574714747325904	-0.8032248025882571	-0.6676700257494768	0.2005905883160336	-2.2630644414082495	0.17140527339825565	0.06426810951857677	1.5680066531171517	0.32150860622394184	0.7578069503511553	-0.573993387880173	-0.7764206376208688	1.7575064526914992	-1.4386616582630323	0.8967116693169492	1.2486840676610214	0.796285965461483
0.0687686171245851	-0.08426204452169583	-1.9111065190886245	-0.30982420120849413	0.1849253056335745	-2.532899987779281	-1.1544622160228846	0.4083727897782281	0.5811374047614266	0.3635195352813512	-1.325535726567584	-0.8114488942749036	-0.0017300347163247346	-0.32090966365889706	-2.206233127091296	-1.0065698121799194	0.0012501972706304104	1.0934415542984988	-1.02978130436539	-0.9961424806793248	-0.8605317560148797	-0.7658841861462828	1.7676153699119386	-1.38132436815282	-0.11634598734652621	1.405060613868423	1.7652911851240778
0.5072524042343433	-1.4615090604808199	-1.5863924420570739	0.6030693364412438	0.07335923140206486	-2.388678118535891	-1.0573800503586226	0.1926505523759602	0.8491605254098866	1.0110776956928602	-0.7463433717319593	-1.2447186308060556	0.6472624024877544	0.12075221177430087	0.3389166665883334	-2.617768793777562	1.3138609108516892	-1.3163518128936056	-0.2068854971272909	1.2627688908468282	-1.6346078412223939	-0.8324230866657008	-1.8512775543170803	-1.611169888037594	-2.037484025141671	1.7415356048927397	2.2280306580686133
-0.45508904635752756	0.3130677878140976	-0.6057237014287646	-12.35879947067132	0.6925687631489651	-0.40211002463529194	-0.12793340884254806	-0.7845295731682649	0.2728411491539652	-0.21171852078221473	0.7082039937400534	0.6795457159429765	0.11862839848790942	-0.2235005762188019	0.761577122718988	0.20813399631023372	-0.012760007979736402	-0.09506010710853831	-0.2226722163778182	0.863409492321233	0.09116352583466429	-0.7570204454647416	-0.25669716344448057	-2.123861978593696	0.5347854667403645	-0.02474643608561749	0.02565187266475821
-1.2053843130518378	-0.7711771633705644	-0.1554349799280785	-0.5296500834641682	1.7735322370816766	1.4881308888142446	-0.31622923508523804	-0.389736690274153	-1.1689025508222648	-1.6608706238606672	-0.24641611934600258	-12.539715102131213	0.7539442901812163	-0.496507396912735	0.4599455070661889	-0.14868830279233677	0.152651452655965	-0.33087590472750056	0.02270346450488594	-1.1266115570774498	-0.06428179731715326	1.5434532719411476	-0.8104770533172339	-0.7257414525033007	1.968567878375045	-0.6056538412242467	-0.8595453885940607
-1.4116542910414174	-2.290916012397323	-0.2189471840153313	-0.7457604983508248	1.7352107716986995	1.2198479068405852	-0.6181338436172994	-0.09802243777404082	-0.7488922243196213	-0.7857025734761839	-1.1682430302168243	-1.0454050007993738	0.7836454231668732	-0.2516333543199615	0.9595538778067281	0.8258361951322334	0.17021868818956695	0.35379335737845763	0.5229117127270101	-0.23834470232815258	0.8555484380142122	1.576232977492935	-1.7235714987441748	0.24384018907589733	-0.2701885687079208	-2.8524309151285814	-0.3430516912752945
-1.2773456480506897	-1.3335741485639698	0.21107224911862607	-0.4331632474346438	0.5603819667675878	1.063226609206127	-0.9100491852820017	-0.3108420292862275	-0.3210787653233431	-0.1092087580350673	-1.4335598351291232	0.05454730827666819	-0.16239199006424082	-0.4227704181008527	0.8525650305924664	0.8427618316693292	-0.11567561673247592	1.30811622609922	-0.18579054976402493	0.9861892214626661	0.353195490141588	1.4614928639512395	-2.1782403983500584	0.5750938901324661	-0.302404484067199	-2.0943911327959124	0.10068962279000382
-0.5202424378815297	-1.6063172497176357	0.026261322335824653	-0.5701604012249869	-0.29421674573639645	1.0720371699501643	-0.5413029425852085	-0.2540895328694339	0.15021079914197996	1.302443443595534	-1.4749788398097754	0.20372079327658948	-0.244134663427118	-0.4203608807729103	1.273527493655242	-0.20737758804424922	-0.037059592092351254	1.8906615559961544	-0.49105001359771666	0.09850241983803151	0.7901913761815826	1.3548776829810885	-2.2516436017004686	0.45257217590471577	0.15023621109158586	-1.2583255230649872	0.45563335159352353
-0.44661027527391906	-0.7902086885010524	-0.058686030723765235	-0.2737429004160406	-0.6225766784379466	0.9213250980470109	-0.4063317486238144	-0.33500882091311	0.2596650903446955	1.4665375828871445	-1.4616061937043203	0.33637577344463293	-0.678950966029236	-0.2094544110948495	1.7129916805465735	0.6256694241409729	0.06796765039738965	1.4331983991234476	0.032273068483331876	1.1718401459704633	0.22116109999325106	1.3148755173933795	-2.067397037143715	0.7037480910455243	1.0119036134412018	-0.8840496185742056	0.047033816365083005
-0.4727885250331644	0.46746620978359865	-0.39133690949929456	-0.1450803568284143	-0.6959003804150644	0.8998022863614511	-0.31311894452067973	-0.4627367470068854	0.09378724446613289	1.0849152323813633	-1.4641028361941695	0.33894794905940234	-0.8726856399110413	-0.2467793936485406	0.4723786293764118	1.1125971260625602	0.4944650789183584	1.5705768040241965	-0.42164231574080346	0.40252379830548535	-1.2566537565736884	1.2128390615872522	-0.8647806096486578	0.6406181809480647	1.2113015522509698	0.9710523222665273	-0.4266613040488055
0.036022893180357826	1.1997990658641	0.1406129616621284	-0.1717312284987932	0.20839103596385927	0.7407652354908104	-0.07610647680266025	-0.743418886634238	-0.22014505992392627	1.8486850314864185	-1.417146662818749	0.2986211800811182	-0.47197004808135096	-0.19645144840530473	0.5345501400680236	1.7656949432245816	0.5663232079003585	0.03953927343973649	-0.5434340111230094	-0.05593657201788871	-0.9575395654224589	1.13564163112856	-0.6570820363622304	0.4134796591742841	1.4644690525587658	1.6714908787811682	0.16898175253136247
0.1560229860734585	0.5241049090638494	0.18407022880771148	-0.4271305958700114	-0.18851669544153382	0.5809960238558216	-0.015132118653164174	-0.8703924616925962	-0.3841238248405342	2.3106516294639916	-1.361607968652272	0.1355203657008329	0.21126696951472798	-0.23083857534650742	0.7305432095080969	2.055884114790531	0.5660048866607721	-0.03874100260615228	0.6893138240551798	-1.8365985138765264	-1.5885189686273664	0.9485732309130391	0.6475655429191863	0.3094834897125047	1.1851833342006712	1.0017061189061323	0.8413330225618679
0.15967181149879428	-0.08906687920151661	0.695855174680335	-0.8372965391561485	-0.4719300725597659	0.5470991433747078	0.3712701629209229	-1.297337986808482	-0.3555668717778121	1.8032420342256446	-1.3977740420034044	0.27829199207329636	-0.1812389482866534	-0.12648151109135902	1.1356002286567792	1.5167421125218488	0.1253341906563849	-0.5611189504970436	0.6835448290533656	-0.580774475894093	-0.708346963796811	0.8297213849612229	0.5492613703751967	0.014629690636879203	0.28824046676616716	0.8085954835005824	0.7823428915778043
-0.10420290726713605	-1.2461107189343434	0.578580055835553	-0.6203596473870545	-1.4214350338886452	0.5904040463567657	0.22890870973453875	-1.5443989060870644	-1.5589432366848508	0.5923022598009468	-0.5468621733884971	0.08199506534303595	-0.8621741282185466	-0.1956472193435943	0.3920189949899356	0.040818549807881466	0.2821127721963846	-2.1124017492678546	1.4403526700875247	0.27647106998160004	-0.862157735378461	0.8287513168570741	-0.6135223864792043	0.24372049522095146	-0.6728215467423738	0.23039637811560587	-0.05215351758756252
-0.47577963644610216	-0.5476905515563426	-0.11263787274207072	-0.2998161185631691	-0.8736141571322437	0.3917174446681133	-0.25041622349349324	-1.5749260729868049	-2.0134199453265524	-0.3586022977021071	-0.03797171170216306	0.22326970937667812	-0.8774880805450446	-0.1631127929340099	-1.2821566809588056	-0.8505607675055834	0.3442353439050605	-1.3783189091969186	-0.15167442019062402	0.22062048703900453	-0.9879156070049114	0.8183698738601537	-0.7072952512330429	0.5078250176051019	-0.5941359825554654	-0.27166262535603114	-0.2919979348310549
0.21261553801713962	-0.24408919753635303	0.2050615160353019	-0.30512166881548514	0.3953925585791249	-0.21762810794843898	0.27573078875680157	-1.6148963846994135	-1.9365605916248976	-0.9345637686302676	-0.020016464196601927	0.7721320058509	-0.18126700659516481	-0.20246043516794998	-0.4612742434648504	-1.1136763176401776	0.6731285649414422	-2.272211980916553	-1.3644438750576544	-1.0044027332810876	0.25294084242035136	0.815820392400221	0.5300576076086663	0.36074754245388924	0.6260546428547605	0.4050484092629366	0.05683061338910613
0.34980519036727475	-1.8419534732212877	0.6244129891748434	-0.7237346560965108	0.5361833676270147	-0.17718647901226248	1.3200473894085336	-1.6312837721517472	-1.8687913186717413	-0.6082115280446629	-0.05473768942338256	0.23602590250428376	0.19777407482334014	-0.2575655797325592	-0.09378628637007713	-0.7442358038235424	0.22593225711869921	-1.8338443840550163	-0.043690077585476064	-0.6842529920722605	-0.8610864210642931	0.6872051598991047	1.6723628601263936	0.003543694444909056	0.20317966755290934	-0.09819717330548583	0.5925401370922108
1.1784899901450416	-1.402536603808878	0.15760375014434533	-0.5422605531336576	0.3374721163335874	-0.019149781181086473	0.7163887011318381	-1.5630666746843909	-1.866812538306836	-1.1427653602350498	0.41303422283873864	0.017274549556282277	-0.723490619081931	-0.24824426638640154	0.44526954589659246	-0.9409220730102746	0.5768343678571898	-0.13633545674715095	0.9436479111252264	1.8765889152674313	-2.367187757412836	0.641434101195908	1.0483808011213316	0.07612612369392109	-0.6747768831143321	-0.7391138892656102	-1.0029303558228442
0.3050851016909819	-0.07058255074046406	-0.20002924480931403	-0.4922586353263783	-0.12900534089493468	0.2768195811637486	-0.6608124096370551	-1.6917956374915746	-0.5383483988835642	-0.7202180183799057	1.4796867511263876	-0.06851938650415626	-1.6365243904515483	-0.14371981715026563	-0.7048583210964025	-0.6207123933933396	0.2017699686303702	1.4548362386887297	0.8886801680613994	0.992860139730804	-1.7326161366241764	0.7063916039553906	-0.3006081742136074	0.45748096366575064	-1.036359401974473	-0.301701067106131	-1.3988891171124898
-0.7180142270016825	-0.48565106471355235	0.33389646862690864	-0.14446791933967632	0.006587771736434863	0.2540998881233842	-0.9026222123421477	-1.7886435575011213	0.6109470428415811	-0.2185010890199201	1.4367573226684751	0.2867080130999994	-1.1991477623474076	-0.15574009795331764	-2.104886058578576	0.2837560394717448	-0.060097444745176705	0.4505082827020809	-0.6774050937949855	-0.7563058135241724	0.17930836556570517	0.6819140255165007	-0.708650856496593	0.5171740385120762	-0.6174587607325177	-1.0113914349007271	-0.27975873359230324
0.1240139381675602	-0.7097692507988355	0.023089700995619633	0.1443260608312005	0.42324426307825996	-0.047084214353529774	-0.7706825750753142	-1.8013346723026329	0.7820849941357402	0.36685851170235906	1.4358457394748314	0.6580765678201287	-0.7605845762796741	-0.41727872885336303	-0.3621485218898503	0.5804895662089656	-0.018824499226922854	0.3091397780209783	-1.561925906802897	0.22641362295737966	0.30818640453916135	0.6066708627023438	-0.6926374342880739	0.6082063423946322	-0.523237264660832	-1.6998668694606465	0.3926590197405604
0.7641069092091403	0.28133966526832643	0.39862383680586605	-0.003863508968247864	-0.05672604174085224	-0.22997856095175898	-0.2708028836755448	-1.9840081001840562	0.964312617759287	0.05151369884475045	1.3886602240660466	0.1945200276065094	-0.5726276162448001	-0.3839370032940715	0.849454032905981	0.9281524837596035	0.7645103605751683	-0.3017121148143679	-0.97340413755992	-0.9870999469625011	-0.12921177012206841	0.3955018813393547	-0.32120640425642955	0.2867615109499662	0.3410378431338212	-0.43597884602137144	0.574108475598433
0.5881669150297234	-0.14998376415791925	0.253308215255493	-0.1653671145321892	-0.49271161908880673	-0.07286373654058667	0.7768863326164858	-2.0038765242666003	1.2862649989951584	-1.1294785503950586	1.149272491397994	0.16985796899205513	-0.35179332681251013	-0.4824061446322949	0.9722749422960109	0.2996254706942276	1.045079294377785	-0.14687867188141712	-0.33481646299107537	-0.5266087255407101	-0.4105495852114161	0.4782764457364854	1.1484151811993422	0.30464875280188325	0.5366905347500229	0.3863949822071528	-0.5203797577535759
-0.10570696402580075	0.3356978968310203	0.31909312450261307	-0.28804244384907385	0.9192889567137977	-0.033903546545827834	0.6208081959320784	-1.9494210406523007	1.030010740936526	-1.2996372558845732	1.1891241139769784	0.05772473321946142	-0.27761505086225696	-0.546742947299475	-0.3269850813930955	0.9745453204549236	0.053266063148784536	0.3237648728969894	-0.4552069865748347	-0.1760633994998505	0.3357741321977482	0.381497755864183	1.4259513622463906	0.15531335456100556	-0.25788242726603267	-0.4590109236524872	-0.5286339374863943
0.5388813990210406	-0.2603043986284686	0.049774995288693336	-0.303184146034942	0.9218953320826699	0.021412640086759062	1.112453221782564	-1.8776060513393942	1.2609414081905355	-1.3710146789191613	0.9660916724643024	0.2949856495274328	0.04759365557289165	-0.3461387333997044	0.7197423152590253	-0.5659601584917966	0.556962983413102	-0.6056234565907337	0.12462224778819725	-0.2558662996480227	1.6637510793445485	0.36289622446934006	0.7164607655395601	0.052379439614555545	-0.9481346107339671	-1.4040573360911772	-0.4338293432154292
0.5461094947127161	0.3092860703907174	-0.7323228217731022	0.05101610463993526	-0.19510423943801564	0.27210686305782844	0.730168023273554	-1.888527835222772	1.4067930291440007	-0.8584393274473876	-0.15943734393662998	0.3379798980100762	0.1784763661391222	-0.10113418818677238	-0.9154131908834432	-1.7554142205662975	0.5368489450869021	-0.7002245392389738	0.7647305677944347	0.3791472327605747	2.199626284579014	0.37551856403439704	-0.20491228273835055	0.13547909641526062	-1.7878005632503544	0.25094737679440576	-1.3658387027164467
0.1429397757614338	0.6042584480692399	-0.7220186340094086	0.13588073705844114	0.16310542637408765	0.3675479704997536	-0.37215330363831617	-1.9745685266223827	1.2170034973512847	-0.6887040563040172	-0.752930567675007	0.5386375456033459	1.0133400498438623	0.044709774416485736	-2.319438957449827	-1.5840514269345578	0.14500148841874713	0.47221106707247695	0.25239483260876816	-0.03204938304617519	0.8602352486398918	0.3068255725468982	-0.8034143222025572	-0.04059974702145035	-1.6796227282250593	1.1619696924956244	-1.1662128495628883
-0.4934720271237085	0.12549456960728445	-0.4563590377794564	0.3199108180817259	1.1593512430219495	0.2690654619713143	-0.7233894125786064	-1.8999250435228976	1.356824457436444	-0.6033129009458665	-0.04949698287806474	0.5089504082840818	2.294475250878391	-0.38257308008870516	-2.5677109872033332	-0.7170133054987526	-0.5000539516886275	-0.048689937210330755	-0.6975954173976544	-0.5305817092433883	-0.49116013456898655	0.24774228184529673	-1.2577915381540838	0.055170882681227953	-0.5343916118537705	1.3926312861281327	-0.24122804071049853
0.2325008904678177	0.06070524309723084	-0.16211256819680978	0.3025073353738344	1.2648338755035453	0.1915732565248555	-0.8802948932700566	-1.969570734603744	1.2398426550504122	-0.26025140874739344	1.025494507385525	0.6521688421604257	3.2548238040508513	-0.4119932312168483	-0.5582697549417378	1.1117633324281875	-0.326011960356715	0.036429503179039625	-0.4845548614536304	0.20975073307062822	-0.33851500364606946	0.15095824684509596	-1.0413992932552678	-0.0851001704564438	-0.07591107229795448	1.633257120694317	0.5284765300043399
0.9425664644708271	-0.6479248832774686	-0.224073088122811	0.09613949491187945	0.07085237680739716	0.3789688473679488	-1.5319916030739584	-1.9670943280700421	1.2106004032408562	-0.6871423526038727	1.2156129790590586	0.4899003712490559	3.2629427753486944	-0.20556028372379878	0.8808290578702301	0.780781818353184	-0.32636807541073065	-0.03601343529622386	1.0172955520710074	-1.4005954156891185	0.036634637730962545	0.05544825606960403	-0.6837626490306172	-0.00016222144368654558	0.6118704606215013	1.6416730280806613	0.34039535471586374
0.7584248086767595	-0.589641192038	-0.3166754635283899	0.021826870556288996	-1.5239924770393074	0.5118339996761057	-1.8548145388214763	-1.7886214824580524	1.0152096017437555	-0.886675262015164	1.2961559885479113	0.4166535273521109	2.6526185667813067	-0.4251707733524876	0.7968709004716505	0.7763172425371585	-0.3733970072941312	0.46241085808323307	0.6184620280670714	0.1914867399041122	0.5382406505186375	0.12006261817774784	0.1857618105866762	0.15319598506900314	1.4202368820663038	0.4668306045195892	-0.8320039695080056
1.3943385044256686	0.4051746665460033	0.18801750117124552	-0.12763279493782848	-1.2475484660785443	0.5439879221262102	-0.8748760831837686	-1.729234908180594	-0.09305893656654682	-0.1661249028291111	1.256953169688124	0.2184904542199997	1.659048546494555	-0.6240951044298019	0.5769441349242226	0.32901193497310816	-0.6828336275594277	1.4535084742849396	-1.035912166026739	1.1712415949012867	0.7077438305221576	0.10861406805174964	0.9802803900011892	-0.04404667015576135	1.309526338162264	-1.097148091014814	-1.008448023218342
2.5618892024638438	0.09344604895557018	0.2116932678092784	-0.22369461711061403	-0.5539029217176666	0.5087246153516404	-0.4659466256971661	-1.5385439816748478	-0.9490813697328313	-0.12453499521821314	1.1301343319080555	0.05228833446753926	1.098492445035885	-0.4244856515268333	1.1811447149613694	-0.3778652575913029	-0.8513932200611718	1.22263752422271	-0.1661120219800737	0.09592748661089363	0.20064557442209588	0.0569116253124692	0.7033894259031587	0.014159959684289859	0.1470485545925447	-1.6319573188071106	-0.34463908720555175
2.2318464062674805	0.3592576209061871	-0.03729224858314208	0.4396609620633656	-1.6998814232027395	0.5587446255582341	-0.3662159981290119	-1.448341289436852	-1.190502177538001	0.002434443252396879	1.127425331931722	-0.10002273035562623	1.1083779436600423	-0.3820201966157918	0.6132771268506393	-0.5153219667665901	-1.345425352984392	1.1103288486130103	0.557097289918375	0.7361214076893925	0.3653033414571938	-0.02919718730805858	0.31139803171271546	-0.008500309857595312	0.21693615476599767	-1.681750601408534	-0.5217406789261495
2.2143633100376703	1.1823676873697069	0.14798666098286617	0.12473580372531333	-1.3100572908602053	0.4309413307575913	0.4131067057223057	-1.4294977096584756	-1.6643297871505323	0.7649692388330873	0.6552481574968656	0.22627613381518233	0.9679104116294166	-0.36598828152844026	-0.16011437234425233	-0.9593144395241724	-1.5236088615071601	-0.1162032753375152	-0.3547694116456274	0.07976298942959258	1.8256988162045127	-0.174886922031323	0.11008908710928701	-0.18723891972163115	0.1663110964287702	-1.334834913496693	-0.8524765663034858
2.450342891310761	1.5567145776982103	0.16994508365945127	0.22511949327548436	-0.1728997416568579	0.30826693808691547	1.3844863036472996	-1.4631023461632153	-1.8843116320554416	0.931252207330159	0.21468621517816996	0.28781372767569047	1.311832100103961	-0.11156605700132129	-0.07956069949569654	-0.5326211129432439	-1.7128718481825929	-0.9549271184916471	0.16258080888841275	-0.6846008117790373	0.8115031898306693	-0.32308353595497535	-0.49383028311224714	-0.5127853421708903	-0.4384182437923266	-0.7720637058797203	-0.398001961839309
1.1644915672345435	1.1996089525356501	0.3724908165550977	-0.05959812934512856	-0.5620100933500429	0.27736745784030004	1.3154755135851164	-1.3956996555589893	-1.8152360504802953	0.22501004078563566	0.5379181715291479	0.28189757528978077	1.7409114155569048	-0.007388159825282098	-0.22962491539444374	-0.48772732079446035	-1.7561839849894794	0.09515899201561823	2.112484124798436	-0.6514512256697459	-2.011905180066115	-0.29187730615705915	-0.8907682011905365	-0.2707308379096928	-0.3535409385811437	-0.5377049825883011	-0.025848934752885536
0.21615362750756367	0.42731342569628833	0.30612302177197076	0.1253984346460002	-1.1489905883949563	0.31353623564869765	0.985896148686523	-1.3067424251505921	-1.812279793681494	-0.04220605836042665	0.6248062862056665	0.32806840024448275	1.4801735568174224	-0.1332348754323472	-1.4483050917045242	-0.728494267975073	-1.53787881987541	0.21607352737622823	1.543941335819025	-1.0620327352438768	-1.6693133106323008	-0.3229617524288263	-0.6378747366347518	-0.32560758104182225	0.2874699073281633	-0.4771671423500868	-0.6897943317368797
0.35859120166721187	-0.8845111947875082	0.4607621974602088	0.6764126212800424	0.6597073357955909	0.31926640123600125	1.6425741978539432	-1.4269097560870359	-1.45351389296156	0.14334822414249707	-0.19708597602657843	0.48710034452453904	1.7435393491785798	-0.10794558531242308	-1.548335409269289	0.5678129850434469	-1.9798074728255108	-2.381914077984787	-0.4049309571102665	-1.4002166179156452	1.2796927640728666	-0.26258887742844655	0.352486890375401	-0.29404126261283164	2.191106957978227	0.11433334786635872	-0.15723584051307
0.8050752570691875	-1.644589513864073	1.020109681137791	0.5502042250303825	2.9540019985860524	0.5818057128892931	1.4778070060766801	-0.8874562358441849	-0.9559918024610442	0.8413446175549624	-1.070831263602568	0.9237317513790118	1.4904629014139197	0.22807369659811022	-0.07156409216228174	1.6183246738887762	-2.3974768390225787	-1.314115097957171	0.9633042022756291	0.8027098512139337	0.26726958522349764	-0.40841634808045635	1.5423283088352027	-0.9865867734165915	1.3007865099814084	-0.23506747090147326	1.2033027102505915
-1.1191098553475067	0.2242806976837028	1.3953574513993983	0.8470355783575858	3.0461718004947764	0.6813463326968532	-0.10851534780484123	-0.19053695909811197	-0.8115324336915939	-0.6379094896888953	-1.3491602842897077	0.5220601246701504	0.6865544716186753	0.4725905820174035	-0.2967741106162714	1.8060333273062192	-1.5390301709365852	-1.819031141712817	2.719576222612118	1.9142623521798716	-0.23750654547753836	-0.7117965105655029	-2.182135649484402	-1.6617246562271766	-0.9813609928837908	-1.6710235307862327	0.8603233139857476
-2.0925417720854296	0.47633504283794165	1.061467487887291	0.1359493613889748	2.243144858885285	1.1280701188953786	-1.356785757997761	-0.0960935493860566	0.3374801754884491	-1.016637537272329	-0.9517227445196144	1.1350298158807417	-0.311470706390443	0.45024101163554414	0.1425235148185884	-1.4449593932480926	-1.1611357755178868	1.3607760255727401	1.8449790710753649	0.8390401222757389	-0.8042025383567599	-0.642067433817254	0.81902502426943	-1.267054968864729	1.658532339212585	-2.249238686302593	0.07250849811662348
-2.046889356800534	0.17129921446454918	1.0159457579605502	0.2757872127405525	0.6645958931459158	1.241563577990267	-1.946664150785751	-0.2868966628989091	0.4127238530031574	-1.7036869230401002	0.8021841333148788	0.3176219560930785	-1.328649548865915	0.1935101458329417	-0.8423455237275834	0.19290278103658967	-1.0944318078721855	-0.18304354892941319	0.32464431341032257	0.7243611644495812	-0.46947925145168656	-0.6192788721279071	-0.6444643876502533	-1.0860957330052672	-1.0213804337810766	-1.1831508651960498	-1.1300786646399483
-0.41149804970379	-0.22057873297084413	1.1123801885594216	0.34907809776594895	-0.36794378267519295	1.0215427283981202	-1.4062218536648299	-0.16745886225337522	-1.4599293735392498	-2.100612534736898	0.2091241079163472	0.09409199467748293	-1.8551782354731723	0.12371163216839814	0.6118889143532253	-0.23063390666004116	-0.7897942731588409	-1.4180826119091419	-1.744119782953996	0.08867826108669402	1.4108255732086852	-0.6108384015236508	-1.5772781526220674	-0.6907026704253483	-1.3569753896890093	0.9990407864609236	-0.4490369912131666
0.1580718190729345	0.7281923910306337	0.3289665567261313	0.6303610335496395	-0.6499764518148016	0.9434741062326345	-1.1225543367560935	-0.05426084236823171	-0.9467030160884389	-0.9475952313826166	-1.0142551308139889	0.5665379636449285	-1.700926868146465	0.33707036191381656	1.7419318601982379	1.8760202354546116	-0.7492112186145902	-1.3816739858929805	-1.6406929384463873	0.23758245236111394	1.059262158377852	-0.583770519940772	-1.2046304319383743	-0.5906782127933885	0.282571727527674	1.6104114851353433	0.10833242971610285
-0.5955351832046601	0.7858204804100085	0.8904319676000081	0.6448467498113847	-0.8246290970866703	0.9140175410002147	-0.9722449711753388	-0.030708341218430472	-0.11453418169907503	0.7887663542723371	-1.3810738268330935	0.4852029821277889	-1.4296647416192412	0.33185113216645007	1.1165121138227583	0.8234186084728803	-1.1090163098777104	0.4582186627458125	-0.8440166869904959	-0.7686058212248905	0.07628354897456956	-0.6468065896316928	0.14804422451138974	-0.9520482413233036	1.6732390613925285	1.4157536530898507	0.9483119025157865
-0.7930469846521795	-0.02077313904088366	0.5317108029074589	0.29504351051578487	-1.28369395625895	0.9909446455278487	0.023945496990495287	-0.10786130853988947	0.5178070753753025	0.7881337568313304	-1.2154992351136646	0.485534805691826	-0.8181812613588269	0.04268274851679262	1.1279487111957656	-1.0701900702876912	-0.3691154151956795	1.6198389933041746	-1.1336694309258526	-0.7481150408219522	-1.0521086188512265	-0.6924437402202474	1.4724663396725355	-1.098581072987054	0.10698273419491588	0.22296412880786004	1.4747560041135668
-0.35191906737859163	-0.3754424188215311	0.5673537855285444	0.3332889393038276	-0.6976583105667079	0.943824947577494	0.6054447407062021	-0.10874682363594344	0.9118844103322044	-0.26223139914233445	-0.9463709022369017	0.34173193627024806	-0.504763722844418	-0.031422367209658075	1.2893586102226895	-2.0916685886262036	0.10720099842693821	0.6236624961372367	-0.3511378327000706	-0.2966547494796474	-0.1867337336446598	-0.7305151452345301	0.36767951047502867	-1.0608770664221288	-1.5686593999067309	2.0468393132026415	0.6904295418893611
-0.3451290819008187	-0.06547345211807819	0.7163869715143587	0.3565393129276372	-1.3408608483328028	0.8775235385435562	0.9261361074684633	0.0579465895063396	0.6370614745141774	-1.17514817807428	-1.4498071842624056	0.1796543043328324	-0.401554819088062	0.10928014249487304	0.2383406517777791	-0.8583351521066176	-0.13452374743580728	1.1043549119427203	0.29052563210820176	-0.34762336551907136	0.6727827867603213	-0.7561450771602831	-0.5955967552627517	-1.0650456149405514	-1.824479672368218	1.9378634147425144	-0.1639869467191018
-0.11562824529955418	0.1617845355161332	0.8360402711499163	0.3130465762952337	-0.45730456943895353	0.7040518136070976	1.651044780271137	0.0164678103511002	0.4892763928725036	-1.2920299200028016	-1.6204433866095123	0.1751281324504125	-0.0009913585296076085	-0.10400848337108078	-1.058119222844759	-0.14741166073345438	-0.34738613856200556	1.6255628077044972	-0.6937354998996876	-0.3058596649157093	-0.7444642294081447	-0.769442040206102	-0.8715242652489956	-1.0847481170840942	-0.3275175864179538	1.9008719391305706	-0.17549076771477137
0.2640260266349725	-0.7140708122084353	0.4705302788022493	0.5076977145430233	0.5934442090070067	0.6186142064323573	1.2042731834648568	0.03242142939526965	0.2087997288473304	-0.3402597842184297	-1.483650917841498	0.042526980843749146	-0.00890777265880447	0.10987076493839495	0.20248731523726762	1.3557267939987718	-0.9527285562933944	0.24440643731955322	0.45019601928001646	0.5262746134092056	-0.5322156669860287	-0.8530892985316706	-0.608554216284755	-1.0071125117171407	1.3095753878192102	2.6240592653403882	-0.09807829129638275
-0.8504453462473787	-0.10370279032219706	0.35557334986741357	0.27322873144408216	-0.16301108290623018	1.0675067814113592	-0.10325255845735426	0.6404565392559716	-1.3744697518102804	0.6993289010527023	-0.6163487722958586	0.4948293523790708	-0.6557885311753461	0.25825823759418004	-0.42385838828207517	1.0834823921208485	-0.08530550094996042	-1.5471088834607925	1.2931708872992993	1.4733526289302417	-1.4991392958729637	-0.8935810139471743	0.12790698445385734	-0.8991690699078725	1.656951786201422	1.3962104226767331	-0.43382203057838864
-1.1489419255799147	0.10172480854553707	-0.6237351986623887	0.18419347306740716	-0.5301827514115868	1.3071565800323355	-1.2023930527654976	0.8744920267110102	-1.6105394222087517	1.1204327427462457	1.1221649811613863	0.09645331723129315	-1.3465486868168084	0.12244407090285235	-1.1913288353023561	-0.5145762494417253	-0.32096476195679563	1.2787339969564153	0.5108568818504609	0.7500317167755114	-0.6725066043470065	-0.8524896073719613	0.7810039716187507	-0.5582653997167131	0.4842756538486597	0.2940941596764329	-0.5898422555888184
-0.4639652390317314	0.48482148821641907	-0.7596149902097784	0.5817419013475966	0.2398171271851957	1.2166853618555982	-1.207468723813901	0.738548518679458	-1.0125299208453926	1.6176746238618658	1.2364586892864202	-0.0828447395820394	-0.9986398042460366	-0.1410632433336413	-1.3090736343108287	-0.04828985247309487	-0.4824109409072606	1.0532523943369043	-1.540134848143737	0.20151511254488036	0.7635104910028406	-0.8488222715412479	0.056767000224110326	-0.5690358752761135	-0.6387265729242472	-0.20875725996204658	0.32163115093205386
0.6569677418668213	0.39428835331886036	0.016912830662139135	0.24529215807011948	1.3448269598103362	1.1856400006138301	-0.9641807520426425	0.905595873773377	-0.9576991252924639	1.8863161733588796	1.2779259866824404	-0.12288914321210531	-0.06765152851679618	0.013274395411082359	0.618280377568043	-0.276683570679894	-0.4058425515094941	1.2404643941093159	-0.9107408010235957	-0.892744589463299	-0.27605379838732574	-0.9444806659408166	-1.0192614934664073	-0.820279143621508	-1.551394431561913	-0.5093326562375053	1.647105265928872
0.35303049558274896	-0.4262616191970067	-0.4856304383837814	0.5117719889764905	-0.5439981879611403	1.0941999793999468	-1.0540891566539523	1.0273950009657273	0.6031426411074627	0.9732105958856389	1.4318390365089888	0.024203869490368277	-0.38692183810051217	0.21183055611891674	1.7160354119679477	0.7904528953914206	0.33471586034162026	0.5112267718777438	1.0283894638299187	-0.4561008276758924	-1.202955337932693	-0.9334070484465136	-1.3773445899144614	-0.4443016179128082	-0.9312958462284281	-0.9111729026076074	1.501801978482741
-0.12283425882816915	0.5160930472412604	-0.9499280939837769	0.5480673336806666	-1.0719540358654476	1.1245186107412102	-0.713092559386481	1.0325321578510112	1.2077578297269542	0.40438799184713975	0.8310534225194621	0.5330381346481968	-1.3624949848469898	-0.006639874229067764	0.3603514047292304	0.17362043477995245	0.5395232915757109	-0.7435814352261265	-0.15924968322319846	-1.0516701942603486	-0.04972861387952837	-0.8589668713411214	-1.1410380634495583	-0.29233646310760736	0.9699596996911055	-0.8167479506403178	1.142983841411896
0.7890716481702297	-0.03226234265341402	-0.39357774775953114	0.4386813820404759	0.0029422994171210545	0.948100755160454	-0.28847626241291896	1.0885680061939653	1.3799337042524402	0.6413917116254192	0.3443826088054811	0.6500211423460845	-1.2329438935263928	-0.001689299617973928	0.6878014570710531	-0.7322733717466839	0.6709858140026201	-1.1741790123335465	-0.8208274344494451	-2.3633767205673792	0.5859538792255227	-0.8801024925848757	-0.2678131517984524	-0.40505377996019876	1.2500477228888798	-1.1973001080454122	1.6180840649217234
1.2667842855816078	-2.4767877950137085	-0.11676055854483224	-0.006422193898130864	-0.9313056603196215	0.9260797116464308	0.15206772856474113	0.8073025161901005	0.9629783181142036	0.1426245010014408	-0.8117108898214458	0.2792603795773376	-1.1511843036995533	0.06615601168468711	1.40143075368328	-1.1824095929325986	0.8200765525921491	-0.41964667240282755	0.40493361052280175	-2.3645073737542623	1.6351949869316673	-0.9035915514601418	1.0887757411668628	-0.6946279908499745	0.5362526893186071	-1.8846779188057114	0.7176824519739863
1.4433281986480184	-2.18359741299871	-0.4596191368739132	0.4855148464851417	-1.319679726676136	0.9238228224241877	1.0097776566304646	1.0535724854230861	0.5060016203901594	-0.7739119275286341	-1.4229060796676558	-0.07868336967736257	-0.5470522628664303	-0.16181108996519314	-0.3037916510415726	0.691249215123553	0.7324391296561356	1.4982993062725027	-0.8540138650808927	1.281555577699449	-0.8377572781404627	-0.9296321213311616	0.946616256271761	-0.9225949015561195	0.050965773900549516	-1.52380136156665	-0.3616730411105157
1.9908676439929105	0.41430362740884186	-0.44206296869030426	0.37592814793957297	-0.6274892056103554	0.9088892410626402	0.6170231330777377	1.0816837715022631	-0.12962430085696608	-0.5634549650799333	-1.5427455146966291	-0.05358455184307767	-0.4621726051351507	0.3763440790010137	0.8115495420403847	2.5832079677846176	0.533624273926623	0.029739592192368856	0.11541329629707785	1.0806086211127992	-0.11236918842837292	-1.0796546137731666	-0.8068553902776573	-1.1089380462017058	-1.3574330428324823	-0.5268037833424443	-0.9894116788782221
-0.19966357184922395	0.36492417258509646	0.5764502895561175	0.25448792190427727	-1.734719609832093	0.9016754925346433	0.3979759599033703	1.0274330823328772	-1.6602020376729618	-0.9794629625465584	-0.5350857265763894	0.29283025904001286	-0.8928706627623543	0.1191893634721648	-0.09476530670104866	0.6625308504013668	0.8457292959363347	-2.1636216681519524	0.714108813055428	-0.27431768286206765	-1.1671244228441457	-1.016237635665135	-1.8269779374242565	-0.9091208972947701	-0.4015410637717198	-0.6232847080970022	-1.1829428932132804
-0.5960729949668485	-1.0595391504439375	0.12059925637264553	0.2881163572667995	-0.6314400959664748	0.7634000438364279	1.42618709523243	1.054092621470274	-2.108964814662734	-0.6710432457425667	0.2475937491796228	0.37407351345490447	-0.6570791257434238	0.155054863978924	-0.6368380281644497	-0.5814341091208346	0.7738622275351998	-1.1392173803189245	-1.1383219564053744	-0.39613714097582936	-0.7911591385536136	-1.0535253302092717	-0.38053936782622855	-0.9506880567050251	0.6906355381136178	0.20428321435563246	-1.3442207729547435
0.06535038258337458	-1.0093539907036586	0.22675951859536375	0.08141969006598393	0.08644129809986482	0.9061515999971008	1.7687847696215095	1.227491511933418	-1.8405269480058504	-0.016118913695473462	0.6860632028848139	0.007573681561833019	-0.14511821920300566	-0.11208693370456076	-0.056344697375737246	-0.6419969047199493	0.19871734124304427	0.3711631594887774	-0.5380041752015446	-0.1220826985428854	-0.7527341627268691	-1.0646212495048606	0.5490754922595177	-0.8467228075288148	0.6108409414751127	0.6808423785720045	-1.067113480492728
0.6314061902356042	-1.148310255765645	-0.43200968088568525	0.35139282764126517	-0.07474607156691174	1.0434532565425008	1.2227038917467126	1.3608014986905743	-0.33677943667951254	-0.33644626566738367	1.5543766364850362	-0.2939177719159965	-0.5299955629388883	0.12185203600458305	-0.6991159774626013	0.23403471418239313	0.5381533356087186	1.8812623921041758	0.8495554267210057	0.594042390320542	-1.6559784360054728	-1.0461325259242165	0.05755088685304443	-0.756814311020293	-0.733441622528916	0.8705686620653544	-1.0137190718064752
0.21089013586415967	-0.7044317785257299	0.2871837345042507	0.29742818097103174	0.22153171142077724	1.11626793142338	-0.4886616863748345	1.3062157054561774	1.1560237864239737	0.1545019980427095	0.4060633362729025	0.15692229244080536	-1.2719242894981866	0.16010940950644775	-1.6829624542820851	-1.3194188480863631	0.5711642821106208	-0.5895636382092618	0.6836592473741997	-0.8699312817505249	0.3923427386590548	-0.9826500118574429	-0.705964037765028	-0.6139496211180674	-0.4516468680861753	0.5356664715243071	-0.08210761287348368
-0.3250786321223907	-2.0168983733846955	0.672101204588697	0.3539775067633254	-0.10796031177048229	1.0644254266276716	-1.4581526807691514	1.2506996866624156	0.8143387572773707	1.0598971945694111	-0.8130142009760674	0.3812773700648135	-1.181105436906015	0.0432106516088932	-2.157577832531743	-1.6767780700776052	0.36663416680698785	-0.15728937827848313	-0.39469636113079876	-1.0179813211198003	-0.2580130559789136	-0.9556161975475099	-0.5996577502992876	-0.7436310227757591	-0.6173064382205361	-0.1851306304971066	0.4672413262148672
-0.5378686349162065	-1.2202011818464562	0.49584238145346166	0.6624129609634682	0.8034101697838213	0.8170931678279055	-0.7382846931831615	1.1931710480816529	0.9216686537250771	1.1839404156457662	-0.35979240965755765	0.7264423588354143	-0.20692648951460638	-0.1443722002706321	-0.41729289493270233	-1.8469319155981025	0.8439576403027761	-0.35100350565031246	-1.8467450271594512	0.8498948297248575	-2.310912815525838	-0.9813541671452548	-0.916789359798948	-0.6980203606236549	0.10426691377715142	-1.0681477757334832	0.6010422617739494
-0.897145983277373	-0.11993782432669899	-0.02823059435378683	0.3405511144588751	1.233587080737214	0.8395611954276092	-0.27198161297832074	1.135480099064633	1.3263651315813199	0.12390413287025627	0.08814742361374009	0.43501776428307987	1.0920017937035271	0.05467335137782629	1.8951301168654298	-1.2334726120696033	1.027159349934094	-1.2772379950205313	-0.37693767705009723	1.01497851368827	-0.3601179654275424	-1.1216038603387333	-0.14066869947957997	-0.7717725510721289	1.2858333174508356	-1.7933547730565107	0.20848956630301596
-2.0000178200507523	0.7064165148473519	-0.21307657129436874	0.2973049972511697	-0.3975990996244608	0.9581026813764272	-0.7772238055317192	1.4688836845900537	1.4238468343371908	-1.1817677793971235	-0.10031690695975598	0.40901904433848146	1.9301617536948559	-0.006230731994813745	1.0505023957322257	-1.3420469323600486	0.9867600292859208	-0.4210535920243712	0.921691590715175	-0.06006134579903422	0.6782248909112532	-1.0423421202119543	0.5578124151235482	-0.49047928181048683	1.3252110000446662	-1.094884526477806	-0.48483696208975247
-2.324439140479934	-0.5414240796534134	0.5396042086649827	0.1120258172833242	-1.7056682854543759	1.0340200707449696	-0.684178691423038	1.4782721383466266	1.2869174003233734	-1.6221138428069888	-0.29966236282753594	0.2979957004271148	1.9681618465072803	-0.35156345292917796	-0.6600091823823006	-1.2761338049447242	1.0233517882683527	-0.49251978750711023	0.11513262155867686	-0.8484600960823991	0.32764357259351085	-1.054414056502206	0.5140945239243564	-0.4738286409173118	0.439873484044016	-1.097579518715125	-0.9390354055854989
-0.9554832878112349	0.3752598019325432	-0.0028801596624977114	0.5037885794208946	-0.6489099610353862	0.9372722608192698	0.8987473733095248	1.368566971657752	1.2999361792817188	-0.8261322608099523	0.53467890163851	0.17470032971494578	1.209572750165521	-0.3565447545353967	-0.20214116564128434	0.9535067025691674	0.5423078306947128	-0.007917369790768496	-1.9957204692183086	1.676123242642169	-1.07743284295571	-1.1071990429264478	-0.17217637113781228	-0.33124852419649375	-0.5175419945559147	-1.0042229523524917	-1.0525103716568935
0.17401480618339268	1.0975797231442503	0.6120684226079817	0.28205610359316047	0.173669778176213	1.0513554976415929	1.2344566835261375	1.4328752509112044	1.2178819803770917	0.00850844553512341	0.8652104176438259	0.01598247241229048	-0.3575412922061889	-0.07710162068227427	1.4935925008404696	0.7868867271006798	0.5425555225453613	-0.690448523160543	0.045909481112080014	-0.8673661122487561	0.29282181180225636	-1.1242776088983346	-0.6445018697184206	-0.0675620453786031	-1.3061655177767908	0.30555503264163075	-0.6286450734016389
-0.030469702097183943	-0.11838460906565744	0.5552489712761771	0.3994367379478994	-0.7806959977146456	1.0291412396619775	1.4481966111045455	1.5439149447883498	1.2440541046112095	-0.5634766899294567	0.5478685677937729	0.5723551118792239	-0.5023340911445384	0.008912352918828206	-0.4811141141160528	-0.20760137297966855	1.2204069714738626	-0.7839038955077403	0.8305166369328562	-1.8195516269568113	0.6369694695656618	-1.0980740435946255	-0.9269308238881238	-0.06117540527436304	-0.38481740657861174	-0.35622263680892235	-1.354219852378145
0.8017953602864846	-1.0167724715090476	0.699946397949567	0.4516723996077475	0.659495028423884	0.7699749452092196	1.9814309589206398	1.536006519660901	0.6626936017707834	-0.9039478076168496	1.1905695297166212	0.367291948363034	-0.431517724697378	-0.20725881433104415	-2.157153714083254	1.327496298600734	1.018321880930217	0.7935765329946296	-0.8219261984455357	-0.009716292144740351	-0.43953911162856607	-1.118475211641141	-1.4435128298585869	-0.1497814939640755	0.35371818764929774	-0.7018062217622125	-0.6676294943119235
1.4368068724615677	-0.4058540991355401	0.33003906467899946	0.7443900376586184	2.262180368008086	0.7427741993687842	1.4271915507036437	1.6215122234788781	0.3291972615911893	-0.808797823740897	1.4902735669149876	0.47297132032181577	-0.6224736831741496	-0.08767863108151519	-0.48861821310427284	0.849579605535168	1.1830543092310757	1.325723190145789	0.15092460007256556	0.9167988901624198	-0.4841124132264854	-1.0645954692158477	-0.9998752130588209	-0.23717778153875077	1.262230412573597	-0.07481700494824732	-0.0689428998650108
0.05451324241066594	-0.07152850312071127	0.6827941159231704	0.39481637679907877	1.4741772668323148	1.2505706809121337	-0.002969459454005403	1.3660414196915245	1.0752931451372507	-0.8434436745074644	0.9357004290449883	0.7389195597350221	-0.6129183843491336	0.10236453597721533	-0.24747308096438878	-0.5058620092966538	1.0937137849520961	-0.6249396320868323	1.6062616984861482	-0.4299148223074507	1.453699198721594	-1.051081442384607	-0.5519952256669752	-0.569189445301393	1.6504038075032752	1.5079282635201106	0.01527434908440894
-0.9010678890772698	-1.134444360346205	0.12916634271302557	0.38212683433603933	-0.047977038163865816	1.2767307899132034	-1.2771872263028758	1.313878615054654	0.9381990798057293	-1.079611805808	0.9922837423106565	0.5701689433478544	-0.6339849627116605	-0.036899804234944086	-1.3958864371480728	0.42700066674359477	0.9994746228569082	-0.3907667252747845	0.8018350318464125	0.23129804629117331	0.7129023642202198	-1.046417098611499	-0.1862055580077551	-0.16363162682345636	0.654255254171269	1.5516646597612422	-0.8052957122254158
-0.6910065666955131	-0.5261742687991714	-0.6170234985451885	0.29912450058918655	-0.23813702851410848	1.2809025343875782	-1.5545043579566904	1.273250239757094	-0.7235256872911402	-0.5271618048612501	1.0699381720768133	0.217564964053919	-0.21923083815325406	-0.3158624811406302	-0.9556398017762173	0.5187037961334509	0.9219561856061573	0.24668818081464	-1.2864628125780162	1.0738787260061626	1.3124760514649132	-1.0683096565723504	0.0015481297086066246	0.07456567146418865	0.5487625220731889	1.6844049967433727	-1.0536690805002933
-0.6660181543614931	0.3565125367625941	0.2788906211394327	-0.035165599561246756	0.7272650263586657	1.1989031196705096	-1.0912562091694888	0.9429307657589471	-1.2527872314374777	0.24827344889536915	-0.5847741075356874	-0.05207161939709835	0.9752952007957124	-0.20146031515336074	0.45155220539521657	0.5614360306020696	0.3590578608258577	-1.6088525742886772	-2.026411599229049	-0.32998384926981794	3.846804170628335	-1.1577145339779498	-0.7508801413762858	0.018865935774534267	-1.0825600536614934	1.8653121164025566	-0.7307841791736209
-0.837308012423664	-0.023409708339796522	-0.28538014337594797	0.5436237843986009	0.3822290254683936	0.6995244875986922	-0.5704840648201774	0.9506881427878124	0.570513719056705	0.5972154756158171	-0.010333876702675172	0.8217508083144949	1.4535966240520282	-0.016328178288543115	2.619297129884755	-0.5332582612983057	-0.4861716366699115	0.5583674431834705	-0.5104820562755873	0.6487350652111115	-0.6853841948200334	-1.202280430307722	0.5889331072866258	1.6176948540288594	1.220866274029736	0.836948446652955	-0.2525704632654369
-1.0954242454319119	0.59198881271663	-0.3050970923893535	0.013810449067245352	-0.0876969321983384	0.6457206748749527	-1.1330655552638493	0.8208640602744872	0.3657333411360464	0.6338670346013627	1.0833285679290918	0.3168490649723707	0.24608950060290039	0.1970034598211836	1.0420315081297202	1.4612126717056806	-1.055710505395969	-0.003562208532888202	0.5459583974650873	1.6522928685998903	0.0809281883771083	-1.2310029649504242	0.5466542298255945	1.7513241090400056	0.28746803712386326	0.6800846511161904	0.22518600677175388
-1.0320879003851995	0.5494347095110479	-0.034725998888697346	0.055278287062654266	-0.7886793404707623	0.5984005358460714	-1.1786117429493344	0.857165918827293	-1.208419628118177	0.5114900609126115	0.8666281748114709	-0.06357244094966215	-0.018548569962083504	-0.061182117164434106	-0.3882274458072741	0.3682277063497953	-1.0847276789391813	0.060622656546113846	-0.43211982782069525	0.33689967495153594	1.2284379594874648	-1.1916368777382178	0.317332985743668	1.8792364029108866	-0.7251024669945653	0.15175789540560775	1.397595932781306
-0.39610086052217636	0.853135816686376	0.10817521983802546	0.024723660870791156	-0.5026243818600863	0.4715416496693972	0.20258789342203049	0.7032260447435271	-1.901606378897102	0.26252343838961784	0.13728157215229284	-0.07129429405122722	0.7630303956886146	0.12293708259763816	0.14781891995975308	-0.009405927784563147	-0.6490572968530327	-1.3916563287349633	-1.1835787101080466	-0.3299193142274926	1.6188602748081127	-1.349230861951795	-0.3037022602033199	1.5863945703470161	-1.331873704210108	-0.90564774620654	2.079020351379421
-0.07916450895173181	1.1548298814171718	0.20009549330280438	0.24416847460459137	-0.2470633742338761	0.3340684173460033	0.9738210120954504	0.7727593549261004	-1.9943326847675595	0.28682790460068897	0.15558118331687146	0.24311381181809194	1.133575438064613	0.0464136725533281	0.13718175478704794	-0.041883615896821096	-0.1996116244811183	-1.3872603930300629	-0.01847651825140816	-0.079591057138815	0.38509534741081025	-1.3281060510079272	-1.4518807824820452	1.5370370462030283	-1.179219017242742	-1.4776636758480652	2.0936588816929973
-0.34390595501125626	1.5230940339730432	0.06203949514869492	0.34872269312287013	-0.06503239625095174	0.24832236742923366	0.8172265406171012	0.6538764983500732	-1.8755529280476955	0.48388684515398817	0.7726476452004355	0.46207380436796464	0.650593545986124	0.08037080193257894	0.16170083928843734	-0.28312650545720586	-0.6650574215522055	0.42010488969675047	1.1504150572226688	0.5670305661026247	-0.8187912404604772	-1.334186633107875	-1.1778247891154334	1.6989384032153496	0.01855002486367942	-0.2938953040512815	2.3119265266090663
-1.294646704500341	1.9864921525191428	0.10188845163954899	0.15522865528786886	-0.2404621355232488	0.21486520216235458	0.81632722889514	0.40443990216592773	-1.523030864841545	-0.046317381301658286	1.153002655688666	0.23320170625102116	0.11824895751010626	0.02401621797278162	0.11343859659133762	-0.6047285138396207	-0.6316030476385787	1.6061741145724187	1.0913177661198163	-0.18616028148053004	-0.06360561220554461	-1.2719884543414162	0.26112159471625174	1.8647219951183196	1.2986572389087894	1.2641066937858711	1.29922332511391
-1.0759308164702766	1.4561182307646936	0.4952169471249975	0.20058940495787453	0.2813123661866281	-0.020476204929301602	2.0377318966553424	0.3996866394198228	-1.1407614268854553	-0.7236970223720037	1.2299495712626094	0.20336047459197906	0.39438900663431986	-0.4317836013584489	-0.7098606753202322	-0.3649281886678437	-0.2200559627013551	1.4337891020877767	-0.17698818145160683	-0.980024205336554	1.3575977535759012	-1.2237615034289158	1.4465409506290272	1.7486959102776685	1.1825156904391714	0.43855003290659883	0.924962014546302
1.3251975111488208	-0.29377791283374927	0.33909663729142525	-0.018137708735801922	2.0536793594982345	0.12835005907561858	2.8554801200549282	0.2468502097755628	-1.3293545321936169	0.591537504347187	1.0239444398168704	-0.031099744311888958	0.8330840626117005	-0.04651574101068202	-0.4523073933340081	-0.5588990255338133	-0.5001116189208583	1.1765152942258872	0.10614240376028392	0.10673514267721021	1.4968686534547408	-1.3052896361158306	1.3378302908821706	1.4872912776285034	0.23073687000372967	0.797913624947902	0.8428522294073614
1.9324551798526362	0.14451874272693144	-0.015894664528140333	0.09026306670464221	2.096795596637481	0.11620119983860573	0.8990723262829436	0.2820322505642222	0.04137677954459864	1.934608005854267	1.3212719732371778	-0.4518306929206828	0.8145527627861953	0.14293436035674592	0.8424657430026208	0.33616132842182544	-0.6581430743104763	1.3413630317860246	2.72859335455035	-0.08610775598174435	-0.6117526107637464	-1.3163127985439318	0.5491610775785031	1.5416293902381444	-1.0059574024656857	1.3762696656058793	-0.07818549818176504
-0.012226882135277064	-0.5594208438327888	0.4312488060968466	-0.17442665960211987	-0.6280144227869364	0.07539121139632396	-0.4445392207884271	-0.17861923201076663	0.8880637192252099	2.0026023142093594	-0.45289380326849205	-0.1657711812322751	-0.059807743723433934	0.18696605894261256	-0.09858281420061907	-1.4321424450831473	-0.7995535391949576	-0.5007911292977021	2.8882252553466565	-2.4173755961112775	1.289411669103269	-1.182860896348628	0.21968726966796362	1.7388713724752136	-1.169234446035333	-0.36615983128700746	-1.286066177305576
-0.19496095328938265	-1.1287055096556844	0.6203376222968442	0.04136764269840635	-1.36659687461965	-0.05799198096970401	0.2094240326113282	-0.22711615443246502	0.4945245397755258	0.6172294069979284	-1.1968558287366222	-0.22014021196253764	-0.2626943306111055	-0.010699003235430594	-1.971156313053335	-0.5323743243059536	-0.3185521587033059	0.5187273567782833	-0.1427420040429463	-0.42371744490868296	-0.4877400861131668	-1.1079692877317855	0.23070435307866935	1.9682705059763714	-0.725977090813685	-1.552833056175356	-1.3731689545198917
1.2167429124152604	0.29048969065628855	0.5799092750398126	0.33009020487476254	0.41129008730474725	-0.24147725361660397	1.674612056223572	0.09753218754675763	0.6766879614819328	0.0689766287126924	-0.872268665667889	0.06059756410223103	0.5532968088149143	-0.04168763485460695	-1.0326678257761401	-0.9479938780184364	-0.07495492192081614	0.37981629992163163	-1.7885196217354173	0.005140582542342449	-1.9104491678759352	-1.2255389964482712	-0.2490943548801962	1.9626479584042817	-0.47150766096512264	-1.0241458514713935	-0.4878286979499745
1.427987943359082	-0.30095598568577697	0.7060255195912573	0.08582155871460934	1.9206878562312137	-0.268106203121729	1.7602442653395352	-0.01623448837480979	1.0779787971719301	0.4658342127468298	-0.39270678738398906	-0.16488815508532842	0.4278807241915174	0.34388510357103924	1.254460302143852	-1.4210267060505868	-0.2939095364430807	-0.8767838285600138	0.8736456605563937	0.05847747632842573	-0.8516765427113036	-1.2563343921384862	0.5178053931753891	1.8552763066044315	1.2531765068751615	-0.6343696693695302	-0.2014573784144973
0.5746663655528282	-0.01630096226612226	0.524499732288176	-0.19836006320725685	0.818772467831852	0.045297545316029995	0.048701277003196056	-0.1983945435400694	0.7332942046434322	0.5265981319567385	-1.2653265949523278	-0.48862607511530304	-0.6890144123151503	0.63249866666029	0.49838557808556044	0.5768684696874663	-0.6464594650992768	-0.3628636129322391	2.3397635510534944	1.1373852793765828	0.8393836699615694	-1.1861976221233732	1.5484013766372746	1.7871389655804097	0.7412053247150506	-0.5595095105002804	-1.6715173191752126
0.2833934525177766	0.5987960565379422	0.18273383716951283	-0.437928616710568	-0.7602937328454132	0.22051083929037343	-1.7814356512977427	-0.152192234375468	-0.218512885709327	0.3360560088581427	-1.550627510255263	-0.3792356584051816	-0.6846876328503396	0.4009769441141884	-0.9812501514044157	2.180972756579763	0.3174990231271981	-0.5293680018348953	1.0971486101691208	0.3760478499422768	0.4335986706656294	-1.0906833245954837	1.438405142854215	1.86199027571559	0.26202427272052886	-0.8580381664355068	-2.980103254050312
0.32503916554557155	0.7404827701042621	0.12803994842669406	-0.17639991410574515	-0.6292709540032058	0.13516045840052945	-1.3415940439012375	-0.0036388353345629507	-0.10940298735364154	0.6029036968261222	-1.6428715980466564	-0.5822959229520492	0.2677720424497189	0.019709189371513138	-1.631372566417094	0.7715623341056461	0.5017143585444228	1.0870436006504478	-1.8278979847018368	-0.7479469154798092	-1.0589972621236199	-1.0839759183735869	0.9725132392124238	1.9192428030257551	-0.38069629566882235	-0.6322070420339875	-2.4602270740134853
0.5484204908086285	-0.4067655695023221	0.7397660913106687	0.18960561179632038	0.8111221179345791	-0.1744121859308574	-0.07455161070724682	-0.30178272890908275	0.6638388420150937	1.3354168837610754	-1.1549139678097442	-0.5081795889417526	1.1581320705149696	-0.0006040803178796435	0.1538209086371138	-1.5613678561302478	0.2810020958091416	-0.1626473239999599	-1.2935889909420617	-1.0600308922753432	-1.5547150404031371	-1.1529564010241646	-0.30740280231265094	1.8332964844026767	-1.5975160625070843	0.16521253096657249	-0.8821499293884323
0.2922618634270992	-0.7889225869768426	0.9539002683487894	0.09595226371119467	0.6461191464735043	-0.2217052777385002	0.20991918061003412	-0.3730553104771247	0.9134369886304704	-0.45816881026700934	-0.7942827246853135	0.06478422853801606	0.37678685253490185	-0.07964606827209719	1.946609591813908	-1.7895077227007499	0.10074103495114028	-0.5223213701783612	0.7023291900552664	0.8457664895939098	-0.835584758404958	-1.1297055389852844	-1.0269249629386645	1.9377808196551245	-1.0063549035518116	-0.29355542569857446	-0.625342553849235
-0.39539016917869174	0.4532377371133031	1.1182979404966116	0.29291402446746356	-0.02061461234751203	-0.10220380576473027	0.3801823266535404	-0.5830527930954177	0.9154101657745802	-1.686649702508247	-0.8438834769153424	0.1016179327550322	-1.0939217142111102	0.05706581877933095	0.547686867519014	-1.1322852797809821	-0.38716063392427347	0.20337909282050018	0.41598809387994906	1.2552623646837588	-0.4503650984996502	-1.013036064466781	-0.6927157530740582	2.1614743473704814	0.6578406980872712	0.8897409662314177	-0.40057425301987937
-0.14560245032005853	1.137094457278342	0.9423810988163613	0.33972113651006974	0.1767168799158765	-0.05043444609099338	0.6019661153526557	-0.6779225646818141	0.766485735980208	-1.7599824679104734	-0.8390997706040185	-0.20656228473215843	-1.4533820230872825	-0.020012647418922523	-0.3187599186231031	-0.7979982501728872	-0.07698457976483843	0.6954268651865767	-0.4798167332266263	0.17966811911216982	-1.7798611184401465	-0.9996479713677502	0.17176017513212516	1.9952013248837184	0.863541230090893	1.4210082636120658	0.4194418251195453
0.4394466716480149	1.4199394803913878	0.967599262620746	0.15747562466558332	1.1657308530750607	0.11194500036999076	1.7056788284393367	-0.7839015542556674	0.9522214517111155	-1.3177150710117165	-0.27881324146089403	-0.20651262580614485	-1.3028904366498157	-0.2633588512736328	0.30705817429094767	-1.1653929202469664	0.5880878473780737	-0.5250034028874385	-0.8135204258867453	0.044298782970129534	-1.0074390781340552	-0.9545866262430742	-0.4994827665571205	1.4766000163088533	0.28456149881608966	0.8037628012114202	1.3234235387805362
-0.1117973653216939	-0.40376214931573284	1.49358274777309	-0.14993779088624773	1.2622011155910806	0.19356768566840074	1.6388921764214175	-0.9442680685346567	0.9654378364383431	-0.5310829723691306	-0.6090633526865858	-0.2972543647167554	-1.2034554103530228	0.199738588762872	0.5638120830668288	-1.4199902603495906	-0.1853974825822898	-0.6981408499983672	1.4068382821782688	-0.7229322669016727	1.4866355629759345	-0.9029437273631788	0.4456703347672975	1.1764411073327803	0.7253768759873723	0.621575784598873	1.519383004204328
-0.5136506205560373	-1.524815143387719	1.236180488865492	-0.17419118340444292	0.49404265313525564	0.258128700847744	0.06620336315565249	-1.132103113156259	0.39601213047806466	-0.9044894489198263	-1.2985601906942317	-0.48361481786644245	-1.587659427414934	0.47284497243256174	-0.5155458229783336	0.8132299725547051	-0.04873043396992866	0.388191294833215	2.104494842131725	1.0263513845651902	2.0804638907644413	-0.8640340166634345	0.15091183587195295	1.1014690399763345	-0.24635219914296924	-0.03075885487552219	0.9684103468625463
-1.3393835269979981	-0.6311766107607151	0.7206575316199604	-0.08673534969535907	-0.17805899613647938	0.2442349406503586	-1.7249925026282473	-0.9675191464419286	-0.3835873085385137	-1.259403377614466	-1.4392585986297182	-0.16823172972231792	-1.6755174764715255	0.392607878929411	-1.0947677559704148	2.082642578657478	0.8733146319846905	-0.39511387732335984	0.5671542227202397	0.8616031871058842	0.7610703824222057	-0.6796639495232202	-0.30838175466288986	1.2622787243315496	-0.9376336845450649	-0.9575751952439446	-0.1249472557983164
-1.0811814106427147	-0.35986363127858134	0.9771073771495601	0.25865418290391495	-0.2581271191782855	0.16962518996526604	-1.9526396445222232	-0.734411124715101	-0.3980648598763614	0.1046336812441353	-1.4548234379218514	-0.2569559816061651	-1.563748964643484	0.02978608594801177	-1.499855480871609	0.9317567488279985	0.8474468415906343	0.1876756696171531	-1.7579903532586645	-0.17216239982448445	-0.7795280596706917	-0.6276582611977533	-0.635901962668553	1.5048835440907204	-0.5541289104301547	-0.4859984962901709	-0.043056521744636506
0.012372514953923736	-0.7812898736341088	1.235119821608047	0.22505231003122034	0.6597881080098086	0.0017343429292944906	-1.2062196601412218	-0.9561450654573527	0.3112507002807522	1.027198150766771	-1.0739026402239578	-0.3260807899629899	-0.9528480224805672	-0.03395375805688471	0.2705940615538707	-1.4453265213314666	1.0766066794314764	0.46974360445355107	-1.97278552077545	-0.7787054151381722	-1.4413799577149968	-0.6816041247331879	-0.8210123223863174	1.2839994611019057	-0.5285351304159619	0.02981055172778245	1.5714458016599102
-0.5825998932749952	-0.8352497220835133	0.8915034534362246	-0.0018306239442675923	-1.0507191618553036	-0.01228888237034684	-1.1366203595984845	-0.9635494559884796	0.37638625305197193	0.7083236813864753	-1.241450259930003	-0.3518758130449798	-0.6362334664635269	0.34573409420953877	2.3485087557477553	-0.4308731233370822	1.1461141312123884	0.3592540689740826	0.1557919787804521	0.8303334867318249	-0.44394714397009327	-0.7632198718813422	-0.6950070984427777	1.2157793409559143	0.4066694202313817	-0.7593590404883878	1.442289570184685
-2.049476795254535	-0.07312429058294811	0.9243241235417117	0.1960574967159547	-2.161439997211378	-0.035455928833272386	-0.5727980064885834	-0.9014959489764925	0.16264712384773022	0.5987528989275487	-1.5115242720081707	-0.4582097649997712	-0.1120323200272282	0.007555091669556778	0.25483947052221995	0.5099969391912642	1.6189053177208215	1.0692384899484055	-0.7144364160228942	0.3316493279779785	-0.8938629892594094	-0.6362025025457558	0.244963492518122	1.108703071503619	1.6276581848665181	-0.632403203360065	0.2944112704536204
-1.306430559169351	-0.7143217373693744	0.32978326485646703	0.09852264153998187	-0.8780094280610727	-0.06803322465229329	1.0658798659185096	-0.9481491232297137	0.2211688717234021	1.1508265327607006	-1.4415891646300611	-0.33353023348628175	0.8279695690721719	-0.15336709658854794	0.6102294758440229	0.01398515181505004	1.6142938373403146	1.7932529512625202	-1.7052471150380564	-0.04958826886689293	-0.581193750236636	-0.7029402966967626	1.3716575078767788	1.0072133564288062	0.975469305361101	0.12090188926365553	0.493609435546222
-1.1520156246488729	-0.6194338809992395	0.5106737072766849	0.08216442525849973	0.24173575852216675	-0.0738923966916707	1.4149151598089817	-1.2108623476930986	0.37105102668396284	0.421531270150745	-1.464927519439341	-0.40699229872621867	0.4466237380936747	0.22512313683882837	0.9848615109220116	0.47175647084602185	1.1034098000376917	1.436064966076498	0.2901243590286115	0.45821168612466695	0.5943164433472072	-0.6839414979527559	0.6337287530612439	0.8619559936278267	-0.6113442373092323	0.9920340028190366	0.4663873265421135
-0.9436213285287416	-1.5490049542656605	0.4013637029321788	0.1155505986079909	-0.24128273218118299	0.05799026012860709	1.50647858823864	-0.96098213955408	-0.08471143614517704	-0.466260471253767	-1.5546141154450073	-0.3955579117753702	0.04069122784971501	0.007853295453263092	-0.20706505235866549	1.5950181848919271	1.286681831566155	0.8453843479732772	0.5548442630242707	0.10046972830217295	1.224732334146797	-0.5309691416881182	-0.3795437831982454	0.9451532695650189	-1.2092969861061753	0.5342047732872753	0.14276441852186675
0.18906300189492417	-0.43698149052275054	-1.9220213154854309	0.30800754283542636	-0.06978958098294405	-0.06199073764704337	1.8401736112094593	-0.7513651648950814	-0.488368831691726	-0.04825917706208976	-1.4613182443183519	-0.18118597514840626	-0.1601174436170008	0.1937482326802819	-0.14980068301371746	2.695013393445815	1.8590366389411037	-0.12038540909508122	-0.04544687536118779	1.5897264423173252	-0.11625475861898706	-0.5912355535192761	-0.9905356416836956	1.1482515170775471	-0.4800218279660024	-0.027841971588170932	0.09934706904657715
-0.5026062361194884	0.6546646772434015	-4.183368448041288	0.46829336936981897	0.2884831641618212	-0.047265974668369785	1.0689091917333347	-0.7815680001809929	-1.5071867799279586	0.6508293178782711	-0.5890342983540584	-0.037612334176784314	-0.798951207243251	0.34649172630857805	-0.443495564888628	1.9792958903530207	2.2211769044914176	-2.428015852047146	0.9519535461419625	0.6061384996581733	-0.45211436867577276	-0.3481699415003623	-1.3599407807288464	1.13889021463829	0.7034772566072401	-0.27574902407164115	0.8940923246811475
-1.4473997835128305	0.8275767147324045	-3.6713127435712907	0.3102648908985916	0.9116971749846248	0.031801477968713986	-0.2381975972673867	-0.7006534412222326	-2.0541075682778946	0.955712511379752	0.4658363443190147	0.06830207898156324	-0.753308235962001	0.39937126591384076	-0.9971776432407949	0.0017173997160593326	2.1865212834727292	-0.8429449768633074	1.1693297665724292	0.03180348662424504	-0.733401923947419	-0.30884218235863997	-0.42085692142366093	0.998395754916227	1.6445783177559965	-0.22284916328564605	1.18450062192416
-1.4199576417393553	0.44120666025922867	-1.4342500432469396	0.6038909324277277	1.062454132943522	0.16158071132972304	-0.9817672153338587	-0.653067608930818	-2.129785971227904	0.5205944196650936	0.01495967584133588	-0.15446793872793535	-0.4524759358211973	-0.1139351261070361	-1.147744131676208	-0.16458791057354455	1.8901968831656675	-1.4230949437391143	-0.19210318292669964	-1.3170934500458784	1.384883427248546	-0.23499568039575633	2.200332354252181	0.7981404136896566	1.5912232310732115	-0.708774831152504	1.7423592692969425
-0.5938842515179432	0.7575734756350376	-2.815799542140276	0.4460223545350966	2.3791976765641194	-0.08018200362912026	-0.34516378796859026	-0.7985896152098515	-0.6346821990954237	0.35206302284127466	-0.7744217906479667	0.3498941734000756	0.3275815513165611	0.2349751586678257	2.4064498298358723	-0.6968309942958911	1.0985846094807064	1.4508343076726455	-1.0149011319639951	-1.0346315922097462	0.8490250375118765	-0.2863368810351274	0.28185067020550275	-0.047778856685249914	-1.8212697192767753	0.009757922518634582	0.5003589150130199
-1.0868828554430319	0.7721834017684142	-1.1812442782455657	0.4347668872580112	0.5273012983947766	-0.1826932118886867	0.346883840372141	-0.7036434777080007	0.21060110894863085	0.501041368030064	0.9401465464679292	0.3115281005794986	-0.009123260819512178	0.03173986702593247	2.2760781942113066	1.060923995524407	0.3600742272483184	0.16247050696084298	1.2162522080455338	-1.0452919207520601	0.24286607567304552	-0.13184299371548897	-2.3664974989433594	0.052969375392039164	-1.2184420597162944	1.8422901539522776	-0.006940080592145908
-1.507138100415212	-1.4204396637306742	-0.28899495748854975	0.1748111510905604	-0.8850225061366495	-0.26794022925704064	-0.689492685914792	-0.582401426479711	-0.5619167801519928	0.8941618511634122	1.376718014913641	0.35886440741701825	-0.2345640232146562	-0.07878347263500811	0.6680962974677522	0.5787938538116125	0.3951541965580964	0.8446010444570832	1.495474885358312	-1.7514704857445957	0.024738451399436395	0.32636176724836763	-1.7875822486611135	-0.12349219164289575	0.4115838345892739	0.7574531506458134	0.19587076611749102
-1.9557618404113903	-1.2616944744102097	0.26288770113811455	0.4492352526331312	-1.576276290310013	-0.26415735405856855	-0.9729623590379424	-0.44534855970894954	-1.1544018920817845	1.0116290243153818	1.1450023480535043	0.4698051227539568	-0.19584078645594852	-0.18686133709882932	0.22682055628778355	-0.1345128365089628	1.043264795407368	0.9789205700438518	-0.46627450375724583	0.9228387628808623	0.2463792467572963	0.5757871689826931	0.5501469008013815	-0.16983107517245566	1.4574226309350222	0.03848682323307319	-0.41042837509405317
-1.782742714337137	-0.018351501281078052	0.17919107941085818	0.3614044766702122	-1.1099247276854385	-0.3018885910708205	0.2683816813325996	-0.45480853232675794	-1.5405195448857962	2.020479835434146	0.9895405681288301	0.2361968834149604	0.19051462129023966	-0.38514841095053076	0.5688722234904667	-0.3551036366667105	0.9699090659358467	0.9025342505156538	-1.7963277715900896	0.5539155012794281	1.9047280059808362	0.6504088030197859	1.3020604603521315	-0.3616121003352027	0.17412330170411744	0.9368289690323236	-1.0495179634285141
-0.9072606862245662	0.4241119030896115	0.6847076148203124	0.40346809157023067	-0.4473534724310267	-0.2916672294040725	1.2847198592105378	-0.45812364239591014	-1.2182971432250325	2.5635545612616366	1.0530993805106872	-0.12757773323697322	0.44977431843824556	-0.16337189271642708	0.32977940498431824	-0.004174342846963157	1.066417082477894	1.037568705248633	-1.1880970837925797	0.2639108446001959	1.4308049095616233	0.7349722624726863	0.39813019219715173	-0.6102220747863559	-0.9420324652981146	0.07496070601871402	-0.49381558223845295
-0.9043762305401386	1.1835786313932581	0.824720904788649	0.5018486468124567	0.9969440095233025	-0.42631707024570853	1.8744282715025695	-0.30736009821692756	-1.1679501360738622	2.564824655709502	1.0216303388479304	-0.017904896719639875	0.8085635688860298	-0.06221547807592472	0.05531009726476839	0.3559999073966899	1.0548590513709248	1.3479481464802487	0.04406070592271925	0.8185231227492524	-0.03086998832490216	0.7327748387631453	-0.4568475991546539	-0.8261602366339309	-1.2335122119263198	-0.18298127319821603	0.5349066631166629
-1.7933511125949295	1.846438905308728	0.6967105312177523	0.27139967909685175	0.5009589791496062	-0.5215370917625736	0.8531647280916771	-0.28883184804065276	-0.4885497253471613	1.150658693605963	1.2164968314471787	0.22691736161435166	0.4698899005884336	0.18530657525122987	0.5262471392464371	1.216140356475023	1.70192909009953	1.43123263349595	1.8149616057714966	-0.8858782212237717	-2.0841673027511796	0.8512540387050486	-0.475245258754463	-0.7581705968683161	-0.6399298884441594	-0.4287884338508097	0.023749479146371454
-0.6174067919983657	0.1323309859997811	0.9787452360496033	0.011999689465243053	0.12454178940589808	-0.4557296690372053	0.5053838082090052	-0.17684401116426476	0.10236800190132418	-0.9945728890421126	1.2162385822960184	0.32112392739981	-0.19217320585801823	-0.06254055503897726	-0.8435217336493164	0.8078544752049059	2.239168832881742	0.46549150415183277	0.6782335426879654	-1.6464689296831454	-0.5818515601487022	0.9584966740599808	0.30911398749659613	-0.4481156157648299	1.331393154255558	-0.8712018930263269	-1.0556455359035366
1.1379348901099844	-1.0149275371212787	0.45051581043252686	0.4027247775284604	1.4328018663018993	-0.4239256875191509	0.3151815350294978	0.1450622536748886	0.07177283189111462	-0.9950950544132401	1.1031851304405562	0.5363526419333805	0.2787972862947188	-0.30248699331884094	-1.2343310671759886	0.5923255333199905	2.201786482373912	0.7579633111047611	-0.8083013667928716	0.7459177099062513	0.1955941125801623	0.9311224485608797	0.8975541493274625	-0.20358523185173016	1.2399135710849265	-0.0409742798537442	-0.7320390662442188
2.1439373739184826	0.4273513829052226	0.34340517989024977	0.2737391718458332	1.7760638527260444	-0.2522788448713118	-0.429812962307833	0.12112551144370791	0.08487362725239626	-0.11066406555689828	0.9897826229968549	0.5098599019560011	0.8267786003826075	0.09919833331399638	-0.4929988661440653	0.6511952979867379	2.472938098720613	0.498630610049833	0.15883147722266724	0.8463557130290592	0.0864044108239962	0.8012908787966494	0.9044161341736408	-0.3711214136460201	0.665786929649577	-0.3000920032132327	-0.1598555652608386
2.2418366962002465	0.0696154372506107	0.20983336659453358	0.020867708749262002	1.2135244002272083	-0.1643167696622267	-1.1247549363670428	0.1754225917997252	-0.2234181299859911	-0.6481185502047974	1.0874153906809003	0.3695312221829573	1.3518370456715771	0.07250668563915595	-0.47095589081225786	0.7143411900670753	2.158122306701405	1.0656229399819466	1.0440192743862728	-0.6620762453550213	0.012312779153962129	0.8147419009511359	0.803459217843301	-0.39522516214069625	-0.42146956737415836	-0.48946614824102974	-0.012006697091712778
2.5008305948804925	-0.800947527901489	0.7980989411019446	0.05965292514706538	-0.009017362776215093	0.08491254389788544	-1.6191388184105777	0.04587752699724783	-1.5122675911285306	-1.676781296806638	0.3440134479339139	-0.31223588911520633	1.8994377245905136	0.32169149410892395	-0.3519697572498174	-1.0548289639301938	2.938045515693579	-0.8414605337490086	0.7650850102708521	0.6128991101437683	1.0961813437889556	0.07577203561117968	-1.8271333402471017	-0.24205985218271606	-0.9154105071683902	0.48392556686064336	0.7217192149558146
1.3776074590336025	-0.3996026265800155	0.3609937497824061	0.42041967377265643	1.069420138141271	0.2045381084531299	-0.42565295484034643	0.23404719090012918	-0.7623349175346907	-0.9777828396717678	-1.0078130500383256	0.7727320007887135	2.4675306604508522	-0.07489881195627988	1.012293592042921	-0.9340656486932019	1.0587577414811171	0.9442657352284023	0.14582187670279095	-0.28173531515053885	1.276720042356204	0.6709664462868521	0.41709924920025176	-0.3095667839631866	1.4670451336445895	0.8217277389303996	0.6969665262173045
0.5922181651115423	0.39749243117318617	0.3705593834098633	0.23649295618924449	0.07229657210345931	0.25757364683627926	-0.6656252553955461	0.11057055208926155	0.5564248394575275	-0.5202155352531698	0.019113050497112836	0.4628505320101046	2.467567328557843	0.07793367547167708	1.0176723206610145	-0.7198715707517974	0.37789121569453804	0.3510516534226663	1.2790310959619358	1.0326098931740826	-0.11503179847045898	0.5523644151319972	0.3258126514022789	-0.7321702866624676	0.3127115994141883	0.5784512484399837	0.2673317001016068
0.600431533396379	0.383342282965601	0.5435581280796977	-0.07151389516918226	-1.4730565391218113	0.12502372872533007	-1.7808331601731608	0.2599666472720374	-0.4251510041196989	-0.9876390804481063	0.7756663375683897	0.1550168210063128	1.344684185716694	-0.0010215929924576252	0.02023667037074524	1.102607523002541	0.015257286547596914	0.7401731561842435	1.3020941686230914	0.33618681152413143	0.6884314599925957	0.5259202454553951	0.6153458721982995	-0.4563375629138146	0.21971225205342107	-0.9562182600364387	0.08396830716788765
1.185068995846057	0.827576065639534	0.5334683036144012	0.24815141974843125	-1.0078814902474216	0.14546630395243654	-1.1340588056727137	0.17659863594695532	-1.7577966653920294	-0.7556980908720445	-0.2431949212874806	-0.08927008623304844	0.7609531119312696	-0.11833405680441669	-0.26691104588017295	0.017385972850689956	0.19884471793003303	-0.6035835987123457	-0.9721631022496463	0.26321874133046935	1.7954112094745809	0.5892512320797711	-0.49581782602534835	-0.33109368763046815	-0.8402204913576519	-1.2686466796461617	0.20520538399285998
1.8216357350336858	1.351064985918101	0.24314740813449245	0.29000990141577093	-0.10166963104708174	0.11958406996559588	-0.5482402630090281	0.08727298430697068	-1.1762496901875021	-0.24930775091167495	-1.3024600475703936	0.40941810091460745	0.8569056311245694	0.16884577185634606	0.7666694542869589	1.2299573310223955	-0.04639734993038369	0.5333100550293042	-0.47382708049983446	-0.5255228154159891	0.9124660295147947	0.46718171320768415	-1.0228687226956863	-0.47950086331896347	-0.7569063487561137	-0.19100842560018833	0.2299199286112343
1.6077482291653908	0.21998081931023714	1.5883390860894897	-0.016845132142571807	-0.0062182670866804965	0.005448497785477352	-0.5931252335770574	-0.09196302712135054	-0.3615395890363323	-0.9248576581155301	-1.3638273122659992	0.34016512456796144	0.31627608863778217	0.06745011735811512	1.0723937775710968	-0.5077262933697407	-0.8334948340281179	1.7587483862393904	0.7973901023550826	-0.8674469712081182	0.14119207660969588	0.5097729965185034	-1.5573332387916188	-0.5552241325980002	0.6384098513387771	-0.11167190139297054	0.3807876359699275
0.7354243906880532	-1.1125766658679541	0.9015860316969577	0.2810228943736313	-0.8342724121630818	0.07491353302192168	-0.4030358049951493	0.09333149984597278	0.14944556820813662	-1.4850246514528074	-0.9319195070246933	0.4085983255956866	-0.34498631361826854	-0.0811450018663851	0.32862265633471777	-1.6957242700046375	-0.8581207225385491	1.338545930451806	0.32960019349775194	0.46654726509858757	-0.3220539589447326	0.7560807666506324	-1.2609593318721353	-0.2670904881253955	1.0741023021178195	0.21231425165021073	-0.45177139562616114
1.1919149061115044	0.5945946530022004	-2.7155342078970426	0.5565669558031682	-0.1397473502272382	0.1888332183359325	-0.009717316976305821	0.16906243848979516	0.6409119855730228	-0.6795713024718325	-0.34624878151674154	0.4087984623593527	-1.149689037815571	0.06274659187363497	0.35480277209287425	-1.2220800264346436	-1.161354511011266	-0.09549112442346164	-0.9331377098117003	1.4747576954235986	-0.484140374420336	0.8453970768457014	-1.0937768919875746	-0.27788525062461567	1.4878127207505678	-0.0438529714726895	-0.6037027683281665
0.27184143172732816	1.6327494925173958	-3.582773252438592	0.22233333543634912	0.47946901400642095	0.18605762721826818	-0.18322121520514442	-0.1110966429763574	0.8193894937011801	0.23163919259827367	-0.2431489735372747	0.16644249549351123	-1.6119001856978663	0.2700992724530421	0.6333742882199331	-1.5058084044021227	-1.721900324831861	-0.7185263408331382	-0.06134911539380399	1.3788705278740405	0.30902077873570255	0.9752926282567166	-0.2112938263592812	-0.38214230811604166	1.6449058676949244	-0.09609790033712011	0.6533924168544043
-1.3202673174510373	1.6481089644835427	-3.414674233860572	0.2189101803064075	-0.29554132422016993	0.2847613539585629	-0.4062708116941776	-0.23345673129574873	0.7985490102981193	0.05133402936944981	-0.5495605600252939	-0.0015754842565994377	-1.5193843641214593	0.030967427403345144	-0.6249139940755717	-1.4517037211208212	-1.741620739885973	-0.541353996302247	0.052424720586801324	0.9700520470289176	0.09157259383701652	1.094746823635777	0.8416914883219014	-0.4707786778143983	0.6640150786086128	-0.833799081149943	1.7966704004233884
-0.9836384702142551	1.9245433236321488	-3.1113888260177873	0.24675652102639184	-0.042421885113678365	0.27795144715570685	-0.020600718556640536	-0.09325826002095045	0.783669291073858	-0.21626771839448747	-0.526797994104319	0.043192916025237164	-1.1759296695716632	-0.20204012432407534	-0.5703770512790605	-0.9533277525363456	-1.5512602282265475	0.1950451497130123	-1.2527737299555046	0.6216335719406766	-0.7336124886114378	0.9791868844652433	1.0251267010030447	-0.5441103743748203	-0.2452869666768213	-1.276522979287693	2.3214741117503417
-1.0343452579692234	1.5449059778962289	-1.6608417427063542	0.08348497697654876	1.2777124463739888	0.23789094095189386	0.7917708613175849	-0.06414205032778486	0.8056651633161996	0.1429493451336366	0.33036831483034435	0.015717382716821746	-0.8456964634739452	-0.02326700691338221	0.36909557706979895	0.5502727095722689	-1.5875964865664294	-0.2356393188062755	-0.9040585397440013	-0.7494629414672026	-1.247828268409285	0.967216891476274	0.5586642677657115	-0.7528176615373555	-1.3930844084210952	-1.8141545606495544	2.662985176485881
-0.8226934644826371	0.7980963764751368	-1.1872122595186572	0.0366866998260384	0.8747127638474641	0.13754133317676384	1.193822786926421	0.0010075300011080225	0.7796878545759437	-0.5770979952670203	0.7270172241406817	-0.16992631114897624	0.41036409449909894	0.15392162656755598	1.8617869685843231	0.6228853540475708	-0.06964165552879745	-0.8225082330491391	0.7277085063755812	-0.9970153086088095	-0.4669274546948727	1.0150171589967831	-0.23206868191346386	-0.6840283657539765	-2.0491110926164957	-0.7288469456644594	1.0400097575851261
-0.5165001173209446	1.2110016047356371	-0.7311606298424526	0.12563710365175748	-1.3915352748764516	0.03633325136043868	0.7984271129344603	0.3127673765572722	0.93816889818731	-0.9539339114284877	0.3224021064267105	0.16695401137069688	0.5121695412011715	0.005784262935981024	0.9096108747879236	-0.6073103700225932	0.19890977616026692	-1.3761876836267506	1.4060299321842211	-1.1723390645100369	-0.017395965490476388	1.0714837510631186	-1.0432973101883911	-0.509210839290706	-0.41629165778942684	-0.5204345143100417	-0.9866699390786081
-0.019601049476633832	0.09574971493752718	-0.42864206943687166	0.042125860593847216	-1.0567297062807786	0.014758195060518045	1.5740138142578344	0.3137063843648185	1.0521546243508786	-0.4719721687301445	0.1611053249695634	0.0627443217701193	0.26743698664106885	-0.32499904335452817	-0.9590689062158076	-0.5544716098388661	-0.43683003846855983	-1.347241203129332	-0.3218988217749731	-1.4366616222615407	0.049151356862121416	1.146654300066192	-0.3822597069596435	-0.5919586123653884	1.5825454183123944	-0.6171929623889151	-0.9954175752746276
1.1467512713825463	-1.7255396951918553	-0.702520410651123	0.047699062124867915	0.5615809100509416	-0.05540004873099098	2.349716058157104	0.2846837619046236	0.9529514602462533	0.5175556349239756	0.4297979009645547	-0.02420874421847689	0.6408130933775686	-0.22512865915729163	-0.3503845543514978	-0.310034120547075	-0.39416228117499424	-1.0183352825669134	-0.30661799435209386	-0.039818764899196286	0.2682180090127551	1.1089152464592382	1.1693508059258018	-0.7304511625109298	0.914332957893826	0.008936584078381951	-0.2775891522503204
1.215581194525776	-0.3499032835666853	-1.240843010401622	-0.18432587215096058	0.08969525176699635	0.08439686935816766	1.5342354611591553	0.3035937304835619	0.9249578237515976	0.6170287497208033	-0.4707179296412644	-0.15291037036449176	-0.17589745745782664	0.23801181816585212	0.6068321717908831	-1.2234453805391297	-0.3806193342166004	-0.6811165556002271	1.5100317467885302	0.6285973696900191	1.8210004903571428	1.061859980256311	0.8740669913585116	-0.9081841740356673	-0.9702507380448007	0.05697477041597661	-1.2729976702236847
0.12336799214226654	0.33698435396231474	-0.5194963404763213	-0.23604038076098888	-0.6453521694978389	0.07644283452916724	0.5997197087470622	0.14360477049757908	0.5242160870189712	-0.04080789801945858	-1.3539256057824538	-0.5271597075473289	-0.4401961303273853	0.17271185551360718	-1.4108698880551194	-0.20233388677343425	-0.48327294832800993	0.765240251030948	1.4931953881439108	-0.14938115980453232	1.0676111336319503	1.1229483897688155	0.16015760693434916	-0.8500777887119796	-1.0931728872705733	-1.077840167892108	-1.6971176695589163
0.2507439983705618	0.2823423992878317	-0.5004434237271138	-0.09845710525929148	-0.009664193212864278	0.099439110908142	-0.3348379164411535	0.2694487143118548	0.29891765750524435	-0.1444393768622872	-1.413696794494211	-0.3239818150110165	-0.5119676924260623	0.017944598620594842	-2.264645672809463	-0.3880232688951623	-0.8672041819804018	1.2813901888296602	0.17414583488233476	0.0902039547206537	-0.08724090300888564	1.1421774366748192	-0.5633630321122224	-0.6811479019588357	-0.8206817627773202	-1.0578773607761547	-1.4749182054990546
0.9121053639060145	0.7539217025488842	-1.0209558009531365	0.420406115888392	0.7963601542712292	-0.034042127389066985	-0.5174925726886893	0.30814868392119715	0.5724767662004038	-0.20636545043346152	-0.4607359064973216	0.2869506873016886	-0.3984222251889756	-0.301796717733076	-1.4943034548013099	-0.8148726006034855	-0.9808069806124954	0.27330284836552754	-1.5569118251041463	0.02291390381156851	-1.4737311948367573	1.0335444555724091	-1.0985855916189797	-0.39474933548750446	-0.44531947494014273	-0.7660156230624046	-1.249154797188374
1.954097490205456	1.1149256268622478	-0.42749620996751836	0.152587195656288	1.7613156254063644	-0.1061835217285169	-0.20258083709112995	0.3168759275923164	0.5866888335322823	0.02051651371970741	0.4584599050363299	0.2711754932816695	-0.3742821639530309	0.06680928065796259	0.9811027396274531	-0.053083997986585495	-0.5941928186465099	-0.505547316542868	-0.7388236497165768	-0.8484773021545944	-1.6101307589626133	0.8519089983181847	-0.7193528442437688	-0.7139613248786774	0.3471193220015605	-0.09520570221505545	-0.4941874705685386
1.2716557383831768	-0.6094425117925971	-0.2843208314314915	-0.08524742243908355	0.6767961886832963	-0.07640058234173033	-1.0868826764507695	0.34737212852447885	0.5412509711697737	-0.9502074009007769	0.15747249319084106	0.1421245275004258	-0.6239321053013053	0.1899910202092167	1.8569881603671614	-1.2696922584010224	-0.5724518780193488	-0.5848637324698657	1.5712845973929481	-2.3336335908045016	-0.17360899928046897	0.8651852569685682	0.28173265604479614	-0.6884709639214851	1.0126593311622456	0.679839139763196	-0.5790077970172914
0.026995708780970847	-1.0512910991716058	-0.3972672458862786	0.053407383248813396	-1.229500922534322	0.10513253131899852	-1.7121184786877413	0.28846214748108695	0.4935435596134092	-1.9893073796805396	-0.2604475761165578	0.04719053747890418	-0.8720793927902687	0.03512522896940823	0.3862346296636185	-1.9675702365494316	-0.986308901977344	-0.48245672112542537	0.667761869847664	0.2962282099072294	-0.061551903698397345	0.9625450252537372	0.2567060915789493	-0.4288320667752568	1.5940553377738453	0.13396653109285964	-1.6711493684676455
-0.9961882354939919	-0.3152147583621323	-0.27574570335665227	0.28425155930990453	-0.638000267930312	0.05712419614107086	-0.8762121175903964	0.10766714636041266	0.6757276815745195	-1.4406197883838052	0.35878000247924885	0.10131213382398102	0.3663344820049557	-0.029325533727791356	-1.3248440741953342	0.39795819888851325	-1.540890171257283	-0.7335458783325712	-2.0898720129089217	1.1844235202594555	-0.6691727630224518	1.0195681432409758	0.7322661863208239	-0.47497451246297173	0.9688070493979868	0.6069897819194486	-0.8597007520765233
-0.22707605106455572	-1.1083391444489645	-0.1562319717438476	-0.016966001621616156	0.2775851902655737	0.000590572689216114	-0.5080702212111508	-0.007884288954708442	0.4341904123777888	-0.4799209926467713	0.858478243899563	-0.020792870132649504	1.2911908278855033	0.12544908834268564	-0.10153821179621328	0.8161140719437808	-1.3298581152007132	-0.2662334467940372	-1.3380948442907405	-0.12460357074593331	-0.4135929295917256	0.933920282112303	1.4034188896303137	-0.6575393350878193	-0.11372042699642093	0.9478447611719825	0.42689647115050255
0.07190944929537689	-1.4205122588262764	0.30286894733076	0.04567946795671403	-0.2930797647782783	0.03737482205677226	-0.77221727872731	0.20704605886007937	0.3380304370728545	-1.1435014963382686	0.9474666523545341	-0.020177008786571315	0.9276350293026426	-0.032617682960248195	-0.024439296565097416	0.9472345980949707	-1.1465517108715482	0.020524995732594004	-0.03574457657657261	0.027153802708531828	-0.606787310203237	0.9569668910800282	0.6756637316179965	-0.5973753239809271	-1.0977538836767133	0.13828061294762947	-0.02508857657270617
-0.19458258522446767	-1.6701626236809757	0.18194066324518546	0.06979326672669009	-0.735165344490206	0.08189550779026523	-0.5926604507586178	0.16837387838795173	0.4748678031545073	-0.6915592094584999	0.8838151485623379	-0.16955189571146886	0.9065381303398952	0.01482451613340498	-0.17600455702495385	0.8336701263413994	-1.3090606543279562	-0.40690948367170854	-0.24449581527813308	0.024679042487652517	-0.3468019863006062	0.9124032517867007	0.07765976884728908	-0.519151577742067	-1.3536170014231386	0.3651430966964122	-0.45940677065488394
-0.3910812210075615	-0.5724840549866167	0.25099495146980005	0.18402713212818855	-1.2021400052712663	0.1551806941948885	-0.48908796297441615	0.11533811732025909	0.7127880374480755	0.25672216891410105	0.6818184447686962	-0.11931286833410329	0.8331945399024724	-0.006082959763586484	-0.5553204455551644	0.5698848297778978	-1.525146549578847	-1.053305747332643	-0.6337285944663672	1.1348100586688943	-0.336290109839663	0.9432735682714481	-0.5192457113661206	-0.4393373288424333	-0.9788419350030841	0.5943122728841672	-0.8390209777217769
0.21439235012472355	0.5688712227943652	0.4361311252334163	0.11484503653620505	-0.9961012375172222	0.03059069532166589	-0.4688658297768289	0.08779027620151494	0.8495143960164503	1.379225692263286	0.3023544798550911	-0.17963967014315524	0.5253493847409795	0.038342435682753105	-0.8466976065269433	-0.03296472371414284	-1.4343073794895111	-1.5139268589096984	-0.8857397288700257	0.5990551878642959	-0.5898766420176559	0.8988448484312156	-1.080250389856776	-0.38843786195338303	-0.39945504115370145	0.6065858744718595	-0.783444516894017
0.14873546865993112	0.9532104461258462	0.5128526716492733	0.22435830090637232	-0.8521701114666145	-0.17557337527441338	-0.6179368844072624	0.016247678970451068	0.8765280135855441	1.8016947733098263	0.2104700108812597	-0.1352489880067327	0.6375652724593688	0.07649629274312597	-0.33496461478180645	-0.40572066034107745	-1.4217211316540566	-1.8843850550674046	-0.4974600741633539	0.22812695251651782	-1.372562512601908	0.8575329363415829	-1.0497103320226955	-0.43777796401889346	0.7022699180678968	0.7433332396643746	-0.8955232415273785
0.10510356009214994	1.0245020303784649	0.8676667985751191	0.02882153017790759	-1.4273112042308762	-0.1529642513106401	-0.408566995263732	-0.008839994435910794	0.9448017521585553	0.6784739487781671	0.47099358255747	-0.12290838580286192	0.3878785958828802	-0.04874834197114605	0.00465544553113991	0.06798312858824501	-1.4062414232297482	-1.9137022191568431	-0.5891278125535381	0.3383063951209923	-1.260519283141798	0.8095704543332717	-0.6016970801356964	-0.30941515279824006	1.60576269159141	0.2836864045451918	-0.39981200651864646
1.1952872374719266	1.1923777179572126	0.22736981240519147	0.019690549099407397	-0.7886245361664781	0.05770905164128552	-0.15346578102174394	0.027682197528441574	0.8483792933818499	-0.11632718544018661	0.5571396727299105	-0.1568273466565996	-0.41258799921533007	-0.18775604872315765	-0.23016387651307485	0.42897433139286967	-1.3476341064848878	-0.5848547384502824	-0.9819807178257276	0.4126021887547319	-0.590440936892542	0.8817631771729624	0.7917583995840553	-0.3137109303888448	1.6264504972778613	0.37925485516433266	-0.10909216143088751
1.3553351608689965	0.6203035725033141	0.5835666060050022	-0.15864249830087915	-0.19894286509794382	0.08380242603254807	-0.3784451733455387	0.13620834586214367	0.8349989896234377	0.6112828973447788	0.6034454132505828	-0.3089801833512656	-0.2203529507869881	0.11455983588591657	0.07400835304340543	0.28817356320616727	-1.6160373169465772	-1.24115819202219	-0.2288908812210393	-0.770977923080697	0.24993237923757786	0.8437335928369563	0.7302690580140792	-0.5095529757350401	0.9606363149698319	0.4567813708191907	-0.2061619360123198
0.944808890541602	-1.120768434334909	-0.12796637150079251	-0.09039800371110436	-0.888519056394542	0.08353896629547486	0.061083278744591366	0.04835129906049589	0.8419771323794558	-0.00898032470650253	0.63841191494266	-0.1890881794188108	-0.14083198557471008	-0.08680480982147923	0.33506397719372993	0.6017545807351599	-1.8900099129673662	-0.8213776612281901	-0.04606575663333647	-0.8105556735962114	0.6821934991966225	0.8911224853107149	0.8454002478759272	-0.32963123790179844	-0.012587171363610882	-0.44804564682805476	-0.04218119652968538
0.834569864841678	-1.2887626932164342	-0.415686276283321	-0.15016465810710253	-0.4369393617225345	-0.04695652795092733	-0.05821148471191312	-0.04553000452185637	0.7026955465878311	-0.38944228641990336	0.8648213194550161	-0.3581523256125725	-0.2130890378741959	-0.09481588091328234	-0.2007481168349133	0.8126154671279948	-1.6852427726537433	-0.5949670582982904	-0.003164536369175341	-0.8291238492308532	0.4803280574908346	0.8059342526443236	-0.09891122108367371	-0.2937996791729161	-0.8321534946754923	0.9688597772435973	-0.44758083809310717
0.5630466447628771	-2.38901807890593	-0.6316045003822318	0.08628027537738689	-0.06990103469643459	-0.12462941135331372	-0.4045592290227455	0.06786901604347981	0.21616809832093006	-0.7342852825345872	1.0471371579411082	-0.05020829342266269	-0.34467108050965245	-0.32854775296922006	-0.813514211575241	1.2884439672438506	-2.322585885188384	0.507500374061327	-0.30459245328850737	-1.3593727596761118	0.6972083925609458	0.9411039033842723	-0.5393205717050966	-0.14994906850606537	-0.7898362495132113	1.3035442800074635	-0.40423689569477794
0.5359436408782107	-2.51588367700507	-0.6348897234875542	0.11774803450017678	0.17845538297649974	-0.28136870221247323	-0.1562135624171297	0.14927821292006357	-0.3085950000119546	-0.9330741360921319	1.2546454323806993	0.4411761748744165	-0.3315579286031776	-0.09765851442267412	-0.18313222634956244	0.7981470416505324	-2.0392495990170767	0.8494706333773393	-0.6091525029900375	-0.7807524312308101	-0.18277778839935663	0.9543266643134093	-0.8775393296948664	-0.1487566696887203	-0.5375193477993978	0.3790872300991478	-0.11237905838740916
