ICA_00	ICA_01	ICA_02	ICA_03	ICA_04	ICA_05	ICA_06	ICA_07	ICA_08	ICA_09	ICA_10	ICA_11	ICA_12	ICA_13	ICA_14	ICA_15	ICA_16	ICA_17	ICA_18	ICA_19	ICA_20	ICA_21	ICA_22	ICA_23	ICA_24	ICA_25	ICA_26
1.7645043729818022	1.1082788403182533	-0.25087903834919845	-2.653436998917632	2.6660228525871648	-0.2606494956080179	0.4334435802627168	-0.32836766118921484	1.0645201125797745	-0.8465118427030378	0.8648620380274816	-0.9889059412190212	-0.8422891245254353	-0.6266010388507501	0.10815318977775192	-0.07633335446987058	0.22070114710914118	0.5819770635883957	-0.4322709752765536	0.39596771338896003	0.9563286606794995	-0.5277309515841282	-0.540631624047127	-1.7704792190305318	0.04594182236317434	-0.09871282819013448	-0.877967248705509
1.8459932330718045	-0.8653663062463319	-0.2539558303949594	-1.3191801000181307	2.8768382684027616	-0.14529161807110016	0.47973569894289836	-0.27639296050760465	1.3612847609336955	-0.9338491754659694	0.9402460102434045	-0.3884691365851367	-1.0462352085663342	-0.27241257466357977	-0.046815741467174085	-0.26539626596001603	0.04858192973995407	0.9313528712556002	-1.1865193253846846	0.43440019490840404	1.6572994859172008	-0.7148388460663657	-0.43034008166133436	-1.2893282249222298	0.4668638437753152	0.27319829918618777	-0.400480945159126
1.781856221782569	-0.5006373933454805	-0.37040972099164643	-0.4070782255469078	2.6353614943422468	-0.224100114679281	0.5558021264102279	-0.23573776766365412	1.2731858324297418	-0.20153663882050035	0.17864695451534454	0.9974953958107109	-1.5573419739305865	0.00030815613003781577	0.008451515871993357	-0.3847477302119978	0.08944107306706571	0.4416894752360106	-0.717040514822629	0.45967768073233867	1.538012222432265	-0.0971965641566238	-0.5751667227872999	-0.1741295907260128	1.003833531289395	0.888765988653682	0.7391659169586806
1.1331119483674401	1.1358390075370712	-0.24884549643150994	-0.5523338533701705	2.8705832793241264	-0.12463743848258439	0.4072950095120031	-0.2207492125479739	0.857372428973731	-0.26826527536512956	-0.2815451543475349	1.986581358574855	-1.8774561267781613	-0.22690117083796346	0.13866875976383405	-0.18109620634355214	0.36945731689752853	-0.08239323689498491	0.8776281983839326	0.32781987647224403	0.6876591387790646	1.3630350579627593	-0.4540440705561951	0.3738173384559835	1.0868201455406856	2.141196100455347	-0.011001734368222663
1.306747988968873	0.9846727145858423	-0.3242076332196592	-1.6538907082707062	2.423874827230865	-0.05690740785267071	0.20397416137433327	-0.719835429183281	0.7058537852228859	-0.9424370630868167	-0.5485216207092933	1.6571011894089591	-1.7469291004647682	0.053926728143552365	0.10248814104416372	-0.18308404045191964	-0.21670169599400757	-0.4376578426182288	0.17094798353776947	0.40081150317757275	-0.3246489302620459	0.45115396622930215	0.6350514512320594	1.0074293123061855	1.0416089388165488	1.2929295377092507	-1.2754487646209787
1.086412114419596	-0.8372551577326777	-0.21015146412808614	-1.4426882592395929	1.9839043922976909	-0.11073010015689556	-0.018188238766954683	-0.5134788590926367	1.4426234395394666	-0.6653740414853154	-0.41996020262387834	-0.07546457059571925	-1.3246755840770634	-0.08853643006070022	-0.024784563086289544	-0.48274804505507174	-0.40318117486627164	-0.10376918095590076	-0.33574415512187367	0.448728490491749	0.22742171605836276	-1.2987246193972795	0.6418789458673135	1.343535998899799	1.360770231193527	0.6407705799241332	-0.83624296023991
0.7614930417354622	-0.8271388376229645	-0.21317895897283554	-0.5658042927832118	2.4200304319704897	0.005890725846550329	0.04463468718475843	0.16241937907012438	0.635215545621654	0.22560908239719524	-0.15795587699761093	-1.0498251207346758	-1.0595751755416125	-0.028566681522164405	-0.08386830254511568	-0.8500016160394889	0.01983580978570426	-0.23015144657266856	-1.0526137851025061	0.3253874385270389	-0.24629304352336204	-0.6175168249650976	0.7834333443142378	1.401808016243477	0.9661704950288504	1.7619081544501474	0.0706758121086082
0.550833809357179	-0.20264419633929825	-0.1720163840801265	0.16286592033867758	2.144961951462796	-0.044136081561479266	-0.122220612926718	0.23844037885535246	-1.6593264086281652	0.7251485228028156	0.11066547339258075	-1.0640884279870768	-0.9466837246755853	-0.3374494067895453	-0.04168987645656015	-0.5614030421689478	-0.30124637993142156	-0.5814182038179287	-1.1203664961707904	0.3470436688643645	-0.4419622407428296	-0.5465509969826468	1.9404161470957055	1.3172431694105653	0.694096216520356	1.1843712248672926	1.0158112775827555
0.46569897336307275	-0.5073410018824993	-0.005539254144908186	1.1323099575143876	1.9699780325686427	-0.09374067709194366	-0.4158911088387806	0.14988527100947124	-2.2365696147412844	0.43818859934416193	-0.19549132735446664	-0.5047879918658894	-1.0113906320571802	-0.6228627787354248	0.05311721902293559	-0.6334027312623973	-0.07437274258066426	-0.29991857257462395	-0.043475991897469674	0.36015030719692087	-0.03467479041079206	-1.2281230405124173	2.513809472313872	1.4854338571733778	0.8609415477605165	0.6770529252606796	1.2690712156777906
0.464663024913018	-0.6349781051541272	-0.012266803122339489	1.1714299668290071	1.4337996603734615	-0.030212069011631475	-0.514684048310602	0.08646753089732385	-1.4748407461021094	0.610496299404383	-0.5645812913188359	-0.6177625675511569	-0.7665951005230708	-0.5846604090693213	0.103894380068283	-0.5196513594355713	0.5050342193853951	0.08076264492717454	-0.01050242622676606	0.3734187646771951	0.27774419193163696	-1.0799953035236656	2.813027944214927	1.9968647930985939	0.9062506769413916	0.42948906221313854	1.8601585025865655
0.14680841543065593	1.044567040221523	-0.22771536864636113	0.9121072570581301	1.848197504972621	-0.01831080216757659	-0.6385873086614833	0.08235108030675302	-1.8315229248415152	0.4080963592364333	-0.6417972266487956	0.26368104628329936	-0.8837683208327215	-0.6014351858926577	0.03299720451783389	-0.35538442268710824	0.5841939702526466	-0.7827922807907858	0.6910000896165812	0.3180216070319459	0.04396874186687213	-1.180759435895952	2.351299462863097	0.976806085225923	1.0061956670641274	-0.09891784668042382	1.8256313152439207
-0.11017815451298779	0.3817297930153835	0.2258493357960354	0.6396710755858082	1.5864124365780568	-1.333239014883909	-0.6737071521439062	-0.9671418576338728	-2.1749400150887874	-0.4982605398128182	-1.1291819442365323	1.0859117504024858	-1.1260747050181583	-0.6549259233956237	0.12957225172066447	0.8891169997228079	0.7332463485984428	-1.321441287970131	1.6086944699105563	0.36754105138917453	-0.026298313419206326	-1.491719261207165	1.3792375020876217	0.0059296261410750175	1.130699874740722	-1.2936350216938362	1.1383773373710275
-0.7029275833928027	-0.6432973223563461	0.4723446528738046	-0.8339386672030622	1.8342495865944624	7.002834735067415	-0.18971940664163037	-1.9179319033188045	-0.8849966455686307	1.4748412540110112	-1.4878570076451638	-0.48238256260488965	-1.0624035584395755	-0.14534051165271908	-0.9458047341241304	10.317379532817384	1.051790705120687	-0.46517025423921754	1.2337027057430583	-0.7589644422846831	0.6755657194636923	-0.46921964277204653	-0.22716133468384803	0.026790185404863977	0.3405514378330097	-1.4788866448553193	1.0108846702961074
1.1879113912896935	-0.43727339927808234	0.06623007538459803	-1.564117172191618	0.11571235013347539	0.05868405890448137	-2.8895329337170104	1.28222892856661	-0.8631617761896964	3.368357393359698	-7.601182389937155	1.1085100689356906	0.13371462533812387	0.0418072313534779	-0.026781668966516875	-0.3247238442449483	0.4180035941201273	-0.04247887298080095	-2.039061113696503	-0.6956331552632552	-2.398492132395804	-0.9479837122445358	-1.6381867875946556	-1.1550572852838825	-1.0860024010624736	-1.6921763311162263	0.23522617647542762
1.9174691112800446	1.9616626114654732	0.46080720237646433	0.08262491901117085	-0.3353105188463855	0.9888366284740557	-1.4537165270967285	-0.27216000603171586	0.2862738542755917	4.195458959237275	3.884978098504756	4.304773008647462	0.8543882092518742	1.621191379489308	-0.28849672112841485	1.419879277382921	-0.8297281065600353	-0.4479449610696638	-1.4641062531841882	-0.07811142984618755	0.4187502267264711	0.3563461600648242	-0.9749375535869069	-0.5652344021500805	0.5728038863231599	-0.04354706114117171	0.10772345695706458
2.048206532096137	1.2068020806034945	0.814472227526987	-0.05478849900740052	-0.8751933290497288	0.39220403335495146	-1.7607916318695904	-0.4475038614264182	0.8247411557002386	0.8133438629014936	0.6446462052437796	3.29780025672632	0.957206333631402	0.15466366237673057	-0.3447772758358243	0.6155947407831639	-1.5689629082091832	-0.39142328222485184	1.1800113583712255	0.4697574415124404	-0.7338281182814119	-2.1629778596691596	-0.4700456909657787	0.05997845465671619	-1.3737989630275578	-1.5369555414240363	-2.2979580674714217
1.9082893346238978	-1.5657578086419277	0.779364094832867	1.7371021502965933	-1.4632557920014435	0.814489520239633	-1.619435601224153	0.3755947340055479	2.036913764292721	0.6351610525735198	-0.9831712583715846	1.7832760714552898	0.5527911120556366	0.7080067573894614	0.24068336045855013	0.3178825902870543	-2.2661944046553093	-0.8087640871597632	1.2622879473372544	0.4863775194921604	0.11557579542679902	-0.741828687761994	-1.2301233612497606	1.042771118382454	0.6420528204747301	-1.4132186748097182	-0.5380805452413081
2.0325354282974746	0.3233875181504987	0.7877626776066298	3.7421939721791313	-0.5892339490997153	0.9270553058000035	-0.5037621968419438	0.4450926812948873	1.3198876797515462	-0.43305082391557287	-0.6914872553951955	0.22776902947203775	0.5733431297720849	0.8934704357349732	0.06452190773619104	0.5139421704778945	-1.3539371295015197	-1.7127770651752448	-0.955055623494912	0.3446147811810463	-1.8793395205818637	0.22253947303078966	-0.2876321046683458	-0.060692536441846	0.5225915855305158	-1.2227159303809854	-0.5090722708901955
2.181228789921047	-0.3230429346986199	0.9033886506228704	3.2989318014901126	-0.5288470562298938	0.8013916046489598	-0.15306492799018034	0.9152432825341918	-1.124994910556454	-2.0349371385733046	-0.9738384815853302	-0.3011335729245858	0.5514592854946172	0.5363172863799821	0.12158869911003785	-0.370617471752827	-0.5318867743013513	-2.275231187268826	-0.42665427489688645	0.07742860333113136	-0.7865066687885943	-0.9373716108411617	-0.9536853353860871	-0.8477579468913605	0.3689542649298795	-2.7532609475366576	-0.5941005358614192
1.7106547350854349	-2.1243894841354356	0.5085252155727906	0.25583233916243203	-1.2676960164333644	0.49274408003869297	0.4110944077062543	-0.22620268824620574	-1.2681527154969305	-1.7649996108785004	1.1719692675149005	-0.7480931243263209	0.536564409295172	1.0671551427762629	-0.028695226529824397	0.5640604584453061	0.09036194844448153	-0.9964392561503528	1.143754339602415	0.2882051581360907	-0.9560436647319419	0.3095524912572884	-1.6460159520111564	-0.6678512874621786	0.26410888673466293	0.4520540266064697	-1.1172915883846817
1.3740655792961458	-2.2451809302714087	0.6945280281779419	1.214590463662081	-1.3087309951564405	0.5913744054225825	-0.10678462057101763	0.10584996994162095	1.1319389502304902	-0.45481096265366405	-1.2766499693775102	-0.1936948624989579	0.28524470091036436	0.47619391120993937	0.2939546077863942	0.12343339731556466	-1.0062284580350438	-0.5188543193096	-0.23925369661052467	0.13340933439160943	0.4560464648094188	1.1993690699495503	-0.07264076671369823	1.33997498845064	-0.24724513947110796	-0.224554430553549	-1.2468480045585606
1.4503113130492427	-0.5903928077358305	0.7185705181883465	0.5965019109415862	-0.9560843959277453	0.5210382883845653	-0.2997224866219647	0.2429354974643276	2.0149028127081423	-0.8005919343268003	-1.1146496261791685	0.20391804770569816	0.42684933146692994	0.4670671073416395	0.20924487493515806	0.3000863360760599	-1.4747030977034732	-0.08350540873644417	-0.6167707136669306	0.32681256645072093	-0.4023098822985538	2.01569531533736	0.8868111094236775	1.042703723895062	-0.6664286754830361	-0.8048814894235528	-0.37183365528557244
1.5456271843417924	-0.20460653992881342	0.9357791429892974	-0.3865717239198403	-1.4855011770097701	0.7195330569712586	0.1546811285632902	0.24110348552028146	0.8823619076133035	-0.4954378034293297	0.5253292994519182	-0.5072852354616144	0.13989583183182383	0.4235978420766997	-0.1180441966312703	0.028650460256442304	-1.1483470747992837	0.55257213574362	-0.2980001894100588	0.3817750016005741	-0.004875820204472999	1.2778585742650443	1.0070624515112818	0.6216185478405916	-0.31274807564977114	-1.1141491331151783	-0.3130356224712533
1.9194855481673572	-0.006769262186293372	0.9716037466329007	0.8650243474883247	-1.6904493712371909	1.0162731560560656	0.41927380350337434	0.9910846998643462	-1.1980186312824377	-0.3709643654678915	0.5189620615315144	-0.723224429514831	0.1865670508920811	0.42504453506185724	-0.08856230633921423	-0.43356580800580485	-0.42824607684582666	0.5574019185914934	0.022990960005528006	0.3789222731050662	0.28693710054353233	0.11812566390026277	-0.41964156761735666	0.05849348549489781	0.5651948472979598	-1.3206244699676244	0.36720434269247326
1.5226440139735822	-0.7379995453165302	0.6327351276218437	0.8796377466908059	-1.4492676377473663	0.7029708045506802	0.4438820819031254	0.17787171972699387	-1.3150558643154497	-0.4718343911400607	0.5439743264518951	-1.216420113502909	0.7616219074659756	0.5293586992156086	-0.07769172282964396	0.35087518832441017	0.5497709816632355	0.15849884809633377	1.0229006880267104	0.4905022096062981	-1.2258887666625062	1.541276217344615	-0.49061627140924696	-1.2887585497375678	0.8009270835107299	1.17130716171407	-0.39756758250717206
1.2499992285162196	-0.27053760287692574	0.6856855471961119	0.5517663990339073	-1.2662539944431856	0.6263085479103119	0.5109740273774679	0.027705832847297805	-1.2383082609085807	-0.32336394669159535	0.14678243871355404	-1.0811977259789696	0.4119527092155299	0.36087111305350106	0.24128395673039874	0.332918261666136	1.4280774665037073	-0.13456021480865804	1.7197833772919358	0.293989196435009	-1.2515567093798332	2.5984658746828764	0.5669332150853114	-1.85148916362886	0.9265526563680178	1.5835599066662767	-1.1272278127911233
1.5841741594109737	-0.04200007064272311	0.819782324978412	-0.6512023014914562	-1.6589842962366634	0.7078571702095363	0.366886824222252	-0.06980930495292999	-1.0010539759143509	-0.47617755041452836	0.4044562479686533	-1.6222305916898387	0.25870236832031	0.15543018321289093	0.07911805813914081	0.34723709166183236	1.6261398046203572	0.6577846131972968	1.1689937078617598	0.38941690061826567	-0.5632022514150313	2.2831576263272533	0.8251293324418875	-2.3366946905715023	0.8299375178169038	0.41549337898333627	-1.0005858785698845
1.4821173710968787	0.3429268402389079	0.9726391484655342	-1.0994950269834374	-1.521065463197346	0.5525029654527174	0.5745830344980857	-0.2458482259058056	-0.37789899299558216	-0.26234453627259025	0.6350232509411139	-0.9295186971746778	0.25735421608714015	0.08017001622812933	-0.005168453617786627	0.26873994021881653	1.9904660139739105	0.7244857562268752	-0.022752791387849018	0.3435720502530408	0.8867335138208	1.5898143273427192	-0.28634085619532307	-1.881021697670037	0.4233546526268325	-0.3118254155804723	-0.37844508499281365
1.48530837755891	1.2056604557820516	0.6050311508598083	-0.8733841227794635	-1.7630929278206355	0.6800292498305154	0.882158278359583	0.22444467024236547	-0.8410610703298997	0.24875861611144073	1.1692750230518234	-1.0655635612353185	0.051622913503705736	0.17624677234766245	-0.2464613336367937	0.3562637280165027	1.086031435118772	-0.2971036909426977	-0.40033316561029325	0.23588431587739808	-0.09211571220782953	1.6399822341966575	0.4709498404621876	-0.6716350663311517	0.010164936339531947	1.4960950577034868	-0.6282312332525054
1.4761548079395868	0.5733711776179659	0.5840935115639627	-0.1842887989640271	-1.7892054468407783	0.35867167902308844	0.6444622466120673	-0.14276393406782725	-1.2795447921039023	-0.15265249137222994	0.7150888177938219	-1.1671074892617705	0.27418751902742433	0.03072475872497425	-0.008344242440709573	0.4909395525205617	0.06369847670456444	-1.5257742696873389	0.3719412112688258	0.26801918271592845	0.8725728038499609	0.5070788349835491	0.2492580537249479	-0.4131611480280929	0.05248397263123869	0.11306799078560832	-1.389225520346137
0.7424595996979035	-1.201010127095682	0.35114569106232574	-0.31170828767784303	-1.6846763141790033	-10.019927594322164	0.3530953542392699	-1.302706575126856	-0.7702844007135929	0.3278915183833482	0.27921481247361174	0.030644269214974217	-0.4800857506113961	-0.3778899736302461	0.4277685005015217	3.6632707201073185	-0.4398058895639841	-0.8785373230526283	0.7729938947217541	0.9523796457498848	0.49513802147022334	-0.9445590968536253	-0.4192384965148265	-0.3889845647966169	-0.20692658992692126	0.7358083916192741	-0.5269411881658002
0.350807239578105	-0.806243129772368	-0.1451729915076942	-2.5512081133952513	0.009483566561062976	1.619434550661124	-1.1196510651675966	1.0272879199009848	-0.7142301696308786	1.5032997245096527	0.11115587799086753	1.1688911063488983	0.12006673976875006	-1.3044034564792644	-0.23256940587783723	-1.0511341969782333	-1.1238700980002725	1.4825391137317696	-3.495558339998988	-0.11621177068888154	-0.42942927684864324	0.5247842639612844	0.42229216314184487	0.6871168212404056	-1.3140364707444085	0.25571193616295484	0.517664734174587
0.11525873880878683	0.3504956406231285	-0.517061770580805	1.0819923903764652	-0.5724722737927923	0.3583344378183176	-0.9658834289379595	0.26260290301447003	-0.44404629661111805	3.0714900199848776	-0.33757742846518635	-1.4718271846599837	0.27119077469858593	-1.2242991579043379	0.18464868283742625	-0.5684362763508707	-0.9295430743187103	0.4512398332898516	1.3039538231720207	0.4514174040311478	0.17004641811211943	0.09785433991268874	0.8366853578016209	-0.1374163648181663	-0.42920158504981076	-0.7889236438807118	-0.31303853718675273
-0.5463934532216599	0.8107887491581885	-0.20219895894940534	0.8252841660779064	-0.33439924421004097	0.07307848474632996	-0.09751549570922133	-0.13116650115545794	-0.43107340985106285	1.2803597281773285	0.3766112414823507	-1.2735235580752198	0.10444813868522229	-1.8865076351209031	0.18867053567342681	0.10245137470282113	-1.5810028788068977	0.25813368056084407	1.689630770136708	0.38782670749551057	-0.7317214459117302	-0.5313274674047032	0.465325435402585	-0.63065641492606	0.11457376978071265	-0.06035007964589567	-0.848280524548932
-0.8348246201272108	-1.3436058053352546	-0.10111052816996459	-1.080266256877799	-0.5561125080018282	-0.35770184608879	0.12458407277847257	-0.9002372048739182	-0.9197274798048557	-0.5509130492785157	0.03750550894325433	0.056560187634116556	0.07972011673833965	-1.6033584309802322	0.4457612764618278	-0.03703661095689194	-1.1119909445552296	0.6064190859901734	1.371497836887458	0.302794593853654	-0.6944769295057193	-1.1414278796592272	0.5466055825270165	-0.7343483925206535	0.9107423114197026	0.11849809098092395	-0.1821165841127206
-0.5605628857557176	-1.4117084307248602	-0.14662511791500146	-0.6423772619156962	-0.6194987429083074	-0.23856984582037316	0.38923923916820646	-0.38152811713973944	-0.31115910026966526	0.3715475843496847	0.47758790256980643	-1.2407543937596792	0.158268019007508	-0.9882653723847136	0.16984778093799868	-0.39073354632484264	0.2432006137665676	1.1840044996850287	-0.30751374455931024	0.5716840793983289	1.6623643686919853	-1.19330916965078	0.3488888893298199	0.06095655372121066	1.353588590242069	-0.24648128928893862	1.783480768420105
-0.37278854451215604	0.9575978230299026	-0.033868949589527214	-0.4170538645364038	-0.5711229603125237	-0.10999284920182122	0.49914435267237245	0.2495373594623567	0.0050898898499973505	0.2702341664535251	0.4004802353417373	-1.222607415244849	0.08671817800122064	-1.1072909796908288	0.10245677899043092	-0.4586555053880771	0.6025165666502422	0.5709477580515397	-1.3605544821845525	0.5387996189694678	0.6347154140434464	-1.0902812339751735	-0.7789291059431652	0.4755572217323915	1.0900152945282184	-0.6893261734515607	2.393952904123973
-0.6960901459036087	0.8901171589675462	-0.1185917710363815	-0.17853849593465837	-0.4761636719835135	-0.11764260080909217	0.5884961216026895	0.529325708447829	-0.46914247252353697	0.09458398776410194	0.7106975043751105	-0.6033965409104826	0.0025407741197958464	-1.3165183121499007	0.10513928816140664	-0.33993097518546606	0.4254193220006061	0.42141724331309954	-0.12386594089460853	0.5040023116887112	-1.03245922059047	-0.4328647118452016	-0.17493543528660016	0.6468628512385118	1.0447957747792715	0.42423908780338637	1.7544367972506345
-1.0988412589267018	0.11205511467046597	-0.11780819577551009	-0.12220078241595955	-0.5876162209488266	-0.20979554628751038	0.45932244119481314	0.26164644810974413	-1.2291625003293363	-0.15260198534143535	0.554241140857053	-0.16994560283159463	0.008604872847185663	-1.4855510721377754	0.21111250309202223	-0.1916178018013283	0.16910616918041782	0.4523972239270732	0.9992832127452079	0.4129065827459055	-1.1437806486498907	0.4734059321249398	0.23063584547288413	0.7114281817814635	1.1812584698149495	0.8130674860051446	0.820729402000542
-1.236807944293812	-0.7507430419985879	-0.06048359841502935	-0.26801832463716124	-0.6378689189106636	-0.13546338730917057	0.2332821163988786	0.16859781953057604	-0.5375448070090045	0.331857459823522	0.08857627767322228	-0.16040294253271895	0.12636223279049008	-1.325342176743322	0.38383538258837746	-0.24703809393082365	0.44818388571588536	1.1345708671352055	1.4139517121140115	0.4601656190817247	-0.5026910117701082	1.65237596241012	0.8398180811755797	0.8242249348295075	1.3050677311838246	1.3888405618967574	1.4389928933299472
-1.2974611191154362	1.2386100389238854	-0.11646559595923085	-0.6799987716870887	-0.3662249684242048	-0.07260664752529644	0.252573407539834	0.20287314078541294	-0.33118217294383945	-0.07202275769727347	-0.3079162038820435	0.8298784840739394	0.026058882654031564	-1.298257662236562	0.4644790687487179	0.03138045949979878	0.3736200270723216	1.5729658733638108	0.9212188386925411	0.4959618312217852	-0.8899299904917413	2.6401551643328007	1.1659458511314038	-0.04748539643752848	1.2782099052868792	0.7241358851106663	1.9313750730553014
-1.0917045682220647	1.049342988431512	-0.07062570386847145	-0.9219192691430186	-0.5729997339197447	-0.27837460152548715	0.15283494351139087	-0.3604229838161274	-0.5017743234914813	-0.6549008664275837	-0.38583908645052145	1.1877352712406823	0.10645124411108395	-1.3924141540791701	0.49421538882102295	0.047700532889706125	0.3389676952848847	1.4299430118119705	0.4058887859636119	0.4390105891066914	0.8789674286968022	1.3533867294143804	0.9504989576593255	0.07067911257306328	1.1367965797011015	-0.7628289621403073	1.574014141040589
-0.888872610063302	1.3152893792893556	-0.11891076893349108	-1.2857563888644372	-0.7866532185557289	-0.009648044903208745	0.22328539274456552	-0.3983822041103368	0.016300254716228355	-0.6888449299224402	-0.8164196477745448	0.09105818772907223	0.2326037346796831	-1.3698915323894159	0.3662662968355314	-0.09241491207832624	0.3619436834802488	1.3153616393767469	0.10852859365340962	0.4390650939772647	1.2405194242430777	0.7031449359289517	-0.7492809402318614	1.0819672531146185	0.5498554597101722	-1.1042477187569515	0.8850443841534068
-1.0676648844089895	0.35479197902963033	-0.18298476171173708	-1.2664313366014361	-0.954158183979117	-0.07409471183684792	0.0027462552118759256	-0.7378161113083876	0.12757991369070368	-0.5057266380374681	-0.13016851842532232	-0.5455796869806615	0.36837746000668503	-1.3815177874454327	0.15094670414252767	0.5050047425293948	-0.5529194446141142	1.975934897776896	-0.1718275242410243	0.4978441127958724	-0.5549970303700311	0.4276938711737888	-0.030157287120753454	0.8703454791774254	-0.2850651851465789	0.3570454787593934	0.344279466778378
-1.1081300882162415	0.17268149258633234	0.05028038990190474	0.05205539276939162	-0.9324800547584854	0.021166349694149343	-0.46957132869859103	-0.26385620136524124	0.3073386445588958	-0.0924275188099177	-0.16063714925543932	-0.5398107891341889	0.6835383795632538	-1.385635054524569	0.05053570874509873	0.30020308950347674	-0.6236109822272545	2.4058637294869927	-1.316165103085952	0.6168590100180372	-0.6828770450723403	0.28374517509998537	1.1828992422538933	0.25456056853576964	-1.019446635907241	0.33400748740436115	0.47494397467086963
-0.9120445744494384	0.5966673837624584	-0.05827966476277015	1.0328079099724328	-0.41922560186159724	0.01741097643358739	-0.40743911786657594	-0.21204127888854327	0.06827463310808009	-0.6236600827741823	-0.12842787299815428	-0.1939608143606251	0.8991060422061432	-1.4742770958945541	0.04531920271377214	-0.10634850130360084	0.10103440327167773	2.6544230758689906	-0.8499010520502538	0.6241811654122773	-0.29182459253396154	0.0069372350120238515	1.7280207385341844	-0.6058759962977429	-1.8335692590613895	0.2065955759430914	-0.3027059915858376
-0.7198660853638046	0.49930355707644275	-0.2509941915257842	1.4497899418277	-0.6349675763707918	-0.015974504844510712	-0.23170120364531696	-0.3846416812983557	0.09296960804312913	-0.8868747159628617	-0.5315208316578998	0.32404278796075114	0.7820058931687726	-1.3675048122256173	0.21881885854454786	-0.16855315146245048	0.6590797752674454	2.3350096416396666	-0.08119837815465403	0.49069147790429907	0.48912147970396197	-0.5899408974594428	1.4134109983947312	-0.02048381054799095	-2.1173771179178122	0.0696558340354798	-0.02194796505752476
-0.893819550071553	0.4673590155905666	0.01609135905469224	1.3271682762477743	-0.6478523889353731	0.045992447798521505	-0.07655269494634695	-0.43612958442055	0.3512696254329862	-0.7066518991584864	-0.7634877766130446	0.15931171344265896	0.5733314754692143	-1.4809252347311113	0.5027090228048099	-0.5522379172537427	0.734212980381369	0.9415806643044469	1.3705632589007766	0.49776673350289796	0.6994410687582859	-0.9352196247215139	0.8904365797748638	0.9930066515717682	-1.8588883537417826	0.4173449355712259	0.47131217394633385
-0.8016707300920141	0.9345654065946432	-0.26032940342897287	-0.15785523506613924	-0.6856778022363816	-0.06194728941551734	0.07143894627661465	-0.4985975292219758	0.13235033819201883	-0.6574950002941952	-1.0084656087263877	0.03779888463571449	0.6153733369036472	-1.2414113157017148	0.37298596722548466	-0.438389547674525	0.45999642631129906	-0.00618715885627626	0.4389366658217777	0.6146386420117506	1.3961716349274647	-0.8711801650504495	-0.037090727412774874	0.5040353377629166	-1.726091866004565	-0.6320737373614661	0.06459387711162577
-0.9641653255793182	0.9771653674449426	-0.32155485614709906	0.08084910728007817	0.4227367789822304	0.015230767043252387	0.19314968662056478	-0.4196680710408256	0.28752190885795015	-0.4470752346115591	0.01926401478400941	0.6205736311023641	0.7853557992606579	-1.655169443679274	0.10230686090341279	-0.40608036983427687	-0.22845856182795776	-1.011337810298567	-0.17161953338037744	0.6705857396951723	0.3569468966523856	-1.3367274283561381	-1.4429537271940616	-0.4687569066945997	-1.845220874858854	0.29130496226278735	-0.1689049217711053
-1.035683289814679	-0.18660531228091837	-0.2542856961467213	0.2469058467674844	0.24635987557700603	-0.07221054979303135	0.1719005868003258	-0.10509337402046301	-1.0015287990775892	-0.8252461708404225	0.271837326870751	0.14534572794533127	0.8632251604068198	-1.7365928054250386	0.054303542373802194	-0.3629148743362602	-0.5775572641094938	-0.5799934693001465	-0.6915034968657887	0.5844383143173709	-0.797275076275358	-0.8918003311206795	-0.8327879018469158	-0.7339328997134308	-1.9658079787011644	0.17120964564321076	-0.5233316951056721
-1.262840564330547	-1.6001898383334061	-0.23119617292961891	1.2030915111480043	0.45056299645466574	0.009254035858050551	0.08836017963747422	-0.10167568865347952	-0.8243658144007093	-0.16926992667935362	-0.24553363737594439	0.41450280344803087	0.8981347414476858	-1.7254003275585716	0.08912460174013412	-0.5655451098692795	0.051573098332593	-1.157999393142992	-0.47252628336172336	0.6050441092909589	0.7939928982554922	0.6975453591126665	-1.4847176103426065	-0.7464170231230187	-1.6456942116928293	0.12190892380469794	0.1671813676590519
-1.4565166840906942	-0.16178977942852846	-0.3809794311747628	1.3831866713235244	0.16889710371321917	0.010665534157313	0.08114729824061084	0.14700550139000768	-0.2545978761421413	0.7926957518890986	0.21876380966393214	0.2224925894479563	0.6719796285692697	-1.5857651127340466	-0.019563561368638436	-0.25518479034905767	0.06872168458858996	-1.8833725456144337	-0.4562292342787267	0.6906404110956454	0.1405097717983965	2.7794451453695994	-0.4165047126111946	-0.03083174120551312	-1.6107309016377276	1.6621284707002026	0.07617004143398856
-1.393624600959762	-0.3934453029791097	-0.1166605655088692	0.6444289418011209	0.0815229167958322	-0.07626466628645236	-2.2041549215008103	-0.40427420387210755	0.4832314728518089	0.8490115371779835	-1.1427633967762068	1.3767506594585355	1.2937135390853054	-1.2304692058103364	0.5233531321037118	-0.8032862879101953	-0.32940687292426124	-2.6573636558363884	1.7776392032466917	0.5686873945050597	1.3880894396876233	1.7566974347119986	0.7266264956772347	-0.17005512053805652	0.7005148001903692	-1.515903397080204	-0.44473265724388145
-1.3627962448168742	0.9970478392583989	-0.2642838481145398	0.4711271729922539	-0.06350471593009015	-0.14916381322848757	-0.4958326299876	-0.1231155126668321	0.9808573410913529	0.8423028501622613	0.047445274464584235	-0.5328504167120093	1.1722552089581393	-1.3818628371822432	0.05875874695860708	-0.11594422547878817	1.0388987044946105	-1.9571577573079166	-0.6878268961399753	0.5395379979575801	0.44930184456701044	-0.4147983959305753	-0.3931307481354978	-0.11498682153277834	0.10422683067002986	-1.1941933094696093	-0.13984368688005658
-0.8596409042068386	0.4988664067983378	-0.2625893319157936	0.7332395949227604	-0.2193169878126244	0.03007390279387296	-0.029316305720711814	0.3504669955637513	0.26158963444810557	0.2513356854354995	-0.2813218365064715	0.17791491901687398	1.0982324895266462	-1.5687184954765514	0.15643777065204123	-0.6195354767107745	1.7734150940873126	-1.3691835399257797	-0.16450087707609254	0.6238535700623752	0.03001570898231038	-1.26226783567695	-1.516523300039731	-0.03228921183905679	-1.3587213992181784	-0.8220344165947584	-0.32654286582927605
-1.6201385487507116	-0.897372550481625	0.02696460086557364	0.7828980951174415	-0.25153594894774967	-0.16336722788871655	0.0036953284979864627	-0.7081732951626549	2.0385370389637227	-0.09014864409421726	0.025385066731512806	-0.1947279929343706	0.981810177770899	-1.2095995950076341	0.27106787722960796	0.06530191532312075	1.4992936720539094	-1.927866697877938	0.2485880343381668	0.6687526111304454	-0.31870277839676464	0.6350964841861606	-1.1567997255790925	0.7542499615512315	0.2955850706975198	0.41816994984199485	0.38265223044030094
-2.0123670699683687	0.4524148031490432	-0.27893088797584176	-0.9825713586788403	1.4064812788313539	0.9669802310389594	-2.7555624013232833	2.2240802532974837	2.6201133551309175	-0.24429047477370594	-0.41955293664382454	4.134383699885361	1.6258019012501583	-0.3189955916257053	-0.5018688618869606	1.5201195265219205	1.829808569731616	-2.4653592015783388	-0.4143167264408453	0.3953373988039598	-1.7983669320948963	-0.036215960407126914	0.761216886827813	-0.6665385450089982	1.6514260296391499	-0.7425446805465503	0.8004746157215624
-1.2092615753571345	-0.47337544420568833	-0.04173486470647257	-0.09315544364438981	0.5596235255279781	-0.3972807456191859	-1.577542215909936	-0.3830914385062446	1.742897962854233	0.4182655574943882	-0.9053228762080989	-0.3147781682146152	0.7863015533103045	1.1655117196859857	-0.14082335912233443	-0.3143190653627271	2.128664964853841	-0.14822021101498417	0.1639633697747883	0.23254828955982737	-0.6013696691385004	-0.6720966954713365	-0.5734778162783142	-0.6357995166203979	-0.3260365464560618	-2.0424365155324766	-0.6741154536991708
-0.771854405587732	-0.14794770330348236	-0.3974735186822003	0.3227087998320131	0.3357542434202411	-0.018118214570307174	-0.930572593124143	0.09871315909506702	1.6106671096114964	2.1190681139373773	-0.31820756579485415	-0.44687553108503564	0.7990753764748835	1.5501187226572244	-0.44123212149173363	-0.32140456964802266	2.2691527280643315	-0.31333587897026693	-0.9920906204419329	0.5017249083731549	-0.5788889296569655	-0.617801513215922	-1.8624022179641715	0.0030937530963456193	-1.086771088835145	-0.18646341504495206	0.7247000151176897
-1.0975271954871335	1.189181697820147	-0.24959687917486248	0.6337873168413025	0.5130120661236697	0.010525185395709858	-0.634817251896468	0.3553195370488545	0.06864841746625724	0.7130835872687814	0.20871267528125426	-1.3965516457753313	0.7706749277858785	1.4073897140034974	-0.4029659008204995	-0.1219059763077064	2.0695212847383035	-1.215814497859679	-1.0977997280988074	0.416544407262714	-0.9489212975116422	0.04008951161740148	-0.7647157021079637	-0.1866383723189967	-0.7554044711109157	0.2386373951527848	0.2872671879124314
-1.1028721423875356	-0.02912264786251651	-0.24577757228637356	0.46941669184127116	0.31327747717561877	-0.19765646498686926	-0.7858337236130978	-0.32198967329452083	-1.1896312796754738	0.14515915266293392	-0.23475498091350622	-1.6477586854330746	0.5426584953471688	1.3283398233897468	-0.3236763566998488	-0.2801079054875416	1.4189886816013442	-0.49146616766744367	-0.09093521725485429	0.21932899456256225	-0.10690203878085706	-0.1497341431138883	-0.7610453393126314	-0.2348738216965136	-0.17660466628491064	-0.43852668913242504	-0.44240228835246853
-1.4101614733293777	-0.40496063187064085	-0.0731923254966146	-0.12487538919231185	0.1544891747481993	-0.16714923607958038	-0.7219764881481733	-0.7325561102061674	-0.8155754131222671	0.12824462268888234	-0.40541470299331617	0.6790895886084026	0.5085241279484503	1.461132747715332	-0.17661393605623446	-0.09494281078621271	1.1435605045194661	0.39723363628763597	0.7984606610849804	0.18653238785063964	0.03456429459437703	0.07119721685685111	-0.4767304065346773	0.5929426409285913	1.0277973513726955	1.1295491833657763	-0.1336431622975428
-1.8394163801584238	0.2644901015935833	0.09806563940653631	-0.19225327430215056	0.176822657213077	-0.37590491345247173	-0.7703297281849655	-0.6750927060658508	-0.4035079376720025	0.07858667105753632	-0.4317338398549316	-0.6331998633688871	0.4158277076814872	1.4126054137867479	-0.29205455123015267	-0.03848052417800263	0.508575077762411	0.3505635171410318	0.3155172044138737	0.1520957179569643	0.9851169814279277	-0.7083905656828823	0.5500241547186674	0.20027053278270335	0.9886618138603004	1.2060931901522558	-1.0321947179941555
-1.4319163002535535	0.12543155045633075	-0.11299540764583668	-0.7263585041782368	0.2966390694346692	-0.2678910525635878	-0.5215555049142286	-0.6424162417308162	0.7645895789215081	0.09773547360138707	0.049728960560395774	-0.039205216841478235	0.419916741760679	1.2054797033910696	-0.34542137222356784	-0.16012894094522576	0.0659839922922298	0.28085280816980296	-0.8731077038902227	0.16427072785623545	1.7797444965437206	-0.5199252315892149	-0.21977459879904743	1.196027194108523	-0.8716233497805973	0.14389673463615849	-0.45242031885494444
-1.1283635682565012	0.5928070345144658	-0.24882971531623727	0.25097029394825465	0.2650466995804593	-0.15692200583204538	-0.22991405876997173	0.09903614192239157	1.0900548487280466	-0.004026477692778169	0.39040742225744995	-0.0803208874983051	0.23900379171071373	1.374956758221464	-0.33078859675284	-0.22686167175104316	0.7173263249125424	0.0945826098605138	-0.5380438674077286	0.1584004407927591	0.6313054256287058	-1.2283201244369562	0.016470388488120564	1.232474207294262	-1.6699553701188001	1.0468554268944859	0.09770256952564062
-1.3128172354529741	0.6197967526702871	-0.4131943370878565	0.6733509551930476	0.24278013407189547	-0.12011974966360703	-0.3860515957975099	0.18951558427278783	1.3029440026634422	-0.20927649911269997	-0.1539187523751848	-1.7118806859980438	0.24455637348317974	1.6245258794563613	-0.19652148346172862	-0.2691049177474801	-0.47534464738240473	-0.9372010317890956	0.07881805540922741	-0.06929519471292557	1.5215771767743163	-0.574147050493983	-0.8238228079884138	1.5457906700917006	-0.8899013206946081	0.06381945270273778	0.8002690435243528
-1.574850792208512	0.2328053245928207	-0.19802462441424282	0.1350502332799763	0.4788750349499679	-0.2735044872160796	-0.44523138047185506	-0.3023717351945673	0.9184203210658355	-0.34283584520401655	0.05190627060669852	-1.387257329683852	0.36803567806548365	1.594244214629606	-0.12073485725710145	-0.1755561406378145	-1.298044697305575	-1.4996410589404976	0.313502082108986	0.06445688168322866	-0.936456620335989	1.1156866178019391	-1.2742572848293132	1.0155500491158558	-0.13161737968946355	0.7291423974286618	0.620478913531668
-1.5260868587718681	-0.7641600722449905	0.24462373183021255	-0.071414875980126	0.9170693821832075	-0.29031126887771735	-0.6056000063267677	-0.3493238372326741	-0.4201825469484736	-0.25745508518510074	1.632744213370179	0.21937083141902114	0.8136268312081123	1.6240745493086715	-0.8142123874600669	-0.538848422533907	0.042436881044718495	-1.2751530458657327	-0.5205195568603523	0.46521940532993317	-1.0138449939849246	1.6767944244882935	0.04439612045382747	-0.7064924222699747	0.9376175613723274	1.4029149105559322	-0.6655613348060633
-0.4447745560938974	-0.2668961482022606	-0.16488223653377734	-0.29043735965060774	1.2328653438224337	-0.20170653151826876	-2.545472428710263	-0.33211650266478704	1.136490829110243	0.4980515167914042	-0.13965475498288535	-0.078857388752047	0.8441301212052211	0.9240499460449086	-0.12269533682604879	-0.3421664383124812	0.24436528157679202	0.6025827052214383	3.016900498041812	0.3664357395153962	1.3569330081490405	0.6948524604158222	0.9144878680514555	-2.124927000843369	-0.4500048201996945	-1.6432294878977287	-1.4610636474295193
-0.5201845783571104	1.4568794372584029	-0.4939095037514833	-0.6787966623924031	0.5100052928553307	-0.15996220209892356	-1.095031739891099	0.17626198442869287	1.0783229120823992	0.9240241516910492	-0.29025937995278667	-2.105171218643829	0.2746558516239212	1.520055847848266	-0.38061913673158587	-0.2809840577558995	-0.5448344848989389	0.3814656170762749	0.9866991205880136	0.17852561888814225	0.8191008039269368	-0.5789056007906151	-0.0811100857310344	-0.7704907785642259	0.05781132242261881	-0.5620435203714497	-0.19745443003031143
-0.9474852168399169	1.4853495290728183	-0.3931124411323353	-0.9505064797880038	0.4170019829435278	-0.30527813059768033	-0.92865716316903	-0.12764355109591438	0.13665778245606197	-0.4733801813531061	0.39877240045900175	0.36801109854874775	0.20657144148538792	1.3666029350562325	-0.4900551565561529	-0.05201020811434471	-1.0969789168005488	0.3911674792659336	1.066062234548395	0.12342764887308501	-0.8238011111299588	-1.4786688460602768	-1.04755692186475	0.24992675946226106	1.1713720579399283	-1.045963367086847	-1.2212638322589997
-1.5952993503646444	-1.7184318543865043	-0.20224103067009996	-0.5183953789057442	0.2592099790506729	-0.27963360824301225	-0.8985879094779824	-0.5440889835973257	0.7522233992529073	-0.6581373839350984	0.7980815865832382	-1.4135152007688747	0.412546806899482	1.2874136188377379	-0.4896511689493687	-0.22919818436608702	-0.844956252719956	0.5435707108759811	0.07597697197993847	0.13442202481987636	-1.8169771090174915	-1.914517898349355	-1.0546553968667238	0.8599813067620472	1.0489293579007128	-0.418532735293162	-0.9621722828045403
-1.1846527005098824	-1.8572620756828306	-0.41624521691091193	-0.41847497364586633	-0.19791579465816658	-0.3221988488070851	-0.7276689874115386	0.025252628899132098	1.0986605039501178	0.7665304057774895	1.01400870837346	-0.6557102070190706	0.425576997114275	1.6619732724308425	-0.4836887662265289	-0.09584814542401282	1.0112913985277943	1.950771031900043	-0.5139680856690122	0.26657234386359496	-0.005450800621318921	-0.32885455681107206	-0.6925273757662437	2.1156582380984665	-0.6415141800567195	-0.06426214112629726	0.13526736633550626
-0.9239484374082461	0.8177195494470393	-0.36036000461133466	0.046584228284201855	-0.0901295764774983	-0.22155041995573868	-0.6058072491033696	0.21649627975169689	1.0495482777235885	0.3978682701196333	0.8361547980606086	0.43371259789126093	0.1852183634567122	1.6884454205444697	-0.38928376917675583	0.03082243608479866	1.2332794109049314	1.816977206434323	0.2569227598716411	0.16933620089743032	0.05310909381713037	-0.15908628534593025	-0.006308849631532689	2.3964498787150865	-1.5057761077392164	-0.04996190046416741	1.156594421008517
-0.9629115721951187	1.0469329388081754	-0.3317979354656736	0.06420114797567834	-0.02636809215014841	-0.25584051140694225	-0.7311720836647274	-0.31205643060032934	1.22388908607407	-0.38181696131529574	0.34541552417241533	0.275176706038063	0.19764224066215139	1.7274645977521252	-0.1963623486375525	-0.07654545531353912	0.19572721610554641	0.46385306906195933	1.582743361204657	0.09281871891022743	-0.9626693645089826	-0.40046528518192165	-0.24944812925909873	2.0587525078175517	-1.7304258198610019	-0.19779964995256785	1.5624820039746181
-1.0302341881244588	-0.4207810283788402	-0.10649603125839005	-0.49083140388516266	-0.2205813084390966	-0.45642945091154696	-0.7390099256018055	-0.48261427301262955	0.9745981327072621	-0.319944255139424	0.14741350993849275	-0.7056977090171707	-0.06428173143239269	1.6587749302952786	-0.07366893605156068	-0.13613016612751908	-0.24169112368424958	-0.5967096456818547	1.3529593262791437	-0.05190333757554332	-1.5222488274065353	0.03160481835472024	0.11535818234734757	1.94039570081833	-1.6108479742269217	-0.10713740345502801	2.090133007375247
-0.9553661474597013	0.42071651942613436	-0.08475287280787902	-0.20598627023604782	-0.3260640657212913	-0.1631136490079229	-0.6173672219953699	-0.38634440151142624	0.8818176817758646	-0.2466171185318764	-0.05716003453213778	-1.1855592697273845	-0.0001365442419762785	1.8222514721603214	-0.20930808607463708	0.023860528205629224	0.24261571415387018	-0.340016753649445	0.17428121897515036	-0.021411947906498943	0.08018825577090928	0.41967043685660305	0.07025728390397094	1.508488705816586	-1.126942356119552	-0.9139058109888504	2.2493004196479256
-0.8546856195223147	1.080981619108932	-0.12253540690922914	0.07443435939225858	0.1603592207033976	-0.14204512784100098	-0.7436533817640734	-0.138922101458561	0.22678706846067204	-0.9052908948586297	0.07249266509354298	-0.0006619694616492051	0.4879667543998054	1.618315037567617	-0.416607004240391	-0.3831371504542052	1.141303972423486	0.21063616854502265	-0.17009481322341116	-0.02719278183651442	-1.399381418296347	-1.034358542529312	-0.7561844957227388	0.47127132865355237	-1.6508829675199026	-0.21528491389881607	1.573326950381446
-0.8675945834446755	-0.1670161830410557	-0.19861050256801788	0.4179672618612787	0.3662366941297245	-0.24875592103723104	-0.7863123861616795	0.03518830832235375	-0.0643617492724812	-0.8247764733364398	0.5694299207878423	0.3926970661978237	0.5392816139743951	1.401112430189831	-0.44285876726730267	-0.28260983233004827	1.3041252294255727	0.5197174965277721	-0.05138957934553198	-0.02752107236851047	-1.3254617884710225	-1.0103145692097342	-0.2893811388900063	-0.15411438531463123	-2.049427765320286	0.43597988784947017	0.6950913476868025
-0.7813747946531251	-0.36585137211003055	-0.23672963762953575	0.5370250523543822	0.27999419705883505	-0.17997786416838515	-0.32428756275637155	0.23537401223943177	-0.6420558078613986	0.05456836894301431	0.9881071189312529	-0.10236719608748088	-0.4042469550021335	1.2412122553015539	-0.39038959283721025	-0.4939160660776494	0.599032823557408	1.2866103133356996	0.42113349477498746	-0.22136231431295036	0.2929234899282556	0.21347850479533	0.43789234430689106	-0.308505663635751	-1.9127462190608413	1.02761504155804	1.2143030740936023
-0.8237315140538798	0.7746255431949262	0.021363651003810123	0.7143930713054707	0.4685166083280368	-0.12838104042521728	-0.7686120119106014	0.07710889814418566	-0.4615268223208955	0.2196827880731851	0.3636789756223164	-0.5245263481528938	-0.10446547716059774	1.5119245351482409	-0.27084208762792295	-0.5638324582507451	-0.14109440303692974	0.38605641809089675	1.3143205652558247	-0.18345138372773787	2.2883033645545816	0.7114840895023405	0.3445844342253202	-0.7109989921516291	-1.478063401013767	0.2679647636539411	0.9877917251338615
-1.0198063422184611	1.9144603782262177	-0.08070257882483158	-0.31492304928563364	0.770091185549448	-0.059166666127105194	-0.9152885458880323	0.4124085763783158	-1.0901418946246075	-0.4705922291627161	0.3954909109841543	0.7378278472456262	0.0167632370822516	1.3239365420714106	-0.4191206125393198	-0.5906301604167924	-1.0607019194219616	0.5321019199601398	1.1569366985123142	-0.07819170703002871	-0.5559998154264674	0.868612640591304	0.1972398784738457	-0.9279633581053149	-1.9179634284968987	0.2872901164057583	0.04343944967063679
-1.3127366619071168	-0.09168023477009125	-0.07426818271716173	-0.700350918256088	0.540988702244747	-0.4103896271970997	-1.2992186168527697	0.0564391650089181	-1.8402751233817218	-0.6560243931846106	0.6626940172623007	0.8290134861149876	0.05115827588106372	0.8640041595419993	-0.38510808952035697	-0.48168022769851127	-1.6570600742270158	0.6836741270762476	0.8253327883901098	-0.23917343023500295	-2.1975362617828043	1.1039943065335167	0.37035330422232215	-1.662086708130735	-1.6985764332132136	-0.6620156687134877	-0.5460477668700537
-0.8915740954579524	-1.6401786897008441	-0.12560654308762934	-0.638215887145008	0.2780036086592389	-0.2691986163829138	-0.9788839053853039	0.005218250421829974	-1.4100012690337747	0.30917245064472115	0.4943869668164607	-0.6803511503953912	-0.29099240810989496	1.2467723487815505	-0.4558361981514223	-0.8606217845924377	-0.8422258582911654	0.8182672189404318	-0.09977472186805056	-0.14245158051852816	0.19652158796597935	1.7955109793059094	1.006042622909638	-1.1235301587944408	-1.210979552985952	-0.469814503077272	0.6664202340393778
-0.9968807590899741	1.2446851404741448	-0.37871166177867116	-0.32512125540918024	0.36446880023980194	-0.14874031234131035	-0.5265081223856961	0.4776391623536614	0.06302574679060322	0.40947965540549774	0.6319540180803866	-1.0701857644113286	-0.2960469543882557	1.4246989175926057	-0.48963920233440406	-0.26444558092952475	-0.5078063710892314	0.2120797709622562	-1.0877862867696113	-0.11968461701900576	2.553591386605893	1.800587218764258	0.6880155427269683	-0.6238065937445997	0.08386605084296316	-0.7793943928233656	0.08625951315219794
-1.128126753013228	2.5376617922550664	-0.3174957400156953	0.04933668541938947	0.8528234176350558	0.14899468606360888	-0.20072860849942326	0.3977909736607896	-0.5021376127942557	-1.028324370816915	0.7463495723367503	-1.133574541657823	-0.3819648679986749	0.9426574504405325	-0.5575954719620408	-0.44309670199380563	-0.5332954491469065	-0.4660605493547352	0.060534017250219535	-0.3650489602849188	0.09625258773566966	0.14318007667125504	0.029654382903669396	-1.3152899544256502	-0.04810405499675759	-1.1463156699945225	-1.6766060634313922
-0.8632990717952248	-0.8342234408271623	0.3753940777873732	-1.0795711474698957	1.0367687413023106	-0.34490323399380635	-0.49854978182573534	-0.39605936667978964	-1.4939679849112266	-1.0103144787332092	1.5136235855765066	0.8333466300569314	-0.2314768781111714	0.32607160387036255	-0.8329115749186502	-0.644254962730118	-0.712617649845084	-0.9265104413989802	0.21441449579210495	-0.31107022240136567	-0.1187454509548507	-0.5944833067389721	-1.6468695613687847	-1.5923631257440847	0.6739608326968012	-0.8621937120147116	-2.162505029511503
-0.7864646887926384	-1.665738059063764	1.34983315520378	-0.039168865445493854	-0.7280339409350771	-0.4827265992979435	0.22474043219077494	11.146128574652769	0.39508037166864884	0.8497307195924516	-0.3046378498547025	-0.3947406483705891	0.1891245501410015	0.2977220003851967	-0.6460264453529027	4.348333989255422	-0.3034709069618607	0.5809970617697457	0.6966703711417775	0.08059558206269363	1.5013934017453612	-1.0074822634269982	0.327688776830302	-1.8810874494080008	-1.188306713024219	-0.5191303668066065	-2.416310168556948
-0.48973698978310043	0.3640878390865647	1.0523285342390727	0.7788011632729314	-1.3527723687670492	1.2569404063457719	-0.1146573475502405	-0.7331158590919095	0.21504403201546313	2.4319575900789436	0.38830735872832906	-0.22047726545490748	-0.49884615716272834	0.8767736155265131	-0.5843817252387319	-0.09613942111960495	-1.4931503512784108	0.2733981899368865	0.0867623824517506	-0.08414672478095246	0.8573074534729743	0.3896287034772941	-1.1947724174243446	-1.2642679666834828	0.2616900275363133	0.6869385591366307	-1.605612051785308
-0.742765680622536	0.9571475984630856	0.7756323119699764	0.8081399772574613	-0.782887659780702	0.9919627899685944	0.06818762644357788	0.2989422901188139	-1.4013830214843506	0.08007708606916479	0.8243151417566335	0.2117274134620038	-0.4311152504778079	0.6859674655626359	-0.5026666042962897	0.40337954903449	-2.013440846673086	-0.8064887767678018	0.6487127051157515	-0.01722081222536188	-1.285632337147732	0.4131400326818803	-0.28167941453453077	-1.1913181701452842	0.17750736144494167	0.30283414363388017	-1.5152468738430978
-0.566229132220793	-1.721043003127494	0.9450949284508211	-0.924293480243514	-1.0696756755947636	0.5625980721087985	0.0642141500416296	-0.3123613534907953	-1.7395951007356345	-1.6504305558010308	0.5179327283928368	0.45687250173365146	-0.6615369099417701	-0.1605618084510139	-0.30134313221738795	0.101328656198807	-1.3036982376620938	-0.9853410288397567	0.8956053242565359	-0.43316328962162587	-0.38034554119981556	-0.5346264547495427	-0.17525143953812142	-1.5641588284915122	-0.06150813323555383	-1.1473892228187503	-1.178549196489881
-0.5148516349142295	-3.1745203284991015	0.9911497072992325	-0.8454562799844091	-1.6511996464625094	0.4751253861003565	0.09079416826078648	-0.11301074900535844	-0.8064646683900781	0.21757189618057327	0.25086836168028603	1.2648335515598321	-0.4050267929680172	0.42548592265912777	-0.33394336324116597	0.12174748768559135	-0.12537703848427773	0.6490745263914846	-0.534785268075226	-0.3926530646627673	0.6794696817206947	-0.15175450522569742	-0.40637413579457665	-0.4147460194254459	0.9101100228244755	1.0083206896867103	0.01894104895036926
-0.3079273189066718	0.43371329703053096	0.7501685831537648	-0.45366974659798653	-1.4914500003121165	0.6125127249106112	0.4248014858763115	0.7505090704499727	-1.3950272997014914	1.113187854112366	0.44647817619685715	1.576353892063976	-0.6298409249386729	0.9379760486661538	-0.5210383259030231	0.2502197538877522	0.08910010003953496	0.5869907655914128	-2.093710119236275	-0.2285301102032191	1.0735121975633872	0.5357600403790914	1.308340094244555	0.8991272027113076	1.0047710654451867	1.9857052525561834	0.011660584692547202
-0.05472351930411223	1.402348562199626	0.9627741435517808	0.3561801951308848	-1.2017241598715531	0.5947284244799355	0.41030872282626646	0.3774297072867451	-2.0342992225211827	-0.886355463929971	-0.14196048761638966	1.0382151789286547	-0.5200304078513049	0.6253579180652642	-0.3984432695742878	0.5025765264561118	0.2135276437037926	-0.3216153268825606	-0.9047270023878479	-0.24031295431716326	1.9172970106277651	-0.8451915127469045	1.2007880645236635	0.3229185711454547	0.8266887168274508	-0.6766085306422719	-0.9868667002310904
-0.36823893141778896	-0.5851418419388276	0.7915043032869025	-0.21556956963959323	-1.3974411546314327	0.6831343869645766	0.2399931397000394	-0.118187981957402	-0.5722746967017598	-0.3604296008942138	-0.3895589551251194	1.5351005063487169	-0.6034163952866017	0.09287176747604046	-0.1361537730962426	0.15459845418960155	-0.28752035435906026	-0.021897366214572885	0.7683539469981406	-0.44920803995156605	1.384527690563704	-0.7095431425094308	-0.8035223111103457	-0.43817017578208156	1.1010147181869303	0.5993327387007554	-1.2184231989828405
-0.660716691093583	-0.5146473865328898	0.8050637806039359	-0.14413643619880415	-0.8863566772842822	0.6530222311835547	0.17731086949055344	0.125256674186365	0.3435955957807898	-0.2717119647513527	-0.16595003406928105	1.5601636790884121	-0.44773982890600733	-0.13172112167187516	-0.2560912151465769	0.3250402361989867	-1.3762996832110428	0.6400693685679129	0.4543778847879168	-0.33551523032204716	0.017368444868753156	0.03170658518194325	0.1843238401858234	-1.099146937394665	1.2749500487286385	2.3349991348343453	-0.7668695380014543
-0.33803416897904404	0.5979029484752775	0.9000972450864909	-0.2887955321557312	-0.9135468637146621	0.6633539615934796	0.16337117515432611	0.7965609022344762	-0.9353393917733875	-0.9243617927882797	-0.5159171684247867	1.554056146671135	-0.36033858589267315	-0.22043525899581431	-0.24449977036658882	0.13749188007677218	-0.7389180883375774	0.4777680540325403	0.06323957314648912	-0.3731730862223109	0.30083501209123314	0.014309203430256373	0.827515003210748	-0.8337498570457714	1.2322242678888478	0.7962449302309405	-0.28930897080308265
0.06137004105274253	-0.3216507982927419	0.8819727257770787	-0.45340790775034806	-0.912945679898768	0.6809974360056804	0.2414915847307572	0.5621927985366479	-1.1372223477971726	-0.9500799010529721	-0.4397407166153009	1.5337443919950333	-0.20194073440634405	-0.3234196564612656	-0.3750524374400709	-0.35653512377475693	-0.1461842958983111	0.5741441390335581	-0.03896592624798458	-0.41113402799898213	1.1522782397618958	-0.7044319623836225	-0.5655262840137866	-0.9301780935672315	1.2821157897861486	-0.5670319044726885	-0.3306930793390613
0.0010847858406333318	-0.26475117180984015	0.9068706657757165	-0.14785289630052184	-1.1522644349143754	0.6238328374544788	0.3538902558093528	0.6665909907482178	-0.8394340401954915	-0.4346188645587472	0.07457087240649149	1.5044240633088641	-0.368780581729526	0.023047611189445746	-0.4868447682392362	0.15854515110145254	0.8179752633977628	0.8209419225000255	-1.2626409809970243	-0.2787942482654264	0.40428164820997226	-0.6281513873384934	-0.3262536326420219	-0.5788671294074695	1.2276528958124848	1.2970771813978255	-0.42900090161906107
-0.16223504225484892	0.004467935538128448	0.9395464270966212	0.975877531536116	-0.7441419297885608	0.7120605139204316	0.38213458379302623	0.5187715310622306	-0.21042725347577476	-0.2924005436745705	-0.28932123047436686	0.6668928544981886	-0.14054661362926588	-0.25971798512316063	-0.37004853626315243	0.1667839941229632	0.5235292638449086	-0.20823014008673035	-0.7466048539778215	-0.40022289366871694	1.7820291314727792	-1.0497445083947883	0.2609507598487964	-0.9385574192428389	1.197298637349074	1.3753118865913976	-0.35119739218472024
-0.21634228785409648	0.10922061739250946	0.7217787061858937	0.6627464199577952	-1.116290462589818	0.6045576001904355	0.3135606575609529	-0.013902586139819912	0.43613895031859284	-0.16149759058225832	-0.3266652495381009	-0.3701528870074033	-0.04011002019702535	-0.202407030270945	-0.24730227950072525	0.3671061273177253	0.4879343860012988	-0.5505566682856902	0.30415541107125443	-0.28276944969284445	1.1608898261539735	-0.08573662006517846	0.38989222612208274	-0.24500919484557276	0.6101811349213406	1.5201649468069016	-0.9050780304240205
-0.2758586030988872	0.7226892585952752	0.6481181830502194	-0.08685492863734146	-1.163329914206093	0.5467044212179716	0.24436935644120383	0.32369209976701546	1.7747157058207064	-0.24438621123718446	-1.0468830177991069	-0.5664037017051035	0.0349489194876819	-0.33480828468245516	-0.11706114999986489	0.1169874804319982	-0.3429041292269091	-1.122972443911734	0.23872693322446842	-0.30383820218049196	0.9392930350098252	0.26040195441520403	0.334303681475615	1.250649955136778	0.31795445794338373	1.1090624838167105	-1.0958022987140184
-0.4618012841485118	0.5161126955846664	0.7263734763364501	-0.17809437247299473	-0.747637268114284	0.7026137020144808	0.28882022133493934	0.3062431186661348	0.7196680755170735	-0.868761633417886	-0.727305794166934	-0.6938766162967364	0.23574350358057158	-0.628854308355127	-0.15172954871009026	-0.0964460901565353	-0.3864626451760251	-1.4515314879418135	0.30444294236122854	-0.31938723813564834	-1.4919416221638422	-0.1739006887915637	0.31258072005118026	-0.4166291131189844	0.7989014053992581	1.4566383899361786	-1.302773067826944
-0.10050920208093683	-0.8522672211575361	0.9263505763095404	-0.6203174193287755	-1.0376391626027002	0.3393531994178943	0.09352874526816085	-0.3406853487431925	-1.143576140469842	-0.6808571626369313	0.0302934358767607	-1.0803861004973951	0.14111407103692122	-0.42021891664807043	-0.4929281276858576	0.0511802997476099	0.6880957995072342	-0.6883621866650418	-1.286836337070856	-0.290371847980332	-0.5474705869921727	-0.032600072306948856	0.5502741632653708	-1.7825236589443627	0.29602919937850697	0.4013295202523567	-1.4175258122265746
0.43011160822264566	-0.1909740900448808	0.7766460928527599	-0.19028668122218925	-1.003943333390053	0.5714213375113585	0.24574777683464974	0.23424299857508865	-1.226684104200561	0.42490580381094084	0.14636569859921106	0.2107349501898832	-0.038629264119851014	-0.4555308631866774	-0.473728506475994	0.45090701339941053	1.7569826732187985	0.31906939229168974	-1.6255487416324297	-0.21151439710655434	0.5198887675128647	0.7658675478210598	0.09043196673896936	-1.1488701466373135	-1.0094306992302555	0.33887066130257854	-0.9279967377837094
0.2508979390858074	0.5388324794141898	0.7515670059519621	0.6140467120017921	-1.2497774355575764	0.5507444447359516	0.35215979353625876	0.25223658286246764	-0.4440732048283261	0.002593407493610082	0.04985256353799612	1.3749329456685353	-0.35838909737453756	-0.5018483921478826	-0.25173074487834274	0.42629904596443663	1.1612737619189004	0.13143118706585508	0.41227163009899054	-0.26089130844650654	-0.1491194479775911	0.05902950381488318	1.411660059255005	0.3659656164561312	-1.9366705076204773	1.8763912648501575	-0.5357790058760773
0.056384600937289336	0.19628432776132074	0.6257595077214994	0.4183058355587959	-1.2387010759376997	0.5609921715835846	0.2744530815441574	0.29638859372657045	0.8841964768410688	0.02650226070898616	-0.3625392483550335	-0.22850385021742248	-0.48369190923126204	-0.3585051606719263	-0.13664115784992986	0.3943634786764125	-0.18294765787169284	-0.40748353798295195	0.45127720413872074	-0.3853984075370557	1.375646379527637	-0.7018434702277377	1.7110232947637187	0.029239598697561365	-1.2939125238948868	1.2216085726834003	-0.37553606082882013
-0.2387075896281287	0.4866377652652703	0.7134977096982177	-0.1111616309053992	-0.9955828174187241	0.4856897937920767	0.09558083981331518	-0.03477628285102445	1.7400141686466262	-0.3186242687524647	-0.3269866399966554	-1.1750735616158559	-0.37004501266035655	-0.4114283990934305	-0.1404239802670807	0.5364083566165438	-0.574332370084401	-0.29700322462101253	-0.31823931089367014	-0.39953277700778783	1.0147158334065145	-1.1111175321532551	0.6523274665203851	-0.7860838914303282	-0.09987963763433685	-0.13717356922036797	0.09861303659707296
-0.21975685891661756	0.5196359100338983	0.7234189534847331	-0.9718434031053185	-0.8782721791270142	0.5465144884898205	0.012448473740047261	-0.21261874548373488	1.2776961356615173	-0.8300427613884062	-0.15054864712436042	-0.647829480538719	-0.0441690766225298	-0.28217186453206045	-0.2676310467750349	0.34359728530161204	-0.35970374927158083	-0.2947216724007346	-0.2527427252016601	-0.5235433649565968	-0.4093335110960416	-0.6453404100990046	0.5583026527885868	-0.8204663102749272	0.14979902232105552	-0.20178671226521339	-0.2648347310724465
-0.26833936415746223	0.47576353427722773	0.4536739050946449	-0.6830756398824965	-1.1874851041631374	0.5416524090470655	-0.07029528219316836	0.11823236503101889	-0.6207621775808946	-0.5176775331869153	-0.11171568130567681	-1.088190569624129	0.09736802853767458	0.0014853735157838513	-0.20279526295318712	0.22191297261833018	-1.3555370368581507	-0.9014588465414799	-0.3060912001040875	-0.5160171933019602	-1.3342693598646826	0.22716570753019494	0.5059979781477761	-0.7277478037220546	-0.2797259857371946	-0.5151312574306708	0.49726139990011603
-0.019817893857816307	-1.2333952587558001	0.6731536327573073	-0.8177640926786385	-1.4594927002188005	0.27402823307860397	-0.15491165576436952	-0.1158844374152778	-1.6284770117601999	-0.47945851620894614	-0.03422287216992974	-0.8018066895387683	0.22067092244544792	-0.1850743116902876	-0.14043065060364135	0.14462082926723271	-1.6159752205880344	-0.7889023029113547	-0.42524304051352496	-0.49420942535466955	-0.9498487689558873	-0.5504143603255214	0.6744538253062339	-0.7965044765282614	-0.3526960185384043	-0.7077569263167771	1.1874465637473763
0.011900022203253927	-1.4414416847497467	0.7626713898144131	-0.3906288933790143	-1.4783643343802204	0.4576840818641409	-0.12536085970300304	-0.24138809190465127	-1.145257511148688	0.412905528337983	0.20436546485700097	0.6198120153829801	0.12797260512761174	0.09133930905169876	-0.26302454522746893	0.38443458464543445	-0.736356519318896	0.8897032249573481	-0.7648614243373657	-0.30061965723359374	0.5537712182731859	-0.008540619740815053	1.6048690162337096	0.11338770902690071	0.49332739286372046	0.6925452583706292	1.4916159243361706
0.12431713101364068	1.1916688137638143	0.6194081353979103	-0.31195325100523646	-1.5715763387819257	0.4530279294000263	-0.14417106839868965	0.2667928510156994	-1.5519564081848278	-0.2762851109078685	-0.06062668903582385	0.674856428355349	0.12484802232004191	0.20613244314755294	-0.3384867613403967	0.5081789906769534	-0.46020363937596226	0.6351424945191074	-1.1773777854595227	-0.34584248392411343	0.2416316428075889	0.09357538897330528	1.8608317687331044	-0.08475743483096061	0.8043835482434475	-0.6622339643162521	0.6873759069447639
0.7250990522850677	0.028127978070528803	-11.183804864623589	0.9035051833465582	-1.9474736994309614	1.1935219441119473	0.18031245724987133	0.15885951748089094	-1.2822263726652716	-0.5006584911825397	0.026630224882283046	1.3311932906535215	0.32637816188359936	-0.3539580177454251	-0.3598815008656852	0.26792274801026866	-0.01876069090479988	0.37780300529125893	0.5689408806468834	-0.22735196080441347	0.7108339626244615	-0.8079999019679117	-0.05973933960216743	-1.1786724081452762	0.8731612619767093	-0.9948512206911813	-0.9009208356153978
0.1865143231245767	-1.3674981279826552	0.699512883163693	-0.9464010848646713	1.4506624438561515	-0.41577499259857487	-1.0016576806107176	-0.015201414579139061	-0.16784540783359295	1.2489885157661893	-0.10951320475126067	1.041245914482047	0.6896270208182218	-1.6737168500241295	-0.17157628600843294	-1.8427787541874556	1.085158909143756	1.5988413586996812	1.3569829693013102	-0.8476625622484286	0.8425495691962186	1.5569713029557657	-0.3192439273955963	-0.2609653640570993	-0.7038286729111403	1.3165830951091597	-1.0515746284974972
0.6325177144964469	0.46929587220731045	-0.1660911413952519	0.08752434738509539	0.3572584418961454	-0.4197246218925736	-0.5769251175486447	-0.13840102539526475	0.7498587181629776	2.836207891112123	-0.509648332697959	-1.6230576203208742	0.40143853896200155	-1.3100893470333592	-0.21785317171334367	-0.2266190787785613	-0.24042787406554278	1.0155194089726225	-0.22794578271421548	-0.9617411292808717	0.5264671113303486	-0.0795288141768915	1.1167416583756944	1.4894916138895002	0.1940061780884902	1.293668149875334	-1.3500668723243803
0.5151702768721581	2.1431002054555	0.5877674316574505	1.745060145179965	0.3111280865528726	-0.18233070651413788	0.20248182114350735	-0.06266297811329888	0.549254136794851	1.1797881078822356	0.22969131001199364	-0.19259848073150415	0.16197970763095074	-1.2610876484434559	-0.2642017230252623	-0.09201062430914496	-0.4665361700177724	1.0595744736683317	-0.6664471705911759	-0.450613166027156	0.608733833987701	-1.123972539893929	-0.9323785146464051	1.7276695842494918	1.2605741928932421	-0.31286244608538866	-1.0290071950386706
-0.2757783483967174	-0.33128637882513007	-0.3401762093014686	0.5875804822796957	0.2764434422074824	-0.3570576609156384	0.06647688314094657	-0.3596870366552358	0.5366520207338434	-0.5977545268070117	0.13374797781810813	-0.10847252674086326	-0.2554130481746095	-1.624445839103799	0.008617336357169216	-0.40392572381857683	-1.3391544375497302	0.655533651831088	0.8166616274609407	-0.6113732619926141	-1.2526329571572574	-1.3823825501851215	-1.554931003398229	0.6543257022924197	1.1289730645725229	1.1095669806569388	-1.1228009427304795
0.12975783370013774	-2.062675551558176	-0.15999257411403542	-0.24405625916898616	0.5363927136616224	-0.5435545569256356	-0.0002725850758395744	-0.6062627266773547	1.2005568523363197	0.1745668122277102	0.5239347727482939	0.13839291171031892	-0.46699728848136307	-1.3162959167569015	0.15407880880915256	-0.00271914003410881	-0.8413811210563241	0.75269005581905	-0.19359969260277976	-0.6301449259313218	-0.741848313570739	0.13068818855358097	0.05153935462097665	1.7465767427595396	-0.7320916278317007	1.2715521863990398	0.8035834337156194
0.5571568309357173	0.5673439534197107	-0.1518357347136385	-0.37468595911515407	0.36540300365181894	-0.5493724912959823	-0.01186003847788409	-0.09240612538972316	1.1552317423867347	-0.38919554247863747	0.46563635932782776	0.48672272648169923	-0.022137422524462637	-0.7325461495038819	0.027194723975849648	-0.017777296784803425	-0.09125937585585948	0.7381834003950621	-1.0227231572154343	-0.38033809199592844	-0.27243890458078585	0.03170882051660083	1.4506941701583724	2.5695982300079545	-1.355836999740293	1.0457854118015784	1.9566202839949938
0.27131892284859277	1.5758684240388532	-0.27522519843939525	-0.3593666711876981	0.8092452950219076	-0.4662749065525875	-0.043598412544920175	-0.02900243627568008	0.5700584674201418	-1.6008266837364324	0.7065311779031345	-0.03214627863253565	0.19086339289767568	-0.9077585359119179	-0.2575917879237789	-0.02776194649572448	-1.0037253932045271	-0.1183331844474303	-0.4388005381143418	-0.5752850732523309	-0.7736091612740266	-1.078558539346349	1.2955833250272737	1.5145721671391983	-0.9461952293981261	0.19776163579203646	1.1542714583203473
0.41174339202098487	-0.5502016629658624	-0.4022097445702682	0.19636304570262408	1.1799035642335225	-0.6247438103175684	0.02143239038528337	-0.29651943704214245	-0.20717649277216746	-1.4934091950155293	0.7352762565975786	-0.47210267594528926	0.16403366054855548	-1.0661101391729753	-0.07456796582676563	-0.30395044830655565	-1.6072855782009365	-0.8746233679838336	-0.702601490406272	-0.5944023211916656	-0.42008773260112064	-0.8663909156873447	0.12275871953876928	1.046306746906899	-0.847157628313717	-0.1355273342494338	1.4892960438691403
0.8853007260034766	-1.1268988258930779	-0.10403206793006517	0.04687212069317441	0.6891170816633869	-0.5572525763443137	0.14529340357598922	0.048544592210335864	-0.3607437489608803	-0.1781033636959316	0.5486172867955658	-0.04097194748979762	-0.1340069918737537	-1.03772417632386	0.011965688788100358	-0.40033314458673486	0.10959902592047863	-0.4635428203156233	-0.27046944247565763	-0.5447404130430676	2.2741333544939053	0.7480355040148365	-0.6347355020178566	2.0382065983429216	-1.2413250198073493	-0.6635381061841219	2.1429674798368854
0.5257450189455162	0.9264582421636505	-0.18794541251608068	0.14652281530905215	0.8224945886036499	-0.36132132763013025	0.14708351136102632	0.14832663503470933	0.07123132053654653	0.3598584374867356	0.14437689398819586	-0.1316117462189448	-0.34016803896339864	-0.9907536103850116	0.12424419819446914	-0.10309609809184518	-0.9555812689364759	-0.6101520042609543	0.8557496040770814	-0.5505623651858345	1.5454112524945982	1.0896082725693073	-1.509977408417913	2.1399404462008773	-0.8586910195901473	-0.08201200072768595	2.443911476481227
0.31421134741035867	0.7228863175439054	-0.24338864683181338	-0.03517179197140713	0.8984709419098724	-0.5985649167691159	-0.026862705686913763	0.008168637752833368	0.18821393545068646	-0.6830076225054933	0.21177256593805022	-0.9262893557444968	-0.02033275569729256	-1.3705353709838848	0.04925140606426061	-0.11299437926283347	-2.0674962897630667	-0.769102225316916	0.3447703519447414	-0.5748006781657263	-0.6569692395231712	-0.03391954852002398	-0.881393773797285	0.39685619583664833	0.3090642440341508	-0.7223448617540859	1.8305166848707337
0.48574076202375177	-0.93860056510808	-0.11920336627644824	-0.24169854127842708	0.5097335975834112	-0.529000785777669	0.08442981131533668	0.3587315807062332	0.03667330722819484	-0.4278947627433482	0.1545286353599786	-1.1906195199250522	0.004041455924390826	-1.1454406410867994	-0.008198037877418338	-0.43697863370516765	-1.0219281176474062	0.21017010614964357	-0.5892295750494037	-0.5482659422047091	0.44124657625217456	-0.7378741982312849	-1.8876350842392573	0.752044515166259	0.9185265055443491	-0.9565192427468677	2.1862758602346317
0.7197856640021368	-0.3595766201192745	-0.3803570420540928	0.6002911524597697	0.6848087658971702	-0.30818968326550206	0.11770101461147012	0.6527758855176244	-0.20945090521028645	0.4401813951618472	0.7319428314323244	0.5004659762134295	-0.12603684505452406	-1.0424703870624021	-0.15805945726439358	-0.3654790000163677	-0.7656194267485095	0.8334677968329325	-0.9295315700814645	-0.5029639559578802	-0.21266100768316934	0.7612970841822722	-1.548352955159873	1.2470381216053212	1.1602528263413456	0.9449663824834144	2.5657305122419323
0.7748097835112094	0.7809269133976972	-0.2704672558537513	0.6092196679630878	0.8260107363838846	-0.4159737547057086	0.14330442517719247	0.1894647589818098	-0.5318337394069396	-0.33003829401391016	0.5321084771295186	0.30569674021731696	-0.1505089189877054	-1.1054663694072817	-0.09296000081635854	0.22621047287418936	-0.5941641100947354	-0.10095889625342987	-1.095389495670814	-0.49590471904934386	-0.8100436733644365	1.4164836218585106	0.2775744266490419	0.4794641289279351	0.5636059710737984	0.1332925930962335	0.7121203072568085
0.8112623100667372	-0.28995485758145656	-0.2982613229777059	0.8212550352029732	0.73090015575575	-0.4265102156453943	0.005989115175499386	-0.2292605500653531	-0.4050998888738978	-0.49983984533218784	0.23320176696435815	-0.6249735738379811	0.006592086858343635	-1.2054476058338475	-0.02566689313817582	0.11532594348523997	-0.7251828786767618	-0.6915841730420736	-0.5007935399381848	-0.5800960640520371	1.011254400358527	0.05114187054015696	-0.01503448435613495	0.037026094429209254	0.21316298567215508	-1.4261974764813463	-0.1544929049270002
0.9425828415925511	-1.1616731096552335	-0.2020247609586049	0.9967753642517849	0.6039704024068543	-0.4651827756758066	0.13685774886539034	-0.3743737607081467	0.21144805393211147	-0.12780108554160513	0.10381662018101911	-1.1003336889093223	0.10655701200264363	-1.0550280839908006	-0.06704767830236649	0.09794547826979697	0.14112130719828553	-0.529913534429322	0.0646233075975683	-0.4698778783252805	0.012924771395039872	0.8708756959636905	-0.740539589282673	1.2896227319263094	0.16722628927761324	0.07995131932805097	0.5475648293468067
0.7751707547966233	0.13518038463818302	-0.20175491852324484	0.32347185999336203	0.6754900610489262	-0.41252592525051657	0.01491221951447959	-0.23937567362352105	0.9121581864003613	-0.4757079507670145	-0.06225166003558015	-1.314762343055116	0.053755614625761436	-1.243217963843003	0.000869686931274937	0.3296006427646925	0.13182708661134604	-0.7545714801174634	0.425269516185163	-0.5191071661729235	-1.1119923285734261	2.0794675608746402	0.18829749590103825	0.9379432775344364	-0.0963662063484177	0.4724452764205087	-0.16371490928748467
0.8339290604223795	-0.3969060302209899	-0.18213003943401623	-0.6056031574709507	0.6772584734662145	-0.5708636250267861	-0.08433674419667102	-0.7886288261095507	1.4269580424627437	-0.9181581805154504	-0.0862325490660974	-1.2416250324594498	0.0031457987174416113	-1.3739328712168752	0.06065669018206945	0.16635096756451448	-0.5075830477550518	-0.7355475512203422	0.03087865394321414	-0.48861921685882925	-0.9359491085620221	1.7822085391627212	0.6640431122524117	-0.005441483009128992	0.2346666614468985	-0.4606993228033561	-0.5883256653752839
0.9472524952911683	0.015270927134566422	-0.1858307467253428	-0.3788908804560321	0.4433805139977533	-0.3676458961668943	-0.12473565665767278	-0.21664313429951407	1.4720749026894469	-0.6237201305806731	-0.3996029745624908	-0.709076311875096	0.04791853369386779	-1.2143002349044252	-0.0383126227356777	-0.017165217999576925	0.6726451074711315	0.11428176466538689	-0.5039919653926984	-0.5358156773398066	0.26911327146471314	0.8127307938258168	-0.22815691087594253	0.6517678366568509	0.9468791527436292	-1.6300993684003222	-0.4880571130730086
0.796743671482921	-0.05256799101867283	-0.3286346274673752	-0.3204531105160049	0.5064794020559414	-0.3939380400586593	0.06854484068946676	-0.14794851381561583	1.2449083173552578	-0.39379341638307974	0.3681723867736274	0.10279705890331821	0.16048992929750347	-1.1034267199195407	-0.15981368124871623	-0.16096743515436077	0.5826632465626452	0.660232154743432	-0.08422306831768164	-0.5121992390674229	-0.9848382122801922	0.0980354663950981	-0.6903608125768961	1.5071628957031498	1.1845243538187802	-0.34987263045232725	0.20881357408765278
0.8848467943577879	0.3237661335823602	-0.2991576472284262	0.41832926069922916	0.872971088869678	-0.3803887248572726	0.13181596968003415	0.3225947404708293	1.1011877753985595	-0.09688023993118287	0.7753977299994633	0.1113924010779154	0.07293770851568931	-1.094516476301689	-0.09927727953519867	0.15719872757388154	0.6756350695817607	0.4422319010211818	-1.0821609832709593	-0.46342245311510344	-1.8921996743317304	0.1434183374496572	0.5556622760378459	1.2374775905434083	1.086107589570524	-0.39293712073837495	0.16017890407113805
1.1027404094629705	0.2999515028263611	-0.25506331655081677	0.6925555121047294	0.9209715598818949	-0.419206082002441	0.13188533818056958	0.597761143147028	0.4728163639216738	-0.6091893000706573	0.583122216289552	-0.5622152009300139	-0.010555042465275336	-1.1122330635547601	-0.09475943575793332	-0.12324705009670969	1.5377712212437018	-0.052926385360624426	-0.936983256076251	-0.5638861456272882	-1.1450602639221532	-0.51996820799617	0.6479722609024244	0.8478301864803297	0.737259673147523	-1.4913433985273101	-0.9055812818108531
1.1103704921543085	-0.9181600315348445	-0.20880912424986056	1.0130035755090596	0.5438557496677995	-0.5639779649919098	0.18254334210898598	0.040952902886843674	0.41212001023827843	-0.39705985567410057	0.1347570264137738	0.08220207222891933	0.07812194909329688	-1.089664551626826	0.029063980634524252	-0.2629542261398569	2.146352585399903	0.16946020539881382	-0.16072223502878671	-0.5913003191325557	-0.35824916415637986	-0.6856460558249972	-1.1464636845750305	0.8181628340191435	1.0852499241344784	-1.2641447922160143	-0.19871521625244182
0.8614517354564195	0.49472263698631874	-0.23199446963545217	1.0853971488502832	0.7935488541681456	-0.35895270122361883	0.15624217645399263	0.43041952583399073	0.8081276535938875	-0.10660727801168696	0.2332378959990468	0.07355569036167829	-0.038891967098985604	-1.051733969293987	-0.07955438206971677	-0.1256546795170823	2.6970347607384197	0.3979548617637076	0.06519099061407327	-0.519470620117282	-0.7431901081726118	0.46923007022903673	-1.4275400136719785	0.8166716707949222	1.0679344983302808	-0.9286380892902227	0.1985114812954447
0.9428175805694056	0.5668873954236624	-0.16271786254560855	0.33687518405488653	0.7536086428148799	-0.4303577292986855	0.08097749620977775	-0.006507200447497677	0.31487316643246244	-1.005681791980598	-0.12185759011034496	-0.4331922077644354	-0.023682369264429935	-1.1458720796530033	0.061971667938305254	-0.09268833506795075	1.883330896321453	0.04971657561043484	0.31421768928265514	-0.6221653707486097	-1.4374528854100572	-0.08562125453106384	-1.9631721890091451	0.5571497604920183	0.5957754895465568	-1.2338816338168686	0.003419232715191248
0.7653962182447591	-1.7279312711881634	-0.11527122579075466	0.16079163979355765	0.6885595060469563	-0.46301702476489076	0.032329854093897936	-0.22187797841521567	0.3692647653964934	-0.4553232023086979	0.3014258895834366	0.5096424019576317	0.060855937981645875	-1.0870420582302036	0.13336627020920588	0.014503650695304586	1.417379333640924	0.8427678811206778	0.4039803504818327	-0.5203264179960643	-1.198674016061681	0.0853793584841534	-0.5235225986628617	0.5808042306582142	0.8266841115770347	0.8183632303992328	0.6194379416847295
0.8040130151268879	-0.07874706791303117	-0.0376786837704592	0.33234034845587085	0.8001246191382789	-0.41438488138678226	0.08997312255987587	0.27991641300703857	0.5727381922173518	-0.240590191201416	0.7190852569657601	0.1938226739316946	0.028676742845989173	-0.7552948314129951	-0.08121146031951063	-0.08576681075668036	2.1224972156659794	1.0952378360559238	-0.36684302495419924	-0.38712568453137813	0.12918611062378593	-0.10890219645211728	0.9443381048013291	0.564962409991535	1.178489288643264	0.7595966024079297	0.7193105220911169
-1.2143390564175134	0.5339082684103106	-1.519950112621735	-1.2649181729995147	1.6654525897580468	0.7425957358665973	0.6479755160682348	1.5441577789421999	1.0087534498303796	-1.0359732397143135	5.257519507223691	0.8016831476761299	0.964734128586615	-0.282289919696632	0.22471677387942898	0.8309025649331856	1.0660188997501554	-1.9760923943546762	-1.9298371343858314	-1.1681364778648908	1.4099580266291765	-1.0199169236666679	0.37490337007447816	0.6998331183174661	0.17140854589826346	-1.814596463814872	0.03596891798794124
-0.8362721586892511	-0.3058602804595674	-0.029859333558205907	-5.979760467425835	0.8922952610991592	0.39999770623032377	1.5283581220859097	-0.1966641619314531	0.5365624526740174	1.8788780997149181	1.9503492079072466	-0.1258984861291689	1.17793592611365	0.5007637651184067	0.5411037820645724	-2.0739855024738425	1.5377831104115103	-1.3653375784716042	3.351715180402127	-0.741304916451146	-0.3036152290212323	-2.3100216839203336	-0.40936271935217194	1.888820119598972	-0.3441323545043894	-2.672215956437162	0.9963862084382049
-1.017159721977568	0.9984453296976934	-0.1857201371246881	-0.5638890280163014	1.016942507358642	-0.1976647550873031	1.4123028480880393	0.026333903135503323	0.6875182614483719	0.5766457955559494	-0.33465130942766064	-0.6840450995464272	0.67440378134483	0.526715596706566	1.1624638751866423	0.04626011877611327	0.39194970609311885	0.24552217009933403	1.6341825713612361	-0.766950901640231	-0.18563870358159745	-1.243613019445114	-1.4247370773870471	0.33110239341320474	-0.1663388199773365	-1.4590210565066484	-0.8717486557774775
-0.7027703190626252	0.3364483889358435	-0.32998664140333667	1.2249315017456228	1.430288905324676	-0.040767063681471	1.6025812413374125	0.21198383981832702	0.03422064994653625	0.508693635585098	-0.6002067810821345	-0.542255838492266	0.582563095870235	0.8545517122780056	1.012442017845377	-0.2589081537896267	-0.8224245478340534	1.0574378607150399	-0.09522315794313671	-0.4821200604428068	-0.682148695602756	-0.8844146301164504	-0.6552663712120886	-1.0455125060460364	-1.5584461743282711	1.3408862807843338	-0.5807236828767693
-0.9680850364046909	0.1744335667859024	-0.16766866048929194	1.755511521345863	1.192060610714479	-0.045086991688057486	1.5875229288611261	-0.2520030574716592	-1.5533076846574763	-0.5921602779948658	-0.5730708993628483	-1.262725599044465	0.4695046217250316	0.8683350141193272	0.8925047787900364	0.07305530837841624	-1.49051059434992	0.8600730457407584	-0.5515457566589654	-0.4929289815577785	-1.116252069922339	-0.6686337531254303	0.3576239972462629	-0.9130287691584648	-1.0240124558447765	0.6540218202084533	-0.9448787596121183
-0.9333740083071249	-2.0160912875052386	0.1660849741182367	1.8429179515866696	1.084535119647982	-0.31169942889174757	1.3423052517982628	-1.1278555651819813	-1.6789382532632855	-1.1430987161533772	-0.8174761887079437	-0.002198399526401675	0.7118734973133254	0.8516753269845219	0.9405767877966511	0.08492012014394304	-0.7142722871729065	1.351276707469574	-0.03554933772371109	-0.32816929268022543	-0.05982203601707966	-0.6959714884084475	0.4279608084170365	-0.8825621159455938	0.005621385726410602	0.32070511047654154	-0.7881159968089495
-1.1675458618899335	-0.8329733245811503	0.1016046706011071	2.257935864294025	0.9406310813430913	-0.16177789663645945	1.3518399908520986	-0.429529430497116	-0.5346680286731929	-0.5542202020437018	-1.4615507650795916	1.5513421526490423	0.8046603154335417	1.23006804446171	1.0409510290597153	0.051449055446118684	0.20955768144517334	2.0250215835372116	0.07544172550994412	-0.20759210602609782	1.8697263821025496	-0.23011743178506647	-0.22710376860835535	-0.30367959598454086	1.1027905584559983	0.4683874718297728	0.7268450456884132
-1.5057031883434444	0.6537141182615216	0.10900174462876057	1.6930741836241976	0.8903395996258029	0.07188481394988962	1.3616161669921856	0.018169906669753832	-0.33579730577524886	-0.12420302466913541	-1.3744794446703221	0.9284321333219708	0.543019601572761	0.946878042043719	1.1674796270712404	-0.08697756113830811	-0.18977125727329797	2.1317115280064196	0.47620059086648486	-0.19622365659047178	0.4890112789925044	0.34699365666693915	-0.9712972982797651	-0.5778377542641809	1.3544173800033097	-0.051359766784058174	0.3861869960108767
-1.5477842361777279	-0.14758865113171343	0.10152393533580091	0.6482331894269376	1.0849901100421648	-0.28321043681904695	1.269522398393406	-0.6620463096030312	-0.44895301149656125	0.32470097793302516	-1.4267715031451618	-0.28721940675732277	0.4492753525750425	0.6875657164381249	1.131339039899971	-0.20429924188548154	-0.610865276989224	1.9136395382458142	-0.15180249368606066	-0.18252761954015637	0.2230327293018076	1.3153254576523659	-0.9167135442335105	-0.6485126783348103	0.27242282437486637	-0.11638569841466835	-0.5512456841351777
-1.4593957710961878	0.5098813764277168	-0.09722254015489373	1.0073405787760752	1.0371846100737174	-0.237515340557045	1.3599524648743635	-0.4545678477596675	-0.795181225894799	0.5184926732188726	-1.4109670733107393	-0.6178721886818231	0.7470098367977437	0.7178020776906197	0.8896190564728205	0.054431720596011444	-0.9032603379414857	0.9558633383037518	-1.5939362093596956	0.1391065213521104	-0.25569751317061074	1.9999372646295621	0.4116972887231944	-0.3840682218634364	-0.09162707969579503	-0.06774146987610356	-0.6885190356876342
-1.372521449911338	0.7152576189665134	-0.30474000216335967	-1.3212033596958157	0.7516348078019197	-0.43930929628376847	0.6523319359896361	-1.7382515182960305	-1.0968055828256986	-0.1644820151438851	-0.6164603411470435	1.1473332397947362	1.2169541336626124	0.4862316048820121	0.18183665650611253	0.21846663201243338	-0.18291245016966629	0.3347821932045842	-4.169907147534886	0.7241868134356807	0.936893820770915	2.071057570049801	-0.3274270109763846	-1.397592779853581	-0.940709102958095	-2.7648187371225865	-1.1965539649873211
-0.949613632381803	-0.07344924416347466	0.1164789415773448	-0.470728117687931	-0.23247926968891236	-1.1724759479414297	0.7969499958985842	-0.6500783181572132	-0.5310432019463369	1.6566219975249155	-1.5724388301892536	0.28685081427990666	0.5371442121869555	0.6001518189151036	0.7710829540883619	0.19704369941609293	0.1445940710053009	-0.5583082120835673	-0.6180619788808531	0.5644910864220123	0.3864112605993846	1.7790773569495777	-0.29290196297184184	-0.7567611131331949	-0.9056814487477265	-0.6598864636476767	-0.9282246841531065
0.5389418022935458	-0.18656985659204248	-0.17233329466405414	-2.362866884795557	0.16191629757422868	-0.11189923382893864	0.37406166781668787	0.4444701799818395	-1.3826146555981054	2.273176888119524	-0.8081500792157169	-0.442609886723654	0.57929935057172	0.028176766005515896	0.2525466367422259	-0.7740971045730104	-0.7018154828077305	-0.9085427511549167	-1.6649140485778349	0.7282470995074818	0.7775533757187881	0.6322215596544096	-0.14557512668834957	-1.1849248169831705	-0.4458761828726647	-0.13610675846809947	-0.12057251945681956
0.05894561506191637	0.4606728736330871	-0.22968889334084105	-0.33354256700983786	0.5523766478411206	0.001421878545080588	0.4833515038678403	-0.31120501943714	-0.15065197748505726	1.6557979194648418	0.4825928328256425	-0.737748255407703	0.8688280669480503	0.7171109152284704	0.19528667860767918	-0.1283083168272851	-0.7768657801562714	0.15093555477660242	0.18676233353949498	0.8160046853248233	0.7990299332525055	0.30389368766685065	0.3523489910070627	-0.6802826369151712	-0.07839317053835644	1.6075519119402977	-1.2336853776373904
0.9611580620963909	1.2502648095309221	-0.12683449859645476	-0.7509956699086802	0.03803213486072293	-0.0734538491173192	0.4528475852300888	0.23943209376317526	-1.2465882243273452	0.15135687740693327	-0.5482459211514403	-0.6779342463878514	1.1497596978787699	0.9750974027204153	0.08439442434812146	-0.10392216215312877	-0.6563961113228863	-0.13302132069618064	-0.1877304793413548	0.7720551418261854	-0.6463380427452952	-1.3165993021360518	-0.02448720424519755	-0.2568651958895918	-1.1277953154297655	0.9643542059717936	-0.9548988855003925
0.6765185701822026	-0.7230517961624291	-0.06815616975732958	-0.44358150214345393	-0.10778978071973988	0.04612142209440271	0.18916424231582762	-0.3615449270477472	-1.122297639223472	-0.4134875744144126	0.3845201657188767	-0.40309262278438673	1.3521977946287898	1.045129958941307	0.051527079507907546	0.006714699761059948	-1.6815206628305763	0.4580253384193527	0.05437976777524602	0.7658294959993184	-0.8327902720901369	-0.4182023345419328	0.7162796794653367	0.1278861388753849	0.06946225337001707	0.7924523465854242	-1.074216137264456
0.7257720507164483	-1.1140239404324572	-0.01827729836438683	-0.378107414210852	-0.018216165073099432	-0.0688492548022231	-0.22055928275330655	-0.35201734409941116	-0.9302390633307914	-0.5229848449434656	0.4995415474844924	0.8966725411093753	1.8622921008531783	1.0233379006941619	-0.09136824493735062	0.17157113924804915	-1.2894218389651433	1.1807165939434752	-0.15175457503196968	0.8232123755689223	-1.6339182652361277	0.043593663320187395	1.442351010107065	-0.12858270094855345	0.5528300069272234	0.5169586241223166	-0.2566750407711621
0.9593374052676937	-0.9510320821367506	-0.05373350110780999	-0.3520256959039257	-0.08359007837617427	-0.2831291549005316	-0.20120508295166595	-0.4101334063698845	-0.6682643006878491	0.08309264830493546	0.2788708169666929	0.9486857801532101	1.6145526859717327	1.0369009653007344	0.15591000984315628	0.14722915215651408	-1.0951431533945435	1.3096252675443787	0.7879013026126456	0.7799718104036665	-1.607108072690895	1.0547689958207396	1.718417066367329	-0.6227888988341946	0.804550758455008	0.6634163724000206	0.4241027083467492
1.2091176573424005	-0.08217605842335879	-0.007082698624250225	-0.10486415486759237	-0.09395983427046393	-0.2381415370501567	-0.08102055867524255	-0.34312505010471706	-0.6911293575573831	-0.11144544180039542	-0.3178343739815968	0.9162580720498839	1.3181469885626342	0.8165219366389509	0.3598082719883582	0.0026991737275080976	-0.33194813716362226	1.1594959686447095	1.4917395484567595	0.7167848500133321	-0.20319005456016476	0.9793702706224222	2.2542904786231768	-0.309468111468761	0.9764862224658917	0.8577047142481288	0.8171453787092712
1.0815260392681998	0.2415776669640798	-0.11856014947430475	-0.5331477964865319	0.01376709433772106	-0.0526069957298742	0.11138880395115325	-0.11624690380051163	-0.15183843520874893	-0.28943602788638056	-0.47568476272918825	0.39373121742321326	1.1441722103997862	0.9285158172644158	0.37759209158865065	-0.033744221460938036	-0.4449692967074241	0.7890497822905177	0.9621519629241073	0.663028959055919	-0.3808243376166434	0.23906300671485128	2.4274402340825203	0.02386256415093245	1.4020328913058087	0.23998080391318502	0.6640839916476264
1.075316721408798	0.4233632096271104	0.003567758714148534	-0.6340462375516305	-0.3432964566942597	-0.1152493777112076	0.3017049549174563	-0.01665894895182699	-0.28948366938173464	-0.2708015742302978	-0.6119649244712135	-0.3728071133448218	1.3530866716154846	0.954933883420322	0.28162063584981145	-0.4029883556219444	-0.09694638988033309	-0.32630104668198767	-0.3395359122089764	0.8344847388521929	1.383182092270962	-0.926308430900311	1.0919822159614754	0.5585201651029171	1.5695375069680428	-1.42304151301493	0.5061511289444544
0.7320633101353452	0.04709048335307383	0.05789904256974359	0.18690644259474765	-0.30357518084958374	-0.04461977104412994	0.4611620962675096	0.1517215126651242	-0.31756028782555595	-0.05020488227173844	-0.4146184926926045	-0.6094625909582455	1.1672235425868478	0.9041051992643361	0.22850906171449917	-0.2763091276061434	0.24547655341080465	-0.7153991783595514	0.24206793569977997	0.8400439525583772	0.7955159911455828	-1.0353310335734454	-0.42953461263955167	0.41725422380452787	1.1146055383511277	0.16585869032732156	0.668507496084861
0.8439400707463275	0.2612048099689522	-0.1352281985819434	-0.2701854976309103	0.1393094229681086	-0.23304207461000906	0.3801756577392783	-0.058391261313646824	0.17879284080743052	-0.3934935381924204	-0.7518913322925445	-0.12427457838563782	1.1007921257390594	0.740432043591295	0.43646345578667295	-0.4243596237718876	-0.35869093606000096	-1.595572427400792	0.8894246180850647	0.6673835123908621	1.9184019616733576	-0.12805321213911292	-0.9391143766584005	-0.7681247109357893	-0.1476476360855902	-0.7141744161317177	0.7048752287716228
0.8954001014082154	-0.0909300901154114	-0.11318697588620566	-0.4446106147117885	-0.1042222378302332	-0.38711258865819387	0.5548599740433754	-0.21530021374507222	0.6619415182496262	-0.06665251912941828	-0.7877695607401234	0.9473339933833438	0.5766169688859585	0.635025515367215	0.6331158024459625	-0.05937431296152856	-0.12802967233732088	-1.415407691989892	1.1101612547793382	0.8310835202111646	0.5902684101880099	-0.2518986803630354	-1.4845598541945817	0.06747405153487948	-1.1873466131807202	0.5686751953966714	0.9904856924141074
1.199076977987592	0.36441819373557516	-0.09998114402330023	-0.4961618558927766	-0.19002364940948638	-0.17628029488604108	0.6885709076179842	-0.17024331678489069	1.173841687353124	-0.8463660376690915	-1.1029861016565223	0.6810651673605166	0.6669668809616606	0.8882161111559361	0.5859428589983683	-0.3011651164658621	0.6947873930754981	-1.9237429264711805	0.5693984342851444	0.7379144168705144	0.8278354789162222	-0.9900485392554927	-1.238345332548468	0.6391721274891858	-1.615963793717853	0.25241106940547686	1.148168988388819
1.1735480994695864	0.22501574166824986	-0.11255635269758534	-0.43405787256901346	0.3461469218274144	-0.022322838294550295	0.9574205156298213	0.09243547334531062	0.5363775323933545	-0.8229319923140201	-0.6689692290266445	0.18775717781043116	0.7002890254864388	0.8360142057842028	0.35848144576145696	-0.24351220570919935	0.4325948833774452	-2.2266181401450624	0.06353061349814142	0.8226574665240918	-1.7177020356793804	-0.7120030591171569	-0.7979835034448161	0.010252146132645768	-1.772399449904677	1.664958234315023	0.21175564454743306
0.38542504811183387	-1.5461532967654539	-2.5832509946203004	-1.7796205983872502	0.11336490835459744	0.4483945633223664	0.6980635334406913	0.8148425831771585	-0.21620080917334872	0.3736064056127205	-0.3548282569468295	0.12384043857743621	-0.4707394132264907	-0.010641479835400784	-0.14047137600449458	2.746158067080062	-0.440070741471099	-2.999803034219679	0.2884780325525986	0.327551799294938	0.518066410199766	0.959759031622606	1.445384881436143	-1.3926619838357128	-0.23920464782580592	1.4141510498058636	-1.0797237768831613
0.9449265622620044	-2.105013900765268	3.1879773964959295	2.105544357528882	0.6840879479122387	-0.8624854068406236	0.3508840132718046	-3.3899788658362695	1.9638024305762214	3.262185382997604	2.6099436562084763	1.0243345516754745	-1.6573276401601404	-0.8520847963636646	0.17968590005318752	-2.6576893697529465	1.3567490495675658	0.5979334526142092	1.7410056363117443	0.7186870676322231	2.1494915845544367	-0.5454674736206867	0.975352466624857	-1.9331299488655702	-1.4787797161307978	-0.3835470381575318	-0.8623403225648808
0.5295986182415255	2.91488949888564	-0.8401676040877846	0.4567109640747778	0.3208837502977464	0.13133375051342142	1.1638462381246384	1.670796995686575	0.7065950615889974	3.5265243245450364	0.29457078177350676	-0.8623805822121178	-2.74631307995649	1.0365920167113494	0.2941493839737519	-0.28527437371731634	-0.16645077806527503	-0.4629777482410605	1.2699263594655876	-0.02393659674581543	-0.23046654958689558	0.41667139112865176	0.2049472852897088	-0.9561814079574981	-0.15191863120792282	-0.34729556565615105	-0.4459872782249968
-0.09775647418351675	2.4931724226237204	-0.3976141365865072	-0.293273916946921	-0.5041269709219774	-0.2272731085270331	1.2034228568164018	0.24988381739092386	-0.3731491130733853	1.0885611216066262	0.6443686657195412	0.6707459148587576	-3.306648167603094	0.9238534716799887	0.2685769702791972	-0.1981776761351173	-2.219160886877017	-1.035269881882787	-0.7803027090307126	0.5102542100523082	-0.83075734366977	-1.1131097871592197	-1.1221591789273737	-1.2109913776121757	1.0035359315693084	-2.220075207092866	-1.817378450519
0.248863036220869	-1.4635962208951463	-0.4713099433707248	-0.08913086461635104	-0.5580315758757042	-0.4291368234139777	1.289074710337794	-0.0606400946049266	0.7200794500468668	-1.0169403457445916	0.13505822034161435	0.23457054689735768	-3.5727263311458763	0.6871838758347139	0.49243970224505434	-0.3416318574810384	-1.860675739725692	-0.3004297058428556	-0.17625822022518797	0.6823264460672855	-1.1051968640915155	-0.8600053794793544	-1.1619524427133547	-0.8981567696437005	-1.0448157059679244	-0.20982718504950448	-1.8029716893749521
0.1067665631059834	-1.6584227117535573	-0.46433896168838057	-0.0967089577794365	-0.8484114609495127	-0.2461054492775137	1.0845212714535548	-0.12568104005527292	1.2961739218024046	-1.0617228062573028	-0.41831414937648165	0.013686510774141838	-3.4880867053229276	1.1177291996062857	0.6460161521354755	-0.5524858646742419	-1.140163524182634	-0.5720191698716928	-0.8397799536982439	0.6925612452265741	-0.289444879114078	0.3681095202000554	0.49878635188428505	-0.09006623711754164	0.663269070803156	-0.3945526146341254	-0.9121044424501411
-0.19025362879946048	-0.3366877778635199	-0.5425842899964444	-0.24901362626849383	-0.8381378127194664	-0.24810104890802487	1.2087924187535524	-0.24741758701529284	1.3986341425225848	-1.7343689149082957	-0.37109882278263456	0.8501057259512849	-3.3118763027075353	1.0364089943471981	0.5278732600333833	-0.3648044627238912	0.23853221455852192	-0.7486894691194349	-0.9392750978912632	0.73300612779831	-1.2841675954932785	-0.9972445921249449	0.5152642024617501	-0.32533748767098963	1.3757616878214538	-1.0576426699226318	-1.1910165208753256
-0.23530554870809636	-1.531737895845836	-0.10965281362791608	-0.024169804553989524	-0.8280494432526389	-0.24665557836798171	1.2242334336967258	-0.37167578900028364	0.6535341469104329	-1.3262332445591514	-0.060781151269330355	0.19557651537346907	-3.4014417233948326	0.9075903743765001	0.43073715822391034	-0.6300855884390553	0.7397092818057758	-1.0200672474053911	-0.7962205648424199	0.6621240230246226	-1.6628936991215078	-1.2199779430183484	0.30568383281527306	-0.19103845993330068	1.228318384793359	-0.4344011902730669	0.1819057480111102
-0.13516764991736901	-1.5879993833926935	-0.18805044404502744	-0.007706849453874774	-0.5778728370414017	-0.29892735731550807	1.2158833939811142	-0.2318883145808946	1.008404380067901	-0.4917867961291081	0.1763056566952069	-0.2029593844501104	-3.4477059904075706	0.719048961735693	0.4095175309122419	-0.3095586975120602	1.4139012926397578	-0.4612314437191565	-1.6819483889117166	0.589861818966858	-1.1656629482118541	0.09298134501860858	0.8877895938193007	-0.15638798676651597	0.061123565423948166	-0.09696368657322788	0.7936285254267137
0.28236871108716394	-0.3228028302089967	-0.18953771741395875	0.6252868443198005	-0.36535600327343115	-0.4018234734385814	1.3798158413039143	-0.11621945263191596	0.9306743490093257	0.1397581615156529	0.25643657025595123	1.1210148246367801	-3.8786809187944655	0.44482807573248667	0.4202336316708404	-0.3391052518050478	2.1785061413265385	0.14807925633928362	-0.8148526260366808	0.5549875051026639	-0.8092021854761421	0.5101998582785093	1.3242509836217444	-0.5861161901770332	-1.5842323148409085	0.2763416970189252	0.4422850058194947
0.5399274602050683	0.6200124833337158	-0.28720926479558695	0.8312318987925253	-0.41643187943287996	-0.16517868594781912	1.4500787808895326	0.02645607166357684	0.7848579050386082	0.3148999673566301	-0.5159074139455269	0.1832885977333699	-3.655939183356377	0.6153672887229906	0.5745275442089464	-0.5171913810904304	1.6831294299400044	-0.2718191163603927	0.019724576721853057	0.4267422684761571	1.3182099323127225	-0.0448845597879538	0.5450882516930744	-0.8915098446196319	-1.5153854858616667	-0.4496212812137676	0.6420481522396162
0.1672759656008789	0.5771990954133847	-2.9132986103976113	-0.14982141806158258	-1.1319665812635218	-1.046535614530484	0.22543757944286608	1.4064826552120921	-0.06425271220393353	0.37095787648867723	1.0340190851237243	-0.2005371279894596	-1.2116369885880613	-0.09700364749295412	-0.7127917818741029	0.10770889545505714	0.5340640500016368	-0.5624710564771008	-0.49892784745859187	-1.4724947034045812	-0.46267473860037117	0.2789372154683205	-0.6452841910322878	-0.003177868195501846	0.08147726954051224	0.10585262675345572	-0.3573559321456536
1.6996173199868065	-0.6587305305578823	-0.06162735112487227	0.15444517924116646	-0.9934286560344227	-0.12208536094389731	1.9764968448006104	-0.9700220188720322	1.1849393206053729	0.9436276996071441	-1.058654274224788	2.1507370781987234	1.6045280923855332	0.3715443346822602	1.7129212007769001	-1.127699954426436	0.547424046668303	-0.3995178505960566	0.9873610373860968	-10.801041930878702	-0.9573463123920996	1.3382366939213326	-0.16467831670985428	-0.9319316619223919	-0.26723239113189473	-0.92543797390284	-0.13976760185542794
-0.6475847912717407	0.5938538538342798	-0.27363540390752034	0.9616413006529249	-0.3831369051610065	0.004789562574808292	1.0003174229075744	-0.4209459962574574	1.2160531684223097	3.6494219519190914	-0.9260698680095203	-1.9274776053340088	0.5586252517711624	-0.3343539105793557	0.5983053381523432	-0.5044064174226581	0.3713823942747275	-0.6904910902473248	-1.3524701561187176	-1.5162310717783791	0.2916663194942155	-0.05437623195576786	1.2249150852416002	-1.289342206373209	0.4878674853956604	0.058375060772533356	0.6346979104012896
0.5815774911030112	1.895632505862154	0.36295853136216816	0.8685046460273362	-0.5714835179964353	0.11264447549802883	0.4628858743617771	-1.1589697535378183	0.7846188291867213	1.2966041561612658	1.2365609018942274	-0.5240018241562602	0.3800071883714998	-0.26388221458467526	1.5894571950377046	1.012446226143199	-0.28796062651432075	0.4406401598266464	-1.794058232681756	0.3145270723586021	0.10354438409775649	-2.0045141588314386	-0.9546799447523687	-1.3530212544225995	0.2474487920458436	0.45212052448145207	0.5421012336474411
0.8679998964161147	1.1236777974080372	0.4434081662616452	-0.9998231827709243	-0.376572178862074	0.4221516380614764	0.5178287762602447	0.5717765862150179	-0.24131940521779865	-0.012082013440659012	0.3211493804244581	0.7117282085077223	-0.3437440888568047	-0.2907956176921702	1.1807463761647583	0.22082888281063692	-0.9281290609905926	0.6913426353077311	1.8057662982139706	0.8648045987632481	-0.5131193333334505	-0.8674637337780622	-2.3608699932839627	-0.2952086500212294	-0.6070771533820792	0.052674807029252285	-0.21374906691742185
0.4907277947839767	-1.1559912377274524	0.4867094196880864	-1.315176309439288	-0.3990877435953476	0.5288653580134343	0.477619085639621	0.31644145699152626	-0.4469736245315748	-0.06328580978621329	0.9990433697681523	0.4488808093286256	-0.16273305463686594	-0.1573049886318611	1.272955758804648	0.1010381668245257	-0.939237832777504	0.596349355146131	1.3954199784519594	0.767923278010485	-0.705380253305886	-0.1273207109034997	-1.5524245595675288	-0.35812591318585	-0.35314813372470394	-0.15286385532554292	-0.7681065085217612
0.0976828824342653	-0.3287058156808593	0.47199131602677824	0.03781786044351266	-0.07395591944437949	0.5765895633165992	0.17146511360257977	0.7889194706135599	-1.3579098425058427	-0.5097438333338556	0.4939502961097131	0.9354100863050709	-0.08702615171773138	0.15691169185057827	1.4595076177249275	0.14942998060958715	-0.30793314623637746	0.8600406802270738	0.8544590291797076	0.9887106246526627	-0.7314420688648794	1.243954793787842	-0.42909802768273203	0.4407990882112059	-0.15577361195428652	-0.1473376289349463	0.009942535095257022
-0.37266701025863574	-0.8647192997947155	0.447333598467178	0.22140823108534932	-0.32584989610682	0.5086831827074557	-0.045605451287179376	0.2545363311490921	-1.4087966290885274	-1.1452941511078412	-0.523737343481945	-0.3675280463778503	-0.1799731872683221	0.0984096982875656	1.2964121674851274	0.17841846855840843	0.40945923185125704	0.07072247405178197	0.40380229967754	1.1847725218669927	-0.174133155390921	1.665024724767314	0.22377717954135026	0.9757091867568265	-0.3076561483726768	-0.9059324893298155	0.11829738013700428
-0.10727413459960718	-0.5517832217355423	0.4761729954763591	-0.17065807863993657	-0.33394248562619655	0.3196276481806581	0.009405157020340003	0.29547877515819193	-0.027038073207392405	-0.227898623016266	-0.6732773409438451	-0.38781867355819244	-0.3116023625997066	-0.003937576045689919	1.1006688448117041	0.1287282451803783	0.7731829133681659	0.8615776669039893	0.364512775028215	0.9057614586293861	1.7190368400802774	1.2116341642697035	-0.4295392545896545	0.8039713027018454	-0.28839522889798064	-1.250344622697118	0.24916425279771517
0.8597818119985141	0.7964013894410239	0.006274386214515236	1.4278429866650424	0.08833640915676133	0.08981618590990458	1.4017129630387306	-0.08404825980407472	0.3763784070183888	-0.35915673125894493	-2.4810328948109586	0.2501441079482493	0.24903424185604606	-1.1825256074137358	-12.203334578376205	-0.3860445486633635	0.018614989485434334	-0.4551724936789262	0.785042431612996	-1.3494304056169548	0.7668857021643439	-0.46721569572416993	-1.3377380593212247	0.1795782249758869	-0.013202224139188251	-0.8693824005836521	0.14655990680679437
1.7720773828286913	0.9401301162581396	0.053695130092881266	-0.3495327987366325	-0.8127035150208152	0.6046434424949572	-8.92215587581761	-1.7467755979215056	0.16461198095244073	-1.5981803898073943	1.4371181223546425	-2.3991212528425736	-1.3209137232355057	-0.25239371433199836	0.8482862691453015	-0.5516783987241598	1.554040893662708	-0.2681195417601228	-1.019347118566136	-4.453531024941958	1.0571129242555448	-0.6927128127839984	-3.1967583154173123	-0.5263308620134179	0.4197480316306495	2.7810981851498386	0.09490871905040087
