pca_00	pca_01	pca_02	pca_03	pca_04	pca_05	pca_06	pca_07	pca_08	pca_09	pca_10	pca_11	pca_12	pca_13	pca_14	pca_15	pca_16	pca_17	pca_18	pca_19	pca_20	pca_21	pca_22	pca_23	pca_24	pca_25	pca_26	pca_27	pca_28	pca_29	pca_30	pca_31	pca_32	pca_33	pca_34
-0.15437907413391747	0.02984039184027087	-0.12211503139010983	-0.07397344749599416	-0.06645224613565674	0.0008341948316303937	0.10378275016227896	-0.06367657785699281	-0.03201696753938046	0.08713184744719363	0.07786122894572653	-0.05060436963518478	-0.10358786778219366	0.012510212752939703	-0.16645055550981885	-0.03878424645216629	0.007446130263784342	0.12922763547732416	-0.017858469838045964	-0.12294812168091622	-0.2572293620873653	-0.15181131856558022	0.04289772797360664	-0.021474296852547786	0.05865702563684804	-0.08844502136775068	0.04588483253600721	-0.10142680506121395	-0.12598145823537132	0.11923769496080076	-0.17355140070154834	0.2198194609695579	0.18759147439194518	-0.1700336811809253	-0.1694444558194962
-0.14275082230518465	-0.010786459792988989	-0.10138844547912512	-0.10799534443809777	-0.04893906341353488	0.04994211305181876	0.07622326213203759	0.0404519058344751	-0.08805311119780793	-0.008436182289042226	0.0328435615715658	-0.07334062414144629	-0.024666638517004104	-0.011343420205050152	0.07610590681205945	0.04460945065406485	-0.00500939342509693	0.048766351324345335	-0.15203768148530494	-0.0664486410958449	-0.00746181908854808	0.04937513138191185	0.047478316793799186	0.044016569676636245	-0.06588917352953017	-0.07980967582256451	0.04431729806467863	-0.1727894533336371	-0.024670907195537283	0.1265742235859738	-0.11098525172831307	0.01885911158643979	0.008032036450692486	-0.13812118134226073	0.025013783263764383
-0.15227856213581564	0.032546525746837196	-0.12422502929082835	-0.09545324121197657	-0.06104892448465071	0.010893722807108926	0.055989983203278026	0.04165224480177761	-0.11005337317158817	-0.08747957326913366	-0.032600052102065874	-0.11650612619926765	6.381746675672428e-05	0.05470546797541703	-0.13175620623591544	-0.018839114380883586	-0.1444312901554623	0.039665548277407696	0.08249488282924959	-0.08069237059250414	-0.16507664326457352	-0.05872683888822344	0.00806179267428685	0.08304911495402839	0.02710961599879205	-0.054938771885048344	-0.05437391857169435	-0.05141678105042682	0.06802229593614323	-0.011701929625718512	0.003574811205879866	0.02840496473515851	-0.08613764698011989	-0.1893295867304422	0.13030316944959952
-0.15751513555383911	0.029699928887939264	-0.11741615879434814	-0.04396365542383325	-0.07012221433941743	-0.01969764808185879	0.038220793712475	0.043433897388189924	-0.033746676440154014	-0.03979884873119696	-0.007224843526549063	-0.01948891116117872	0.07444040310553209	0.12239308044678684	-0.21731899109144764	0.05228587073296194	-0.16250933900477238	-0.06782352839701819	0.13438926472976154	-0.13159361621017993	-0.10086574996219325	-0.1322884364632601	-0.06869915643372455	0.009285254451723336	0.007838969543023926	-0.08108342453317416	-0.1288890092935368	0.0012817362096827212	0.007965610265473749	-0.07369190809729563	-0.05972040430356722	0.005720509859459478	-0.06519888813739572	-0.031608103939433176	0.09257985945964466
-0.15782209809255893	0.020151509656082256	-0.08576604024158294	0.029509932744789025	-0.07650844502210942	0.01823929623488599	-0.004586278091473939	0.03052984400151592	0.018464021499259	-0.04085555169044118	0.03369978049885283	-0.004283545580335585	0.040472973448073636	0.06729619987959287	-0.17769742802766567	0.007329669084957139	-0.13818635436963098	-0.06220888469785932	0.18085770861479317	-0.08245340701264307	-0.1115901618392586	-0.11040265819871915	-0.05899175650229142	0.052913505857015444	-0.00524447760682846	-0.09392121447688898	-0.13957794245528704	0.07452486318914071	0.0704684633430755	-0.04345011761816597	-0.04573791536425205	-0.0020898957510107966	-0.01991408772091316	-0.00942960010828102	-0.004119427420315732
-0.1569076604101421	0.012904971461768444	-0.07156590356539377	0.08818307991740926	-0.06901038904895734	0.04652947719624913	-0.04277541099365689	0.007739972387699606	0.012239713403435742	-0.009496364164493648	0.059500596903246536	0.004664272693881661	-0.0004482433433560702	0.015734935582106375	-0.1258434361562084	-0.02463617873776034	-0.12258214023365853	-0.056322010499084994	0.15323315951849176	-0.04372450966799865	-0.12114194946375204	-0.06103448173620957	0.023557435248889046	0.06844320606864629	0.014543906357150305	-0.07309761979396687	-0.04394185451435294	0.12102006388558235	0.04743519628150427	0.014322852525965463	-0.03146572313797133	0.0441451823196017	0.0612878104723847	-0.06083369664552302	-0.031855465459593384
-0.1641846844951637	-0.018959430437505795	-0.0749439120255041	0.09227606838031854	-0.05386912940693238	0.0826377153934361	-0.0723035385655683	-0.04366489124567396	-0.04780417246845194	0.04060973880538399	-0.008423660259828547	0.05206588318845867	0.06712673901285347	-0.01349403190679964	-0.08043522008890047	0.02178579463649092	0.005223504383054071	-0.04421145985473341	0.03393274897505181	-0.039523925343815366	-0.05779035269043614	0.0014918494312751232	0.05172603628077746	-0.030489384588539725	-0.016232535196338098	-0.007288089796032692	-0.01107787438674729	0.12133324523784532	-0.05311130551358107	0.03494781495560977	0.004027074574428129	0.044383163009204724	0.04800988476652565	0.048812515280309	-0.10667037815909236
-0.15908334927235332	-0.024957669728314074	-0.05589176423172616	0.08661161903163583	-0.011298964138780732	0.10066222527535118	-0.08769505309935721	-0.10245344944124435	-0.03079894466391979	0.031859212423709884	0.013264896480673895	0.028590378951313777	0.06638369472257054	-0.05942767503939392	-0.03743318667617582	0.04305263517214197	-0.001848627616408357	-0.07267034168382935	0.038682768296315714	0.004464828229124279	-0.05340269725853897	-0.04893738789396862	-0.009944453816019484	-0.08519708157565466	-0.09221259554241529	0.05188499428963647	-0.10760192238938397	0.0380383090536642	-0.03258771618278442	0.0016388489157203728	0.028922901267156985	-0.046378416969046814	0.03347418208193967	0.03760706394011122	-0.03374393018050774
-0.16167155996022775	-0.039284183772099246	-0.04068592491817406	0.09583447928149083	0.02122540744837148	0.13643851117701258	-0.009929596956786774	-0.17486903465694983	0.008145437510643047	0.032862279082471024	-0.02953519522130532	0.04554540898218004	0.10059769227370596	-0.08987693217984641	-0.047068795184072226	-0.013152992727235609	0.0392081729487303	-0.03133112772588541	-0.05720066264254135	-0.006669811281768995	0.0574398298924179	-0.030623189160557243	-0.09245654691346963	-0.02903732517160357	-0.04306229734381153	0.010865087180026128	-0.024007678480496765	0.025388183516628998	0.04388935952319387	0.0854606052872311	0.08633594660887892	-0.013159207695362801	0.0633256121898988	0.025079929007402454	-0.0024964263297202055
-0.1612967886701293	-0.03948505300613737	-0.04466571365571814	0.05898980117442848	-0.005191832540864083	0.12811646900259743	0.07791168359979106	-0.15809818988454696	0.02081499141878232	-0.021351878327138196	-0.03731226115099011	0.03728406726720385	-0.014425076881562193	-0.10561683214733149	-0.023753691073610306	-0.03663723440692253	0.059233599248353135	-0.011474509677897649	-0.05103929559934755	-0.01964713497808053	0.14101227229706526	-0.05535403759212536	0.1002874373960075	-0.05818276126560422	0.03398868122394058	0.025200858746121983	0.06251940513148452	0.029671626927707577	0.049665858363032514	-0.040524127204004834	-0.004824351606791205	-0.014196061396179904	-0.00923744877605126	-0.007892681091986875	0.113708408210039
-0.16363311373947476	-0.05112935108834022	-0.053940008998608846	0.050319231174013254	-0.06267585603085418	0.10559370341660985	0.1057888864177699	-0.09360961466394	0.035077794914357294	-0.06732359348065525	-0.02425417999506624	0.07482552790160968	0.013608597250108656	-0.09387316744555807	-0.018333036598608618	-0.00757554515276997	0.05898560893641361	-0.02383996867363511	-0.023374705418493548	-0.03416657802598691	0.09100234438210375	-0.04755235163186752	0.03305790160246637	-0.10639099526069222	-0.051130808492651614	0.06927317950765546	0.004439152533430534	-0.030458309441584147	-0.09206211291727152	-0.10726019843845785	0.06254720866655443	-0.08127400933734202	-0.07119096382106976	0.04425621844186059	0.06346275198313157
-0.16600755779097764	-0.06580944293878278	-0.04892048572159262	0.08282550387971394	-0.11334389977123277	0.1096441360922805	0.053871631824559174	-0.04523832415645067	0.06914996422563136	-0.07709693694791092	0.026978087880736037	0.10727379358348607	0.013384897467952073	-0.08133809828077482	-0.04442218550206578	-0.045170108373750656	0.0662900184547346	-0.014080964992812046	-0.0015942690371955892	0.02103573160052008	0.08542531947496973	-0.06758219133517038	-0.09286119968133755	0.018750232136618732	-0.08034226680248892	0.03318878070637954	-0.0015974983487835465	-0.03795149564022833	-0.052120388924944624	-0.10824037235515659	0.09491190800453668	-0.08371331023561143	-0.09269179436138412	0.09108113653934165	-1.6005692637328494e-05
-0.16674307248752876	-0.0566141489803399	-0.04495383902516028	0.1213034946518326	-0.10136312651790588	0.12734185507526505	-0.033311620860157626	-0.034120859692108235	0.04779721074386306	-0.04461205995850415	0.06942752568722935	0.07417430150286855	-0.05586985985986426	-0.08562451492918577	-0.019120827605005386	-0.07572765516044494	0.06242226449865982	-0.0384731444784015	0.04194291155990121	0.04603490223189895	0.06445144666645358	-0.037111037837234975	-0.02079100636222176	0.06325576438497083	-0.04361128925052643	0.016967362952264295	0.12805898880530608	0.032092826991906645	-0.02698053362760225	-0.045599040644797	0.05344900902344013	-0.08383970470284857	-0.005403978058094672	0.05459025919312872	-0.05554995243143812
-0.16838512126963734	-0.04572779963072087	-0.04601433826147891	0.12509263292044173	-0.060189589766755466	0.11458326101480268	-0.08303644219619927	-0.048496224046625125	-0.042688685191606346	-0.044681722428641935	0.0199055321553836	0.011798612144112548	-0.08734489927124747	-0.10776124593111489	-0.004637079692455637	-0.07249616413547799	0.07191982113152266	-0.0409218192506606	0.05472542888851575	0.07713765041032954	0.018805257570608414	-0.005799737151290799	0.07545689775449668	-0.013470369279130985	-0.029169259586153132	0.024981998975898312	0.09804805962489757	0.029469169241088125	-0.019932760418567834	-0.0065106097813954905	-0.006829216746704739	0.04173558710815012	-0.02695792077366499	0.037550805462004413	-0.09357140358526961
-0.1579265615532947	-0.044316450957335864	-0.04112243793452236	0.1213189299861658	-0.040654080108984324	0.07404177135371072	-0.047991401414090945	-0.05788497515853075	-0.08959367726303363	-0.03401529777943357	-0.02704329492432378	0.04976847745204305	0.03738962797557224	-0.050251879013355046	0.006680462679389543	0.012630608693396217	0.05057524027050444	-0.03748805061978326	-0.0506308106102451	0.02255315687022206	0.05896861824561384	0.049815921953104386	-0.007543383321102513	-0.04208183182277465	-0.0032814455110085627	0.08566717075738582	0.09613684499993223	0.03330701849030965	-0.04127656315202188	-0.013443432033073181	-0.01604686740057889	0.09199088230803182	0.02446336562979319	0.07680503110652212	-0.05494644855156158
-0.15634215614288452	-0.0479046621157977	-0.03743820763733573	0.12439424772340185	-0.050400203850803744	0.02652650379799601	-0.008681752769136936	-0.04560773415709857	-0.1305180726011711	-0.025286469701599514	-0.01689402136498186	-0.036859938462069856	0.010599094136569481	0.009570167805322483	0.038148096827712474	0.018439883948668113	0.09975065191781023	-0.029861775215967612	-0.08244510382781536	0.06267688696909073	0.07019689817889287	0.09829169217913884	0.003732898969390906	0.058131761759498905	-0.017997208139209644	0.06628674874394577	0.08567549890407299	-0.04087404468584155	0.10653579065132247	0.007664684337070876	-0.029422507754427854	0.06701685564897386	-0.05312126585526744	0.04772671382928144	-0.01629810177257652
-0.15341137004204317	-0.05917268783428977	-0.04513057919637808	0.11364369079338996	-0.0680736562256832	0.003406783341204256	0.044313499841996395	-0.041006957235581176	-0.13347272257412612	0.013875549611265608	0.0029137079941798927	-0.060320248726035586	0.03723751363141453	0.10349797855982568	0.033134941020140196	0.052840977016711824	0.11727622026827067	-0.04055278516574822	-0.14520418552874467	0.0027151285569215616	0.10025112824360805	0.08848227875172487	-0.0553587613459299	0.058355318831150714	-0.015069617286833667	0.030612994462684444	0.07782058238942761	-0.09232110360151961	0.050762409385639855	-0.0426060633756567	0.02112763734702694	-0.12128784822357949	-0.09937533176648013	0.0009670971283439189	0.04812222880306546
-0.13931640424302177	-0.048541199988437006	-0.0217473482800457	0.06086611960295484	-0.03584088871499041	0.015400148238892075	0.031033611999676483	-0.01189650088828205	-0.10526972866037698	-0.128389899623159	-0.05408379791919882	-0.18341998103907337	0.05376824149245446	-0.005635245804284664	0.07733201224348998	0.10932954813466728	0.14705411649054892	0.1612681290528796	-0.20021883478355018	0.033094469971407595	0.03266224625318874	0.03320378959473835	-0.00907298740707431	0.04926067465200923	0.1013217927190332	0.11453204224010591	-0.08037589174496954	-0.04926141217415677	-0.020494033934088905	0.04602418729591861	-0.08375402343812749	-0.15027736137036518	-0.0013340689086547286	-0.22404856266193288	-0.03565325061826688
-0.0991011884641083	-0.027218728838763147	-0.0015096625080214547	0.03586639796900863	0.03911990064273208	-0.11378818034374627	-0.018345795340605812	-0.019225789598828927	0.05492382593685883	-0.21521592439995854	0.35706399215256523	-0.2103921039901521	0.002948603940559652	0.04469260611601463	0.16083206785408594	0.03298531464681709	-0.04512026041592395	-0.0323166460198325	-0.21353720227887188	0.09189134018364553	0.015933270632423474	-0.07264236412083407	0.07834893887940517	0.0021733489722755503	0.005714424832089907	0.02499081604036557	-0.07772225764610283	0.0729048033895992	0.03609156281707432	-0.1499164488673111	0.11670432269276486	0.2218013996437474	0.15962635436521405	-0.06542846034194123	0.1477440560546252
-0.11229998506625788	-0.014927847744348178	-0.010340157766185895	0.03123760224983481	-0.07416773017927095	-0.10461432328029174	-0.013870781441881877	0.05734893333014229	0.016927823890966864	0.12874810719451218	0.07083849047426222	-0.12336628779917638	0.06182299526411572	0.10487532337189437	-0.05705050494859043	-0.1825823901110513	0.002533030543073453	0.0557326746126104	0.0724398860988541	0.002087443966564382	0.017867802226520818	0.16439138762913486	0.009305698433128104	0.010484913129336706	0.11487219238727416	-0.04059684846187118	0.04863608334341957	-0.04787445775448368	0.22312992291652484	-0.14047401333100376	0.03137056537480709	0.084415370889253	-0.07463893713983055	0.17433449528664255	0.02191115152672163
-0.10344351902872292	0.0030985884130726223	-0.02952665282534189	-0.061923326734228276	-0.06690584123100832	-0.042364156794341745	-0.06234902070391374	0.033577317575941436	-0.04897209246437834	0.17754381396365607	-0.055173540395400705	-0.09788417120400517	0.10388079077257442	0.040620119461510826	0.015774809011138785	-0.04097503012288774	-0.004177965028234969	0.12696136618782256	0.07754529344166966	-0.047301454054351655	0.0176241344587557	0.16427391203893077	0.11818455668732236	0.02530668394909573	0.15468169451352093	-0.006367136803587067	-0.034249347627554716	-0.07516450890978815	0.07386043231198977	-0.10747320316866495	-0.035065865583301103	0.06048571891761284	0.016028572364291588	0.10530134741956455	-0.037447878071669154
-0.10445868268260876	0.006748570444357918	-0.05400001033665181	-0.08649594529989162	-0.010526635046499153	0.012176394554703929	-0.10646240603206879	-0.03262254609835158	0.019247917591674542	0.12639643443711707	0.0006878033671614825	-0.04985668832112433	0.05988426343815534	0.051205824408408415	0.1267146481736196	0.06039982193092085	-0.019404233034350373	0.11471580387301536	0.04773306287887352	0.016866438670451227	0.025281069336503897	0.1847067086901494	-0.004466038548302617	-0.04245332735285722	-0.0011680208606006243	-0.061033198907718245	-0.16681384068170962	0.06034419618878065	-0.08400765124536469	-0.06067374826964463	0.055451922973917656	0.0054127282260872656	0.06757460493377224	0.05377861728391003	0.12420226482656054
-0.09099585009052535	0.022346264780215806	-0.05284793825091256	-0.16024647197837324	0.02241827342029501	0.04155819502582055	-0.09373542895371777	-0.07410040901999256	0.10987553132565334	0.15136501431512642	0.07755977866958198	-0.028843937212457316	-0.09866259538654248	-0.056563396850360374	0.08692470615049949	0.0295581373780434	-0.04813508487858016	0.16463681685198772	-0.06229596889990659	0.13001170213687316	0.10308689026383096	0.0571833977000194	-0.1159202593596019	-0.023576156090475385	0.17418143432762406	-0.14053807302571353	-0.08605525024398519	0.04656792044016382	-0.07156805728978699	-0.025898694476079412	0.053628553219916164	-0.03856865468526805	0.007252415778433802	0.002882487759134189	0.11520779439448267
-0.10357380962857671	0.03348868640271709	-0.0742718363807462	-0.24321300815353714	0.05150556165461854	0.016118217764483387	-0.008564354950561237	-0.06273325748654804	0.032768016292025436	0.04284330648530427	-0.020963677107354726	0.0254598070320024	-0.04607067762057063	-0.060387314036117246	0.09779396780235554	-0.013213019647356883	-0.14799864028163262	0.11171048025953323	0.00981441515431964	0.040567308413220225	0.037323007616872794	0.04543991267094214	-0.005199804970437059	-0.04350580518935045	0.08729269088766889	-0.005771016179007188	0.16005810019121672	0.0005231885962538041	0.09092498313427565	0.08247283608891796	-0.07495481707532332	0.015809442711494648	0.016111957236630253	0.1322243825379203	0.07129652211312056
-0.09657893759719487	0.04178519036594285	-0.07387003313090651	-0.21475026799916305	0.023252351428126577	-0.0019092295367099607	0.06534101757052037	-0.02623470891965208	0.0643712253243398	-0.04631395969495097	0.008949481010962945	0.09703887701529501	-0.058860547117338013	-0.012334613857325372	0.13508587170614642	0.023689850833593484	-0.16899854137978212	0.04622808745738215	0.02436324538761393	0.045191905955795364	0.01522857473680983	0.036160665656682744	0.05274080491616317	-0.15236560270475977	0.050225925089594434	-0.051232889376648036	0.08267709645842919	0.021500029860194406	-0.03261465824556456	-0.03532070585925029	-0.0745597243538528	-0.06951868441559171	-0.02149926445585286	0.04339568579724579	0.03378785938285864
-0.09892330977550941	0.025047690410043847	-0.05016599823869815	-0.149427286815309	-0.003239127768733826	-0.010585274399236923	0.04577271206348011	0.019489326273579893	0.09343748697629047	-0.13726660657701456	0.059192869546157996	0.09745525035109258	-0.07602715615274841	-9.303256556536521e-05	0.10042735645527079	-0.014750939421998371	-0.18876594260485127	-0.0010943603250412326	0.002939320745383677	0.09048886954988228	-0.06765542990371573	0.04029970484038724	-0.03974687019969837	-0.12315956608194198	-0.0032318314777178003	-0.03916495672207951	0.09785649561721631	-0.04082502879345465	-0.0961931201798454	-0.04769135852927419	-0.03638876197601759	-0.022097723221109145	-0.09156930641843213	-0.0162002396450946	-0.04008566300375545
-0.10055369840223784	0.020387430264816025	-0.031775907801711814	-0.08363426332668783	-0.006114855322576107	-0.050989002662413255	0.036676971519682376	0.04716813297460754	-0.02308849401160479	-0.16932183894328517	0.030024476121525468	0.08172396326406267	-0.0653762861960118	0.030938472643012083	0.0939373113836109	-0.0393825702558655	-0.13759734470635127	0.04483328714019069	-0.024082260712461438	0.12851128627201475	-0.08359688221468967	0.10572094852506031	-0.09359515569602735	-0.10963815214376801	0.025716509470133826	-0.02262260146193467	0.0969112679575497	-0.019080519986960337	0.012626136486080214	0.0555773642771389	-0.05022446422145244	0.007606778763799615	-0.09308712306715664	-0.06206813045998469	-0.12231316880508497
-0.10154954990205071	0.016000761606347728	-0.021310132353299358	-0.015744459573869236	0.00029769317708019873	-0.06637024977275673	0.032769261508907806	0.08186945250203655	-0.03523396418447359	-0.150024915124985	-0.0274514241765824	0.10008828048030227	0.02033045385999023	0.11737190135801043	0.10768000064066065	0.04614507036830007	-0.09832349203197784	0.03954639838766283	-0.10042700554222705	0.11279634712934586	-0.04490664744604787	0.06468295717362701	-0.14152897761826586	-0.0761982539331387	0.09048470667747657	-0.09917976723652033	0.007924847845292612	0.10938068664312059	0.04115170758835163	0.003133291649069392	-0.05490722368261905	-0.04371262810774022	-0.07956953985164203	-0.033443594026680276	-0.06179659405376425
-0.1018264804205907	-0.027024882631650177	0.002177916844606699	0.024188568548930534	-0.022291459906666346	-0.09241913578896592	-0.028449180333154606	0.07240091728260259	0.02926724159426827	-0.024582273159054424	0.05201850350499171	0.03088908991033443	0.030883646578560704	0.0841741047538552	0.14612796219808738	0.06053539819133291	-0.03922489369256035	-0.01208042321722591	-0.05239180554768555	0.05950714320704449	0.023502151614555433	0.04025515762609036	-0.05138278437411639	0.01459183876143932	0.011003282548049779	-0.1271906940476123	0.11280984547909063	0.09159372249256073	0.05285919032412578	0.09544044431332148	-0.04533957193099125	-0.0062232949259778125	-0.08615331740364952	0.13491102940967303	-0.09672182431669551
-0.0672983087835328	-0.03620463247956188	0.033534981026864	0.02866375259707079	-0.002011998157296903	-0.16226229437754283	-0.05627041089001867	0.05293344172140357	0.04809716818364528	-0.041223980664685585	0.07467734166677083	-0.05365227143526508	0.04852027262861078	0.11942599522797187	0.10161710503906028	0.005555435680783927	-0.017054196611541242	-0.0316411178428786	-0.10523362296706987	0.06666810915592171	0.031541235416636164	-0.04001211106279723	0.06802682062631712	0.10973775668169404	0.007861486607187246	-0.09444665496156235	0.06396475702420609	0.0026545666351670133	0.0057732742794635306	0.13329634825980943	0.007597813622413491	-0.07366039357906574	-0.027061208408868553	0.03197485685025089	0.018920694873255456
-0.081345988905681	-0.039446307029878135	0.06058384546868719	0.07676543538724065	0.018145248978995245	-0.11210756323689919	0.05735503842891563	0.03636528288516006	-0.004616146302291588	0.10318293371706978	-0.1252967406246123	-0.17900173082115348	0.07876990906883598	0.1302434649748683	0.042433353019094205	-0.06350579586106976	-0.03347966305286265	0.004041725793112627	-0.01708561032868111	0.04119682369819766	-0.09486887294437929	0.04104563163425695	0.03705126795654404	-0.022898936055219907	0.07300498593655341	-0.0929284991592884	0.04518940960386039	-0.03212575065046952	-0.03212430898214885	0.08149000359273208	0.13445801660083795	-0.19485307371171498	-0.061471868055344825	0.11177473946681707	0.1162730502506914
-0.08886490571090375	-0.0215191739497461	0.036234141658764436	0.006008543033864484	-0.007635199647069244	-0.11011536377630443	0.09308199507939628	-0.006947972913095367	0.03364011209934811	0.17948418295656024	-0.06401566308910932	-0.13228812470445067	0.04126456574482815	0.05060814435800978	0.020676157221302702	-0.025067712190151484	0.007691812752059657	0.046307935635094125	0.05893390183790083	-0.007659623160690798	-0.0728196369568003	-0.028359176401791114	0.09461594326645194	-0.08632810634548388	0.030802266640497407	0.025791602113913348	-0.005579765058752517	-0.0647064854974668	-0.04948277898365184	0.07199961624301217	0.08020694889945776	-0.17422008950885937	0.07286583965100754	0.13307001430276544	0.07973543027358049
-0.08814658011037207	-0.024790721938546565	0.022777922072246246	-0.0289035079711084	-0.038762197382082184	-0.05797873632599457	0.08668598619598918	0.04599067699780324	0.07446043587676629	0.16340387040338628	-0.04664349550821292	-0.05392984225078582	0.033701508130948465	-0.019721698426791206	0.051306536337702116	0.06305156989688437	-0.020470717141295447	5.851141746854652e-05	0.05996163592068152	-0.007504717443721387	-0.01211879816977797	-0.04528878084077054	-0.022523942290815627	-0.08052967463326957	-0.06656488394783142	0.059343557078057746	-0.09182719003351358	-0.07421710705776965	-0.0675497809532466	0.1286111303917117	0.11446515757832629	-0.058374359778095825	0.10967108398668654	0.06951326824279727	0.02833719991880887
-0.09091803041137043	-0.03297899636208472	0.012224456454962148	-0.04183450091635748	-0.07876800838537464	-0.0174589264114961	0.011803744096764143	0.10468954254570753	0.034079818294444696	0.16516102182966202	-0.055674441746173024	-0.050665296677605894	-0.030742090920685226	-0.07893500402223401	0.0410149894981475	0.13032170169514448	-0.02668441021467461	-0.038672878495207445	0.07379193043492141	0.05899432890529688	0.11246202563877203	-0.030138012488201204	-0.07224397427223445	0.049857674746724645	-0.09128364817285739	0.10984480357386081	-0.08935854485660169	-0.08356747817333943	0.04824603078542035	0.13351163289084286	0.042287431302888576	0.03475531076003948	0.14147331691439455	0.021439565330605728	-0.005081166709522649
-0.09618410357102758	-0.04972483733207026	0.012321726503126698	-0.02209104159282532	-0.042005737554978134	0.029690730401510285	-0.07104737450191129	0.08453028964402333	-0.03865471745749802	0.07066979745821587	-0.010788800707552414	-0.02669872401897307	0.002124815531425695	-0.03887230966661825	0.12046315597649726	0.16626304359853034	-0.011497138519992962	-0.04394236289395695	0.025498592018711595	0.025220737274169774	0.08793626093653441	0.08827139171855354	0.06801245165048647	0.10633015110249674	-0.05112541420439396	0.11733143688554352	0.0036299206171614014	0.012799115169273997	-0.015246909870562445	0.14256538532152063	0.02690677953636289	0.02793360190064713	0.07929723432471876	-0.030331124201898187	0.13060801852821632
-0.06158407109056314	-0.017836854050367668	0.028227163940775294	-0.009826514187735917	0.12199475284628118	0.02869280538824978	-0.08945151978325304	0.0685102492871807	-0.11768306788153671	-0.014603211372607259	0.03408900938592149	-0.05585741839531719	-0.04256199995592949	-0.029569247707505054	0.25407047418268064	0.13589500362617085	0.13239492108347156	-0.016240804513855185	-0.023434459776278498	-0.02304800877595392	-0.045264289965380664	-0.011716711621201883	0.13884869337345135	0.06738390693221148	-0.1873947236672161	-0.11090585988375568	-0.24374194045656838	-0.0928330848038669	0.009416404492076577	0.08447763862983687	-0.17418810081127317	0.13364965575256904	-0.16237664957267167	-0.010361836515340145	0.03231953207411109
-0.038397790381931744	0.02385039517721567	0.04636106892295669	0.022505677883211603	0.2196559371669137	-0.0007242740890950791	-0.018938769748171262	0.0069525766264377405	-0.04062979859297365	-0.017805820134829387	0.024872319046865668	0.04062137418237714	-0.0049792820056890315	-0.04117851348722377	0.08965199747218626	0.0007974997741043378	0.006179356437930807	-0.07536344807682469	-0.06752231816624234	-0.13406494858717066	-0.09506355898432581	0.0686481860158329	-0.10265926401104736	0.15073589973200965	-0.004739829277413215	-0.0010357523661397375	-0.046807328909882644	0.07819334911179347	0.056937942693102074	-0.004746408202881053	0.14632729932972982	0.044943600785117624	0.04405146226321037	-0.0627162452208838	0.02025563603365027
-0.050410992368913	0.004562356639468142	0.07013145972148355	0.03430008630855826	0.21150478941717324	-0.015507213701670334	0.07730140849202106	0.021062538432692565	-0.04255046072127865	-0.008458043945792398	-0.08295118506916488	0.051399082654049445	0.08661451042149702	-0.047262783826630954	0.07911743420985747	-0.06063405556443831	-0.011867779742782344	0.005053476874792354	-0.07738637327144315	-0.17085982853968612	-0.03733380182005201	0.027883192728993422	-0.052299349093415055	0.1296265856635823	0.03761004524487121	0.009409506102976655	0.0877349194100249	0.096781528286575	-0.015613006628666489	-0.026020875185754692	0.03814262550323024	0.057649636968429216	0.05178578737578628	-0.0709408075966583	-0.011785246491171006
-0.057231327690174916	-0.007575256950074355	0.0699876134355669	0.06517365161828355	0.18475883714965835	-0.06531280626599534	0.12717971507734022	0.03062082955498067	-0.036962840835697085	-0.02270881600722392	-0.047530954928099105	0.08704269580823104	0.01996233325612289	-0.02413270167842422	0.13613514707715813	-0.07817378169615709	-0.031455892591001997	-0.002012039573970125	0.003609973872771566	-0.15155717436476135	-0.03194460640912452	-0.04145239953137329	0.029312513346976724	0.058063352774953836	0.023087573692605095	0.01891794490501622	0.08594039895216642	0.12292357810985544	0.008430438935071595	-0.1528867564529181	0.013638119639386645	-0.0023294106434897776	0.017931855523687635	-0.04386108207759166	0.07510131038642519
-0.06240652452014522	-0.01558065956795241	0.07314956805754366	0.08702350049155573	0.12519606562616498	-0.0803527985041639	0.15042468691501423	0.031918305043488214	0.016326586409898012	0.03946564167311575	-0.011075916666980025	0.08268948192922396	-0.03049102317806817	-0.009599422840307164	0.14201889658904482	-0.042254488513158474	0.0012674642657427987	0.02133721866318319	0.04777246940357785	-0.1503591248979281	-0.08185311190951065	-0.027480719981710262	0.058660318155174446	-0.02077878526375277	0.009562006861039776	0.003558211406377826	-0.01857203092585931	0.11654484692922593	-0.050706673571169536	-0.15674817280873904	0.05517122316351522	0.01223248380914935	-0.026005566333688675	0.056886234682020684	0.04860927776452966
-0.06660317851544414	-0.02160054949560968	0.0677404985407874	0.09497276099221974	0.0732975493009113	-0.08713766036098355	0.12157300691133174	0.07919274064386278	0.04097849355996308	0.04385699859934345	0.031585472031324224	0.06015463869873598	-0.06439225024477362	-0.03053319538913503	0.15296890509400055	-0.02822582114559868	0.016872935366119023	0.01972010515634076	0.06520914643936197	-0.09282516814405585	-0.13940704650506364	-0.026989782630447847	-0.029746726027797026	-0.02133640007028342	-0.09515601217341768	0.025403773455432162	-0.07171974574983188	0.02935179901830183	-0.015844919781134732	-0.04785289140850448	0.11281740277961824	0.028953675937373066	-0.0015574317552525078	0.07732425648515834	0.0030131892812128615
-0.07113816779356946	-0.02770641896168529	0.059235383059634356	0.09042015440791447	0.025438367251343956	-0.07718111775275643	0.04662613205209618	0.12174021839606688	0.009982323632442548	0.12091659157271152	0.001988767225763493	0.05702923489758082	-0.07695305316317506	-0.08934503624431944	0.13591296907541517	-0.02947211757382739	0.045446893505651134	0.0776149534023184	0.08724118861308394	-0.0637765814348076	-0.08810706514375985	-0.014938213236900186	-0.08633157700765696	0.06382972968576986	-0.05877444279693434	0.002271462566173943	-0.00807808580315729	0.029572326168932114	0.07256596579900022	0.030640576396877058	0.017100182498492503	-0.009607677916224449	0.09697954553352277	0.03659475688449969	-0.10049522717100456
-0.07164698197081411	-0.013288694028808468	0.04725683706890978	0.020213680595603353	0.04813343289997011	-0.03667803033951811	-0.067037776543386	0.09256001065661426	0.021896643975535948	0.18660067779122458	0.0017660982928168914	-0.0027141095211984895	-0.019076798752819243	-0.0987234380805275	0.06666526979370489	0.02475748643670233	0.07016215937960085	0.04642146760452783	0.08708689388418808	-0.04206452555950771	-0.030872365972447767	0.017972113425846828	0.029430322830370413	0.012427693774459863	0.03515526658020489	0.03838636926342068	0.033882583218842355	0.013256082474864055	-0.04510133912139902	0.03448000554559323	-0.07450399576561527	0.0027217801255995933	-0.00705060811331619	-0.05516482137758318	-0.07921180856069016
-0.06823352359260593	-0.00754703524321398	0.042625729056031986	-0.05756476293853359	0.1320135590241524	-0.036165170178276765	-0.07172640040731772	0.05209144592041784	-0.021989964885968494	0.11410796988505911	-0.11184530706848543	-0.05371605796207891	0.02307248596499958	-0.11235632179410307	0.027158305870712385	0.013892441119638325	0.06466612508231136	-0.03442552567890256	0.07539846544390108	-0.045999370322158624	-0.015900617623090134	0.01398752433149118	-0.11211916460547226	-0.03895717202851116	-0.0667215718929221	-0.0012378131141624893	-0.07628089198970892	-0.032555777575998486	0.005937270263764977	0.08685021043616588	-0.04912906247933224	0.021812310980133347	-0.09756994093013907	-0.011654833547620445	-0.10285309063838856
-0.06302747022029023	-0.008849638946466355	0.056613628915397694	-0.06550796550558542	0.155066854274229	-0.010970345470590495	-0.006206685017030996	0.01461742250500711	0.06951214279862965	0.05003802971325473	-0.17165611304773162	-0.0803891989813536	0.09355004034334077	-0.09885659782877118	0.019149830767954516	0.02581618555717859	0.03191094836451812	-0.048367297340382774	0.052857683585464624	-0.031453219680274286	0.04504869674759328	-0.047809514059147754	-0.12841357144783144	0.03783567214239687	-0.03330417333106064	-0.009717862138192167	0.0687075522391319	-0.013242879278408552	0.019388163774998128	0.06790437279404024	-0.10839402814483602	0.012036478209939028	0.04800902717793324	-0.07952200913143065	-0.0230723755352436
-0.05956522841989014	-0.007876638547373499	0.06462973706138786	-0.039426246216012255	0.13232837442787762	-0.024983814793609463	0.048690090598399884	0.01927027547533087	0.16617845769290168	0.029109887971505582	-0.16261004447451904	-0.0758061962404235	0.05843835645354209	-0.0724383016374949	0.01363965625027679	0.06494972068427796	0.022726841529838955	-0.042144340207416336	0.06589972903221661	0.020512197373043644	0.06883309349186463	-0.06420158846073157	-0.05021809558391095	-0.022964599092499625	0.011383627233617945	0.02893493903462771	0.10801125802128461	0.03631123422749649	-0.011061940198635186	-0.025905147373392765	-0.1456758404503758	0.012695131974099286	-0.03381727671486357	-0.13434579405697378	0.05128501900243444
-0.05356772415758183	-0.011540391680016056	0.07102492914437532	-0.024843421651617195	0.07967339000682927	-0.055844026409834345	0.07753868927555005	0.05796753538888324	0.232380830991706	0.02970562892848684	-0.13706674617341125	-0.06004103573903486	0.007367131137406375	-0.057144236473494675	-0.022497314159374587	0.08120654603725386	0.04980983433099053	-0.011234964848972238	0.05912077165565634	0.03359994149826047	0.030927990943208125	-0.10086662978223568	-0.036857958410286405	-0.10594324670042556	0.025591384137752526	0.06933545904785375	0.018934238446222267	0.009923149027600268	-0.10278754094525916	-0.09416102615032408	-0.06380261435354659	0.054073665605618444	-0.11100050744414477	-0.07956048290627538	0.016773621476691328
-0.05517266946754827	-0.009100325039419238	0.059909175042101984	-0.001412705745922938	0.03814571492386829	-0.05478784457625109	0.004969157008508838	0.13728246637576202	0.2508021060409588	0.01461914602734934	-0.08174368433453548	-0.028568699506408224	-0.05366885687638679	-0.013047564288031178	-0.026091775042042478	0.07487187976146817	0.06600134826108581	-0.027415467324708686	0.022506365401605097	0.04376671173381576	0.018026954897865915	-0.09670528067908382	-0.14293884945261007	-0.006601228464692971	-0.028746352642148844	0.04157834817256925	0.020567670863399785	-0.04703648724199244	0.027207942704475782	-0.07256910010208376	-0.010338197334209497	0.054556242618737975	-0.13812679448264745	-0.04212156584865297	-0.048084169924232645
-0.05661660609220925	0.005326388788590494	0.05715061388607231	0.01733028768084603	0.049848169991242204	-0.0443519166039807	-0.10558315425861768	0.12829708362358633	0.2201001349495083	0.012350460559289901	-0.038081956999443924	-0.03573635626157383	-0.10213981950426683	0.0039109193826653175	-0.036422015773050306	0.030607250443235652	0.05740632833033439	-0.05924822094127068	0.05698573272115577	0.06049577971299715	0.01493905911648559	-0.05751330264613057	-0.0414290535936621	0.051511945133802715	0.015692981151474827	0.06468884239932549	0.134726125137421	0.04387197422057631	0.027414327031297134	-0.030154667634330272	-0.03112132008142475	0.001386044286595483	-0.0124347119364812	-0.07074003201811875	-0.014801588508718138
-0.05846376646619944	0.0378355125393289	0.030606389791690097	0.004745448051528447	0.10277377033760472	-0.05517304632003158	-0.1889226867971658	0.009860187930151858	0.15990761669926581	-0.04505574352186535	0.01866800944799243	-0.0022786113634737284	-0.1572396018657533	0.037136316214357444	-0.10686806680714332	-0.011096012671322856	0.07069148894928128	-0.05258946964977782	0.020992250772276178	0.0776803973339086	-0.006234383034526711	0.03562738192657852	0.02554922972992503	-0.05589203232394274	-0.0192351263538934	0.0706133128349988	-0.01743574458128961	-0.05610508169674856	-0.0174769871710286	-0.0313101562563782	-0.04663821786963022	-0.018973486443761713	-0.050045373474668045	-0.10740114549778482	0.054761764307780306
-0.05561305615434056	0.05128624201937103	0.020302831429281385	-0.013620982312448626	0.1324689255131268	-0.06499249243857388	-0.14758890531736418	-0.052371858310043116	0.11002103387517732	-0.07747332363495026	0.013868630184438565	0.01003799275818938	-0.1252744073218826	0.0610085760638575	-0.14938599579462258	-0.033342553039198	0.05137788209748267	-0.06613174978173442	-0.0481712942124634	0.02570370206841974	0.0285722802265738	0.09500156549877582	-0.03486331181043579	-0.061262728805583505	-0.06677580284142476	0.06503060657196638	0.01863889674543778	-0.08079586242984076	0.019317829248919845	0.05474530037966964	-0.0018247032075792424	0.028590251727328778	0.0005588919769723456	-0.03213903567045111	0.03861417694571823
-0.05065269819570339	0.0659948831093959	-0.003598805878507383	-0.027410664987542046	0.10881526975066724	-0.13274639522883236	-0.12684498101691252	-0.06328201227284111	-0.010492523480677798	-0.12368843666033337	-0.054547977620800214	0.018470430372811732	-0.1324208488986877	0.07731009959982553	-0.18546498998481398	-0.06050666989551162	0.07650837525683415	0.018715217269650364	-0.006208878278835707	0.04517309501599431	0.004879407506499386	0.10806835538117482	0.012431827091806756	-0.0479281166447343	-0.1126850462664856	0.13152646790505745	0.01831200085705672	-0.05873461954139061	0.06440521054697926	0.01945882238468661	-0.03869832217751997	0.1080319717287831	-0.01920528266956925	0.06147301152634863	0.10879302433930935
-0.05253200574793643	0.052681144418019674	0.0053162083516648685	-0.0335427893542068	0.11893206582392939	-0.1559129495179089	-0.1033831384627051	-0.028931489613212028	-0.07029646955028777	-0.0945488388116679	-0.05262256574701425	0.07342691188113562	-0.0025870060782126657	0.1320306468300115	-0.1356364863350488	-0.035531766446637976	0.10059281971261097	0.034617656955724094	-0.06931985389803448	-0.055124015766116786	0.017504439259347943	0.09690749770917015	0.009633139040618032	-0.019308186699092428	-0.07071097668933442	0.051371920589504134	-0.005905829109370864	-0.0026495244579939443	-0.07741521482998884	-0.02290713243898198	-0.04844624925162998	-0.013396446655790283	0.08287136539747397	0.07820365368093607	0.04309844854188824
-0.045838115171439556	0.06220660075823959	0.008557900490503064	-0.011717439254414458	0.12102291084680689	-0.1364092936795816	-0.09356697739885386	-0.03236545932804468	-0.004133534787775185	-0.03776062548197867	-0.03169369161142983	0.08518570067534631	0.03105828361915445	0.1606914497670584	-0.13237596033485924	0.02230587208075685	0.048937682565058205	0.0151506959295444	-0.06611681315089546	0.011252844395274655	0.028391587709074545	0.03648945514832708	-0.006856046620968531	-0.004893543200114807	-0.04654156248844199	0.055912098601595905	-0.10894033393663717	0.03391341384679775	-0.12661383514661848	-0.01650558855482303	0.0220154902151629	-0.10211692816934734	0.13442540775573925	0.017314016689434917	0.03788021135798328
-0.04931016189185562	0.06030519540668664	0.0034433265568432946	-0.04218267751458862	0.11090319612794214	-0.16717346444720566	-0.08440503371396849	-0.08242246811520915	-0.014952878493925193	0.0285672876299753	0.03513930263592523	0.13548753169236896	-0.02474623915085674	0.08371416803104936	-0.13007742102270922	-0.008875432692798028	0.013321420356423922	0.0057640401569870854	-0.012648092668422494	0.04974220953387684	0.08428739045447095	-0.03567620756302698	-0.02478663719455982	0.019334616606776947	0.055272556059405537	0.00020531974944665646	-0.09561684404784963	0.03447848778133414	-0.0016681332253455257	0.014848855606660424	0.0896243120182442	-0.09482838145409717	0.04650523525586519	0.029270350652293636	-0.09706547562327733
-0.05161316098794902	0.05387498103655996	0.00232316283350613	-0.09375208715103577	0.11928919546366379	-0.13835028873954497	-0.01667066606143528	-0.08688126498413849	0.024260305548186634	-0.01728514475252624	0.05462051340786462	0.13773993471709278	-0.06837647892543172	0.01010814160460687	-0.0916196721539624	-0.002773876868669125	0.011925604363293284	-0.09134281416723623	0.017004577085858258	0.0053987810084031185	0.06968044717439602	-0.02683986735992287	0.06549873067719536	0.07725808883237015	0.08164832282780073	-0.009846660717072301	-0.028120506020792174	0.06800343313634229	0.10251962933470295	0.0246990993479506	0.009012936791904146	-0.10598285299285755	0.1146605266483482	0.043776839159477374	-0.03951255505367664
-0.05542582300273166	0.04860614447174891	-0.009321311509545977	-0.1312726717121129	0.0729031910328519	-0.1475729251727267	0.050035701883047366	-0.040614272945977165	0.005108558056138598	-0.07375362812925622	0.006233616673163198	0.12824899823096925	-0.0972462422849688	-0.017878819541817588	-0.07733474132932942	-0.010098725354377083	0.06552922497853336	-0.06042268933852851	0.02109652898144044	-0.033454625255820825	0.01515663956055845	0.07440243374509771	0.13812674552191673	-0.042190670690043605	0.018456457214938625	0.046288518699903	-0.03351731830576325	-0.005315152623561787	-0.00014714432013595777	0.052534845914065084	0.012333573516325008	-0.029312998650772554	0.1283063058083993	0.04331720194405564	-0.08417155486099945
-0.052626327857396724	0.04072365410266976	-0.012304892712435433	-0.14006291942744323	0.019866890291241272	-0.12741379974919623	0.013943302737814429	0.0909005958408275	0.0007952757694184928	-0.15155903453483668	-0.07655552013868001	0.15237461475133857	0.041357179840380384	0.01358923620376453	-0.10460357775133212	0.04725015805947871	0.08630073262386442	0.001056251293439829	-0.08055695846681446	-0.05229598317470487	0.053258340895694825	0.044836084249651235	-0.04471020468888981	0.057003312027941344	0.08599590527904133	0.014970685226200028	-0.1234158313861545	0.02157427732125696	0.03161319104006441	-0.010445909853289567	0.06520608499770573	-0.11054640513904707	0.10631058097498709	-0.012196345467653476	-0.06900178810850083
-0.03436600746784035	0.003768522955784492	0.03340283520144382	-0.10192676582828489	0.011235863518393759	-0.06142554070312667	-0.06101401352959703	0.147040211917571	0.07724931460390236	-0.060178330630853254	-0.014739803209655325	0.053223523971999594	0.12193306020683327	-0.04328472572706134	-0.01879314478179968	-0.05310594705354226	0.15781541381283296	-0.19932775281499865	-0.06966499721231349	0.11959416225218769	0.056302564867150254	-0.21418682094983865	0.3078378887201879	0.1965809214124025	-0.06835090344058285	-0.35133332500986136	-0.04668366901317819	-0.0166152867085015	-0.04496784387855987	0.13939376736221298	0.040774040008243376	0.14984563671449577	-0.19323519957848956	0.16067589590182332	-0.08925054524484141
0.00517624348875279	0.10544267993131252	0.04394646349303724	0.012186168378720295	0.023945694648215016	0.0329291267463283	0.04745281055212506	0.16998913479122696	-0.0051243393929230625	0.022994938244272047	0.005711797514471816	-0.038630181243250496	0.10602914479408489	-0.00030458140020760713	-0.09540506367655319	-0.06013102669295015	-0.002953623274962819	-0.15574136387463877	-0.1640878401950832	0.20848499323878586	-0.04881539131700672	-0.19251998823997377	0.1024399616976546	-0.12327288125630717	-0.014568283143339009	-0.12812264690183647	0.1435105032687074	-0.12985924415959843	0.014198430250332059	0.04136061493209565	0.15618428330172454	-0.06992051134950292	0.11198976758520393	-0.08829655841074698	0.09348328962805956
0.013792197629581508	0.05818858412061154	0.05350559146331127	-0.026117733678186015	-0.016352138883610885	-0.0006875852154337635	0.09311503043255846	0.11393213052206082	-0.09837087674864232	0.08983100482234074	0.09405096826018	-0.0034840879384436378	0.016348145500702804	-0.04996052577901163	-0.06051167477568508	-0.1287512246608207	0.061740364744861026	-0.1275614492915519	-0.15505423977391017	0.08306362974261179	-0.06819892715071274	-0.05628583894776142	-0.022928336782754535	-0.11235984545435486	0.05019401775798202	-0.04651694345014033	0.08889310720468342	-0.1428512758825708	-0.051072000142181724	0.0647055646662886	0.016406879978356187	-0.07175944160581368	0.06001529993702741	-0.06798142764624437	0.02832126079335302
0.013180623977739574	0.03137415404812481	0.05672014027963496	-0.07236830933739964	-0.049685529848865574	0.09023199282901742	0.06110109365492826	0.18147878239164356	-0.09224708236039289	-0.0034724964026584476	0.020296214461806163	-0.019901248757635413	0.03292742115138241	-0.029363646575560436	-0.015092453549789844	-0.18444242012447795	-0.005829895916705484	-0.0959785029576466	-0.10625171501707313	0.034478050125573145	0.005540101417640679	0.037389647693666234	-0.055325771621447514	-0.02314802021009986	-0.013109519857406264	-0.01752400582705303	-0.04416217976977018	-0.034621238003644056	0.041575876131579446	-0.024937191662933563	-0.05195334609240468	-0.12746371422242445	0.08693610120593828	-0.0038955570517624077	0.05094500857697683
0.009105731049019463	0.02697935445470509	0.07932453732144966	-0.0184082505089845	-0.03363922225047288	0.12852768639368697	0.020582807565870092	0.16175282463569313	-0.04121523952197658	-0.04315797199287706	-0.040891384802836314	0.037082009418229984	0.036558607743532354	0.03934043479521466	0.010853467893556835	-0.1859553065836887	-0.08417706740941405	-0.04447275923381228	-0.09483982151180166	0.024867552970926896	0.0428429085786526	0.025405683859908063	-0.04850944896268732	-0.040732733044421585	0.015278913314401836	0.004856061650984969	-0.09146296842013596	0.06617027341421511	0.05016317403745933	-0.04244097231319571	0.0020467150091894853	-0.05998083598591574	0.029724212403063416	0.051449917831867635	0.0535615425942262
0.006894995323086696	0.025890395565777866	0.08237090844361282	0.027910562345293002	-0.020519172494801362	0.1226108239913239	-0.03219216949924006	0.12484774871332924	-0.04920191988783961	0.05385467086872657	-0.009331856385920342	0.06771858543954287	-0.010986589194245696	0.05719729409121361	0.03341338254577217	-0.16563396547223858	-0.09762845962284776	0.04026892898244326	-0.07937552920604728	0.045650017510826715	0.039461830650801444	-0.04498037503697784	0.07924127695521296	-0.0676143302085471	0.09848026145950671	0.0847936907338003	-0.02981357352848241	0.0661406951944109	-0.031134177714742015	-0.011370825428762589	-0.07299681772628151	0.017223461396718657	0.016544628664897122	0.09219997014889991	0.0029510208245042413
0.0046323057257320974	0.0782908435558366	0.058061883071692195	0.018819489088663252	0.052640535993678905	0.10686964650401876	-0.06254653081171523	0.06238402655763312	-0.06022962019822297	0.07166899302851228	0.012511332727865447	-0.010478646815147924	-0.03604136864846018	0.04336474243690248	0.031111371912277735	-0.07403765330485625	-0.05478185915487831	0.00953162875277327	-0.06580077904148024	0.06454355237390941	-0.017296627109562347	-0.11456035198700665	0.05073079412335235	-0.08192706368467152	-0.0045741067084861045	0.12814765292188135	-0.17586167964849392	-0.12279141139247456	-0.06763331276397408	-0.0903252581681519	-0.09474110394100713	-0.0038302421721331456	-0.05005403904571496	0.12748379922969544	0.04000879822844407
0.019598176984394287	0.07524122906995523	0.04017710577425712	0.018032469448656156	0.07544822584342603	0.06709121006082615	0.0025096075040817144	-0.017978395368968187	-0.03352442892568109	0.1304770682714656	-0.002479648224036973	-0.007260712195051734	0.05131191957910185	0.04896489537816267	-0.037073889116263255	-0.03403892746184991	-0.14133451586482124	-0.07539510224989107	-0.10847698530528219	0.0021703603742242866	-0.043819463459475766	-0.005814922872130961	-0.09067864434199921	0.006744150838172239	0.07247221911539801	0.14498081155907228	-0.10259708520393351	-0.06892851448679632	0.04197637398247339	-0.01325657151642333	0.014311755195332091	0.08366167107790068	-0.08152332843771762	0.0765515892727949	-0.02649760506630837
0.01258452639069342	0.06406010947929407	0.06327616275188878	-0.009017478201753968	0.04750193761154319	0.03479956997656175	0.09780115599446935	-0.02919831248384587	-0.0441978593896675	0.09801240260570057	0.021222485134529984	-0.015792454577329054	0.04156150467366689	0.06189303540823334	-0.014768234089645881	-0.02722285200029535	-0.1331690561213486	-0.1259435101028512	-0.02357272847164883	0.03317794317824195	0.04507929446469916	-0.027770704576957607	0.044608369745962356	0.1071270096545743	0.08810910535114053	0.12030749260504767	-0.08465815560619205	0.013787777026986234	0.04554646047886508	-0.027963281939630047	-0.11441809121675	-0.01974158411320788	-0.045003039150038164	0.08447955174385255	-0.10690786338065324
0.013080249041016179	0.0327771261296851	0.0704358856950974	0.004028946114922733	-0.0313421946574238	0.052034825904902764	0.11626597228254044	0.06898019202004897	0.03083986673207041	0.020903613601800607	0.03269599486486089	0.023218944600426384	-0.002901152898336445	0.07123710539361006	0.022170541453972282	-0.032418241150785725	-0.07798204132602973	-0.08928698313772179	-0.024472561472789582	0.0064022381148051526	0.0046035411835039924	0.018350821381791678	-0.024093630692603785	0.0641532831259947	-0.04762608250364021	0.11518542326196897	-0.18415040562107104	0.001795349651715017	-0.09777480708787448	-0.0742493699744891	-0.08635729292243804	-0.00024840223380169415	-0.06244430708059684	0.09122981391772067	-0.15341689041059803
0.015287810331914913	0.028089671169531504	0.08794305796844683	0.0575939708245353	-0.02375827721563389	0.09409238421368861	-0.06368597698974533	0.08577827972351805	0.019630772906116617	0.014695913107470994	0.020581853043836373	0.0014936554355286149	-0.05057074345069675	0.06903608988241527	0.03199447899650283	-0.10078870508566316	-0.08217513278609423	-0.06663409536012388	0.034441613247528306	0.03488293589403982	-0.016769188693239838	0.05227351166564173	0.005388978957219227	0.12817600488510789	0.033369174095017176	0.033754152915612845	-0.02644004441636905	0.06238550278659359	-0.14072277989390708	-0.05041723110490465	-0.06863396906827249	-0.05091088081841876	-0.020494936223459843	-0.07734677160829719	-0.06139576550008036
0.007684546094614395	0.027760929157343135	0.09686761194763552	0.042379692366456834	0.05264157393726475	0.0737983876062221	-0.001222872757308419	-0.05179387026307151	0.003467438303767715	0.045388588865012784	0.012496960206022057	-0.03235693183950153	-0.09780740110279429	0.04315414546425122	0.02328718553235672	-0.16593334009397356	-0.10908796802948273	-0.05055316787377325	0.017846748149363153	0.015695158246296744	0.0563937220564379	0.003269882594961117	-0.0766996885095653	0.15952073558908025	0.005836258969304897	-0.004268503453447654	-0.021173231563655866	-0.13435043325527699	-0.11553342552588998	0.0010870271968109815	0.06012802109220744	0.06534178321917931	-0.009881691374990103	-0.12499043337754703	0.0015639619460140475
0.004940465029926783	0.024782951665247164	0.09600005661895882	0.01612214742735464	0.02291792963196997	0.042834662263442604	0.09404446762289793	-0.04006387102585404	-0.0007165981999652562	-0.02116015474429562	0.012199023340298563	-0.03652567789033204	-0.13123843303250463	-0.0012096488542100731	0.013437470104191726	-0.10848229355242107	0.002744361710544574	-0.04817304227046653	0.02319962055786431	0.0046947609398154035	0.046075492747771035	0.05138780838120051	0.06768564027976096	0.07210193200981185	0.0124333032744278	0.043915014912359766	-0.0360566299772523	-0.04311083478846359	-0.13172441228357407	0.02251039368804738	0.00554895818248953	0.09333291992355455	0.05856620420388188	-0.031179072375756928	0.03913102344651981
0.0016805993452578003	0.010401442512023639	0.09169540198034916	0.027387356450330944	-0.0478154759036257	0.028168086412809074	0.0839095942574071	0.06683688411718527	-0.03410826370508234	-0.053686017278685216	-0.037324245473028234	-0.01841188852395518	-0.1337270829640906	0.036274563239309235	0.014958181154221206	-0.1461240191287305	0.004564844344884692	-0.007830856022480714	0.0016531956451227986	0.015721295302138193	0.004792561410741936	0.06294210538940975	-0.0240290424611507	0.06908230564054113	-0.05497450165494882	0.035249950157505754	-0.01042821824412598	-0.12935045360000375	-0.11941391556844219	0.027523667001682368	0.07770880081532566	0.08656731930295491	0.027225091827329465	-0.035405665538175146	-0.0069552368457267075
-0.01373198870765035	0.034564723879694205	0.0818981737728504	0.03579811948235457	-0.04062209784568423	-0.010517431958841602	-0.032050828416107825	0.10579720080629916	-0.09366194191747836	-0.07827570626293104	-0.1390531893905634	-0.038955877470992675	-0.16877641320786227	-0.00040973441770949804	-0.005834716862981055	-0.20129438299879784	0.02006170764054826	0.11697544478493607	0.10399533418651857	0.061066415955247214	0.018266267255661463	-0.02940799601857246	0.06204256423101502	0.13034834938684425	0.015272644316766903	0.027259682914831468	0.070670366529691	-0.04674453045464093	0.07552329778025602	-0.05242521287943412	0.1328260318957238	0.017308895693166584	0.12691247318907942	-0.04992338417181827	-0.00856600724009405
-0.01402356993451773	0.06125443952872353	0.0781515299354735	0.01721893582640992	-0.01992150945699254	-0.001179098384933423	-0.05979984882134449	0.06173492319696747	-0.0753258751154872	0.043140442807234766	-0.11290810380035192	0.0746130169236893	0.019432982672252592	0.0966114102350657	-0.04962959007584742	-0.11414928048739022	0.00584783365888643	0.11691027658226284	0.009749102528077369	-0.045011534675810455	0.07800797291698959	-0.081468282473262	0.11676792899117515	0.019320193460159094	0.04019043035970448	0.022023326650385006	0.05415664139702316	-0.04326042504236679	-0.22900942781540007	-0.06188566081982702	0.09229894561633986	0.08117493931811644	0.08234868979668084	-0.018542994270786983	-0.07616595318195567
0.03847352235831135	0.14040925698758497	0.008914758786992757	0.0750434849529408	0.11116871725301636	0.09401335662426971	-0.020457240708470416	0.0903246911684554	-0.1351709064642819	-0.050929428835312034	0.04363551374717153	-0.12645247308570212	-0.11218071838187203	-0.01025225883889069	0.016116276612749704	0.02546441620872613	0.0634683359472415	0.18795229373532832	0.04575066942372081	0.12548866650701618	0.07394258891107183	-0.17559994534259943	0.08758977102592756	-0.06930975507944889	-0.15126173725999378	-0.05273426048901997	-0.07747949413827761	0.09371628849987718	0.09693778405603387	-0.09020378060541048	-0.2051668336956769	-0.30432766126925137	0.08909921038776059	0.036709543099367754	-0.19074167975017262
0.027197591905889097	0.16070533741557166	0.0002724513621201562	0.060303201442862685	0.0756175967472993	0.029320283284206203	-0.02227385211082732	-0.015732909101266835	-0.06704279086498134	0.014166170793303656	0.16433090925235172	0.06073085299076408	0.021039847173389144	0.07133511478356169	-0.028049976532125962	0.11363820256554075	0.01588178838210917	0.11115101596352439	0.01980316186114884	-0.06610164557194582	0.027097538349471685	0.05338238473632263	0.011250925659012898	-0.05537129263978037	-0.16648512617672004	-0.024929769184187163	0.07914970783436631	-0.01888941016900035	-0.05338496995663683	-0.08401271541725248	0.06123989268286993	-0.018023077417586103	-0.04316895238376461	-0.028947048061209645	0.033464197335488215
0.04129272700892388	0.13229421527785987	0.017295935046672838	0.052826764649346145	0.09348665112094953	0.06551336086553901	0.010548806499735922	-0.03609163767486677	-0.028662649261586688	0.05937341938356683	0.11573712765355548	-0.031066255814069816	0.04186551722205386	0.001979184112465446	-0.053519092456940184	0.08087837014852653	0.03883237870654071	0.05267286175256718	-0.0597817141355688	-0.01987812764197437	0.013807901269403455	0.06162593001574197	-0.10393907776592426	0.029551407883207665	-0.01742386613733115	-0.14057958700408224	-0.03722789878613735	0.018687037797076356	0.00967981392590684	-0.06390548252102787	-0.025207789008989095	-0.0206689677529864	-0.022183446738089033	0.0021440338047709964	0.018052656156687656
0.05132639989430165	0.11396099169456232	-0.0022897281356473787	0.025447416532000847	0.05387335446186565	0.09105351652764473	0.11359072659660081	0.0072168703236941915	0.09899565581675243	0.016873264615892128	0.07093662844501968	-0.09520916327642515	-0.0431702957053452	-0.0647146613998594	-0.08469910483171397	0.058535675573306765	0.07409714197920637	0.012687622525364005	-0.08492715353034187	-0.11366528337679432	0.0073071064232195105	0.11281218331193303	0.04992371194429568	-0.03184209251134401	0.019709347980076106	-0.1170418553965007	0.012322504601537939	0.09608403018091996	-0.022436046260309504	-0.1303742791823248	-0.07418176978178838	0.0019063594497654413	0.02828612960809985	0.10225025266424922	0.08131604826930326
0.05401445581238268	0.09135675085613507	-0.028214573067972655	0.0005664634427291502	-0.004641368668324687	0.09884698224822154	0.014156718556463247	0.13650075585999738	0.12404738305899116	0.024621600088371613	0.08837480020597745	-0.06237787739131127	-0.05980736050130417	-0.0742098107376261	-0.089417432852457	0.07920437747130415	0.07887924773702885	0.029802300492577524	-0.12267656196729987	-0.18580433947570982	-0.01882766553117928	0.10331661314957093	-0.062037272293940376	0.020606274575923685	-0.03358469282972208	-0.0755662814576541	0.12465180203781079	0.005601536471467678	0.047338685164133684	-0.11244463621048097	-0.08017567902153351	0.019357599298679414	0.04748665972473728	0.14019162141249936	-0.024792890710601877
0.0536058156363816	0.10128382880052479	-0.02491781758958796	-0.004520126421285918	0.05450202549816822	0.14342694131375466	-0.09511847885107684	0.09528222528517818	0.0714833310774201	-0.018215964068165072	0.0077958465406302874	-0.11370384746029345	-0.052028047518054295	-0.09024114498683371	-0.0562370888601094	0.06494314585833517	0.0408515367580551	-0.023175044290944417	-0.0015832316176405993	-0.07786626579716388	-0.11245792528081013	0.14179056713010152	0.05721523360186198	-0.08101932331070673	-0.01633569893359993	-0.056482891447741164	0.11535185597282868	-0.02010284853884693	0.01683867514321556	-0.1296810849706104	-0.046912872549819754	0.008132931559007357	-0.05278996932301027	0.13843710411814902	0.002398396980826119
0.041204526216098554	0.12934505781775796	-0.0004052031934416521	0.023219786484099794	0.11235924525423185	0.1300735189809381	-0.05023891148530346	0.010625442508588418	0.022918974859945065	-0.08656868104780759	-0.08882890972709769	-0.15048656740807032	-0.007627953894877614	-0.06688383647267591	-0.0664353139741693	0.03317940676183262	-0.0027094568554236753	0.11683533446101614	0.02466835531492259	-0.00887820595990124	-0.13899858963738296	0.0695656423933982	-0.009070512569828788	-0.05389705377776782	-0.060617879219787195	-0.01292561521234106	0.12936074570236303	-0.08269468369793455	0.14647537966150187	0.010392583728341814	0.1532373585893825	0.04355379016911308	-0.0069606258369365945	0.1174894698780596	-0.07193404232588446
0.034839458631471185	0.14477313962762042	-0.0022449188805296395	0.03890451787084614	0.1183157044548446	0.04387904783455655	0.04948111072824463	-0.03411926925468779	-0.05341726684648501	-0.02743579919931324	-0.044385638324826955	-0.0481361509886644	0.06792567063037765	-0.015880543745474922	-0.08138402823265321	0.06547581091092997	-0.04479737558252335	0.20011971615901383	0.006954139047347492	0.028812285175055706	-0.018634918677134543	-0.04105863359964837	0.04598483521288786	0.023368231449681386	-0.05092521696795623	0.019831107941949012	0.13506728821951008	-0.101331183765831	0.12083550980609602	0.06093468552283204	0.09581259557573482	0.03426137559721623	-0.04679817099514265	0.11392959027716312	-0.16303366623321866
0.03097986410140024	0.13365137917200207	0.016597620578139998	0.026078867334061763	0.07963346100726976	0.03129231183725943	0.11385029473166969	-0.028022944056306894	-0.036552064640390056	0.04439056282729345	0.02416142784202686	-0.034939053807530034	0.11481743756142916	0.05540039906571468	-0.06770100892865177	0.09902123790523674	-0.04467422048594293	0.0636002087731839	0.01748591357196947	0.027631696466690454	0.07896518719304416	-0.05674782087909278	0.1142671803252435	0.0837024500495671	-0.021024330034302166	-0.05704041606410431	0.08383562321266645	0.05996890915742181	0.04062668124917397	0.05315401983174097	0.0228614703642318	0.014161868643739639	-0.07668343540560488	0.021940014070675078	-0.14134169574308691
0.019839383696380768	0.13176495433764054	0.012730652399869636	0.038688574065806405	0.05330558179102556	0.042428875661179276	0.13569050559224194	-0.021029993934651083	-0.002417437239536708	0.01903254721979763	-0.027145649468279028	-0.0460663522426801	0.06853574206688567	0.08218085703097865	-0.03847030237485258	0.09017379451997566	-0.02833917376145676	0.08604807035331064	0.06378401635229984	0.03825338835174845	0.0373521835090936	0.0190486447957395	0.10002461574092437	0.043581206353801534	-0.03876408178294727	0.048037394576516575	0.01869366553450868	0.12451173316338096	0.031847325833928575	0.045609242539686526	0.05441293275154482	-0.052254371866189	-0.04098473206596541	-0.11966475381922109	-0.0515759885123484
0.026710463459558558	0.11973732203267741	0.01484298612116168	0.04244154649360873	0.020003065453787765	0.0005775534838444753	0.1232564886547612	-0.06167575689282498	-0.004572076347273396	0.04417706734395709	0.08103780143812345	-0.04911946389304924	0.036452243041837765	0.1404541012100583	-0.03792193230350561	0.07979924252180033	0.0050471221457112775	0.057094803097136236	0.034628918110440346	0.052731323851622186	0.023121121650885403	0.0197183057534394	0.09326801833716435	0.08104147641405547	-0.0645659445281386	0.030145515366174568	0.08026406369099598	0.08894402225694183	-0.026700995408161288	0.10258466137441719	0.06819137368481959	-0.03519094994743203	-0.10420798011638455	-0.07120822795472279	-0.018834666714758995
0.03447394793168547	0.10956727083908965	0.0043085994073434174	0.014217086402688157	-0.049380115301819696	0.0005243749420578147	0.14296874785699992	-0.004397257244434689	-0.0008590448081721191	0.06339252586069569	0.11877191055284299	0.0010590332964115334	0.00298115111359602	0.0840406527140148	-0.02450458359665956	0.06471647294211394	0.07047710658616121	0.040568193965187516	-0.005894542472554311	-2.992435487775974e-05	-0.02381783319726057	0.03545506991815045	-0.02870127356041565	0.019260062730013048	-0.06077166326095104	0.035422468452267125	-0.04856121333008978	0.10529745161714242	-0.07338085953172706	0.06132394770738168	0.0684876983488294	-0.05702107250071807	-0.03484266720592172	0.009476688795738184	-0.07672548189925515
0.03323248032060857	0.10031407163942073	0.001023355557803298	-0.013558123582500838	-0.08545425286180632	0.07624271786177697	-0.01400497203937159	0.0808051111044673	0.03894043098233256	0.06596890289195498	0.08813569448223091	0.008711090884794643	-0.05902666173409899	0.05513417880105182	-0.015255648702620804	0.02078312814740763	0.04204019174739508	0.019662821461236157	0.016139257791340615	-0.039810040092030236	0.043886472042628175	0.041106865027719465	-0.05695441115867836	0.08322983345951149	0.020140147982530623	0.012640703623309612	0.08532730037083974	0.10109863646723732	-0.03475220936285237	0.05502784915790053	0.005467250295055454	-0.08075320402411165	0.07894100725926663	-0.07883981051045302	-0.018126084566321643
0.03226229992279543	0.09058643288578477	0.009840343723660406	-0.03563526699232692	-0.014355769741073651	0.08222513906852594	-0.08296677201882	-0.019611998575470267	-0.04379263592971363	0.05545161023762806	0.0470519336047625	0.010832709437426575	-0.1139714697008942	0.04432974172671068	0.038759111250094756	-0.003959977677578891	-0.0019341642726147697	-0.02030715840831529	0.031899933032746235	-0.03159833788784441	0.059771233933264695	0.03986863322855157	-0.037788646855462536	-0.05548257012374153	-0.015636190187159726	-0.01754705044012467	0.008156998902262874	-0.02533068122640464	-0.1147345731549006	0.0066726985091710295	0.049586120638456965	0.05928383183464314	-0.10263986706270808	-0.07838042909039042	0.0866280574306491
0.032705405040776535	0.09654868138436071	0.009897472742000857	-0.055062829515220964	0.02874395234908113	0.06798984147315038	0.025812464152999526	-0.06915589598194284	-0.0887488773616596	0.003754031721270639	-0.015002333683328194	-0.027849129827595197	-0.10396137318880772	-0.011592592294046453	0.04172861273414451	-0.0015141709764896945	-0.026919523503292606	-0.05478306300125412	0.07379564396417133	-0.02129608983254208	0.08625264155895783	0.007265580341724927	-0.06371800085240141	0.046393825314150455	-0.03568368758113198	-0.05607818779816445	0.08251244825351337	-0.06241065622261488	0.03436381733559042	0.003013876228014988	0.024326840567137076	0.05445405321899682	0.100072005860883	-0.01887798225645508	0.07809497223655988
0.035161785693476354	0.0930541105583153	0.018020120591169808	-0.03877806960702552	-0.019258689551132177	0.04771436519636103	0.10972425816117332	-0.02081205352740657	-0.03291372568150406	-0.049289665517004345	-0.025449622880167753	-0.037448592147995036	-0.04230079211887394	-0.034445273745076575	-0.004648592012683315	0.04058629846783387	0.04692700173953847	-0.006140435149045598	0.06313655152049855	0.034549705037042494	0.03745008235712937	0.09602131894521485	0.020077785911260023	-0.06114171068663794	-0.017887638797834025	-0.02010209045471708	-0.007406312105496877	0.01179351201787519	-0.061412685837386315	0.04257886571225748	0.016963714685991296	0.0512467103828339	0.036372342414407365	-0.04702009474324927	-0.0012483806161945193
0.03659537161046308	0.09172747728534192	0.014120561376436625	-0.021589410078428406	-0.07536183300701567	0.054656389599594006	0.06226852406205172	0.09607129641468426	-0.036630910785442866	-0.051274467486901905	-0.05378167196052376	0.029666995494815118	0.05052235949787705	0.02299485895276666	-0.03459263381334694	0.10781882232673654	0.05132740827597568	0.0163180606245739	0.0008951676358756877	0.05910621072179905	0.08403483199989237	0.015091746285218994	-0.12919041077660173	-0.01660789344029859	0.03805835721972601	-0.03371612420236018	-0.0777413508045846	0.0719696683314522	0.07317810098288528	-0.06082105477157837	0.03660597263138906	0.09046344395300814	-0.0021862655246168983	-0.046481842027689894	0.02642638168166682
0.03108419419777279	0.0873622717908078	0.03869370293663364	0.0470619490531076	-0.02936728007471713	0.09045243673006385	-0.03897840707541155	0.0843976667549957	-0.013324300976771767	-0.01210806013939969	-0.0335976437122488	0.04654359307327614	0.07765458640667512	0.03701257182629161	0.009668782583394974	0.11657445016089182	0.026025174688259267	-0.0036391073620707787	0.051741496961752224	0.10080257613585615	0.013543547828029877	-0.012274173054878993	0.020562262283315164	-0.032938085262798095	0.044011906994775626	-0.000901843219811814	-0.0037059678352051734	0.12547261190861042	0.06303393587455267	-0.05674995974289192	0.03650774296367336	0.13649708618601203	0.05953860765315848	-0.08082976041173254	0.07310485038112258
0.031693586280200164	0.09490089053107183	0.04712535029796627	0.06585343708504492	0.037871546776338465	0.048909626294215365	-0.03120270444281261	-0.04430682379171122	-0.02159502614276413	0.07903653898185532	0.05015819128895217	0.0739970539898562	0.05671194301953194	-0.002306309316612827	-0.011351784588782766	0.09570074242000386	0.01751990353543141	0.0035472992284194677	0.022293824880441602	0.08682155510505413	0.011522625482249978	-0.06053335253546943	-0.040119128171117555	-0.11699298078971762	0.04663793146625464	-0.05505487569087408	-0.05141849263523425	-0.052532490098250034	0.0775712198401805	-0.021595591946438876	0.10780470053882389	0.13408457454564826	-0.05674221864501855	-0.11937628979657339	0.07971079422733458
0.028353343145103096	0.09404602348143751	0.03388238145773204	-0.008835753390061166	0.029604991791215524	0.016011906057173723	0.08114775408004972	-0.05307579997935962	-0.026596928076293463	0.10380911687115311	0.12280596321127796	0.08265887536898053	0.022990551270917245	-0.052607948657327916	-0.024489098759359215	0.07955987010487182	0.017322950619000542	-0.05698764073504672	0.02424284273963557	0.05281490102819863	0.08619630996357756	-0.03248882259144019	0.06539429069423736	-0.06298654437453179	0.1104416616945433	0.01973848367460484	-0.038279252955447	0.008748087672249008	0.18410828067347346	0.03130495440621025	0.0081930041223155	0.08401837318501836	0.011066557929766303	-0.09066423571721051	0.10911306643786245
0.02822610938003538	0.07257073385886728	0.025087498396481108	-0.04588531888018368	-0.04137447942291519	0.012733429849633982	0.11610364694968688	0.00837878515443243	-0.029324661977631995	0.00685880150836788	0.08668596486906209	0.03075524305701019	0.0058813711653321775	-0.030235442222273694	0.025073675686413565	0.03713553991921351	0.01728175976434511	-0.07708216895982135	0.09024105225826617	0.005525378845481384	0.024266730176964624	0.06998707530122844	0.032083896851773895	-0.05305939822783826	-0.09495910015660583	0.06668115814460314	-0.09540508924130398	0.009430054940047113	-0.007585857512572728	-0.0018521467371591686	0.020366419119890407	0.05787621068084384	0.012660657081341578	-0.03654963478003959	0.050061507137356034
0.03383413771929994	0.04855809948292655	0.04503427339329815	-0.0058302293939027725	-0.105069332835005	0.050812119771042524	0.026212360822287246	0.06974071630240576	0.01967958814064055	-0.02783131957780854	0.03660175016666788	0.0058176032494916706	-0.006764631428543834	0.02405583878258057	-0.009674299816598824	-0.04874163381101916	0.009699953398460703	-0.025343140314306727	0.03985258351340497	0.012538811914216855	0.04378393415313321	0.09694824539369536	-0.1291545622379305	0.0649301305668097	-0.028494592461857315	-0.014486477783240193	-0.06194095412830579	0.05976657374000709	0.006412498758165911	0.047939547708139886	0.0028634458395696283	-0.019833353399299057	-0.02037696552830398	-0.06700659829925472	0.009814683011943782
0.029080766170461285	0.045784421230764816	0.04353745333758758	-0.026074306356267684	-0.0675268034979878	0.08958090262420414	-0.08692731307151552	0.01937890030575066	-0.021659097470567306	0.03320119126007359	-0.001957933532137831	-0.003583890474756608	-0.0805148978043353	0.005300274091999792	-0.011654274243407309	-0.12533247712660717	0.08364489473499176	0.07038134423468023	-0.0067379718028924215	0.0102813628705675	0.01756207824652947	0.07358939566494303	0.027603745399742634	0.018507811942850214	0.07465807497833915	-0.022629666230632776	-0.009219321722512738	0.07101589561106171	-0.11859465041431444	0.007719490725904023	-0.014849241238384228	0.06181225677483334	-0.05059035762918192	-0.08171417132793765	0.016562999216051606
0.03382978344191946	0.055609907726615906	0.0347593461466475	-0.10806337513249217	-0.0022147947906101446	0.08302399100057883	-0.03854593011260217	-0.05463571380284604	-0.10017046721571331	0.002148775195450618	-0.05161229560405899	-0.01867279755313579	-0.012611788937505626	-0.0497658845622886	-0.002203841014840628	-0.08213606327434242	0.017642595209863183	0.04076929165753997	-0.04681096542974458	-0.020588905368327692	0.056226104825338234	-0.010175252687174636	-0.09229910137390782	0.040543050223725216	0.03516680821077187	-0.003505924266496264	0.0014256342575977021	-0.09320317629304373	-0.0010808760572241158	-0.00588816137432872	-0.003215298261130031	0.03238829934157701	-0.04707646820394759	0.03959840651106224	0.01316913934692114
0.03253602507968317	0.05235463500721227	0.03917892445557325	-0.07838017237118837	0.014759629013714866	0.06438005146916069	0.07173228067468314	-0.05544667149760281	-0.06694643130239121	-0.046849272149627884	-0.06307695833445055	0.059953849002239386	0.0964038317906598	0.0022404623229267547	0.08635648825848058	-0.014015272162099046	-0.05946257697527663	-0.0408325915346252	0.01603944924800179	-0.04690779710467932	0.025966264485266368	-0.03436186022167354	0.017372918119647585	0.04447864280670627	-0.02552536553467663	0.08152206246440301	0.08027026017496823	-0.016078502600697542	0.06751877791398969	-0.04035424084074597	-0.1174639751098975	0.002678827405015169	0.02618504943203162	-0.001308834764507938	0.025465777503456383
0.034571088234994635	0.052777512262431686	0.057438980780751756	-0.0015066427164307063	-0.023145974594603037	0.023927913516037614	0.1277177160256858	-0.046307522340646924	0.014495753026091442	-0.03557100908692427	0.015676185396165013	0.10783915371560414	0.04222177623642128	-0.0007679267860699934	0.08222137531304606	0.015488297432490633	-0.01263729578991294	-0.024063597177734514	0.06071663283785981	0.026335851084227084	-0.05800040193069669	-0.024546394585917578	0.069176710590165	-0.050318578806276854	-0.0016532904156565179	0.0788393646188513	-0.03209421830010954	-0.000698079569247119	0.010151144735438915	-0.05872155569845041	-0.047466697826562806	0.04267105926745113	-0.06420488034923937	0.0015504871847311016	0.047026497775729856
0.03452536965874885	0.05529489087494907	0.043412675267899076	0.021018301038491696	-0.07091870206888022	0.009048282129119574	0.08117228406983548	0.03897246410330573	0.03888979897584042	-0.02033840213114524	0.1124951535707321	0.1682250471783948	0.02966690875318847	-0.03991612119509552	0.04596661296946147	0.03360894972829908	0.055615638653251004	0.02185865865150695	0.017736941826774353	0.037050424518455305	-0.10556236748765674	-0.0070360776198276406	-0.08604637969324133	-0.0445790203691222	0.010042460242478908	0.12070289585970843	-0.05309879904530587	-0.09453054281745579	0.09304458576452412	0.0091633912206974	0.00014859205953204717	0.05333569131243189	-0.04588104167563904	0.031000821828391905	-0.018312894305793408
0.03570988234639734	0.066120601378998	0.04209049836176275	0.015047995305812674	-0.025793878383854895	0.0006301727512673619	-0.049644475167022015	0.04382207037246564	-0.057550441835663046	0.011485160575462547	0.13439043636827	0.19577269683866866	0.016256508232413383	-0.10863780741639453	0.05162492921380035	-0.03488240532584827	0.07990637428400352	0.012611800737806985	0.088441136783965	0.08079486681610017	-0.09029529239163743	-0.003358323035864059	0.012011039541529357	-0.045698274274373174	0.10401217568596209	0.1000231019652369	0.12281829007735978	0.0034140491796754886	0.0449738484014334	0.077367381966487	-0.08719736834976922	-0.030545896055806966	-0.034560156534388514	-0.05180991191127473	-0.005920258089365339
0.038464389954928506	0.06074146288475322	0.027610137440747258	-0.028023150543034968	0.04498268037836703	0.021262867024584374	-0.03344118762925416	-0.04962692625322579	-0.06308214494105376	-0.001118341251270139	-0.018025070420954865	0.07542726479859045	0.09068573465891672	-0.15628751788929052	-0.04160747770146539	-0.05015798626345376	0.07131127795052478	-0.028848477392873252	0.028275179650439228	0.08575463682054973	-0.03518593369827801	0.017249509046351877	-0.13453191795292724	-0.016059558569426886	0.10714984947406889	-0.03603475448581735	-0.04628551498058384	-0.026247938917052904	0.006609381842680514	0.058578080198228306	-0.025594458629921938	-0.021776568235807675	-0.0665851570564213	0.04112186562852066	-0.07750059478200785
0.041421690364275524	0.04944064794984393	0.04878439119724867	-0.042010305306939465	-0.032042620142283734	0.026107290004418495	0.09154505945230548	-0.05432919122478766	0.0321244023850663	-0.04235913814548254	-0.05829032587817436	0.009653556755822084	0.10412091204104715	-0.03565338544579107	-0.03683106095264966	-0.014924630764962586	0.061613742794497474	-0.045544857006400395	0.04301003286708868	0.024034630109258066	0.06107085083747192	0.0036601668550123416	0.0403684084995894	-0.05490919326665794	0.09809818685855543	0.006031366342680403	-0.02948045245489815	0.01794758138139947	-0.01265487011301358	0.0092754284928595	-0.09719782712194776	-0.052676906493503976	-0.012665415121175229	-0.029429052258965728	0.08140891773415503
0.0434050398984613	0.05484766768473337	0.044167523948708855	-0.017650431337502447	-0.11477528314067098	0.03408811060210269	0.016467990388331855	0.052049861926568054	0.0905220530818277	-0.04121214812924978	-0.0014112923125775873	0.025079297372318177	0.06984245543868059	0.05087085164846109	-0.06268461941951291	0.03851463752774725	0.058744697355841785	-0.02374220271551232	0.010710430607841001	-0.023096718500395796	0.07182587560492411	-0.0401757421068101	-0.09725528065070126	-0.018095342847375344	0.042224777331153776	0.008835743417918712	-0.052542009508081126	-0.006367975687480872	0.032470077901524355	0.021681487935452257	0.016736213070495755	-0.032070826926400904	-0.07211353874983827	0.03360323153291708	0.02849428555169794
0.04307610846971311	0.05406729694121658	0.0492721686493567	0.02496769934738925	-0.08989389581699095	0.032920936249694464	-0.10107476021790675	0.016858545127227113	0.055803466033999966	0.012956345965358025	0.04020406311114268	-0.011892910536088567	0.007435929835749977	0.06486937408040422	-0.02513769010043877	0.0395686611172834	0.009915086915629995	-0.07298768345103106	0.09792415771535534	-0.008346090443483908	0.014188167701723734	-0.03659422327354267	0.031159201532105968	-0.0547127169005558	0.04886958285722048	0.052683105643566354	0.10690096379415155	0.03321663944520451	-0.042708012435930455	0.09595403326769252	-1.0532796823073398e-05	-0.04142696035729191	-0.08571912392180897	-0.05281992740374297	0.10335224263717728
0.04228655990231558	0.042297997602905715	0.056075201420881716	0.01999624818248061	-0.015874020454620188	-0.014237649675896196	-0.08778082224390657	-0.08566151706397802	-0.07787622569424807	0.0450795744426782	0.018842124728553646	-0.03214948609253923	-0.06977772389701749	0.041866415487460486	0.004360984304155414	0.03864258715645627	-0.010726788282232148	-0.13383482601648733	0.05082383245887107	-0.01724912169782409	-0.03913949422671553	-0.04781375304663684	-0.09845431508299113	-0.09998798670084544	0.029819799952794636	-0.011091055677259955	-0.008606173784022703	-0.04702547540388015	0.022556839677889514	0.12534952209984207	0.05306612472169515	-0.013880808510194832	-0.17175041134732383	-0.00747343205892817	0.07571190466461827
0.03857878274578528	0.029349122252534512	0.05146271714175838	-0.014790262367895697	-0.038125726841231077	-0.06826795414649879	0.05256509842537899	-0.12071529586216265	-0.09992253962820853	0.0357258439562653	-0.01800915928736439	-0.037446508298578075	-0.1392395906798795	0.010435983822097619	-0.0007977921764464116	0.01763561572532784	0.0315795727636322	-0.1737306756645337	0.046101368811209104	-0.06013285935146216	0.0322353364459763	-0.03212941918597135	0.007608201956135867	-0.05414805236873144	0.0947614853670982	-0.03591899324877937	0.006428069938894677	0.0390366414263589	0.09329046986493639	0.07847302834127698	-0.027930944880068444	0.014146534171148861	-0.0497503949607125	0.04054961430556352	0.06349978122497811
0.04004849150924147	0.031110939825509495	0.028082093049851924	-0.05286889586723032	-0.13094209195292744	-0.07065364685374113	0.040004544677365875	0.018330036903582453	-0.11288915513348297	-0.01742848406181307	-0.027504517955392372	-0.03441834390948054	-0.1335817988080276	0.008142093800507445	0.00975696243570894	0.05905780856951245	0.08032347993024688	-0.09396935817292368	0.028845132652235966	-0.12947637171440035	0.021397248488610403	-0.018864656136899218	-0.09459877886153267	-0.04455972802598182	-0.02017758271829397	-0.005864830289895821	-0.0006930489636880859	-0.05618492052299719	0.061243795193629824	0.0692530765397956	0.008376558944713244	-0.03527233415722706	0.01783629732412332	0.08044996301279883	-0.013825421644551507
0.04407979153766612	0.028546819807517568	0.02745499959483594	-0.031118883991869874	-0.12009811079010105	-0.026144757760890532	-0.07133073206860528	0.04443510236779967	-0.1046068200998798	-0.04498581095017805	-0.1054459247159745	-0.008645580089168518	-0.06243391539024923	0.043053922840231705	0.037989722501228416	0.06185211315098928	0.034079002094011546	-0.10758232392561345	0.033857307161950456	-0.09119830622170652	-0.0044828864551676745	-0.027698067465213014	-0.015379149508757961	-0.032611887310740655	0.029318323385085467	-0.03459480028510781	0.07160585325416377	0.10046659869497454	0.0748292822959003	0.04972221147420595	0.010055044786307499	-0.0076119530491719906	0.05996549974404615	0.08346517785210852	0.08516757836507113
0.04316047184416822	0.02941639784024482	0.03746160636189649	-0.013653293528507556	-0.06511028634254781	-0.015221327236159295	-0.11023963446794313	-0.02297195931362117	-0.1174990474093343	-0.022806016536483564	-0.1422734260920843	-0.03473721197216548	-0.03648996063124107	0.05443708204265184	0.046870693601251005	0.05258443373045789	0.050538764993908296	-0.05315059084248233	0.0306264348403631	-0.11465674748193636	-0.05863380255987642	-0.08346709494098667	-0.012824628142087909	-0.13370267784996281	0.06530458972943445	0.0010377092403649132	0.037841070557284015	0.023701519129894443	-0.04589366522831574	0.006783063855084062	0.06094321162794303	0.034861107443049114	-0.0016518489233355513	0.08894124000320293	0.06049275038766311
0.043592421078361754	0.020571793478823465	0.045165568725004004	-0.019853533472771877	-0.02397779623019619	-0.025550619907329198	-0.07329813641949143	-0.05261081879450879	-0.133447939883039	-0.03635132793486798	-0.11459047673154824	-0.013167803794280564	0.042481355982735544	0.0871849946517958	0.04487772999810617	0.11549229549578552	0.016986906286198686	-0.01300010775457202	-0.06920826748783171	-0.1756337289660689	0.004530075761385789	-0.12476209451777581	-0.0709063613517736	-0.12788065304549584	0.045211571344883385	0.026921893384990115	0.028654314033636778	-0.06561574830113803	-0.11745085520956255	-0.025623753180451625	-0.022031028669162643	0.01270062773416111	0.022523220870392754	0.10697989013896056	0.043487977659748205
0.048932802954541894	-0.0009304873974384047	0.030605322809141963	0.00450099458134061	0.042471129370028886	-0.10047397118227645	-0.12417837676494078	-0.0682898254183018	-0.05060445153599807	-0.14895387962257547	0.2284691036299351	-0.1611301332348006	0.02568713150823888	-0.12424418008457565	0.09180572527418354	0.04183775119945047	-0.017170308035813632	-0.005510088955615662	0.07339095207402818	-0.06290788716579816	0.006019482330514589	-0.15933278788905386	-0.09122396384930395	-0.01601344151580898	0.10920559903998599	0.06171089174619079	-0.010701612256569959	0.011615391367438775	-0.06635348414542652	-0.03775725230585328	0.07216651229950223	-0.08964313962822398	0.04196756406568644	0.06287174501794288	-0.08407725293557636
0.03822921048835197	-0.00879368577368701	0.05194730762320434	-0.05446813485246287	-0.05356297603575121	-0.08805316879975972	0.031316572954852614	-0.09203766892023407	0.04930126543576879	-0.04631139970344717	0.11199397732049181	-0.14681563367567743	0.14522324564006706	-0.08846364326845578	-0.020330304052170876	-0.15968321808922098	0.08441320759279193	0.0004116414590282329	0.09871613052288819	-0.08985635330067442	0.1658280531291982	-0.006296668642309297	0.03809275965671359	-0.07626849787483453	0.05766571874855772	-0.0009371417447969245	-0.03837027039569452	0.09176152751586901	0.013994956506294079	0.017783219500930737	-0.0030646259186167257	0.05184816916471722	0.012333094186763295	-0.009368503493880805	-0.018644829665293745
0.03240127487162338	-0.0036770055032770846	0.017447419953588707	-0.12440538375766938	-0.14774970062655782	-0.04680161590285033	-0.07068245692436018	0.014232422744213578	0.06988745783396291	-0.010528956697849165	0.07478336385623587	-0.09204932226684212	0.12460795094464938	-0.05189268593843165	-0.012402118125887889	-0.16266034470471893	0.09482480968073066	0.06819450526267037	0.026040266180156035	-0.1444194022299688	0.19965376332210857	-0.017375748582232495	-0.03352491108483418	0.0050564043836403005	-0.009678194488658236	0.009033467676280008	-0.030096652594905238	0.12072085874197977	0.06392923522800074	0.032044176283329895	0.03761415736158141	0.036488896468750184	0.004226115109851308	-0.06327279036630883	-0.07816605380411318
0.03365041661426272	0.00594207861475438	0.002909814668620387	-0.1679019735221518	-0.0759525606233826	0.029785126089548447	-0.14132843864543546	-0.03740206698183189	0.060950683107074785	-0.02605434526357222	0.010337761560051211	-0.12965897627465806	0.1265678814966681	0.00931907134304585	0.05671895762531742	-0.15363454098776677	-0.005086682410253703	0.004768815064648317	-0.0040841121641641	-0.1596780108637026	0.11514401516871717	-0.056198317064873674	0.040110369443020176	-0.0767505266941893	-0.17586387366537723	-0.016748502204322918	-0.07046987736178703	0.13714270128241488	0.01257083223636786	-0.012981310009046747	0.0708354332313455	0.005656173051518687	-0.05130509842487183	-0.12620935622211119	-0.01706844704315402
0.04072532691682088	0.014574130379093178	0.016869028844256558	-0.11438227736816005	-0.038262068171804844	0.06988180726044227	-0.0872588737368823	-0.07098263516764639	0.1132441788845153	0.008000611359826264	-0.08426354866859416	-0.073256578862693	0.058656063363359816	0.0639096226296678	0.03402093259163918	-0.13141858536468556	-0.11435176781854126	0.06585670803411468	-0.08299869893741656	-0.07094439528583252	0.04440538640142562	-0.07852272228774321	0.01191184155358046	-0.048338436930186635	-0.29326269647777026	0.05475001397235889	0.0697064830444504	0.09219928071412734	0.0067465964282682755	0.03013694759781291	0.043788579619511936	-0.04520987349620466	-0.00879100155349929	-0.06963762611427414	0.01659699955606966
0.04973078604019868	0.011687912592103727	0.019154741400369917	-0.03080750169539528	-0.0036542413072490187	0.04457462375319681	-0.07957130095812111	-0.1343859187749859	0.10630860910066801	0.017270673809789038	-0.03423647732105144	-0.0036019895511073263	0.019426445915249186	0.0211263398062036	0.028803483059841185	-0.053305903311623465	-0.16726421259511376	0.131915390708463	-0.1436239761750477	0.05105445577914133	-0.11383321300094898	-0.09497785640538604	-0.03508753000207106	0.018402358238806957	-0.20327212197152136	0.10382414493283043	-0.0018526120151928088	0.10459105044578976	-0.0010536484917537114	0.186576020963805	0.07671665997120782	-0.009761268317619393	-0.07365974788927687	0.06078893853321904	-0.02669991517410105
0.04916224470991991	0.02901755582908691	0.012704613914962838	-0.054373126485235346	-0.06198845787142644	-0.013451492859888892	0.04156160108271842	-0.16050714578439637	0.07090525315276083	0.04901905045564547	0.011801987541741317	0.005191383447419993	-0.1356665124377456	-0.0729793221058166	-0.0011221519645255897	-0.03852086426131674	-0.06747546708152594	0.14000746766232797	-0.10801621102993192	0.02700820283786967	-0.029296776019772233	-0.11620532411365994	0.07146790424968993	0.046019267978722765	0.05930655078158932	0.09379202355521317	-0.07558744780301968	0.10153500364809215	0.04004170567433551	0.13768696086294807	-0.009802721181048892	0.05651693165857941	-0.11343755933404331	0.09446193919525356	0.025531515309358092
0.04520446513978801	0.04225485299988359	-0.014874387781481571	-0.11779135971166713	-0.139844251589246	-0.03135481929225085	-0.007786279072004417	-0.004694221530085592	0.034782920375779326	-0.03882640193155455	0.016877399397503552	0.04665606227621596	-0.03223345871661712	-0.10447665907257571	0.004732330823875651	0.028076005241511354	0.04143326350286243	0.11165379376168308	-0.04272335134633288	-0.04307999451124198	-0.02623161208232765	-0.051050989366052776	-0.037659977763577254	0.12344525000241996	-0.01843265474592945	0.1176715028212219	-0.040805420469416806	-0.07074902090298013	0.026469154047600585	0.1241260520132034	-0.03778934604753141	-0.011124344097997337	0.029329202791823838	0.05423835022055437	-0.023597412377357005
0.04608040442506926	0.06946984887250736	-0.01410459835405537	-0.07995936219641447	-0.08555844713331685	0.021241889580080282	-0.09164802356879591	0.03285006579130165	-0.01753701613713202	-0.08613796040498967	-0.0572560515436445	0.08535304703868209	0.14755313530092135	-0.07666773257077523	0.052591384307869415	0.059261671691761365	-0.0076780848628788395	0.127226561717745	0.13065193537666403	0.0326467035015721	-0.04073992968054939	-0.007796533016112165	0.12640846598048916	0.08036422455007664	0.08244318936215744	0.1342010261112564	0.017801279859547797	-0.018712449713144064	0.039750853083640694	0.025148466389425393	0.060562194109962136	0.004835851909113006	0.0999989594235575	0.02462549212666658	0.04919056851171902
0.038839502028835335	0.0671710942265648	-0.015429212605117173	-0.031167312983939262	-0.021047229523336545	-0.0509546820597725	-0.09928807290692926	-0.04597705257117179	-0.020705915285448472	-0.06940094893397923	0.0926014733829127	0.12673004219672143	0.19165342195963772	0.022228764649772945	0.051603803250688036	0.10604107950083967	-0.04224375158657122	0.08916387191441819	0.15564035816880087	0.023802179246511426	0.015114676384879344	0.03228362129952514	0.08338959871896853	0.09643592668749865	-0.04537816633340117	0.05668447010018139	0.0699358781603192	-0.24119492092335726	-0.13197313253668524	-0.07143716938061112	0.04648864944610782	-0.004195269667843032	-0.008465513780014915	0.01520190061862747	0.01458660254124073
0.04697676340518402	0.03667826568922807	0.03069836463567807	0.018525353083316744	0.011274802471509266	-0.04527029772810077	-0.05454301077325046	-0.12962508479949478	0.015347510232129557	-0.013237794066219765	0.08908213740662733	0.026812728773674747	0.15525272208474225	0.012913043785877253	0.03608404126970833	0.029237974658612456	-0.02668404016072885	-0.014578821228828788	0.1614848700932988	0.0407026757430165	-0.011758265742570675	0.05405268605482355	-0.053131412960021156	0.11444092596019388	-0.03724951410159624	-0.05610726910328391	-0.002194231462108981	-0.24082226468157772	-0.0742547210390727	-0.03390778641291696	0.03838258144039714	-0.05007244383260562	-0.031014921372301593	-0.025811830563421317	-0.007775781971328118
0.044030805099537086	0.005011696806041255	0.05498629108509523	0.017022104733972587	-0.034816889404117604	-0.024536108334142416	0.04966307040322694	-0.12078973779288002	0.07387821258340656	-0.09342739774101176	-0.002212730604357544	-0.04672745165465017	0.07816011638763215	-0.033706302323785915	0.06643800817065343	0.004683808700478758	0.0561382111382907	-0.05419831636515608	0.15414715901295611	0.03492246157218549	-0.015203470993050644	0.10614975953075893	0.07947509093060673	0.046521305979339116	-0.013879293874423132	-0.051751131584262644	0.0018810186877755986	-0.06542522501914412	-0.023017148044781437	-0.025601863076676827	-0.0839554089949748	-0.004068578042996769	0.056743387000338	-0.04555103621263537	0.009620939784254445
0.04383323412740229	-0.012695730962232123	0.07322662733846745	0.08591627431834926	-0.1267457350269296	-0.025355275154189925	-0.001272534800692975	-0.021429756461748894	0.0985454651164353	-0.13217155249399315	-0.0930184644403733	-0.010041937911223554	0.07590870092979303	0.057049508369618064	0.062050774952393466	-0.0035020393444986898	0.05507032051535673	0.02143161922952326	0.0397131886982469	0.029593377546510792	-0.021439264232306715	0.10275843353633721	-0.12536175288969645	-0.0015650193705008565	-0.006228569862617578	-0.10556446615768703	-0.05312204020680923	-0.0506877173179295	0.047218079211237045	-0.0647028725752916	-0.06605630665875609	0.010533524139224537	-0.0020442013704212864	-0.04563107143804113	-0.035937603522518256
0.043236195436678934	-0.002295374670351285	0.0774147632189076	0.13414417407502713	-0.10852607417961711	-0.018832276148943405	-0.12586229463866805	-0.08760976630849517	0.07979301169100456	-0.03818626182387985	-0.12724353519472806	-0.04937936587920362	-0.0012508280722799765	0.09762984161403669	0.06795123741689574	-0.041639320346349325	0.08586687230931102	0.12031031257778163	0.049766520069784645	0.019901962737140164	-0.10063770155904396	-0.0032294588976416443	0.04098887138921858	-0.019476843792915623	0.06954024350511342	-0.09442387287807383	0.018332449690041996	-0.01764409255956303	0.030434488161115457	-0.12773896980382318	-0.07118792666314262	0.028206969980113492	0.00395331277791941	-0.06543867215178195	-0.06423930767838434
0.04294676227700663	-0.007735051093224233	0.07855076600139524	0.09150772594570929	-0.047599035913363626	-0.03108129462546238	-0.062823852257272	-0.18328326077764953	0.11632961789776688	0.07083123543947926	-0.04049366645013361	-0.018308888232338994	0.03090621440325481	0.12369343467339079	0.026145065354754134	-0.001866275388559156	-0.035288004880362836	0.019806404809970594	-0.1135082351847035	-0.05468692892926984	0.028494464589291328	-0.05322930665297885	-0.10680609269968282	0.013375694606860713	0.027489624562688178	-0.1495735152462652	0.0410553265612523	-0.132028999243623	-0.0011679719195632696	-0.10749946666570381	-0.06949166502437483	-0.003778381246863133	0.017487919168092975	-0.05549328528606455	-0.17534083455907942
0.04102083537792091	-0.00040816204214820057	0.07127438146015334	0.06350923952567748	-0.03606681682236259	-0.018474841179304147	0.013338760545668727	-0.18590267701633123	0.11794936921804852	0.039849084811833434	0.0032009674053236153	-0.02540136101001032	-0.028327722746713704	0.10708315691926128	0.01351546769087454	0.006482271549146703	-0.04251765820817394	-0.04413108646485826	-0.06738820621602992	-0.01777075094756536	0.004719863546266863	-0.00794864453758615	0.04667649045165932	0.06704562157438688	0.008378006663054056	0.008076240067079452	0.020314373558362395	0.014213035720533401	0.11131771997805445	-0.010743729988397857	-0.12718164224004766	-0.022875592362844546	-0.00014903160649440417	-0.03485501193191656	-0.03236144001113528
0.04172035149597201	-0.014865465544792742	0.06451751512193715	0.0411080431119602	-0.06806191577614396	-0.05815746676503874	0.07854886517341719	-0.14279923363552344	0.04916631018475138	0.01760139653445442	0.024097974818360846	-0.016762593643913068	-0.1047559183677082	0.08831627848050733	0.0015163669922743036	0.02725683776238495	-0.009283861813239494	-0.030236764439928086	-0.07911411886528659	-0.060264793057122124	-0.0019673207028326	0.030754887540685984	0.10829150366426595	0.011830209778299431	-0.03840896647393736	0.07058854939404986	-0.04921305018625163	0.036911569393393524	0.03674638978847912	0.02333628676714024	-0.09471110291592803	0.045609522766597285	-0.016219738326603582	0.020870898693078576	-0.014173344011448881
0.043636987550791914	-0.004254490513147264	0.04468884118276818	0.014009547773121687	-0.12462912781925081	-0.06358792402762957	0.026916375662342697	-0.019189330803805953	0.008755411220168716	-0.006034194945653406	0.03262148642006393	0.0171010278712484	-0.1414782104937488	0.035608954514874426	0.029813545677855952	0.04176502240299316	-0.015978581308375428	0.01246638547415958	-0.04484634183781193	-0.09878718790002913	0.007430541212950989	-0.009624740489765969	-0.07008550355929126	0.04624288263331154	-0.10343537543688003	0.050077265764958565	-0.04454314503187636	-0.037472168141811174	0.09125094219320376	-0.0055975519740039115	-0.05809774175176372	0.02104808743420555	0.06190705850476896	0.019543035890155297	-0.012975893107149736
0.047682171629292745	0.00686526218598998	0.0406385667528444	0.009765367213427967	-0.13549966401856126	-0.0312634271048142	-0.07931474995644702	0.006306332027845339	-0.005981752542117233	-0.012302300620984714	0.026631229944628892	0.0395945385624588	-0.08932881425548375	0.030350656625547253	0.06574582636832886	0.05876442575079971	-0.0009438934653887912	-0.051008685388625956	0.009521865364777116	-0.06718765857025126	0.003310915007935713	-0.04002980320580237	0.009072495613679947	0.08147218678091396	-0.04011701669391382	-0.0531277972823893	0.08904070304123733	0.0631780967575796	0.03534073749656938	0.03500892959692047	-0.0910633791039814	-0.0047105061583139485	0.06837926108359761	0.002771199660910821	0.03992422377439577
0.04525683998202018	0.01664944512009495	0.05133593951192011	0.021223120914393358	-0.07490636853732788	0.022256186503924053	-0.11644332555760818	-0.05650503902346496	-0.025534299872634232	-0.017081348629529845	0.030264665771605824	0.04566139861670694	-0.0037901201687806697	0.0006952335118979278	0.06846922997681092	0.006695851508663657	0.005995197152872937	-0.0739642249978588	0.017147060643197966	-0.03745735087295956	-0.13836482228230515	0.03135637458586017	0.006482299040183317	-0.005063070986271616	0.022523269861799894	-0.016288059393513403	0.04064431098978119	0.10994103105405523	-0.07872388651555474	0.019349632816977873	-0.013733890332386133	-0.08992414242109867	-0.05452640428590642	-0.03841736658821597	0.022310246816114276
0.04479408720123601	0.00016521210229333976	0.07684666672624373	0.05004289409474734	-0.01597083526040039	0.019174576319019383	-0.05555079634604512	-0.15393278007042652	-0.06603494102630234	-0.03375593188214086	-0.03690206699718156	0.05350183065596706	0.007380033433724429	-0.001469243329871695	0.0819479405472331	-0.056993252722965	0.028837642119745047	-0.04457660428774683	-0.04276317270730665	-0.01879260037343295	-0.17560345029506258	-1.6672806093305514e-05	-0.09807963493786408	0.006597651648600322	0.030082832900716314	-0.10050048656129404	0.009597362800008561	0.06529826671235582	0.020677870641015623	0.11266503468720329	0.05325388468189951	-0.031489297071193564	-0.047212367319766774	-0.011942820010343025	-0.06391526835828684
0.04223821512002268	0.002380112794276969	0.07805433303382678	0.04073098645041168	-0.02955633779618546	-0.020766177443150815	0.0695989858577267	-0.15237006503966385	-0.05522483195062401	-0.07030646106528567	-0.06324361832617524	0.03499484449627015	-0.04995723478440351	-0.0448309055531743	0.08943963021820144	-0.04456818488289379	0.07706595939416062	-0.012096492459995256	-0.008072093308857177	-0.055793858151212565	-0.07349172219529973	-0.0681898694644521	0.011276966446532019	-0.018814601492930072	0.16893418185117945	-0.10785603426002027	0.037970166393507754	0.09877339150056545	0.04351050625480542	0.07898621510438575	-0.034555270823766915	-0.09519129680807492	0.026348983282554538	0.005595754305224687	0.02080819249568713
0.031078106653301338	0.011683164293086837	0.06855612556782674	0.012104084982239445	-0.1012932139958507	-0.05090398254895267	0.05991742960975805	-0.0407592741570699	-0.0067022544766272485	-0.11582616443913801	-0.06104283219531151	0.04047290676096762	0.009104588529044055	-0.03560202919848883	0.03913233917575234	0.036225757490166204	0.13381217741630275	0.11127259232325074	-0.001590301004485234	-0.05107539900701618	-0.03719433551241189	-0.04938902965297538	-0.02754985335721592	-0.011030924296261794	0.10801847535749799	-0.0415827982380754	-0.062385858208284684	-0.09050572511994626	-0.06727439883814787	0.027653115253031577	0.09221671738221417	0.039625004318186656	0.021177511286613986	-0.06996534120166359	-0.030832495990014353
0.055713736073213775	0.0331462102724984	0.01119953256434606	0.07507945868647757	-0.07225269188186662	-0.06666811162725035	0.00456255207255202	0.03834329790992329	0.018023209290118764	-0.09918806074290698	0.030290279113692743	-0.06288674275875802	0.057816953557513456	-0.07593165298798935	0.027054862303529374	0.04170556867886335	-0.026828131380267104	0.021165206220676615	0.007085448542247638	0.02046365487735458	0.011470900463239708	-0.06380758311078477	-0.04218736847015881	-0.01251611366066919	-0.02224858218175718	-0.10216038314231807	-0.04236467891455086	-0.12143828220965386	-0.021073749558426953	-0.04576973779038464	-0.04535137122779651	0.020809586651340466	0.1736177432238465	0.08684653552599306	0.11460118458032179
0.05842570383777751	0.03320906310208311	0.024297024791652883	0.09935474419355877	-0.035671495240876476	-0.0767456446835681	0.041944610568717525	-0.004345032208442768	0.002090653743391533	0.0012367666632749977	0.03824209712914955	-0.12488576487946856	0.059973598554425245	-0.12302344225666499	-0.08112220482194056	0.01280261568292092	-0.07023502431721346	-0.047690085143783645	0.0257921676593453	0.1077584446890966	-0.08429342457980771	0.16225298900493224	-0.06347999101551906	-0.07816638290427924	0.009278580221353295	-0.11303377553512634	-0.016381606410021163	0.04657125189444948	-0.1694562577907092	0.029967711054062564	0.03154829009499813	-0.029884857689437293	0.06807098662369104	0.0786801003014666	0.04495014437292422
0.05903542891762013	0.004361371119807578	0.019715880220911763	0.044075346727417565	-0.06159840925656523	-0.11695570353383097	0.06551680215874284	-0.049596726470243706	-0.03038575677861085	0.03135342700595434	0.012915224326860639	-0.09360732316206612	0.02415182375929046	-0.1340481953158316	-0.0669629421046402	-0.007784115152746241	-0.04567586034941855	-0.03186792772916708	-3.710232222574328e-05	0.12339146838807931	-0.06830409479941654	0.12944053473705242	-0.0191368706817399	-0.08305153456342851	-0.07948826890270713	-0.045766122862817	0.03354502227682822	0.09318968266701873	-0.15294787729142081	0.05025276344414913	-0.038502922209534954	-0.014593511408738897	0.03809040909503909	0.017933038175081704	-0.04808231905214955
0.06339257231711025	-0.019063601497218315	0.003603248038313105	-0.012715860227603942	-0.09833791026929446	-0.1378964179325956	0.0736287040062639	-0.044884053228857655	-0.04947063975868506	0.04853446783758323	-0.041394758540980355	-0.061882548343029115	-0.048213383161628404	-0.14190049636111837	-0.05660430731388509	0.015200268617585427	-0.04189497505434133	-0.01942276453361061	-0.039539858052766115	0.1115145516707613	-0.05592208441502091	0.03777707450059559	-0.009995588838936472	-0.1086110364706742	-0.146132045306961	-0.02942358631180115	0.05468499720465278	0.10957262234334583	-0.09564950933183827	-0.025748820410237322	0.009552151753490064	0.06668342583131508	0.04785078053561998	0.023962516705224885	-0.0646891186904934
0.05976761231086478	-0.018303524188277236	-0.008873982502164748	-0.044994094422120906	-0.13426715619880433	-0.13265640699204395	0.03258991740254122	0.017185414931461463	-0.0808212253165481	0.005399173534532063	-0.0715186224544645	-0.03618672892156213	-0.0944061516272745	-0.13284402669815426	-0.0515738135815113	0.04227956191384065	-0.06468367054719412	-0.010910457828443375	-0.07785520434096678	0.08785259490718095	-0.014696767889736655	-0.007211118497677317	-0.06287491864585829	-0.01882163202633118	-0.1767082804184415	-0.019167097457431156	0.03732899228947387	0.046476450231912055	0.015233462481492824	-0.09813664494806902	0.03829483409488859	0.07023966482082157	0.021655799295725617	-0.008323195335149861	-0.011848990393733428
0.05607143744602138	-0.00998234720062481	-0.01056416022191311	-0.023136452615077963	-0.14420537590874255	-0.11491988283987975	-0.05563658537063999	0.03609969786611374	-0.06363926051980798	0.021670555184442556	-0.10861321097846965	-0.011402320459046952	-0.05324844253320257	-0.0759128644379534	-0.050093160627987576	0.053827144469968204	-0.10193386874022663	0.011569157356427624	-0.048137862687157855	0.09555516258518576	-0.007797674783261814	-0.041142686039438596	-0.008066752859855648	0.1343207715130449	-0.10851730895609868	-0.0115049360639871	0.030859969166646496	0.15721691045350755	0.10676051742180243	-0.15699767618962865	0.035726595999560656	0.039605040970912345	0.026843390883128135	0.0686821612488391	0.059404827184324216
0.05185394158950573	-0.00874843248456165	0.002786850760907755	-0.032169277146920555	-0.06755602862619571	-0.049253026174586115	-0.12056541401741562	-0.037566080415719835	-0.024426946970270483	0.05305613312486877	-0.0596567878250103	0.021860933609687414	0.014159912808209437	-0.11469994755667855	-0.04430448840494893	0.02186421758802086	-0.04301868035119855	0.05061511194002541	-0.10225665545408767	0.046895366680890636	-0.10745380397671436	0.012517061081563917	0.062042460614299605	0.08708328022043046	-0.01930630795709462	0.020451070283738552	-0.04598302632604315	0.04167900437448668	-0.08439632410690066	-0.1368132164218374	-0.05346912226344838	0.05798302499881409	-0.08226225465260717	0.016208115257710248	0.0686296471281522
0.05292823255617133	-0.01701347686078453	0.012193354823524492	-0.09423735978445834	-0.007013939561082823	-0.008008322470454502	-0.009086755707408346	-0.10442909336477967	-0.01498642097483461	0.0036228043878197684	-0.09473143060234712	0.019510273341523325	0.08873082998915315	-0.13051726318816417	-0.025509376620287745	-0.02824598958388285	-0.08672430836809338	-0.0023711003195136327	-0.11836017350069443	0.0007763650686672223	-0.059920654156971946	-0.03751903437438991	-0.00900838795328833	0.17379101836366997	0.01008631588792357	-0.002710076188081465	0.06342514465850269	-0.08206549813723793	0.027707052935910696	-0.12994419978749247	-0.10880746134077099	-0.08830675589903295	0.001544020071554783	-0.007304909609699567	0.10107070627250059
0.047370991539210136	-0.0058741439602078725	0.004359924436134288	-0.07155525299822513	-0.08700175791525708	-0.04093575171604542	0.05307048099557689	-0.061648462119829224	0.10066410637416659	-0.10081460017064543	-0.07706195726137746	0.027421618433208648	0.04804656844536879	-0.11642437428156921	0.013200587675865204	-0.017820221984380664	0.0517841047065246	0.0335018750900616	0.017425047042944335	0.06301720808221992	-0.1767021889115418	-0.05702783635069514	0.11662017799401038	0.10495427508627672	0.005291107628111406	0.08637504878035993	-0.0858442934838337	-0.11111101054574378	0.023358578737320723	-0.16206906967274481	-0.007638698861363091	-0.12185486765984545	-0.06918568421957186	0.0665324781473352	0.047650835788067766
0.046710063159295045	-0.05887795245925082	0.02038070070617509	-0.025302040812657873	-0.07430338745624693	0.02164299178407524	-0.029644061813988046	0.06038463982251938	0.15505436547770018	0.07261341756311097	0.08746992299003918	0.11852964571219654	0.16449939530534888	0.024676255213664972	-0.05159970612640198	0.14230003911513678	-0.04143002930958939	-0.11045736261219666	-0.20855243445596974	-0.1352735587842555	-0.020686359767291135	-0.008633712867802153	-0.02570658182808831	0.0937453380410859	0.07471719206596056	0.011765454788085251	0.15538078280692805	-0.03024293873450838	-0.17723130413884852	-0.018437633412064336	-0.05247836445896037	0.03755330982101911	0.13591187633527613	0.06743362181632712	-0.0796301847045493
0.03931276511582328	-0.08982334271682818	0.03404877473943689	-0.016119815078482588	-0.03469510333585854	0.05341730780727921	-0.12233532115847875	0.03886560731607286	0.0690358234531063	0.03046854635043199	0.038686651492182166	-0.02376349348807502	0.017022181354268702	-0.024406457698249045	-0.024347820983993986	0.04251839533029857	-0.02339189437884998	-0.17350353223083964	-0.03608128167053068	0.010685968109707133	-0.1507170795746479	0.11269411002347576	0.14602415641887856	0.03335281613917436	0.037049546028696236	0.13980900238807684	0.00640542039396496	-0.004425111021800231	0.06701209811300007	0.0015540594165911466	-0.07047818823607711	-0.07139829030047773	-0.004596657042111256	0.008164636463864925	0.014437933851867786
0.04144977457066275	-0.11335394419827566	0.06310939357088606	0.01218951713488749	0.010571305859526382	0.08172525059853333	-0.11543059500216556	-0.023043915620549138	0.027048652495533006	-0.01565413942146635	-0.03269791869842314	-0.011684796445430762	0.08839806823511792	0.02588393976761758	-0.011164053285190495	0.047746941070467314	-0.0377681661964077	-0.13808292590707955	-0.07725389820676858	0.008653847453869427	-0.17975450956539507	0.1386591121800534	0.11958663847877667	-0.07666084060792666	-0.08362369644556755	0.051098295370092466	-0.07347830994550857	-0.029200595702928697	0.09640395109908845	0.004201429254374747	-0.04156340948016544	-0.02389908652684551	0.09982700385031171	-0.028721368984565558	-0.03251810577594597
0.0430518131836523	-0.13414834436597442	0.08713786727906843	0.06015774501520359	0.05511480339794124	0.06987771358750793	-0.021449263773249252	-0.10200677551441317	0.05556740150377103	0.01664658498712434	-0.06316351407715036	0.01526691161862347	0.06739114827884723	-0.0007210317531055109	-0.045580886478371954	0.02196732694785484	-0.07544695645152197	-0.024549317511266808	-0.08744780514616611	0.04140140091885138	-0.09000665069427342	0.09813333166160987	0.03125658722440823	-0.0530764463610214	0.01928597637560282	-0.0329713670362582	-0.07787625800499592	-0.05733861089976554	0.17960306667376882	0.03392422116895418	0.03784869801637579	0.029548421003814718	0.15247790577895207	-0.09103210965822059	-0.05597912145791492
0.03893289428612713	-0.15236292943055807	0.08418282936917756	0.03494025900563978	0.0009929074248661296	0.04117720596470068	0.08761719947169566	-0.0337626283166367	0.08959846334095198	0.004521888398065219	-0.049959320250521154	0.04217176651759874	-0.011881499978842231	-0.005835220382106819	-0.05935553961779969	0.08988281714457101	-0.01727819946423091	0.051169173488165465	-0.04230514222702537	0.05176114397229952	0.023576346000451297	0.027646132521407008	0.1659528526627041	-0.17393561894803752	0.06991949234661074	-0.018281707471631645	-0.11742661431722189	-0.0448392666646993	0.10883090541900825	-0.018789309475579233	0.013920901121433914	0.037895239835067145	0.1138519627040942	-0.07947836438571489	-0.08187054305818309
0.042344601940356885	-0.14478861178042599	0.06489661607079264	0.04498591571598349	-0.04445121185368242	0.01803957755890378	0.0187854821988844	0.08030653852978027	0.031505007924833475	0.0009485119297174052	-0.008882585738034956	0.11066411055720189	-0.047417450225839534	0.047012000663784255	-0.01366428483387568	0.10667174553496367	-0.08779227934361723	0.04607195289673392	-0.015091638624375403	0.026815280890709323	0.06355234119640872	-0.03897740956014635	0.029240797297767004	-0.10357754946025331	-0.024781218786108943	-0.019649512996779687	-0.020988707104468707	-0.08432229543180743	0.17522267308827066	-0.02009744412737612	0.07896199432247514	0.10369651732057289	0.07618736306051896	-0.042283554686942844	-0.08624637707953126
0.03638714227354964	-0.1450486274282306	0.06877807423446487	0.07329387697210239	-0.013842729075547865	0.0006177436280514548	-0.059435347335357026	0.05468664113531209	-0.048474406234769105	0.06059708999857603	0.03618703556550315	0.10461431184578054	-0.09275913333085838	0.06034942668729751	0.04228640123983732	0.1021917179567193	-0.13544904882179648	0.013549684833082007	0.10934000835818988	-0.016342252855654615	0.0556389925641866	-0.02665705331176135	0.06331776380992402	-0.07105651392017868	0.005360940849086941	-0.06126295170838939	0.12438769569859777	-0.017368086465473772	0.005801723627380184	-0.06717236704971379	0.05833163452374054	0.026102260765230655	0.10635896313028266	-0.053354566855908996	-0.03421165803609133
0.03387956016188594	-0.13693292297900017	0.08131766793061249	0.04150667946561217	0.050748099002024774	0.016282344105827996	-0.08249793234406988	-0.0591411359469195	-0.030656455435640807	0.05978922675762022	0.029342514387703002	-0.015317139059751699	-0.14192515694387314	-0.019650807729263718	-0.0077441116467047155	0.01123914996061156	-0.09164572094021359	0.018101573146615497	0.07842872218600189	0.059349550235112694	0.03979780075930358	-0.011575178980944586	-0.04190692036482062	-0.01981889728699101	0.06841412250230289	-0.13348716924092124	-0.07649991215819511	-0.10487077493065391	0.029549290667321364	-0.0912210081974812	0.12794436581396487	-0.09197454461937425	-0.03394088307478276	-0.08321618696085184	-0.08718129566703846
0.03520734732718955	-0.11205598094366943	0.06924790382687375	-0.03014229774148233	0.032693168859461795	0.01968155085019192	0.0031992718083952982	-0.07636067471545413	-0.012145006540952675	0.02758104709004801	0.05844551809870517	-0.056903023036719826	-0.11720424800694026	-0.03432269604130132	-0.05982370154954232	-0.008585271682512526	-0.10800426360766635	-0.036431058013901674	-0.012306414919393605	-0.0011585625027470611	0.09832437052979423	0.07412211556358225	0.06697739820328127	0.07454120165173868	0.07713859604297688	-0.028604906857866125	-0.009209826622910026	-0.028295486466585588	0.02670035537453129	-0.018136731737978085	0.0040968046096467835	-0.00106988972703502	-0.017205057178184654	-0.031523298035531735	-0.09731840073108017
0.03214828494044184	-0.14495247949864148	0.06153461503450991	-0.0661629906437765	0.01539880730188447	-0.01845991285443604	0.06293310677121698	-0.03279208189538467	-0.0903384264752377	-0.015109892227890137	-0.00018595431432280496	-0.05516112818874007	-0.019220205779830652	0.010302433380021469	-0.05658045900886476	0.03181057711311897	-0.11916722413089109	-0.01885360471313375	0.05237734924941481	-0.03317760348680365	0.09354185666195663	0.14228735209900834	0.0703892667292525	0.06406184221352976	-0.0380471560236218	0.01803169623946292	0.05401182838570266	-0.01711912170596832	-0.02727810254931615	-0.013256267995396885	-0.015561390907759605	-0.02943292936237428	-0.0627984135213323	0.0031432584633813675	-0.08313808098018008
0.03534160866169097	-0.16532698474405472	0.06387242211110111	-0.04341945046408085	-0.024007417127000975	-0.005298078191526266	0.09963594511487034	0.004746212216981595	-0.03595288087939576	-0.026184064172382664	-0.027974468522584565	-0.02112818117912269	0.011805780448996987	0.04278993007500528	-0.06299378846972234	0.09818708956899547	-0.06264815595161777	0.052849278922265264	0.021030092780459628	-0.00892320892699949	0.08015059919571516	0.08372822614147829	0.040940517268553814	-0.016330325425427422	-0.015870393746348473	-0.02155954109958081	-0.03864005899749856	0.00600007163683175	-0.10168848331590623	-0.020059599024938174	0.03595841374196863	-0.1065069156907894	-0.05939500218340511	-0.028636951944935762	-0.08088531107610762
0.037001743905010195	-0.1696206892573688	0.06449149566075979	-0.03702422926527832	-0.07791945181709181	0.03176599558823941	0.023083088236522876	0.06834834485055459	0.02510965982479863	-0.009930558021064217	0.01957788576277215	0.009768532479869897	-0.018832506926454527	0.05063233605572395	-0.09079962963198428	0.0975043808549628	-0.04110173536684616	0.05570383479612245	-0.0335471123606248	-0.02657788994737975	0.08591076359176249	-0.013231591066833987	-0.046175350557843955	0.011616708653226702	-0.0008567632850384945	-0.002632781015978348	0.002969890483952439	-0.01318079417837213	0.007099815852463938	0.0006128364267345421	0.10990959431254747	-0.08381492000051302	-0.0768898175159366	0.006714340541038763	-0.07598306827929058
0.03649929381049838	-0.16582159885987585	0.056156138258525196	-0.03086018731679522	-0.0419558257420839	0.03286347998056974	-0.0742371565394764	0.05230757162398547	-0.041338049343167614	0.05395554462319822	0.03298562486766685	0.036497291630828765	-0.06889880052662231	0.03360285464779796	-0.05267390407366353	0.09572612761475983	-0.06313369651239814	0.049617548536337396	0.02423223227668375	-0.03484392404084879	0.07142511213333641	-0.05389000336399795	0.0875602433376637	-0.05305214374293776	0.04914962533515617	0.032035127633016164	0.13249428328201177	0.006316522313792943	-0.04151435645641214	0.03544437004820004	0.06951655658064092	-0.034917095312249055	-0.041786671939360004	-0.010249519665788399	0.023275800929154218
0.04661510594371015	-0.1376312623146433	0.03339559750610669	-0.023814915640033137	0.08157330183614056	0.05458251945419886	-0.06911910516541206	0.06899122213633153	-0.13058529574385208	0.012698021383314476	0.03410429075656197	-0.013109149210641127	-0.06255413922619339	0.010837864361372046	-0.05671365392583241	0.1510191652197455	-0.026326929578962783	0.05253586415658336	-0.04035884326134904	-0.06165671314729123	0.06662886225838995	-0.16821216349728224	-0.016336558549627386	-0.11393248728095512	0.019188683232347653	0.026842954588755782	-0.07469923969710505	0.009315183751922246	-0.0252282850410399	-0.04081798533936917	-0.18477297814467997	-0.1375943121821651	-0.04122847327819058	-0.017053918226520373	0.05540471136249253
0.05393759798357716	-0.15775732181872817	0.04875770405626387	-0.018538330473097244	0.1278389300999829	0.05621386134392944	-0.03686004364059399	0.007411962776435039	-0.08978827104759694	-0.015321236259710451	0.038754973255419	-0.0020498900479312032	0.037211815740141964	-0.026799677141906883	-0.10898808455837354	0.012242272816285892	0.003770004399289914	-0.0020495926550213005	-0.0035944040443095793	-0.10015602693871914	-0.08441909035676554	0.009754214543285719	-0.04233181323539672	-0.0057062555020076025	-0.07875201845446039	-0.02468760351010195	-0.00024229460906389708	0.02951412076870223	-0.013229509444454272	0.07491453503473175	0.042694301767459926	-0.0015648920794819506	-0.0635087566864948	0.048743202687054614	0.06479901130891597
0.04832009388200494	-0.18594894153888622	0.06171734045017413	-0.01702201742030927	0.14563285225871306	0.06701350867019726	0.03538428219643586	-0.03316035374475699	-0.036247346712251056	-0.022486017373567663	0.07315195184359262	0.009976173659788404	0.01159166167412235	-0.046891218384328553	-0.1045253141123134	-0.03651736728862972	-0.0043128737211442295	-2.1443407340400455e-05	0.05396511364427806	-0.0788945056731826	-0.0006622832177793944	0.014287914806715644	-0.013950400084316736	0.046367155045609315	0.020801750603119784	-0.10165082795171057	0.04727410012800306	0.03714207780643768	0.03807238995335509	0.07345171642787487	-0.008164618433865414	-0.021784291753604378	0.014987604367732582	0.000510228057615969	0.14848885473609574
0.04662606141697584	-0.17121909156037707	0.05775485841919319	-0.036606824195219656	0.07176425230528886	0.04545290292015432	0.08246528235619043	0.028980787503711972	0.01968828070159393	-0.09679411875776346	-0.001276055037343003	-0.03165616563616673	-0.055820965744020214	-0.11998947545730523	-0.09936711746683138	-0.07038863715171534	0.04805242748643668	0.0709823884968046	0.0511172832178908	-0.0337774643942437	-0.053919254321298286	0.03377268784710927	0.08531219060004668	-0.034799530126696177	-0.032803448373237155	-0.039278509986710314	-0.047071496033489174	0.016682766644572453	-0.014351900940748213	0.035008453653087565	0.028966716831709424	-0.06597442399380171	-0.03484268867716883	-0.045523305920896	0.07388416156258802
0.04154019066442281	-0.16378506586247177	0.04942527849356861	-0.03140738466878752	0.04312427570785088	0.020837187067883258	0.06576233909233084	0.0921446675816011	-0.0266251453235062	-0.13284820102170009	-0.03655115440224346	0.03844441644580048	0.05459684218058221	-0.022224235358579047	-0.10481926030017544	-0.011361561045966055	0.008925829909298157	0.16830723699415612	-0.10143030837174676	-0.05847141303776485	-0.019676427744316216	0.03356229020675699	0.02508560114901884	-0.011801455857115053	0.003566048504464868	-0.03663656404480947	0.017785576035489813	0.03117125559053085	-0.0011388023738021467	0.06019339910091935	0.0660150352216861	0.008924415338856722	-0.146967998532998	-0.08639595948483539	0.10004234817611726
0.04408787920058804	-0.1617924861679329	0.03460609573074218	-0.005950699848555168	0.012617857456161332	-0.0716124910773162	0.051474520230787836	0.08455654015017575	-0.04587869452880163	-0.023405619490534376	0.12378494457463457	0.08372426108377698	-0.0019439631198618587	-0.006348648362176173	-0.049422211015990106	0.01980717803968802	-0.015686194799933703	0.12019701684947999	-0.00399951536228433	-0.05594790030532659	-0.03286581712082377	-0.0389483246964394	-0.010219555127903188	0.05689060386510693	-0.07395646095923208	0.03799154757362311	0.04496545291369355	-0.03794369353686915	0.07386539716169234	-0.040510572746717155	0.10289448257684086	0.07392467340363389	-0.16220265853294813	0.05333994045338507	0.1369483342196034
0.05152179566588921	-0.17905874929077695	0.0332948744753324	-0.021314088990869003	0.016107728036878995	0.0005946023790162072	-0.053396870460988025	0.06686499433300097	-0.037881421338023864	0.04735221794444311	0.1504603317104162	0.09598973476596376	0.02725827902870931	-0.028082701322752153	-0.06616407804584633	0.02331204875019515	0.06494702444808169	0.10818415431298459	0.07326091484165137	0.03696702719656758	0.003946720036001406	-0.007225261987168571	-0.020745998840192424	0.0786699678199894	0.007899359834449476	-0.06770940918810209	0.04634844695641396	0.06362390296111406	-0.13516198804818688	-0.006910238962805737	-0.11056319897957037	-0.04770327205575226	0.01936236279888682	0.007688166081138034	0.034198371895935074
0.05111048216292344	-0.16549433636492036	0.019393526393822615	-0.09156180535484706	0.10379503869607325	0.08800866701396667	-0.051407317056576876	-0.006759804383523251	-0.051402750666525915	-0.012825650211873282	0.08603162046296034	0.027883865161592768	0.03577532740829533	-0.14789789365493916	-0.08401197822076578	-0.04192523399642782	0.03227727344058924	0.09182655372073856	0.03262137295716759	0.11401559068504902	0.003814986951621458	0.015246125310715312	-0.1216714265407963	0.0495787660250165	0.04216220681538468	-0.09422932286096858	-0.1104059078787766	0.04270580247851599	-0.05641258408215172	0.03641696712007882	-0.03227436572787125	0.11442055275487975	0.0708044964026996	0.13777563860105949	-0.02080888013919215
0.06479896610936553	-0.1578129770937267	-0.03691658112944542	-0.047883715079262236	0.09976803710906534	0.09467995382618137	0.0692664105418697	-0.023217347957769648	-0.08164011746127878	-0.03202603992651141	-0.014744730633720922	-0.016141797545757768	0.12413888204358647	0.1446825004340191	-0.020454770277757543	-0.0363119620981763	0.007459166831870645	-0.006558446442981779	0.10817925781188621	0.17856199197579592	0.0827999578761453	-0.04295807504110631	-0.14464679600028968	0.06538413873315276	-0.040596135505974976	0.03682382122633096	0.09013965305844587	0.00694219398025055	-0.008543406874612636	0.0539504663883263	-0.19697314859528736	0.20445601723039264	0.13948858332461836	0.12948472276467457	0.0340520104784437
0.07586022626933593	-0.1434860178106142	-0.07077339636111957	-0.005955406333506293	0.07683979709023477	0.01675955576054403	0.10257386552207767	-0.0804506389588327	-0.021995701337762897	0.0013873806097428607	-0.008259403635085613	-0.08716740310371329	-0.027868346354444035	0.20855777527270866	-0.018232439587656354	-0.027089490885650575	0.11808908206535303	-0.014440486056310639	0.13649691271705813	0.18006498025026518	-0.033069084538965496	-0.07408649469594063	-0.04157305693277276	0.09334418765971814	0.024725910029783735	0.07294009423316451	0.09090019106697755	0.07227949011039136	-0.019706637474778077	-0.0033597054076125697	-0.11248795357719127	0.029026830809552484	-0.05899574278559474	0.06905218273910335	0.12342683020552185
0.08270496848972606	-0.11296017399769354	-0.12227560624147636	-0.018887174456198794	0.008638393976041072	-0.010710097274770215	0.12489661273066034	-0.04155206218759252	0.007445881549665037	0.02402310253818632	0.03598489916764834	-0.06398088956721355	-0.0859819451997123	0.1683847912614091	-0.006842093507113111	0.0005921550177133404	0.21673888168406608	0.0018099592625894466	0.03949862626547827	0.12674501633904894	-0.1342441246105294	-0.0681625421239507	-0.029870441996271424	-0.022774118762435097	-0.009147567856697118	0.03710242882361892	0.02393725350958882	0.038591807865133304	-0.10354524692862134	-0.05821641696721961	-0.042301165028938305	0.013873008309743511	0.01815125865773124	0.06586454594003022	-0.006135682145711384
0.0824950353027802	-0.08689198066206269	-0.14960108335152622	-0.05780326796471119	-0.024994001099379104	-0.015183336797062923	0.06502637965718662	0.06252623523655618	-0.014349027746150305	0.03446130070094308	0.09105778274046487	-0.04363818624740109	-0.03184707381327067	0.10273801867810346	-0.03527078172490147	0.009835464299712798	0.11785005903068693	-0.030249618047595135	-0.0018927956631987	-0.03179311441982571	-0.09843369761619289	-0.02818286671058658	-0.11706481891298397	0.07735574672441442	-0.0019410173848484306	0.1555443364135629	0.10261016720449975	-0.08121619379552432	0.02277824563282952	-0.02610783831062615	0.05885459699883488	-0.031019758907081217	-0.03949689723386376	-0.007506660734152468	-0.007457262633486637
0.07785974244675055	-0.042169991109941386	-0.16296973557768196	-0.0013886700275148249	-0.006962175344925988	0.008237262769881872	-0.028563845149951306	0.10542993098243562	-0.020423632201522324	-0.056893925869138454	-0.03578694620812444	-0.11350989729747996	-0.023745684565654807	-0.002722884487141782	-0.020506945598651558	-0.005224588671991207	0.03902863151148452	-0.052439009692195844	0.10225878543206972	0.09655127023480281	-0.051119238318483425	0.12374876597680351	0.018743502285443667	0.10265972018852854	0.07684269083318038	0.08347965322021797	-0.07833715040234879	0.04968627181597987	0.08609575706181874	0.04533153187736368	0.031950221333399156	-0.12766711193028582	-0.012562752986576805	-0.01698184718874065	-0.002246170159230409
0.07120991210080391	-0.045852931456726226	-0.13603258342466434	0.0037316522310357697	0.03880582070849643	0.016519940789673407	-0.038832411577834465	0.09825195904096758	-0.050622677080569806	-0.011560678138623912	-0.1218640765556674	-0.0622498551163937	0.1443135676753912	0.051791591245098446	-0.0298952206019316	0.05618798459898718	0.020274073535090288	-0.010003470896894844	-0.10794789903401873	0.009581453798637944	-0.0428659642186098	0.07416090359006344	-0.007406752283349194	-0.05883543425707169	0.1884145829786503	0.19120999029410407	0.022367203678358313	0.15406917215000082	-0.13901609207491222	0.028876229079519866	0.045159340366424626	0.16721192815545477	-0.018596870246293612	-0.09210977587383584	-0.09601016581905014
0.06718084156869114	-0.04160379196061733	-0.12086574902693713	0.021231149742631666	0.1179104009217213	-0.099816060537147	-0.09629962803288489	0.04359405069373184	-0.04822594390804817	-0.11445946018657932	0.18653465103535843	-0.26613248815982726	0.06688300806962487	-0.11043577176258533	0.08524349717183816	-0.06819140000469001	-0.08810678874269343	-0.05570295540603938	0.035745620003763454	0.0004598233212384714	-0.026748021804413512	-0.19264526507033716	-0.03840136523727053	-0.08154759332337654	0.13688185218255294	0.23800462850563675	0.05143813532252253	-0.009423118612521833	0.030961357482963126	-0.047821740580883725	0.05127039057000647	-0.004766739584907479	0.017438615513010715	-0.03154358905721792	-0.16258785043582064
0.05978908961221205	-0.07190347451570013	-0.10181645373721548	-0.023598712629913293	-0.021231628721431375	-0.1537551969921981	0.06197570271973149	0.00868400117443193	0.008922863931293762	0.07293029743557047	0.0969670521788092	0.009726080220432433	0.11917860250785288	0.04006360827570512	0.025331325842030183	-0.16560960640604405	0.05028024201551322	-0.07776864584755791	0.0003315096294897878	-0.11215507585919118	0.06992452494619304	0.10085485965167676	0.001269655546080474	-0.2179369267806927	-0.051951453627649066	0.03633383623198984	0.05649346774988695	-0.03652677455361915	0.06872589902359647	-0.0061222690273576245	-0.0075106569293427045	0.11344558985233383	-0.11559763029989382	-0.012423579125763036	-0.11854598565103891
0.06079190721100757	-0.08414367594437852	-0.1312004639466332	-0.11122491849348504	0.007723249589029936	-0.049873803139649724	-0.04713438602923415	0.012145470625686319	-0.1263594978118955	0.1317448164159316	0.024196417606563235	0.1308264417896992	0.060423285315344286	0.07405036818492135	0.0747696522751553	-0.1574867986299852	0.13287227102166432	-0.011986968905444465	0.04661738557865738	-0.02306364498020702	0.022298474144250978	0.01748095087695163	0.10189928149714819	-0.19678816835521082	-0.10346614514420492	-0.08504391985337331	-0.0016574266151092333	-0.0449356746756125	0.09062948169134258	-0.11367322546645207	-0.06634424435687468	-0.010674366591537584	-0.06805048806694076	-0.11521803490525725	-0.11313580852580013
0.0718279718665781	-0.06323295733410098	-0.14371559824027977	-0.10678202196261193	0.056585955401609246	0.04924166457744495	-0.010489225204601849	-0.02849437375553725	-0.04443337208032179	0.04026085395964128	-0.048792121014799794	0.09692140015893082	0.11826295199708163	0.13573853515294115	0.147040775263297	-0.09008632866587143	0.053877628056812475	-0.05042828768404569	0.06783299454001843	0.059247624440851555	-0.06021919102044719	-0.0385739131079454	-0.07810539613393122	-0.05292458729829488	-0.2422501547438667	-0.0392246244727876	0.015134144748153007	0.01637396473899311	0.04799317997320177	-0.07594157684636384	0.016765335217330285	-0.06376519921753743	0.17884796796529412	-0.04425888768202822	-0.016460949805437053
0.07752957153631101	-0.05906709630778591	-0.14193543610431456	-0.04838088220241073	0.05274474733483801	0.09811431113929074	0.018023306593822005	-0.11610929421862785	0.11854833865675295	0.07642661496857513	-0.02282402080097308	0.02319385555250747	-0.008628131455918106	0.12296082995330214	0.08113541488670027	-0.051373382567620356	0.09953136683045262	0.03231943520020368	0.005081218473867606	0.1567342310955384	-0.06392514014415843	-0.07440085551274253	-0.12518104739260677	0.07137277397469145	-0.018081820277345714	-0.07569240857367804	-0.013592375036023762	0.06757121429890352	0.01103866891560256	-0.023453703765578086	0.08409141622918061	0.004337498966323277	0.11952350107857548	-0.022695830987493976	0.10589559111292787
0.07684740696803538	-0.04381113016687049	-0.17386212560575573	-0.08463237210629695	-0.018089202533603087	0.10319130772067299	0.08180395939983127	-0.021013702437242196	0.16750550414112392	0.0682249539685509	0.008991442777952531	0.0285112615125781	-0.10958955571406044	0.08991101463567885	0.04086320859054243	-0.004723149829428392	0.1771523025853738	0.06449678631728677	-0.09538567737484069	-0.023770091352362452	-0.08583301411435591	-0.07029876177525358	0.029538033173572825	0.00607154980025126	0.0811064207725653	0.024433047566936813	-0.07089005458595232	-0.019333821318171136	0.044853131082490484	0.008085905806053922	0.13493250027368658	0.04155783195297595	0.0269326551264469	0.08388779319298263	-0.020686832165500282
0.07699715472869836	-0.007477637318062696	-0.20800567821018773	-0.08762134672045489	0.02632451007675222	0.1646011719178498	-0.06797930674997867	0.05189354099073688	0.08270688283482532	0.052890600266848234	-0.02014353159155753	0.014765737940648574	-0.09206888518083292	0.06323369380742151	0.09720036876446017	0.02333952556658959	0.10519172461927412	-0.03661488094000707	-0.03114302946876802	-0.1095735699355252	-0.05436936734225452	-0.012082992579889104	0.11188082808300943	0.03949308431621709	0.1205316425254574	-0.06739146303178693	-0.03995294495170136	-0.035851349988669665	0.005757016376676069	-0.04932753301930494	0.11832660881068528	-0.07272283395770535	-0.010257131848414165	-0.025223237680789042	-0.05034070956066619
0.08626628933567725	0.014156185663483815	-0.20549963919187558	-0.04640269910708441	0.10081602183757966	0.15181428499071195	0.014585108894071327	-0.016693674805454584	0.08534009182026678	-0.07847868692760772	-0.007527776045955624	-0.02304022689528257	-0.045411099123357945	0.0051983382856489084	0.07526505995168781	0.023216955985853643	-0.08825750923493195	-0.16524840282922285	0.044501760010522085	-0.1363106251662855	0.0718909878625005	0.042041010904919796	0.03290282946631558	0.06276647958532361	0.03610073402541218	-0.04083796232387826	0.032724929948320464	-0.11551796649715915	0.018366803992314443	0.04449683727923727	0.06877884158769264	-0.11678138994326437	0.04187584598971725	0.02738763294171314	-0.052440944834506294
0.08767067409792616	-0.011034515423623102	-0.1529782642605966	0.06928328890419816	0.052769334186758714	0.08342168490749108	0.08556636509368089	0.017979960100613857	0.10731042927208959	-0.1928521292565363	-0.0532232791992837	-0.021661660420155507	-0.04096501651159468	-0.013234477293500066	0.06826889582254925	-0.025933102389229575	-0.1063338577278216	-0.0934711085165891	0.0995094407852736	-0.05289333595128402	0.03262430496131997	0.1255322324274335	0.060320523144410804	-0.04093076559249929	-0.03135678100484201	-0.012464771523224085	-0.08773925144743758	-0.049586931645684625	-0.1328437434142014	0.12085098920422793	0.06562458379465651	-0.0032714957596769872	-0.012488737030821984	0.06150167681271845	-0.07572481766122163
0.08221607213683288	-0.01679849434163945	-0.12255168092093786	0.14181582374984636	0.02501261041855968	0.00915981199696628	0.013574646306950232	0.10251913436813517	0.0668006562645852	-0.17227886443890536	-0.11128775636072887	0.03120585099161046	-0.04080549092602869	0.0325210221762357	0.02356357239972973	-0.031265987627262036	-0.08065257029549376	0.03594939252205876	0.028338692009362107	-0.03563980407835932	0.1331444432298263	0.0006947577921944657	-0.0830227798411741	-0.0508607250607162	0.07589659919495079	-0.042371454108538584	-0.10591789439894579	-0.014763860203359104	0.025005520609562504	0.1531730064412312	-0.014128235075055937	0.0874167532706136	-0.030909322166090724	0.08729336529804249	-0.06709993641587646
0.08737188268261267	-0.0010168783762913437	-0.12847308615335443	0.20865783415801276	0.033745396723119124	0.01049339323987423	-0.05923793850556968	0.058090604267768076	0.032398215839535144	-0.11886884421836287	-0.09768237727434964	0.005434309721436288	-0.03627396032303307	0.07844787342626806	0.06062748148309184	0.025180344080795447	-0.05688757723331833	0.0583355796171528	0.004614343602373901	-0.033946241084749126	0.07889098296323925	-0.03408788567267289	0.0678646350517653	-0.056287225173736764	0.04263105038633218	-0.07853531200679068	-0.06786472953052997	0.02958236586339707	-0.0712338690674676	0.1320086809200407	-0.06709305718992692	0.10736663471162121	0.06548130007464321	0.13006773228461213	0.05401571985038855
0.08991542856361978	0.009112811617410971	-0.1348624972416202	0.24010747170993432	0.020914222046978705	-0.06712592834345932	-0.046643929582309264	0.0200269268885594	0.061089720100145364	0.011111179760424375	-0.04050245331713705	0.036345609230635435	0.0317295364939076	-0.035015368554574454	-0.03361232121238979	-0.10214875243266751	-0.1350820302791451	0.10436219549530407	0.009925461801881825	-0.07613647121401941	0.10334404605638457	-0.10176640702653285	0.009408536503823397	-0.03846704613481226	0.032471536073787284	0.006245292745255204	0.01902394542872915	-0.09156138211267742	-0.03130085108005327	0.070612749889525	-0.08211930419404896	0.001684959354556266	-0.009759436576948013	0.031865405020642903	0.1829986850938743
0.08294349528272266	0.017366898698156146	-0.13303155802993838	0.21830863703928585	0.014254069109551747	-0.11558181142551041	0.014296119189431628	0.029635163879016848	0.06975706272331646	0.062115439666850354	0.0642965685312502	0.06590844307764002	0.014047757337946836	-0.050287476801829	-0.009809780758912926	-0.09837679935543954	-0.04619957243169104	0.10111191324024674	-0.05675153953051404	-0.05532057364647244	0.08247187119024285	-0.0012004229867442345	-0.024724649156879143	0.014901781266507999	-0.0007277983407830563	-0.024129864645003	-0.049197661994262745	-0.10082954532868818	0.0003650475307702128	0.10925510923711759	-0.161139992384915	-0.04813657361143952	0.01061511529730037	0.005321568763671708	0.10190902996298919
0.08114628785821089	0.0178577117532537	-0.1547982436714577	0.148425240722212	-0.0029048317807023323	-0.11593885714628283	0.0269861303781042	0.050890396271739004	0.03639054481311418	0.08576534198125581	0.03462656421883789	0.062323390786431634	0.02618457553995126	-0.06928060748631035	-0.026980376039748753	-0.09554678108486911	-0.013205169718088015	0.06281771081573646	-0.048854155495257526	-0.052089165216134284	0.06251041830107325	0.061455152931430224	-0.020403728173967357	-0.003346410933873223	-0.061493320848111405	0.007407142284772279	-0.009708728697398493	-0.0703037726504326	0.05258247993512564	0.06506593308075861	-0.11822553354916837	-0.045568955726224804	-0.0019960997022138993	-0.08960537624225945	0.08779752202733063
0.0856919866433783	0.01575881970954194	-0.17229184041553483	0.12618309278963552	-0.0030074200993255515	-0.093462624963353	-0.01508956294013058	0.05795885935308176	0.03218302071747603	0.07329741284122009	-0.008091808849503666	0.08670116663864906	0.008595293531467072	-0.0819028145779969	-0.0012540990537306682	-0.046730772234743805	-0.027099268473245446	0.005110761391841415	-0.02200583922689893	0.0007986014248971864	0.019447669281090207	0.012928645516261428	0.006147769888387798	0.04018848261077661	-0.06606107118136742	-0.009057801408381999	-0.008151740483145275	0.021973528500746235	0.0672499806600896	0.029891961467499704	-0.07238767487840911	-0.10279916660284386	0.015103259369828394	-0.11643596916372916	0.051178800815148744
0.08266414660657624	0.027598773904105218	-0.18076856144181594	0.11744802021721254	-0.0068714288635633005	-0.06081990880582196	-0.04764990669183816	0.03828768377434507	0.0261540245247496	0.06779470938488599	-0.019651239903507114	0.0785961787603718	-0.002808775741339714	-0.10579061781675196	0.010784284157111064	-0.00824926783330263	-0.05737077626770236	-0.018941804248082256	-0.006084266101260644	0.027639547779993952	-0.03309561418545749	0.05913504812306134	0.06771636691563968	0.029753313928483113	-0.0017592761698594192	0.03839989922270362	0.021481008426969345	0.06269549128071278	0.01940771387097192	0.05255388081681471	0.03717314682161972	-0.0762693891550172	0.0006665772924925248	-0.13902774763015519	0.07487078885164627
0.07615599233807692	0.02230762005548575	-0.17520324767158996	0.08066282405688303	0.012439916940592351	-0.09535645266916837	-0.047653235180974376	-0.007697009762622309	-0.09363081735612197	0.11297038689230834	-0.08707406710475933	0.08919830396541276	-0.013640057660685961	-0.0947237197948264	-0.0016812395611800481	0.0028692172791032703	0.0015621890024076386	0.006671357659035407	-0.0720250270594272	0.06463617490459322	-0.04807934840045401	0.037077329436037115	0.045749106806615224	0.03215239275548883	0.03842660794797203	0.007906688269499407	-0.056400922967709	0.08191980237743263	-0.04164594473160169	-0.0255590071945861	0.07247725595105818	0.06984682462817965	-0.16323922485578188	-0.09833152057374192	-0.012816038401049938
0.07789167863082025	0.023391281560139105	-0.191152139739066	-0.005029366147787032	0.04047332578228538	-0.09459354846858826	-0.004027741874413072	-0.0672816705253795	-0.11895009388017394	0.11641830608314627	-0.10389851756450795	-0.011912755469095484	-0.0821999501718588	-0.12144574573057171	-0.020874798587349218	0.05281311711052702	-0.01827911405885261	-0.09856175586537635	-0.08662583903570766	0.07416701058648432	0.10303734475452846	-0.053899553937263214	-0.06336448165212336	0.10845312068089408	0.04150026784405243	-0.07030258039513014	-0.0384079632526568	-0.024359114987293876	-0.03262488905148515	-0.1701256312554478	0.09813332465911806	0.017356207095831473	-0.08440657532139255	-0.023655524237164265	-0.10791091710741733
0.0785846813282411	0.019898539742679192	-0.19367659154795253	-0.01707116934500033	0.00816187219152792	-0.0864346408758371	0.0892298930559117	-0.03907703853007158	-0.08173912535727508	-0.006783648490337678	-0.15027254993159797	-0.0426083936685666	-0.07677450462475277	-0.05825469634424479	0.04139610347421526	0.10546149801292397	-0.07195611271853884	-0.16741986050038926	-0.006356497238124252	0.01648432654183825	0.15454016813070662	-0.04143147575000986	0.07074809021043063	0.029512418660855914	-0.014943804477988973	-0.02446094187404347	0.029868650698468495	0.0022632669558204123	-0.08727657754198592	-0.16888869076542962	0.013673492329689722	0.05217821313339627	0.026351079139961955	-0.015022910659135396	-0.019478523899310048
