ICA_00	ICA_01	ICA_02	ICA_03	ICA_04	ICA_05	ICA_06	ICA_07	ICA_08	ICA_09	ICA_10	ICA_11	ICA_12	ICA_13	ICA_14	ICA_15	ICA_16	ICA_17	ICA_18	ICA_19	ICA_20	ICA_21	ICA_22	ICA_23	ICA_24	ICA_25	ICA_26	ICA_27	ICA_28
-0.1609811972509359	-0.08789952772837271	-0.8986782873626523	-0.4659169439612101	-0.5148696230594956	0.5562448181906697	1.5589034580375394	1.0102140807766928	-2.12268703560273	-0.22106263381163144	-2.8529203190859933	0.35114058723392066	-0.9474137065555744	-0.7046532163427938	1.8530111509723435	-0.7050009746682263	0.5614698169128816	-1.2212707090792785	0.7007664085662226	0.4078636372302939	1.2439509002448206	-0.8393558830429056	-1.4562919362476026	0.1475318694867138	-1.0746024202173994	1.6295107143112595	-1.3380953021249309	-0.29160280387025755	1.9913245951920242
-0.3392625048313913	-1.5566611908537455	-0.3002495393962325	-0.17300625486722798	-0.9716005753532319	0.3647119296350832	0.853717271299951	0.3749910538580133	-1.8136402785838408	-0.42660365385895477	-2.4286558288903923	0.2378327323757447	-0.6264349292437419	-0.5767267688552563	1.760896400088339	-0.4887669577635645	0.21514979357097735	-1.3120819203831464	0.3087875904822378	0.37468245397432054	1.2279895864213568	-0.612107362180824	-1.1899460349642939	0.43897445096879684	0.3217591526896089	0.1692901949993233	-1.2952204878947662	-0.4431302449611414	1.801618105827564
-0.6939681013621086	-1.0069358502250072	-0.8747878032229511	-0.1449674269416606	0.16199004354054536	0.036039341206564046	-0.9548077895922457	0.5240213058170607	-1.6607690027410316	-0.6132650539291031	-1.6308497029753566	-0.10937304234025313	-0.2487295420416257	-0.49918338439095505	2.3426785501817013	-0.8844046274385639	0.6214155178246247	-1.3967963773718182	0.36516535488487256	0.20314024771884473	1.3930102329219891	-0.6053368241227032	-1.5581320820016569	0.4745342255201567	-1.2691932819783318	0.06660987948224456	-1.4987407303943814	-1.1426444693401632	1.3142795069502042
-0.5746278858485511	-0.39697631202253125	-0.6743865070168051	0.22390027730809073	0.6647200619729872	0.3740226832586697	-0.9732764375328278	0.3164564569819327	-0.36326974769847276	-0.1276662396655192	-1.3147344284999853	0.274971459418306	-0.08281784437996749	-0.46381563907495954	3.2835967956285	-1.0369582919903457	1.2708880837145022	-1.4452569186918047	0.14993703035811912	-0.17602497271075754	0.7317485085444891	-0.22603057091507375	-1.8846997761334228	0.3224501789300211	-0.9634641018273895	1.0699365400765162	-1.3700272012647696	-0.9871958727963241	1.3924776689519371
-0.24219627374644465	0.06499586255149882	0.4529973225351415	0.2006362322307747	1.4157629044973328	0.5296569356197606	-0.49238847803782493	0.1213707638814643	0.834578952333774	0.05225954747371114	-0.7535923277398947	0.266453797103299	-0.10018239824192672	-0.46298875446664955	3.01991792730596	-0.42079385135650943	1.5030662067757767	-1.3822338682381303	0.2597806885437071	0.2905817750728233	0.2518625780274689	-0.6844495300870883	-1.8945574711376236	0.12350266498859319	-0.6050859418735569	0.9640512597530024	-1.3594928788173448	-1.0036017468339113	1.5436348309784902
-0.23406215377984926	1.0616558064529915	1.0695985130780428	0.005708249304394406	1.4507957980521984	0.554080439822506	0.059767636647611005	0.062328284461857814	1.6383648869633405	0.23137544847644054	-1.0009533447436891	0.5011274139902023	-0.09174214851886038	-0.48442980347564973	2.1686632124523104	-0.1838562664544134	0.7178714504689301	-1.3258464662644285	-0.007123976609136555	0.14608576558351397	-0.15087725463750384	-0.8761818601681517	-1.604124015336022	0.5416036658167641	1.3441363575535847	-0.26085208088474526	-1.340930104147157	-0.5210911808886062	1.656008298522349
-0.05712985521600315	1.5725898585525824	1.020465935392142	0.3081190369179729	1.289059246918012	0.3570809589698904	0.1791777951151342	-0.102465371944515	2.297022756796551	0.18525706680413878	-0.9829561511183235	0.8172755670598956	0.5092973294773336	-0.2716496801537438	0.05924037737859026	0.6510319674098324	0.2398042955998949	-1.3789186095022876	-0.13610611315138224	0.1618201991084193	-0.25764516787328584	-0.6732353546040998	-1.3062040401610922	1.201259026562979	1.3547288671596254	-2.0208352726547525	-1.4171953457541973	-0.36417040000972273	1.5387795286479915
-0.22888799866160472	1.5315087687805742	0.29550967932845523	-0.059825665123890724	0.6159156271896505	0.4156714386792573	0.12380649297460998	0.07104097078638194	2.3337930573265133	-0.37934618516603835	0.8532813113279335	0.716907563172124	0.7219844479389385	-0.18414833287501475	-1.230927080461786	0.08915312907916972	0.19810603182775674	-1.279967308589063	0.09815490977873252	-0.024411572072004183	-0.3836949763216779	0.1328058440475672	-1.3379128010521661	1.1699474498051181	0.6823148598147355	-1.3014253230329054	-1.1893980178646588	-0.31033923308629047	1.8877379758428605
0.0870841369052546	1.4908259561118422	0.4315056669623057	-0.23741892666230952	0.0834102527883489	0.2568081115440925	0.8036034042381588	0.0037012354722394942	1.5295415643060566	-0.49303812115308426	1.45035181388582	0.4587889283548546	-1.0515197860522636	0.08431543780936727	0.5727808447724543	-0.1477480313667278	-0.39161167381764106	-1.0732186370136978	-0.31581561117708207	0.0687793952886362	-0.012086232472345726	-0.26409421082626233	-1.0278101128078738	1.6949852550239064	-0.6285217790582375	-0.5067367278797531	-1.0680560038630253	-0.28864635729126426	1.941619998976422
-0.10214564382938761	0.561098187402184	0.8861618418023545	0.18789287397938972	-0.38751828473491806	0.17256979427528285	0.9845622136278407	0.11106822439046199	0.034317078707689554	-0.44120735149347634	0.492608732775218	0.262652740919387	-1.6011728187197012	0.038681008627259636	1.0378296905922337	0.13380529543692568	-1.6330711057714002	-1.2547560444760677	-0.9219370548019018	0.14895980262806038	-0.03989231152123061	0.07363115090249805	-1.1256776246096805	1.6612564377915968	-0.9343597248143756	1.1740118029914584	-1.1232199394699631	-0.6265564252953546	2.063479506986924
-0.421322510103862	-1.5828639879422592	-0.26958415377035316	0.13027429305528945	-0.1692687630664967	0.2956505648751017	0.9638493165961314	0.21065283778728003	-0.37076233801647696	-0.3412359571678658	-0.4021083677345378	0.6093268692096223	-0.6406588131957792	-0.16856923140767585	0.26258835698950345	0.020029739006813256	-1.904860029053008	-1.663978066438669	-0.4815659245275033	0.03912698100435259	-0.103446623651694	-0.5922296822234261	-1.139653950011639	1.6864652356148278	1.0802725438319825	-0.3411176089171678	-1.3594924297612614	-0.6554565924818734	1.8001364708937144
-0.7199087542196391	-0.12328483177123965	-0.36317687495271134	0.4417945045906538	0.05188366010542906	0.2746781458213806	0.31326935457486343	-0.1902138146572005	1.0172168542727948	-0.29706262886449597	0.6655374306460712	0.8221971278600682	0.6940850095924302	-0.14218063875215262	-0.5304568841809605	-0.12458109867137833	-1.0289644815944554	-1.756513260493904	0.8241720270447211	0.20091611941002505	0.2704993064580094	-0.5883873362975771	-1.0067632936053998	1.2943366109078565	0.3675942659470411	0.3706897986894902	-1.5497318626523129	-0.7473136367986571	1.533248920792074
-0.8698726751342378	1.4778642536713609	-0.4511903703070901	0.35720255380148114	0.293466260237859	0.32834661101178153	-0.590909819956159	-0.05123072181969698	0.9496108763862093	-0.4686540643008439	1.2262181550759084	1.2076748876591523	0.8712329384456095	-0.08198031155831674	-0.934641360728937	-0.9598069941402443	-1.40345031866638	-1.3050139868428752	1.11213068382783	0.059862134048444954	0.2450314703142403	-1.059972071819995	-0.5423745924581227	1.597760475238472	0.8728492767856976	-0.7803134654020379	-1.3874649686418903	-0.8853315468618512	1.5258195253427334
-0.6938683028321707	-0.6726695496918489	-0.7048095895491588	0.11450555512122758	0.079182932478555	0.29657443420982005	-0.020236832740454336	0.2118237994937106	-0.14432462749397115	-0.27931667213696115	0.9691263265153502	0.9562604139217538	1.1833250071544636	-0.2736837406386377	-0.2087015847680308	0.19131135175520883	-1.5216123882336456	-1.1836658912881195	1.079260243953552	-0.08751460763038638	-0.04205092762250479	-0.8644494592601464	-0.7392083588037683	1.5820760241273033	0.3143254007044306	-0.013959984207808392	-1.3763363922325829	-0.20159154057309808	1.5948437443911443
1.2310982809311182	-1.3100158933424322	-0.09783471906683593	0.3533882374187045	0.6947544229573982	1.0517613853648133	-0.22939258160299933	0.06334814574144983	0.39009781196483523	-0.7868906605484413	1.3063834183172653	-0.17616410380080777	1.7776665943887153	0.05586560579517475	-0.24936658373432835	0.34419907721630716	-0.44994928701758763	1.2373267544863635	2.567952477941771	-0.3537970972023337	1.5764278627911683	0.9292487829747816	-0.7537516464277328	0.9180842740721351	2.7258455066255936	-2.3126761124778454	-1.2605622405864156	-1.5781976093127377	1.0567297624446887
0.6527930942398243	-0.7600531306560485	-0.5871902571969112	2.2660553310803646	-0.5984310232260223	1.1189948900361555	-1.516035689093191	-0.10620755615441291	1.4208074373226707	-0.491864575394688	-0.016749288074816057	0.22156169720606794	0.3266468296795599	0.21144486510816832	-0.17873895826863626	0.13924175018362553	1.3244440073142367	1.2285097706416208	1.6280334855870047	-0.14290020882532692	0.5312457232667998	0.14194652965088259	-1.2052108454211048	0.6441935864929098	0.6142105600177228	-0.8554368000905056	0.134690699107435	-0.17226136290740024	2.2265467603637066
-0.9028839361791661	-0.8693358816969554	-0.06132236802530521	0.21827501139106026	0.8208537533089485	-1.4302492967834757	-1.4627578298417059	0.07086661731033063	0.07082456629087228	-1.5121450337221458	1.3986881419206465	-1.1383655918858797	0.2253021596374406	0.184708536471376	-0.9916320808661452	3.675448790776667	1.8704784015018776	0.5082592288277356	0.5867996306539223	-0.3611341271764472	1.65646395537332	-1.4928438757388207	-0.36669458078150213	1.9830373092497822	-3.4215789112543664	-1.77687211551679	-2.6811587470398943	-0.4230445863014879	-1.1334218295024463
-0.4268840819357823	-0.2437466994666661	1.1016888386585737	1.7557821081533698	1.0305775041299419	-2.372810906251645	-2.724037760584855	-1.0442057401212548	-0.4896409911040721	-0.18587019594922688	0.1683332903116086	0.36641938610719416	1.0072656167321419	0.6310806666384216	-0.5955557396377315	1.539150074649852	2.458067095215059	0.4165855905329608	0.5101730768499767	0.14801787221243226	-0.6188441969367786	0.5964798446307671	-1.4285352419367554	1.707073174707735	1.6373185968896458	0.4598942720471405	-0.4801384843826252	1.7539134117442376	1.3212039683710244
-0.5633687060488026	-0.0894275970311241	0.959335620517216	0.11331856643671671	2.6677589115977796	-1.6570451642022421	-0.6964722792770877	-0.17122511001858431	-0.885370883505852	0.47632806571323455	-0.4718571264265623	0.8062376130985934	-0.7123652432258343	1.1725516395107247	-2.435873070107902	1.288114002157113	1.1938664336528917	-0.21196856743104947	0.6547431210847473	0.11347818878703253	-0.720424042259017	-0.1709604909450791	-1.0947794640617192	0.9868260480912069	0.4027192717244938	0.4447175034331719	-0.8443997107125744	0.8886528696247451	1.058227004765028
-0.6379705618043081	-0.0949780584921935	-1.1659348031273102	0.4040319468474553	1.8425100740058857	-1.469052422517724	-0.4287154430348698	-0.014556925578504987	0.646459061765678	0.6195679070684523	-0.16791035588857622	-0.10776156400925488	-0.5159050587566767	1.4076044896712832	-1.7957821971069614	0.11413477961588546	0.7939273308561949	-0.45917458205577155	1.9696294542219737	0.08586288324370396	-0.754352130443831	-0.12663248619955586	-0.39688932154795087	-0.2035484906812568	-0.1714157840782824	0.3042726600823018	-0.595336689748563	2.2044074516293524	0.7857333890343018
-0.8609556400073637	-0.3972602914830727	-0.5965739075356237	0.5526560304432843	1.1914774884948662	-1.4114004915851184	-0.43517697188713095	-0.0440170249332315	2.2040232691682475	0.7404873487669931	0.4802424596899225	-0.7940396347377215	-0.3215912454399905	1.3979286256366317	-0.8509088257267383	-1.0925088543006118	0.3440370260689951	-0.36480095195937934	1.750350417176344	0.3412879442083956	-0.5708934119534569	0.5754222991715174	-0.2566162618324076	-0.36725902158106355	-0.22843552860703598	0.6402602297630653	-0.38992531737922215	1.9967732254569484	0.8328419274693574
-0.531403329908102	-1.4193427770511031	0.21320004400913023	-0.2805103683035314	0.3534722225561025	-1.223531908216734	0.6377594369098115	-0.03636836714830077	2.1581945473371937	0.5539042336714973	0.8666247816509474	-0.23561146795229465	-1.326386032389054	1.6535364866974338	-0.8529885676480322	-1.4138434410837661	-0.2637466443399566	-0.09818614676275747	0.6480728871210827	0.36960358885388767	-0.053820097122159676	0.12191084827759004	-0.3270952782794956	-0.22930264687166013	0.28735733022905335	0.04992632959835299	-0.7054746774494566	0.12076498075797541	1.124981979630612
-0.3461597650097118	-0.28197995379933616	0.2877618601498142	-0.4852668222491005	0.6067161295821677	-1.1700034530972956	1.111795644705332	-0.010702526349650224	1.2662408067851607	0.7738870233149412	0.15534744746477006	0.10409941271722785	-1.4306479444488256	1.502595534070348	-1.4215473394505944	-0.9398359074923682	-1.0681496391849798	-0.38487737380915527	1.1483594972037947	0.2580131902941962	-0.23824222783804322	0.5942168531180761	-0.5424556105537701	0.0920167322421601	-0.26471077895100503	0.5555173983557111	-0.603219509329696	-0.47318290260039636	1.2039519275376633
-0.6215509973207268	1.5700391585894504	-0.9352386356250011	-0.4767068341518954	0.2164842314574415	-0.9727913662259469	0.6269951243991291	0.08744893781669387	0.5895179436938308	0.4961537120435281	-0.11335726431976341	0.7222734720073561	-1.1512207977898046	1.6670661473677302	-1.3869721721887853	-0.762390975392735	-1.306571121867715	-0.2148142475288831	1.5180939387920922	0.10712505144719185	-0.4325983212802289	0.37138840258115025	-0.5242615472675137	0.3772396302007534	0.31899947058901446	-1.4048067162302171	-0.6669131701836907	-0.08127468142169723	1.2533167543621109
-0.5584348321212963	1.2223792687976278	-1.1110102657273482	-0.43811216907573103	0.06679703464053416	-0.8055743636402962	1.1003318965776805	0.0978479729989814	-0.36012505129134814	0.26944843940353197	0.49511436143677784	0.9055480039807813	-0.9797255271678283	1.4635767991909128	-0.16385470014747341	0.003286714777395054	-0.3931521920463465	-0.12445583897644016	1.2687733147989546	0.1951988749977334	-0.6453481134659945	0.4951507103243668	-0.63773574978436	0.49628229647586675	-1.7255798588737046	0.17640557297844275	-0.46515250031295163	-0.8495272827294086	1.2116675169080677
-0.8839834725071545	-0.5839057833548071	-0.41204945370861146	-0.9718675744532161	0.7042412972297606	2.099807685350641	-3.2577760421757453	0.652616888000448	0.30475556870169507	0.12586096305668257	1.0807869915606774	-0.88056263552348	-0.6754481026490056	0.9891823814489509	-0.531400976834257	0.34311262816703897	-0.8871459191885234	-0.29814610535244884	1.3132757847908452	-0.08723353212255419	0.5713436001059117	0.34559157318321504	-0.32643351615192706	0.7507773557382693	1.0076989455913208	1.1912822435256754	-0.8925862053324399	-3.005920058109756	-0.4293248230878773
-0.30753507766426813	-0.7611892498437827	-0.634276914252134	1.2081720914611003	-1.790725223723419	-1.3536681472310188	-1.661876927520772	-0.07025503193375818	0.9894925127778501	-0.8563435588279494	0.36030626119188386	0.07974465499818795	-0.2719362156212611	1.1621223132917202	0.4597740542610524	4.406269859950529	-0.026783192607712298	-0.6308042698699182	1.3832958447526478	0.35288484792695324	0.41127797678908207	-0.5506792023392202	-0.3082101829357263	0.7106958686580379	-0.2124662235660375	1.1912104582971839	-0.30637147571507545	-0.7673752322254203	0.430200339536558
-0.3499683932248801	1.1747612166530894	0.9610623077537995	0.24654714412688733	1.0355934728423906	-1.115211903527153	-0.8183221120302996	-0.2808038382728627	-0.2847677543468759	0.1618544887983702	0.029152391420644297	1.0143587591204333	-0.6420644312839746	1.1958941169094766	0.149410590089886	1.4668641295288014	-0.3631592847151049	-0.36039293913438164	1.5895131326735954	0.3787947778676626	0.34291578435770087	-0.7402266580620731	0.24805740542082286	0.2138342293704462	0.2901357132445507	0.011346847561455741	-0.38296401848457995	1.2969863802202146	0.8345414844347393
-0.7466699302437306	-1.1879299162372894	-0.24452161033805422	0.0011085129128959093	1.6101141047063527	-1.5800592707325767	0.2076561452439335	-0.10527948162638838	-1.7777219197043224	0.5458375933079355	-0.4049589055633302	0.2886384463879038	-0.7892418699295262	1.085818901135014	-0.17030314813488265	1.337109967077928	-1.5173681131363035	-0.3936877642699227	1.7878235045267268	-0.06759871017494047	-0.2452977470006321	-0.5993068471482905	0.2485508554012433	-0.7102734065582007	0.3570345192423008	0.5751657051027564	-0.6760936535558788	2.0504351648430927	0.768488102274409
-1.1206190933091922	-0.8752077304294265	-1.9593714511876819	-0.07365425723393693	1.3755853182058784	-0.9961816237808124	0.9364277304574793	-0.02998848957572635	0.6769691962808972	0.3154784975783559	1.3259960667103978	-0.17611986087398593	0.874303169840639	0.69059766391799	1.1336142325065819	0.45579853046953495	-0.505902876033423	-0.4590579305978912	0.7253040924867015	-0.06205000442887062	0.20885792120153113	0.30692470186418447	0.283521601153328	-0.7242866047238529	-0.3051711054950096	0.9410593289530267	-0.481860900378983	1.8219931405915175	0.7507678941327428
-0.7899570323986521	0.5757427219029375	1.284792436113785	-0.3575687538513216	-0.11182956235780951	-0.7193841608206133	1.593950379997403	-0.266254598577905	2.074660432579235	0.9095480099567903	2.4731347177971026	-0.5005031864943585	1.3786011221818968	0.47858410260878215	1.0347244149706598	-1.179873478138076	-1.2584387643883215	-0.5529619315548291	-0.3376689057967089	0.1556744928254521	0.5326530560726462	0.3573186114433522	0.497104065317277	-0.9496618595691022	-0.34596453917594505	0.5384777760089615	-0.6471637691329314	1.1414441792842414	0.9805669002563817
-0.8108272747581905	0.7830799265240428	1.8201769290408514	-0.13485985094415362	-0.9082521214206579	-1.2198245038127802	0.8349492977286749	-0.10643903760874064	-0.5402857911825507	0.917080194437453	0.8713532789452837	-0.015948599979455406	-0.14570039290170436	0.8208664349254733	0.011728771944569474	-1.1860124809642274	-2.766163117405591	-0.07322417278779492	-0.8898215654729587	-0.07382949569475886	0.8568668306208929	0.3984185785866649	0.33947219784900046	-0.5081444763742539	-1.6151433155151742	-0.49153607535248944	-0.8601218797988983	0.30077506481904914	1.172012372366121
-0.760449741314443	-1.153381731043179	0.05070496423916063	-0.10843451646749123	-0.48806220876917994	-1.2886121528921246	0.2227497281735901	-0.036819331518722416	-1.3903768289729446	0.9715771682497039	0.0078728961309904	0.6722921240544567	-0.77676343518159	1.0842832066400305	-1.4190852135513488	-0.9346177008490293	-2.0486426510956277	-0.5450614067434302	-1.5036559104404725	0.10302369396027258	0.4272000314746177	0.3128866731482009	-0.16889882209187512	-0.22737756027848066	0.7608713458671543	-0.27587861870504793	-1.0046147844104116	-0.44609985402471714	1.0616281490526096
-0.8078434512068632	-1.1369791890005831	-1.55400343983539	-0.2445076055184105	0.32898986109176515	-1.2945844979634118	-0.10121816771636434	0.07590612852941446	-2.896448682726962	0.5449985715798129	-0.05040484655337132	0.9279945723434905	-0.9949280493574307	1.2836544612104472	-0.5087916923234673	-0.7185510267129357	-1.352167431012529	-0.5640438662445117	-1.534520676729389	-0.11848615146564619	-0.050012859117137265	0.07131349710981658	-0.8197824241253847	-0.5831469444512478	-1.1139603921142731	0.2621085585643508	-0.8684023296982455	-1.2029571524035152	1.0677842291056452
-0.4637280189072413	0.2942667580057165	-2.1104079495188364	-0.17555253848008276	0.7778472334973461	-0.9122840862497277	0.5825320899406748	0.07469376832072974	-1.5135864426644006	0.7558076414980307	-0.5266775377098508	0.8536801531115735	-0.29369572374884084	1.2392121935234905	0.9508968196937638	-0.19372632837129056	-0.24683271263279738	-0.4271998130137241	-1.3340855122482436	-0.04809995161981478	-0.3228158844931745	-0.07529276204615283	-1.1419588211473795	-0.43741466398037443	0.19608244769410543	0.953035968568024	-0.6852318827285958	-1.8889258769939932	0.9137046649270997
-0.1167469184058932	1.454990114914616	-0.8484078071288359	-0.7425251799683105	-0.0807517113099515	-0.5952404823062288	1.0933145653419827	0.1431395060314281	-0.20534437960027244	0.5782226762812197	-1.0809682074007738	1.0275404073033956	0.779824968942908	1.0402971911736603	0.424482798225629	0.4801357276170151	0.508094988634036	-0.64023620676665	-1.4040098710715712	0.139519825662747	-0.9550915660512442	0.42026136260427344	-1.2546604944908908	-0.22637829259358086	1.8771101477314043	-2.0419693508865624	-0.8956032061450012	-1.584595163565536	0.8626510287891358
0.14885237003218152	1.6116213605480132	-0.37669385700368635	0.8827778724893605	-0.6464506293170645	-1.5500110207180784	-0.4126628919785175	-0.17662651902158222	0.5872171466406623	0.2998268017801835	-0.48600460991978883	0.6879317042377077	1.8995692500795425	0.7676808063099487	-0.2928481817951261	-0.12133341209063096	1.603410851096756	-0.6182264954906324	-1.3993760698452833	0.24430166180163243	-0.9361274150934847	1.297743840501317	-1.5996559929227927	0.7030457554698389	0.9919837009637423	-1.199605833028376	-1.264800298734379	-1.9822703318046482	0.7214728123438434
0.5346105042607143	1.3619631291476624	0.41782656076358116	-1.012283638101815	0.9158103743209393	-0.46385841837840064	1.24051103067831	0.34741652532160255	-0.3850112984909416	0.1424311168715278	1.403019369633005	0.5439450171457096	1.7249734380779476	1.0721703048077686	-0.9590101796661791	0.30875940747991826	2.908527058604828	-0.9538391676481385	-1.3822531740888484	0.14924373647077868	0.013708155646997582	0.4869264612670563	-1.2376310628622218	1.0003904078548171	0.8418710651880597	-0.7804667638502801	-0.5969446042894689	-1.8694253578003033	1.1461270946232989
-0.09540205126622123	1.3826673826082743	1.7459410675153715	-0.3475712481357948	0.09271133726962699	-0.8948405836482357	1.255851066350493	-0.04306272558824443	-0.349743714072156	-0.01990607213509068	1.3764868811193303	0.757767960978212	0.2539579645336028	1.431567870051324	0.09116221916673371	-0.13963467885056674	2.4801077091909023	-0.7954377307414318	-1.4883438544181569	0.29678861342283785	0.4611723609639173	0.038255449479959236	-0.9099979117243377	0.04106214873047155	-0.6510706282478586	0.4107542922798319	-0.39257462925849085	-1.2441944003558811	1.0290349063026256
-0.22644393188523543	-0.7054502234185536	1.6582360164461885	-0.948633013824955	0.1253245696779142	-1.0861027445840739	1.3269551075629287	0.0020571626294730687	0.37758236896374475	0.25364212479237846	0.16050120576434745	0.6027936376291655	-0.6608857729874079	1.3694469181347961	-0.5151943563018248	-0.23679407790668172	0.4821004855874054	-0.7016664070121907	-1.6770777406754356	0.20735578218295672	0.47705950913760375	0.19482393861503441	-0.38023737246559636	-0.3539562805001821	0.8055213291179372	1.5458546424945407	-0.43929721691984935	-0.40930514744998436	1.058022666024623
1.4507092946083324	-0.787980551975149	0.27154451138834174	1.390818582631391	2.3478175170642492	0.17773893317288336	-0.011962189683054701	-0.4752423461676561	-0.7672507481118266	-10.123996674128772	-0.20568702750992537	-1.4863754600567078	-0.518876187060448	1.13402205457077	-0.5553158681864383	-0.977206091284592	-0.9015936659851377	-1.6127301571816925	0.288904836515528	0.1583251878394812	-0.9958014163476366	0.4996865850604441	0.7884776962196628	-0.7061703698384544	-0.6663952468654043	0.24651098783201367	-0.15086060892923048	1.464227899218883	0.680947658479333
-0.831344969035956	0.46679633025711376	-0.8514188076396609	-0.9571336715005662	-0.8907491549417214	0.5302282265130519	0.8280528612893274	-0.29599041948185045	0.49743058787747424	-1.0852401528123865	0.8762535709916615	-0.9178297965860002	-0.5722186882790321	1.1532289039199852	-0.16402419448737612	0.5908470891280413	0.9115759915450983	-0.3014219409839845	-0.19761098927584603	-0.2036350309596989	-0.20529653203170128	-0.30305595808758723	0.9407060548027582	-1.6670080955602309	1.8698254562440426	0.15461945274096828	-0.7291134904152118	0.17235020448859534	1.3753004919569567
-0.7175172888368565	1.50389109428293	0.32063106898590815	-0.8274380966701618	-1.7743986595995005	0.14934693586415745	0.46239250679358	-0.23199545492469814	0.26232477399559845	-1.0708349070556118	1.1141107340527705	-0.904028543936939	-0.569299593963646	1.1614153703682284	0.3679016659078109	-0.40279189431429346	0.48042399163584265	-0.5291174261192224	-0.1132878025518631	-0.09908463716939925	0.3812868651116189	0.04342417832806111	0.7779220050850258	-1.4264360211859701	0.08931634426446682	-0.22443217249228767	-0.7460642411100695	0.797709859183081	1.1515078862426975
-0.3271866886611851	1.0584079989390038	0.4205848476885058	-0.8543362912338157	-1.5467746941184952	1.0002364896352145	-3.1794150581462426	0.0975057416299504	-0.7519979323775485	-0.6627443100338994	1.0292209997281814	-1.1479284057124408	-0.4961216578902934	1.1936087361009016	0.5690223498972399	-0.28197426911755763	-1.2509984010587774	-0.2511968572335826	-0.457467466655777	-0.23944095081239725	1.4313444209200639	0.12162840674480807	0.5422140095217296	-0.8133767076706729	0.03548291438463589	0.1685202852278766	-1.2621552573231183	-1.1400650622544946	0.1527515051528488
0.11090017597790422	-0.42454807455928273	-0.7754138008803652	-0.00024088562925276224	-1.370703601894111	-0.18273797407405162	-1.0746743951384705	0.15072505590593202	0.2274267677025534	-0.8772434725302811	-0.3084923905813213	-0.8595533461935785	0.4764093887747169	1.1011887457184932	1.4867880172179084	3.3190024874254784	0.6432719311465321	-0.6078398242696941	-0.8315290907619018	-0.049941011759349646	0.41719905112889677	-0.865928611729578	1.0854887476430233	-1.0382066846259146	-0.0031572082800531746	0.5349073706500225	-0.516544168564357	0.35570648248528347	0.9048830843715571
-0.26176453217034606	-0.14475741705575645	1.3048614276544095	-0.09830059078542522	1.0263584871575129	-0.18490309039020528	-0.3806508052650686	-0.2670429673561818	0.47166532518629967	0.17814290291806328	-0.8328294050447805	-1.1258679468430228	0.7990691300036568	0.6824245350558898	-0.13941464480459756	0.30299935110142734	1.0696692449296017	-1.1908223216612956	-0.72889126749322	0.118875261680847	0.5017505123677446	-0.03974023875201684	0.8922066076180825	-1.759288318352949	0.19568854352356171	0.5156633107805986	-0.30287879906991494	0.9284229634321464	0.6454068429540374
-0.3889492781418166	1.2285087462124664	-0.03466144810500989	0.057510411663589014	0.49926450975881365	-0.18945478293870643	0.45110568988621746	-0.061243652117128684	0.4348033518690914	-0.12167646515493198	-2.0003014576205342	-1.4899887974796453	0.7914832888947918	-0.2715884689903118	-1.0650169223978436	0.3336400856654425	-0.17708802489700715	-0.8444880807893915	-1.2050263596467112	-0.1632148662693951	-0.017522553056183443	-0.18475182272165278	0.9935845002205093	-1.183992750709667	-1.011685583841527	-1.0457637273043416	-0.4509228982033079	1.7002090392951874	0.7066228312230601
-0.42041247937462783	-0.9861759754607019	-0.6427888677373399	-0.06948103302481598	-0.10491734849080958	0.15773093983112096	0.9493850079170202	-0.022276665923260525	0.8859332441962592	-0.2348012219032242	-1.0059300688465103	-1.8729564219878625	0.9974540679412007	-0.6297148708958615	-1.229154232789929	-0.1900222741560175	-0.22573597615121743	-0.7334823411801744	-1.7476301611180138	-0.10692056131029111	-0.4141815188917155	0.20403602024542528	0.652577093204614	-0.4049036671185982	-0.02502628839296994	0.8537373123724674	-0.4659284926110723	0.8195610652131268	0.6172347543432648
-0.07291921030242775	-0.4837651279803982	0.0066492610617020255	-0.7966413886619753	-1.3693818247820009	0.19680851907390656	1.433905897995353	-0.12856599837922106	0.014818559849292305	-0.13741973561211016	-0.03133784855828553	-1.9316112134018446	0.8221908601608551	-0.45468685928114033	-1.3674670033814373	-0.8090857247080848	-0.6806710603184412	-1.0693163406008346	-1.4734669811663617	0.04849871507625429	0.4170946669385346	0.754839074673286	0.5364055890030028	-0.15733110682156584	-1.3515466169740407	0.25966271184645245	-0.7143307758262617	-0.07837799983250715	0.6342934720618878
-0.5197559183357074	1.4450951078750267	-0.38785525596125947	0.30511237354406157	-0.49391690953763584	-0.03501824777323483	-0.14324276126039126	-0.06691827967324855	-1.6272161538926775	-0.29337783918841076	-0.2718573216140063	-1.7617401343755228	0.14247780241512728	-0.11425566861072907	-1.333247360216821	-1.3064105190765292	-0.7997890698791167	-0.9074467734794699	-1.1567955230559313	-0.07020291507636542	0.25806979902804367	0.4390204537933415	0.6620242206662338	-0.34863074911011643	-0.7278112684968825	-0.5447249456478704	-0.5957749430222297	0.2831304737346768	0.4366725354422037
-0.2473825658644474	-0.18958904764404635	-1.3218839081328844	-0.0886081039801124	-0.8950695848466589	-0.10768467398149847	-0.17197810142032724	0.1533329270492808	-0.6196574427784521	-0.04089333554759048	0.17849909596360902	-1.2972538578782913	-0.7335118107991607	0.29396658282987564	-0.14746008573210104	-1.3639391838238282	-0.13031248456919828	-0.6808800951084308	0.07775993180846022	0.12719706778245912	0.2798650688576805	-0.059557933616349285	0.5157992969618715	-1.0535931511095664	-0.18099352530316515	0.13806607662998507	-0.9558810359385618	0.12045035216883387	0.4089388825672357
-0.12018223096154909	-1.3811370758446782	-0.3935442364960825	-1.4410567810070258	-0.8597883170314693	-0.4108896641687808	-0.29490631484699836	0.4078075648725957	-1.092640237732323	0.3069486859606604	1.1598959250422296	-0.18003450720892905	-1.2813830714114907	0.8402234543877594	1.03183708037007	-0.7303371028359651	-0.1563758283114888	-0.3351252993149866	-0.1677951331531837	0.06239663469390654	0.35949966607789613	-0.1628342162201516	0.32391095342339404	-1.1407846311361833	0.6149127953694502	-0.8034125069537424	-0.9884246404789852	-0.2660241527837143	0.6810837265519358
-0.2565223043853908	-0.8878423342659935	-0.7063340697848142	2.816746561399125	-1.0433994986975477	-0.009400959031881762	-2.204604298690194	-0.10494771322861478	-0.8932537367084241	0.7629604816788772	-0.28278580214024757	-0.008814664878187746	-1.3133717369944957	0.3039547408596705	2.146843894934213	0.25495535929231267	0.5102859703235595	0.4442158088436921	-0.20852906787096195	0.004998877722577495	0.8937070848891577	1.0877449749445751	0.10707536086879625	-0.9356594241230842	-0.46632282454947327	-0.010858205364387481	0.6313315953061864	2.3736538321359975	1.1205370826052963
-0.5196991568015469	-0.8174075661401284	-0.38107824269423785	1.193978111469559	-1.471377964974766	-0.922338685246726	-0.8039308181830294	0.024178214345519578	-0.6197429900491173	0.7368043472433976	-1.1313055256497404	1.3608185030875322	-0.8954324649709473	-1.530956405514002	1.7913933802647104	0.2941435203416061	2.0145744538739403	0.6764510907485108	0.0406042620191183	-0.44469016047034887	-0.012711633370166934	2.2635421619492866	-0.11599813498922779	0.260972732208364	1.6786913038130045	-1.9444739445586672	-2.0383591108506307	2.969221550076644	-0.47376068156689755
-0.32628163055461906	-0.9787674648021529	1.9994972681374654	-0.671550945521565	-0.7907232582049384	0.19596537397937522	0.32522056519203113	-0.15366856995251518	-0.01364849447396473	0.059919828997803265	0.7861123636764406	0.9731908355365596	-1.0299220278975427	-0.9486154361737329	0.10811330866631344	0.7200715337375143	2.48341271346016	0.4735692514644799	0.13220726907021865	0.0762896512763443	-0.32389115755542597	0.36147300242691655	0.6182622759989193	-0.133375928652832	0.47589134552405576	-1.3180687122200803	-0.7872058678625232	0.327840320646368	0.6731155669779305
-0.7242639735313133	-0.7288989355194967	1.5955957105105367	0.08273462128672893	0.6883031107467897	-0.7199946669160222	0.44411330941883553	-0.25489631551381375	-0.8029124664560966	-0.37119463685948717	0.12061722929258728	0.7111095214006474	-1.1377568277054726	-1.5239284931505879	-1.5090198082676005	0.959435310082776	1.0800325822682846	-0.19745992785900668	-0.49415808463179817	-0.027459099987998954	-0.3332417118684256	0.0096487029178973	0.9207808742278892	0.17988558119070808	-0.5628297243851651	0.06270641489125013	-0.5102989606014318	0.6689530586968647	0.5770036011683035
-1.1303780127426712	1.0698429438539172	-0.4342538408179165	0.32274104453364194	0.7387909760898915	-0.6693532929513876	0.37999460385473394	-0.21225852540463017	-0.253623375188713	-0.15070825970002033	-0.8657863754186981	1.007629186251104	-0.4414790856489894	-1.9374681832348017	-1.5997224201549938	0.3970346690310051	-0.6320902422615855	-0.7107698774191838	-0.6427647411065202	-0.10251378549038379	-0.4194251869875898	-0.29533550411154935	1.449883125500765	-0.14580398692891053	1.3680132963257208	0.4971533017273124	-0.6659306805877787	0.4654225093016442	0.37857202212602464
-1.3018728656397753	0.6775729907040297	-1.5444667566136878	0.25496106980440914	0.7218068934330173	-0.8348674114474631	0.12232969367929948	0.06435968434425975	0.6220971549427636	-0.4730766601984669	-1.066046998694655	1.0118123193538957	0.8956537841454347	-2.0947147441531753	-0.8306833918191466	-0.5869327007244775	-0.7420648473119963	-0.544954860174593	-0.42395009165015435	0.026554718455426875	-0.2839049975568107	-0.16139644563457511	1.8459126252989873	0.10795955868523918	-0.7377854054743986	0.32583272807266256	-0.6899654541924708	0.47786019471138147	0.3180931856060334
-1.4334990518038744	-1.3680712276194185	-0.6017536189852253	-0.0731210300436414	0.19710890752056964	-0.928081506328316	-0.3408466352081721	-0.14274328264405534	1.0160751870482339	-0.1522678543934569	0.23493270414280223	0.943398104614382	1.571329058988176	-1.9507009432137414	0.2609275057005952	-1.446096606667103	-0.7588324921787205	-0.2998135114316104	0.21536516261782382	0.14635537445932112	-0.12312964348687583	-0.28572040339935917	1.5247070273585903	-0.13939830255252095	0.8851390403450068	-0.4265485285884345	-0.8405426933644323	-0.06162004377841209	0.12549994340558704
-1.0946908968979063	0.34504545135237763	0.4570331963840465	-0.292681464897609	0.28128186495530466	-0.8235720079004704	-0.008475597517606724	-0.26132264363572894	-0.3859810857768967	0.2516009290666556	0.6827174746510041	0.9719204658055381	1.5226996706540172	-1.6829406991037503	0.6487997076361323	-1.685855645458966	-0.9167105622436779	-0.4194461328423686	0.4210626572523631	-0.08796068197410661	-0.2996084788773356	-0.2875107460748273	1.2609093687103357	-0.13216824844636071	-0.15759997194081635	0.817199874783643	-0.9942355924795874	-0.9305488337014081	0.26262653250339507
-1.293461426480913	1.6056414608404268	-0.030757640917490017	0.11864121502456793	0.3685876229521394	-0.6958670625042205	-0.7948311409470765	-0.09594092478544512	-0.7914215188197307	0.23225853600099686	0.29215768066385944	1.1807821207563867	1.179042013577535	-1.5650557493561044	0.8159787307304425	-1.8615612563121253	-0.6275643360621225	-0.13667868354417673	0.4514894347285473	-0.12211150501028666	-0.20392056652503	-0.2644299953118883	1.1164028285178145	-0.21759090657221242	0.1641331262724335	-1.4364563623557678	-0.8731324781743229	-1.4661764945279063	0.1713312471967047
-0.9416900875929722	-0.14795982676821406	0.09607765194421426	-0.0769319699418988	0.6777668765315842	-0.5208052348276959	-0.7024725633684805	0.06588043353271737	-0.0400302992569011	0.3369199766390621	0.41522241379962954	0.9674553457489872	0.664953286222289	-1.4039165223973322	1.41918542313403	-1.218040515715716	0.02770961273656163	-0.027558634151659232	1.7955587541987528	0.017794932199006686	-0.7359533149164446	-0.4838879144292127	0.4773588114085458	-0.56079850605999	-0.40563191080907346	0.5434027237971635	-1.0336562230093456	-1.35916103463997	0.11329169657381806
-0.9337860783478766	-1.2989944923696721	0.7222700085986838	-0.4465418044329511	0.7074743541087897	-0.5606476664549358	0.006349000461582398	-0.14575064377907296	-0.3058121230097418	0.40211945640061	1.1071527747575298	1.0462423676886476	-0.01656631460302842	-1.1419670329838127	2.154536058618607	-0.5055459891761268	0.543660128587932	-0.011541351787015066	1.874457278715716	0.025898185294446697	-0.9657862373885767	-0.4420187416846633	0.34588120132725686	-0.6940820468552541	0.22555783916074437	-0.45454334141619135	-0.7309131365696018	-1.6537135151737612	0.33793917603535273
-1.1630000042727064	-0.8227691170534259	1.045400457865632	0.48164804428370117	1.5186515067437036	-0.8449721736073286	0.3651160900277615	-0.4151071392137641	0.056667107940774356	0.08952767056307344	0.30309551271433843	1.1499277208296532	0.06509958791090287	-1.4426406599568014	1.7727308130357793	0.19796855859142076	1.1297459254756312	-0.280117524238303	0.9948828185180518	0.011412598689799606	-0.9056616018340282	-0.13726523081878955	0.38207836030042425	-0.7398249489399308	-0.5846025986620531	-0.002232220054061186	-0.6017508658914731	-1.1504432549503965	0.2089352580291653
-1.0840877160074798	1.210388084047133	1.5020037921536198	0.2602172597126138	0.9998172987184452	-0.6757292852275836	0.45357175952420137	-0.2934293951187442	0.2867258125373545	0.1764729806563168	-0.8674371526577367	1.2942881638994332	0.34468058314435923	-1.4842775417889322	0.6830330513531447	0.5927273810454563	0.4122850777041672	-0.4500508933319902	0.7678933592813952	-0.011210245329366528	-0.5657695006107214	-0.10717765940449436	1.0018225378201564	-1.015475566892627	1.2223037347408334	-1.2580013331844186	-0.7374591119052227	-0.16485340814407837	0.38051206262145437
-0.7716641796034988	1.3069988565134856	0.41448772067529205	0.18656516565541179	0.7601377806294882	-0.8036856859044371	0.46369488418394583	-0.23655448641338495	1.0028634348158367	0.14841819142861198	-0.6909248911460818	1.390065774415163	0.6366994630786608	-1.6478510157890072	0.5519466572201049	0.5554454885825811	0.14572514449916482	-0.15279105857357472	0.9791790965814038	-0.06929729584614347	-0.5451140695132136	-0.07328858375304995	1.3069289395711332	-0.7731286341383605	-1.207499915144686	-0.6505866375573601	-0.6671226916962807	0.2969379505986607	0.40512675916633517
-0.4792732896690559	-0.25842555480610974	0.7141209606085015	-0.007265230665755211	0.3370116526108763	-0.6170417174072222	0.843068601106461	-0.2436529555695079	1.5786644533207703	0.4200401270647593	0.43762066706130087	1.340658730563229	0.5483221732182864	-1.697887300088779	0.38639250995047536	0.298767759690308	-0.0974451686310047	-0.062049778166168634	0.5568635105440586	0.1121311561260681	-0.4376826836298266	-0.3445735746260792	1.1580942758475568	-0.4039170934451933	0.1510454132047415	1.5731700690110264	-0.6281254576089006	-0.11124462754847672	0.4258601256136383
2.702140932234405	-1.4597978724295932	0.7265389458850666	-0.029776178750159966	0.18764864513240692	-0.9473355613211348	-0.004161092411908747	-0.14286664352994238	0.5614674146108899	0.45261392052592375	0.34961835259771995	1.3713141738240324	0.7769348538982351	-1.486973797921405	-0.2875857443269976	0.45301476018729553	-0.611863254001889	-0.0581857888039257	-0.42942355768434903	-0.13725029180147114	0.38550256148402	-0.42163798162877064	1.1443314905736335	0.02477643080764481	0.9131679634530496	0.4622595080169791	-0.6512291074982133	0.07003643827285565	0.592420239878332
3.729823922234194	-1.0521877865926195	0.21089589565914893	-0.3427661435712834	0.5921114461177879	-0.7393021243333545	0.2777873302921139	-0.11160476878736082	0.2091077435965602	0.1511872709948015	-0.2622043600261288	1.2901775989912527	0.723121503663322	-1.371781312350222	-0.2372969901828233	0.007002493102744052	-0.18900908975626293	-0.47616692120397697	-0.6269673764644624	0.037168590972798364	0.5687159522036046	-0.07110434754808416	0.6162455727865229	0.18104308265251529	-1.1498003679918973	0.8478735379292671	-0.8842047031164554	-0.28678316404166565	0.3726773502990625
3.6719500814809396	0.8215112124304754	0.24352512888953545	-0.2604107618959548	-0.11241167161267202	-0.5307224102692378	-0.25724147873543785	-0.04852446607299523	0.9379611008642519	0.8386668558421346	-0.7109997630898142	1.2078475678842093	0.9129268238101454	-1.4944922317356022	-0.283137842233644	-0.7841868524743313	0.32797006380121796	-0.504128611878359	-0.4241558844120176	0.037700102577040755	0.13873010913854592	-0.5420604827102299	0.771148101052698	-0.483682444107807	0.5775586371600178	1.1831346193160241	-0.9445061964277561	-0.23581068932152538	0.33435438732996886
2.903138151672199	1.4290485000354736	0.037181849971720964	0.4266383341489197	0.22130358405568828	-0.3191243717016237	-0.6326971821274534	-0.035688310904343316	1.1368261260079313	0.5056612175714464	-1.0241232262858504	1.2356914606320468	1.2733673557107414	-1.4632037798958855	-0.4098267717334971	-1.2461634512121333	0.6007070654047515	-0.18355370000930818	-0.5292726963462667	0.07997789916753725	-0.07368899705073952	-0.521159401163638	1.0803609618643024	-0.48524991754255725	-0.47666501622753255	-0.639699608178151	-1.1937985216399856	-0.31751667315311644	0.20644032807044826
-0.7589500538484024	-0.6796661995551634	0.48831499921279387	0.8397339732567671	-0.8577517862218377	4.742964947078044	1.735899441000103	0.07232495420571197	1.0846449349010656	0.4831073619240931	-1.1918262430119722	0.5026681571243784	1.3271536592414324	0.02100173337083577	-0.012745665491755272	-1.0454612455228067	0.4865152789224718	1.2812538508492723	0.37408589239840323	0.48779361427388984	-0.516669898695231	-1.0860545802991783	1.4229386164119557	-0.3664522232621417	-0.23965919947883008	0.9072882247778253	-4.285155219342332	1.6828475893695067	-1.77108895520991
-1.4631369973711084	-1.0255005878432606	1.504883539355825	0.16681615398043512	-1.7619767150819579	0.976464526345437	-0.5183808452185237	-0.24148064851442752	1.9284555962862595	-2.8720412496668124	0.3412771005300228	0.4495059971941803	1.3805881726211475	0.31770801044305574	1.2635215801659763	0.37916107432452933	0.841060699514712	4.103411411364432	0.2297653194410525	0.41882905314198204	-1.0068950291872292	-0.9181537066795519	1.2623787931101862	-0.741310171231006	0.2166138498344287	-0.8120658378108893	-0.2430567882561929	-0.8882214851756791	1.3411689597285228
-0.6137608618342396	-0.39372587325538455	1.679851359889451	-1.5125374504383422	0.3330127296105929	0.6526845018287677	-1.3950015711703292	-0.007109804801496284	-0.05689804201096479	-0.2949843500077187	-0.27434248877043	0.10638193660634698	0.7902990985121247	0.5997119976889093	-0.1490421388375399	0.06982837859862108	-0.10552342993146645	2.4483344219558667	0.9312790961575667	-0.03191332231062238	0.8252251950595214	-1.4527269665942515	1.0142410689370036	1.4808973837739432	-1.9157501572918072	1.4662129992819881	-1.233756244255921	0.3862344006519366	0.5230168523861769
-1.6091507034020651	0.1647865439899439	-0.018735082322395825	-0.3455746684844032	2.411305243293633	0.1404720793095524	-1.6141472454956938	-0.158771218778703	-1.2535077678536175	0.2463044722566332	0.5580178715337865	-0.5919033092584675	0.6264262317951237	0.8000153720872879	0.4311373973716736	1.6853030753953286	-0.008588412904442407	1.8666768537188643	0.9771535255359574	-0.2005666500934662	-0.8459385766094114	-1.260734468153839	0.5320056385477036	1.5221843588793293	1.3377620772932335	0.5109368305761639	0.6322763845626024	1.5934476464085259	0.36363074377837995
-1.725915408612733	-0.3114985588479597	0.12371004839537951	-0.41843008506954765	1.9240820936138334	0.28029953397552915	-0.1308290777426206	-0.17236152230899054	-0.47553150227413027	0.07447700484775639	0.3434734631031041	-0.8626914873903797	-0.23033608425870805	0.9962465284626338	0.5424694666923615	1.433877660985407	0.3551015824655123	1.6043852033056862	0.0029019625683172883	-0.163902749788322	-0.7981665400912932	-0.36360370834728317	0.1213646056406698	-0.14748415409167287	0.6292739559616375	-0.6984250525171938	0.6135429731036266	0.31735825416828595	-0.7384722575619062
0.8569350854470679	-0.4410525203185446	-0.4779796317455312	1.0307919452011398	1.6127872749828056	-0.06184508142048436	-0.43693857763650273	0.18734108376262112	1.098092019368075	-1.328786964504394	0.15456283738597967	-0.8447992222596455	-0.16556659106282554	0.9909120315401938	0.67701151405433	0.4192474042750608	0.632854110886677	0.6057203951384719	-0.3494964731751797	-0.09640925063770732	-0.79679310077458	0.41746890561482036	-1.1014714952048994	-0.7117035812999588	-0.9762198479716289	-0.6785719710643596	0.890310873599688	1.1340662851165817	-1.1971242539506781
0.1885414172266819	-0.4918049235109597	0.49782129004614106	-0.302978452381857	0.5299189241920217	0.0583871930330136	0.08275607010743224	-0.2183965822102299	1.0198064819251162	0.023278316647046597	0.6341655018024258	-1.5066846242512093	-0.6415787083261701	1.055546052705721	1.0625966938768017	0.014574382260269903	0.2935077129294812	0.8156494044064548	-0.88287143740767	-0.09297925577885785	-1.0042502385544017	0.5271561075335197	-0.2827731878891397	-0.6814668505967707	-1.099092385226135	-1.1241787132742427	0.19708461245581418	0.7144537529753676	-0.6528373356896661
1.354030725394413	0.3157314455171791	1.331379985141644	2.054104054592159	1.156575910958923	2.2166818539673767	1.8590301259141286	-0.1332836266425479	-0.21358941142262605	-0.5834423362363081	-0.3888739670624487	-0.33736879634060407	0.12212344515248019	1.4096247737384382	0.23859208596744585	-0.14742103879732205	0.23336352323859727	1.8992680271122269	0.21484046329471304	-0.16908444999419653	-0.07224149748455085	2.9499379894762754	0.24373970834516	-0.7581806706303177	-0.9280821105251841	-0.4500435871780749	-0.8599110989066081	-0.28152850315636935	-1.7741956704776545
0.20602647983361588	0.4159868782315273	1.7158636968723955	1.212718110682858	-0.8574879466591787	0.18328657286621342	1.1812545606688922	0.30286114350626164	-0.32455778746312425	-2.0954273150566296	-1.784599358717287	-0.7515923189208858	-0.6536972977823168	-2.4735261630726715	-1.8806326301000467	-0.4249465793611304	-0.3549846912006442	3.996689882011062	1.5860659199700227	0.3186942111912129	0.7307152480450887	0.9134464008343535	-0.029721203297616555	-3.8077676714601214	0.8362709421857587	1.5231167981026712	0.1593705764219991	-2.4424741764968028	1.1906780991862633
0.5583417454065326	0.06836795557648821	-2.060897863005738	-0.8944473484078832	-0.5682270139033643	-0.5955041484500447	0.8263774902430437	0.2739140668768995	0.5448547644612263	-0.4047032902482993	-0.2027346605140087	-0.7810094903460314	-0.17964605865289388	-1.5367869853942273	-1.268648617861092	-0.18359235713166253	0.6412123686350792	3.164187839563207	0.7264021639849985	-0.37442322345432927	1.5018743949231894	-0.8967155257534523	-1.1450685472691091	-1.8563491360026745	-0.4479840688254706	1.5881688604248119	-0.2949969385234868	-1.4287245466185445	1.1300621180524453
-0.4992213162078959	-0.02163332863284943	-0.057404982216630915	-0.39135082814024974	-0.8514892367010061	-1.2244042282785186	-0.4715995024992572	-0.00532411013072369	0.09546947865656671	-0.27829500007461033	1.2098134047721154	-1.0900848471989852	0.6101808114829328	-1.314760841696639	-0.6164031745501882	-1.5988469736168378	0.8773729438496801	2.33737599625269	0.8370485112624926	0.040832920843049805	0.6774193699901092	-1.240672713889788	-1.364966238586071	-0.7131771353001612	-1.46411043856898	0.6990005926561494	-0.12300320450084394	-0.8876501919553149	1.0995220755515662
-0.16296944196150526	0.9977640187922117	0.10014470505393487	-0.2069576653234092	-0.10010306846268331	-0.8083854340462026	-0.2629580321306609	0.05531694619247753	-0.9873823964850637	0.7846380308377224	-0.16651549830052975	-0.8415580375651586	0.6832655467235984	-0.8838213716639469	-0.5666811067627219	-0.9031030945334925	-0.3789055839774697	1.1341473140189577	-0.39109044908888574	-0.11908046708106819	0.32285224054052164	-1.4310066192640998	-1.412615953707138	-0.5633933542038039	0.5697458918518157	-0.04698224641343393	0.00815189769084486	-0.7464636527379773	0.7391458031603606
-0.6091207212263632	1.3619099677052557	-0.037593932826573015	0.44243181587674973	0.25187370346684773	-0.8930474063776231	-0.4960998790130795	-0.08585955637669301	-0.06603703023957781	0.39887425183615155	-1.3647473435522266	-0.9083057653722657	1.1301241288158095	-0.3996626098477233	-0.3096841673667302	-0.8219302119440286	-0.7122429469053877	0.9034281977365852	-1.3415601784707876	0.23571243837558237	0.026412721114979547	-1.186246572292985	-1.0675785358577208	0.5294659850443973	-0.6865149041202998	-0.9153787182840138	0.18991251219689853	-0.008018923002196919	0.4841125279318297
-0.4235306798779525	-1.216685235160877	0.015666103692429482	-0.504453692598572	0.7396347847385562	-0.5988787827964891	-0.1070975220591675	0.06457344475464664	-0.1510518166474244	0.7247292338055752	-1.5328264077870204	-1.137392317371464	0.9522442116536364	-0.1760081430949105	-0.5214374594889876	-0.4862151626064438	-1.6048071462576372	0.6139504745739977	-1.9721793281314728	0.09364586113202958	-0.35737930247049304	-1.6194211652957073	-1.445719163379493	0.5161860365882048	1.03888131095453	-0.8483070554050206	-0.08062648435472676	-0.2527283756142933	0.2607885738357812
-0.6210290641998901	-0.29120632569127247	-0.7453054380305727	0.06207584673121894	1.464595059780617	-0.9534663973445597	0.286040071813263	0.039379694234194774	0.03489905217109384	0.09146099346978338	-1.2211179690816807	-1.1500085899806662	0.9681435947517655	0.04191130412908607	0.4638713879993142	0.5626676950545935	-1.328710201502228	0.7209601153955989	-2.156935023539278	0.08709584204969886	-0.4111128721035905	-1.1002306820098489	-1.3314907631603725	1.1528215277537561	-0.2593371462533504	0.1521288563857464	0.42661636054336194	0.9191461126642575	0.28886902140556503
-0.7040225152723285	1.4754847679932854	0.27991639273229973	-0.27748540695127366	0.8525348756692313	-0.5633666468851116	0.8178946932726213	0.1277624592023325	0.21274860502061768	-0.00648782893544577	-1.646109805393313	-0.848535678581105	1.0244361287664603	0.27493489221922424	0.35867305201811994	0.5826320596239424	-1.3885139924177687	0.5895553431840779	-2.0943339245971884	0.12558646976889182	-0.6880866882781279	-0.9735224599082228	-0.9331348419451762	1.06545032772315	1.030453849348294	-2.0932906675105607	0.5378114435619014	0.5976377403143007	0.3277695685568179
-0.2926871470869635	0.059223508350431046	0.04753697678757338	-0.1453226864442055	-0.9937847905789152	-0.5905488634881614	0.42406857941189896	0.0973227704065406	1.124520092293702	-0.33423455850969885	-2.289359321902859	-1.0453656062289303	1.6894888819789957	-0.05172015788530201	-0.09034111161078764	0.9910801476126863	-1.2681077178156164	0.7109146544993893	-1.917318907942687	0.1941554745896112	-0.37682388410801265	0.07152661391446472	-1.017958563004677	1.109271813497546	-0.8224018168436056	0.46789021625546817	0.284651328539461	1.1902907095200115	0.18917254604344333
-0.12386792262572009	-1.3523899388223377	-0.05460615856062642	-0.34842338188781	-0.273844563365441	-0.7055210381673913	-0.28905447210081553	0.04765270490881842	1.0403736996881137	-0.1845570605881044	-0.12182113107002657	-1.0639390468847796	1.9490962049058098	0.36816112979803156	0.40188431694905546	0.37847522838197317	-0.35532119294216136	0.5254300677310194	-2.2775119385255214	0.22093620998447774	0.13666263041402918	-0.4170654766156033	-0.5962102943303329	1.2268069704710765	0.8678423093103662	-1.0139903797327692	0.3310400836509737	0.8005644297297917	-0.002682499658009305
0.28363921595461655	-1.0518376161014593	1.8060354828010796	-0.3911272800655221	2.0165405741850315	5.8905179942328	-1.7140645433500825	-0.025603039510991188	-0.6432092917380964	-0.019093600861734582	-0.15889496155358077	-0.46918452170968933	0.8291368950752387	0.04816235656380823	0.223846992577277	1.2478839338062817	-0.5630271855730844	0.023444996255555066	-0.8968335706758696	0.15062686002960352	1.6090322789575926	0.48655853822751716	-0.010859455475789058	0.6597329798027122	-1.8567983922924378	-0.15357244404823403	3.7252700309191615	0.5692912436176354	1.2199658993303713
-2.433062328573457	-0.4629248684423996	-0.00904775079223631	-0.2552581619842649	-1.2114712347940255	1.219285124353703	-0.4962500402697207	-0.038226899098846114	-1.4329856708710047	-1.9849436412101678	0.7074967545992716	0.31045701174684587	0.1756286326442234	0.1535464898809575	-0.03932229082301845	2.6286666275294333	1.1464723341017486	0.36618365225720945	-1.1106848374968243	-0.08278143730285847	-0.23915355050548992	1.3040992393884	-1.3894200710309195	0.6791739561876948	0.7276326507806096	-0.19961332432893847	-0.11065531589812229	0.8235850152835107	-1.7470316586984445
-1.2300524978562282	-0.8335777910953559	1.5274887730208306	-0.44530663871912	-0.9059449437037448	1.1147515605112812	0.08710362219619001	0.018386923329388204	-0.7620158670299982	-0.950258400318701	0.4232247022512075	0.7465259168053661	-1.329059300095971	-0.1508638773891031	-1.0995719528235866	1.4675068656963983	0.8707478086610543	0.825634227072985	-0.3278243545085595	0.07729497756343154	-0.34530192893160294	0.5835519918063378	-1.9110740541579885	0.498031087125828	0.4455649768770415	-0.4779380552155405	1.4132589981603842	0.21100456863777423	-1.0616262998458332
-0.2427631081757065	-0.9114368754176875	-0.5023325497308685	0.39655877898200187	-1.253983063606371	0.7263564204296922	-0.4418623148153815	-0.018655847149678634	-0.03137764545223421	-1.2242171532854067	0.05765552442102353	0.0040505644407108	-1.97630085189947	-0.48912995293768463	-0.9870723249792529	0.218489142515051	-0.02770540754585797	0.5862056890735755	0.29668474922221344	0.24416673992291243	-0.7275682121158005	0.2109016511180484	-1.5032566118430273	0.11901028192813638	0.7426902788134919	-1.6482061875345524	0.5134399870092867	2.1945913028696027	-1.0640180638283614
0.4063590466576072	-0.9995834895937716	-0.8262311571216453	-0.7685179075300084	-0.7800857969305962	0.9732181131847534	-0.3398075083389629	0.14801485148153684	-0.37711042844244386	-0.3621487923311808	1.7579397386593232	-0.285142109887571	-2.228633401237235	-0.6555693956848001	0.019747534656922652	-0.5753400211281241	-0.4837662029560404	0.854223178314109	-0.054998929555663115	0.1994521680660496	-0.029120481302329325	-0.30787474940365456	-1.3961757723994812	0.5103767592213452	0.8538887371154614	-1.773705587120405	0.44604544590131223	1.5187578556867365	-0.9869425112203567
1.7738331795022706	-1.1928553389030099	-0.491897017352643	0.5940152889841294	-0.05521444706576945	0.5714875909705301	-0.8462828874569173	-0.0549730478415629	-0.6865286195992534	-0.66741213645018	0.2922809817818707	-0.6510572227342316	-2.089340174840456	-0.8361894627375588	0.2583872754761265	-0.3570656757212044	-1.2426320081483542	0.761683138697362	0.05698491138017411	-0.0026378768228360137	-0.6494911315541163	0.3666814411864667	-1.7681960493686113	0.46610045264794364	-0.627596352969025	-1.789043215147543	0.5806445063238531	1.481271223690847	-1.0881597691147316
1.4934805351138605	0.4015453615719055	-0.1807952025192101	0.9220681977358351	-0.47567579528417586	0.3256813784448353	-1.300481761273273	-0.34282361723448307	-0.2184817181421683	0.9206380396522413	-0.5779398650974518	-1.681959591805503	-1.5001503608475923	-0.7792704262688777	-0.6866394081198943	-0.5654675796702697	-1.2039539919542932	0.3986332810493627	1.1401069600669098	0.07960402518546521	-0.9890031709638885	0.19583823006377052	-0.2873360128901242	-0.03497601465749116	0.5018980670422909	-0.13734855881228702	-0.24924508359501812	1.3124720655921684	-0.7354578074949906
0.80881761817718	1.5041181570168463	-0.7103160386280644	-0.22377401477200307	0.8929446061951627	0.6186324085378604	0.17776290157628868	0.06935068624887022	-1.203610711571334	0.5875411362833011	0.2976823514382097	-1.5372596680309378	-1.7285327107198796	-0.7002806968612273	-0.8303388717459836	0.7605871039669334	-1.2685283356356654	0.5676185662483867	0.8927017298576256	0.016846077804756828	-0.7509507478854504	-0.3413523586076673	-0.13486910930761403	0.29116144949684947	0.09777969574805763	-2.092114436817555	0.3007197565729284	0.450396279528281	-0.6028439253209417
0.6122267796759656	0.8518340804051805	-1.414752521558312	-0.08750238750302815	0.5400929079943736	0.7261743803014976	1.013635250783723	-0.07829115308509658	-0.6851562814757022	0.18533788610858457	0.5699077757875962	-1.4344452626798487	-1.6235557970879197	-0.6671429388852165	-0.4520764302348508	1.1947704863700135	-0.6569968092420391	0.5312307484427318	0.7258493611642945	-0.061625999983609264	-1.1839530907669487	0.49794099770858113	-0.7001256658365435	0.06510840925579604	-0.9972820683941072	0.16439807143586407	0.6970609139554731	-0.4670344986816172	-0.811884078430955
0.402811058888559	-0.1878050412412649	-1.3233504258207738	-0.27688594336108	-0.09114889846842172	0.8499756493197466	1.3012609866475109	0.2368613695055968	-0.5224565302717011	0.12216794863509511	1.7581757455786706	-1.5030357706014537	-0.5684463356234369	-1.2206353275268227	0.022586175996750866	0.29306264369609647	0.19954573069946419	-0.045269318112819	-0.014176960966591027	0.0017065168771009192	-0.9179336303781155	0.23020553696766155	-0.8434655108074169	0.4561463841682334	-0.36342782960016534	0.9589276042870923	0.81310799599022	-0.4478079290103365	-0.9617884761678684
0.22904259108869168	-1.4276123421617577	0.47876988473933296	0.15904746973970907	-0.43886566550600414	0.023745117839912587	0.7433221126363924	-0.16385193893497105	0.43015018053450665	0.2820945780765288	1.3042151438028629	-1.3465284652715577	0.015526348207935869	-1.5298013991796755	-0.1306593827700843	-1.037718520845253	-0.48844200014370287	-0.08530088241250673	0.18608378322072083	0.6135998424505902	-0.14381429159706324	0.1283921944119581	-1.0321637594553064	1.0049988287133724	0.853994034017888	-0.5723995034117447	0.26685179922294	-0.3492989814195745	-1.2620911253603064
0.1332046719641975	0.1673244678148503	1.1667937849572052	-0.2713027455769199	-0.7295330868408084	0.14559118603917842	0.5505250735134108	-0.21587661783756007	0.10535858897953472	0.8416419195717728	-0.3612737770889191	-1.4537846685983944	-0.5636489752153426	-0.5802524150090816	-1.6212937582979583	0.5780396047489466	-1.6993586581028417	-0.19529334475737822	1.4194200049507093	0.20775499542075693	-0.16098243811757515	0.28052273093111313	0.3617422576510053	0.2075897289908119	-0.7643692002810446	0.820836378551981	0.03818315723241993	0.9160861042084809	-0.7019457174608397
-0.08660340712737609	1.570644853371196	-1.077609715166206	0.12979483289261343	0.4514289237959124	0.12801031475393718	-0.5472066013691504	-0.14210539358593033	-1.2468191418573062	0.4789888796040399	0.8692260033691499	-1.1474850624721902	-0.4506109317576581	-1.2910091015726306	-1.216689819102578	-1.3468365195666407	-1.0830946449749086	-0.07461178034974807	0.6810493003959923	0.34824934983506595	0.031631584194385554	-0.5984313631321515	-0.43638804731381764	1.335770856315172	0.2747587027072674	0.550303848131915	0.6358482975407741	0.27078015112859316	-1.0211283307564938
-0.11198695082503557	0.3178218428582476	-1.4570310989798745	0.0781719167458179	0.6055611873982346	0.22287179448602165	-0.012158731002342925	0.34925323915376955	-1.9008864915173633	0.5230271932706563	-0.14246071025172322	-1.2197858908191903	0.34224243507209917	-1.4197260671336245	-0.11236164341014628	-1.0301660582772587	-0.7508162086210537	-0.1340671778514986	0.7576726936062717	0.25992790784989767	-0.5825871159293701	-0.16761896535504997	-1.0020055510458983	1.1180835916578633	-0.4759304139533979	0.35854902194118843	0.6312030557089826	0.12395892493492093	-1.1415265451061862
-0.006152525699196389	-1.3066590875963309	-0.5146008452680885	-0.23921467971306762	0.11902596736700163	0.12860672998405884	0.8644204580315965	-0.12344269482032001	-0.2682615092938986	0.526758977875887	-0.5843853402826407	-1.3004464906947035	0.3201783768833767	-1.4015525084893827	0.2093344336441882	-0.49536685762639804	-0.17388564260015257	-0.06334824785956997	0.16599819274316682	0.4632155091015674	-0.875128490967028	0.3162245765077347	-1.0332128267048957	0.9992952598532253	1.0186261837612718	0.19662530576445567	0.6923828350844295	-0.5561378456671492	-0.9413736600870724
0.2156610365938268	-0.39742580081294665	-0.015730634109475245	-0.1292738142114948	-0.4557376842911663	0.10472187048324999	0.9788883739141192	-0.10137913235930315	0.36981515762834183	0.5804854140224305	-1.120611784816	-1.4028235376078246	-0.058063848027682684	-1.3221382713441048	-0.4407880589855382	0.40629835916664475	-0.4827941584888014	-0.16488524570680557	0.5572774045137583	0.27328051084228683	-0.5552904580577974	0.9635504815630012	-0.5136283542759897	1.2634253920380825	0.04906548740779895	0.8650498063715965	0.75467793272985	-0.800427639219674	-0.7516543271501276
0.23735353372914963	1.2202232972320028	-0.6843838032477338	-0.25853326833136625	-1.1945818029451543	0.18665995474563327	0.5398430791036581	-0.04427115600194087	-0.5633616129807753	0.23557178873581386	-0.8654225957484147	-1.397601934362556	-0.04324327395867687	-1.3572011650765783	-0.27169692654419414	0.44675401899951905	-0.6687581406985809	-0.571550618637301	-0.1598252655203493	0.24784468859392336	-0.08075385167975095	0.7264477296790717	-0.25983382396219734	1.13812046464453	0.24572660285680697	0.35512084075458966	0.438147229319277	-0.35047076122764986	-1.0217093926670018
0.26056835948091084	1.2452275535423896	-1.332538838448546	-0.1275515316201152	0.03548786710402371	0.17777739483162328	-0.37807342271261285	-0.06495875459164012	0.21482851022511185	0.2674904214449642	-0.38233033443911574	-1.1212048524838583	0.2935935545384902	-1.5335895585969772	0.42813227289580424	-1.019611379144454	0.18949031215403275	-0.35282707240658284	-0.9027231802335415	0.3414876462485549	-0.19304032598714882	0.4145532604659109	-0.15763719051382993	1.1550963201710762	0.20995550065816973	0.6133130163764295	0.4117504330916037	-0.6795963034770707	-1.223906404193549
0.1897137788138016	-1.1299517016151177	-0.4152642131114097	0.32451386001201243	0.6659368778685261	0.024164119191146943	-0.6255790335763443	-0.3102764334576837	0.9366222496664726	0.5034066337930134	-0.9411646995744344	-1.343231005206291	0.19277935650039824	-1.4955397728492255	0.025121724102373868	-0.6176456202429603	-0.12376574604648023	-0.292199426374469	-0.17783081706113835	0.4021839572156032	-0.7204895986643359	0.019575429639472525	-0.5786554340279828	0.8582955080177166	1.3633057543491065	0.0600276340108625	0.42386397067424436	-0.9597966564426561	-1.3047083573399454
1.6373395523209378	-0.7352355512076001	-0.3258465890254781	-0.8348518195072939	-2.446859182776598	0.7400272247767448	-3.0528731886177165	0.017327579622932254	1.4829363970737888	0.9885786640985837	-1.1413046848296582	-0.8551898407913388	-0.43021894224455354	0.10458885765171212	-0.5557770925931769	3.339807217958366	-1.6199228823671372	-0.4222428845187654	-0.7083570562457492	-0.26570786990806233	0.8235129120173943	1.7282734299832656	0.709152327804711	-0.7807824362367781	-0.2312166643401307	0.5817867181476317	-0.8157300370422846	-3.320361148955534	-1.211054371452246
1.3733968638371163	0.8895909110429641	-1.2601836325118543	-0.2642942434941947	0.20961477173065124	0.5649191774422856	-0.538974320466463	-0.3385044762200448	1.9806196680702348	-0.04139228066951102	0.7325387815132948	-1.1234607554186944	-0.2423561889416991	0.25025816411260093	1.0319161843997102	3.6779771855729115	1.1276237335900563	-0.27441234101892054	-1.311264409215964	0.1490987033321038	1.0964338812577203	-0.06682558024970511	0.2448839262342749	-1.0850985601661187	1.3017788997237179	1.5313078057154803	0.5886756071532308	-0.4949729223711508	-0.4460122859419295
0.9375950619008502	1.645062223208499	0.481954027894379	0.18236551614072397	-0.2880826518790346	0.02656831366261782	0.13416518381305195	-0.396732029310491	0.0753947836143042	0.2596938872097925	0.5246530260056138	-1.1460769850742227	-0.8563320168618004	-0.14104992244011708	0.05448384328871107	0.4345950009716639	0.653132235363117	-0.4817991611619399	-1.4666249698207892	0.10232893173665433	0.2353241577724899	-0.1831682424488855	0.6400429807397017	-0.1263214596822294	-0.2525024956382555	0.32016240969795323	-0.08997462497678128	0.16428638027926137	-0.2969187369031539
0.7773770698511479	0.8049050545066845	-1.2839591923549563	0.8030492325253773	0.3835123455949014	0.2885024513106679	-0.02720052937893985	0.06373438705278013	0.4424510963986456	0.4487493141313195	0.9921475878399281	-1.4118916128787238	-0.9018477958141251	-0.36135126831336356	-0.05980171181969854	-0.11614838097646471	0.11185487176487763	-0.7148091760693468	-0.9206009676035748	0.07812856577728246	0.29233951912305994	0.18693547403698244	0.781846974647763	-0.19432449175650351	-0.24024858275968794	0.17163347004713123	-0.2322406710907494	0.4943320494466944	-0.6114942105021169
0.6489395641711012	0.48674444144877277	-0.19581791075717386	1.1340969686152624	0.30381767835463674	0.18207291752569527	0.3358484885090829	-0.26772427663436216	0.6396622209005443	0.8179609357449203	2.6916939800599353	-1.453936851534639	-1.5637813751758505	-0.29024202776286956	0.24982547433288427	-1.0092054384669515	-0.514562704554889	-0.6071227448805095	-0.8161904273779944	0.19715401485468664	0.12514221653271068	0.11002242898056724	0.6949808122855161	-0.5632323462715545	-0.3253414146542216	0.4900435966983674	-0.0077395678495348124	-0.11286594749445647	-0.3334350821341548
-0.16511369228648282	-0.9433620441549051	0.2768632095171409	10.39718443651939	0.33809621435200266	0.6208412541110185	0.9943473229308198	-0.6899788191673315	-0.39621706959570074	1.1417678241443423	1.1104035053694816	-0.6265749650176513	-1.4509746626937148	-0.3740088098220563	-1.5785318381694027	-0.018365511732875067	-1.605673806050989	-0.4357447728414505	-1.257766852048392	0.10368704307585896	0.7229230788111152	-0.5580581001673186	0.18929131412533298	-0.1904926140364988	-0.29684352672346775	0.18022538171634325	0.34939285745074766	-1.404544329352856	-0.21766067335323866
-0.4480316646806111	-0.5414549759880376	0.03435073559159005	-0.16712326881974895	3.915389377147788	0.22541687110632425	-0.7365707708100826	0.7596474466363619	-0.44546462654082625	0.0856693743820772	-0.9821334385572367	1.0820484131563943	-0.5364521684040389	-0.9397605267388688	-1.7637712812595479	-0.9860540285680174	-1.9212364969820588	3.7626607621967834	-0.8993776614509207	0.32040629220398414	-0.5854495827944088	10.087526275461475	0.23281808605934642	-0.2445248665621592	-1.5448355860867695	1.3600663983709922	-1.5312756563808987	-0.07643106014143138	1.4750008641612458
0.2582228551866177	-0.055677046032645346	-2.9123134635434775	0.7957242521828487	1.0460096211257364	0.41895079808980384	1.115553378204785	0.05108554946551591	-0.3312133549633849	-0.49904990595945153	-0.8590257352427347	0.8396872114791424	-0.7861659011383436	0.9196376535998143	-2.0182850563682724	-0.33727346025703725	-0.27125533698388576	3.620385720949264	-0.6757800471471391	0.21139713425829584	0.3742549964557196	-1.3834150168137958	0.965511649910224	1.3087851180140704	-0.567351316864795	1.0857153028889068	-1.158727832197743	0.13623267630517621	0.8041276872559919
0.3996419595599963	-0.1273610563242861	-1.987930657838678	0.08919990827092131	0.30876647808686897	0.8543176612214131	1.0306229301124703	-0.0012084142370310722	-0.636566721640204	0.05040638616718661	0.1430037166950129	0.6735590892225514	0.13338128994067358	0.7771408441448389	-0.9085701640948396	0.16260762840745702	-0.03472857618158378	2.914521817473903	0.4417596698779788	-0.08039126203769674	-0.6854585414272106	-0.7245568928088112	0.7414596079101603	1.2073632868798252	-0.3510557340623793	0.43811006982777334	-0.7426355261505572	0.5646628230605113	0.995982607456044
0.48118762917309443	-0.40426682977838596	-2.179896454030115	0.14030956988942947	0.06790622686145498	0.32155424183102904	1.5779590856059431	0.2303837283048915	-1.5767794595845095	0.3766097118437399	1.518934001564635	1.2127376517338273	1.351226227625826	0.9486142179299523	0.4142135030267115	0.6600719349333934	0.5690188607589657	2.084533993070224	-0.04572249858662777	-0.0835997939460232	0.07006071688440425	-0.2982821524161271	0.5100331238696005	1.5952982682950376	-0.7663536940724263	0.4873954422993237	-0.30459453653672336	0.3677094225158675	0.8945995528559526
0.6903241730494072	-0.9611696521390369	-0.20550599540027123	0.6554010327828678	-0.3744956781822008	-0.16740161626759353	1.2285797114936587	0.004292979285559909	-0.20780474700420473	0.4229648370527336	1.337520054510621	1.4858381346496277	1.453291281544766	1.1301467502517375	1.865693765544235	-0.3862706378990807	1.5102066459681556	1.6227912684946475	-0.35132210827444604	0.29501532087413557	0.16493356559490235	-0.23027040787186595	0.28710372649274657	1.1220222891330134	-1.232472564677728	-0.8323204527019012	-0.47080681198148355	0.5240004362296722	0.65486036736284
0.8185699840026494	-0.5394653005967275	1.7472973620039058	0.40282323270179815	-0.3933546827422883	-0.7139374645216194	1.3428400537550196	0.009347713693504326	0.5483201557407528	0.6788131312694494	0.15146677184993795	1.3161887782217856	0.26481317958833733	0.7441373442772848	1.608821535713802	-0.4688876108740299	0.8177615531480981	1.2195638156261062	-0.010954333905873297	0.19770272760641228	-0.36240732584112906	0.11270940999199912	0.1739937595054994	1.4251039335488578	-1.053694867042404	-1.2087019849714788	-0.7596847063216368	0.4616615996882543	0.7667440212734918
0.5190970771404253	0.7914314163880883	1.5403797388568825	-0.08635423877338703	0.2409920784447327	-0.2764176787295402	1.228812803741476	0.030981548673870762	-0.7252174218645353	1.3048640293858786	-0.1696403035777569	1.0775208545816704	-0.7816317605120987	1.211697260586836	0.9845873334034158	-0.42064283872408775	0.06754585177579503	0.49420336763721573	0.07987199484801422	0.18814540449098854	0.2441690937085748	-0.9476307690045374	0.6942305502027362	0.768135141365659	0.19348241924841883	-0.062919433367623	-0.8988010585422295	0.877529807093724	0.3594164045543212
0.09106181587104856	1.7191323193025432	-0.11577424143316682	0.4969509928851105	0.9357853398948495	-0.056363487472564804	-0.036280603238017156	0.36524695432346366	-0.17313094225550674	1.002764754034054	-0.4996686108877696	0.5264568524433259	-0.5870204304214082	1.450398967112792	0.4576460548126876	-1.3987330504464532	0.20458073063244928	0.386045527773255	0.2524838617460719	0.2451292415530589	0.012341836310891438	-0.9486261488392672	1.4227667671274165	0.20558066625003815	1.1107788096249018	-0.22256661750610665	-0.2834135645825079	0.1414202439343322	0.15914230709715532
-0.4255201608835321	0.47598419120774643	-0.2221443863381227	0.7377352168445115	0.9607877403330791	-0.6732791703195189	-0.31833177882089453	13.096615719298834	0.7198606670497132	0.9133613093273505	-0.2238166982690348	-0.3170417434446746	0.629974229631819	1.052400736885368	0.7268885940441704	-1.06889780166827	0.28467420128465365	0.039950124059811375	0.4752954449302881	-0.9766933263053715	-0.015997029774986165	-0.4121769182726481	1.3233723943709423	-0.6025075447222868	0.5604217137921487	0.2202331211403908	-0.27769211625124	0.05395930362269613	-0.21369282133705386
-1.4907001663620485	-1.0605432487799027	0.47576813719677147	-0.2668011478776854	-1.1456140069276946	0.4070792298364219	0.567364493605109	-0.8856801727346708	1.3275938810201506	0.44082762898626704	-1.807716947604844	-2.386261862368224	0.15666511069371167	0.6300371684174889	-0.16695843430051618	-1.0274430211581758	1.0941785040004783	-0.2011057777523549	1.21983301647945	-12.786245192671409	0.6856837906337221	1.5335980524223676	1.7383156012331642	1.9878031276791477	-0.18410850534025847	0.8863747958743537	0.7056719082308316	-0.6619985074196076	-0.022419475892967822
0.431041712221268	-1.3902687815212866	1.144843593550235	-0.4748655184394457	0.8052105092797909	0.2303453015871544	1.0686499399181164	-1.0889029074899028	1.9790039434411246	0.650575065355409	-0.26268154929752885	-1.389276003415359	0.6849602038982395	1.3562754310316554	0.8024779799838934	-0.1515800484261726	1.2996419778736463	0.08648689551236453	1.086680106399815	2.06398180351805	-0.8494587829511465	-0.30642470536024025	1.2007583502953318	-0.9162022289442976	-0.2951191437143188	-0.41576737678084125	1.0386250940132278	-0.8574722030731314	-0.16401988096229014
-0.1303481492848041	0.8868609955834511	1.7333070096446308	-0.1876610320090861	-0.747248350152116	-0.4365283099740734	0.8324497983714505	-0.23793518099328004	0.9341193862202642	0.7817172565917568	-0.8800655455905576	-1.3185358860224519	0.6734059816519568	1.4216448977605718	0.8189311097263293	0.02562043803183765	-0.1568589586628552	0.04072328387292545	0.7191428342198114	0.773117767291954	-0.1589458711563831	-0.05385723740065179	1.3578166929031477	-0.33848050903122096	0.7238464716842965	-0.18437941080723344	0.371730305139693	-0.13368066449357624	-0.4752429980837575
0.06210801596159524	1.3700358901240477	0.6969683486419539	-0.1693030332529352	-0.2591956756459527	-0.24505957677678294	0.49125698916999344	-0.04341002017924776	0.35498410536554637	0.7518443099493555	-0.7407364033552588	-0.9954841331611114	0.6433847274181717	1.552308542251322	0.8346065769438274	0.22275354879183487	-0.4455038194683523	0.11664055569109215	-0.061533588669698075	0.31240791060698786	0.08255763053403033	0.15591923479772637	1.6409870957991506	-0.04545439150596664	-0.7342948415954882	-0.24233567073948897	0.37272101833737903	0.3237045186509967	-0.23951954982976045
-0.08565689266837878	-0.10002057543213069	0.3718027194903351	-0.00289475636503634	0.152219296949667	-0.052560837836149	0.8270491973635083	0.13957684083856955	-0.7186459567928258	0.7351827196071823	0.2273228865715697	-0.9113373021229223	0.8826651700768934	1.2742207154951444	1.0776607887819012	0.49019628534708665	0.1478919498830574	-0.15341047592203075	-0.3857959483554845	0.25278028098043476	0.12271548289520862	0.06215081873307594	1.6981513332793212	-0.10674942257062385	-0.2178983818551643	1.7991153517513254	0.525254475711413	-0.18359589159889342	-0.27534084267809866
-0.4629161706424041	-1.5609838516511352	1.0442254627887593	0.187593791433012	-0.30857601230182047	-0.25163961043519617	0.3552979315308453	-0.073278505363818	-0.5768444921048209	0.593328027680461	-0.1163238654023537	-0.7472593646750518	0.9421138475507185	1.120184978122327	0.7142714523738508	-0.32846711051446664	-0.25190951890654745	-0.4108595810555051	-0.6298148600104532	0.49164738161855986	0.5356836660948969	-0.03210354554003504	1.845914165576229	-0.03272654316650119	1.674954377957834	-0.17736519311273732	0.12239524645846427	-0.29532791829213856	-0.569262437801934
-0.6197838083666457	-0.6283528797031933	0.5327960961131268	0.46012352256603906	0.5090595880098823	-0.6076283904844181	-0.5146407087191642	-0.025743393734968853	-1.6200123508105106	0.5847435269735944	0.0045292754760782985	-0.8906720030237529	0.6532905783348422	1.1466944990349555	0.7877256542472442	-0.8872100052653779	-0.28080174704226035	-0.6182645658373549	-0.6892393093688806	0.35526433222470755	0.6137735138111619	-0.06973922534289108	1.5391300880066885	0.2592106868220354	-0.9824629167505673	1.1450126265716427	0.10926264323345612	-0.5089431626525153	-0.7433361478838592
-0.5425253035822228	0.9391406020500035	-0.09903926555317952	-0.10294820120430256	0.637593930927927	-0.3321344279076563	-0.6311810215167973	0.0916879908607661	-1.3232617444192671	0.7993312101395412	-0.34008132380868356	-1.009736130552119	0.38873176800923015	1.1924518861559548	1.202762354950656	-1.0553362943732718	-0.006486732645983226	-0.5294056451602241	-0.7254613938695135	0.14145339660582829	-0.1610257377992897	-0.14578304838091857	1.2658043091402293	-0.27388076179921655	1.5681057377419896	1.337824038839685	0.17510533446558635	-0.4525129218469177	-0.6860036751118879
-0.5910100804208075	1.5885793530031447	0.6017812863559301	0.8728492080083519	-0.3693016173906056	-0.7286300173878926	-1.0420544662882005	-0.33145666408352653	-0.795090539758392	0.42121823703543315	0.6190652470952762	-0.7456799239619321	0.008654366424839124	1.4884611738660136	1.7428169243498224	-1.5934816542859922	0.1537560872490926	-0.21595536640753216	-0.26352004219295555	0.4200616125431476	0.11525405758931107	-0.08438764548099413	0.8905615118236009	-0.3002763141400628	0.5664266819667189	-0.06854505457800446	0.07076393674137885	0.02253281634451065	-0.628973460314934
0.009774305915011562	1.3387192159455885	1.3189128250015012	0.8547903068598096	0.8715931080605499	-0.35919588850336887	-1.2658405871345253	-0.15393496551440433	-1.4764921635629713	1.226496654989307	0.07814898734525928	-0.9248381998211629	-0.39751733259950833	1.648488592737443	0.00819786909006346	-0.9925048976969331	0.07164340027719106	-0.18374655773531515	0.11914970804399772	0.19207102541433252	-0.2161565117571138	-0.5167501484129964	1.0517472693305832	-0.3988542950085753	0.26869065685772314	-0.5022964092797524	-0.057923882840581545	-0.49877402151021377	-0.33360702900362804
-0.1505801935801423	1.0136332286706746	0.48533849920061123	-0.3334657858607035	1.8165010234985453	0.09093881012768437	0.30540353364437905	0.05942782112786612	-2.1608918002224473	0.935836627354636	-0.069577213980268	-0.9397807912778581	-0.5471528834434701	1.271143051654866	-1.046068269743252	0.605524037110893	0.41597134185404977	-0.3649349519775691	-0.3941221298773572	0.11998071012478616	-0.09851002492072519	-0.644800351296204	1.0367618794982216	-0.8845078766860456	-0.4268051145613473	-0.9084470744631957	0.61108199906481	-0.5597046932162989	-0.2211778976843565
-0.016223110774909018	0.19198963574625771	-0.07847775274781883	-0.023475061194994103	0.9873542529955233	0.04877907991930265	1.0362131619423576	-0.1690855469281802	-1.4883382470211157	0.9029779965833608	-1.2654416759175096	-1.0434582649522224	-0.24058915888376772	0.8580725493568829	-1.1946071887559062	0.4263243290526729	0.14690975178696505	-0.4309426190579142	-0.1906978022483842	0.3025574241987201	-0.25862798097612094	-0.23134990048365134	0.40705653140750503	-1.4385318831552385	-0.23244339098658265	0.7578042732641528	0.905752154883721	-0.3649438760077335	-0.5041981780503163
-0.14690477728901533	-0.8113817720366618	-1.2220078801482686	-0.1455888543394144	0.0025109143852046142	0.18353875789928328	1.0676375650465781	0.07508557548926692	-0.7163306590259022	0.8396496711390349	-1.44783790309069	-1.3528033258091698	0.6041075584904714	0.5707004384661554	-1.1125790762038807	0.13393275848746547	0.029618747296565415	-0.6847369848087389	-0.11398071469767167	0.20077654288361635	-0.258568001482079	-0.1433276848474415	0.5391002193245866	-1.4478782841573612	0.507632859261255	0.5477698431892895	0.8623087603757976	0.16909628288135561	-0.6220582765559259
0.0022312853204336765	-1.4044566563201861	-0.6827180786004519	-0.09778934210340269	-0.7077560916729805	0.08590922071202867	0.951717518757969	0.0029730165043187168	-0.7606592993218063	0.8519510927185233	-0.19418041083183607	-1.5997778064414976	1.2436986377600716	0.261299840739382	0.22784814355235405	-0.5719751635194621	0.37984603699644326	-0.7256560952977791	-1.1164850670119202	0.2763841339649842	0.13513207088744028	0.6172227390291859	0.09426368447970448	-0.9085147913041747	0.892566389262773	-0.4543363172437746	0.8212517001121995	-0.5545953499587081	-0.8376782462224577
0.21128293168793777	-1.435961520140471	0.3630706245596927	0.42336945877727244	-0.6454234659269652	0.05535169559813739	0.6427861739047442	-0.13227674594776428	-0.2340920970490647	1.0427147409034432	-0.27565295942500634	-1.5846131323748158	0.25862607686884337	0.24482109853904782	0.38252017298815305	-0.2163966622047751	0.0883978066114319	-0.5129927514095002	-0.23644061381731665	0.4023633485232335	0.3215852023366963	1.2976578071559486	0.30733682139696883	-0.48409436001321443	-0.13712976113616068	-0.8765212715087707	0.8010631562884644	-0.6701857207648583	-0.6581393772595444
0.3403375589429686	0.28589536013591443	0.9569621537594194	-0.12734533341150248	-0.6892643708927629	0.33988713886952443	0.7334894393022019	-0.19066821779314805	-1.048826737761302	1.382768309618643	-0.5317997897834978	-1.5228609474068913	-0.8682930551451916	0.19001912868435208	-0.3695429182020757	0.28373889392050633	-0.4951867667259831	-0.27363576703288606	1.6823542203904367	0.2884255164462368	-0.05773932213916028	0.5666732692112568	0.4490868315615039	-0.6562807429989623	-0.001271420608459049	0.15404404105113412	0.2643527327749925	-0.570470647771921	-0.941326060985982
0.5087146459475158	1.7082853492145516	-1.522915622611172	1.7905935438450957	-0.4354702930810823	0.3961249920417131	-0.5449325225170382	-0.12945873680650793	-0.6487874606296423	-0.13079421830410182	-1.3311887197993264	-0.7191909318335089	-0.692318681192128	0.4634794210326727	-0.16471811499609043	-0.8145189764016368	0.20716765546353075	1.4092928661740551	0.40687130661133253	0.08962862306859064	-0.1308397197307955	-0.5960935490021341	-0.33107147840630974	-0.2821222891849062	2.153654710329166	-0.3195272334301507	0.196409194386354	-0.11713172339183024	-1.041371821442726
-1.380489467640165	1.466419998975046	-1.1195729652702806	-0.056384308165121653	0.08895716266955242	1.0043241760590493	-0.6151345883751557	0.05629092444699348	-0.1397595327612963	-0.2540817012058492	-0.25753873809152983	-0.011895951431732799	0.5372721117834802	0.5273249345559506	-0.05040750557644313	0.9059193675923962	1.2912050512200888	0.9621217908767988	1.1777183882541702	-0.2210021714828777	-0.5222137544493172	1.3316067219684158	-0.47698451998733904	-1.1049785253251136	1.9280801346146643	-1.2880544251919124	1.160445448243148	0.41272500076926655	-0.8068305556173452
-1.0835094383101875	1.5086965773412409	0.8749943858397389	-0.0059388415495222014	-0.49886721992727395	1.1829220902247488	0.31577712936822655	-0.37321700300765487	0.12578289693074193	-0.5204028114810566	0.7056783385340775	0.42381949076142866	-0.4665480418277173	-0.06011067426515203	-0.008263574801159485	0.4848357748537673	1.4996205237216576	0.43311985758880805	0.6007455987079963	0.29311434592173846	0.24194120590999418	0.013220781878984244	-1.477546435203339	-0.26862984675072094	0.7727578042711025	-0.08648094156971875	1.3241165429408228	-0.739778602338735	-1.392653838440204
0.40061447796274946	0.8535450874894955	1.205269646130804	-0.05368943515017726	0.43998713424404	0.015693082780007986	-0.18320404215237632	-2.3030288336607696	0.34466175190677295	-0.02335531174986285	-1.1405070282001086	0.4742840035670375	-1.4986843711282003	0.21354851461129756	-0.33266694505363004	0.903565729135388	-0.14173177930632902	0.6716130661344466	1.0864863981826314	0.8087836107431251	3.6092496078827976	0.05430421358172215	-1.1645418253135333	-1.4851349635863904	-0.041043153008177354	0.033005772810807486	0.4411316325844088	0.31164126534573966	-1.4754501319961284
0.6026279519021502	-0.2438715632557955	-0.5201649094755427	-0.8983756540827451	1.1429643613108909	0.4746867739399534	0.46176306650587157	0.16747778702655367	-0.46108066185432434	0.7746136111890238	-0.44928816222306034	1.2226172466476997	-1.2009454036308733	0.8593644001530572	-1.3438659891090587	0.8826575337572768	-0.5443996591641538	-0.20056805334899416	0.6348157885216498	-1.6546173609734365	-0.4091493692484065	-0.7362881354245049	-0.5471576657453575	-2.1357695908747076	0.14551239355711795	1.2792740019649562	0.6844029743198071	0.1840014929321157	-1.0074660233177546
-0.09645409819838438	-0.6650856283819494	-1.1248544015602822	-0.49407005166236917	0.6412269212964139	0.9064351495253449	0.868891286193331	-0.1018086518782467	-0.2531069965137645	0.44036203132238155	0.17479082178598307	1.205531195568539	0.05627738376932212	0.887027708515863	-1.344441806976037	-0.22411416805873996	1.2328522644239313	-0.6036093235218718	0.7783356182921721	-0.42827935045770693	-0.5928808667846891	-0.8953621535374103	-0.9605574875054841	-1.7078286369460265	-0.7174650404456594	0.9627128061416724	1.2152844123021684	-0.053894803139973545	-1.1567084549848086
-0.8996071235715858	-1.5144222751821637	-0.03814021150190593	-0.24741315837013425	-0.08893475819735966	0.7827262241926868	1.0826522230439901	-0.3340897486124767	1.1153103354022749	0.09227511986782455	0.44202381358499243	1.5304863568711506	0.6730831285554608	0.38997517521070385	-1.3094840459111634	-0.6183018223443092	0.4900969904996551	-0.5163025646819756	0.4673055451165868	-0.28557751672907206	-0.007421777639361357	-0.6050954909144054	-1.0916554122791513	-1.1856017131115353	-0.10138035064808994	0.29746700919740904	1.3763223849554036	-0.8562644067338002	-1.260300194886295
-1.062776965856367	0.6065647025664257	0.36654311966477565	-0.10694541645755092	-0.7626971629567535	0.895924131728651	1.2182460840295475	-0.24004168210357898	1.1614929066890867	-0.006367734692150396	-0.39050609531148023	1.5940928651233255	0.613358042736929	0.2329421018303579	-1.0084543410706774	0.23893142545478577	-1.3842528967695187	-0.3356993650873747	0.24719242369803465	-0.41721429001681215	0.30435047704322166	-0.1769518417513177	-0.8587081059738311	-1.2612756726724645	0.12626136220190998	0.21565036698686438	1.273592138386523	-0.6983105133657151	-1.3017976962658988
-1.211468243598672	1.10207739824186	-0.6957832227011871	-0.30550812362113294	-0.9006554524359937	0.8662271483492724	0.5486235745745347	-0.1679801968916961	1.126698630084504	-0.28357203156107036	-0.7039047625822351	1.6171607898280311	0.6177489783564428	0.3367895624331038	-0.44504247669728086	-0.10061096556835764	-2.0294299304871344	0.15045459772969308	-0.1312841768651935	-0.5398752922945105	0.40654141247169623	-0.06508508434264659	-0.6664882385518878	-1.3503024796240066	-1.8111413689964169	-0.17952927481347686	1.2541061363088752	-0.1874669672417236	-1.4339190783192945
-0.8759300191200782	-1.179757349658659	-1.01822187592619	-0.6609901937315379	-1.014790296958252	0.5120202647902112	-0.42673038553972603	-0.216231093492605	1.2586134072638864	-0.3722508791053569	-0.06796522431283446	1.2844978705250574	1.1250656993307697	0.7210513097105166	0.055150570883736774	-0.6267415443910763	-1.9224927826678053	0.4168763560847029	-0.2810181535469635	-0.48582468388271727	0.49987620617985673	-0.429821963389506	-0.46962767773534586	-1.8612683941216093	0.8769820532797669	-0.6692184337612124	0.8942945154664372	-0.16385059868784743	-1.7386593215818893
-0.5799931847586124	-0.6709119675670121	-0.7528534445564025	-0.6319716313501319	-0.11907117653819875	0.6354887090502289	-0.794745483281399	-0.2120545486319507	1.1567643432238202	-0.4322656538393683	1.3203526931235798	1.3209122092807475	1.0293838083533062	0.9470309777744806	1.041771849286837	-0.5446853092613286	-1.3455533628279543	0.2979506355958913	-0.4837130737437271	-0.6527087646251104	0.8245783835730182	-0.2496759648974174	-0.8189029388571433	-1.5551764014554215	-1.2088838677469433	0.11305809642277116	1.124132488742274	-0.7648608845729219	-1.8484278850106355
1.2699885686507864	1.2413039089699127	0.32335004316602967	-0.2530651669559039	0.1630073219203365	0.7425527795728909	-0.6080029749332437	-0.15474475378298197	-0.22826203344118828	-0.013234735321509096	0.9667067128527891	1.3606329226612062	0.9912254435350405	0.6787880257393303	1.533726124058529	-0.4673347115693158	-1.1952001490825355	0.08229792006385775	-0.7539299873915348	-0.779348742281711	0.5238618708348346	-0.46698997921378743	-1.24580157723688	-1.2475108438646305	0.7200117316975315	0.6266106035241171	1.0603367542209563	-0.6549611956636987	-1.9141752882276133
0.8568130654898973	1.3452447374774024	0.12701850819448934	-0.2666056017809369	0.3327836590637291	0.8106246900023684	-0.19155323117576648	0.014455406187854935	0.44305547971125414	-0.321420246159174	-0.258292260890325	1.6247231955858186	0.9746132386827494	0.365335412059307	1.1019518457058017	-0.6543945733423935	-0.7327574957906802	0.19900649110284688	0.2928228203994429	-0.6010262100012359	0.16866359388402452	0.025067575714611545	-1.1499132914474097	-0.8027560651838028	-0.8467732559760796	-0.6098447936148393	1.3192405222097026	-0.14287384399785844	-1.8025345397216204
0.6743620669749448	-1.083366896539056	0.4514870693926058	-0.5574974533816126	0.3114136978231229	0.802875558219455	0.4614250842237117	-0.13343527686903298	1.1657763212166803	0.0055385504703420576	0.14080608561084568	1.5128687936787775	1.14192537429609	0.07577533937122428	1.015542348418831	-0.7817285181234052	-0.18810582782263138	0.19797026839589724	1.2150394054500147	-0.44116780150479007	0.11222433328072513	-0.3370873897762134	-1.347022743205341	-0.3827277296427862	0.4324139189758648	0.7836053770074625	1.3106075322450037	0.049084520635454626	-1.7343904634463456
0.6484678119595093	0.010078045589231557	1.0404435350916457	-0.6072430981376171	-0.3826609655041021	0.7281200475977545	0.8977028245133474	-0.17328208174543275	0.4788305748837606	0.09083541983482998	0.6938090484833234	1.5597493940839335	0.8500267964901485	-0.0657879514157822	0.8481449517776992	-0.44697455170482836	-0.2958037466959552	0.06137102449339249	1.3060434042558366	-0.48914364115616316	0.1988383948312851	-0.03058421753934177	-1.449299114159848	0.14797294539408418	-0.8598553661100906	1.326697543124122	1.4254126476993427	-0.23983206609891314	-1.5431389213041091
1.5270178939645818	1.433131520883921	1.2083359334958008	-0.5261370716533972	-1.191213972545678	0.7783160886480296	0.9440991794033808	-0.11465741134768664	-0.640904052527333	-0.21195232298518607	-0.46047649185620626	1.5585825728621308	0.083876197584481	-0.1711025017416757	0.7691138675084186	0.015724467117286346	-0.9333308828360336	0.12443689156822574	1.0048193950747428	-0.4997509574035494	0.2818404346131767	-0.24730796464122393	-1.4357810932473196	0.7734883623503062	-1.2953587299592426	-0.2411825877303992	1.5113627505752083	-0.2781192860290554	-1.3881991318914595
1.687320543275175	-0.22834301332576848	0.40674851831487113	-0.6511239563765187	-1.3658996257263671	1.0728788423748354	0.3319033936944865	0.018489618201774284	0.07860612923373052	-0.15353105930997166	-1.3166242624167699	1.3379819040033831	-0.05190228996725674	-0.2770749270812021	-0.04778700398548097	-0.40400790184113566	-0.5780826923531364	0.20344722408830054	0.2555928512722975	-0.3115593113521287	0.2477116951444742	-0.13521952098705384	-1.4967246014606905	0.8517240278149365	-1.1494593083170026	1.7437378783225985	1.429898381728524	-0.17903674097936667	-1.5233503879570376
2.9717719129485607	-1.3008039775104752	-0.6263070481147405	-1.0196872829939323	-1.2755578567496586	0.2851275105692342	-0.8553535695276334	0.7033216237858522	0.5488935765919715	-0.024173227892949376	-2.6269136125040373	0.9349947021467434	0.16465257401060576	0.5772378795419049	-0.2750675441139268	-0.8412371214689296	-0.36951233986049603	-0.28275381861509785	0.8717689410279549	-1.0671229700325837	6.091797273825868	0.5671281984928651	-1.2258064359177523	0.19013414353013225	-0.7705652306027723	-2.361962123286926	0.39389494596321445	1.0581208753952533	-1.964020660366676
2.099794160350794	-0.6798978018681785	0.41932612916803397	1.9064796445034493	-3.1337734646204796	-0.1750425153871291	-4.3580379930996	0.2980368509317693	-0.0711077148454693	0.5658663784111481	-1.3205172580617859	0.983090882484642	0.5138469401543487	0.7616568595031316	-0.5696127417078691	-0.43488560820440203	-0.6836938044297498	-0.38945767991919045	-0.5755049419538368	-1.1602585747822207	-8.486589061088395	0.015261528883507479	-0.2323046146839137	-1.878220127414775	-3.2024021886716376	2.3456695094139666	-0.13727360126934954	0.6917254323250678	-1.4606426032728603
0.042643450401474554	-0.45123390304506855	-0.14737720489166667	-0.33622054426448045	-1.3285979093567264	0.26261223004217565	-2.296935686910741	-0.6227965119252474	1.3428913788592007	0.141353163320335	-0.5002108496419867	-1.2782078084323334	0.24605069322576853	1.2558589186368483	-1.1794159679985639	-0.5348067513321643	2.6051980339928966	0.04571374468268531	-0.14162522534937638	0.9763712648287722	-0.5510312320101856	-0.38224241565610445	0.6846341797540765	1.662554397566256	-2.491331527073462	-0.9558822883597128	0.3929371838716276	-2.039403162759344	-0.4554398787702321
-0.14944571889742123	-0.8571514864259817	0.49118163052294267	-1.6976202390688617	0.7353437181926015	0.6175240416219665	-0.991312901512177	0.03398689612609111	0.7700703122222815	0.3144833578502602	-0.44226591824608547	-0.6474466858148101	-0.4182020550308068	0.995372624000678	-1.4728932954020517	-0.5056699302029639	2.439612646895629	-0.14266781359130074	-0.8362267761784978	0.39492941608180776	-0.24823285433645265	-0.8992440745246622	0.49421340989035584	-0.551724136729157	-1.3686406266171136	-1.684057026352622	0.9535990359354818	-0.6927413370643258	-1.037194093669625
0.2543095862617181	-0.6562016714153258	0.2774296661870445	-1.3935271747287838	-0.7565581938581977	4.941136868638355	-1.0527849884373532	0.030879584527034713	0.4786552788291026	0.5003900563235502	-0.4729378933643494	1.0055902322858576	-0.11008434505168596	0.401272774737895	-1.3894914181402696	-0.08094512019639899	0.6744345158018791	-0.5385870012554362	0.059920408344525625	0.31445623139925316	0.6845925728481714	-0.5770177771653064	0.4588831614469969	0.5207460896388638	-1.024024655771015	-0.2506577556405456	3.4420702419802174	0.9748359140260331	-0.2179808060555396
-1.2223767630610864	0.08346954736675462	0.02173786487632157	-0.7149318450066107	-1.4603970887161912	1.4579579701018195	-0.4075814381250787	-0.01756229950986745	-0.1863401647007827	-0.30790763449142045	1.764657700930441	1.011077082539314	0.19114185076605922	-0.122608670920996	-0.26647890412887937	0.3993371681111142	1.8795330006216628	0.033507927918827674	-0.658982286949662	0.20016774027576706	-0.787055465356837	1.2829243557125594	-1.637609779396934	2.023643420516647	0.7404135566062947	1.6144111915188357	1.2647113634370208	1.678102298491063	-1.8018598057301793
0.1442243841908718	-0.2681290599818765	1.9396730923687433	0.33147911849670175	-1.1046999446649712	0.4994164040148121	0.2733062126223879	-0.5961868402598538	0.22106034280975717	-1.9685846856212217	-0.5130396386231515	1.0956778769845652	-1.8386933124473208	0.18028918401872746	-0.9148807392925576	0.0578714429070429	0.5982045838207372	0.8007710575359334	-1.199707210867602	0.5789316549811204	-0.33518561636443517	0.7874619353592569	-0.6235322642825165	2.519393358028402	1.1396140481170713	3.1414486076509798	1.4578075979208625	0.14904859579922056	-1.730658939587621
1.515978216758732	-0.685247014853013	-0.41955610336981974	-0.9194480582709725	-0.35258627486940786	1.1992319762247887	-0.3812285702620143	-0.2770335280490819	-0.10138129145756675	-2.076591731366128	-1.3895327983295016	1.178071987038414	-2.369450026990729	0.8268701328159253	-1.6373953647309312	-1.081043906096354	-0.6449509417172132	1.4368028850202081	-0.9497018987926408	-0.038487114885715275	0.2748536680535397	0.34401428354207203	0.7698961435246963	0.8165027483319237	3.172926153078941	0.8131709952966658	0.9403288386649864	1.3241097828151167	-1.2332259150881788
1.7732157290391222	-0.5402562036407564	-2.5163562230823846	0.6298663168634707	-1.7303488214560057	-0.3516716769975948	-2.2551490471967064	-0.18803029276607544	-1.0948377590702656	-2.476295464309765	-0.2707411096576921	0.7321217019064489	-1.3843629942464963	1.0244476292970466	-0.6291442619404795	-0.6762537642158533	-0.07638732327232334	0.9684269847019112	-0.8398683386640494	0.05233872616848526	-0.06189498559853921	-0.5257176260856294	0.9070178909548529	0.10634233994906889	1.4798588864993725	0.6214760867707187	0.5151020518547331	1.1543955396879022	-0.8259180689657571
3.68669968072592	-0.7875170399421476	-1.7676397750612358	-0.4556636087994222	0.2179937444284875	0.339538622120423	-0.1970716940426606	-0.1656500733768446	-2.3532547443996292	-0.7753092905021408	2.221548100393786	0.3392712974218031	0.14015075504771862	-0.02965822752209818	0.8253295739245883	2.138592899833441	0.24337175361626445	0.41718005653154866	-0.6483317058394824	-0.8475910021329282	-0.705592306499496	0.5559792185625149	1.4914871836459493	-1.3315490336786286	0.5472299231377571	-0.5142182445583862	0.08492746085331394	0.2626826582034373	-0.014972490856809809
2.796868712740007	-1.2075506835456375	0.8552220046001935	-1.429776570792039	0.5195975762640392	1.894383434566107	0.41685190670892597	0.1938049166663574	-2.181261423642038	0.06235553002005251	1.834312947146057	0.08679131093492105	-0.5442418356835497	-0.8503991659302996	0.13066322493386767	0.29245658892507964	0.13161529048853954	0.39752419070115896	-0.6069385769585338	-0.3684421121106712	-0.6784522489697682	0.9361846951148843	1.171744264579143	-1.0494275403573645	1.4887975354117904	-2.7396615874875385	0.6873889454972378	-1.0715154025523366	0.10933515741175004
1.381642713445417	-0.9658342444449182	0.25209327001058374	-0.2857389139537732	-2.276085096832073	-0.9780231309101871	-0.9083822756017438	0.2044032404859507	-2.486109656371947	-1.0843730661364204	-0.2640974559172258	-0.03777737696071543	-0.9705373138151207	-0.5003897569254103	-0.2214906500638915	0.10687619533764325	0.20604263903292583	0.40735475471630683	-0.12212338033651665	0.10418310159634173	-0.7046369351907079	-0.017879657288614032	0.7998555715864123	0.3158205390905444	-0.3023867669758992	-2.72473506201374	0.6280405753175866	-2.0803050692761316	-0.06667423456544101
1.150663569495575	-0.8622504298796192	-0.5740801319405406	-0.7021010364007508	-0.46398162167059026	-0.20685047678566218	0.11468192284353863	0.17796966988256707	-0.8623250959423419	0.11190162523601463	-0.9175011706199373	-0.0014827805287888375	-0.656985729529058	-0.42482157712838053	0.5171904083759551	0.12101727411295272	0.4761966551008912	0.07916086540322859	0.24871520002186112	0.3419640891097718	-0.8810304171061479	-0.7758346451828442	0.9035381943602945	0.3243744644721288	0.2282425389579837	-1.2035324484557939	0.9288035645854158	-0.6538843461106246	-0.14869135141029488
0.3645825840991015	-1.473270617412337	0.10170940672258705	-0.4313430492075433	-0.11755522134530269	-1.2611182255275188	-0.4276068779441062	-0.16617677346968845	0.4686081365904065	-0.17202998164487426	-0.8731360097262051	0.350759497253645	0.02689106298806961	-0.5363158152014343	-0.10654578048130878	-0.1886804670161477	-0.24818759162656867	0.2882616178005226	0.6353847439139864	0.4168377035442197	-0.4259238257979517	-0.6293390238073968	0.7151419369271391	0.3032523347714454	0.43420111293637564	-1.590469382562254	0.8442873514417619	-0.2124828499883076	-0.43841763401665984
0.47247467376882635	-0.7956410782231023	-1.1873061577816884	-0.6041371867441584	0.2574380474293801	-0.4609529616595945	-0.9599987052285404	0.134505180655113	1.3427260932550422	0.028868150420838807	-0.4189713257656821	0.16887231929755567	1.0741415400798398	-0.39347183318414325	0.24223692091783405	-0.14162665225020488	-0.3510024866301804	0.4022116028632516	0.6203872762514415	0.04484115882586319	-0.18016660641760876	-0.5829612432063902	0.39680255205280557	0.36065408647927777	-0.5301009201286675	-0.27286673426905816	1.043209723001276	0.6995899875320585	-0.1659211303262435
0.4587997509737754	-0.15040958188077025	-0.06844552640200444	-0.21447379274408784	-0.14826342570464196	-0.9470595244714171	0.4185060643729248	-0.41369607239516226	1.1876958509110127	-0.9284787765993321	1.3205079843388356	0.4550219179462409	0.8397503464392191	0.4682015376301278	1.0429271039835823	-0.2618850089347183	0.4995278785677781	0.5649232891437641	0.23332899746716318	0.06317522632323422	-0.40407903524963495	0.4653947293460566	0.6979949446877636	2.3363126179184346	-0.722629828024003	0.2917710667849764	1.245016792140631	-1.0003388917907186	-1.0919008108316632
0.9549961486956005	1.0454420149736985	1.4615144181932898	-0.8805480515784662	-0.4227122966950254	-0.3906558491144999	1.2920690315264787	-0.01696175762436689	0.025628991992566953	0.20070192535817608	0.032977341050646626	-0.1772503091472665	-0.023233947992989896	0.210197290955677	0.07072099336264616	0.9102149125831215	0.2060170119331509	0.11276572254298435	0.687380585229751	0.14047011921615854	-0.7504848414385338	0.22593363734558577	0.659134487518273	1.6863850270684595	1.185546987635736	-0.8820852226539251	1.1647900382489738	0.09318716587342689	-0.12229232347460209
0.6550954097447427	1.65789811606881	0.6688787472163398	-0.659980754598673	-1.248482755115083	-1.1643931781235688	0.6987188844814148	-0.10884249417080337	-0.36239009443873565	0.5041302926690416	-0.4577215694331122	-0.2338376053458893	-1.0981354672107655	0.0669646478667717	0.419031031928297	0.36794948964161084	0.27376578163511556	0.1541958173563906	0.3008758157966957	0.3352953603292566	-0.42465184277434026	0.6910142860607049	0.48153854025095816	2.255886161783746	-0.45194313882411474	-0.06903814995780815	1.0784441034143637	0.6529592499239514	-0.2766333450650796
0.43226274234945516	1.2898137414550914	-0.1887947154595332	0.3890828678341679	-0.38330841160501655	-0.7318125136066852	-2.4862060412520557	-0.3543298120399252	0.2952195214776742	0.47698799811994025	0.7337881168151319	-0.5332141133527503	-1.5820129580297742	-0.4221690506079392	0.4792584745344878	-1.4609821715049143	0.3595891390286965	0.08455902696384457	0.7075191219929524	0.1743241840639454	0.19299809421122224	0.1321647505665432	0.1602428240576404	1.0506855164211906	0.6776660265797126	1.4980294954410416	0.18658601509355624	-0.14883094938828118	-0.7928632728864166
0.6058350745550184	1.021711597952246	-0.4015008749515547	-0.66930353471295	-0.33226795462666714	-0.46944538434933875	-0.859180183245428	-0.08984096200370054	0.06152508350650467	0.062163554672341616	1.7627056758863158	0.019180244996966966	-1.532195908441879	-0.9891032503983979	0.9485813178567268	2.676055938822311	0.360315411411668	-0.216962925190118	-0.4745534585083464	-0.2703143556329826	0.47945422453103614	-0.12952843309335837	0.3342045824617072	-0.6217991254537572	-1.963668406207597	0.6665400254483389	0.6522836355963585	0.008141896088311378	0.23702215036045196
0.004096406968286086	-1.2535629841928277	1.1365697150336875	-0.4406395223512724	1.1769193848488835	-0.5978459983479734	0.19410925247634794	-0.4775950992354011	0.21089495443132117	0.27727847763126623	0.2859413590555183	-0.015977947882598917	-1.7422818194160137	-0.7187969267026856	1.1969845923291331	0.35045897101052353	0.2791843760977674	-0.2438231499473903	-1.3089645155497165	0.22593381553493563	0.7425453391036662	-1.090064271699405	0.5067316935706613	-0.10986519932569468	1.3375479797465955	0.3643339750704076	0.9861442648708424	0.046603251226384666	0.08190586310223706
-1.179429025676809	-0.6287282567249907	0.11694739914982512	-0.6084922762082333	1.6812172697467587	0.0860272281876646	0.9249084021889009	0.13888615713838995	0.2418295656851049	-0.7622769687409044	-0.6899107779553598	1.107339075138581	-2.6102352472499843	-2.203925692964053	-0.09809874548041349	0.5560091690209266	-0.2782460203078177	-0.2106510794469975	-2.527547316506587	0.12435345906874698	0.15814053587709087	-0.8977691146562137	1.7228005975075076	-0.10872434113626958	-1.5139632038224535	0.9569239328542318	1.0425465245767624	-0.08633972904043678	-0.5267514735659592
-1.5007416047502016	-0.7311556560155038	-1.1017645429118867	-0.22398103358751967	0.10107859210887567	0.20868916194976836	-0.5203492104843809	-0.19416406773728892	-0.25909921819737214	-0.18592484659715935	0.4181439528498177	0.7147186090643881	-1.5622749247002583	-1.4547617818640404	-0.446133312638219	-0.028634115901200307	1.2861878410541443	-0.6777240618614572	-2.2013062102835206	-0.11993852340910087	-0.656447213033288	0.01426614687524875	1.395101397774614	-0.37623128079758844	-0.20988142120267259	-1.780470865257556	1.1993816980518546	0.9256120076638665	-0.27596190323595976
-1.284903325294387	-1.0183963734327124	0.08389737646908946	-0.04368932604131282	0.2981582641337519	-0.12878882477138437	0.444884161018561	-0.4614789005867449	0.4481205574945476	-0.3034674796686479	0.24242382396778775	0.9068689099549034	-1.6582724232236241	-1.4101831317753615	-1.4605741787346955	-0.5815238714954291	0.6873934709638783	-1.0749059678831137	-1.0961918629883007	0.1740598213131357	-0.24647141733337335	0.33158333124517403	1.6778225069223716	-0.912163322053196	-0.3905713395763706	-1.6991609483241732	1.1827341059257475	0.04566743309341301	-0.6155234192864194
-0.9579000432367842	0.8097816936597662	-0.8998174310530006	0.044181584190179625	-0.23398337736506045	0.06476365612249262	0.5659339097808571	-0.11001934287471399	0.19968782688451667	0.10138959565122717	-0.38842488104712236	1.1708651179590122	-1.4738595547924522	-1.2084947354901454	-1.9641615064942	-0.19287962844604523	-1.114076002332815	-1.0824352973894498	0.47534499831907534	0.10555295660141728	-0.04380285371315446	0.2563735255963112	2.0259935791037744	-1.2031443363719307	0.973150615387852	-0.46961729414117803	1.6464311071652102	0.35444086638051464	-0.37827547964562186
-0.6541326401116139	1.4737059543413331	-2.0485619060246414	-0.020891449446362596	-1.3489495386621666	-0.3943574668970087	-0.19506725979118866	-0.1361578555585115	-1.1148710590179585	-0.20544089389182402	-0.541966691777751	1.0728035487595566	-0.6810375008255053	-1.1530065474042448	-1.119671477984639	-0.3079354439607094	-0.9926313214627936	-0.770200938726252	1.1147731582841391	-0.11075582630350264	0.29197695813601576	0.5222774038419118	1.9631392534596388	-0.8587908359002141	-0.8442170534150865	-0.6038380445518341	1.3903483838050914	0.4370114460743704	-0.30155982643309165
-0.35545528255917114	0.15981013030645888	-2.2515625061899387	-0.1454765776257924	-0.6954034153575243	-0.1834728572346946	-0.07335422296417313	0.12466200118557286	-0.4867459584195626	0.1762341351511374	-0.3078970675806944	0.5629049473509281	0.3946053575561814	-0.8406115102379466	0.06113984473288462	0.25139968707061155	0.08797908350992743	-0.8240638511059313	1.6375702669010663	0.5823351181284055	0.32167187284635895	0.19553823155501532	1.1744667729080072	-0.779862822400709	-0.8984926421102268	-0.13579865411465555	1.4024989634120755	0.5716774069348991	-0.4752275021826873
-0.341142530216564	-1.4466507211310033	-0.8707798167067965	-0.3685888287277916	-0.8672335657519078	-0.0930208584540875	0.44610791057752697	-0.11566205917450798	0.8353947256914881	0.09925441193540994	-0.1325193572536935	0.43932867808236115	1.0979910485667077	-0.5620995054430604	0.4622676929671764	1.0364640900152242	0.17960700640716823	-0.8729108416487785	1.5648958253610927	0.5044898540182274	-0.19380773914730445	0.5514450369669232	0.7494819007842399	-0.19170947664532742	0.5844701969359926	-0.6067061209364359	1.4239707492627665	0.27819479544807774	-0.6510572202767492
-0.4609877797671286	-1.0602459558479012	-0.2806851375769297	-0.06652687549134052	-1.3372588576610236	-0.39865769009207047	0.29415280956883005	-0.28703967588595697	1.3921100256112728	-0.40704976543215926	0.3683691587714622	0.35220872319726376	1.79526180832476	-0.5067299531805656	0.6099812098110261	1.1542156002780768	0.201020232582897	-0.9676722445023909	1.6371280289275367	0.675366025449087	0.24678152334777437	0.9143941437795685	0.4758819672881974	0.5476988989398933	-1.0236477952894507	0.09232885573072137	1.0694193558400056	0.34777431338903364	-0.8955178165334945
-0.03869384428696138	0.5383759888649151	0.1715214496270407	-0.5582259281315773	-1.1673247504863808	-0.33065602886204043	0.7079611304467509	-0.06964566095215771	0.8770700109752165	-0.04858956073777127	0.6712502357210078	0.2455402876830861	2.362485936283483	-0.5833846114811161	0.8111920213843492	1.2668979616193985	0.6573257224816818	-1.1020536068512783	1.5932039983775506	0.6346730748823137	0.35620055717828863	0.7047194860765936	0.6950779413918433	0.3231145768310433	0.11210440209798207	1.0214605732953579	0.9995587595210164	0.7701131754796394	-0.668631757396606
0.49566713003575485	1.1342758102423158	1.5552545486351301	-0.3861909017605192	-1.668550573786718	-0.8134450146525516	0.5698455649474634	0.015393706373086869	0.6526328333655597	-0.24988122955244918	0.8810332123557296	-0.2135937062356602	2.3378303434041863	-0.8947592360494466	0.6607809031342968	1.032907880281675	1.3651521037546572	-0.9120088016606634	1.087590162602893	0.4276762834566878	0.1765892692757736	0.9399419332708864	0.33246203027792376	-0.22967117759488823	0.40285017180339683	0.5385564232247154	0.7922851906126887	1.5265646876896282	0.08564209424599449
0.5995924595514636	1.1096626689546887	1.9190614057255662	-0.4403337138832765	-0.7376472352490044	-0.5466913823975568	0.353627054865809	0.08632501112768384	-1.1536208120279552	-0.012888788159712573	1.819431878423474	-0.48200195801716766	1.7986726528692707	-1.1383086308131478	-0.5309996316501581	-0.164082661272118	2.158761185985519	-0.8163903996945882	0.2725345108846826	0.4318570019193839	0.5786985712969471	-0.0549288995094085	-0.04717745522659745	-0.18521916172552172	-0.06081311594667058	0.9856029704110179	0.47860711141834955	2.0013459377648233	0.12166179968721487
1.0525058737415156	1.2105011777167534	2.0149965792901985	-0.10724311247491652	-0.9108183898479424	-1.0916097237288553	-0.21330282341445564	-0.29442478177478926	-1.2346573093004596	-0.00626695504467193	2.7303055686654973	-0.18718494788454565	1.1579271709078014	-1.4961243881683586	-0.12661151904410914	-0.17012847634793715	1.271627314304332	-0.6752728807864583	-0.9107131116244376	0.2465710792064115	1.7967049729160336	-0.3504111752729181	-0.6749902348040727	-0.3801117805794848	-0.20249223579165895	1.1042964828207902	0.1137120963209233	2.459773427515344	0.1254851737113146
0.7454762351696246	1.012945611675683	1.853103591268178	-0.5403672036569136	-0.7531375195139576	-0.5824068837549017	-1.4302168955467602	-0.15729725895096408	-1.0543742862289973	0.2737199772130157	2.629546158698951	-0.4041754714029995	-0.13049495469561664	-1.3660792182426864	-0.35155046370698184	-0.3410157011285002	-0.15291205237352376	-0.9041703970185483	-2.8830659324738654	-0.2181778004113474	1.638778940244953	-1.0455029756860292	-1.2071237704101219	-1.8585674687131397	0.38703803346612553	0.674395042759943	-0.7870705063223981	1.1532123286984408	0.9724425814120518
