pca_00	pca_01	pca_02	pca_03	pca_04	pca_05	pca_06	pca_07	pca_08	pca_09	pca_10	pca_11	pca_12	pca_13	pca_14	pca_15	pca_16	pca_17	pca_18	pca_19	pca_20	pca_21	pca_22	pca_23	pca_24	pca_25	pca_26	pca_27	pca_28	pca_29	pca_30	pca_31	pca_32	pca_33	pca_34	pca_35	pca_36	pca_37	pca_38	pca_39	pca_40
0.05353640550037314	0.11784871820286336	-0.0008764370180944564	0.10551466681858006	0.12193818782330858	-0.08465655573699554	-0.08821612635856374	0.04869713876668998	-0.04630337425809017	0.030630174513841743	0.09062219460946196	0.0684663912148174	0.02923354340618412	0.13691280624208166	-0.03386860265078899	-0.09920754040141547	-0.12471812386261305	-0.008867866893086208	0.10704266945618936	0.053283225814365565	0.02630995224693595	-0.12703833851293755	-0.15181218265372484	-0.016278436394075165	0.14250239222127012	-0.018140986016688506	0.21348264230958364	-0.021065691814044933	0.020523026107996414	-0.04282788358765604	0.13479097584257946	-0.013363157207217962	0.05497783029715921	-0.17142031261853669	-0.13232550680957564	0.16907761403008842	0.020031646988789818	0.07276473591238897	-0.13436831047658906	-0.06392287199439196	-0.06285009065343107
0.05505886221453726	0.11314779762721461	0.026279584399430164	0.08082651661390372	0.08453905271555294	-0.05770795090512436	-0.07744998303718786	-0.024432123847843795	-0.06633097745807634	-0.04535919088987389	0.10983899441754293	-0.03273813572764292	0.020131525743331366	0.024569728357789054	-0.09207626237885447	-0.015757164757111475	-0.14052644968305633	-0.02166726348424062	0.09263223909381146	0.06605334010819648	0.06769023942070686	-0.15530415216762866	-0.170128270022465	0.009010975995518703	0.11283215794985595	-0.054216229907604864	0.0026959996690698526	-0.023612508264321933	0.07467550791250842	-0.0762867115680199	0.03538732412480064	0.0636707959210888	-0.006915748025885174	-0.19118879023882257	-0.022333198131249184	0.037169521253873974	0.10907932144110838	0.048156398107831115	-0.1219366985613867	-0.0006107512906470026	-0.06699864229769856
0.06901530760918972	0.11196322411080392	-0.015202934035072724	0.07999211165287012	-0.04058669244633634	-0.007976745123216611	-0.17600931616788024	-0.05134414897896622	0.08711673640332504	-0.18853413689196066	0.12440665307766849	-0.05390176867841046	-0.014128149890264688	-0.09781032213795071	-0.011006405787411244	-0.02016687385280043	-0.07140626956473577	0.0933247349865449	-0.05870555902963234	-0.10882980935176984	0.14243177131360404	-0.205950101401409	-0.21609700124495201	0.2246532961010124	-0.0003371014906186458	-0.043668341359714855	-0.006983025187703395	-0.09155800716211383	-0.08334097383654632	0.035608419246053326	0.04056260080479283	0.03569356515908757	-0.17610583271533417	0.035203317831682596	0.023789648892524353	0.21665275589384195	0.05751736547265718	0.10053820222866672	-0.20856921827271133	0.062169313710769405	0.00010223221965640662
0.0377682246189045	0.1177850674894414	-0.053353128933999266	0.05129187103156324	0.07118558453201773	0.08238758961017294	-0.07959815237578974	0.02353979726259406	-0.06872522815474064	-0.31475568885746114	0.1436189760791105	0.11980627735567273	-0.06911126542583931	-0.10172077331278734	-0.016722772407566897	-0.07710649752247056	-0.07744087527181326	0.03297263160846908	0.11240954857965127	0.08123857356441339	0.0975021995987899	0.14989329606910817	-0.23939029393679168	0.07193808320018781	0.16411397419570858	-0.0006548468873987679	-0.0013828912704476476	-0.009300647756696201	0.10892281159189396	-0.1139713994932414	-0.03699878995107198	0.029243255429509257	-0.02905137281551599	0.2297093154701251	-0.1370910461690364	-0.13200586982182608	0.029508307023519295	-0.1614747270836131	0.01631743266551515	0.022550591150671314	-0.029942435853150155
0.006055064784783695	0.11531975124041333	-0.027057980710539706	-0.030223083127974282	0.12543329141916035	0.09931258392409711	-0.10421568183043228	0.03157095734588136	-0.06661150603577665	-0.09587682948339338	0.10095816827925153	0.10368015010422263	0.019650430829164567	-0.08809053579753101	0.03794273196964337	0.004192645028704506	-0.05422715948851456	-0.012148554726522478	0.177157125709194	-0.0038222968683148534	0.09819787788409584	-0.08510738154807027	-0.008481360734029997	-0.05279403770458025	0.15289298568408943	0.017504266558666402	0.002314503867610035	-0.17043407197453764	0.13242475792410194	0.12395106856996083	-0.1153701977662647	-0.0661180718497272	-0.023367823847188496	0.011874388629394453	0.09372744375462193	-0.1528329216109483	-0.15710609701702166	-0.14977525165575814	0.009165903385432925	-0.10126413002264684	0.0979247633277708
-0.018407565817670595	0.08778778491795552	-0.06931752055070048	-0.11297136293352517	0.1297734199561899	0.16794598877066005	-0.006273972993847854	-0.06021644981275641	-0.1019579388391676	-0.03613089157187033	0.08596004856315587	0.022651195963751702	0.14308428240172977	-0.09304152288458818	-0.002809040180933156	-0.07552356240092345	-0.03508416813052012	0.1292131907962452	0.13615099126154512	-0.1090620539987475	-0.08175107914230224	0.008941426480952946	0.09328359414473991	-0.0012332542765185976	0.06641292844127997	-0.001165451305289224	0.025938649184265902	-0.04758590567856671	0.034870932802798765	0.1372915414120049	0.01847564227877936	-0.0979158205040833	-0.13435728459052068	-0.11770014243187497	0.28494568009702537	-0.2437820977566874	0.028256220350076307	0.2439346867462456	-0.05693463928968738	-0.04765084943467656	0.14659297641527042
-0.04140407770706073	0.09126033376026232	-0.0007706151719652707	-0.11134182659317171	0.054188961286814274	0.16106440972211195	-0.07784276594026102	0.03200322776264627	0.04235341818399675	-0.019345868715036223	-0.008279250443124386	-0.10571316510115619	0.10436440022444443	0.024803046809786428	0.023747739778734282	-0.11526529724112194	-0.017974413056904365	-0.006801444392936461	0.053280358843491	-0.029244182805777293	0.019458072362280466	-0.10382899778831856	0.10529880400976094	-0.14456100977207828	-0.07641110446517237	-0.02312860258786893	-0.01911987545068252	0.006819530318795716	0.09369983217296986	0.3048601396321631	-0.030293221373638022	0.019425404727740764	-0.06274444233376675	0.059270036804426385	-0.009411793578397467	-0.041494858729235876	0.1164552044989852	-0.19355659383219181	0.04493314934975681	-0.12455086434372983	0.00908318748026157
-0.05451081555807355	0.09125299984978692	0.007480087885270353	-0.1884859672098005	0.06470250975792952	0.2127206572051557	0.01394179007562979	0.06984747559967505	-0.022595899516446527	-0.018181306862805308	0.06189288921239269	-0.10842106741830773	0.20870614680626745	0.01528209389097265	-0.012559011833525865	0.018405452389811477	0.12153056338578952	-0.014911788644086633	-0.05519565587714838	-0.06757603925559169	-0.04659721602772981	0.08802689017050656	-0.14039307337285314	-0.1168845429828354	-0.10694608155546749	-0.03418119929707312	-0.01765720357923925	0.152434598190504	0.19448322739850143	-0.06525540923381137	0.013890836728267075	0.07382377759202848	-0.06544867335719864	-0.02027035742685461	0.030876990520318857	0.0823397251425496	0.04249989875968406	-0.1432889419154625	0.052518398493262036	0.016522878293784765	-0.011406558316582969
-0.04150184600136663	0.09962072219842232	-0.0493608850693848	-0.1628862995119878	0.017091937806711976	0.14546208590860166	-0.09875925798308116	0.07391441186516323	0.03306436612888418	0.019173740622338856	-0.09152329358866626	-0.14055962424667562	0.14559011940443303	0.06629529704276863	-0.1321712783077824	0.04515951687552178	0.01901038301522409	-0.11785383829430437	0.018464447495614517	-0.0782843989853954	-0.11077429308563061	0.0032301314972448397	0.03645788348595767	0.026502737500760678	-0.0743773042819932	-0.030424335938535725	0.058790087029517046	0.03990534964419797	0.03071942731763564	-0.08252574331225274	0.09493169517272276	0.010066290074753188	-0.10393694460472244	0.003233131534548267	-0.046542093667351084	0.06280216211280831	-0.08904255163160514	-0.11965855492988786	0.17094230372361727	0.11552526567815188	-0.10337420480088623
-0.03806265887930676	0.0972802887391406	-0.10540066047512342	-0.11018947816708571	0.07748835476318516	0.11177089237521526	-0.06428973967876209	0.07184406498586954	0.052320906894856356	-0.028884432482075978	-0.01930666984009527	-0.06633700101818851	0.05825370822627658	0.10497291748885881	-0.14791164316963398	-0.0755325027229242	-0.12363304467238492	-0.12340281323398268	0.02173489288701863	-0.03222350038979592	-0.14723778538189072	-0.03605936704363839	0.051806970927245496	0.07548367800643846	-0.1054780030222154	0.005091817702002948	0.03427494847230272	0.03066204890781664	-0.08078901571191027	-0.050628001938000086	0.10347421881546404	0.10374567259991681	0.031393753481163425	0.03080649764233373	0.025773876567073806	0.0020454582450824405	-0.07896557833576658	-0.1104745710353055	0.04890464857394272	0.10602066183515406	0.07877430157869282
-0.04476649356658509	0.10285555398450813	-0.08961714579131641	-0.05748531391899338	0.09965905496199262	0.08376091737809091	-0.04373419595866382	0.05406429436248139	0.04944731156913391	-0.023640071085403516	-0.020445472123385044	-0.03232026505532487	0.014957993581696895	0.12078330278313953	-0.06309076309891534	-0.1865089942826359	-0.10731827633727219	-0.02802633081706461	-0.009330365309225652	0.01104965048637123	-0.14096288810585064	-0.0659812480699574	0.02405847401227304	0.01624805286927789	-0.061197562272894565	-0.05379892468202666	0.044435228373075654	0.09338732879559107	-0.06683093577338568	0.05903834498815747	0.06144152134697781	0.06452646141221648	0.05661362913390336	0.012314739483048169	0.10700435063212482	-0.09497269650229452	0.012427357250455975	0.026958812412956973	-0.020163290377381793	0.026351663851921073	0.05462290615263234
-0.0510028030614103	0.07438298114539627	-0.004534294896301583	-0.01979906338757812	0.05995217884847022	0.0201993698660769	-0.10481628395206823	0.03892719864138061	0.09149661217629335	0.011342253693152463	-0.09283272926512459	-0.007425021350069824	-0.05234925260141578	0.10846969701257375	-0.07088631068624782	-0.22158221040687334	-0.05055939195242071	-0.03161695884153818	-0.045058173331697426	0.03310591957126262	0.008410346086295619	-0.19507665825387221	0.06298192365328847	0.04462628433401549	-0.0781195220962338	-0.14259662835628878	0.04966358990614103	-0.00492848580066502	-0.12273236913006011	0.10015643367222977	0.003351024803906498	0.002839125886246156	0.020580663431182363	0.018404152460618856	-0.01868481243831839	-0.04040381057991668	-0.04585168289944119	-0.04889428406133939	-0.028441774292073577	0.11375230618282214	0.09342593581527116
-0.06618271318431779	0.11025637073889946	0.0698500649333165	-0.04494661288629566	0.028033142650272458	0.09245425919224742	-0.04670024248099086	0.09918935256569791	0.029367039566050107	0.04387057065613384	0.06417842501288218	-0.09831581242154655	0.032299199238136504	0.020753039240673066	0.02282498886343963	-0.10866520748924088	0.022489479387859473	0.08641124039052883	-0.0877229989657695	0.07425922355035716	-0.12014408048507344	0.018389435848282037	-0.07391208492736923	-0.026052518393395188	-0.0321859712771468	-0.05277702140492341	-0.02995538070196055	0.1954043174229811	-0.07062390532178964	0.033450946205002934	0.12844634615280237	-0.09308271515615889	-0.03580826357610289	0.010952669711574436	-0.05123302376566757	-0.13002430510100788	-0.015483488750057523	0.08583854208531848	-0.03906362095901222	-0.056612462248617754	-0.16416141082711805
-0.06058090546049942	0.11206960280191881	0.05909480035754388	-0.04523961815140335	-0.02442561621097816	0.126729651048472	-0.047097298818043754	0.19035667614029522	-0.0003955298351990266	0.0032016499520079456	0.1409404908557349	-0.12497817620885962	-0.006406711852702418	-0.032267419185042945	-0.01114931202620098	0.024690003622333125	-0.03556292300971274	0.06730333225905565	-0.06040431766071622	-0.0013242928747070476	-0.0864128256522891	0.012115303106388003	-0.11178358558184703	0.04535821097551528	-0.08162215357043673	0.08192270630994244	-0.04375203674654157	0.12472236806927713	-0.115900186024779	-0.0852593871837542	0.040818926288195695	0.02924145465154048	-0.11189702405811094	-0.11744459993227832	-0.08724545373432897	-0.01647103085383561	0.0009014199901907841	0.17816629963571465	-0.06995446883788971	-0.1526999666696689	0.16389181933165117
-0.0740397170691595	0.09652793199973715	0.08137860649235457	-0.027589873391065146	-0.08634284205260519	0.07686258046266725	-0.12804732030918642	0.18388868792522955	0.06275006297797836	-0.010608456192799674	0.033094354509378476	-0.14360665988242505	-0.15904566341705714	-0.08927814524498567	0.018701653374215726	0.04905013190244706	-0.013082031139518266	0.043290409730423356	-0.06860389696579046	0.017474997678082277	0.06460326626859708	-0.07683683778272712	0.08839222577787206	-0.03399931386667975	-0.03973744080524655	0.1098972947169433	-0.03159275758752772	-0.12120248540318229	-0.08066402020100578	-0.09730649714718613	-0.1600307186258427	0.06220781634652581	0.02932546172601692	0.03854395337437194	-0.1431173013365759	-0.004759843298415306	0.04454325661436298	0.05368844561728621	0.05139361534457294	-0.0491543764909886	0.14629704751281208
-0.06889055346793671	0.09673640641272335	0.09850045957698506	-0.022915348185702	-0.05441415327405953	0.09908401646112655	-0.08680429111330863	0.18033515358955501	0.02506237157785232	-0.041188519247460725	0.022723588481770696	-0.1601488108340189	-0.13379718533323848	-0.11553537412710307	0.04689449344681521	0.12522082532218337	0.0018559239950188267	0.04125229024135615	-0.04837974751659019	0.07215490045137266	0.08398116382311276	0.006267093352242608	0.06687717929830608	-0.07586506708570852	-0.007000247006136773	0.08626672139295868	-0.01031094494850121	-0.0831671485156441	0.04466437853624575	-0.19904021361295482	-0.13241273295152234	0.033235471523828	0.10467791316239719	0.12076672853937603	-0.09623687297335756	-0.021164854215423703	0.02499916316621495	-0.01959580129559884	0.11340542995938264	-0.13431128857261315	0.06681829002520788
-0.05799600884385377	0.07683744067619153	0.10770281641439262	-0.04099666577406906	0.037449396233295906	0.07418289554833418	-0.048200124718263015	0.15195200067430528	-0.0032222558378399713	-0.025226324761977725	-0.03244679256615131	-0.0983916514358193	-0.105833322652681	-0.09473874288347513	0.061874496332606825	0.07905291098439923	-0.03897478429901505	0.07336683503810215	-0.0403218589450747	0.042635638666726636	0.02945294699209448	0.08636144972644702	0.17403200524569054	-0.09962749663064016	0.031281741515823344	-0.07155753152472029	-0.013222939626022043	-0.048369166626350504	-0.022985872981270396	-0.009903099449662084	-0.04540913078320505	-0.009907839015862048	0.06103522525079598	-0.03175508877216074	-0.04996761577868965	0.14336846885209403	0.06317356838066492	-0.028074393513675168	-0.037424925921883914	0.09074974966055149	-0.005557982384801914
-0.05338481240798482	0.0981134583533381	0.09753162082734365	-0.03962986954999412	0.09633086675955982	0.07463243336276962	-0.07502558915333643	0.09862872454272614	-0.052070460954318554	0.024787694220730988	-0.04529938518077145	-0.09858954881889431	0.01902200205781447	-0.07505871409037007	0.0615614386950676	0.09577768938963871	-0.04356591076261532	0.06320761393445133	-0.032083626905319046	0.011130836037652553	-0.031964224246594564	0.1020156333738371	0.02840812212527913	-0.07236721761677398	0.05409167099458741	-0.03503568594476489	0.07691455584666938	-0.02552909091752415	-0.07278347930506422	-0.03281052124486067	0.028259312004293394	-0.06948178453721755	0.045636829058568223	-0.012113783813173323	0.06220629021502165	0.1507727956681572	-0.04209960998625801	0.043630961029676466	-0.03324827072784682	0.001289646141869126	-0.0680828648589446
-0.05995698808493013	0.08478857853582125	0.09392653634132732	-0.04509764244219692	0.09917933184232013	0.0545022875337641	-0.08036369919053155	-0.0062576055450648815	-0.058447499814991366	0.031352189986809	-0.01830795957635062	-0.06556392620160362	0.0313745659305425	-0.013808151500238335	0.03541074130774777	0.053999296720063955	-0.04859886693518077	0.012708083840504817	-0.03488156670007295	0.04538763181504117	-0.06915576449023002	0.07819356169490527	-0.028840403082794883	-0.0616968157358688	0.10158046806504631	0.019406679140393235	0.10551817630987417	-0.07968825233288088	-0.09801551369654897	0.0013471489956329297	0.007051038281090882	-0.06590017932318558	0.0889291293459313	-0.013976549012433975	0.11303013040265457	0.10837110219818101	0.01886718089494202	0.10563319389917522	0.037330104965403454	0.04217187064663376	-0.043549255315448156
-0.06477517662810338	0.08540557060612937	0.10533619291519963	-0.04089541228541644	0.042702681460775396	0.028251388011247252	-0.06386272982265123	-0.046173112203601485	-0.03171131494817936	0.013777498830226553	0.03326894887885121	-0.10980652465671148	0.021381414604476748	0.037249146040290504	0.0076642104025800035	0.037322085454516915	-0.017313778070194352	-0.04796020326286059	-0.03729289575239056	0.11030929663805548	-0.07629158929140924	0.06376260694651437	-0.06441956611635982	-0.04629890437757411	0.11119881762831821	0.01804445856221243	0.03514259192779476	-0.06240727490979846	-0.07726279384798847	-0.08754696254578934	0.000719625222427106	-0.02907419786632167	0.051620521382321406	0.03878485354845042	0.04456608640535681	-0.013856429554471618	0.03783183510112128	0.08204029024455663	0.10275303553169325	-0.10157208159169018	-0.21713600780903394
-0.06901855927341245	0.07059317924809543	0.06731773489211981	0.03738533791362147	0.061226036049950285	-0.008430079077765076	-0.016783849934085944	-0.082923507355367	-0.012134162949654304	-0.0715985901130693	0.09268829887368044	0.0070496036155728165	-0.002759438088012378	0.07866798261740068	-0.09997941978568475	0.015054066385811055	-0.08373909874314728	-0.05428606976770475	-0.07163691517029822	0.10066169234646519	-0.04358070978550901	0.056130545595784835	0.008521308922248519	0.02384620764510325	0.038993331692875735	0.07864690214534262	-0.084079701180451	-0.016163068818101707	-0.13532787283021228	-0.02099034599239279	0.038354114505496556	0.0322598155933274	0.04451783827674351	-0.09660995214093956	0.08577706950666639	0.05098255132868494	0.024957840868529212	-0.051181846040134274	0.008708020583572704	0.10853408245165665	0.029032227445758032
-0.07675187732677034	0.06347576238418158	0.0725376210164801	0.04784063529740689	-0.02199251191827375	-0.034676882774288764	0.03158776952020239	-0.07746354626555488	-0.0031965186798538076	-0.14015083294053404	0.01612101124908688	0.018010569624592965	-0.024522480806251523	0.05405652205021949	-0.09170401493287762	0.04935680390958622	-0.04703652912114396	0.006367721771299338	0.014294162751466943	0.10343496025735084	-0.008299873123298891	-0.016487771032876047	0.0115158882420823	0.01947028351799724	0.0005328520631740774	-0.029183713488744795	-0.05732681107303883	-0.007846398466529677	-0.0423136229453743	0.03314183639870901	0.04349456618855563	-0.07026194833564606	-0.04597441692002149	0.09752177732625991	-0.015735441832696262	0.03840227445532782	0.048448993224615794	-0.01639306451395422	0.09543948840620702	0.1545509602373243	0.12020004109779944
-0.08333871739222178	0.05521687730165494	0.08026938214481956	0.03179994553875401	-0.045428554969925775	-0.04542430359581337	0.0245805448873817	0.01465934069562392	0.006171800673529751	-0.0996440115562548	-0.06330634073819033	0.07691363806202045	0.008118942970040316	0.04024152377854065	-0.013146440606864526	0.050031672634141516	0.00024733031353393886	0.04633010236096306	0.0075452093388386765	0.052125686357897716	-0.011672722242105789	-0.08306059362271831	0.07850995047304915	0.0944290330174083	-0.001557605064835224	-0.06850813687792724	-0.029910127950100562	-0.015346112494756745	0.03683979128470684	0.05056441633752033	-0.04564534196809418	0.010010129719512774	-0.026278313383413993	0.08440415798792872	0.07185436459999792	-0.031164759681126926	0.1321771223400913	0.028621552989619617	0.11582689973474675	0.07156397985895341	-0.0966140416052778
-0.08331726531506049	0.05492446548309754	0.06650019288823808	0.010531575752550962	-0.029791890074908036	-0.06551992601329637	-0.029820621726721272	-0.015362210984197742	-0.03526985969365755	0.043173311498806155	0.015196473069235189	0.10303324734349267	0.03147712753676235	0.0038226568026772934	0.04555731085795083	0.016434857067214436	0.03793266725944466	0.0724502722357857	0.005007606442093923	0.056664201153315996	0.04138087160372447	-0.06151345963874613	0.05551225767850558	0.11958410923671936	-0.062159297290292764	0.0017940513502144421	0.10310956001660361	-0.03916323964606076	0.014001374409079281	0.039548230781667255	-0.0029840771225687346	-0.008675090695422133	-0.005889151860929469	0.1839360425792252	-0.0033311650707338603	-0.015880662482549476	0.019880395850440685	-0.04901329079733208	0.07771531244262644	0.09240741339434223	-0.06926824764954853
-0.07589648275189233	0.04649810398406256	0.05352673808258862	0.02063171847122995	-0.06508941717045362	-0.08375900714976796	-0.008962986021994149	-0.11475576547373095	-0.00500562635020503	0.020438922472053478	0.0609318057282878	-0.022042201774803413	0.007192456741114517	-0.04715809744026206	0.02175199729119893	-0.0073771582035375705	0.011339930752055638	0.05955123539523746	-0.023003921640461222	0.07646405727361405	0.0118852050276151	-0.03287990538035471	0.07739308033000866	0.09117945387794704	-0.07455303164869474	-0.055487595063673414	0.08196613014104681	-0.0674228182168827	0.031952075175605235	-0.014759226578567538	-0.052372848639267014	0.14086459389278386	-0.05170342269997631	0.09066236629870911	0.09449418785866583	-0.08921132483209362	0.10656191476195327	-0.11223807507486666	0.04082679845223716	-0.022977170833413108	-0.09765369877908173
-0.06492104757732599	0.04310993450056954	0.031884256556118325	0.04234362412191168	-0.07715315454524324	-0.09004595924076066	0.04059977764166299	-0.05297483405238086	0.05000454685310028	-0.08758138487069177	0.020071796724101584	-0.022219889294535666	0.04000237082786062	-0.050406892445753845	0.015683974995272326	-0.039458161103786304	-0.023176127937755895	0.09885414435355533	-0.03431576255748586	0.017504391407909686	0.04017585308187417	0.0008281896313409032	0.1026500962815049	0.04006623346589301	-0.0728609798114474	-0.06743353266105691	0.17902662321979762	-0.03643802456767053	-0.00996629624431361	0.0736376812022224	0.03279307335427367	-0.010218084230064432	-0.07941709773277657	0.06296323515420044	-0.02883383564203723	-0.03831502747543649	-0.009484610745104297	-0.04654310555741069	0.05708687752177258	-0.003565058908083951	-0.0055789912728288135
-0.07654646322541406	0.05158410629909221	0.04928665151243359	0.0256405071531921	-0.08184261336253917	-0.10136514568003718	0.03721954805989345	0.06325457201387594	0.08307903441296355	-0.07387914880953825	0.012986441301031836	0.022958931636517167	0.0455075906436787	-0.01065801874457993	0.06436008162210016	-0.049943739109382934	0.019395168969462306	0.08898845674233699	0.009105613016870948	0.0894163546780713	0.03959439979445385	-0.04343456738682351	0.06205291789089332	0.052133583568001594	-0.0405320126060697	-0.003960266169847383	0.057475163391440875	0.00566719513544988	0.011834969570279727	0.060467014323073234	-0.06325288499906241	0.10734320158183165	0.04875196305659435	0.0035465869929555416	-0.005988511387993625	-0.05133354859944429	0.017549670694876562	-0.11127652112445781	0.08789505308667288	-0.07300546735603003	-0.024320399410590055
-0.062061242776473964	0.059711427007171115	0.023017769036757098	0.019366953014461143	-0.005443669781036274	-0.10973004501216926	0.003014921347013796	0.09384551436921859	0.002126960572084439	-0.003277975119643015	0.07530859296542139	0.08527302863576446	0.11203051158032126	-0.006753455903263372	0.05945427320767077	0.008637719314204706	0.008041133468493777	0.1178307058883586	-0.035391933116165925	0.03312661837029646	0.018453658256613714	0.0717424631541696	0.09089028562263171	0.019709199966148262	-0.006329107020653535	0.016364637788675647	0.008337305904294892	0.036035692999410215	-0.04699946586869115	0.02903534517808816	-0.01366057539590751	0.024395749412820168	-0.0706056472869748	-0.0016746872367139135	-0.061897892486503896	0.0658304947276812	0.03183033626531229	-0.1518187462682432	-0.0238653985997668	0.039582483476576974	0.09273530627134566
-0.0688210614433496	0.05190322160929862	0.02111706075528823	-0.02651159614674521	0.010697000720039136	-0.09446329297338249	-0.013075513032019901	-0.051351140754408636	-0.050529562627610845	0.044935998241914424	0.0738443648376835	0.04549961508903087	0.0514201401177144	-0.005137137339985692	0.012914449863714372	0.08308646965418152	0.03708404579214533	0.07438487571858228	0.011473325295088765	0.06489128979348752	0.00954129045060316	0.06395934030366063	3.5121769512536094e-05	-0.021105651829837306	0.01603764875788146	0.012937873441199104	0.08071215153683339	0.01571606103833487	0.0032362646676621764	0.012898616550855628	-0.09648424351257145	0.02777891307099209	-0.029822521848279306	-0.07513696633793635	0.04332234402376928	0.12480130925326798	0.0782821219398915	-0.07204297630073314	0.0855528131521004	0.12671386955844996	0.09825572196083217
-0.0714428276030279	0.032511952911578317	0.0035791177201416453	-0.047267528732781575	-0.05041698214478311	-0.08100944744653549	0.022552227954474362	-0.10517172150511003	-0.016353540505749792	-0.06235929029986986	-0.026176903196869085	0.0035231929387659067	-0.010998791982258456	0.019510709830337224	-0.030418918310848364	0.09968846492086281	0.06668471053341697	0.10799123875890006	-0.019823670874194538	0.03559761229727604	-0.03618130969866222	0.009049560361577724	-0.0031234829463490446	-0.07472092843984307	0.006879161224562058	-0.11729631604367281	0.1370348390392378	-0.008473264395978973	0.018944029870378125	-0.0162012661325623	-0.035947075395439926	-0.028810896056675722	-0.0763179210146025	0.03767228872968984	-0.09910848125666198	0.11532752479409883	-0.058064729016771024	-0.094287415116708	-0.005395503617137851	0.1453748854785427	0.039477518451232686
-0.06446059144131852	0.030451751212912978	-0.0306241666323523	-0.021371167133771383	0.01769659754062484	-0.05519772515007219	0.04954860164339918	-0.012537729342315347	-0.03461696985340137	-0.08880509939665945	-0.09903289489897389	0.09461239720402634	0.009767826152168861	0.05803860315037542	-0.10053249438712697	0.05057241823601655	0.004140790479057577	0.007136215609743722	-0.059923426989638914	0.05926024396720282	-0.05911880082831479	0.048514393704820385	-0.006642567934632443	-0.01726010337351012	0.05633573319079079	-0.07690368549154522	0.03550510118372652	0.004998644138632182	-0.005287718984933085	0.002259615744850528	-0.10144206939011413	0.14725399578260454	0.05364287123398064	0.019794674223761743	-0.04442454652353759	0.0062295866778078884	0.004131591348353985	-0.032760175439625755	-0.06352361490042098	-0.028683651734370673	0.06472267036078508
-0.05484136426145164	0.04858685491301167	-0.08273863207785662	0.0062246038310488855	0.02378122128743975	-0.07926644228701356	-0.0019252284251661622	0.028857064116861668	-0.0368441958498441	0.009242750305155364	-0.05410212551541608	0.13356054219999006	0.06474958361822529	0.057033598480883935	-0.11975951981058186	0.05596852152705234	-0.04707515814443153	0.004134090218943847	-0.050754965337763414	0.03867261049365511	0.04555527439993935	0.007063520636548276	0.09078933965038272	0.0285888551424213	-0.04110137368808592	0.05258116570323115	-0.027513378522442455	0.04922431544039173	0.04637651521841778	-0.08312099805588298	0.023001622678629013	-0.041209928963571736	0.017690269125374188	0.00208333304748734	0.0008100278478183343	0.00822072306191815	-0.09207703446089625	-0.1188784834772841	-0.11768478131493629	-0.035589724667949255	0.11623809935796561
-0.058076259661330405	0.05356835323272418	-0.09138754565945816	-0.01311223696083215	0.046983431006525495	-0.08741697434669138	-0.027111163432915107	-0.05452730315569235	-0.06199165202888229	0.06970320584469562	0.008164075931967007	0.13093720126595706	0.0347398936224761	0.03481997099425938	-0.06790390938650952	0.008541291804100848	-0.03334511448857862	0.011552037787952073	0.01947202129413926	0.024464796821359852	0.032733017149675914	-0.031105227510017208	0.010040476233759699	0.023488730641139446	-0.06615377717801897	0.06592526354965877	0.0845270074476755	0.06884168443760227	0.07934025615743354	0.018915206832554224	-0.0010647912083046052	0.02156489374966889	0.14365752140504195	0.027041086851509764	-0.06809940805460882	0.0663967721757927	0.05487883318029603	0.030762107328274363	0.02152823922814047	0.0042482395887716295	0.18108591658782483
-0.06172240351280124	0.0555045829351591	-0.07804849705262837	-0.0204029712978802	0.029306726788688564	-0.0496196064621496	-0.03510504183438891	-0.16053821659446088	-0.03621325609017118	-0.008762324393933945	0.005189637574258041	0.04042927715261956	-0.02680884782337237	0.022613811818105223	-0.10465490330851913	0.04602805755483005	-0.06390191557356006	-0.042292240979722055	-0.023842732741848272	-0.01776961245910727	-0.001363376436816853	-0.07759909028199363	0.007952695208205986	0.04797186671399021	-0.048210593340249255	-0.038184989347056386	-0.018968492144729218	0.06368135826456418	0.056587008497941314	-0.09101236664066935	-0.07829911158490106	0.05848241142166464	0.07267829555383225	-0.025973276369992915	-0.07058219434090526	-0.00822817343239697	0.04327543639184672	-0.051863679092224946	-0.04955194253905484	0.01738262534972885	0.08594464722942322
-0.061095410488758425	0.05643488901468309	-0.09685374368419908	-0.006425679939335025	0.011721262685196005	-0.08078616673259606	0.031040133795051675	-0.08628776918306606	0.007945453545057313	-0.08986603253150328	-0.003536230574246724	-0.0007686257075566442	-0.03295222768152555	0.03400404937339556	-0.09572624515192618	0.022748667738795407	-0.09512288605617089	-0.026590751267466184	-0.014095062577230363	-0.01135636475373962	0.03791815950237583	-0.02440196178464394	0.05093827584343073	0.03669404384781523	-0.07469709163238394	-0.015944754988809713	-0.017350746144498386	0.01205814397365103	0.023156209012168937	0.017544942930335906	0.03454922701877034	-0.023739636117342887	0.07973258043965017	-0.004022525619408367	-0.10789479039325389	-0.026091278922830863	-0.07920495866017097	0.002407056501211681	-0.008032727292180929	-0.09716326070396682	0.12245583011909827
-0.06519943001262074	0.050807266728294845	-0.085034035101923	-0.04186505167035936	-0.010224891791965972	-0.09201084594836674	0.0010259980336863022	0.025027422514876038	0.042602234482413674	-0.027992786803062445	-0.0621720012378028	0.023653905945726993	-0.030352190239677657	-0.03545736399033825	0.013302145835755567	0.049340084927542924	-0.05249407450253127	0.11619693159021482	-0.07691052020727111	-0.013048784352917495	0.04395291542519932	-0.10665293476963447	0.06879529107510933	-0.008378391261345739	-0.05366086192761575	-0.07958575826932747	-0.04947239409403956	0.022542052772160703	0.11480100371250407	0.08491751598803832	-0.006857232607159532	-0.014545617095074088	0.0399912223368353	-0.10547413481484767	-0.03701052551763528	-0.06477463919434942	0.0012579859690769572	0.012797620201488821	-0.0013165599315166955	-0.01860137827000522	-0.05864825262410158
-0.06774479028820533	0.05682021436897557	-0.08078314193883634	-0.06805714774263096	0.042866736042924986	-0.09821928452183416	-0.03426941871542279	-0.008262818658337414	-0.04990766433044908	0.08464043656414798	-0.038562446407450254	0.029557707146553095	-0.04695215753965361	-0.05104082051323645	0.04641314551593421	0.09904814753698991	-0.015169756324375701	0.12327798489785619	-0.0782968330068762	0.003798226907021309	0.013131899768498516	0.05079112456747709	-0.03524796681968362	0.0032964019834784905	-0.018200426236561332	-0.04186264216299195	-0.002678209648806617	-0.01912273348332758	-7.44118822093038e-05	0.09120599415632703	0.0037960434835643646	-0.023472395469998335	0.07465045499498943	-0.05951303524614328	-0.08322269242346532	-0.07685461871034312	-0.17128895202568545	0.02061892486784067	-0.09803227630130343	-0.023639338946443007	0.014396464781954306
-0.05765253064700431	0.048992015762825615	-0.07753733657285776	-0.05629572108290532	0.02259324987194596	-0.09516204917662509	-0.00434189648211636	-0.08517263113830287	-0.04926176310207369	0.033749983373185855	0.015430493817998464	-0.07572417311923857	-0.1270060184708173	-0.049546062803265366	-0.002427386150568229	0.13074070677333194	-0.07655619474331123	0.06925944754818826	0.003231652120793647	0.005680474847382837	0.001988199040695744	-0.0065849499400520185	0.018731816585821598	-0.08909926139132665	-0.028200871570775027	0.058343138391774164	-0.04369798599738728	0.000520256503907815	0.04308588555481214	-0.049819950431264665	0.02776790802084391	0.03798976274865387	0.031205028905385214	-0.05580809594100272	-0.0024557246579700633	-0.06877702720204494	-0.07116792294854794	-0.008078855688244367	-0.026105815871103662	0.013311321796628505	-0.060693188191937114
-0.06679821520523296	0.05503868342703521	-0.057280241434495914	-0.012339131434922173	0.05818780383151787	-0.06851563415016762	0.03490726236388915	-0.038398998246152026	-0.015998410118702965	-0.10430870691554583	-0.09480589550483626	-0.006472356877156034	-0.11254351586708758	-0.009721576478158475	-0.026533286786396548	0.008028396932929208	-0.08709315320723593	0.041347094234976886	0.00071121212184752	-0.11472139488102184	0.00027615444257262246	-0.007176029525302366	0.018759816163455463	-0.039902331621790646	-0.040517716400030435	-0.045407679723105956	-0.009226683660322425	0.039500244645242426	0.0737250532004122	0.028665553830018467	-0.021694361254597335	-0.0013351577361887176	0.08768345790390467	-0.0062268105483314	-0.06305155575310732	-0.0007130434308123199	-0.06302698829815974	0.12109614496839419	0.06092230867980613	-0.0002726808502516026	0.055729507685122574
-0.07734968408438683	0.05936251303591663	0.004667550399522844	-0.026646911136297184	0.08073287984383985	-0.038953533964581635	-0.029711261389215586	-0.03213834063916298	-0.09372672859090139	0.02026253000355333	-0.09244811462023879	0.04325505846435978	-0.020034969600531118	-0.0024044340873041062	0.08464867852476167	0.010423283609424648	-0.009687584371846766	0.07852226897147874	-0.018156131384717843	-0.10817685196639755	0.033997169100133784	0.025028900143148285	0.05079308150674148	-0.023773326390726407	-0.03926985775945238	0.07806150825415596	-0.02828816418125702	-0.0056040705117037775	0.11909470525145885	0.0007117013506194175	-0.03331770046525704	-0.009971246536094165	-0.023052639226061496	0.01705861434211831	-0.0036460219130925037	0.025206132491437685	-0.09640016550792013	0.07189745658211008	-0.04799673668448961	-0.047497142934626334	0.012466550957418505
-0.06929240099515019	0.05573526070124255	0.0288980179108657	-0.006109199294424293	0.02748797094463853	-0.026619677942432144	-0.006148327998488483	-0.13973352693858873	-0.0807346790699895	-0.013213166254404525	-0.019815614207454486	-0.03149821991352498	-0.04825055851558001	0.03110542072363047	0.012030444381564396	0.09978011348212716	-0.020868695696310585	-0.026353355265557734	0.022768544644514416	-0.09849766603436587	-0.024944247109203815	-0.012010915209137562	0.050284750392337346	0.00038929337768355	-0.08820866957687536	0.09538041043229349	-0.0044449536348944345	0.0029055264360963624	0.03874498786290734	-0.06569529100043384	-0.010252778334123707	0.07550395675770327	-0.00933372268490213	-0.03496278463236854	-0.032737364036421815	-0.02181201650849273	0.06386780881185447	0.033687790661197245	-0.0057972373281055326	0.02357371361634938	-0.1034567503885139
-0.08375945953788264	0.05197430759672192	0.004069674465658722	0.0075294634283301085	0.026772714792656527	-0.047427606148795466	0.04507398952542252	-0.109534210247227	-0.05056188421601585	-0.11370362123048151	-0.09331985507707127	-0.010004295458772444	0.004923730978377858	0.03439757539430242	0.05350057045610647	0.034160876603209066	-0.023439214862983927	0.00885580241974086	0.04204081028074487	-0.1459419513982218	0.0051642772640925	0.031006226175507634	0.04434016349282493	-0.010041265408329583	-0.04708907436718162	0.03494030496107897	0.021136391648536854	-0.008408423297950267	0.029829689337857367	0.017709822395848868	0.04829311640436174	-0.018002455910354754	-0.00033677394876176475	0.04180483988285257	-0.07608464350163742	-0.0049345403160054035	0.00914265516955956	0.10218203524869078	0.071478431420862	0.027599519071551712	-0.05658455265506968
-0.08106026015493617	0.05867441382309528	0.009854364221269445	0.05242391480099201	0.04761460799783422	-0.02333501404741271	0.024526491049241386	-0.03773894256395332	-0.0576711708191528	-0.12159675076415723	-0.10874537764390653	0.09035386710640654	0.012293334008088932	0.05167135902254818	0.010909801489479625	-0.025005586231607955	-0.019552957649555273	-0.010932855337915671	0.002969595148814153	-0.12179924582369041	0.006143670590505253	0.04843381914564568	0.019955149250823333	0.08697559794169929	-0.05617953298667272	0.09075271381397629	-0.0688376189199833	0.033327606953007675	0.0048025689452065885	-0.055220231177280345	-0.04555494880296561	0.1350369307725449	-0.022462065913179854	-0.03619428421177068	0.022880063406184502	-0.024173518085096407	0.008954159754955882	0.08150074746575675	-0.029637150065558428	-0.10040874032501901	-0.023374776255041183
-0.08027552440516914	0.06283064164432903	0.023592176427092573	0.07114140947449377	0.051238598388200864	-0.03267331118684894	-0.0025052633119235753	0.012966593642111163	-0.05583650038657205	-0.08100517883915308	-0.0788286963759908	0.10485249649089672	0.038066351398757824	0.023416198603447985	0.02106776877240534	-0.03712037249994777	-0.03662864055299532	0.02144874774271422	-0.06463517671833965	-0.0643497877189164	0.07547367894471621	0.07057055794505226	0.07142622201458651	0.05876510309380282	-0.0858193455004014	0.15503441300593454	-0.09361933376773852	0.03480329845232369	-0.01851628812023705	-0.04409782201548301	-0.030846780747054083	0.07852065422344405	-0.04782399967803153	0.009886354774701952	0.02442039827300333	-0.023987677083175604	-0.017471479224263807	0.011755022181780497	-0.12555250938298312	-0.11505155539360687	0.032100016645836386
-0.07266581922046525	0.06137861185772146	0.06282631187772938	0.04275842450186634	0.035536508034100904	-0.038493528836986174	-0.0022252143923374925	0.023665628236838793	-0.07959404130095027	0.03912084371444151	-0.04956828443408727	0.0725917685609294	0.049728412082863035	0.001509107243771171	0.027798520624375593	0.04096314692592148	0.03694194530241268	0.09376407744486925	-0.04522843877841296	0.0096400986459004	0.07318176729603289	0.05826342572881743	0.03444335469944342	-0.04201487688125263	-0.036591145545027556	0.15852872521707062	-0.001347921133499035	0.05136051471082856	0.04706930709704704	0.018020253654135055	0.037261342139898505	-0.06212001323870714	-0.029279857867520687	0.03982621806466707	0.006904615615332791	-0.009041441392850305	-0.06990092530208429	-0.0006415447449676717	-0.09326038875019191	-0.0712952598660362	-0.05165969770348224
-0.07301801059149729	0.06274645240820326	0.067808519261382	0.025043752947392646	0.04541561086894221	-0.02756198806955446	-0.015452048025914123	-0.04666008483808363	-0.09533329338603964	0.08630223807914165	-0.029821742157826615	0.03398643679312741	0.015430824735276088	0.015103846434429429	-0.017584437283154838	0.11039577010679193	0.043455999985317115	0.05207299117763779	-0.009711588281225259	0.03260191556906619	0.015901212108947363	0.0661573252563193	0.0026197329981867794	-0.04915038826016878	0.014750210043714424	0.14043314694902095	0.08210891009216839	0.0019001854405331173	0.04916076093123777	0.06216663878535114	-0.01443324935286825	-0.06826667863906544	0.03890130219106808	-0.02679600855207505	0.05995237329180681	0.02209843981894424	-0.013591495296833345	0.04181705264026576	0.049112581903407566	-0.0036403196807443788	-0.04232221288661378
-0.07782651839971799	0.05949732331678186	0.058399827912209976	0.025616669790596118	0.041356518372686814	0.001563665036955796	0.019262891129089757	-0.12163799832133182	-0.07871506149129182	-0.03020525380793666	-0.02654888733183806	-0.04866167929279268	-0.012573265352457322	0.05900410992895204	-0.06074881494254556	0.13851127377469177	0.008459486230085881	-0.023915405311395597	-0.03904636286325509	-0.005188700454019139	-0.054054076599504244	-0.00747032434637151	-0.019203844923450623	-0.02037154309804124	-0.011615268491186728	0.024789617294312755	0.006936960859133911	-0.01835266772857571	-0.03442187136841217	-0.024674888676010098	-0.010614070171674924	-0.05237958447578388	0.04747450109654069	0.02047493703557015	0.044631801914716523	0.000817493047750209	0.03735496029165274	-0.017042299851799482	-0.04797839279246146	0.08789038159979366	-0.14020436842789458
-0.07971835560664578	0.06240864996808313	0.031093308294032763	0.01047737552801143	0.015578166680339272	-0.012971472691612746	0.019315757120682158	-0.02990719977473503	-0.05287477324839677	-0.06647726139181596	-0.11298482190312986	-0.008574996785950247	0.027504835989027997	0.10923132310877867	-0.0025886741210878776	0.12165596358720748	0.010562110797533933	-0.027458563503492524	-0.05144967139282457	-0.05386994267473845	-0.0572667642498627	-0.009136665892312677	-0.01845589308476625	0.01370612830664698	0.03805311871349362	-0.06452160277801453	-0.05481156328526013	-0.05858469277133237	-0.03626746487641292	0.07512347530389529	-0.04122679141497672	-0.050288222203414806	0.07156586464629863	0.03562497261889325	0.05532489210676107	-0.08376780965735012	0.015600466713320563	0.037023045032562714	0.02398250550602594	-0.04209208939557323	-0.17716783574869982
-0.0743956519460866	0.06148787678435692	-0.009581412489876286	0.027085221424191924	0.04074709997114391	-0.04252188906578915	-0.03434929451232107	-0.0030848378133371697	-0.09655408803806607	0.01972815468015667	-0.04253672918977456	0.08296493222015404	0.02012907385268366	0.12121030590267824	-0.01036701497620576	0.043523197376770406	-0.07452729467401933	-0.03274066321415488	-0.12220668703875037	-0.01526185287723255	0.04158769294987939	0.011504673554626184	0.01479402313787401	0.08520783606357349	-0.005780755639256278	0.039402449745043144	-0.06877896906721925	-0.021173453236250358	-0.1175998995801069	-0.048297276808783283	0.027107462815887957	-0.1574216654195775	0.009266954076907738	0.012462935640581868	-0.004090211428348653	-0.057972944044899846	-0.12850479417961264	-0.09018415752883209	-0.057163028053957246	-0.03483527184890236	-0.08386969434976828
-0.0744871674724875	0.059185003955658885	-0.010000311554788787	-0.0010202054691273313	0.03084070857941998	-0.05210764313108078	-0.03963402490928632	-0.08291176673411221	-0.08250026478846352	0.08358163068817537	0.004728557119321727	-0.004281587260866512	-0.01141815379292853	0.02601791543631471	-0.0026563117082471677	0.0666879590241744	-0.07349249702511391	-0.020185191670957746	-0.04609926335282328	-0.03646194230977008	0.10329724850667182	0.000436515648956564	-0.03945386675026312	-0.013019284652963824	-0.017152516784042265	0.06120895962105297	-0.03368959625079016	0.016658989891605233	0.034392527660727784	0.06968348141793615	0.01948715151630579	-0.05018840639197449	0.10829144481636593	-0.0011006655809062908	0.011111197538785231	-0.09062250168136382	0.02079520141885196	0.011154304907533621	0.06505277105459165	-0.015321206773431743	-0.05477524266541974
-0.08258556268380753	0.028816748502786257	-0.008364348923132429	0.01913048457860605	-0.11567672636481427	0.12189387851322242	0.040003045054306775	-0.15739803638146566	0.04694588915118869	0.02414219497596531	0.09332380024388924	0.07695228519177151	0.006576983192761066	0.022227667651229646	-0.026691114388381537	-0.024749408677850037	0.029631814174972973	0.05478225166213324	-0.1769814023127599	-0.3471342945081904	0.14265436096120027	-0.008310508340468287	-0.1599864833278186	-0.23839546909666187	-0.01718604217832144	-0.10770513480104955	-0.06560709230657535	-0.07799821789088987	0.03934959048115515	-0.017343566346831513	0.1042681653209217	-0.0840085813389426	0.0640983769832594	0.3198855313009883	0.27378916489605754	0.26626221971685493	-0.05325099050643368	0.11323018458882425	0.031124303178287023	-0.12130951204756253	0.07500772383868627
-0.09999036983659931	-0.004121852663573903	-0.03504190657675051	-0.014458324971103118	-0.19374247326030078	0.15930924921124157	0.13521562648915447	-0.048425488532099326	-0.08321375556273738	0.07547254480340276	-0.07333627302727466	0.022240376117400214	0.04143455386998898	0.028232097939058818	0.054848085144212785	-0.03429625026653371	-0.08052299554377645	0.025247732428153258	0.14807870075191037	-0.08680627679291374	-0.10135561443087542	0.2396770440725119	-0.3291639436230863	0.2084741399026159	-0.07931507157715664	-0.1296971256636198	-0.07520437670785701	0.010813831243318896	0.2091284968164781	-0.14659405944073767	0.08737906555600349	-0.1081701614182835	0.13955281259539248	0.027449233540482072	-0.0574477547895627	-0.12684846725522103	0.12808217199973077	-0.06945152288222921	-0.03609094192433228	0.034629395206324895	0.08857090171409984
-0.09174829712829498	0.02424483828532922	-0.03768097506053966	-0.011560948274217227	-0.13918541135104784	0.060942455976585	0.03399631781082143	-0.03339763753537141	0.041464851939225535	0.043954940809447104	-0.07336915020264646	0.03365623774548986	-0.02827679243292689	0.08482416205727096	0.1610149016667359	-0.0799233468632905	-0.10774008110193299	-0.03278346743719672	0.11215697689011236	-0.07650813466085804	-0.003366871968760752	0.09035240183504537	-0.059618917451022546	0.041892069233155464	-0.10388206125167729	-0.01370088278452584	-0.031452477561012396	-0.10178623809651738	0.02217007641952488	0.007812483170131911	0.07114450291777212	0.11757892953584559	0.07822501805355125	-0.07274239241492955	0.009567648634964052	0.02618381867586219	-0.07798151974082317	-0.1658194781031882	-0.01816165530640671	-0.04629636954314991	-0.05401965631075818
-0.10380384014489652	-0.011398762352918625	-0.01708168858456328	0.03480191256043939	-0.10265969010614058	-0.007905353867203372	0.07980613954375027	0.007819867425714618	0.03306296357097824	-0.0025765117324298703	0.045852284676979556	-0.034871332492526746	0.002836293593128543	0.0963008372811324	0.16185331434232553	-0.12948076706318892	-0.11158728291190592	-0.04821361530648647	0.028989133608058618	-0.03144668168804894	0.12130969864957605	0.07956712247386238	0.020363847732982443	-0.023573843239561888	-0.07882693502293567	0.08230838735057855	0.02078088533838003	-0.10951525129120042	0.008782910665916141	0.06464076559300075	0.05108118114266569	0.03894249832695483	-0.06916162228773126	-0.16361196365535524	0.07749597770326176	0.04565687848587578	-0.1296102810299561	-0.06120900373892456	0.039795299583003575	0.031494789060725906	-0.06656929039700726
-0.10758357381650208	-0.018537747279451827	0.0013660973026606664	0.04899908504980766	-0.09993578407501878	0.001211816066968457	0.11201054564508445	0.0382934187041615	0.007999782142201522	0.002253966815840576	0.044442764137400614	-0.07757661308643592	0.004053797151640477	0.08794080376839823	0.10561313328996261	-0.08246237217222165	-0.08195217495955424	-0.022079578373792475	-0.08656123942686425	-0.030195991137932216	0.17329501826921961	0.09570012116014086	-0.0531361379983419	-0.027610389103895086	-0.04299538562264003	0.09482783709176713	0.022006384546950256	-0.1221979541057768	0.02784157560096826	0.03303195378614964	0.019843518152170822	-0.023221404930510593	-0.0496915788826155	-0.19156542506127677	0.0370623470154669	0.0019109049279109561	-0.06760420051245354	0.008493410600959109	0.07889496905388653	0.10401052031903847	0.03696737202077495
-0.09763389855034597	-0.028421401182661333	0.041166463711754406	0.02986020374041755	-0.1902863813056901	0.012467662021435885	0.11302307020859206	0.10604593390839222	0.04334594530436108	0.028718220599456425	-0.06847066987183786	-0.0850419906524669	-0.031728911401560464	0.036055967293920424	0.003337720048282503	-0.05472627919423261	-0.04556998950615768	-0.09128371092174757	0.04008772141416208	0.15386982316330733	0.18882934931696216	-0.07057666813795607	-0.18170035249697422	-0.0612334979518112	0.04215598277312925	-0.023024455529494108	0.01939180954543627	-0.07949736695643618	0.06457644210213563	0.10728850345989999	0.05520293534063536	0.3207447996512046	0.0005921315617992799	-0.05874244974131845	0.1304432213219216	0.11088588764254836	-0.24724861632412742	-0.02927165504591736	0.17680555484576133	0.043166452264186625	-0.11315525164765886
-0.06451613501885342	-0.034763227849837486	-0.04815528570010372	0.11683995758985623	-0.18488617491862766	0.1517305058973722	0.012196580116623001	0.11181616218703729	0.08322708659969112	0.03256211414383641	0.09571959556054715	0.1406837454971438	-0.2058308686947611	0.018780821873889932	-0.23979947820582062	0.09654116025949673	-0.0832864235652578	-0.15661349610654976	-0.1495692061874381	-0.0047367106031147126	0.0355735427842197	0.09818848134130317	0.08736679803482797	0.1614328599402804	0.08292571805898356	-0.017876845423143925	0.30551124584692013	0.14879685933990883	0.06490056789620402	-0.18054237159728448	-0.13988955925180874	-0.07889796901654064	-0.23169810015903308	0.022358907949672047	0.17366136663045728	-0.14964863697344358	-0.23151500143428105	0.1603783907783724	0.15840571812391382	-0.007786094713277625	0.049970085472566275
-0.09054190658246554	-0.06908506419833305	-0.07690608425804482	0.09625282420189683	-0.16953043122537478	0.18503538656920063	0.0704797173124941	0.05965836605602165	-0.052899748311886055	0.09346202949297829	0.011089449715419633	-0.03216139429399047	-0.1848262077882517	-0.035462897595936446	0.009170846250929858	-0.04034938792867625	-0.13275934752672677	-0.04899739622603086	0.020836249441379885	0.0354051670317868	0.03809548185570022	0.0995006247430958	0.013600700039975225	0.018929947999191815	-0.03234917748322963	0.06086713806569867	0.14096569888005478	-0.03163857459826196	-0.0116595761877741	0.11099083740660248	-0.0033507129353837657	-0.12932277528369424	0.059146041330810764	-0.001739042537011671	-0.05478598856694562	-0.013091493294893924	0.21048448573239248	-0.04638041353366812	-0.23502056301071508	0.12784541660610918	0.0844395963856461
-0.08229825087079813	-0.0577973670645089	-0.045578646275238076	0.09969282894771153	-0.09481904889349536	0.16914340626205118	0.03889212717424906	0.012413484808586612	-0.012397782503952232	0.026822765692088163	-0.11451880464006062	-0.013254750984099626	-0.13670659137374577	-0.024424659967408432	-0.008529869764311462	0.058457970190997716	-0.1153506552473817	-0.13423327612703234	0.051324354216150885	0.05066947552983267	0.047824336952217585	0.03785068388262136	0.034568026475457106	-0.0533796725865882	0.005658848768217286	-0.04265808117817907	0.0953730507563744	0.09076368807000683	-0.021766376312293667	0.14016408836241662	0.0119446977766739	-0.07988290390842881	0.021387373534951872	-0.06674067871893719	0.0646642201915419	0.017843179012398694	0.21497382541724225	0.016874838446059984	-0.15228948185239452	0.023953748009085972	-0.01636207439915399
-0.08995143799057204	-0.04834509316884066	-0.04551048135998492	0.0537072949618356	-0.03429449240205011	0.09622012514093006	-0.011561228664898386	0.04755349195319969	0.0017110454735184558	0.06267258520757947	-0.12897146968198497	0.05093346446975594	-0.08931784122209391	-0.0315982814643049	0.04166843422660972	0.04235360007235638	-0.055436795354355646	-0.11721852498961852	-0.04521829875978262	-0.045493021311278775	0.02960703746498834	-0.03836216365630268	0.060174986127115235	0.044941292457993505	0.012372730754304093	-0.12903082503289212	0.03416675984101148	0.023752192895207937	-0.01340917598647091	-0.05057330615496942	-0.08812932095639944	-0.034710716912755346	-0.021710819245642637	-0.06556448346186393	0.06458117117049979	0.04099424062352161	0.09789032589442405	0.017596841691170824	-0.21987540786799037	-0.05178662441636683	-0.1260081427755347
-0.0866542235056926	-0.07615241290051461	-0.04753787881277635	0.0476023380653101	-0.03930359757868708	0.06860853436696922	-0.08061528666154572	0.039004639787994164	-0.04285628931352173	0.06613447310070592	-0.13148670266083404	-0.022326553415731257	-0.07509178635729849	-0.05863666105126172	0.06661047363210382	-0.06627529540949131	-0.015125702944005899	-0.12650789154762748	-0.025665946932375207	0.09164763847517128	0.06460890562015344	-0.049775185986971525	0.015968837452218984	-0.02572894271491212	-0.004212335349618783	-0.048353681856562546	-0.02830867478631459	-0.05775552075918042	-0.06550697808332957	-0.013943802483656887	0.09923097542996553	0.0832342479939432	0.03643357866811478	0.1859150105732836	-0.03787209586046352	0.02731542804016511	0.005891118568431569	0.03084752417174732	-0.20412480286125312	-0.09890332331842906	-0.1330119841489371
-0.06809831566597661	-0.08300008709781184	0.03163462281791862	-0.004644825639388807	-0.016502449757104787	-0.005090627563853458	0.017916144665948597	0.09281857921331992	0.029670905311988727	0.02309832839997787	0.0037275678692410535	-0.018452335742253703	0.06333613344420919	-0.15622340413808236	0.089188672450458	-0.04934722062378787	-0.003933134806080976	0.05280025311232027	-0.05243458509373811	0.12794012070086236	0.02046674242048449	-0.029310194586222728	0.12437310151228831	-0.034820874099827544	0.09427704703440547	-0.058456021512751914	-0.12208649371621531	0.014547501081775398	0.15034401247677276	-0.10567454224341181	0.23018334636630977	0.03523333499735727	0.0903314690567012	0.0845248166502035	-0.05603275575908852	-0.13741451087194761	0.07489148348702061	0.13581118107210335	-0.08708644447959352	0.039148784630916464	0.007293303336139655
-0.06735150752319198	-0.0658570127276743	0.008495897433820104	-0.006367882458123573	-0.03073954001635807	-0.044534969348467776	-0.017284434920413188	0.02544990346152217	0.030476450284831192	0.11523941902867975	0.04712775744434622	0.03946907570187644	0.1955075958967037	-0.15118275151392704	0.053059754372716185	0.08051591388358126	0.0358982049796011	-0.05799567013121572	0.004211111388365998	0.019689483637081222	0.03720420692633844	-0.013542926930922877	0.13361983033944144	0.04431668551308265	0.11219959586078491	-0.06986415201036439	0.009693850934226048	-0.006413656314512774	0.11790643580992993	-0.0675023379888755	0.19532344025340892	-0.017580377469886492	0.06221292718499466	0.028135791401700333	-0.03339185900051303	-0.057649541964188235	-0.018390568352331528	0.035509055496625516	-0.008278907830438227	0.0663115127129235	0.05040154679193612
-0.0574701805786644	-0.05744940622672806	-0.09617333504038139	-0.0253763775347478	-0.03506866717520082	-0.10344538417916845	0.016333992717930405	-0.07368199725374165	0.03890456433319226	0.08979181466290652	0.09828037110940481	-0.025986726706332838	0.19882863212159266	-0.13727930525345505	0.017055172326121786	0.08071980174785884	-0.028506685723020835	-0.09601835854188975	0.06542272286300899	-0.028417995228849784	-0.012001754453640651	0.0007485815450905611	0.12597697625060617	-0.008739141530850996	0.07374055835582201	-0.09345632183147949	0.0676982085459058	-0.0956483841093203	0.023720643420453387	-0.11870804584791195	0.1599775264614476	0.16653441988977813	0.03137471243296558	0.0251293059996728	0.031376042017296615	-0.08547374661296323	-0.04151647551586322	0.02424027182334121	-0.06171555035863091	-0.08406783414142599	0.011553074907125024
-0.050153128959844584	-0.059070457072804554	-0.11152504559579153	-0.06501670497704866	-0.0434480688285712	-0.14146227880152676	0.05467660860320306	-0.0217962598318458	0.04242026440404544	-0.00392639358727505	0.025662481729589705	-0.09843673642434445	0.10620993581054891	-0.1327158545096486	0.03355273723647359	-0.0766517029740899	-0.016928667923977493	0.07218415195132227	0.03912374312199099	-0.08062226007845712	-0.04163132282147796	-0.02615202812379146	0.06700678842158668	-0.03883517318843438	0.026843328271989646	-0.12955862848693406	0.19952361822498557	-0.13372696391781788	-0.015903682259931003	-0.08882668236629422	0.11319018731496383	-0.06270078234310861	-0.11564920173979748	-0.003934242291164056	-0.10558230749229877	-0.03817942100341931	-0.08668919880816606	0.16956917081840314	0.0028468948808316463	0.015481468580190748	-0.07113660452347584
-0.03306779240464669	-0.05659886582196288	-0.08487370213215417	-0.02520693351591142	0.0148676047024373	-0.05799945972668182	0.03293936619147647	0.02490913288324391	0.051186878617687115	-0.08243199031340635	-0.02107029282576556	-0.01175589508484174	0.02458038118030268	-0.12552195947583195	0.013225506998214879	-0.12061120892255185	-0.08117291366001086	0.04288371623077365	0.017159165650965813	0.030226679272581634	-0.03927140206787924	0.0214011306094207	-0.0005330843439002178	-0.05116836768721879	0.0333234847309303	-0.003569437762925825	0.06584785423593269	-0.06316686680224727	-0.0030287750868987287	-0.061030771436951695	0.027563027871772033	-0.0024327980956414088	-0.00586450398882275	-0.008366792990517041	-0.07878689916130005	-0.023970727317646073	-0.028531881363641484	0.0757594942365899	-0.02454262705677862	0.1337226819600132	-0.06244782922059501
-0.06068344708902423	-0.0423624532177913	-0.0488154084225881	-0.028057432322430506	0.03217870328131374	-0.04821740782599333	0.10488885012998692	0.03958771052215836	0.08148528689547249	-0.0864912048737028	0.025073657354787147	0.09804823253682451	0.09846885830163403	-0.07969258471049886	0.02191077783610826	-0.0521721888699815	-0.04032240945937446	-0.011533283869795397	-0.02383924837727712	0.09419057891612707	-0.03116186688246827	0.018600502823790464	0.03190728709848599	-0.1039741426947616	0.11668481811852777	0.07845491977982265	-0.034673512070541736	0.011659870024844324	0.0658002151362493	0.002213631560230578	-0.003928884903553323	0.1276673865588277	0.01914101587725495	-0.02650247338429526	0.1917653969597742	0.06798759454675384	-0.01580376748412223	0.06237251793708348	-0.10371293420784605	0.0729917876442688	-0.004970821451355176
-0.07533685150134073	-0.013054613004166498	-0.06819448832837177	-0.07969635541865637	-0.07386189203416678	-0.05782252808873834	0.05176965801598641	0.09465122146813496	-0.01490109961353475	0.05527792601145402	0.018162084134414534	0.04907972448037985	0.0977627791683897	-0.0146983198176667	0.022235943761609783	0.029943774038323406	0.051517001705815545	-0.026209828020415465	0.020993050154349987	0.0354347430581183	0.052539803429679184	0.06513757185014778	-0.010554775153540315	-0.07666389809666282	0.16688844957658694	0.030900388455427762	-0.05940795915912043	-0.02375570620588543	-0.019422810514567252	-0.07386844797100164	-0.03088566493879623	0.06934676804572483	-0.2651882550531472	0.04121240063279795	0.0062224250616656415	0.02671293529641131	0.10767383849751316	-0.07928124726111269	-0.07297570214876323	0.08946236719583778	0.11500113734042985
-0.07338668656062709	0.012898605510737729	-0.05968965499715399	-0.12422021466579031	-0.0010949319539771028	-0.017688529115964823	0.0182689512002019	0.0014153542407387711	-0.07101277599160145	0.09971007482185082	0.0050873626549963824	0.07268026916230004	0.03666287078846059	-0.005150089861697172	0.04128932359850526	0.015944414791395876	0.011294294467705687	-0.0378355020399176	0.051288958983367355	0.04135250598326223	0.006863000287190842	0.03505053537233953	-0.020209362882455492	-0.100273230047596	0.13315402019522762	0.03972295280743148	-0.009332325964260474	-0.040792626448199594	-0.04881116175456348	0.007374006770245044	-0.006383350064749868	-0.002903734106321578	-0.18558752900795225	0.01289867502802123	-0.04418555124516141	0.11232958426535164	0.09578904562523888	0.04009375597209637	-0.027658914265543722	0.15826836621890833	0.1261368106070393
-0.0783091195709032	0.02779493118116649	-0.02188403679845903	-0.12131764960198893	-0.02013862124186085	-0.024891139547578402	-0.0007918852199181274	-0.11943445745424187	-0.0411187604316828	0.0936442149658822	0.00804849168602993	-0.00383013077537654	-0.035800254215243056	0.045500411451790054	0.027826082012008046	-0.004790854373675799	0.008047202564291606	-0.07664827543682762	0.04357334631861093	0.059089255533947796	-0.032700372066595394	-0.016799822213898842	0.013260685661574283	-0.07330740083683891	0.09546972046103284	-0.043517287623589154	-0.0269222464717555	-0.03966313454954162	-0.07531877461071838	0.01068095589685799	-0.03541623337324659	0.08363013612015545	-0.09283657100444485	-0.023674883352023425	-0.0028850424216902565	0.042252395511665174	0.18680808266485524	0.06781575397168174	0.02567466613729462	0.07853496350245381	-0.018851353620923293
-0.0783833668905025	0.036350554842768286	-0.027341854886541804	-0.08826496710995385	-0.04639462554158311	-0.020581317474009445	0.05079137790009424	-0.13343524122758468	-0.015513234340568706	0.02773033294936274	0.02810311513909928	-0.05967600258756188	-0.04003748441670015	0.05742795596096586	-0.01075703717712599	0.006137881743388912	0.026497512513869045	-0.09447274820551264	0.02159203531495634	0.059059977158500025	-0.014909156632323763	-0.015746249279503605	0.06995904490452402	-0.005142240057114673	0.08741224214493094	0.0007339504164707738	-0.11929042023831812	-0.01791551294129407	-0.05123437646773836	-0.04356065923536828	0.043914810965533804	-0.03808972601567176	-0.11720451970063249	0.049110199595501766	-0.03803393989108397	-0.055354277946057406	0.0591786165232604	0.014461150426076909	-0.03224814819511716	-0.008875187423554181	-0.0407880394436527
-0.07684598151909917	0.035199433537131355	-0.02498594280173607	-0.043166806081951684	-0.05748450273638221	-0.041429438223456384	0.10629757261043325	-0.029334355006405823	0.03539877084792966	-0.034075969961464586	0.017766339251956934	-0.03202026426579804	-0.017825071480501754	0.066630034261803	-0.018132295281825767	7.229114247958102e-05	0.03996203539839781	-0.05526151971276439	0.04395618337037472	0.0032939397294667314	0.04331444996869773	-0.023762515059480793	0.04502976790510008	-0.02180184622610946	0.08330347242688561	-0.015361464241883963	-0.0587902625546013	0.06139181118667037	0.009231889568276561	0.11577519030954463	0.03555994620784904	-0.10420734079813693	-0.07824493888721676	0.00012397563931281982	-0.025580671811400734	-0.04499760938773213	0.11196907984905954	0.08031649224105283	0.0772986544110665	-0.02950291011302701	0.013791089723128879
-0.08659742907891484	0.028257362988191776	-0.012245786594735495	-0.07644321498959104	-0.03750833304043125	-0.008511947181658744	0.05927002729171967	0.0447884383853531	0.030175395883628164	0.03181265424618753	-0.03255028487027393	0.037502262969887144	-0.02649917445412162	0.03362715206238403	0.033669996989887735	0.01548440082262596	0.11348641678268583	-0.029108171031123484	0.03503103328235168	-0.06872261771357695	0.06074544089579953	-0.09125531061357721	0.024920623708009945	0.07322064211922075	0.07882420610945103	-0.0907746453275092	-0.07758689423316738	0.09701362520948432	0.05445290623549968	0.07160984598200539	-0.08064352879712768	-0.002604956254896363	-0.07547006842444326	-0.037139542086478974	0.0066422761415223745	0.005141809793593924	0.033334515512141824	-0.006849622758961227	-0.04714454577950404	0.01459133189177961	-0.0635396442035956
-0.08472935080125951	0.026833400065091682	0.018291887563508004	-0.09763659210321667	-0.023568636501110397	-0.019080455229410785	0.005129067472134578	-0.008636452759523804	0.019994832618746957	0.1468378676759581	0.012267126001595454	0.011149055215106929	-0.10703889289032215	-0.009090406957256172	0.04837036348729828	-0.04000477523563617	0.15922405040238893	-0.01434719041692214	0.05706801950261606	-0.04530720351073859	0.024612883100412538	-0.0503176300081384	-0.052721423387139976	0.05262449386330151	0.05114267191323182	-0.04852039111648255	0.05407938066048403	0.07959614878192549	-0.028622423789441083	0.15122055885330427	-0.08667422969325082	0.07241484108323937	0.020148965727100492	0.007303725385841439	-0.10236254457833388	-0.01714793725933257	-0.10645809240449164	0.03728177991505177	-0.050826104450724406	0.0509056268460682	0.02464055261073845
-0.08224374034998347	0.02128627791147775	0.0521091294581099	-0.09755559841675239	-0.06404896559028612	-0.03070632200959708	0.052235353280236596	-0.08655395362689988	0.0014578363079335317	0.08690446925192516	0.0779208728511488	-0.07527719989198323	-0.09467484556822865	-0.07733421300645828	0.01064176068418166	-0.03598992074230129	0.1789797324483629	-0.0013917724156965045	0.06389189309593017	-0.024100940699037225	-0.03743655858985201	-0.06523816851320952	-0.04528780034178536	0.07636804929139734	0.023913666576551147	-0.038578026378138924	0.03286655091243779	0.14280373297747986	0.026444883449355444	0.011549093392011333	-0.07780582194242318	0.11785947576655602	-0.054338341060154734	-0.03542159260400601	0.01739532886365012	-0.02584019055683557	-0.00701439118711069	0.01046827553032392	-0.09956803856672687	-0.028135748019322428	-0.03473472843474459
-0.08170161077349622	0.029104166721396922	0.04385597367012733	-0.06777898683525724	-0.07275174663691869	-0.039031145045225	0.09701553138646789	-0.0629018058324535	0.0319975520584483	-0.017659733123044762	0.07746157111947141	-0.055305207277048886	-0.07099358621594865	-0.026424108390055438	0.009728737434104143	-0.008718302438512456	0.14644765206184734	-0.022276456658385214	0.09208092475962784	-0.006414474359990482	-0.07460384414326054	-0.003458480868183029	-0.0011696542558803126	0.022838020128779578	0.05910422759212708	0.0026857257647132145	0.018499703509114843	0.09107170618975564	-0.04150220784051693	0.03218755839384882	0.040772723757833994	-0.01568495945060064	-0.06912621167604288	-0.008232157322079122	-0.07391224999173099	0.020248070255505457	-0.15445838206598758	-0.06179861583531474	-0.14485858769235843	-0.0462708254785861	-0.011951913611232398
-0.083448547398821	0.036821126945475506	0.04255285966275995	-0.07244488847715888	-0.0914069177536394	-0.056912574918540605	0.15175553463948957	0.05951562622765939	0.018553574529765207	-0.039320796819174685	0.09702372701235513	0.0005833738433726074	-0.10665628998020986	0.03732616604744246	-0.01014911056880666	-0.03381432794883985	0.1276635614949022	-0.04186707645783945	0.13703106978975904	0.010622051030268961	-0.11670434946577458	-0.025110800839916302	-0.08035477683402564	-0.06559547274914625	0.06280788953403779	-0.004799326523754172	-0.027725917687420838	0.010150523722339072	-0.0504391831403655	0.034704858589082455	-0.030148505676790893	-0.05934901669316634	0.09090970804515869	-0.024523252073027586	-0.13267514514687956	-0.03185429576633982	-0.15627162081074014	0.04924522169749772	0.013235316032874679	-0.04023756107711918	0.013394989018849196
-0.0859859124351695	0.04806216422725875	0.044368018545162674	-0.04588800704007596	-0.07859229316303633	-0.05591767700121487	0.11250081965239672	0.0977619035455099	0.017827692159308985	-0.02368271267596543	0.03927964266000736	0.06600032390520746	-0.05557705603682568	0.07790080092559719	-0.05054025430676409	-0.035375552622900173	0.12332405528624422	-0.06777594981690352	0.13784856283945665	0.026525970990469196	-0.1311933091617318	-0.09611712456971597	-0.016391240925813115	0.02981284135093511	0.08733077471658517	0.0315815044942715	-0.15630108490024314	-0.037582377432037864	-0.015116332356641914	-0.02344499177375789	-0.08927639944470644	-0.0434811426202651	0.10568582533463826	-0.0485195623999214	0.07271863938251943	0.01107592101945763	-0.028472007546775053	0.11253924897189384	0.009830695075477548	-0.06844103932120639	0.055993566330070785
-0.08439096028312508	0.055520166255765516	0.05410924883419452	-0.02539619595284418	-0.0615297080713093	-0.06376297338414139	0.07444714130256239	0.12206028057524576	-0.007807001405052564	0.044675844035671014	0.08640463748332503	0.059927396735350816	0.03314477926923911	0.11645840609659068	-0.01612946904386855	-0.05923970387191273	0.14054983603361043	-0.04680195805108612	0.10496628415761787	0.04760776071234934	-0.07476046328305844	-0.12183832993596576	0.008153510191443475	0.06977870066118409	0.010020957495845955	0.05453148459254609	-0.15418227043971486	-0.02353315870605805	-0.05282225333814528	-0.07264148483839808	-0.01999303749466698	-0.2172735093542133	0.08672906319571637	-0.0279113619146088	0.010425735286594975	0.005042538545430363	-0.04768245716709667	0.0005109962606463375	-0.018443724933855953	-0.002422596733941504	-0.07071851422258678
-0.08783542883872145	0.05368190613901415	0.016984248972870278	-0.008291058869732497	-0.17460639311884213	-0.0734620279804705	-0.017310039596830834	0.04896984467865878	0.0712622315339533	0.08303881122637952	0.23247551394252533	0.04000492946645443	0.09401059243569079	0.043651499110338096	0.103759779775901	-0.10850802668758974	0.1729322378241747	0.06253970085534998	-0.054517383465558775	-0.02548042091056577	0.02857436795501437	-0.12914055813578976	-0.11603164709513403	0.19982539365005092	-0.09210052558632113	0.12658654092823066	-0.052788630737980756	-0.05568158750009051	-0.14693567831312182	-0.08149400302744744	0.0016784122577064298	-0.13474036869049336	0.11908737472798639	0.04231845066940392	0.054379499725386866	0.04160912232547506	0.14632253447893376	0.00368548575380509	0.03963156778278629	-0.044390071932835506	0.04958193628887974
0.06405842762593346	0.10804377009846125	0.005601430152725711	0.09604334676581465	-0.28433451828747264	-0.21993600668454616	-0.5883389205781469	-0.04511648140726927	0.3505931255980547	-0.048317347425485865	-0.003713314892785003	0.08578860909425219	-0.0430679494686542	0.05378356355659618	0.041541760810867516	-0.008634422262185713	0.0632534079629812	-0.1767939403301268	0.03515385504049344	-0.11476851560350983	-0.2206381595948048	0.32356962920018706	0.05469186751899133	-0.10938722817971244	0.10766399446486873	0.0015931158983228527	-0.1074364652650327	-0.0009452830115802419	0.15511925646260094	0.11793123131361577	0.044585840234376985	-0.03828883846730258	0.010020745298613992	-0.052760914567555384	-0.008893661941696482	0.0017403603680868403	0.024769917376310333	0.012016861410531321	-0.03865067336094241	0.003985645127136714	-0.015520980618759977
0.14882263159294917	-0.06601965500885096	-0.058385721147062745	-0.036652580133256944	-0.33593809454811824	-0.1630050499275141	-0.14939792370121924	0.12298174719558656	-0.6171848703028402	-0.11575259547395272	0.11274842742535965	-0.12064137258072223	0.06108264615591128	-0.09734559350751745	-0.2686040625789742	-0.22688386940437058	0.06415283150640028	0.01650195489798119	-0.029337782091106174	-0.0812103991027929	0.08193200486698497	0.14309701094516789	0.10257931726875469	-0.08011304893899991	-0.09422080121356669	-0.18135780283649316	-0.1129969604605294	0.071246833332112	-0.13573466725909647	0.07035489540685977	-0.09764615250142962	0.04506361422471258	0.08138253586305935	-0.014019618872303463	0.06719443533168448	-0.0105184641946994	-0.03192499499606836	0.03917346936153676	-0.0070791065846928895	0.0769595441680423	-0.07165987570621545
0.12288800522052817	-0.04057759629330337	-0.07159012472884221	-0.07202112364541417	-0.06795722826494159	0.09851047269344741	-0.04771794153631793	0.02136831245341226	-0.035401362559635864	-0.14152641526515636	0.29938894404112887	0.274511893121084	-0.0021474269890533492	0.014134612154648759	0.25168028305285706	0.22192986632275918	-0.10819687447157632	-0.029888971182450458	0.07932327241451549	0.1700936588420987	0.027770112836668946	-0.01351799277890256	0.0017733669573640198	-0.0903111491662915	-0.26930171749064546	-0.03545649552135981	0.02413131886046649	0.344606886404449	0.025068659917710862	0.0610249950310525	0.027291091028854818	0.0035478458185909667	-0.008218307833423972	-0.05170566641790891	-0.06398187939487622	0.12080445133487605	-0.0944992489111972	0.15674303259060657	0.046511321955475984	0.002796406592583626	-0.22527943170828751
0.07423231254765411	-0.08521726938777144	-0.14401557413882562	-0.15995549685382518	-0.05087007576060122	0.07793642524437794	-0.09057736349067896	0.03493830855731696	0.022389759962399516	-0.029508982449740515	0.09311205674207941	0.06454350208739491	0.038358850877671206	-0.04192770488703038	0.06550276832367294	0.16889709950049825	0.024164379409616056	-0.04226877174257172	0.1359920177351135	-0.06538246711491227	0.04125025088062276	-0.08621571414467065	0.06461039262353191	0.030461026301748642	-0.12141813265690164	-0.07536775100206598	0.09512763121083787	-0.1312181640703058	-0.0684299729400342	0.017302912698085426	-0.11210107243288026	-0.08556207428720182	0.017802097264275858	-0.10682522830181744	0.05419849167594286	0.04953869486468372	0.0894012202698773	-0.1707163368097936	0.02470159939363225	-0.11535230555836176	-0.05123379721545118
0.04200037860380646	-0.11092612377939857	-0.2102422167117235	-0.15578364618884447	0.029377269896435795	0.08168572989838982	-0.045952185940813885	-0.05403359967558633	0.04513648022470064	-0.06982904156784185	0.054230922740097505	0.01648217299934714	-0.05706303002068298	0.05253159073420048	0.07911600941098346	-0.17755098516228895	0.02078491456467067	0.057779938114917245	0.01854290274710462	0.07588585893017762	-0.027018116353507912	0.05723153844758727	0.0167224664713779	-0.01744009655973742	-0.0886679043199673	0.07373307313734026	0.12954281642777715	-0.17386963683618303	0.004935113278575374	-0.09841584749189956	-0.149462081530752	-0.022014145378189843	0.14318247854986718	0.1173658938486567	-0.01725954050549417	0.011283772700187914	-0.009844836979958131	-0.03014309531918245	-0.07770203003377049	-0.014620459461689944	-0.12487425184238288
0.023493238702050494	-0.11385734067098759	-0.12671342975242986	-0.08336659800086525	-0.00016469688549937888	0.046815991180529676	-0.027383674760952197	-0.055775097577473245	0.06738768024532271	-0.041689842311165425	0.00851006070674235	-0.04991054880682609	0.09936836538374909	0.11063634422519544	-0.07948234086623741	-0.120866792377958	0.14730183252011866	0.022522679908281083	-0.10618217530270677	0.22894702076590795	0.08666176325023571	-0.003434876557677033	0.0018057238750065624	-0.08574787406359335	-0.03607576716841961	0.10530670410867204	0.05850763949962646	-0.002695678960039527	0.21842743970964876	0.03249518034422295	-0.16242047950026764	-0.15314465773031305	-0.020205585163706012	0.038247398318678454	0.03167007915056408	-0.0022257793935141768	0.01904064363390108	0.027583621757058054	-0.15559003638704758	-0.06588075970549218	-0.0682017919691564
0.027960977020509353	-0.10449466765277085	-0.16334066137126613	-0.09441721711479101	-0.006868986080918897	0.03685663741640005	-0.007272437191733146	-0.01807270523945277	0.08034662148758676	-0.046654402704040615	-0.012836880828888855	-0.0554060199919997	0.1245706359582034	0.12473301611608183	-0.15800690577202156	0.0750374480189456	0.16293245759680924	0.019891567343588976	-0.10300530018028989	0.11145381975362026	0.019546316714853407	0.054128884555110196	-0.10569390592627123	0.0015643905554651519	0.03175247344507626	0.11803921865278727	0.11303132889313544	-0.052254618239724826	0.05209385886358891	0.09665975829569101	-0.0898603393413973	-0.0067064797843949114	0.051980178563309054	0.05242619470056833	-0.03427850985715589	-0.03531428867914222	-0.015925441601999418	0.0743916105869029	-0.0689296829998271	-0.017045839354083818	-0.050702644726017224
0.028348473125300106	-0.10876862048624068	-0.1889141990622517	-0.11490050917027574	0.003298779225858724	-0.004227195566014211	-0.04036079754155286	0.06738184249532586	0.06828993349836136	-0.03742784294269783	-0.0374391639296993	0.003748246234876187	0.005061982891117161	0.1659625013336313	-0.11835591265829572	0.06672966070658322	0.04027912166071528	0.08672780596938182	-0.06494070200176491	0.04374843974269126	0.009735440878038279	-0.017806001959428844	-0.09040766215077246	0.032137933134433534	0.0940073468523363	0.06046489796346782	-0.025213574726423625	0.009483048707739215	-0.008402494655025329	-0.029395628888977718	-0.02145978061879189	0.1258259631730924	0.0319167345390617	0.05213172637205677	0.03792095006559593	-0.019561130862311198	0.06159884785869143	0.05119646870284638	0.00960317097524067	0.024239977286957225	-0.03749811610842095
0.030096994483310237	-0.1022035785902375	-0.16405084396710629	-0.10425181966767767	0.034948852622143645	-0.03031182302344829	-0.09305184671323814	0.05770674571148047	0.02452557176192054	0.07738936520354169	-0.012104391931769412	0.020167571067838043	-0.0686755393454215	0.1383050993762608	-0.05229283311894229	0.04068744269484961	0.0028475810772242453	0.15519305221245983	-0.022157797920764825	0.020653620832694	0.07154256320857873	-0.006820441028428829	0.026758944989876337	0.10249654180770411	0.07333799418428884	0.02553063692164681	-0.025676875458100608	0.06238497109377136	-0.05878259933689984	-0.031721240204882525	0.13740041598808364	-0.03903820328018942	-0.0136185354919925	0.09038193498306993	-0.0001081509828714522	0.013481690914807679	-0.015974984607090004	0.006774304193050459	0.050881960213419286	-0.007348785188591174	-0.06265531213278179
0.025627696576421718	-0.1013803202185699	-0.10758443751384796	-0.09306248067326069	0.043732277408911724	-0.0476758709436119	-0.0938778842913191	-0.06513121415136296	0.009320996661511023	0.08982800529514552	0.01871329023392884	-0.03409585263465374	-0.17214728576535826	0.08027676006372345	-0.0003800551033154064	0.0049547190356190925	0.002949690020627064	0.13642388149450027	0.007910640041028634	0.01867891818578988	0.06712968745728773	-0.008281462352447935	0.004092108882461831	0.03169735811479241	0.06380854383170477	-0.04586173216221697	0.016323254173207145	0.1216201144614461	-0.00770447099217467	-0.0020307877510894416	0.019002400174990792	0.14112289842842043	-0.004866165959031546	0.05136036643957985	0.04433610012145754	-0.0026145893681311615	0.1172520029437008	0.058013173676846	0.09482557306170819	-0.06593228862890632	0.05637595461300336
0.01292627819563063	-0.10281466328346933	-0.03381403846858631	-0.07308378018185704	0.038706589823606766	-0.021461112524746574	-0.01148395050845405	-0.07735975129309679	0.03138354296526319	-0.05458600245620342	-0.025712186633713108	-0.07166970752453516	-0.17498024465140694	0.08942262488416325	0.053730555303478866	-0.03971658223041081	0.02569813279185509	0.14325912883866881	0.054089952679939456	-0.040334637053209055	0.012648943778718238	0.022357055737704346	0.04996164688144063	-0.03843313948881876	0.04818162053455978	-0.12807406084043277	0.06381528523101204	0.12291499795090752	-0.0428552599653882	-0.1310486454794116	0.06469050996597693	-0.05650772900650847	-0.05170811327040537	-0.02036138554850365	-0.03707563906015615	0.0839505834929219	-0.008692837413314114	-0.04998419644374155	0.057130349044023226	-0.05913451933807601	0.05659872779840761
0.004369275060216292	-0.11132292138488488	0.037177750177948846	-0.04200122248929372	0.0704981822180195	-0.017909968176744864	-0.02208307440707201	0.018472373132110597	-0.02092677004930189	-0.06977990202223096	-0.06710084981044376	0.06450515689138049	-0.13346390874108247	0.1452011602200194	0.09262129799458614	-0.08489153684604112	0.057664199276544564	0.08362237628939861	0.046540051243794955	-0.056584219178720925	0.03910652171734022	0.05737330109614258	0.03123749985605453	-0.06648160873914212	0.10461425016511589	-0.15718139359065197	0.005304175064876855	0.06290201044950226	-0.0011996477172401014	-0.08904791802098434	-0.052070427857677404	0.08835922337400065	-0.06928172245628696	-0.05539598660190183	-0.004176249870446	0.02902768476026779	0.04875301700813911	-0.024405343325301677	0.02367760972661597	-0.19895504276374926	0.04056120406023633
-0.010677036221075157	-0.1091597425657273	0.12252560024786838	-0.0077132654425494645	0.09954469556648927	-0.0013468843056156918	-0.0699235456235503	-0.03702050172861531	-0.07230106515877478	0.006017659474139861	0.011719215418248096	0.053564648199811396	-0.09482257324958217	0.13211121834974726	0.07426465140792655	-0.09945087092026697	0.08149571492363544	0.0011661030043951803	0.06906735776877064	0.03348700896225641	0.06816970076156506	0.052467818886980266	-0.004554937657470693	-0.058392719230157694	0.05218186541886792	-0.0496632816632969	0.05005089906419146	-0.03973369967288469	-0.032182777249543756	-0.03537401627389439	-0.01236345811057403	0.004511108853491142	-0.022655081130655355	-0.059577764681331	-0.026329917652212997	0.009650069514916457	-0.03963818539818611	0.006121404620711724	0.05250582558913836	-0.08455029477732512	0.1569168581014751
-0.01455407568282397	-0.11261890172779851	0.1496267968819435	0.039178337046791044	0.06019696492927055	0.033718476928511425	-0.013372382501004112	-0.054042300456015775	-0.025567710403537138	-0.13322892946370185	0.011990290061877684	-0.04083983348222067	-0.015794618274529784	0.1277923580860707	0.0216664539254215	-0.03413709940559427	0.0633264583169573	-0.0623496768680795	0.038130377752978784	-0.001952064142231662	0.029844662515316665	0.007893425047543983	0.0242043736930187	-0.05553811035954677	-0.026478705498332783	-0.14976631037505128	0.018521746455584326	-0.044123774152118975	0.03981264346384418	-0.09619119443615856	0.030630471556665546	-0.10146852078907531	-0.02100132080362567	-0.051331503302725824	-0.040090792958731435	-0.005628440007856443	0.031157032214636476	-0.026989447330405394	0.04560908032417707	0.03676822911035924	0.11671517190526776
-0.014842248601637851	-0.11212536693170104	0.15333928087802728	0.04611622088666994	0.07871593206851109	0.03942636602039929	-0.0720859880501122	0.03777293582569407	-0.011659045702154171	-0.06625934419564986	-0.02953162620076899	0.0426571280240996	0.07271239097337251	0.10025759601657025	0.07142028841939559	-0.038600065002797175	0.09469631679110076	-0.06052190097673892	-0.024023875116046044	-0.035853351312627485	0.06380413937430011	-0.012629711741886276	0.03708823161011602	0.06518437067133405	-0.043803918915075596	-0.13510928324774465	-0.0170705354033273	-0.06187243671690639	0.06438569887008892	-0.0998323926808404	-0.07126643196949278	-0.019508551136553635	-0.0030352840968381964	-0.10452427912114678	-0.0003685193561024404	0.0015204700359245926	-0.014428941612053856	0.07193628370343486	0.022246232718355116	0.03579327642109151	0.02413542214226643
-0.009178728305344198	-0.11942480050555868	0.14490796872878006	0.04749252391085919	0.074380941665372	0.00891242385304318	-0.08215117483195114	-0.033991400313462775	-0.024919882863695217	0.006397312540714267	0.0840733870819131	-0.021332738679155444	0.08837349525794533	0.05179621786318884	0.0580554054222492	-0.046968966077543736	0.03319463500205742	-0.06382305739475008	-0.05148105234697467	0.02677028766656704	0.04413308908480969	0.06157609502814089	-0.0013171263058704766	0.08038653485256045	-0.08582742338441747	-0.021336085088059002	0.05680706425782584	-0.10326760499505838	0.020849320218551844	0.0011035772395215256	-0.01651077552037683	0.07698653572545716	0.040354756518923326	-0.08613724920390053	-0.06763534986817932	-0.11576055168057056	0.012103030032931828	0.0692722305897763	0.050346911500654054	0.04914834215026308	0.06499060094147888
-0.01046814973445306	-0.12095612584030711	0.13014855456166352	0.06415557943768022	0.04385324872359025	0.021039896091769164	-0.02194267722344478	-0.06146047529553893	0.012123027910565257	-0.07375810435745044	0.07238173231088599	-0.10478065996840792	0.08305166783173525	-0.005713419075322319	-0.01647130435636774	0.01839510553332871	0.03138307636932917	-0.023058802155558816	-0.06382636476791148	0.005945786112177814	0.03725152975515631	-0.0005259329467715637	0.012265810814815578	0.0067763687407702685	-0.07378913479321401	-0.06525446505386577	0.02425078386478837	-0.02208712486204466	0.09707196383409754	-0.031742351265892296	0.002245369559027507	0.01217903380896769	-0.04193554259937206	-0.038783091106917134	0.004169837173651514	-0.04767940792862299	-0.050755367188553405	-0.006049268310792791	-0.08361059837825323	0.03637777060845609	0.0909830538352414
-0.014371755873865633	-0.1210508011031726	0.09291263619833379	0.056266680265204594	0.01899630067151896	0.023424098065680257	-0.024326039405022776	0.052076912398586084	0.05096665633699186	-0.09322419366621695	-0.014954175752903209	-0.04233480430378657	0.05304551867828445	0.009661890684421737	-0.048696684732753896	0.05533722782574792	0.07274561495667982	-0.02154772856032669	-0.03579726256790226	-0.044807967659793994	-0.028196928750308565	-0.0249025841822417	-0.0016520134676225474	0.06008551589721052	-0.01696575459343891	-0.1218699563437207	0.09867892690009199	-0.057841066406817604	0.06424483558929764	0.04028428036034009	-0.007447351448345282	0.027388362485243303	0.05475377435597186	-0.03283325287626703	-0.03657426371332752	-0.10975321624344371	-0.0058309910388346445	0.09687289373683602	0.001153128884342887	0.024954300977447122	0.0222316987373211
-0.008696042752828793	-0.12007927160560951	0.05693698913135679	0.0334390450462179	0.07389196915504172	0.016637955520221445	-0.05755004906587754	0.09816695071006133	0.0105982382535077	0.005944407943066796	-0.004040333795212627	-0.00046728377760633493	0.04602901665848649	0.011517027799354863	0.016740880213945535	0.03658822415421245	0.09462046810067545	0.07408621539355317	-0.0015081428164630591	-0.06820356584047821	-0.03031425463740256	0.025570537157787152	-0.01748509945495877	0.06669933791916745	-0.08911070936336263	-0.009096608427646844	0.029954904025623355	-0.04270776150805325	0.019341158555951705	-0.004879811997266316	-0.0016202407363719445	0.04485931236749324	0.006097813462603019	0.01489542262434617	-0.01672303260242542	-0.005275511962115684	-0.0491169437576018	0.0019825223289432273	-0.10938659138123731	0.11392530858785613	-0.02422297887956714
-0.00110909439290044	-0.12338904831537802	0.05879005024008212	0.030487590530555633	0.07451784116710145	0.03313637261710046	-0.06271814684019869	0.023694971399510125	-0.030828945174289222	0.08685286719769579	0.038959641110359475	-0.011364908550092426	-0.028255459157570027	0.04115863781498283	-0.0020754889731364893	0.03847128264409746	0.09726339331467666	0.0937163314069581	0.019823949987863795	-0.027942614999465425	-0.03926466814260312	0.09001766776002632	-0.04220894903497819	0.040502594147594585	-0.01994460031153243	0.07609076548905315	0.09716521946199114	-0.03053556981215432	0.010393099388524153	0.02952536826097526	0.03411558541921785	0.03694936547100497	0.020360960303802668	0.008803236250295872	0.033014317457614545	-0.047406941334608266	0.004461638637403606	0.04952907638929735	-0.015432395345525301	0.08283696939937678	0.01975456367840349
-0.0013542087145894087	-0.12696518735198645	0.06768719914115716	0.0562044733758473	0.053356510633751054	0.023971880384346465	-0.028263548450176968	-0.040285210991896886	-0.03777048748091823	0.048925603803911005	0.054765125229937046	-0.08800941261771356	-0.05134659369731378	0.08890854934123775	-0.04832412221580025	0.08670015893878447	0.07686139761974556	0.05265827867628155	0.08082318893718778	-0.011005013707944659	-0.04057470145318296	0.058193823646751325	0.015446246033658226	-0.00789203509346571	-0.03903489137521964	0.06340708465626718	0.03904960171989211	0.019850612497093523	-0.005818500760287514	-0.04533003927633744	0.06443258856772656	0.1092525815605306	0.005242933144523563	-0.015112360396033071	0.09221681450379651	-0.022385227032761315	0.050811790926009834	-0.03442813658667958	-0.056099193119840865	0.04358994542263013	-0.05360957425482253
0.0025908977624107174	-0.12404127378903762	0.0455493144818863	0.06124799019107053	0.03040904044088034	0.004661779286661729	0.015511406690875687	-0.024164492805896897	-0.023984863543668154	-0.03334950884203613	0.05522848773108154	-0.06516029940700396	-0.0604034330131043	0.15699518255110587	-0.08694498648849104	0.10857120526020289	0.05262271284127319	0.01314128087775167	0.10424023717719386	-0.039391240298685556	0.004197744660259371	0.04451246151957865	0.06539758177754128	-0.023229704590298734	0.000832228259839498	0.036876806451962396	0.043459448428610645	-0.0372221151480969	-0.0790286119894203	-0.0031208945356223754	0.13056410788877665	0.04186276055656707	0.014593456621640558	0.04306639349216685	-0.03469323155619152	0.025888909773858756	0.003948677539764765	-0.07051048878960509	-0.1077393467429055	-0.008875030312724965	0.004087428376686745
0.0007431179737289867	-0.11406235116548649	0.022505930423548936	0.08458903217314709	0.0198727780096331	-0.025986966625217666	0.035394295579608576	0.055090560298400426	0.015806072734119193	-0.06807635817394977	0.03026652717625996	-0.04330513806460553	-0.055148741403043586	0.15293487746585704	-0.03945763485703283	0.0704016894107151	0.001284573837611616	0.046470198305460064	0.08623449617135424	-0.03892895274272105	0.060248314252464824	0.001129706056597457	0.04788370836250714	-0.016844935311626057	0.010575495568762736	-0.003103766821181117	-0.0039407584889433744	0.0008038926702629706	-0.017124290005838087	0.057589473731071164	0.14280797307009982	-0.04510232582078588	-0.021585787276286295	-0.04753792512990551	0.05829905689060232	-0.03857885445856256	0.08851678619876822	0.019301002917709687	0.04197290062365354	-0.04897879782052627	0.012035057665232756
0.0013143541697184862	-0.10785389792743878	0.038669396067399164	0.05342471128522859	0.043679538965304104	0.006018589093571467	-0.029734807649842068	0.09749465525923273	-0.010645025651651333	-0.02547502518034274	-0.016927381396636368	0.023558991152748846	-0.04743379741858285	0.1050892644292369	-0.013357610025145137	0.08064297524117878	0.062083912919074065	0.06002524319605561	0.07221812033860191	-0.06387279171055789	0.06796105001583151	-0.07131727649084812	0.03713214453589497	0.04390484995717021	0.007554235575415347	-0.06160946674137768	-0.06496931771225198	0.03677927343106063	0.03162356545716737	0.007939121671862589	0.04274614416580824	-0.018843972284514794	-0.05387527676943353	-0.02815760297098386	0.04271772303362967	-0.03696541200042334	0.027825034954468628	-0.05710519948606684	-0.015702200133494652	0.0035388046597171	-0.07402378953236051
0.007288599580727981	-0.10414720921436202	0.009388394142479427	0.04017511969336098	0.06296036631030853	-0.00246805271206865	-0.08588530736081494	0.059859399794599595	-0.02043736871373999	0.06417685647363448	0.06055649333652188	0.012012456810732229	-0.03920799560912622	0.03135727544284163	0.018546722944572113	0.10076811811304515	0.033990666152205494	0.05485097443519989	0.09810852182399377	-0.06815591607382332	0.04757111102543022	-0.041692510337917627	-0.018130713114728456	0.0968317034641838	0.0018138112688169186	0.038480865396119474	-0.04861147091149903	-0.01936742296676246	-0.04643625945540604	0.11331449176347416	0.06467657348234918	-0.030282390082681056	-0.003801308813509204	0.018824285199809835	0.023962702306102243	-0.058679828148367696	-0.060836715496692235	-0.08059190230177665	0.014847006721050672	0.08778492287968229	-0.05464433876488299
0.005990572620561073	-0.106965650570933	-0.035317143519492084	0.018519144029139185	0.07026427410485203	0.004011667176695881	-0.058193403161627154	-0.018092562291752188	-0.012262675502436177	0.040413136936584895	0.11067846127964866	-0.07621051334862709	-0.10969864102773759	-0.05483918343542092	0.002585330758431625	0.08273364263896624	0.002757785272076268	0.07869163985964728	0.09246670355053012	-0.061152358464091464	-0.042304882031174815	-0.023215098569525743	-0.05168380145381869	0.04802245071698666	-0.02538534648330983	0.07384678064871751	-0.09869490185768964	-0.048779065017492844	-0.00013381108419733764	0.02418457314504778	-0.04438128759103865	0.039906539691618184	-0.02102471194792415	-0.034670403529985835	0.13607280898049645	-0.05469745498961849	0.013911113509866384	-0.06713393432391948	0.02470293473866239	0.04170981485270246	-0.014914707137060619
0.002821031930561547	-0.12051558157606704	-0.030106499120516484	0.03937712010856234	0.055329171209159644	0.006189038577359599	-0.012003524604695616	-0.015031797524902578	0.004696687335031669	-0.04309108844728544	0.06942122441284562	-0.1212083521296124	-0.12986704730171952	-0.02101646318668017	0.0032941344769067534	0.02441331173476253	-0.004909454189242254	0.1012105133384431	0.08556401782669724	-0.04305259063457938	-0.0675307173874691	-0.01439093586145021	0.03393195382477544	-0.016595300776908718	-0.024447372475246677	0.10414319196065752	-0.1111517907618857	-0.04685358268858371	0.01524905225985292	-0.01602339446402129	0.055270671072482784	-0.13610192224955622	-0.06010325217645253	0.023079807790123825	0.03014778252493497	-0.02279134120138334	-0.08140945706488735	-0.0919058114537126	-0.007833245560301648	0.07707140471272626	-0.0701969649287351
-0.004167592605865891	-0.12575210621549457	-0.007998133273095238	0.05346765744122424	0.03829338403966044	-0.010866928353876605	0.0194355262255163	0.03912168763180358	0.039639953181288434	-0.11740698567004881	0.04957437638832552	-0.07312538416018219	-0.08248398599914192	0.00886139654083234	-0.005169289684079297	0.05792933633074808	-0.025132258315212683	0.052121992601047495	0.06227419138519385	-0.004555255577469191	-0.01456325603109149	-0.02208184262653228	-0.07363143317755551	-0.08167491326792217	-0.006338889375540631	0.10387628119244767	-0.12546911762887702	-0.06943521001180275	0.02752623520141035	0.08092084985336194	0.062238178338663616	0.021869754662767443	0.015370092175623604	0.10902000756224964	0.1276452105423534	0.0168240682052085	-0.04400857623368334	0.06538898740769658	0.025149596565361927	0.008407255222767036	0.08085650829531502
-0.02594466210490418	-0.09821757326340297	0.0054609185908554405	0.04835935899868956	0.0452788906453242	-0.0027340835046189386	0.036388394799690436	0.09999483345460813	0.003381022436643739	-0.07504137531863181	-0.005366208437793906	0.022317131235123938	-0.04076488826806168	-0.07925775029741444	-0.05619600344590094	-0.034250118798691005	-0.006043588259429343	0.027872984060179868	0.029278077005381053	-0.002217883286087456	-0.14985742807889801	0.006656772374696952	-0.03484773772577585	0.013411771219392549	0.024468364020814225	0.04589621957503275	-0.05576131862211042	-0.11006370945518282	0.12502107952084107	-0.004389094758821099	-0.044360833440432165	-0.04732081957857692	0.1262089194657462	0.05649768257823953	0.009201572427367036	-0.023845963754984652	0.04319184247487697	-0.010935752144585063	0.03112907238376978	0.1388234871560077	-0.053176864313968925
-0.02874980848348328	-0.09043999105090784	-0.0011022378577726216	0.08246043634641945	0.03843523171425896	-0.02817578107778862	0.01832085637080661	0.11636840713828445	0.03898243200525261	-0.06017668977559795	0.023068188178560135	0.05761268739246264	0.02146473887907118	-0.024785577414157836	-0.06853563814184288	0.00030740598935924136	-0.03491267949248603	-0.05791631085293614	0.05097630426888321	0.04606145719670041	-0.1182258096112141	-0.05629179029296264	0.01612769754958367	-0.04537729621115946	-0.0407592688387602	0.06888075988181086	-0.07783195334054062	-0.03864081108032426	0.059069337137202624	-0.015234449935236725	0.023928631597304937	-0.0018485000034564026	0.049335406221870076	0.0025978413688158824	0.09339128853348945	0.06711879482523689	-0.04133410971546378	-0.016043401597611074	0.009564890038921574	0.10352058329270722	-0.043901937331343475
-0.03786288282828192	-0.09139480521152772	-0.02977840599646483	0.08507912510670079	0.06268414512850275	-0.013542269811064205	0.010796694220502785	0.1282780402893676	0.024285107327163817	-0.022623994771441617	0.021899085173860473	0.05968821067121486	0.01358560347333166	-0.03021874197538553	-0.0656992704080067	-0.03040220204967625	-0.04014156239723535	-0.05240931500312394	-0.0039011202100823	0.03852535167918772	-0.09536206866218094	-0.08683532079919724	0.015464776486223793	-0.04755733569287855	-0.05162558961175919	-0.015890363089455073	-0.07256313500637548	0.01711449357266603	0.04866277765159654	0.0051769393601621624	-0.006957174310421893	0.0090954021953049	0.010685666799462848	-0.05609389057032098	0.02216534193201615	0.12020094739942068	-0.013985359973965682	0.01727162277656069	-0.030890703829788008	0.11144043325759544	-0.02982516320790915
-0.042453936256659434	-0.10472037831790273	-0.050948921708157215	0.0746133542320847	0.06554929677297903	-0.008904717766200424	-0.0324214996397346	0.11179206831065569	0.01179255097733295	0.03937945954223822	0.01230815904272016	0.02788888612353733	0.028482686197395555	-0.04174896384730103	-0.029391964407956318	-0.0066391369372879325	0.0007554670305595282	0.008505772097438255	-0.04789344670341093	0.0021344960014373438	-0.03394023134137804	-0.07937087006335837	0.025484494641294434	0.016041169686481758	-0.037900095309523686	-0.042319361051197546	-0.09826900494534094	0.007422741302516234	0.0077644888218232275	-0.02132092174869875	-0.034248096901840636	-0.08467421931188185	-0.0342984641989986	0.005300975688697222	0.009475536801322376	0.0633681566382229	-0.05295978360029478	-0.047889410309738215	0.03641576765796497	0.06333799635173035	0.026759300078790692
-0.04076010542790572	-0.10222038103546767	-0.04066989301551549	0.05805944392424106	0.09046363759473341	-0.014125765417300753	-0.07159774575266117	0.04377450668855735	0.005712204629106919	0.08999312357050343	0.0069496159106200335	0.016958181966226882	-0.016233699937870234	-0.033570728319179705	0.02616428240672714	-0.041992496401397926	0.0074960783608849476	0.020352345854149086	-0.057626836154023975	-0.008570383878388488	-0.03674140459310543	-0.021338704183713877	-0.05815411814484399	0.002830571167041447	-0.05725963556369509	-0.07642014108410279	-0.008701933345490201	0.022340280906602217	-0.0005518122141390889	0.10781605552896684	-0.0029140420436830836	-0.008509781569524845	0.04796249712095993	0.04712340284352041	-0.08217215040301913	0.001397190752464375	-0.10276075246733773	0.0013523771812574623	-0.004925780895905552	0.03771936913365245	0.0371057024825623
-0.05001801113518036	-0.10649981806356554	-0.01411374966300953	0.08179611597412607	0.08941406909532605	-0.019427355287926145	-0.05144094384833487	-0.006445779504674929	-0.02968230568593611	0.09182839824647868	0.04841658291062275	-0.01777506383433907	-0.009194932066909174	-0.033119468729053345	0.03544392223472925	-0.0836756085614006	0.015057630319391483	0.003054335764201707	-0.07852472109286285	-0.017092376413586893	-0.0175718757027117	0.04638425953604784	-0.03824428798575838	-0.008210388453238408	-0.05263409539320761	0.006858887918163695	-0.02595130347823881	0.020235855091592807	0.023292885262025685	0.11642644551514711	-0.005529753361669443	0.043074512133536746	0.04830408672349978	-0.009719040076228452	-0.10723023813475324	-0.022585856820903853	-0.04497842402268161	-0.0030916157602195946	0.08570191722212758	-0.0365171110928733	0.10930792431628258
-0.04950204139791994	-0.09557784136673984	-0.006898563315657316	0.10571254639737267	0.06965094741337402	-0.015004005953871455	0.006347495207125031	-0.05754682417211212	-0.026568262759704343	0.043053791031877786	0.09567927175092555	-0.07617342715134885	0.050111210982228566	-0.0738565040811331	-0.009424054434243535	0.005979749957683108	0.018443350618637472	-0.04347292910141243	-0.07171672598604655	-0.003817821877181996	-0.061019200301195196	0.05183399616612202	-0.0531202744207442	-0.008718273827129197	-0.023485809832508385	0.02100829229574953	-0.081455708112535	0.09589500074037416	0.0013892133728653881	-0.021106329101732452	-0.05440757587370529	0.05946106599055523	-0.048563699745421365	-0.10695883600629243	-0.02674293475918547	0.014238562107358573	0.0008808457313131228	-0.0851428145666154	0.006228666118342729	-0.035629555845927904	0.03171122757218791
-0.05038364774457745	-0.09202845456053789	-0.06850265139197549	0.09859135175300292	0.06021198518216918	-0.012223403656068969	0.045545907417259	-0.014651600980143228	-0.009478972616834506	-0.07006148809837029	0.03689511762123146	-0.036525959485758264	0.07877937330097724	-0.03907676128983528	0.0031581815377878216	0.05148405124633049	-0.002840813028286023	-0.08678740889029989	-0.011274757128142658	-0.06475250541219545	-0.06550368669746005	0.05404925753798277	-0.09321661969042633	-0.07898454904396493	0.00709099387244886	-4.771724538610994e-05	0.013824175859552507	0.0052685374941790816	-0.13841869260311274	0.04174686942682347	-0.011777069110330912	-0.03711297638203358	-0.0641526369815057	0.013431928918371968	-0.15073869026737152	0.04394208117007484	-0.003241491889907038	-0.023952012129447732	0.0784397514264004	0.007057509316307007	0.018389838817554502
-0.05906677691180537	-0.08805666279878022	-0.0780895210266936	0.051579203942072015	0.09040811862110133	0.01846057251929454	0.005625209220638642	0.03184085404051503	-0.01906405255564993	-0.04256936453970337	-0.08531645676839576	0.054925878042052685	0.019294121125427367	-0.04166597820856835	0.043777314154023965	-0.023877394357344702	0.011469651223044292	-0.08516664551672654	-0.04968344100077422	-0.0935400704157937	-0.09290250166376698	-0.002119338127852661	-0.06416891638540541	-0.04104479235447879	0.048035281671908396	-0.053325834546037704	-0.08315886456433853	-0.018096023189335897	-0.06295746044643194	-0.02702405425829444	-0.13303345825545373	0.07423472607735944	-0.08843089013565263	-0.01380958993335138	-0.017290930887681345	0.05096523107957396	0.0640195438235884	0.00666262043803454	0.06012655425513055	-0.05865217951012043	-0.024940061131774705
-0.06421993704622156	-0.08143878913863237	-0.04536885376887838	0.06328366262322355	0.10196981689084544	0.047471422501842046	-0.06857302570080748	-0.004758298374343786	-0.06737851359362779	0.04871672313428765	-0.08954704403305835	0.07120698403169703	0.009016655053397719	-0.04135851204038089	0.058433104945944524	-0.09131168509797596	0.022933950655825677	-0.08193577389575116	-0.08758553464310259	-0.030009894550245268	-0.0393701520264457	-0.03408627044255998	-0.031212268340770344	-0.04452729072331446	0.014687524805230699	-0.014453089774418467	-0.062110862549440954	-0.02742907710292898	-0.11226596857142299	0.01628376648968928	-0.025217395838688997	-0.061348622549510096	-0.13402997479660397	0.04361792321796381	-0.0749986962974333	0.03772173910485985	-0.07003548300870031	-0.039013812540759245	-0.002100696631507505	-0.07782129291240342	-0.06169995652177744
-0.06509886140496474	-0.08651439889064198	-0.012382414172257949	0.07416250635531073	0.09494450827689142	0.034998205680454364	-0.08149432366554202	-0.045564839396654525	-0.06086930639333492	0.08467191291637335	-0.01882023971777208	0.030918843713297894	0.007356989815078009	-0.06690849894375347	0.022987643194720124	-0.02955715010743797	0.005302545295799546	-0.1374524084109459	-0.057691392613806944	0.035438858870249855	0.025788932401456702	-0.02134762426608212	-0.10457348365738361	-0.03505143571101721	0.034545714068869	0.0018299963847031927	-0.05582708977715498	0.0464203110938267	-0.05180349328230987	0.1011224795812451	-0.007763456035712232	-0.02702803753197857	-0.03815906001512037	0.021524864787579878	-0.09643077837167273	-0.01255674463939176	-0.01550562827460548	0.015124787903605903	0.11157271575285785	-0.029514028512581312	0.002936168080764329
-0.061104140605172774	-0.07573588042708643	-0.03785544240186109	0.06842994392043145	0.07479478231070609	0.03600946935467625	-0.05562070153327836	-0.09423413637718694	-0.03794831316643364	0.07130497181545764	-0.001906330995673745	-0.06072565320229528	-0.022494291362269554	-0.14756692581952793	-0.0419377494755158	0.04271233654495331	0.014773351067329254	-0.12714090433934977	-0.05776330952534971	-0.003775436470183136	-0.004126483538876768	-0.044818058167352855	-0.06530210119836403	0.0303687661833167	0.02746050344568137	-0.06097023730124262	-0.09011539879161821	0.0547275073911801	0.03649541397078205	0.002502514353567192	-0.05198305507168713	0.042234332851664724	-0.0013380468266744258	-0.00766052213144118	-0.044124442657781426	-0.007474712397464545	-0.024073502530989742	-0.006140943506847769	0.08095133402802338	-0.07070966918223551	-0.025104789877751752
-0.061441132178024965	-0.06385594985370606	-0.052810611497104025	0.08627492788158818	0.054121280869472835	-0.012478660463438243	0.0033020509673515577	-0.0903498999271595	0.027982619643385182	0.01942637022058006	0.036668108803253364	-0.054013867804796	-0.027153386508245465	-0.13971424335335847	-0.03729675045261278	-0.03957804829610872	-0.025363293060383853	-0.07605219789819025	-0.0401440009823622	0.0720209771833461	-0.08172096227766136	-0.05297138480183096	0.011674846818728414	0.020699762421795085	0.011800450606230854	-0.0031298368358623693	-0.11602725710166939	0.08451148094803043	0.017198775882817825	-0.04709874604866282	0.006331356946066796	0.010036409983517122	0.058308829539448034	0.05002412100968043	0.00536280742813971	0.06873793883684377	-0.07638011060023549	-0.050141029863188524	0.013121388134691497	-0.09183383539799529	0.03204329709676487
-0.06127980883149803	-0.05457612343622079	-0.05151232323360403	0.13136775331327782	0.00824413435825521	-0.012634627554720522	0.018608454524576535	-0.0661541425627251	0.04078395669840918	-0.034341355942386	0.022275678815343748	-0.03691493050104546	0.031214975366184554	-0.14496885388988381	-0.038224695105852975	-0.0403781669631836	0.057953909177976264	-0.042696482043910106	-0.04481382745294881	0.028099294558717812	-0.060543436129110915	-0.08560155910827637	0.0002614146760357948	0.016671547046057483	0.00882066222477913	-0.002470495072675582	0.015112848762631059	0.047049739876959804	-0.014794438773026355	0.03517668105847993	-0.049728042772998374	-0.09999764897652483	0.009227964215593958	0.03940352909807955	0.020933259032617606	0.11882930467738452	0.01891870060289764	-0.0322236848706822	0.024865942138105994	-0.09588745517506109	0.027711983888014224
-0.05621604410708928	-0.058072530449908934	-0.09468712079633751	0.11802364285835029	0.01595252127785848	-0.02106379909520954	0.041557684074732364	-0.014953451600602078	0.037104562070479824	-0.06743183500123294	0.014302275429409384	-0.004195907187969689	0.07545654963563503	-0.12888262500397182	0.007107586189578062	0.0030938592730663447	0.041439591818323795	-0.04482621433946459	-0.011421451926661528	0.002993744472315135	-0.09054610918149016	0.007218243263687179	-0.004826125189893612	0.01977907456722008	0.004194777509480205	0.05256343884934026	0.06257726880909198	0.00843429321543833	-0.13192266929335306	0.09134540639502026	-0.030311690686875663	-0.04751811688488118	0.014456294852591466	-0.027225358257049515	0.006907927469213022	0.031960116198263964	0.03733781287534867	0.008008642357929762	0.08883488949228815	-0.11066160972725299	-0.038447835255102876
-0.05342375781038261	-0.05197228602040986	-0.1385015671792905	0.11609806924226729	0.0006337789371618728	-0.043584001111946616	0.039314801181063515	0.0046751738240695334	0.030335492783951243	-0.05871038494032813	-0.013020526900840152	0.04815395398164059	0.07042776846578758	-0.10463284714492539	0.036293054322632225	-0.037782723876369134	-0.006622653266022091	0.009149050898648935	0.005466872555136396	0.014176152837885207	-0.06618573702757358	0.04606387635367287	0.005293674527686684	-0.005940215770405799	-0.031140873680806945	0.08184046108934162	0.06798943127804424	0.04122388961689816	-0.1396039734417302	-0.00661991343345986	-0.031228744070237333	-0.02858037138417182	0.0063536092655851195	-0.0790615253090687	0.031211073181422105	0.015063343675194914	0.14081355957362435	-0.03652145987610586	0.1419580847337128	-0.07933698090639624	0.01105611080038299
-0.05520088190509938	-0.046820992966079486	-0.11154848363628403	0.11011775332000263	-0.002222880754189596	-0.034562521266526605	0.018141791562233823	-0.01095396284090648	0.019302707888562365	-0.0507398924444886	-0.0647390208760146	0.05592309636230545	0.06808106782677956	-0.09089608218015184	0.052479660485563843	-0.08259497441086892	0.024340060297375416	0.04535814603971537	-0.004351657991245213	0.010155194220833528	-0.03695283411754474	-0.0017790848743971053	-0.019582583812890485	-0.0400924620133838	-0.09941595024042504	0.09417681516396367	0.10652139826164456	0.10736581919826733	-0.03822900854733503	-0.0887616910274266	-0.06163853517609271	-0.04679670038974623	0.02000331826248627	-0.10274206675351746	0.01835470319753061	0.029648327161634146	0.17257557191440218	0.0065039635242145274	0.12168984881188316	-0.07068587686726395	0.028595591825363482
0.02578562087455891	-0.013704184849871468	-0.036420557361772736	0.04389938238322096	-0.14267161837385464	-0.14985082660089633	-0.1932718136416931	0.00247872989226225	0.029026232138376774	-0.05116058405673325	-0.4126753451112489	-0.1892175065667216	0.11447074464814291	-0.08020602603770265	0.04866616739395403	0.07430236133625337	0.07797719835060905	-0.007043492653246469	0.24544678560036806	0.04027580646043809	0.1513792051321912	-0.23044708621164217	-0.24615659995698114	-0.19323895201444333	-0.13837151372085119	0.17264551258673277	0.10214722645875578	0.16639902158017883	-0.09377996560736652	-0.20835468275381333	-0.030066510860746923	-0.08162563987579807	-0.0024684295134979398	-0.05790314596729135	0.14966644988549055	-0.18311405099947103	-0.06532821662844235	0.008834950056423513	-0.04579630494165848	0.05974176232101287	0.11756339946221
0.13919685701487824	0.004412994315940938	-0.040653130274591276	-0.013740457466782811	-0.1995816050505661	0.15074208009243534	-0.022894621648494012	-0.030622126165970983	-0.2470920121977734	-0.11487635638137118	-0.008153613506645225	0.12206248505481032	-0.1594079599649654	-0.023194881213031232	0.091292691017395	-0.003721512959827536	0.17769928545371108	-0.02263231283716087	-0.36532269579130594	-0.1322910972181263	-0.1895850601948672	-0.3501308109319141	0.021402863512629988	-0.08673172867291493	0.20453305804215302	0.23717444756221223	0.14687476303725377	-0.08267166934022488	0.16906468628080124	-0.01126881806360732	0.29544277584807555	0.07726160883880318	0.03501413734810275	-0.20845091559742063	-0.07517446585902901	-0.06600940155789768	0.04157771570669872	-0.16934634865236725	0.07431667699777877	-0.002727323287892061	0.010621948426368454
0.11531343732761219	0.0286130211009924	-0.034696724607443226	-0.026812402316571733	-0.04106494572878357	0.1688134721892634	0.01961962712966552	-0.08412425328611893	-0.08327936924991376	-0.11390301196782023	-0.030887516819350522	0.09536592685651751	-0.007474183954270881	-0.05975270667710203	0.18160673640802133	0.20616479573215618	0.1099656357719191	-0.17746032291986563	0.10203501203695033	0.17504370125363147	-0.015818575931061035	-0.0226083505346427	0.03280252627129153	-0.012011511618076745	-0.07401283732606076	-0.03271349870171264	-0.11137510159219527	0.02873022322392553	-0.08504987033850574	0.03831546984611651	0.08988358261721899	0.04999294359724811	0.028925709735379043	0.06027189221858001	-0.006379393947430079	-0.07748204686435303	-0.10658107396943685	0.026313497024514736	-0.05453708746956258	0.028420945221850135	0.20214801114904224
0.11335666596801665	0.03857683273232959	-0.10944284544237762	-0.09577976245788479	0.002945332311929884	0.0897095496449995	0.009046679357028253	-0.09952685435897184	-0.013354217012679357	-0.06808404693392867	-0.04847762644940742	0.06912339434052422	-0.024830724887420927	-0.03925407361170553	0.07766386532951937	0.10452645089388536	0.09071858366766523	-0.14033244292824404	0.06315929715292364	-0.00977089306339879	-0.03210439468060676	-0.012692104979114731	0.05494434950606966	0.0450626013663133	-0.08474452610913663	-0.06917027983492553	-0.06752304393059921	-0.20975063574113056	-0.22271064723800588	-0.05879216156426027	-0.003983794700180263	0.029154234730300425	0.03858315853151823	-0.0002356757808856958	-0.03887600574515159	0.01981432613886143	-0.05440885903402339	0.12337081814003327	0.04568001840665051	0.10087400637534054	0.0878630261036297
0.09455641225447083	0.02816452448380589	-0.05613889054737135	-0.07173421651996843	0.01220990888957457	0.0867976085923794	-0.012087139649940562	-0.13945479362752894	0.015361350269957275	-0.05683035366511943	-0.07657570105373976	0.01576716259334215	-0.08455816622807326	0.014296213569117257	0.0811598021706687	-0.18448565504688016	0.06961756833847764	-0.039296121360649146	-0.015954461512824994	0.1231297026026973	0.04583136001314028	0.01609137167931598	0.15479992118871447	0.0818481983041611	-0.08331203674224362	0.026741054011871386	-0.11599513056360644	-0.13011091622659868	-0.02206289285959624	-0.15242148024379246	0.020744336241882367	-0.09690344027698315	-0.02821274385013216	-0.07337838593507433	-0.004257823640336944	0.0772999143695383	-0.009573430072063866	0.10658552115349475	0.05946631354188233	0.0513666381090526	-0.055050719024407585
0.08602473593915723	0.026212099212344676	0.01177461201219752	-0.012234495406093946	0.008463535636323535	0.05631708630112207	0.03292772090344537	-0.1055568744807061	0.04895341528460996	-0.06466307905985604	-0.022559436284173676	-0.05342395980984215	0.08690928344956703	0.06693898955921058	-0.024953473919221942	-0.06294985631358305	0.09619463714977783	-0.07383466668626501	-0.1056436761711066	0.1623322368702911	0.21007268314351207	0.12451421747005686	0.10345761253386454	0.027274107320794792	-0.058568659307573434	0.07377175609535841	-0.1369432755104935	-0.042279807608345404	0.055694378955917535	-0.0012309095420006588	0.06614634258698342	-0.07927110727328515	-0.08157285511848532	-0.14519869471397268	-0.026840314234777368	0.03520638952269691	0.020606493689955593	0.048743427279094455	-0.047300454715155864	-0.08757668009563338	0.024792798502610444
0.081800356195937	0.012153799677003732	0.00046248245282059754	-0.06436593645503419	-0.0036137722516856614	0.03553897729212885	0.04546124554899174	-0.024417856120367256	0.07005542777130927	-0.08935723501659577	-0.08731935293196626	-0.039068907693190436	0.046891051959333144	0.017410291607507882	-0.1066853985577303	0.07569980133071866	0.07945188400711903	-0.07702740524095389	-0.10925119407888223	0.034435873117508745	0.18619661709225824	0.05801346548497034	-0.08791641731453037	0.038195094548373575	-0.008184354991525297	-0.00706368425569184	-0.05645764413258145	-0.021385499655355772	0.013458382784975824	0.12115912729317783	0.05848540243530749	0.05910721133781249	0.039841300295972645	-0.06491811829605891	-0.0987318811845039	0.022646489263060135	0.06596897794703172	0.13276072073825768	0.04972880966535102	0.03920545335277094	0.07016105703226616
0.07245779128726709	0.013838196506536119	-0.04536396643735032	-0.06806330520320764	0.01795032403455239	0.044857185219743446	0.005646480197593296	0.060243386587302356	0.07485645414098309	-0.019833992251275332	-0.08813426981913765	0.018711055107330378	0.004351117641592889	-0.08763403756884383	-0.058088496885379974	0.05436745801433704	0.04771223831596104	0.03367634406836581	-0.10454555060069202	-0.027566773936575348	0.15808203752855426	0.04540786127104894	-0.009193438938897094	0.17637221197463052	0.04095910017702083	0.026856832983875194	-0.17831817999867525	0.0008111110530526211	-0.022699775169461943	0.017474171047402204	0.07749769828151398	0.044755077034744614	-0.028246280436757754	-0.06812655593566472	-0.04582049347444576	-0.0016808003944036067	0.017588004980865726	0.00976042685759488	0.03156500288356666	0.09273834401336124	-0.053173457486011766
0.06607582440179591	0.02032905338374129	-0.033792475481695804	-0.06304141758429099	0.06432921484742857	0.04655129637677127	-0.029675736441694172	-0.00034028759760092577	0.026027445008399396	0.08837229338272955	-0.06603586872452612	0.03405154400405626	-0.0801869285565485	-0.1399006601139133	-0.021826706384172084	-0.037754708168015315	0.07212762285177667	0.057721751239755106	-0.01808468694457796	0.023129606258639402	0.10116996961823557	0.10332640419482333	-0.04680985975337691	0.11624217615784581	0.012992802914340578	0.1016191391952279	-0.03277404260434986	0.040347492801102	-0.01264580549544261	0.09902294210097304	0.08881336684230395	0.033865743400367604	0.04539659694534569	0.04420978602174887	-0.021932322318499023	0.02539921121302667	0.012531702674756097	0.06651615345912963	0.05143076914636776	0.11432074578847719	0.05725081336931568
0.051393082714489634	0.023600863708823045	0.016996153445654298	-0.01506075848116666	0.03660445374062047	0.039932128231848246	0.006824620030471603	-0.12444640136099384	0.07727469795236598	0.0011260130096342647	-0.03256493504656043	-0.027978120604863356	-0.06946429098832754	-0.16810065936697102	-0.04360095192933634	-0.05719227934427407	0.06696186693906676	0.0557710796328161	0.03287518162200507	0.03681109245430499	0.027574649844004408	0.046346514136558874	0.022718247530758767	0.10014244055780747	-0.005633717126710833	0.044296502214235395	-0.019379046484296725	0.14576342511531248	-0.042813339562562724	-0.011989720393310215	0.10608404440287174	0.09362440157148989	0.045293503347190525	0.009235496607645166	0.1198749644535485	0.08176398841847696	0.009199488080296608	-0.0694511243726629	0.007078044238988494	0.03956361582998241	-0.0540207237441328
0.040917523668549095	0.03862910152116959	0.042833397056523	0.012546900552319147	0.012838455259526758	0.053616222054453766	0.06982219024658975	-0.038932338056351365	0.06980235912093247	-0.0954917621729283	-0.09802628931372712	0.04927607551513475	-0.05284542989232828	-0.15212043128508382	-0.06463258518375277	-0.10687592124133899	0.0976713040016057	0.11554813635893034	0.08336322680257593	-0.018495420708534625	-0.011796422658903042	0.08929771183450377	-0.008509623697311133	0.05615664261679135	0.03476017037767888	-0.037806448319496144	0.07273625085382585	0.09660665150684883	-0.04875274578940916	0.032550448647205764	0.12653436163895168	-0.022243956055686888	0.10072001180318679	-0.03856341195208235	0.0007378141880071826	0.08317457179495892	0.003917332504620249	-0.014987697248574988	0.12642621581545843	-0.0015241648101875695	-0.054547521365201496
0.038622428333149106	0.05535719650953865	0.0719242404496752	0.019201861112547552	0.04095508167646129	0.06358602081448884	0.0245008920682819	0.029465257565534822	0.008803400119993861	-0.020438712503589924	-0.12437042301338636	0.15054987566897923	-0.024581643953840604	-0.12866679635324726	-0.0651156208681743	-0.10630365859201323	0.1558284875746294	0.05259704794370617	0.0966165359094392	0.028920531227974125	0.02745473255531375	0.0903595381666859	0.012266057521710963	0.03621121587616749	0.05421183609977169	-0.024609021498833518	0.00471871125938262	0.061674257332872656	-0.02900517954858909	-0.055921170067470875	0.029018545971503946	0.06938290140857184	0.02649190435412503	-0.04404683937795291	0.09916596492579013	0.098794237588596	-0.04743120811931173	-0.07979607018346682	-0.028022041295055616	-0.08283997429591397	-0.006392463826943556
0.047812692251101345	0.07741343048026017	0.0755454855951645	0.050400045347377805	0.06274748761161444	0.07317437324839471	-0.02073860156784615	-0.03726783832847863	-0.017234491839815305	0.06362160134416603	-0.05036223604003465	0.1136628976621879	-0.017140353588573968	-0.0830694705920284	-0.11780671567147656	-0.08133643511537668	0.13609171503775633	-0.022179720020954134	0.1227432993450214	0.09786603690132453	0.062310555374564765	0.08256332092467458	0.02043240315409655	0.02479871495495381	0.07914070828899168	0.014550446164045619	0.09510616622767397	-0.01682570037704081	-0.05194939567745603	0.022916684534777264	0.06277055682783225	-0.017837444049835692	0.09993068520570705	-0.09210237859281438	0.04755620516104313	0.06404415167696435	-0.07411215718403033	-0.049415475249678806	0.04602380985497055	-0.051869278482806536	0.015745992932422917
0.02521861371156877	0.015819699516178468	0.08115602201296591	0.10230810070513834	-0.105487911140792	0.2177967606853202	-0.029780668923488178	-0.17980266608154719	0.22918445390885261	0.13493546718356086	0.08627435566329411	0.20160288248046787	0.06658775324417675	-0.012866611982392607	-0.17217735550275953	-0.025726776160121093	0.003876279658924154	0.2007013288274719	-0.031370837634680515	-0.12803868285671488	0.09040521466282957	-0.07260277124608329	0.08273985016880511	-0.26182223190717896	0.02428912208179662	-0.023277545601587655	-0.08570647050454228	0.06527044640977668	-0.25301521394571447	-0.06309526181190792	-0.030229798655292992	0.03539682022273034	0.10617207881382054	-0.11945831413618034	-0.018743899486341482	-0.22458600874497475	0.02270842708717021	-0.09017139539120281	-0.018786149807436148	0.15018263883248528	0.008262375011364894
0.006263571376238771	-0.08247971907784452	0.10432828608186934	0.06411574075121801	-0.1358833946104565	0.21901827999186604	0.03103413648386542	-0.1231391063254979	0.07447434762517104	0.10279939667778917	0.011971913773204168	0.15987476082785432	0.14779066807095823	0.01843128304726036	-0.21653545059855545	-0.0266532399488938	-0.13058065980413927	0.22336859804562526	0.132858616417612	0.0040004900550958955	0.017498116835932078	-0.0811088616823232	-0.009255827986595772	-0.20876990764525058	0.00028941515754652564	0.014049011711985117	-0.1262367122524397	-0.0969246144061282	-0.002911012711215317	-0.10032223161472026	-0.14913044456217028	0.09860361909218344	-0.029235391461956972	-0.023515720778921195	-0.3030559122372676	-0.015564511838257522	-0.08273826511471609	0.11341932369228319	0.011055361920589798	-0.026734270304778804	-0.16143579760950105
0.05882497610873143	-0.09553754742102565	0.03713688111595575	0.039837362475208096	-0.2081606938609884	0.1334660820452833	-0.09660042867083492	-0.0458670180137526	-0.11220951569706214	0.10423007875083273	-0.20371653517591734	-0.052462004379338435	0.14874005235720814	-0.005265260784065865	-0.148405325683049	0.09049832177766029	-0.13394219827938864	0.15902178182717897	0.18559895171101426	0.060839832855267145	-0.1356671599881925	-0.027537123406521914	0.06254695847791486	0.27919817109740186	0.0854019407509615	0.10046679245071252	-0.05537561202155096	-0.11564521924413776	0.07854654679797146	0.12373196956983051	0.031740642123251984	-0.05162814492111244	-0.1970841745755091	-0.0393227608291576	-0.1465686343866327	0.19445846437413766	-0.0212780517395702	0.02234543154921685	0.12871127321813175	-0.24352440720978027	0.008222089189779345
0.08393433696782812	-0.09779608975366144	0.0772007592082225	-0.06367632503747517	-0.09830097164666657	0.002064335495227693	-0.052714064172785784	-0.029012540155280958	-0.019992086119073705	0.06766957858455662	-0.014693429850198092	-0.0025300720382483836	0.02426446058727795	0.04294968584090732	0.08797111539221979	-0.025946571984529824	-0.21469375505318428	0.07029181880962614	0.07567576555903814	0.06591413294454493	-0.11658156430170451	-0.07185663238092586	0.10001254441877098	0.016618461126653356	-0.004727804282004889	0.1087143787249808	-0.05664444626662089	0.0868875550513713	0.036513145588714206	0.10078346452675771	-0.038129347574858155	0.11674593961007008	0.04564621073211629	0.111246450688859	0.09667315115905019	0.12726135865433666	-0.03882755306272706	0.15128482652428696	0.042200533993856294	0.0004905950893004177	0.1308186020458835
0.08065203860140116	-0.0867604377720695	0.09861981577118467	-0.05856275578556516	-0.07905094406265223	0.019296530651300235	0.031925364502622844	-0.07948134429170192	-0.04446196586286136	-0.018674319343235764	-0.009290939829662014	-0.025024991596571882	0.021562622608962096	0.020436981182230467	0.04462168572910591	-0.01370172671571026	-0.17366722473473378	0.05978912680588942	-0.003338994608322559	0.054053439634796564	-0.15092603612279132	-0.07671104747936285	0.07013119173813402	0.024560368925425957	0.04409919477138127	0.01613408883613534	-0.016200752381092826	0.06832318903752459	0.04936385842325437	-0.05634749035313343	-0.03319173020360887	-0.005494751279625286	0.04138526338101795	0.07945862060259846	0.06324736466463012	0.08507591450557496	0.0005069677570660961	-0.046416781666036584	-0.03422740212402477	0.04841856035210858	0.13813635924793383
0.08261189766854343	-0.06211968338221872	0.1227483410200936	-0.056109885205660494	-0.07504180049488211	0.027686337770254383	0.021159106724414133	-0.012152588678339392	-0.004716981367495067	-0.03520929323882391	-0.13802613545618617	0.0032144952525910856	0.059634242333104485	0.03205708904511673	0.13803815213310983	-0.04303072503283398	-0.10861369906519443	0.10120117281219307	-0.07125852154094868	-0.00848702690996455	-0.09448130744662156	-0.05804214900489678	-0.013074423629016826	0.04071453369456804	0.03852000063200332	-0.07846311493032501	0.01011585806039698	0.05555605464835499	0.02299845481282862	0.006663727431891614	-0.1261439955073358	-0.07141071927193737	0.06940445096518014	-0.012104063709942235	0.027945673974092138	0.02492109536770966	-0.004011302144081694	0.016393215566816645	-0.008378293098284275	0.05129130540902665	0.04406356522726329
0.08302520584900323	-0.050937494261034916	0.1459089464390792	-0.05224959186058634	-0.03596538023509582	0.03309408900041078	-0.027776828517543033	-0.07558097818311181	-0.04396828176468286	0.0694327200601908	-0.08098586051467972	0.03404169684950243	0.08619926601950717	0.04936927157314002	0.1546286551264796	-0.036820009158514876	-0.04509552582367194	0.0368192384543387	-0.15729678135976455	0.03947344190342731	-0.08259854273725069	0.004109274641654067	-0.08747127233802607	0.06815190517885078	0.050834803558184434	0.007620085615114774	0.047345623012129565	0.0141353356966979	-0.03012203990980267	0.04511026024089401	-0.14286515611927073	-0.0038479478310625157	0.03394627227731491	0.01544475981217861	-0.005349619384510451	-0.00965533518499313	-0.06443306912307203	-0.006850659421939027	-0.05958165223123267	0.10408225024421991	0.06496459147424953
0.07741603877654901	-0.0659854157148124	0.1148205125698896	-0.021102951078655327	-0.06892362752541648	-0.017706234209420257	0.005380305954000328	-0.10911044119960045	0.05766250798297847	-0.04298980158714161	0.010373697298809284	-0.040364319533879145	0.09724932540196543	0.08237946040270269	0.10916212749615588	0.04770103883962356	-0.08660049001319718	0.023570880913893484	-0.20515032044597586	0.06767516385969193	-0.08527618520747886	-0.00937194849619568	-0.061811584343963055	0.09975243516004353	0.04736225887523693	-0.0391370288186383	-0.0038942533984505593	0.06516092036429179	-0.09877096752767162	0.016964956989718186	-0.03088684907290494	0.02397727948948768	-0.02452818243732596	0.03842516104716285	0.05486442392122552	-0.02101372010554474	-0.14442760733952914	-0.08282645477693173	-0.14227867868673588	-0.04845483488595165	0.06089286213577981
0.05354656561634551	-0.09413156003083838	0.04641671278823088	-0.033356793389905395	-0.05367095618102007	-0.02635818762277846	0.03917325739113637	0.04989435505305325	-0.004361457481448684	-0.08453805627472127	-0.024733184409324115	-0.03875076325864069	0.09926795560595499	0.07826859483888454	0.03158096281230908	0.02833840490889808	-0.08345695398711313	0.004656315434434705	-0.023458655879841	0.09234242426401759	0.010887329535655417	0.08531883825388754	-0.046567430238791147	-0.04788635850684887	0.15653267157098996	-0.020555571162476183	0.03852921970606478	0.020728396535825006	-0.20527754062202863	0.013747409761098589	0.10922263794076788	0.05042238948739244	0.09512212605518884	0.08448927614009413	0.07073818001770085	-0.0938068327698797	0.00916232490245936	-0.09027366186453314	0.007903182663644023	-0.23795989449088611	0.03818586979920749
0.06479232501290978	-0.07260263450566232	0.06464079632828203	-0.06096248451717677	-0.031109012443698156	-0.04556857926018337	0.022605960639964597	0.0932687598976319	0.016040762970308382	-0.03002740313668312	0.003712172515320083	0.026225832920564726	0.1139604527712428	0.028170875552287956	0.04622281463381318	0.051479113403818076	-0.10022704650367298	-0.023257222184193377	-0.06229694315096039	0.012746404152305796	0.07944237999891013	-0.04079571883288545	0.01692828126569194	0.007281216374436086	0.11958383246142884	-0.07333579216153875	0.000843300466903979	0.08979748049863426	-0.0709857498790135	-0.05116438260575532	0.05258624089511525	-0.08344174201304067	0.08848888093449621	0.01513127353413752	0.006153545089317078	-0.04974387966010214	0.1285381315904277	-0.09661656234962576	0.06101615713047368	-0.08295166975280886	-0.023749350798803467
0.07111398884983736	-0.05066103073134379	0.04237280269210315	-0.12820076159981292	0.020183139103955302	-0.04243906692288403	-0.008015840998046427	0.06106517515789475	0.01559329813277581	0.05319528144923625	0.0021342830298843526	0.05311671861532513	0.06981821443613796	-0.036293384666840275	0.019711709199334352	0.08190077174724719	-0.09853637332825359	-0.061453374799040734	-0.03755427070800117	-0.06428079042133988	0.11725103101150776	-0.024178232102967302	-0.035540623847561785	0.014208718337911527	0.06676928980725572	-0.08990214990704441	0.0002585798263596284	0.04880975355553911	-0.027085334340535706	-0.036646209529217266	0.03280198509279799	-0.13007919656647157	0.13087237856852363	-0.0032911855492596676	0.011192861312698315	0.059498469267902594	0.008355343014495191	-0.0801842703893615	0.049831369003992446	0.01135396506349854	-0.014471734322560437
0.07604542964279824	-0.04520399467830123	8.581204727105525e-05	-0.1639883869723408	0.028626636789122906	-0.0666784232128481	-0.01598212268127564	-0.03143269026891626	0.02872330931778844	0.09391689038187752	0.023592108418024744	0.0045432133860249515	0.009954104833069004	-0.06410190807325418	0.003609019452837209	0.0247212164576729	-0.10638740109500197	-0.0849966295713698	-0.023771392656476795	-0.06398017780347749	0.0636817332594275	0.01388297578989283	-0.07257047999889865	0.059258504107267344	0.04337573257526512	-0.07531781432322719	0.026592277431621642	-0.04461137438722046	-0.012837086480412624	-0.033348930486576216	-0.06393192229728223	-0.0304003848817019	0.13519378783955985	-0.0707094691294546	0.04458251711469038	-0.022030107984225337	-0.007322983122362115	0.016813792317583915	0.09400583550656529	-0.057700530683096524	-0.018326913475108786
0.07764931268189108	-0.0403045116575014	-0.023185197390765376	-0.12336060934849376	0.022695378414721346	-0.08616572318415047	0.030674516826837857	-0.06435941560432266	0.04762424661830135	0.027257472308454975	0.057670386820835744	-0.05430279966149779	-0.02301876005439516	-0.030948690044065252	-0.01810296947471396	-0.07581390468616997	-0.15632066486023397	-0.05976708874740982	-0.03753103569138582	-0.007325412341268504	0.036955407640673364	0.03712826324484407	0.04261922556251141	0.05232729802892143	0.038662713815764055	0.04206752121158326	-0.07159251639188968	-0.00829884551879606	-0.014283861527273328	-0.12474794167303643	0.03415846228473449	-0.04103668936448769	0.03227718783421803	-0.029699561633829866	0.03009413635502399	-0.08749514585297993	-0.048501691586920595	-0.04353040146384016	0.05829930493126093	-0.049515523732731465	-0.045460666975782334
0.07381258974760872	-0.03160050314041316	0.022298849007392835	-0.08440592518469735	0.008587867380148382	-0.05339080459729704	0.07363946729561166	0.008959409374541002	0.07702608261357127	-0.0649173728281963	-0.007136236739733311	-0.08291425513772306	-0.03360131376870043	-0.05719710260055738	-0.0009051177256783169	-0.05244634681099427	-0.09937039737975668	-0.01626608275720466	-0.0017170242392625223	-0.06676952007502544	0.11286376648206949	-0.008225817055693436	0.01693197014505884	-0.0288664743698022	0.01990491953875751	0.0363888691520176	-0.04634072543402812	0.06823155147770993	0.05237256485874782	0.022643152423419296	0.05136076286848926	-0.13646966221476692	-0.042817180979475705	-0.01588175546616083	-0.05778600753424118	0.024781513944095494	0.027171917253726127	0.031088240203938883	0.07975943741324373	0.04197103377467501	0.00016617335081705112
0.07198745653322333	-0.02424583095739307	0.07164744865264386	-0.09606088765374061	0.02923055660269919	-0.035408116040042965	0.023631665162992806	0.07559952013460432	0.05765433247386669	0.00882944304437157	-0.05161773918554024	0.026464168788480003	0.014784176960090085	-0.05804169350495277	0.05226161190216853	-0.015972123125110097	-0.003719105318430834	-0.011993596062600176	-0.003491866126821285	-0.15796925484973917	0.06505252223809262	0.003929250605667846	-0.014297792161710753	0.05075609091753281	-0.029473792620151047	0.03402416937711232	-0.024278348861095842	0.0602801891774855	0.02341946029205591	-0.018154964390411605	-0.04968131693329944	0.006095257222465741	-0.06641079293430568	-0.04629898668810073	-0.025349252578060328	0.027994190062004553	0.01414907104982812	0.010204495509305814	-0.0454779817558717	0.04016442252062611	-0.06023078678846556
0.08064980436847487	-0.030453351294866492	0.08100423040013477	-0.0984953399218032	0.03414704722045594	-0.07315977850689794	0.008682096711117691	-0.006952144735280793	0.015516735477083807	0.056008734297266834	0.061313637923296076	0.002623455876787027	-0.006918004900615638	-0.04194105505176021	0.0403438790307844	-0.058563911492224265	-0.05895639680084669	-0.06651649294872082	0.007259019614020208	-0.13716101968959873	-0.01841376636202146	0.0754101851032005	-0.019484184169883442	0.062216780523414325	-0.018809687983864568	0.16437299826526877	0.07668192838874646	-0.014209429957295159	-0.04912562511725288	-0.038512205500160386	-0.05344117900130306	0.07075036233050117	-0.06432902427633364	-0.021245875944470805	-0.006068772843980566	-0.04361582970657718	0.027122730901110663	0.026219525006858868	0.0138659319225686	-0.004395352115461363	-0.008897516791516142
0.07715619887595253	-0.041996037858631485	0.11756203252487987	-0.0619085274697755	0.026423644775253684	-0.05895113618094059	0.06528992501262117	-0.032584685853677714	0.015002316002715914	-0.024229295518580784	0.061100256616499496	-0.04473069305730776	-0.04782795140571248	-0.009015106682024269	0.00018927512211166974	-0.0847929090921159	-0.09560820710699663	-0.09461924765516037	0.038497474370061124	-0.07647429255630936	-0.0030951740023830807	0.008088469710787211	0.023343306856191823	-0.06300358592746053	-0.008350406045880263	0.15452226821356	0.014889257158493457	0.08107238616250437	-0.006379027350664	-0.049495785976009586	-0.02188199696991724	0.017625079622493624	-0.08648294697592337	0.033585832767407384	-0.0606478271776391	-0.021541355517307372	0.02001164213501639	-0.052997705207633757	-0.049112703397242274	0.024523816834411055	-0.06482883579609855
0.06716367633155855	-0.04144561937289961	0.14934450346824393	-0.05592322047791945	0.013359826874510745	-0.0396504197081464	0.07323552684306675	0.024622630904711812	0.03633203463195228	-0.10861017688972402	-0.016361372655321206	-0.013029045786965813	-0.0393199786660528	-0.010164978215925305	-0.0644516008137269	-0.033033844577052274	-0.06715880821576209	-0.1422538089440352	0.05889493721075775	-0.11453161825234223	0.021883708782649856	-0.0625994528643554	-0.001383882073839493	-0.074547669170756	0.0640095454119996	0.06269030933739157	0.055202397451536205	0.08311439030868557	0.0508370116780571	0.07591923813563281	-0.019731723084054704	-0.04363719830286336	0.011500094899299183	0.11311926647726714	-0.08100189580504048	-0.029958963008261816	0.04489714436670416	0.024490025927509984	-0.01325023551404855	0.013642980594292906	0.0269832920724346
0.061717429700986225	-0.02919918771151587	0.14595167723501526	-0.07553357009091657	0.04095531827113139	-0.026351276922425962	0.030809765376236475	0.08904937167428005	0.018990427414440274	-0.03236970990407558	-0.057133108886315134	0.06866686826411944	0.014293104249462289	-0.04652813669557485	-0.03107255061785426	-0.030063430165599515	-0.009457384747167107	-0.11952005201494079	0.027853187448898878	-0.11194351004385675	0.04608663054856911	-0.0826503794265718	0.04683079956717159	0.0633060581208849	0.07046839735195227	0.022387421402594185	-0.009461245029118957	0.08102071086091261	0.09190860653953034	-0.019918813816242956	-0.08866650036814507	-0.053407418370875426	-0.0035001673429698463	0.03888242772561049	0.017825896234628536	0.001296392301080489	-0.026059597913956994	0.027563448622769264	-0.03125119116054747	0.012685108152734353	-0.050672751924628265
0.06778353401123444	-0.01379789828178672	0.13991297881342898	-0.07788908475690283	0.0535506938368384	-0.02172710956695988	-0.0013406014377652477	-0.018099720910026436	-0.012476328958764677	0.06028504116409953	-0.005695436658219029	0.05813635891407521	0.009402481641894521	-0.06715991741585327	-0.036137818094426254	-0.07386679754956463	-0.0021217605630151565	-0.13217183875495334	0.05079868746216028	-0.07733384641512005	0.04525921626346589	-0.013413785007213377	-0.005716846373878558	0.047954033513477524	0.01251343070669794	0.10525280113947004	0.11525936076564691	0.007921845137971978	0.027075622885991062	0.056995235838310954	-0.05987386580195089	-0.019181621007364744	0.0834024550587747	0.07997535788749643	-0.05760976838533922	0.02275762483797003	0.016490718134059335	0.05156745615760806	0.03853644452043725	0.04926775489339018	-0.014296134922422588
0.07318339123516829	-0.017395157383943663	0.12444623910631024	-0.05969100660718478	0.016174235163589498	-0.004071671420975403	0.02235320293262704	-0.09203956102854771	0.01906815731082528	0.009023561911165255	0.009423843826895598	-0.010133326358464747	-0.001425482008986124	-0.0737206296969983	-0.06283410058572307	-0.04085724642261218	-0.00027134123329597415	-0.10610457861726634	0.030960728420278628	-0.09105519242168078	-0.00340273309256052	-0.023264530690405634	0.07139139722587452	0.04828940654986813	-0.035488477876795654	0.12899599963226308	0.06432658669870955	0.04725354265495989	0.003281319114915082	-0.04113511068487115	-0.0705095993606126	0.030613033630826732	0.03140289082514357	0.03584913668574817	0.03153883028807802	0.0422810976300409	0.04967024022347871	-0.02773981904575943	-0.050790872653744434	0.017167219998901563	-0.082231693328016
0.0791788114211351	-0.010487981672089875	0.09310777806350808	-0.029102082800291328	-0.007849268174992494	0.009687595747802612	0.0938572175832569	-0.060605901168743745	0.02558393522947345	-0.03253750094986258	0.011656019604287018	-0.04449556710499819	0.03245627228436918	-0.04714337124282418	-0.08294266559185094	0.007393106437617616	0.03970154001930777	-0.06543893944902354	0.019674132404848874	-0.09049571492247753	0.009100377206966844	0.05397177180988903	0.0891867922941465	0.01038626940020436	-0.05566470227475744	0.11655271523148539	0.07807564344774809	0.04335509668054558	-0.01884553570988934	0.025153412598289536	0.016343513032068088	-0.0051193062665289	0.01619546576795094	0.07409980756035447	-0.05263114121859368	0.07208178735866715	-0.03743652813773941	-0.07909581108235728	-0.15793304707734168	-0.06452815272004625	-0.059819113717136094
0.08971187442477127	-0.0014958235252888767	0.030995498871453756	-0.01286146389703056	-0.017269455161912972	-0.03726768559819358	0.12700101284848617	0.041234908439574884	0.05484160221733854	-0.040608880915521436	0.010082918087827413	-0.02930976079877949	0.032126504622580355	0.004983564758624165	-0.08402555095878689	0.054287965807379296	-0.02691964044097692	-0.05789220270572128	0.007936532779695202	-0.08127998524546663	0.01532854652094318	0.0958265913604568	0.02312232656597321	-0.04949474439920295	-0.060564623770269194	0.1003890801261832	0.07548961287544423	-0.047163618453339155	-0.12481982851000437	0.10438663282744681	0.04115398516808853	0.03474793228947889	0.045525765650171794	0.031664082001761455	-0.11932063625872724	-0.014249963145760977	0.013489301365608334	-0.01837344083644724	-0.0758094459978178	-0.07195497535606159	0.0514959525735596
0.09803692417225796	0.0022450539846093224	1.3372982311493176e-05	-0.02960644637877624	0.0023205842723867873	-0.05771697893353108	0.11469053994811076	0.13229288934815964	0.05770843424625401	-0.012087725099185919	-0.00401421832395952	0.05347122502153484	0.0031654778858150852	0.03204043782271654	-0.05441346807910288	0.06110930499294191	-0.050795887330854515	-0.05406507827557948	-0.035648247693579944	-0.047131683176296936	-0.0347905666575802	0.051641224867955436	0.01341575474102506	-0.05991983430865975	0.0164292693925587	0.026612844088116556	-0.05641587320909008	-0.07057126509940835	-0.025120865655964233	0.06642363666330124	-0.044089616885002944	0.0748605563254624	-0.010678351767615385	-0.01033063758226218	0.006792581385999835	-0.029968053817869114	0.06798904986489186	-0.022729282886202455	-0.0661753450168233	-0.04648760014167218	-0.018521361776276855
0.0896364973982774	-0.0042292214991871266	-0.03931450374476962	-0.07000657072695297	0.010279742111552121	-0.0625396089687417	0.03906886169962353	0.11953918109587147	0.0050171969683035465	0.11341237135646362	-0.01681859824655001	0.05031472358598352	0.0038745561187170565	-0.018198579489939554	-0.0905127349653692	0.06573240283916147	-0.06571074418904817	-0.03614852076296817	0.014140013675388448	-0.03639395519851782	0.06650568893010211	-0.026634400037229673	-0.02209295354140399	-0.0423921144174782	0.006853874220912206	0.022912378293675963	-0.043647133249164916	-0.07548444531544923	-0.04479258101489876	0.00722999526055183	-0.005301425976241461	-0.10977839386850693	-0.08915139317324103	0.04471899094477874	0.02478638687030881	0.0032771230648748727	-0.010324408549904613	-0.09732900657165629	-0.017036144296294305	0.0247638766878192	0.01830863697222318
0.0944658492568696	0.008382140053725286	-0.022046293755002402	-0.08838531036577917	0.03692837056463288	-0.05014640198503914	0.016189121415142612	0.014993532676939848	0.04147060659782959	0.1606479898521747	0.03030927667914456	0.0018574327303275552	-0.1094165773877145	-0.04662255753388313	-0.01518845055825847	-0.009958788075057137	-0.05320550430379761	-0.017772780508982868	-0.056099839871496464	-0.002953094180567166	0.0005493132374059604	0.0013962145193324588	-0.10129908154422895	-0.039297766993226624	-0.03977441429530691	-0.04435143417452561	-0.018727304425742497	-0.06170802290292218	0.03342798534023802	0.14530346597504948	-0.052928421957130586	-0.018429721085691454	0.025553279067050454	-0.04607076059599538	-0.050159627827987295	-0.05411262780208537	0.035018096689941464	-0.02020020738663182	0.031581357850149226	-0.04240558515689556	0.035200652516014286
0.08977408936260509	0.007661945578027319	-0.009684825563837271	-0.04980922300837562	0.02204663943638334	-0.07647978784376874	0.052487461867376586	-0.03189605063678198	0.03403235864373154	0.10058942444469404	0.030014204126228943	-0.06061490932030198	-0.1218136633239144	-0.05994547962849573	-0.04376089711233064	-0.02742271412362061	-0.09893262476462814	0.03290143811939021	-0.06653389426922848	0.08789400387798137	-0.0511042780954174	0.0519328997506403	-0.0611545297648987	-0.016696365565610903	-0.02724839598475501	-0.0166683740221136	-0.10671514007657706	-0.015717635238311406	0.029729412801296755	0.012056361049820753	-0.04153790896554717	-0.03825495958854848	-0.04422636007637435	-0.14807318084108656	0.04110610615260535	-0.06019890990301792	-0.021674595202867488	-0.113357811538218	-0.007337956804141316	-0.06141293241518884	-0.0015682690070467006
0.08697663324166204	0.017520706326535844	0.022069818493069642	-0.01569682201006465	-0.028471904092393596	-0.0754611888437487	0.08369463420158432	-0.04607880937200922	0.04260495548940714	-0.01977483766064197	-0.040188593094647174	-0.021771493288548226	-0.08448075360195444	-0.06327110909773152	-0.025511142597356918	0.023080348333046702	-0.04617771856172422	0.11229582405617733	-0.07289133760868143	0.08988442725715069	-0.060860389619452324	0.030095414029649256	-0.08450453563276307	-0.0906724625193427	-0.06753215525800788	-0.0773552078937737	-0.033835777854999034	0.01512944547334077	0.042302297980747486	-0.003541295944800312	0.05911368440891916	-0.19045193619965423	-0.12112907442833148	-0.08405652771914639	-0.011169556288450344	-0.0028975631969284203	-0.01633289018960664	-0.0920902382991849	0.031252436870621014	0.052996475739051314	0.03942344544959661
0.07936656290650093	0.01773760484796781	0.03165416982226255	-0.02796356300282376	-0.010665092287047016	-0.050143515809152175	0.06633140930385373	0.03324185571879835	0.02538566936340741	-0.050562199748158086	-0.12951112346336566	0.08334033244425408	-0.030965821181185394	-0.053151652734450765	0.0032994096055593437	0.06356503329233919	0.0175937113146916	0.07857356655302375	-0.08013217093148026	0.014372771339100615	-0.10927969466195017	0.03478105968680583	-0.14426751970136703	-0.04767164023632188	-0.03370729955894283	-0.1020052151327988	-0.037994455315310934	-0.05064004701008019	-0.008838272911839987	0.014605132754708178	-0.06676115962610321	0.019859211705066084	-0.09724702916135325	-0.038265664834367205	0.03189710490230071	-0.07484377834813197	0.0720117342483203	-0.00989410785677413	0.033715277252165846	0.02444695111161493	-0.08022644092860337
0.08262558131714175	0.02498913074498332	0.03802639933141148	-0.044941449869468686	0.02418759277186782	-0.05713656589871798	0.00842664864895075	0.02538773812574621	-0.011064227274927028	0.05945263761927192	-0.07137088452200385	0.14912077779418154	-0.036911497552034024	-0.04350088383610158	0.03441218294669187	-0.006535536301001789	0.023477731362737626	0.03349898374660586	-0.047211641029586304	0.03260932655459235	-0.1027294398226698	0.021277773634433072	-0.11206740529005119	-0.036804953589003084	-0.0699388756610543	0.01070665456274001	0.036894458100127085	-0.11172378678142697	-0.04812402706455915	-0.04541208165176536	-0.004121527857162646	-0.04360364163008171	-0.17949133808845655	0.06285232905355062	0.042813709549054516	-0.03170130228026139	-0.03413626471139509	-0.027630447375142413	-0.01727920540858629	0.03283136505038928	-0.04133418826570826
0.0917391085217138	0.0264405826726849	0.08685990692603013	-0.014719620637752924	-0.006485544858682535	-0.0631096774664304	-0.015373980100643123	-0.037401821413345235	-0.06761788856532282	0.05912653316666178	-0.048983864441991695	0.09182959990892801	-0.07229259613023396	0.0043314391814152494	-0.008123135673521267	-0.0816830477367881	-0.019535787325229207	-0.04544260131212519	-0.007831739731077248	0.14397871996032055	-0.08804220459105593	0.0017571587682799344	-0.10942467424755906	-0.07500851483118352	-0.07622317760145988	0.02159125145836522	0.052812183739067806	-0.062142274273899435	-0.03243037837026345	0.030642965516269008	0.05504786546992615	-0.0035804319677472628	-0.1607350195303591	0.12264400840220882	0.048459819261519876	-0.12775627930628278	0.0064347745119956445	0.06229697538222703	0.02938190945430729	0.011333809745083669	-0.02428839052945027
0.08565374912826389	0.041752944886706334	0.10867331384477961	0.043043240492057065	0.012864703307512496	-0.02872402127006019	0.01572834377132497	-0.06506707020683719	-0.01101808409350005	0.046005154838442586	0.010957585421520264	0.018921413698070655	-0.057338694411940914	-0.04878460925953451	-0.02965206171425945	-0.002767801975526244	-0.03270571981948847	-0.053595164871091415	-0.05114588989546723	0.15844752161013453	-0.003168975458818425	0.00045395466499487114	-0.05965863152909429	-0.014134518356823618	-0.09580376006485511	-0.04975957025962087	-0.04742576659449482	-0.04874402365183237	-0.015424577252345209	0.05966063910312171	0.012590171332790572	0.020639114211875847	-0.10408294629947414	0.035924429225961924	0.07118064215330866	-0.16037144949534518	0.07200197741746306	0.015012034684288703	0.056561894942218326	-0.034373194435217885	-0.054217839108399835
0.08582326517961081	0.054650292404464514	0.07316324694204082	0.050170910338875295	-0.017363292086372065	-0.014960724878336178	0.0621690349696759	-0.0265236295543485	0.06542394318646795	-0.031710589833087326	0.006196714608141195	-0.03448506589948793	-0.04197259031848553	-0.07425370031947952	-0.07315591545742094	0.07683316953468419	0.03964660143903537	0.007620558784839808	-0.011244493210886997	0.04500205471660455	-0.02498303670004614	-0.04171989941512764	-0.03168738078762247	0.005361057025689531	-0.12597209226951359	-0.13931850794712033	0.03642237370221595	-0.09336481840615753	0.009713268622998292	0.058342285689251275	0.05933306038161182	-0.03931401971105904	-0.06259801830640178	0.053503190107450846	0.07655897440223297	0.027348875917369626	-0.020942709395189475	-0.038722589167949684	-0.059176292815724965	-0.08482073118936612	0.04643416444456963
0.08969595597648287	0.05544648756120824	0.02746387952077324	0.020052123515167056	0.013826544792442004	-0.01240930236614199	0.10233963626169384	0.08036716978106755	0.07332437508753012	-0.04466649348302888	-0.005967462376449519	0.024628420091621712	-0.04008094668945588	-0.06710492219128919	-0.04777274781061897	0.05097070005216922	0.03531512797215854	0.09319726343086375	-0.015616810758918232	-0.006290911275329452	-0.09569613193393998	0.010193131506393564	0.02092226342806426	0.05376026297719989	-0.10720216094323679	-0.08811050539154687	0.08191961290240718	-0.12062486184163769	-0.0307533512209688	0.07868728706932561	0.02882339819399861	0.059662574706339205	0.057492544480975516	-0.08727094414938502	0.05931805473281795	-0.042188102567378746	0.01926889203157943	0.06347796484411383	-0.053714615462742074	-0.0888552902444365	-0.05066099904544667
0.09045870565895428	0.056635447401388594	0.0024706358715909115	0.020966426109612975	0.030693764325940474	-0.024501297684051553	0.05924440818892016	0.12871514976678727	0.02379832682126081	0.045541231352873544	-0.0583741306404074	0.03953652992615976	-0.040575903054269426	-0.03902382982784503	-0.042466722418283594	0.005395999038833008	0.03914131575120014	0.08258491532479836	-0.016233239552936332	0.02380351480951035	-0.04434759008059222	0.07054382721817352	0.028584204913649693	-0.021991161223956245	-0.06946912686302395	-0.08411467909521358	-0.004417672774623987	-0.0677684682521861	0.024381844488991465	-0.049357991603667786	0.05380176703803704	0.045210011029368835	0.031664082089464154	-0.04938637428664286	0.03915189487006056	0.02754643279726058	0.0008676082455645155	-0.009518718036868358	-0.117324538346381	-0.07000037308978292	0.01254765105931277
0.1084318259881007	0.06351597604928484	0.005521086695400313	0.029809141414427923	0.01228267002214415	-0.048031779151714735	0.03294573606571851	0.11861645138788746	-0.03189120197506091	0.1238766525083219	-0.016992664540868504	0.040043189440283906	0.001224507640033562	0.021206685863007755	-0.07033076093447148	0.009177429254817926	0.03098445902016653	-0.00743198608374359	0.0037554315272539896	0.05333254644690118	-0.014664692712657714	0.031052444944611648	0.011082257539939445	-0.09368375134200259	-0.05616173083254339	-0.03765580677385127	0.017751161347366103	-0.026792294741117034	0.0686119931143737	-0.041116267936581415	0.043233975404316165	-0.07883477719299939	0.02990209398820569	-0.016199137236926925	0.0333702878888985	0.10017424611462072	-0.09124810012150625	-0.01933438924358124	-0.024670314148925808	-0.04244665752673916	0.09675437768463985
0.10134163281191655	0.056631269505253205	-0.022967435231940277	0.030376876798141703	0.030402820598275003	-0.045338331359028546	0.022407914290972317	0.01024529467995843	-0.020801538271486012	0.1514124093573926	0.02078737986943759	0.02852691813181653	-0.006450203479396591	0.040325774417992594	-0.06426465331928799	0.04520080806735629	0.022278015513683604	-0.03598902942322023	0.003611248795396013	0.042792346945569146	-0.009603977812530678	0.006241337513174933	-0.022954099553039557	-0.07328383626021154	-0.04908294076893256	-0.02544345398886109	0.06436491799154499	-0.057771557954131074	0.082853521892759	-0.05219378672066104	-0.0180568899981617	-0.03774793127567543	0.09323904310823045	-0.062034878476363825	0.026110657158076228	0.09142915505756039	0.07995763412241291	0.0388003463804482	0.07543347400384054	-0.02875570609839266	0.06838647381192067
0.10563214171042866	0.05913791456630525	-0.01379872425707232	0.02659332767615999	0.015590888615597832	-0.04729494543649869	0.037670353972842616	-0.047868551681981945	-0.005409368302197579	0.10651321848878996	0.006838779167628601	-0.058314159965727204	-0.06345729576222879	0.03660702614003552	-0.06346242046217927	0.007071004524190043	0.036154888308283194	-0.060234630919253754	0.01988086997740371	0.046999481372709886	-0.052049922824371986	-0.06528860543227244	-0.01313718445093912	-0.06455360261547036	-0.09458486260981652	-0.06472973081678224	-0.016924112886288006	-0.036391437801367284	0.10895852543962083	-0.07422219435069558	-0.04100570585533252	0.047167900393350476	0.044090784125202884	0.02601620790204373	0.026395582495757356	0.06061301174203709	0.06544529040822647	0.05910236797935555	0.0038227651716939773	-0.030166737187457167	-0.002785233910555896
0.11012830231022407	0.06606727549206849	-0.01467598315336422	0.08573152486561049	-0.01062674322727185	-0.03084222768798051	0.06787644569514602	-0.039182881840520024	0.029367217074854866	0.05985301569313716	0.03528460769598578	-0.09050445929133247	-0.028953143147337036	0.04925617371171254	-0.023298561073413094	-0.009971759745526547	0.05865364513670427	-0.021194375482303525	-0.025703658404641932	0.02269159334653719	-0.0846423544504226	-0.050430712536101735	0.06404145647829002	0.010252288644726855	-0.07489501586733141	-0.02189058057504692	-0.03953302185395479	0.016580463312143384	0.1591892758799671	-0.04417802139791072	-0.010964369270565474	-0.000916740990656353	-0.0005290985062975165	0.05719346432417324	0.005002635294230898	0.04748939594920523	0.02450925958797793	0.009591556397256777	0.002146475682179308	-0.04728721188110209	0.011446260592233484
0.1101289299849398	0.062169423362290255	-0.03837462666760219	0.09179279993577716	-0.020965377356846872	-0.0588973554240913	0.10933395335403864	0.03988969812419877	0.04484040893550949	-0.014832596841349938	0.030294267649717377	-0.08280593451134063	0.03851186129805393	0.0695712498758496	0.01867667379710663	0.042177713523474526	0.023628170418527265	-0.00040200291645088593	0.0112996534109875	-0.050731706852525926	-0.048942542659289615	-0.012906403231040711	-0.019729183464473686	-0.01900175173519509	-0.08284816612841628	-0.007715875940488157	0.03291505034856864	-0.016919165674094478	0.01778543863700653	0.04509522522517818	0.013018223997320087	0.022369469620201803	-0.004930268611548456	0.05035729506963847	-0.0833980127447933	0.0015156374652398885	0.05481324931283806	0.07909680152146961	0.03195378293877536	-0.06263927547084794	0.07195379539459867
0.11163456213729835	0.06490617084296679	-0.07323577297895029	0.06942562581194975	0.022072008048532266	-0.03722320530104213	0.08292277807841786	0.11809256477561088	0.024840764604608864	0.026598815048380665	-0.0016287267913680814	0.04126466639576437	0.018124093502200407	0.07904216740743618	0.06829760407462505	0.041385848081325796	0.022883132284294522	-0.0011345365835190198	-0.014166268124747472	-0.11011434159203494	-0.08254497417937237	0.020159622634493425	-0.005709652785694477	0.0009544674999022365	-0.057105265940082015	-0.00862692468045698	-0.03521050467833067	-0.01666618610615964	-0.0001358680067606484	-0.062560350267947	-0.030200810846209226	0.14929432703083484	-0.04447278883112425	0.021950799613551605	-0.020457018261185813	-0.033280411348660596	0.09282249588451127	0.049878086495085606	0.01590774332270222	-0.003517295292111665	0.0038893201413074917
0.10756509186565076	0.06341237378211342	-0.07097048424114244	0.0725054604848795	0.035424195660560036	-0.026605843498888185	0.03583266878969496	0.09250308628908699	-0.05345847521042809	0.10364865574268932	-0.03034696149575322	0.05472099626723458	-0.00943430692794539	0.0738912527261727	0.04787340412227172	-0.056951345658396706	0.02791901143196103	-0.005924686430861564	0.014970561737233407	-0.07766297672512257	-0.04419293809582696	0.023410057880816987	0.022393634165551898	-0.0313302199986452	-0.06588421442119341	0.020422845002169995	0.02136990621841219	-0.03483565580639267	0.003367006396721127	-0.09968909200771903	0.059520631120492176	0.07232370528536067	-0.12147458044948081	0.11942100104151851	-0.014436181038811752	0.02189524473631066	-0.009527859326902727	0.007194791521256714	0.0021691951639898803	2.9082844237044575e-05	0.0352726300349475
0.09620729489026303	0.06323831201923824	-0.02480617039918729	0.12068973562238867	0.029745741534409877	-0.004441749976932428	0.010120380293883617	0.05783579822255935	-0.029919414300343013	0.11692704481765884	-0.014365299082380838	0.055440894456693875	-0.012113376099581538	0.07329342490386988	0.06955776154218264	-0.09871269062537055	-0.006604054959729113	-0.0216777633242049	0.023721220692980483	-0.0009746572339862825	0.03139997011403141	-0.02126277114133507	0.04908793349454213	-0.07073184823300775	-0.06385037864569366	0.016441118887900202	0.015519061875839416	0.028897504152363727	-0.025695486048377892	-0.028972051595950593	0.1148280069904	0.023560446601951328	-0.10694417601997827	0.1723570148557499	-0.03330837830764398	-0.05424629735354093	0.04879947975753086	-0.004239991877264954	0.03896172664373126	-0.027584863388754714	-0.010647660379284567
0.09168998398604225	0.07454444288783665	0.028647389147941234	0.15201492006009362	0.02375866286303601	0.01476371126895208	-0.01034879720140571	0.05074198621368681	-0.052694339769391474	0.11891425255998465	-0.01572223443965019	0.010214295135906657	0.04959541442692673	0.05166235166422417	0.039464875578896066	-0.0488084490646906	0.04555825277827689	-0.050453602828037694	0.050884226857070974	0.03013521433308309	0.0994229252022502	-0.031927533889821905	0.038740765579333154	-0.03368954487794302	-0.04419371330390247	-0.015132041233453172	0.016083354277909172	0.05763363981119612	0.0460776454092056	0.015244854284908564	0.07259654411689942	-0.05032825567888147	-0.024215736293532224	0.14977264325767986	-0.07894176962291918	-0.07289907196439441	0.07570147807948838	0.009660086046416516	0.09006923238328246	0.03738511385027285	-0.06205364453663938
0.10250475187624232	0.08427014980984858	-0.018240395466226186	0.13741412037233391	0.017884472906748543	0.02039581037858657	0.003818692463818216	-0.012420188674820615	-0.014376592319698903	0.12378509922271264	0.07557877043597382	-0.05738221132608855	0.0645794930706881	0.02002545012576428	0.027177040008967347	0.08291380559062007	0.02746283362079823	-0.06661769584630978	0.04599586733613468	-0.018529631399283267	0.0706062329338053	-0.028223346606499538	-0.0008547266436970224	0.04796522738700099	-0.0037308231006617475	-0.06527415088661007	0.012073622205853354	0.015378199388173894	0.03619508290468639	-0.04447096084976397	-0.03536583624379744	0.08252982505251752	0.03675607178778272	0.0049541918811883984	0.03765766936822141	-0.0418566901815735	0.04492741227631352	-0.0026136394411933293	0.044004171029050326	0.022718837040449927	-0.02359748773326318
0.10655688772462085	0.0851551769682703	-0.09064408825123076	0.11711196379767141	0.00801234412689064	0.021647657562745684	0.022494159251891927	-0.046391765246276306	-0.007985059638781617	0.06131243983649316	0.0517147320614631	-0.11502559412527977	0.024688909498730684	0.009869365830221239	0.06325870911964092	0.03493722023212391	-0.013649948121960014	-0.01812510314217106	0.013517021990018393	-0.046701305776250326	0.02943171556760988	-0.014106176309789702	0.0510594698940697	0.036612676848939055	0.0610181124073407	-0.07925006231485605	-0.012839138640375624	-0.05270999178950493	-0.008682689020301507	-0.08043783853673359	-0.09392082512181921	-0.011505309860760551	-0.03336738275783789	-0.017555789715599922	0.025753305240419418	-0.005874030674573379	-0.060934263727002884	-0.04915004396649984	-0.021195371513577574	-0.01782047676374006	0.006978334436079606
0.1017265920221453	0.07942686151099995	-0.07819277926151882	0.12167406794680373	0.02067613684652951	0.018209991309316626	0.03633046096834455	-0.05285777635874355	0.012663471816473518	0.05591051572799675	0.02967220823141552	-0.11401572202541997	-0.018523855492248793	0.03249467924329208	0.08828596694945996	-0.06439114958364835	-0.023588528039783393	0.026795918721419783	0.017296752623666128	0.02175487343485708	0.011579408379585158	0.009373752069059715	0.0968200737509744	0.026459017912246977	0.08322513488584708	-0.0364891580688676	-0.0384555872412492	0.02095206986625208	0.032672861523278224	-0.05688677712621279	-0.07670151269761606	-0.02900160837027988	0.008086125250192444	-0.017822575157925884	0.025895684176414017	0.005609682436448542	-0.05832181957367202	-0.06031567185671208	0.036184263031398996	0.057432465980224646	-0.02281610888068203
0.10376721510003435	0.08468125312074842	-0.03527549039052308	0.14262401826919624	0.006116035673961404	0.03427581593907169	0.03137816478320794	-0.04502327758561443	0.003869682871713538	0.04292647242704557	0.02427002742431168	-0.13181743370041799	0.02448422466290932	0.01261640286032323	0.05877183121430383	-0.027756739708636603	0.03388765104526106	0.0291287039893036	0.016197495313664607	0.023796560618577246	0.0328807954615073	-0.015929199564811636	0.05405706572667896	0.006736255785531296	0.09287788925063445	-0.026118467202169947	-0.045778068177430103	0.08775404261750464	0.09167390391168037	-0.008558230940564918	-0.12447525185823444	-0.016458013168505887	0.006417703023093434	0.015946831125336604	0.07043957975594486	0.03242798055796896	-0.026201315775595126	-0.03902656638533003	-0.03173373689762195	0.02850550886496286	0.0035260817990225082
0.11075892252965591	0.08499760831986468	-0.0752965216577205	0.12174969725623029	-0.005201641107863136	0.04337412651910242	0.06210811809275726	-0.036137780781485655	-0.0054375391103059665	0.01598640899141538	0.028891784022236824	-0.12693264766923862	0.07642083290965719	0.030725534960533478	0.06773284896979764	0.07380966722838628	0.06718066583331363	0.004431865127106999	-0.007727354728845058	-0.027280740082345357	-0.0059009663665591655	0.02579623211703852	0.014555399635745531	0.03815794917406033	0.1484779252846053	-0.03169467272692937	0.034814468808464644	0.03222967186668907	-0.03788928345347257	0.07073702256586475	-0.11993156407963224	-0.015270122944526655	0.015280674830109031	0.029748837668186374	-0.03502751463920874	-0.0008716511657603787	-0.08003214414193466	-0.024220044619949473	-0.09947268110988275	0.022896347919784968	-0.004218472073509109
0.11547027775745142	0.09021785756816063	-0.11956540080886652	0.10845138566525409	-0.0058632949455880825	0.029516679653706617	0.06128562459941211	-0.009435858370520855	0.0054578418218279925	-0.01182249526634381	-0.004560908565129279	-0.11102563986116462	0.03725136565998725	0.047317115177049736	0.0791800945257968	0.0288703450914267	0.02785749818127317	0.015178185334203141	0.015883503236790157	-0.02836582324901646	-0.006819770224146912	0.023460053316234176	-0.0038317872154093463	0.012209143876945182	0.14957426608877092	0.007411801654623497	0.045685397717537476	0.031131578219103586	-0.06870976024159337	0.06563899849405712	-0.07450987955932242	-0.009907846319603404	0.0662905940386865	0.07612334356919859	-0.08217198382664515	-0.015648931047953323	-0.09894675269060961	0.018794791001492648	0.006574565006714932	0.09748922447467549	-0.01835971361232006
0.1153478041219585	0.08650554529223164	-0.11455427627098297	0.12701378508458758	0.0008964090081761809	0.04205108956262024	0.0807467802531917	0.022730159578548088	0.009650007150238869	-0.017255790134906034	-0.03106868398403721	-0.082612329068117	0.019164935202937668	0.0658716409090323	0.11891150484520621	-0.04810846517923892	0.005799360214307577	0.06283460133626283	0.015797571437594686	-0.0491017514374617	-0.017414723363410302	0.0323377640488442	0.06282822486555197	0.0002488438463773765	0.115086163799235	0.04132517065313407	0.013314298890207058	0.06625043826410683	-0.012238518697170526	0.012466033075388808	-0.05553874756720513	-0.05805471157957792	0.05801053653736288	-0.010582180120337478	-0.022066375490733002	-0.0018315687640208973	-0.06707729620227199	0.05893001118581147	0.0672567922784889	0.09020486461172217	-0.04724507557304512
0.1075859895711907	0.07478817564984074	-0.1081676572646277	0.1354535598994147	0.00821799090002088	0.037160636063579625	0.07339712870983466	0.06938663577530163	-0.004061916111686391	-0.009410840530267077	-0.07031093121759065	-0.04970904752740631	0.0526853241920464	0.06656371041572116	0.11236266267729228	-0.002400487129530989	-0.0021027088453010063	0.05792866631229185	-0.026451974606905237	-0.05385765987772426	0.005444412207817273	0.04630286119299472	0.038712325126056504	0.011229623469933385	0.14863972022246164	0.03570848244825728	-0.06122986898247059	0.0634800342873304	-0.023770782276040403	0.016109350887696938	-0.09496269885966294	0.0674631494572119	0.06278380453692908	-0.015291697976779171	0.02240584852976121	-0.04185538101664818	0.00969759574190011	0.04549990917804061	0.04226504676075273	0.09051832131387363	-0.03143818118566749
