ICA_00	ICA_01	ICA_02	ICA_03	ICA_04	ICA_05	ICA_06	ICA_07	ICA_08	ICA_09	ICA_10	ICA_11	ICA_12	ICA_13	ICA_14	ICA_15	ICA_16	ICA_17	ICA_18	ICA_19	ICA_20	ICA_21	ICA_22	ICA_23	ICA_24	ICA_25	ICA_26	ICA_27	ICA_28	ICA_29	ICA_30
-0.3231827790658607	3.9973985920175354	-0.20391944843340415	0.3130554249699931	0.543296718023777	0.9502684102400705	-1.0177827578980916	1.2958081528690266	-1.0349412342564097	1.3441050567643973	0.7436227559753797	0.11263890890230975	-0.2463113912812854	-0.45683795584477477	-0.5440357825381384	-0.23542416660369883	-1.6321726311628542	0.7092762320321745	1.6101934636169928	-1.690222293864296	-1.1848324249247915	2.0578171777282717	-0.22497078093109124	0.7722724755655843	2.906522297412934	0.581180485626346	2.767276989590032	-0.9472487816507206	1.2844746874194393	0.7299857554991508	0.9118050990213459
0.3090208609644291	1.7479376775355684	0.06298259893325787	0.4892419436529285	0.5767829938154798	1.0964666254185376	-0.8292528937771396	1.2714947812300776	-2.118850102050238	1.0354251484567656	0.7616207720584209	-0.2711315504393958	0.5194451544165899	-0.0007025647408238703	0.14553080553552414	-0.47603583174002345	-1.2174146765292972	-0.04785186918613534	1.6558676730600792	-0.8379409121600229	-2.0333536908389473	1.3672528245731175	-0.4741279904663336	0.19380917663424257	3.325144710149783	0.460057238418134	1.889142273348643	-0.6703111104456672	0.8881994346545172	1.1849987059430749	0.9352330157254415
0.09041455630428513	0.8776007040171792	-0.2843171930700392	0.40973234557982874	1.1035032777076415	1.4286934981539294	-1.2148453060446325	1.2941320722261178	-0.7886056533371057	0.494074086497019	0.7571025637756368	0.26959883541723756	0.8550858468608924	-0.4511223853312475	0.8009718989008829	-0.8450306147877428	-1.616390012239962	-0.5992056917006332	1.6905117728685033	-0.34176030108464595	-0.9479702649270894	0.8053039256599386	0.5862155075430429	-0.47054074101193466	3.081664259600267	0.3455855162490429	0.4345414772977431	-0.5916385182499097	0.6524201455833915	0.5248624044553188	0.7310816476804289
-0.03787165434092249	0.5488117836765354	-0.4669461504614948	-0.4259122486879203	1.6069934301144293	-0.04654813049122984	-1.5436942109074645	1.0519482316416573	-0.38733484538850027	0.3178672704290473	0.7385339620933566	0.9563434904935931	0.8459082213099962	-0.5836905301122374	0.346572095718758	-0.18328397268654043	-1.3127340652144408	-0.44691484570456036	2.3576773929130135	-0.20318546514842484	-1.3696553319977633	0.3506434310866866	0.2732441849643239	-1.1519719335407772	2.957298857505023	0.9804876548373661	-1.1701716483681173	-0.6696809505784576	-0.30957146784377515	0.31148224088444026	1.337094874755439
-0.00024828400290007784	0.6143024869286243	-0.5045195897865984	-1.3260346442720075	0.4186355912709476	-0.12125803800854103	-1.1699335753080975	0.9454445195285932	-0.6049380297541634	0.7737140567618754	0.7452987674808639	0.6908673000327314	0.10220104251464453	-0.3054273499369773	-0.5893354896637166	0.6073303490453835	0.7902674041002035	-0.09207961650397335	2.3643562935214235	0.8822965652101044	-1.1568537242570875	0.12713730206301485	0.4919327873039651	-1.014729135302839	1.7788172128272455	0.756309540141249	-0.53037113487725	-0.7435435106567678	-0.0744846440991257	-0.18261841099837728	0.994507908676429
-1.0315878972091634	1.8796917756606641	1.1111761087822274	-1.5166594370779474	-0.5247584475404615	1.2448964181493494	-0.06818656554556286	1.5021432273320505	-0.7913527210559934	-0.6222077374681216	0.6124768771731239	-1.0911779510080342	-0.3993296167751635	-0.5249975775189601	0.2451081502292809	1.7001326787935116	0.7457944707564033	-0.31617361195496496	0.1137048824616415	1.4961619317920356	-0.05406866211605364	0.9983645756755897	-0.0301988782777793	-1.1568181819400893	0.32604593786609354	-0.022353820733880005	0.07635837164683268	-1.1113218896218051	-2.817083631470361	1.3481983058999418	0.710261255788738
-0.5449810001908318	0.7725476369234349	-0.11625962950239886	-1.3330893300370668	0.443190690085091	1.9952341930079118	0.8528832091024139	1.056417992443386	1.3144828602911764	0.45692113674272916	0.8395623548480093	1.617736174803468	0.13276533835376558	1.0586809786974212	-0.2333265131176166	1.318016519885534	0.24332383643687416	0.46907864358675366	1.3600662744208378	1.5984715111543517	-0.21047640906148854	-0.31845661047972845	-0.31065480249596195	-0.9298464593532647	0.6996857792527356	-0.025800795855740907	0.9787227032761968	-0.5421032917016343	-0.5359721344696692	0.28008646460068376	0.05045094740164841
-0.9846071351332182	0.9434422194744072	-0.6150262877384556	0.3126036090143035	-0.45515164290566645	1.9547391642496972	1.4594815084975228	0.6555291125680353	-0.3657818617655107	0.12490029651888021	0.6619079126177514	0.7381930984474336	0.3335928372993081	-0.1316204020853825	-0.4633166110376071	0.8136727484953182	-0.8724028543642085	-0.07210511265582595	1.4550559820942754	1.7500850679086146	0.44113436913182336	0.2324292336965482	0.7941861457659188	-1.5573232030299322	-0.38307554526410253	0.5780582641009971	-0.6815841303473456	-0.6833461390606088	-0.6758882814291751	0.4121553399637433	0.2526675343927156
-0.03183179502566217	-0.021761565043323838	-1.1645064752906227	1.3903501916014425	0.5710562531598361	2.2544622259106615	0.3928863569351579	0.7168545007676792	-1.2553397471518837	-0.04627178477729928	0.710611700960549	0.37019260979951657	0.8733729697904934	-0.25544581775910186	-0.8693338492431187	0.00990534837468206	1.130569731268706	-0.404933265197658	1.5562179064190076	1.2715525903538352	1.1463080773964933	-0.15684824550865464	-0.8791408072336293	-1.7709323299693267	-1.4196418180288057	0.5279744464110347	0.031177524177144214	-0.543896037598199	-0.47097975079852883	-0.7086431212910084	-0.03308762368810088
2.5659048207850153	-0.7047044618203944	-1.5448430350207252	1.3894608802326829	1.1526886130673404	2.2108304260079943	-0.4588784819882897	1.100552358776272	-1.0414542142242773	-0.11395023669624797	0.6098248116527611	0.0633067009839888	0.6344051268131538	0.7239449425973487	-0.726529832932062	-1.0865192883706185	0.20162963996930056	-0.024762154499667302	1.423397826609483	1.035010137695333	1.4223681433431095	-0.007442456072167219	-0.41345384223168496	-1.5756726501215315	-2.08202827235825	0.5953731175519473	0.820116881248859	-0.7454828736388308	0.026032135998590073	0.08492401379351133	0.455361792427966
3.310197948319786	-0.6068332102381657	-1.691311477932095	0.646784012419194	0.21295126777745713	2.0896578887317765	-1.3232832056892496	1.1533855277904286	0.913430083095457	0.09312361237979414	0.6396121247296315	-0.4060159922375952	-0.010571961476976921	-0.11854819159991903	-0.7715344590152364	-0.5536387031474701	-1.3803725281435564	0.31635070225819395	1.350629649414237	0.7789783378338572	1.2408543415864826	-0.02551777635623339	0.9376684232225384	-1.4597093016914762	-1.1895362948744437	0.39935590029531653	0.08659982712728373	-0.9602926761642109	0.19173021287094058	0.5827030891036903	0.8762906760221565
1.6385886888126717	-0.12218142128392276	-0.860118276938078	-1.008439156916941	-0.419189566971586	2.072826141757725	-1.2715543303509378	1.0271468045261887	0.38781957993280786	0.36854497128018177	0.5905412316252115	-0.5997358422909853	-0.3250964819201776	-1.0423229081459842	0.20950063915757453	0.17748065935444726	-0.37483737756740027	-0.010067382915126393	0.9280384855157336	0.5017227123502557	0.21244879165796307	0.15953364157521516	1.6388066828334724	-1.0207692777833828	-1.181402815336575	0.15929032201224166	1.6049398870310303	-1.2048100613779322	-0.6017052709922235	0.18470232592040786	0.8760527698507211
0.6639163216598885	1.0338426128115652	-0.7497753822981851	-1.585222355412411	0.2018961685298112	2.1117185699056327	-0.43121856538598735	1.0873307380909367	-0.030311286485146367	-0.052756879490815506	0.6744741312042586	-0.19905399630161505	-0.5707562571347372	-1.8407857236844167	-0.33528581198484897	0.9021334083957075	1.032162794498171	0.022542212630293476	0.9727884184977336	-0.9746385373505756	0.6824107610370932	-0.5186041536828692	0.159063439495067	-0.9328854283271316	-0.5986619489065124	-0.015112200427685121	1.053887439531076	-1.1349856231920386	-0.48962764684251936	-0.2243738105402966	0.9044893560977559
2.346644530117546	0.7040707036746275	-0.2663833903386288	-1.5727961625517108	-0.620386551277085	1.9006897852803186	-0.019867686742877054	1.5082183970658447	0.7622138799418724	0.13384869751735343	0.6645721309625823	-0.5029006186786699	-0.4918885731012479	-0.6415845721697994	0.535050086002239	1.255397034857899	1.1086276429598911	1.2805644316177212	0.12117159186267965	-0.8264938039495859	-0.755050429225526	0.23141035549146094	-0.746757759562809	-0.05848474591751395	-0.5809500312027045	0.09981955267271263	0.8314357810962646	-1.0461514411414088	-2.445631456275194	-0.6326691186168905	1.2750159117024367
2.4832341656933274	-0.35989597439125703	-0.9014044373635596	-1.1398096626010834	-1.922801132433982	2.0080788897319164	1.2219338575606356	1.0626449616272178	0.3208929821635952	0.47049622012918935	0.6944766325300655	0.580385536091469	0.1169661860216137	0.10230137555597531	0.8202507144848071	0.5157674703533977	-0.37944873775712895	-0.3823083178716849	1.6217171624142788	0.5453214627616626	-0.8231146850109149	-0.03707318214680668	0.6552967132479393	0.1631123748683182	0.17386744732033652	0.4709904372880505	-0.3272081803047158	-0.5393772036799617	-0.12671814333674014	0.062152227568474945	0.7661915328050887
0.4799450465705036	-0.14134343300133978	-1.2775314013357248	0.8239966902689131	-2.231862394116982	2.1207690270899624	1.231327912970878	0.6837919976159732	-0.5437071492927965	0.6309325574382455	0.5842772464649459	0.6931555076848015	1.1574070495657398	-0.6523593791577462	0.4017363027831752	0.3333839210258088	0.023670649937579072	-0.061039358101709226	1.7251823755294864	0.7182418363508366	-0.2734545165342017	-0.16849728995602226	1.1970943479593872	-0.04608283207211362	-0.33175467988148977	0.7699780809742688	0.25803672176960857	-0.7985589462324558	-0.1431402870385166	0.00023054491602370815	0.25663811954714155
-0.23721558544017204	0.002539461776497148	-1.1098647735449683	0.8959024203812123	-2.073329327414054	1.9754147985800332	-1.0315563885252963	0.848656440107489	-0.7341721739061268	0.6439482221534372	0.47848492006777965	-0.5649058953498229	1.8217123451678499	-0.7102615619842871	0.4329589870819099	0.30849548077173666	-0.847482440509756	1.4633765085901467	0.9785295952615575	0.4537698696185335	0.21829656372047423	-0.03513440402800794	0.18865079980437868	-0.3087547625145299	0.04589700157175413	0.7896816617773581	-1.8499586171717068	-1.1000673423720297	-2.4135702133771413	-1.0065831128196032	0.3480153150754043
0.11183487919401518	0.017201281129585144	-0.25226967550270146	-1.3995769288058506	-2.110974406190815	1.9370462402791278	-0.8374592837348316	0.9395157181456841	-1.0020607273907765	0.3389498173028767	0.5928149988976242	-0.8317990640504515	2.1819603444349056	0.11733433113721695	0.4584369429389712	0.650321116920346	0.499097947641635	1.9098178615622938	0.5155726569711798	0.31386108654146966	-0.37962775576329044	-0.25395713784928203	-0.6141955127005033	0.1328013730025649	0.005858464157615641	0.384176137068434	-0.6502704809163825	-1.0668802957125216	-2.190616806298609	-1.055679816624652	0.48321279015295976
0.2618038939603038	0.4320702303473499	0.222174246632534	-1.0559311732911674	-1.5284546980392568	1.9640706490855675	1.2998157777685657	0.8337960728797893	-0.01444679013750357	0.700456977061925	0.6532749783366854	-1.4103710468707455	2.3670089906905414	0.31461409999237966	1.1158250432526295	0.7793454003862333	-1.2999864214420565	1.824168035968903	0.6081471311774972	0.7734795489328898	-0.39699315068749447	0.3295788209916197	-0.4804012758392102	0.22621304119793315	0.46445130135065327	0.20436626883330955	-0.80982004179371	-1.069512930723533	-2.0570671898174524	-0.31090716859000395	0.6139046352912634
0.7265259809321739	0.49389449960267623	0.8773013387616823	0.4158730260467614	0.18167149034945623	2.1315187689088266	1.3599997117587894	0.9043697569384119	1.379467089208429	0.47656970444402413	0.6606061308680011	-1.3537926918439815	2.1808412414064846	-0.5508124798372656	1.8564024512110138	0.632674510066626	-0.6319119692456808	1.0522269556674757	0.47891775931141956	0.5199368639937957	0.10169567041618102	0.14301011438272418	-0.19321184280507572	0.7390481231325524	0.21431915369057022	-0.017875634633465327	-0.27001980162470957	-1.027986434906464	-2.1625790189567096	-0.5353691577572548	0.6685597598536062
1.625385576134128	1.2990733109607553	1.3207967788647812	1.287228489083958	1.3786915292076156	1.7582310481127705	0.10184660976243018	1.1336893086663413	-0.10955611980873495	0.08692623473438506	0.6510904747154364	-0.8127636674552794	1.3677907774899367	-0.33827009382273526	3.3492070610310978	0.14584047720538715	0.6292775048459032	0.28379814457375596	-0.5815048485769663	0.020928086806427153	0.44735032020172816	1.1803891241845577	-0.3847148874831591	1.4685928307813374	0.6247450430826567	-0.2883627915051256	1.3830224276538623	-1.4151594448055589	-3.4123363224167567	-1.8424950561182376	0.013788820699792658
1.5459344656962615	-0.45741443508077606	2.7942785176849276	1.0907221060982122	1.2657256546575912	1.5016189596700251	-0.16247726682376376	1.5803811640955934	-1.24991246919975	-2.0394388651396183	0.6602306206645571	-0.9500759945785113	1.206741493663563	2.1355534495687887	0.8720842695685931	0.664525595559354	0.1082357089939477	1.361642045496277	-0.8861087016286708	0.20458593196746855	-0.08569982776018717	-1.0172549890489193	-0.5523792908445481	1.097186839855859	0.41634856529240305	-0.942221233264358	-0.7896206231859066	-1.3891052123382819	-2.343491600687512	0.4452400962131208	-0.009852984070962039
0.9670731667585074	-0.7480673952813951	1.8333751929993187	0.6638335145012952	1.2411833535416936	1.887462475552823	0.44684069254040204	1.4539194804299505	0.76306610211506	-1.4443900220495216	0.9513620004789856	-0.46725069726977997	1.0372066143975258	4.473688085191214	0.21434671713999426	0.29647789716048206	-0.2247851566284488	0.9030683878897594	0.06431756620781122	-0.6848491660074106	1.0938586234738652	-0.4119858454943237	1.3777521197414953	-0.13912629419218173	0.9132582827036079	-0.8905068437209146	0.45349084615246177	-0.6949026410819406	0.8976030822929905	0.06379405613132341	-0.33575473483749196
0.43203893528861925	-0.4689027921899942	0.685249122555457	0.9554113567779856	0.7434183298009911	1.7601210634724354	0.3351208610515029	1.4649136329142918	1.3504634649158063	-0.7929040904468764	0.9184798500297109	-1.235955634107185	-0.40271655254232486	2.705887103632394	0.6632472980074479	0.4672099796817554	0.9730223297487557	0.9033410997758322	0.3513448026108603	-0.17884644327160498	0.44034534932240754	0.43797260574679836	2.2399398295699102	-0.029237167825191906	0.9164244351169774	-0.5337089144258241	-0.3328635726717614	-0.7304252990926191	0.8372430173352151	-0.3286111746427612	0.029589003523770425
-0.11669792817395412	-0.24706792435171168	0.21808240876651175	1.1143706381409002	0.952686109010653	2.0150202750437316	-0.43354569803943094	1.2754414897185318	0.713671709374576	-0.2465981989080829	0.8571452620485904	-0.5954008242542166	-0.7620804889267767	0.43283873607088463	0.5981837875474916	0.27748865696827735	0.6914408797308148	0.6040808676975558	0.6577026821109473	-0.8327594929087547	0.2472334244570761	0.1193465583362387	1.6959007186982644	0.5497637687315406	-0.2864383091012001	-0.4719654061626617	0.04237781353256139	-0.8252823342847784	1.2503393657707622	0.5006099537575734	0.08556851709769782
-1.147133921734852	-0.72352482146568	-0.2955669859041462	0.29021346662621283	-0.3228706038936558	2.0131237045286317	-1.513367227878881	1.313173811424728	0.8418505733915963	-0.40602121778552663	0.8075874513862642	0.10532421514532356	-1.0449887151747244	0.5689311573485578	0.832890653395993	0.03346074096732337	-1.2755597651358666	-0.15431914234835228	0.8547116783607368	0.17813808229808417	-1.0240792993692875	-0.5231150193538747	0.7512988008569791	0.9378252838753922	-0.38643519765414713	-0.19276323345698593	-0.2878994234416701	-0.7479800790769335	1.0506680724290012	0.8210181316700274	0.9147682673601532
-2.1995192561238373	-0.41015137076049796	-0.5423983284497568	-1.3572555299416889	-0.6268327673331276	1.9875192474735786	-0.9616258766466502	1.1360713754467942	-0.745175409724977	-0.352315688733151	0.7168495362637867	0.38740487040278776	-1.039697589205251	0.04657443541708564	0.7965331946498201	-0.5402079478934394	1.3529730721025661	-0.5372748437982123	1.1864489852097018	0.9024752310133125	-0.7136492385639812	-0.7511499062118704	0.9513720941425063	1.5462663103784753	-0.9428334448988492	0.11894887617970502	0.009199172059518564	-0.6614577158088231	0.6386210357383723	0.5990864372462267	0.7546199397613038
-2.5713919671184478	0.6785211214669937	-0.9439090549382133	-0.7669692788723897	0.5473070212113718	1.8417386662323543	1.159887816656435	0.9458408787388847	-0.5955492002580276	-0.6683387853971794	0.5633751878555858	0.8686867831442932	-1.525416578536867	-0.981392777880337	0.5731407232524135	-0.8562193072918876	-1.6289599972884545	-0.7127663188872098	1.3978904356899793	-0.027487126161213557	-0.18258648371741518	-1.3144120776384978	0.4106375638217649	1.397540916645501	-1.7218609644997498	0.37798539415700544	-0.3625276641576273	-0.8431583465062135	0.1471097171319186	0.061831184788891734	1.0194713062330256
-1.446773840223405	0.6005033204615787	-1.0159985645006986	0.5806582874005726	0.5022673599312224	2.0116845967135193	1.1610510432803849	0.6193046881172845	-0.24642915385852507	0.30498960316461027	0.7042225383360037	1.266926575443997	-1.1602914938386413	-1.0510633800366342	-0.6388555815835678	-0.7758460650645896	-0.6025047589497007	-0.35813662363732035	1.0784948722773475	-0.46963271317638544	0.08481045447440688	-0.9584636039138871	-1.3699603349220972	2.1370258287030692	-1.2014534288606422	0.4216246807860841	0.4321405624410083	-0.8936994818490228	-0.3429072362283041	0.6976320178531884	1.3805799106167684
-1.5155167307041153	0.7102895238727013	-0.7962108930994297	1.3191656366265185	0.6578964318981302	1.4691073476274423	0.37857446456676036	1.1171418232702675	-0.9731944480284506	-1.059051149274381	0.49091465575994797	-0.5791147131395972	-0.8752889987559671	-0.0611330249597097	0.2887079895111264	-1.203438403787255	1.6145782216229871	0.7819603903571107	0.7998200557564209	-0.4908118226050497	-0.45952643654911374	-0.6446808665994398	-0.7185275905317245	2.4411831469224894	-0.9281276940476562	0.45133781708933046	-0.8090382442165711	-1.1566136158357088	-2.1875380632377803	0.03891434712992899	1.2275068781971035
-0.9798732979920822	0.6884450106110509	-0.27623595597142486	1.3045251233954518	0.6311317946400478	1.534454054498387	-0.040627026480814434	0.8555743669299373	-0.3653878608951912	-1.162588527633011	0.5348772298083305	-0.1923659831752237	-0.5446767198607083	1.122196736350726	-0.015295087122730193	-0.45333001260598543	1.2950424632098672	1.5413675815561274	0.967298001837145	-0.23758951921080232	0.7236137862181228	-0.993942424128556	-0.22319137977122389	1.4333381565469239	-0.04954419706483832	0.2123430240060774	-0.5242050646005906	-1.0942663155797099	-2.057120972298163	1.0437248115532958	0.5143539450076149
0.4269802288519932	0.23106379101478935	-0.8295979436060048	1.244616403112368	0.4915721890252441	1.0018496010385818	-0.15976571319431165	1.2447002646070484	-0.9452839219844854	-1.6188796830946175	0.7231191693214911	0.533174020595463	-0.5878843887154831	1.4882714234217695	-0.6459286448154641	-0.2554286233315905	1.3620327020058638	0.48986770277845165	0.032714494378638034	-0.7881275385240943	0.20017631578675554	-1.4036977285822412	0.37443352426833143	-0.4491986672561669	-0.2856218875606414	0.1952041001707014	-0.47592761289301466	-0.8497167420199427	-2.0909503541855647	-2.9451486078546028	1.5435055284757737
1.9140595179277147	0.32571471565232896	-0.41888038501552527	1.2188162554271296	-0.37586815032794857	-2.4799278262183297	-0.8620475698426924	1.5555243242344052	-2.0828164918304677	-3.8260725612486572	0.9183125783564625	-0.12854054784453894	-0.21372345482317776	0.7112841093098077	-1.860858912449655	-0.7908483644175459	-0.6926046684370678	-0.8905778521458021	0.39314728862483844	-0.3574606776868509	0.00047095913803078435	1.2403776073594224	-0.03152348570955936	-0.7178749675201302	-0.09660533607190018	-0.4187203192363603	1.233620915919327	-0.8089183811736682	0.3249807653522912	0.9939433845454656	0.21863575167730456
0.6345168288063909	0.7684457242268254	0.5928181275852618	-0.11486506702097894	-0.8898307815481977	-1.190537259388524	-1.4472214855815722	1.3840192417009745	1.4335533300164944	-2.856677150062805	0.9503954626035218	-0.4995907574455362	0.09213517927986307	0.5404143763287719	-0.19496719143285962	-0.37217992996640076	-1.9200275059973961	-1.437626175929098	0.2605346634747969	0.06644927289053106	-0.4391640674740153	1.1102306644516593	1.3953983169101323	-0.07091715969454244	-0.4172003414005459	-0.9785697479634164	1.7421924164028788	-0.8718481454132626	0.7651751892711037	-1.1607647396716585	-0.8081387620834939
-1.1652715319075881	1.2249896102363615	0.48905521488586584	-1.4676081618976269	-0.10990745890565745	-0.9398049816689225	-0.7838456570843259	1.4677766092563846	0.41757021174937875	-3.0464948519249075	0.9344607460069415	0.3729205608873867	0.6749676623426674	-0.7530684973820451	0.789013073725356	-0.3860054834071267	1.363543265430327	-1.4201519275829164	0.5378260051298301	-1.0366975924381998	-0.2610755396281443	0.34494053068877994	0.7179688861221694	-0.5361999372070966	-0.49606078568124046	-0.7865577686065707	0.8217771390188151	-0.8879171081325288	0.739065674761952	-0.6305327082803496	-1.1751042836636945
-1.1285842928503693	1.1870680230921193	0.669897108166084	-1.46766257897765	0.9095680585482997	-0.5571994150476816	0.42680381446090054	1.5592150083000427	2.1784607638888094	-3.285814644029963	0.9379280611718149	0.7283801046575589	0.7635004010557	-0.6117224298362904	0.463044475982221	-0.40509827324854986	0.6468941450925616	-1.4475506401415752	0.5402185997004479	-1.6889107973384132	0.011903156654023611	0.07438725417995151	-0.7369571655372436	-0.12683127375001874	-0.15740598668650643	-0.6581556387584708	0.49513324468321995	-0.8898446016096252	0.8929690894160922	-0.5356919870737076	-0.7509883879232118
-0.23355228911115872	-0.04349358402895427	1.0317544397041154	-1.0891554172798013	0.6016639428344643	-0.8720456162170399	0.8290922177532292	1.8576879947939633	2.8538334002958923	-2.549268933166167	0.9795403404159145	0.6334069077397236	-0.0645838961785557	0.1561688718781738	-0.027186608802558687	-0.25838824133901667	0.4910973240442651	-1.0497250296282539	0.3467687347519667	-0.3321818932194482	-0.6446314647568869	0.5640186388488264	-1.094534742726916	1.206770349325047	0.5327142809615143	-0.40459240355547965	0.5628455613890297	-0.7826145965352078	0.6537046761102868	-0.6657556541291131	-0.11707638043029939
0.4776928132143919	-1.222813910211297	1.0450429123096054	-0.8225941505392766	0.9438457634583091	-0.7975143130954809	1.2763796400140324	1.4130688931479762	1.3177276724257445	-0.235729458588237	1.0963914329384041	0.035449771250585176	-0.37835941376988586	0.1826223776908398	0.44745697472573276	0.2621203588889316	-0.7001837303213762	-1.2185497635000735	0.054244340417790506	1.5102001497585458	0.037073833411034665	1.7866729874994745	0.001509185558160088	1.8308168362737645	1.1130781898483182	-0.4693693019035615	-0.40504797450053714	-0.6483829169837273	0.24168679877372135	-0.09807859727289452	0.5391413525702579
0.5967790644888601	-0.8091472265230691	0.6039544034690872	0.21280070772472748	1.1743518686002743	-1.3414873828170955	1.5273520478904858	1.4182557884940545	0.15130457572896552	-1.7026834564718905	0.9527951535849823	0.39112746498553985	-0.5289077047862786	-0.0900299347219343	0.4916075046097984	-0.33266657263880406	-0.612779837029007	-1.0827507982358404	0.5501681465112956	0.736805277709753	0.41573570904103085	0.8769360078848186	1.666362819555337	1.6119658823164156	0.809519933028924	-0.29371792952516584	-2.2865076448133417	-0.7219868490945968	0.6515560325819377	-0.01813485113310906	0.357522420282909
-0.47728477592696106	0.24514188324995792	-0.04436668987816184	1.36825446552619	0.18113495533396928	-1.7351556496453866	0.20491843541859017	1.226627786258709	-1.7388962248737971	-2.0146579293789215	0.8467146800814874	0.8714537938704252	-0.6961817343310089	-0.598188052433226	0.07928537333937806	0.3485068385541912	1.82269493241516	-0.30928374364075206	0.8499310709638541	0.5619122363498216	0.15921330718306254	-0.21313093495579463	1.434322621407179	0.5927776344029259	0.48040434916749597	0.2448044109897283	-1.4919502826756288	-1.046280867347925	0.5655789885489445	0.06887689056875886	0.23367932109185913
-0.8432178035074182	-0.3093553268175859	0.0601502809035269	0.836204463544777	-0.10556695685376168	-1.4503842250855534	-1.285341070421461	1.3385754638781657	-0.5314727510684849	-1.9346536339283045	0.8809131259085299	1.0556224811426644	-0.3145392740820564	0.03706442422374735	-1.2516799394083058	1.7177407310602733	-1.0001855202600443	-0.10955542492070354	0.3823902610281782	0.7148527801511168	0.12772425465464324	-0.2735148046978989	0.0840976618157619	0.08820092278965416	-0.4779974076093743	-0.176428161224542	-2.934078635432699	-0.8865449061785191	0.8530171118264342	-0.47101408958681723	0.35190082234277287
-0.09650835271829558	-0.5021504937445926	0.26400572894934676	-0.6050201068376283	0.5943001852962119	-1.4328489993024227	-1.5567653701620376	1.2020755759460875	-0.5871704104893997	-1.8179428111141243	0.8604712816531869	0.645957161844025	-0.3942757662405609	1.277158274963259	-1.1371793192878452	1.6830943006498513	-1.2307248542390112	0.16387946204555473	0.2636602218011632	1.4138905104266208	-0.4008415481975366	-0.10622576806851411	-0.24120721966153044	0.5402542402610284	-0.7131163850272043	-0.4411970711237517	-2.162590135880302	-0.9001138316447238	0.8115842054387248	-0.749985970370101	0.369771791086081
-0.3313797337816815	-0.2645366220393206	0.49061374927066137	-1.56188779334418	0.44566290382440055	-1.5538788715790508	-0.5323017917558818	1.085347014142635	-1.5099551070088553	-1.6839697523087365	0.8110535055286476	-0.23959418823113218	-0.5566247246011998	0.719761781526931	-1.2036367310966705	1.332294109925954	0.9110841663586513	0.3075081215335122	0.18744684308002038	1.5200909226007961	0.9742455684434143	0.0644967356132483	0.9798176611749149	0.26774531557505227	-1.0097788627977922	-0.4769224033385535	0.24144880596373045	-1.1464594713211163	0.46086997224274534	0.17743193542635943	-0.17494676213913654
-0.8599850782509177	-0.20049358356868308	-0.10621990306748223	-1.1905381864061826	0.556226838493308	-1.3324866884211446	1.1362044829459832	0.7711219350104144	-2.3839586511412643	-1.1708178892627807	0.9154670411388158	-0.9159661897030119	-0.5721553836215566	0.2565326686816112	-0.5085750061252005	1.3569774205996175	-1.309217997740931	-0.30199210141486643	0.22652837223929087	0.03321580596888717	0.8183624499257597	-0.5258396172688059	0.8671837352195805	-0.3752163421631013	-0.6172252025654892	-0.8721918294846127	-1.2260040636524798	-1.1092337454931882	1.2296376753731255	-0.6757238351069356	-1.199249818255804
-0.6877918229200404	0.5365007471295816	0.41509024453413096	0.5794740805233207	-0.8623754726766485	-0.9938983532686574	1.2518091382354233	1.055530817472845	-0.412075536101146	-1.4378453443628338	0.9007438378788465	-0.034893619968594115	-0.3616196982513514	0.151434671938447	-0.3740977257291855	0.9372332022719316	-0.16861691400814885	-0.6441842133563042	0.14884267120181788	-0.2143237008172169	-0.4619922405568824	-0.698583812892554	0.0469307275804268	-1.0117122291528369	-0.6005620372730137	-0.8374383425408229	-0.8095480090765965	-1.16738622661236	1.3586300772620608	-0.5277713771588102	-1.8433125516341546
0.16753422969826356	1.4830525983815168	0.1643460626120245	1.2623529255923516	-0.5904080866810741	-0.4032600013838333	-0.12942966214230975	0.8444775155403559	-0.8069165800144168	0.5136889385908502	0.9813065942692346	1.7837675963063093	0.38734415821646445	0.16999714173823205	1.3448261730353661	1.4691077029308903	-0.294562263185814	-3.2785720025813343	-1.010267088693617	-0.05842611537640625	0.8242593826106994	0.24111828647052305	-0.9787812714830365	-0.9040950407117109	-1.4420005432880918	-0.7307207003344189	1.172570484401346	-0.9377387635387532	0.2948899424192994	0.2283112607282771	-3.0100528081063023
0.891701860553982	0.41268562696382244	1.2019658763960854	0.8183469014547698	1.185853728559734	-0.8340017054081821	-0.8573526287482947	1.9371823512756388	-0.9246914715079119	-0.1570571742764696	0.7286349603128824	-1.3066386449047036	0.03604634679547204	0.016341444990917327	-3.235418899690552	0.032194444863379634	-0.1014646500049649	-1.49054673029879	-2.8999327268465165	-0.072023785612448	-0.5151677728081793	2.643242964866596	-1.2734750890831212	-1.1803557923727566	0.07083288162904822	-1.0652447758733845	-3.4608695133793086	-0.8862780196287825	-3.242638062114839	3.9451676543852203	-1.8363273722775826
0.6105419264137097	0.27750701824014473	0.00332276299383172	-1.2412825279981448	0.7833815962390973	-0.5825554704106883	-0.2708738814142487	0.32478913799549314	-1.7497403769873976	1.2064822462207698	0.9641142920583877	1.0746696530550566	0.03118166358824367	1.1954964736536726	-1.3251540260970887	0.2915142590360297	-0.1909623554423055	1.3478056144814252	-0.7894120761542494	0.15571666869302522	0.5741007129366127	0.7028484998141787	1.3983439523062	-1.0506437255801457	-0.8151960951881692	-1.306369797043093	0.2662352798715541	-1.168510930822408	0.2970796203458101	1.9972316363710128	-4.113964807288824
-1.3881581454238956	1.1910159701987495	-0.3581021879486122	0.5113204759554443	0.9308547451700534	-0.1056939256937972	0.9418822264843364	-0.026109542588391765	-0.12316843918990887	0.8270792786429928	1.011853092426779	1.3133915304819832	-0.07287974918701118	-2.013283607372535	0.247555443777283	0.7204158121696113	0.5572639882121826	0.2951583108972556	-0.8946771811096623	-1.5720582211563106	1.2871808995564262	1.8769701243821515	0.8664893882624112	-1.4029396221230201	-1.8038991231771633	-1.0247213353696207	-1.1688181023047846	-1.2095806760161723	0.8251489528892167	0.31053373983369453	-1.7988998864540626
-0.7501034104674263	-1.556121813915171	-1.01314573115448	1.170658752489957	1.0167723472987382	0.19564237743468071	-0.33083278986096365	0.7304123249033994	-1.7421645022220145	1.8990995942661923	1.0855481565773915	-0.7156360244909077	-0.7516884213543561	-0.7419199104109385	-0.287472273464854	0.6999421559677368	0.1600917346051832	-2.179679499726518	-1.745887095181164	-1.681738303894428	-2.8599526762129197	1.226559743131993	-1.9550567521036544	-0.2970951065850047	-1.9661350789705019	-0.8241497193017662	1.1093883582603459	-1.0035034244871777	1.88486825763907	-1.129514193590096	-1.4802707001582938
-1.1583571720644803	-3.7280550732400464	-0.19335712082002537	0.853217347143092	-0.11634116295329419	-0.07872204369152647	-1.3270617560905684	0.8526686555090697	-1.018522760334479	2.148371107627425	0.9281091191870484	3.0109339532792165	-1.7357539017120427	0.3176635295284406	-0.18925388987237535	-0.5966339873018366	-1.1088438999632242	-0.6390349081402087	-1.9236244644989955	0.9955118841457914	-1.326553230635803	1.4396044050795527	-0.2493260442420069	-0.045810192239408534	-1.6272468904184378	-1.0595685684035185	-0.7041889750801027	-1.3921729395800244	1.3054774080969704	0.26030431425596456	-0.30461738601179644
-2.747520035819169	-2.1590656943395388	-0.010569756108275674	-0.5374974909783166	-0.08957066073884315	-0.8590960119004646	-1.2300130419832418	0.3722498255697913	1.5109240652763258	1.2933567704683295	0.741389928693855	0.7808391172208757	-2.0273265786502606	0.7445482669129261	1.7803794316217163	-2.8339637516365395	-0.21300054788067277	0.7519350363466453	-1.289481564928953	1.6321015183834913	0.611544805264804	0.4521742251729628	0.4774382869016589	-1.045011599162273	-1.4505911439834143	-0.5809309664085379	1.7375712367748528	-2.62211906193475	-1.674220207309147	0.38426129641249324	-2.1316762802434597
-2.9109747038769	-1.6169640769829234	-1.758088187828486	-1.2360632374955367	-0.7541235491311556	-1.0007129968084407	0.896724450191925	0.3365574976903893	-0.22515322475754546	1.2577710927260184	0.8182454440149881	-0.289707943373996	-1.9961993371248699	-0.6616146024968619	1.7458698251580307	-2.608752883337561	-0.727905144968254	0.6524837711331346	-0.8982585274917847	0.218011766591385	-0.059240313373469376	0.22054485802700677	-0.8201907977340274	-2.438449181446363	0.4270017981474933	-0.7363677601375302	-0.10458340152422048	-2.30463819192679	-1.2915882277260804	-1.467973016089494	-1.7830925926695236
-2.0164627084918276	-0.46567349491110716	-2.6531244493101216	0.16228010932631243	-0.29618538623027374	-0.6286085974444745	1.2665323862619149	0.01348452785716974	1.0695849883871889	0.2067493013269535	0.7395822903441408	0.22220347821804703	-1.6158192248481877	-2.851472836276678	0.9438533554874842	-2.2701380084859353	-0.7723734751878019	0.23215708449045105	0.38745295654385964	-0.735500433144178	1.372051536554021	-0.7709384435481221	-2.6294519675514394	-1.726286345332858	1.2746236552814678	-0.3990131304441143	-0.936530776928178	-2.1109133847323376	-0.44444217174838835	0.9998053554790609	-2.2220847880617507
-0.06612117234908514	-0.5543802337219589	-1.86875719821907	0.7840017173230761	0.10147076818636454	-1.0064754179308522	0.735844729249743	0.9526892886704065	0.5080527616569377	-0.019740198186699327	0.835360343826256	0.43172273945900413	-1.279428821892326	-1.3760447426865219	-0.1978694186604991	-0.9533513948028509	0.5432293022646818	1.2590035132801478	-0.7583332292470967	-2.0667388282461343	1.379374600874126	-1.4267734733132407	-4.3249469801861276	-0.05540286225150465	1.5420812997555662	0.08727987843961424	0.126950605349509	-1.9991224282677131	-1.4827339954896679	-0.7170408389897135	-1.9683052202276081
1.2844701684967372	-1.0580565401230968	-1.1451181492921456	1.1214929840230508	-1.1739869199775044	-1.199223226730649	0.11839099213798229	1.2233361342129427	-0.5738604983037567	0.29597820875331204	0.8642809033127932	-0.2755745555949441	-0.8386837328527446	0.4538351547175301	0.7445579755929073	0.4035658693785428	0.6846814422906119	1.053497636328307	-0.757973896906595	-0.8157930408018776	0.21686975941675535	-1.076803330987119	-3.094234357960267	0.8376529366277146	2.1333120617005807	0.15745856765708022	1.520457173504856	-1.6662325248980145	-1.7642079958221948	0.2855659911482063	-2.12510177828851
1.4370046429608374	-0.860103664097264	-0.9776977451181319	0.8239813789302737	-1.8919989269043112	-1.0821986349589054	-1.1154476284963921	1.163922667113198	-0.6516790395157164	0.5484252321385262	0.8618001815877492	-0.25709201338575605	-0.15077254229276257	-0.05421168800426566	1.7555902622049586	0.7564463983763421	-0.97276597192499	-0.309951249959643	-0.7712604270954225	0.45076337050851795	0.5603015160770798	-0.7024313822131947	-0.8558370204243966	1.148752608510354	2.8651888974606776	-0.42743305858505204	0.6688773821972644	-1.2658432771331083	-2.3204494645671883	0.5724274134433387	-2.0337559859144863
1.175485482127738	-0.7747086069234529	-1.0595892244126794	-0.9855690787551404	-1.5992561231738132	-0.6093141364950938	-1.379222030409295	0.8294580532829696	0.3726018956445463	0.46702098048684554	0.9600642464339798	0.8240102473430286	0.2085061286078435	-0.8193719292418248	0.6071332764556379	0.6877085396339114	0.33412813578601697	-1.2476158876488452	0.42978354218007997	0.7750105270323007	1.205202687404177	-1.402459674628183	0.11712150937967315	1.1664843252489374	2.566923951613577	-0.49439177306750226	-1.46153865845755	-0.8703941970705111	0.6581243573483515	2.122288710850201	-2.651160853350476
0.23609112314833702	-0.12719859408803333	-1.3459221055242965	-1.3009007248154973	-1.0494171678695525	-0.6458310732625909	0.6863462122222809	0.6653340011303782	1.199505915631154	0.7923512814672977	0.9870400148284072	1.1246711180600577	0.6373147842932514	-0.4406010282269158	-0.004910821863076342	1.17454585040811	0.22463134242030183	-1.0952287240725755	0.538393034694389	0.7575167938432255	1.0491554672243177	-0.9966737795234641	0.1401227519884427	1.1198026341556324	1.8846844884945042	-0.768698815874479	0.0203315029285494	-0.8036544851533313	0.3062145109661778	0.9786749278184287	-1.8334383581759914
0.2918226589482835	-0.22460010376766762	-1.1075441455493724	-0.006546952233564018	0.40363525472221295	-0.8793845250540153	1.4592392647256327	0.9331224139294926	1.517652693347995	0.8571892152331362	1.0229993030695983	0.5037340693027161	1.2862348254234761	0.15362001722891078	-0.5150538501259924	1.514810455997906	-1.322399398286485	-1.1732867945132708	-0.10235260418072469	-0.06873778385561627	0.5201075259628106	-1.1964004742859153	-0.15521601942869684	1.7850675826340858	0.7346383270082539	-0.8601418806610175	0.4270120304381779	-0.9793913471695198	0.024285112974698306	-0.3225510775134863	-0.6114037660051903
0.7261237701557193	-1.0267485349835486	-1.0378257376657092	0.9231845753703112	1.030285278355458	-0.48877675739128984	0.9366943675119555	0.9489124341352226	0.5841281165714531	1.3659490672101606	1.1965007344263117	1.1568319274657952	0.9053233643415433	1.2407793927189306	-0.4669459865519427	2.0959290774608186	0.3092287698591114	-1.0047486499274767	-0.7972139083435206	0.14416981327795098	0.4486165523196046	-0.19320196875318285	0.4000717915032655	2.0977904116849446	0.6049549042121375	-1.2402386804338899	0.2528346388702151	-0.7652382788906252	0.35342348247301825	-2.1355578054545123	-0.15161585714690426
0.8727356134853306	-0.2692079224539456	-1.441966944868224	1.4213475669533728	0.9182566992312952	-0.5653890033219512	-0.05734407632118505	0.6451894098118934	-0.5859589161169775	1.87157078615203	1.0392519035517496	0.7356176539460401	0.3243606346612916	1.1516840959572434	0.05072277237215249	0.8353521981660647	1.514834829219342	-0.5088902812967827	-0.17247642854721146	-0.29887000978233597	0.5105745583318366	0.8215150473531165	2.4624356707874933	1.3206203369645793	0.2063058578406375	-0.22447313123530233	-0.43978047536967513	-1.0809402927303675	0.7774332633027737	-0.024935685138640872	-0.3811373189513134
-0.35749278780821847	0.397938782446222	-1.4643308677702627	0.2345958044508257	0.580647805885724	-0.8760626694109775	-1.4648381285435288	0.7402931696319116	2.0340433105042957	1.6566686137888786	0.8187110853100337	0.14188243660901487	0.9197473872363647	0.3331410588624399	0.9512659639686479	0.6132678464177743	-1.2184526594497318	0.5827922096672677	-1.0691791939990156	-0.9909606772032863	-0.5049824092053282	1.010795743665664	1.9120428046132631	0.975260938201993	-0.6163673614841569	-0.1012523852322261	-1.1856370897567308	-1.4723613983388752	-2.246728676496206	-1.550571053239992	0.8204904371285865
-0.36578986677559455	0.04810047367440856	-1.4933402020916762	-1.4133251411356433	0.36820728315152534	-1.3130098582963805	-0.7605274265921333	0.7179676852269387	0.6860229796126421	0.7414983731277108	0.7730589871983926	0.19007727396667046	1.7983404854046425	-0.03948472882302928	0.4249355492160894	0.23527680213040503	1.1708367465147187	0.4579873382915582	-0.93154957181705	-1.7548745503331515	-0.5891699644876278	0.26865532356408156	0.974958167190889	1.2339302607927514	-0.5788594303289283	-0.3356052387560991	0.6703374527652798	-1.5462184827642467	-1.8605557882209123	-0.8170595271253585	1.4669475365639406
-0.2407391738592655	-0.13511516556636044	-1.4037413714665816	-1.0143633878931038	0.15398791983934085	-1.5546474028299586	1.051653954611717	0.4578344405642202	0.08352844327398645	0.5747022369276178	0.6235097852024953	0.394604956091003	1.7989533128928556	0.18791016848267816	0.48500468047596706	-0.07152081222610347	-1.0875204311387612	1.1992758703208535	-0.6993413343792716	-1.4545311350131682	0.6730784004365011	-0.09374823488206646	0.6596851829473491	0.763442501677913	0.10212008769848521	-0.2802698710894251	0.7661585951237655	-1.73756566051064	-2.162223327192762	0.2662118078368783	1.5575402663977123
0.4405229609149375	-0.26697111340163737	-1.2126544445507665	0.31212531389106063	0.00797288939078389	-1.5491743627609584	1.272677940211324	0.6205616304680128	0.3190186575742811	0.4382362868039683	0.6331242087332815	-0.12047177783108781	1.7803671398067016	-0.2363507298338116	-0.18047707894049042	-0.1810053404693643	-0.6366128200660944	1.5263875085486474	-0.7545881067034798	-1.70710749796155	1.0972611344773462	-1.0923850578056105	0.4082669839862349	0.7437421020462127	0.42710763056801326	-0.36239201505079977	0.3440507842627734	-1.7306201668233798	-2.002602308022592	0.4547000546296796	1.6755449832778408
0.6913909725530466	-0.954670260228022	-0.4744785089313451	1.2310967915562907	-0.4904405252228236	-1.896612376126944	0.2779812268474103	0.45842135166750614	0.03345986983989979	0.3735700497007194	0.6371834953669666	-1.0883836638460966	1.7593066991540804	0.47468353844557554	0.45761206882621136	-0.0734933355217199	1.4297309013330308	1.4322004581110168	-0.4583513137681938	-1.6764829196859778	-0.21626303349869005	-1.118992150612293	0.18470097993689133	0.5352541863545281	0.66457629127259	-0.494842371299235	1.1838187284805766	-1.6754769705747805	-1.7481692525056864	1.2009508474890662	0.6752334872568506
0.2264973299393243	-0.2066336762463771	-0.02111855129011593	0.8271918944281387	-1.5688600260759786	-1.7013994566916337	-1.064766730701665	0.522613718029235	0.5987760446816143	0.9932148807060331	0.7550230138985674	-0.615487321140489	0.6632666224193711	0.015415808851284992	1.3497674810884523	0.69642702875152	-1.0248585734357292	0.9793531038384654	-0.5978174974511241	-0.12749617629020682	-1.0306948054329579	-1.414528215043921	0.8503981452065615	-0.01801782455322996	0.4437276083176547	-0.6744027947559327	1.5435508839936376	-1.3409873510693258	-2.182446181408537	0.5854378106226031	0.17942573133481876
0.047321149617928084	-0.03980417837814945	-0.16809469807271185	-0.7297693658142825	-1.2505826732583558	-1.3928464592570524	-1.4522714400559154	0.5390273910490512	0.5588935983705375	1.5916139457442389	0.91165601410267	0.5321588334863722	0.37598661291595276	-0.7209405609126497	1.3069299717981333	1.2153349893929324	-0.47818587091230896	-0.2883972604245012	-0.5150923547025117	0.6636545940297894	-1.987120201692275	-1.9879183758508396	-0.15535477082086993	0.10151988796277653	-0.6856617364068058	-0.775843029975017	0.07134736808860248	-1.0853713332449975	-1.574459959157289	-1.1393579935219986	0.06588520089951735
0.3963776384998005	0.1690488037610223	-0.5425342553762489	-1.6377310778926903	-0.4581510160049148	-1.1030688893498493	0.0039014735478626523	0.3580652619823619	1.1643814404421586	1.3862869780338243	0.9438808483397716	1.0967046672172356	0.8768428773780947	-0.6134049069348336	0.4882870856667582	0.851576559712468	1.9978536633793968	-0.8811129537711769	0.6648915226728149	1.3251261648697514	-1.7599426768867468	-1.116402261704878	-0.6939825487468455	0.4440383054128846	-1.0518071280827244	-0.8676156567050191	-0.11031610469473035	-0.5809550966460154	0.3899720089477547	0.7858343013018563	0.01619532874559388
0.35394422526673763	0.3415631310080275	-0.6162496377649856	-0.45237922604905556	0.5408268775617641	-1.0134073359385816	1.3695476286481754	0.07519154807275147	0.9206171944665779	1.6174834860644296	0.895868109243844	1.254617495401346	0.9247386373991341	0.029270405061671497	-0.26213421459942154	0.15368378177199876	-1.3603177091570882	-0.3666829790617641	0.7611617154689024	2.2537426949309207	-1.4261395394141505	-0.9214273767654252	-0.1548371192592058	0.5663983651661891	-1.2748349711184455	-0.36347523697857037	-0.2251451919069125	-0.5893332051410833	0.3370848570132422	0.32532314063205187	0.7393806699501604
-0.07083779790669978	0.33693553219937233	-0.18120634145262413	1.0390393145673902	0.7519864079232583	-1.1265328116796867	1.0333755512400156	0.02520367320215719	-0.007613880789404584	1.463585744387886	0.8705108256456514	0.48264833010846664	0.8698992393892481	-0.3884400459196978	-0.46954396181168107	-0.17290324165187865	0.9788859382952582	-1.2473477385930876	0.2950366455309135	2.5641980612442525	-1.3682163389806858	-0.7941036237147238	-0.13278272903054716	0.786286952008902	-0.709998664542356	-0.3890411140971503	-0.3481880337256703	-0.8629946458494826	-0.04921501582197609	-0.695714653686073	0.8501730073143119
0.07489925239363344	0.36316639303179726	0.725636800429358	1.1915874071423576	1.9926734576848366	-1.1532389624710546	0.265162342917924	-0.1807008323651414	0.024816775865936364	1.7442865267715766	0.8632263569407526	0.997000187914137	0.5357145480305635	0.4742312589854899	-1.4024768363686662	-0.1396680295309728	1.2664713792384619	-0.0458641065833749	0.18911508396059656	2.1879228266118806	0.744382577946654	-1.5983569368269301	-0.12474105888963988	0.6819217069612946	-0.013509390563514932	-0.5760891066219374	0.09358374771396312	-1.1864236938531376	-0.07952519366127288	0.8339042224168646	0.5683534836324884
1.1327642330549692	0.509837925650165	0.7237112228799818	1.030955329254721	2.376392005533738	-0.9390225629277451	0.06937672333491234	-0.5385906419445063	1.5521202054008945	1.6301026298715056	0.8847140970475654	0.3239835846267	-0.4415943077507517	1.040515722462627	-0.5154674571150912	-0.7630740268289304	1.603668572489938	0.1706850909045362	0.61525373488426	0.24963673905496606	1.8407400838935537	-0.7156428057954662	1.054788582259925	-0.694032057775336	0.6358134130594821	-0.5654625112798443	0.23788391812233134	-1.0331347720739983	0.09293344069124367	0.6869238161149047	0.5137746673407632
2.048242059036563	0.1558158692957457	2.216045604880319	0.8456948376372941	0.8235322588474149	-0.5867318874068636	0.19693766992107575	0.6281581527032251	2.504369430369733	1.9734948668879502	0.9115238954419753	2.267535328840208	-1.2152132272835021	-0.26879375284961604	-1.8984696003731218	-0.37473166250077583	1.0328687896310864	0.0362890858660282	-1.4275603184916772	-1.6017421367615732	2.4454085866697417	1.8217039921399987	0.4422968233016329	-1.0183010286475123	1.2194317180005252	-1.0801633318277686	0.17898207930920576	-0.2688412989813977	0.059948821456796135	-2.2155447742600254	2.2295615383475527
2.7047422650166615	-1.5177586184645626	2.3616848165148494	0.33045593963085435	-0.9438021488944266	-0.806718845725056	0.5772394058053857	-0.2994059010004448	0.44134201695754793	1.246119392601853	0.9925161157515737	0.6006482320700921	-0.8129850124126521	1.5670663488487422	-1.1029244362378727	-0.09054912138688635	-0.13341440047073408	-1.0961949379659692	0.9475902255637616	-1.236840301101127	-0.32279883210989385	-0.7390704694998748	0.6085454642307531	-0.6472585347306736	0.04024768765684499	-0.2387386774483173	-0.24039264765093424	-0.10986036245102965	1.2145198138331397	-1.3362403488541774	0.9476847993933839
-0.10855373483485205	-0.681112726608494	2.957544753409331	0.006620675571984991	-1.1936688340380477	-0.6642809111690235	0.9048160442006705	-1.304624774459952	0.5524851225996369	1.5303156515543341	0.7364732401200235	1.0023522770113338	-0.4911844645809022	0.018782153631123486	-0.7394694096000682	0.06194931180920842	-0.431819618892581	-0.4888729719114466	1.632467129308997	-0.9562381591900733	0.7810804494584146	-0.9120369768766438	2.5120284126961208	-1.3215129068045168	-0.8642403995499538	0.04340693330622555	-0.22711934798401165	-0.47234677371591827	0.8827933490130874	0.24676501570706244	0.03368637461071568
-1.466204219183197	-0.297517408579036	2.1706364522418005	0.6428045162632505	-0.8849663938183847	-0.5991842941050678	0.812665833175879	-1.633403846021313	0.0442995610127948	1.5094219872691637	0.8616517924318892	0.6917393926999454	0.005136909655112426	-1.0874287849926705	-0.7254631331058745	-0.46377979935607305	0.6235050869257707	-0.4594369726533908	2.298050278271699	-1.8619654028598978	0.4102446957629144	-2.161853276580233	0.0826204881487722	-1.6433417079256336	-0.41249158028716215	0.23881341513059995	-0.2856831647663218	-0.4831170766166252	1.4825479964737722	0.22748564797174722	0.031046553480633073
-1.5812626550610995	-0.7770371184293198	1.8129135305695387	1.0410291853677776	-0.8669634586052428	-0.5654008358154783	0.4061300508561676	-1.4713714747457722	-0.29048546938001546	1.534923891461489	0.9167028655815467	0.8355364671003583	-0.5563491508887686	-0.12339580887466874	-0.460046382717161	-1.1205129669104879	1.2310136029748968	0.05239793891903466	2.3072161286185704	-0.8332903001188195	0.5297740613545137	-1.7313425002359941	-1.4569894007732667	-1.482452042851584	-0.0768254270562986	0.20534896562532223	-0.19697579142134441	-0.1895750724900964	1.0804270984570679	-0.5044997435432825	0.9638759383189143
-1.2754999717412256	0.2983784456601485	1.349479535902511	1.3318680630646236	-1.9529836011275468	-0.6651912639385181	-0.5404801767210164	-0.9275195949832431	-1.7175086415865266	1.3087253967593198	0.845060957115366	1.096037463257459	-0.6026627208795815	0.7719613649340192	-0.2633874974535961	-1.9698140893491536	0.5991104415040934	0.6357157888259511	1.605536394686101	-0.14534686661013066	1.248904207827573	-0.38205115311673	-1.4349198306355975	-0.7207017391223536	-1.1936659692090739	0.6941533055930702	0.7936929390231071	-0.031735682415725476	1.0681928477217715	-0.12832425810529713	0.8774138357730249
-1.1148102822570536	0.7767161001589574	1.6186798316306115	0.3530406068191331	-2.357031315715133	-0.5336663438493462	-1.5505848447143122	-0.7222538427519246	-0.397461442050288	1.0511499308973338	0.7891232452102495	0.10581939334804126	0.3036672721120833	0.8109343050968856	0.09007691536273145	-2.479996941093763	-2.0040614919679642	0.30693122038591053	1.3654479560419481	0.0019436235110740043	2.0659540658136426	0.7017082910477026	-1.141860879838978	-0.5329442392439422	-1.478603351163723	0.856421417351433	-0.6757018150104276	0.05027109635910105	1.1992037574141285	-0.0948920808359067	0.3826935787640367
-0.4977731110891409	0.6740136594347802	1.3831102790280243	-1.2846217418932648	-2.401769226138816	-0.3307993444620992	-1.1997664051070964	-0.2901840722100992	-1.077404302197807	1.0488234938016066	0.8904011269224148	-0.0005774824452186484	0.7860051156243316	0.9787768500405445	1.205179706837078	-1.8594255609860608	1.078799747953254	-0.5663610122355526	0.7251746995307025	0.006255436033731873	1.7264423959173596	1.3326072227686416	-1.2230846940889528	-0.2115482954986621	-1.0522891204721787	0.8356335467828142	-1.2487597454047816	0.3462570940006758	1.4334696549058505	-0.08827557950692994	0.35672103015365847
-0.9916989073461204	1.1350800933089227	1.8251189043015195	-1.5610285418861645	-1.9515834625903643	0.269124191717687	0.36524343672282955	-0.4072486553956952	0.5051056011670338	1.2797460308778563	1.0363138107979173	-0.6976005114242856	0.6999867614359658	1.1391501438473541	0.9875918479949638	-0.9524548051410694	0.7517218078502474	-0.8191250840115376	0.0214728798729647	0.36586604837812287	1.170956160957356	1.036972722598667	-0.9609050239962909	0.5295229919681916	-0.5136980192639665	-0.28246932877642567	-0.8585605430040261	0.13707585687988	1.5432983534935116	0.2514650603576401	0.03374702658290239
-1.0603422086325593	1.5056080219680523	1.7439601436987462	-0.9047096797717238	-0.2079196283452383	0.038920792283554106	1.260368825731301	-0.6557953833847217	0.3937846443499068	1.5282098036702014	1.0218960212564316	0.3621685804782533	-0.012254280127575875	0.8874923055687594	1.1694275755358003	-0.03831382628739745	-1.036747364718975	-1.4129678480318402	-0.34294686361438903	0.32863061221625584	1.3873179978819343	0.8897062458355457	-0.3072485082274768	1.0894404190588245	-0.5180491134137991	-0.2482473100543091	-0.9348156975455388	0.25996939114013995	0.7431041059331991	-0.159159536882768	0.6783202238647786
-0.7243592969256665	1.7705410820732983	1.3299650463135437	-0.2778572827431201	1.0748949134808297	-0.4251524323771977	1.3049409178840572	-1.3600512685005326	-0.22316439134727498	1.3835653355466897	0.9173745616079065	1.379026341794469	0.058969137308799255	0.9806074134500247	0.09557290071209262	0.46941892136693264	-1.5876043204956736	-0.11900115089995979	0.6273249932839274	-0.8367251548412903	1.2399634071498449	-0.5247126185423115	-0.06634291079561928	0.936163570906262	-0.4457931916578915	0.30779486662340394	-0.3516711016076507	0.12670070152382562	0.48551738407036793	0.36803718370979566	0.8272715495112515
0.015416427335058309	0.7575337465480314	0.4336148056118517	0.3476536722400905	0.9109099409523131	-0.7219960636861867	1.2671691504873552	-1.6536889322380244	0.13230304306283036	0.7931053101915311	0.8398748975872178	0.5709710256449065	-0.20026314279439372	1.393886033203573	-0.9803706779617827	0.16312634906174148	-0.6309351689724514	0.5162110095947148	0.8313710905833988	0.05953932055351779	-0.16172577731463678	-0.03451851026448489	0.15276016946234913	0.2220572828393933	0.9011195399260182	0.8746109616001259	-0.6463283367073028	0.3525568811992232	0.1883128116034003	0.19749398793469522	0.8442442800975637
0.5635947971516467	0.9195330925757308	0.2051855883488911	1.3238684859643008	0.8601896679975317	-0.5442230332371647	0.864260670670878	-1.2265082062118207	-1.3646372079381743	0.8998900787152826	0.7984109037019808	0.07257689897075027	-0.7528595788503593	-0.8460814163149242	-0.045373638597558476	0.007679313128416152	2.2139033957516236	1.5893323879017711	-0.8017627198136261	1.2168064421806564	-1.953578970886802	2.1557085316672877	1.0114613225239806	-0.05878541635839257	1.927721407653414	0.7839813235370537	-2.7028492707603755	0.3972435795486115	0.20894099630150156	-3.83159516319625	1.339417059978776
0.646622764235531	-0.2921995625948433	0.7767052437621456	1.2893625724239082	1.1018639484876516	0.06824350156289483	-0.1534872109665426	-1.9486317350946434	1.9523858871111925	-0.5230279435328754	0.8936521600099178	-4.505930511200257	-0.14744177582846532	-0.6524425592412771	-0.08159966042033637	-0.7868918391941245	1.1178236128828114	-1.1982489735753548	1.2840066824207423	1.085055376365819	-3.0669522608883213	-0.873411353457315	0.054407008736092215	0.0006850323477890465	1.1688499372130503	0.04357174200361235	-1.281174826112995	-0.7753101228402527	1.408685435653512	2.334744366103517	-1.9683572677032197
0.8855748450149457	-0.3405863524672142	1.072162874261487	0.8349487766828103	1.125720001152426	0.010540032192836203	-0.30323818298934213	-1.8675371391313997	-0.5212031276528771	-0.9678751794846452	1.1044352607607366	1.5269536273907596	0.12945786228033368	1.7783303141826423	1.4458014419966647	-0.5745001079628853	0.06566755273914235	-0.6537152960494256	0.36750410083330176	0.320347589739307	-2.0576752060175165	-0.7476223394139101	-0.3317065083289446	-0.683841312512857	1.4598192219907857	-1.1111319406475875	1.4717740960029344	-0.19089834887397256	0.20099991692849628	0.46732916559513943	-0.14168904618581726
0.7450752645772186	0.021904959495566013	-0.16267066943098324	1.1562392118403775	1.054691819138936	-0.005747159829455598	-0.39216203112353754	-2.0417125495116677	-1.7088443967201024	-1.1486997815453441	0.900062209164695	0.9928412324385908	-0.007712032979730721	1.7193015254507082	0.7611159265885244	-0.7614817950128334	0.2011759312336739	-1.1239142209383322	0.22257103824504387	-0.6870959082895395	-1.2566721944021535	-0.10055757463404315	0.8164833136188442	-1.2994760345888945	0.44836195083392705	-0.25898732077505016	0.6524383262674432	-0.16279246898933694	-0.11065264232669668	0.02484654359039101	0.2861834416726757
0.6561184335792211	0.5006885275944035	-0.4665395022751911	1.16240445832183	-0.013570823391123426	-0.10830880060908592	-1.0319809402317084	-2.382965392390829	-1.1493641032331257	-0.9105952070871776	0.8643813869609559	1.146060669365165	-0.5851579555559246	0.24673892812954537	0.3788408658187417	-0.11048151105320148	-0.39952397998417655	-0.36140759825779123	0.42993323974668674	-0.6274572393963941	-1.1176463209284613	-0.07167412198851009	0.9507627950977188	-1.0190869227879662	0.16292769918433747	0.024152480139858504	0.09538214923038364	-0.3083537328228376	0.3285685448179974	0.2125042093385816	0.4925142622715122
-0.45656136064358266	0.6578815599003529	0.2614692312363813	0.07606119493260932	-0.6554888004187208	-0.3082545739437458	-1.512659826585681	-2.4694974272477554	1.6990805182474327	-1.4374073897224164	0.7854379179141296	0.5347718565214383	-1.0910802897140173	-0.8182097436700432	0.08998034548343495	0.850968748458812	-1.0224933328068924	0.5496002942315149	0.12257121160107591	-0.11730783877369026	-0.9186331709005615	-0.05038505360747806	0.5762501495775251	-1.1772143731715283	-0.20281589294253535	-0.03842063987620821	-1.3436242683229005	-0.3312392455269599	0.28879642595496313	-0.050971905954982674	1.3636216302384376
-0.5949405494146367	0.4348106948556848	0.22016561042341223	-1.3976538795427305	-0.9425114395207933	-0.22241436875204232	-1.0592859871475675	-2.16923814070865	-0.5319950388460934	-1.7908677366791699	0.8958278750462961	0.3747621329715105	-1.0835160742197092	-1.03867058010009	0.010323882596423672	1.618790478478851	1.2948368159351398	0.8420725424658361	-0.8522205065987272	0.3147576898259263	-0.11665337259815485	0.4943241878761532	-0.7703649971670766	-1.414653685682141	-0.804288689544693	-0.488974355333464	0.006517021324240276	-0.11328220977219391	0.5070052494898378	0.09132022066250943	1.655090956036959
-0.1254437051154673	-0.006662788261606448	0.4614708072738921	-1.4073147921477422	-1.2921910487787291	-0.21393810902768232	1.03451098186364	-2.0344616974224454	0.2216667725777888	-1.7422587410801758	0.9284597042725572	0.06331995666539916	-1.197433459493917	-0.6521112389979123	0.2047811495412788	2.0415074149601278	-0.21420587634509258	0.8517909449449803	-1.0486183554771429	0.8728276039876138	0.6457287783591457	1.1719005120024788	-1.0401352739138487	-1.322577393443333	-0.6022546493849047	-0.49758690887865115	0.5101132165256468	0.04597488366143507	0.4132998745219039	0.3861760292121102	1.5771439587358995
-0.2814491859046434	-0.17396418282950116	0.08771883156817807	0.5207186290311399	-0.5619136909252483	-0.18325578398072676	1.382635624250395	-2.099070616170222	1.5009669717175864	-1.8275529827030224	0.8731240325131477	-0.0710296541511916	-0.6767419727267404	-0.7772830032968117	1.2888138684472654	1.7987697471603779	0.009261761497702569	-0.1826148992784521	-0.5342441075528258	1.6130280081620025	-0.10918606091590408	1.1685985112858515	-0.7582073634202562	-0.8624456708586443	-0.616715919714754	-0.42917628167559063	1.105501405229016	0.348995383331929	0.37686317965349675	0.3744857323646972	1.7171560164487016
-0.4425927767924532	0.2943011265137668	-0.10797457910185647	1.3743347875500265	0.09878245146026109	-0.05982316641873469	-0.3098477707442795	-2.075987702305167	-1.2235168769415277	-1.073227373936928	0.8992169835483127	-0.23039116178297578	-0.10623086446140123	-0.8509761413888768	0.9634967703050871	1.6116637801830447	0.2621927048752839	-2.2598470433024813	-0.5956702229707967	1.4820646088614902	0.4774408860853018	0.08514644502727435	-0.7625764478228471	-0.48548793360956133	-0.7773595473712115	-0.7798629559786917	2.0435785545992444	0.08492292610212498	0.48093256839230547	0.5844450806502487	1.3364796378349593
-0.06918597624596298	0.6827979339676549	-0.20416993618436	1.026163349847074	1.7633069094733511	-0.19003712133065137	-1.1980016439352237	-1.710312607281615	-2.0703417330641067	-1.240940718285915	0.9666794074982084	1.6639660133780332	-0.1495567063269056	0.36194283581721476	-0.338973636556263	0.30824078872558264	-0.5947937784622853	-0.10193675927187727	-1.5215135884350148	0.835028188242277	0.9180496394795554	0.059431514346596485	-0.913937369600491	0.18850859310056506	1.0703347997977124	-0.9147257420741179	-0.9828670289590224	0.2522326783843831	-0.33880521443543443	-0.2603562950117565	1.770318079782854
0.42615303924575826	0.9141641809496704	-0.18260923442738553	-0.11532837784777682	1.3975782209515881	0.25385714214759764	-1.7243534071725841	-2.1252750982917745	2.043050175006114	-1.2447062781931382	0.7925806724025377	0.5814605186202301	-0.373637132386546	1.1710828813831933	-1.195827621065521	-1.161584783265281	-1.732258550428163	0.03695892887824009	-1.1815625536884942	0.26571244710755343	1.3059864637088652	0.573908547348687	0.8454398859057728	1.7084923418333506	0.4143336152458528	-0.49803381573447186	1.1264101825505104	0.030792032860653358	-0.19355974424850797	-0.08627657746034158	0.2668315333576868
0.44764281734910566	1.1077301409826226	-0.6697707354713065	-1.3372224243771895	0.277418123932745	0.1555163473289946	-0.8793088445441601	-2.4446284731019454	0.7838906626527155	-1.1626406127884088	0.8086036307000949	0.706113499312675	-0.7062727373879754	-0.3201353158020562	-1.3441755672026179	-1.4231078162435833	0.9550598278189039	-0.030362913770455566	-0.8601973307848794	-1.34078388204776	0.6611510392479559	0.9148992778537242	1.029002243816225	2.239598086688847	0.2714366728880774	-0.36264453322576096	1.8628826363233757	-0.08571266088779211	-0.220062672066682	0.2870419792019056	0.023710534505500726
0.6918608100468977	0.45881667844477425	-0.621234427166276	-1.4078585983553398	-0.35605885293035094	0.03174913385948154	0.4174482056216536	-2.3506296613592927	0.09234363014122408	-0.9587898628495974	0.913356813139635	-0.363653893738995	-0.6225608148713322	-0.15769879182887464	-2.049213476743889	-1.1934435984436125	0.100261605495006	0.5774992565487032	-0.34678552315806477	-0.6065035414591725	-0.1525282724093147	0.5995558560679749	0.15974147762056548	2.660759608230395	0.5352415861601818	-0.527788723917124	0.7568470850615111	-0.22197753730999595	0.5821220241151144	0.8503001957313183	-0.2646042988360867
0.5492906400440691	-0.16797881815510002	0.03758457397993921	-0.994026369663615	-0.5654032195316492	0.0024878969296146503	1.0136536515038759	-2.2676655470843525	-1.0920585582746125	-0.6633200819521309	0.9141010461548502	-0.3381237209653883	-0.46244216458242204	-0.11138514596014587	-0.7844425965605688	-0.7645733277608628	-0.5215891821413995	0.40474121205872154	-0.37687754821630454	-1.0027135530744191	-0.11670787367873359	0.2531054565164428	0.7955894229097757	1.822941016887132	-0.0036639486057548722	-0.522453031711149	-1.004272393576764	-0.434505295242089	0.6577432432235468	0.4697629755364535	-0.23649137752906066
1.2864503204131617	0.24731248158941724	-0.46040432732447206	-0.2920351707147176	-0.8053466290077138	0.05044491860512432	1.2574900308523635	-1.9743367812443027	0.12772930404599056	-0.998132080599101	0.9239524787423783	-0.48489035399740293	-0.8766854090121393	-0.19048549424901834	0.4225231494477921	-2.1665680793367468	-0.5560165335483587	-0.8923573335775593	0.040065852037125094	-1.5358684743500108	-0.5656575173610555	-0.20746328728485597	0.4420546368421312	1.9648077432589264	-0.4798107788681825	-0.5613831031392247	-1.022808911693775	-0.4527605909015805	1.055612417136985	-0.14450379160725627	-0.1648538107667019
1.8029141654358045	0.31286901592831357	-0.7811562980640092	0.45004604409548576	-1.6000479719476597	-0.19256521801122856	1.279148169864847	-1.2313282934084848	0.3053321967882445	-0.5174153028179764	0.8067808792067311	1.3260147736740802	-0.5682074583826985	0.024031805894730866	0.3666346691943636	-2.206558956156933	-0.4198957079419986	-0.8088512475768092	0.11426964282026798	-1.273578510747258	-1.7202419720554523	0.016097616137866224	0.3733345479896335	1.3936505226915523	-1.3692394416607863	0.07982221407883827	-0.5108530137012776	-0.29851691748742765	1.022234344659406	0.04643931231818941	0.534958831394391
0.22539007075255132	0.4590176235479916	-0.3664758954917397	1.238515122004151	-2.183854802127852	-0.2607232627572731	0.46811561092630977	-0.6795702950748356	-0.9580448259566753	0.140422898944542	0.5216824497633299	2.8527377585281095	0.017133186767327373	-0.3716987892265271	0.1517827928380298	-1.4780500597088349	1.6582199420183903	0.6910303368283082	-0.8605293034351228	-0.2901224978183294	-1.8024361195672294	1.5025462483225647	0.4784359443453396	0.013122333069285045	-1.1523255813442437	1.1577888314722435	-0.5590712574694183	0.14681943654392557	0.45501584062485195	-0.8504105730456852	0.9748900790331506
-0.590255265509585	0.5427030680182082	-0.15743670785011082	1.2438799825206674	-1.8902194960175445	-0.30849058798183177	-0.8786623337242049	-0.4005308256479064	-0.723016440755674	-0.37675493491023054	0.2345517773693471	0.5089014980442622	0.9210607645766394	-0.6794520155659352	-1.2748032801917546	-1.2564063700264438	-0.421665342272451	1.0608139702166455	-1.3142477597270164	0.4268625747686762	-1.6446528219878493	1.2889784357022438	-0.5945335071611615	-1.120003550104574	-1.2530750337853789	1.7595855855861897	-0.6564235718625001	0.33839077087170405	0.6442312967737998	-0.4485342372530208	0.6959755521098744
0.06177310572949791	0.046549316621977026	-0.22047187765745077	-0.5053276029760988	-1.4391252927759508	-0.31238828812138836	-1.347875827224405	-0.05962047987898311	0.16191557305233056	-0.7572091658256178	0.128932359600053	-0.2754054227229232	1.6739505556668473	-0.05202816448084014	0.08949841175277044	-1.2204563659416572	-1.3908420704738447	-0.011784024720629043	-1.1157059948984893	0.8156445952886751	-1.4088352486708053	0.8009485858222293	-1.424756842932961	-1.1197877800024296	-1.0399671683536578	1.9728918709903354	-1.09090618381494	0.7165603317918424	1.0478233622531472	-0.5303708553417866	0.6911852171134544
0.5869586269573261	-0.356937375951575	-0.16205415247470684	-1.5229782934242408	-1.0121908135200346	-0.3950485859527253	-0.10441227426418014	0.09924208592866857	0.16056065170040293	-0.6591206303102466	0.11298513919796212	0.41308190248420845	2.066162602171294	-0.1715030683157611	0.7787293027585626	-1.1362765899717595	1.7244734163034026	-0.28165127021267133	-1.1893208916320388	1.5185414155702912	-0.9433904350904114	0.6126394257996907	-0.9240884051162878	-1.1133611855481806	-0.5222598322277728	1.9437824221360651	-0.35858284647527516	0.9694859228840774	0.9823293542054761	-0.2230423412959242	0.169577918997942
0.42609982194597523	-0.464002175678744	-0.22689207241556428	-0.7499773007057481	-0.08750758785151806	-0.4488546559062035	1.4406520080508962	-0.02819931485353377	0.5648852846183052	-0.6921897262701647	0.05545048910921015	0.39597847363753347	1.9218177370139264	-0.010122837664283948	0.5601393004759447	-1.2863578645814693	-1.1841460379596855	-0.507692662327388	-1.1292541332339827	2.148251180902514	0.19287057413767042	0.9633085269146477	-0.4751781575345901	-1.1590547978702663	-0.7697045314763542	2.045933484602074	-0.4232479106385985	0.9779367433879983	0.26869121800164353	0.3411929024723813	0.5662846422938185
1.6275073729762441	-0.26482280131892505	-0.22298348318121358	0.4247637634718986	1.7629271825588104	-0.4415578588669955	1.5783870447256823	0.12257077835361788	0.8862580503487856	-0.5885752136153937	0.09664008198769537	0.3928379486152948	1.2438433695781255	0.25534184202547794	-0.3444081153106668	-1.4436125359867447	-0.8764763317772923	0.37634982787928833	-0.9843582607697634	1.449326185681048	0.9677558266686912	0.7296331947494951	-0.19443508138808913	-0.7861558317033579	-1.4562852248977585	2.0130931424232084	0.036608156438496034	0.9474815144668319	0.34919702223035126	1.0439420698693613	0.4765862530620234
1.7502479125142818	-0.5552553291352176	-0.9142674935552636	1.4048409680454	1.5213527694132225	-0.5993951575420815	0.16747568737958288	0.028895196482740776	0.1768655629131457	0.21259359993088764	0.02230832735201677	-0.41819698022281554	0.6470824357945156	0.11854979219478037	-0.08334954601162013	-1.2058722233298855	1.5524548083968528	0.8151043818676106	-0.8743268212856348	0.6956349890016896	-0.38252890018545604	0.685271042698174	1.0226246267171795	-0.9899242396046849	-1.15404459395416	2.3460066987041794	0.7674625324993117	0.9439825670646207	0.36017644587146913	0.5220788113825404	-0.06726962552009925
0.3206735036680027	-0.8219615150967853	-0.6530304969197614	-0.17049896734836506	0.9470329920408793	-0.45947916955648926	-1.3885893092729953	-0.1769320581135084	2.829395177715278	-0.07370110050804413	-0.11634704991459167	-0.41274546464588285	0.8954848020715679	-0.7227924414108237	-0.4142841415908448	-0.6413389026092579	-0.5498737440926732	1.2914368525576128	-0.7597438655389901	0.6504472341290995	-1.1264776197193687	-0.1535685246295316	1.0353401751749602	-1.511261420187822	-1.1974823400714436	1.912284191618816	0.24993773046953985	0.9410598731078487	0.2049421882726344	-0.10704292787225266	-1.0384591177554745
-0.5641576736828617	-0.6416755621734676	-0.7790357131797656	-1.3723688632699886	-0.04891847539219517	-0.2032175299987169	0.531327691994836	-0.21091621646007022	-0.41770639195422976	-0.31278210748704754	-0.18123999193107163	-0.2674025724596851	1.1457292087294269	-1.0319179035613746	-1.1833176358729116	0.25526674161986374	0.422683809925899	1.145865551733125	-0.848856095038573	0.39225152815957115	-0.0959882240192475	-0.6572215783222288	-0.324049863614453	-1.4201415365940508	-0.2531115869305402	1.6375434163222318	1.5613495643185615	0.9145087062374541	0.678969132261537	-0.04134136508736693	-1.1240996539641084
-0.3026276306844055	-0.04021991020634977	-0.4159613710758626	0.6119261941436828	-0.5561404089603103	0.010851963740231339	1.1956755647933188	0.3039617596836203	1.0904830137966735	-0.4743561976986425	-0.179963182047	-0.6859730216204449	1.3583815622183248	-0.6654048271516292	-0.6034549586403545	0.8070750822608835	-0.04994110292893871	0.748241302292024	-1.4206032145016783	0.8977472533093621	-0.6993978378706052	-0.6372279061651944	-1.0218250324510945	-0.6801140472457615	0.26046803203281677	1.296521122634118	1.4276358343746232	1.1120983311701722	0.8977024314428007	-0.6297710806042234	-0.6061653883509246
0.5962529133881032	-0.18044933057387974	0.07513621560445763	1.0197364732626548	-0.7659953529154718	-0.1393231826899264	-0.8817445664236873	0.39342094437473846	-0.30958723495125634	-0.08714626293712224	-0.20306548948906017	-0.20729695601142678	1.6873524226720769	-1.2342692262900392	0.16289156691718404	1.0221199298938768	-1.1470534136599309	-0.3716011409352701	-1.5780890897806847	1.1233996048558346	0.5511293920475694	-1.2413379575220789	-0.1697479087435984	-0.2594741675635486	0.10744979634178546	1.3231100616267424	1.3926976640421587	1.102627346966067	0.263591226074188	-0.6793286649514741	-0.9198779474320451
0.6752002541604384	-0.16539847546175285	0.11009869565359763	-0.8042959651466658	0.34369266474963844	-0.2650816759518729	-1.292102697825582	0.23348173342227801	0.1830104050600935	-0.18064421876778616	-0.1673944729599494	-0.4308589338637239	1.71330702513115	-1.2239932183157909	0.2669353123894568	0.24591814597516007	-0.391726560843521	-0.9106454049359761	-1.1586087711530737	0.980118325859832	1.0657725918252967	-0.9774410989665022	-0.09256129595594391	-0.32217137008270424	-0.13183187641662178	1.9965326023902588	-0.39016584825929834	1.0050449996431696	0.33556792510544775	-0.25242077319718964	-0.7277193813661693
0.8716253207291745	0.013839286111355866	0.11291461491704066	-1.4461132960447376	1.5228890757717872	-0.40526732318052644	-0.35884928715706266	0.2683480882048809	-0.08747337036301082	-0.5996624711808982	-0.11254586576303519	0.3693556530447956	1.3420557772393917	-1.0248422786501439	0.38116573503423423	0.8779542386121136	1.4479291077573944	-0.44774124418015365	-1.1442397592181084	-0.2986175811309049	0.6757567993308324	-0.764119907850308	-0.04608723989847834	-0.12062217311327625	-0.21206126694716212	2.059103236842767	0.14329992181014709	1.1259943430250179	0.08550817658384322	0.07290586617077302	-0.4269797189694036
0.31579400669056884	-0.31552049628594436	-0.024455035339276253	-0.9246973809217546	0.999794091595801	-0.5530631534059132	1.200759946141832	0.20816494400297278	0.5015800217701674	-0.05498476342259183	-0.17676378708715568	0.3314889008236947	0.721479718208165	0.09331830269818314	-0.20907715298445706	2.03837723984376	-0.9003777851660697	0.4068893735668829	-0.8934340935223674	0.28274429703718573	-0.7369243225187646	-0.5356577472980495	0.275529668866366	-0.04631810462973988	-0.23836450361553652	2.3232056355878123	0.6073633614257506	1.0345358683276704	0.14374383356698592	0.2914960131341401	0.09533737554521514
-0.3880553240763689	-0.027934029434570067	-0.5901963190515143	1.2202753577380727	0.38474054934696633	-0.410690044599287	0.8648457742178769	0.14637293187093456	0.5032850362672338	-0.011219951003250333	-0.21692253020732333	-0.44411588187022333	0.7879578296364123	-0.23104910267430512	0.22204400440417826	2.1989186465609416	0.9081447344087343	0.19149615613191365	-0.8986709817091112	1.2183798179401382	-0.914430322097208	0.16029747224913374	0.9084140497842204	0.32791190997016306	-0.31044457847598644	2.023559068564491	1.3794648684848154	1.1866986449616188	0.33066318404116596	0.020893820096422648	-0.14580580911148985
-0.6050620220592093	-0.008884945434060262	0.08612525195210624	0.6358448372368309	0.5492436881866303	-0.312327829056385	-1.257694981071288	0.10653216165931606	1.0845432200178822	-0.0779907474174294	-0.247593981107982	-0.1393183339454865	0.7327778520065936	-0.6594492504777304	-0.17860196271478604	1.7202241793809046	-0.681364481018202	0.7389705093504007	-1.1215762407834569	1.34138201504762	-0.6203263718218677	-0.6769460374369354	0.9959661719448107	0.4303407440155917	-0.11079766547065448	2.1817824775092145	-0.657814386239688	1.0967934070266339	0.5452681690569977	-1.085165668518248	-0.4156655162490412
0.027376863428383257	-0.2996500213214423	0.3362464683975917	-1.29618855694952	0.8127405529695493	-0.46213912929303524	-0.5461153007069677	0.26478558888542764	-0.21814562059099635	-0.22531359201960088	-0.2660523602680446	-0.2996660215349534	0.622512321223524	-0.1971446412500443	-0.6636745158571585	0.49385304051135015	1.1492881263065937	1.4712761308229223	-1.3156253750684923	1.6058919567948247	-0.24411114132640255	-1.2467412169030252	0.572773469265261	0.1898987444734668	-0.3797161872316449	1.886661949421702	1.6220685136916875	1.0641603413583611	0.900484073620683	-0.796723208920958	-0.23670539083689943
-0.034391255440581275	-0.010220174934653263	0.4926894046754355	0.25976164845199073	-0.07486461291025488	-0.4690499472930443	1.3133397161414244	0.19347918311804632	-0.4910487435170567	-0.2541180269703271	-0.32461807948255	-1.1457207663309037	0.5031628171363937	-0.41457411430727964	-0.26211830279915627	0.8118727354243238	-1.113210035198398	1.3240762509224218	-1.6741232629672833	1.42283370711269	-0.24245469492832475	-1.2911242815622217	0.8505930690314932	-0.20106104868576005	-0.057208543496235206	1.9529728844597707	0.6636289687330096	0.9247756767109955	0.8280282005580191	-0.3328483093940984	0.2008105018394361
-0.20330352573522725	0.13595807414366223	0.9494667616510611	1.3135749485463095	0.08377625009820115	-0.3309310246946466	-0.3289682004144844	0.07820773929359072	-0.9650904998357087	-0.24647830564662612	-0.2125412908759604	-1.202928164391433	0.7426200281215639	-0.6569531674889311	-0.09590623010453765	0.48117620175082737	-0.26663810062050775	0.5270682506962827	-1.5392009302178615	1.1892517672075464	0.25647627579067284	-0.9031159226960703	0.4407371752312118	0.2788100508563283	0.08741222126660454	1.9107647336945923	1.5233657300480994	1.0317776858837477	0.8292252902840529	0.681109883595775	-0.1645834747881287
0.2568970649682873	-0.45698848197382735	0.8889760664395673	0.050773768232553196	1.4071280391559708	-0.34018223643825707	-1.5508749041600032	0.10329597194229896	0.6373130098150603	-0.10040597266878105	-0.16099667863812359	-0.5861738566415567	0.21055848064797777	-0.22795061887887874	1.1340544360509948	0.5073942882284957	-1.6994056317240918	0.4292604120594001	-1.4582000252062672	0.03984965876665009	0.34865111369241314	-1.3383269583223956	0.4564145239236166	0.6784288540034938	-0.010916878857290143	1.736974667496741	0.44889448508303775	1.2764380224377048	0.2871770216075812	0.43278938875493406	0.2872508919548155
0.572723071877272	-1.2543529687264294	0.05409730526484217	-1.2926197182399903	1.2144651658295713	-0.37982508538907767	-1.0808972044137175	0.18049732833715984	-0.9269590474746068	0.0059423972406669485	-0.12180066047189113	-0.6049640167214209	-0.037568574197353974	0.22970304982267675	1.3087176068084334	0.4450820120215326	1.2402714755595015	0.3511359438392142	-1.234423486508524	-0.3114082967204066	1.0246686285921396	-1.4106680951714654	0.7614401597637023	0.880832392750225	0.5605318749040546	1.0203277046496246	0.24773078860987965	1.6065519166462037	0.22633282240878932	1.1617183860485805	-0.4160702527873674
0.513421580704193	-1.2021127495706474	-0.12753257630543108	-1.058713903046378	0.5363437025269032	-0.46664349399728927	0.9347683274075294	-0.19397168453871558	-2.0685652849941074	0.44467221944555946	-0.148151692345215	-1.2806316965406828	-0.9610896688119842	0.24919027931489413	0.8376183527304472	0.01298836971448954	-1.3390329793644065	0.019429181710494826	-1.3001689696587009	-1.180212004449996	1.0273741893477686	-0.6042162836352913	1.729065640122274	1.1291098658070384	-0.10985666702199227	1.431789934071906	-0.2983822783295411	1.2887071949120505	-0.16983549461400863	0.498172211390932	-0.6475752711949521
0.003743821590848358	-0.3532930502879059	-0.03977744438566512	0.2563380217018279	-0.2435517728152905	-0.39818884702694085	1.3622820883133906	-0.06781280063491521	-0.6992448012765157	-0.21356048207297226	-0.27863632615527106	-0.7148213407794842	-1.082062039629223	-0.31590524736643216	0.15926925622253343	0.12067674445972362	-0.6775404677559885	0.7845944454707269	-1.2298559422049016	-1.8847108744130068	0.4524451225245811	-0.763855140990928	0.9241578391942255	0.5912506349257807	0.34018149263826625	1.0008662333880978	-0.801631660705588	1.488784889821536	-0.1987887737994047	1.4244561851893187	-0.9729248135847016
-0.359110205704372	-0.5525369833288691	0.8228715741056127	0.663958930637676	-0.7982295846322581	0.24181266530906761	0.9056714218186159	0.13564813432337622	0.4320209814576822	-0.21099292479524379	-0.2398478353289507	-1.454713436269486	-0.5011160302657242	0.3427340742439969	-0.5439906402349021	0.36208624025102976	0.01145349890314932	-0.9582717439676921	-1.5352368966695136	-1.4040865693124331	0.08698690956465428	-0.5177225934449855	-0.24455788861455766	0.06524937387635935	0.9369317672521184	1.7199615543770848	-1.3557352437991834	1.17574264912527	-0.27405544312293434	1.1118857103861968	-0.3709553453553635
-0.2014354039307583	-1.1350403590693854	-0.16872912481831812	0.7884122443181336	0.693962554835751	0.6225737256642844	0.7364419784691272	0.09847273844058406	0.8727886334793281	-0.23509200519109652	-0.05201400500645816	0.8951561306421261	-0.04715699575895872	2.2903290863560697	-0.24045521242498974	-0.1799688284653196	0.013103787764625488	1.197360730507129	-1.1856749724672337	-1.0035660953653103	-0.31334981431170345	-0.34695215617073727	-0.3990547345313605	0.4628932381152775	1.24404993969834	1.313356608744213	0.8431251907572039	1.5126947360717955	-0.14621730139650924	1.8766874863388592	-1.8371901670953072
-1.326628631044798	-1.0983343136604509	-0.9698664668566261	1.2804666072853292	-0.6093818841570877	0.2505872416259926	0.1233104537675462	-0.3588564652525349	0.36534758580323956	-0.007835829987324449	-0.3756692358814796	-0.07096258957280582	-0.4701026403445258	0.7831674497173746	-0.12998830684425425	-0.5523428242924483	1.7387683468900024	1.7514541212987722	-0.9971463743075173	-0.5879054510601729	0.42935009942669133	-0.5673226655410196	1.9468042064683513	-1.1017797959241595	1.3546109716944357	0.7030583366677059	0.45186141484777637	1.4786971493176944	-0.30429294634012677	2.0168427984619863	-1.4833101208341033
-1.3273790167067994	-1.074222845877728	-1.6681034114553828	1.052217169645811	-1.4556458522717286	0.4611693428733567	-1.14930227234438	-0.3758528565570241	0.7473614941506905	-0.19004467464756966	-0.39113368888988714	-0.9462898462969223	-0.8055025004123191	-0.25679801203453023	-0.11124995097076151	0.42327196729025907	-0.7179258854372774	1.327003991691578	-1.1590717115535645	-0.08182829207803305	0.9330904581942387	-1.1077589950334745	0.20664497387359318	-1.607227600960454	0.14822056208961262	0.08118769349636411	-0.22598203414477774	1.484759588485591	-0.3474331812086608	1.7763039674432937	-0.8386845742871049
-0.9155153820615798	-1.5865968576409848	-2.5575528797323366	-0.42565453724144875	-0.07627934040042454	0.5953667316267859	-1.3930684250417802	-0.5608521119721439	0.2467340535412171	0.6888648095675687	-0.37243104744921535	-3.123151751610802	-0.8558996397072851	0.744309032546334	0.9136897432245832	-0.9900114011504245	-1.6005988977206764	-1.642323855516508	-1.4677939303992078	0.14498870680100318	1.9372390024126507	1.6975883112708623	-0.30806610430177883	-1.0268727674818767	0.6869262081965	0.6704542016913363	1.062769599585097	1.065842073148582	-0.8546416423883174	-1.8660652064241414	0.2612680052255602
-0.5831677655491063	-1.6135064352137185	-1.024036387323864	-0.8521006332555795	0.1912455228372863	1.4199357482199386	-1.1815017865036381	-0.6197755230963603	0.9687711109690095	-0.2223248522282535	-1.0333119858371014	0.7687653521195834	-0.06616747680034965	2.5123721624760726	0.27157013245065076	0.16827983371377067	0.8144123735251506	-2.6732774051109764	-0.14157921710190738	-0.9194891503417061	-0.30358887340212243	1.0505446874214461	-0.5261094120663373	-0.8821718523049742	1.7576836874422928	2.1422497653189785	-2.1072989730854164	-0.08026015513641117	1.1143566437398507	1.0178735356425088	1.060247972466375
-1.1940262247806228	-0.8895909458194097	-1.3903402835842722	-1.2168054026813435	0.594964098562736	0.8563317908374948	-0.513645109893577	-0.3610661438976764	-1.2136056267986073	-0.03106197833959825	-1.0216970831311385	0.32371270180798295	-0.29786151374613534	2.99409420234919	0.7529658444461969	0.19525888016789206	1.6431385007569559	-2.9318931369966457	-0.5693137225685037	-0.2801970994821396	-0.035676510683679157	1.556678783687018	1.2752977395990468	-0.40406782180870726	1.7203334360732154	1.933854184536351	0.018579456553351123	0.23746437363864129	-0.7780704602480254	-2.1377163790681686	0.14501803882656666
-1.3418283980502956	-0.280393170228467	3.5169389751893325	-1.0000521752651699	-0.4909936830656055	0.8209665990944905	0.1927420567056301	0.4990101026529894	0.8617098266622183	0.7666378641737471	-0.9819368185759864	-1.788210206667413	-0.8124214586898376	0.3424498661008453	-6.175603870162365	-0.9096282363969154	0.7215470861806781	-4.69595466696435	-1.8483192898890528	-0.541194036332913	-2.131903023208642	0.8097197647652569	1.2817874941003968	-1.1332482768678627	0.8079746085953796	0.22822897084583735	1.49205774603414	-1.1007720385234034	-1.8786529990652878	1.5739141222729687	1.6034855934008831
-0.6599168971352939	0.059822104049581395	1.9337659579234157	-0.2857981747055432	0.18768165230423653	1.0552744294214675	0.9239819229530575	-0.10425968059444436	-0.7565932116392421	-1.0132428215813531	-0.977344071556755	4.837909560280483	-0.9569895997296803	0.060543542808629135	-2.099873545502887	-1.0325602067848045	-0.46918286144581567	2.1703081748391186	-0.33286813975720475	-0.656588413067078	-2.4089137850732016	1.7720325791091034	0.9808319886776554	-1.4916085487072572	0.5055997068958596	-0.023194820950434448	-0.9009961466574148	0.2235485102358289	-2.3227443458620165	2.9977275278522626	-0.835529387702142
-1.0291492234059885	-1.3300169608540502	1.1960433203528584	0.1502030046352306	-0.4365297856382416	1.5877159133831968	0.43106959010480783	-1.3219420738137877	0.6006078984974477	-0.7357847609830771	-0.9792908737802996	1.3100458574526281	-1.3358439383836413	-1.3686885453332254	-2.1244224948938273	-0.3774335163866522	-0.27506591068623626	-0.7073569333659229	0.0813028618986586	-1.4538377440614652	-0.3833351519752061	-0.3344663400222498	-0.820227518759113	-0.6990515636384287	1.3814141357031795	1.1770553991342652	1.1437689955070567	0.18729607113894278	0.4490741667569451	-3.180663096924005	-1.125505337958987
0.13521265924925382	-2.488086013615147	1.3845922054087925	-0.6258925863881087	0.1071769043474689	1.411892929685135	0.27353577259484707	-0.8044365482658747	-0.4577578197983761	-0.6201349157151886	-1.1045900708655116	0.8396404982387805	-1.415509506532586	-1.1732000030796739	-1.0744640708370194	-1.2054489419519898	-0.3191889000511917	0.25328462455205447	0.12701767103263248	-0.7942017076464699	-0.44171727238165526	0.09439675305197451	-1.3375626672217356	0.9437784004158553	0.7946001180130998	0.2031432573366081	0.96924131618352	0.1721473182284976	0.7299518533309416	-3.2094076358096713	-1.789232939830579
-0.02995280506358729	-3.498122595625826	1.5974176033674237	-0.6980529194294438	-0.7497143426151569	0.7540210474752183	0.8300222575446857	-1.2695133171329451	-1.2489426398544288	-0.3799434926107449	-1.246699632224196	0.8165861841825364	-1.641209740610653	-2.7995953797772515	0.34502779031533415	-2.0864166541809315	-0.3130027466829393	0.40384641748768324	0.42946382628441915	0.0861409023861867	1.185806040182679	0.39210259362963257	0.2625973031868368	0.6101873993514183	-0.15396714794109725	0.30007989382493894	0.38326340715598933	-0.09462079159712164	1.320651967276467	-1.4124550819660435	-1.4872215811657379
-0.6157318140450068	-3.082569337571878	1.446275103373497	0.23265417111200642	-0.11390966584396525	0.8066814518441	1.2492828558526474	-1.2997420245696234	-0.12034993232285414	-0.5049002893278556	-1.2325418359285074	0.6500219948767995	-1.920716816143477	-3.7934519795598862	1.0668974264380404	-2.184834549357801	-0.17418750342817851	0.15234282340027883	0.7694874506891333	-1.2427174881538852	2.325446846020509	0.9863645175105715	-0.7694510328232809	-0.6211773435474975	-0.6260312929017361	0.32422332454201586	-0.92716738720819	-0.0828755300863108	1.060872949665422	0.012392538382698387	-0.9043208765576557
-1.4361748390940892	-2.010412484220122	1.0936191963340605	1.279441807311418	-0.9586776361097794	0.7812558675544233	0.17925771312247527	-1.5434218685579044	0.023825347468162894	0.48957721356041667	-1.1794802134104143	0.5587376835532619	-2.3564085009145246	-2.7407775369666103	0.85568855866966	-0.521044245854149	1.5215961229947261	0.05129872015314794	0.9201839762354381	-2.220628039914764	0.9236561898552242	1.692038394998083	-1.8316040891348102	-0.5889137670849869	-1.7987159716452255	1.1997465456952676	0.42858680977945274	-0.056178487100040655	0.6772153052845269	0.9372541147382701	-0.5299497152433231
-1.1851050494040254	-0.7312305904592548	0.12361796583193427	0.2397189843302349	-0.43729683900834343	0.16436491547686133	-1.4095536491948841	-1.3491629772503908	0.5842767186127839	-0.1902274968183475	-1.0992469359768182	0.8278143925906947	-2.2040942774969157	-1.2556473641134904	1.2043390330731114	0.40067900276161467	-1.0057076316455065	-1.2599656586852852	0.952338403858596	-2.3773015870810124	0.18018232388628314	1.2789152489900937	-2.90265537518379	-0.8498778437692943	-2.461533190280896	1.7335025887148674	-1.1849622350506517	0.3067654754650643	0.49744077577155743	-0.7758769167784985	0.15454453096792156
-0.19895493441673237	0.10332300763074995	0.9537722466580337	-0.9095664629290434	-0.11754020939916848	-0.13716697270831132	-1.1225361774631912	-1.35092012842535	0.2631508814378039	0.4563350144266089	-0.9382876771166109	-0.30692336357686073	-1.4981256449656926	0.37313419004636655	-2.521145334078983	1.5419000951661666	0.09950940171038226	0.1446987674978073	1.3170141334995447	-0.6763578043987454	-0.5626633016075443	1.641555874103976	-3.4559537323152245	-0.41953052777693023	-1.6137115724758537	1.5632013132980134	-0.6425743013191021	0.2157415982647629	0.11040080378521776	2.15494352228817	1.0191526845362986
0.9057693141627641	-0.03396189832239552	0.13139024385783515	-1.445659594543187	0.1999973913062457	-0.21053876962647364	0.4547456616579173	-1.2208836479087233	-0.7011257761589849	0.47325111250946733	-0.8647473927723398	0.008509352209147942	-0.8088440530307061	1.7756594840252724	0.8259827543676512	1.7198483636217936	0.7901703625018273	-0.6589451595674871	1.57321665386965	-0.3590278953039527	-0.5920661135360127	2.463447769568664	-1.285948726892502	-0.08914404667009913	-0.9761805939218207	1.2105206577019907	-0.47716598357765305	1.0549417141084412	-0.24271758595745208	-0.46945258216936847	-0.42530233020661423
-0.1721307807578893	-0.13669866993950666	0.011148225794988744	0.6475160772287353	-0.3569517663488895	-0.1852139085467538	1.2931560111996436	-1.0941476497097347	0.590309098904715	-0.21445020604315368	-1.0829380164942053	0.18357110949612368	-0.2088757872373803	0.8154295368513758	-0.1163610878484874	1.9644707489577842	-0.4024767990421877	-0.11527944668788347	1.3765576822400694	-0.18787642961312276	-0.5243276814610838	2.7514244175924287	-0.467650034465202	-0.12984672372852837	-0.8829339907939763	1.2185071480688463	0.48104215670512407	0.9545327929085231	-0.3979871685523945	-0.07220740989558125	-1.283022930640623
-0.4984011337526719	-0.29408620316544265	0.21724857270691666	1.3798408852701984	-0.5367639441467381	-0.3217074121192311	-0.78819803892072	-1.0062340839928945	0.10478782707198957	-0.09376342237420224	-1.1701131650199337	-0.30426312283044654	0.3891614016465903	-0.1222354282724823	-1.0112479283371802	2.378731080791507	0.20962479617672458	0.2754637671746283	1.312808567893162	0.3529488454075124	-0.32826558136631434	2.3866075622460845	-0.160613840398753	0.41407770475958366	-0.5368480983819593	0.8512692613373273	-0.05063700881087541	1.020564068580063	-0.1620522387264294	-0.2882807390382313	-1.7416082948407228
-0.061523042685385367	-1.2747652349425922	0.8734626917929441	-0.13953291761207273	1.0006602543450165	-0.10854212240410126	-1.6290077773386218	-0.8764762252968641	1.2294436862462057	0.10314103979577342	-1.2469038275495337	-0.4000349044714547	0.7458146622470272	-0.1294227287195165	-1.2465126160423636	2.1153511713285433	-1.5554934881990705	0.8547738449336904	1.1190065192073153	1.0051979249250071	0.2011206415600151	1.5711901427513744	-0.1999886166503601	0.6110320285926599	-0.4446081418016487	-0.12614045949539013	-0.12867139480613637	1.003474039468092	0.0009266325563987988	-1.3600212485242738	-1.7490197787022024
0.6029721791356303	-1.5693851334980344	0.9987355177167963	-1.3037000226028461	1.8530897526045949	-0.0775954996785782	-0.7598601499713081	-0.7950826981758916	-1.0278049521833341	0.24233020311940087	-1.352140039695078	-1.230559875313913	0.7640364062772474	-1.0821384966602006	-0.9225325492163037	0.8845841559666735	1.0686589964010753	0.9584208471927483	1.1324825899873956	-0.114613037084935	0.7860880952552229	1.1101980586073827	0.4823970007658873	0.7200791303096936	-1.0318672032409475	-1.119044625249727	1.2218197816826553	0.9634340896937371	-0.022247126794548454	-0.6372273533947683	-1.3696942010333932
-0.03516777800184024	-2.1616863605609073	0.29237892177480956	-0.7674110634934647	0.3383277744293631	-0.21367442373699252	1.1661595956893303	-0.7896086713063759	-0.826019326816135	0.22577547509251827	-1.4095446226040973	-1.0659269998103418	0.44983343466184306	-0.5434825728338183	-0.46047278417799237	0.5483830356146868	-1.2958377358285171	0.769504782270785	1.3268673899773284	-0.8547187963065263	-1.2286582464859492	0.7223757494947424	0.2209333645944383	0.26798177414627883	-0.7088457109485072	-1.3959126765795546	0.14098916974960152	1.0150412489995653	-0.048248977980899325	-0.07413883660640755	0.04262061340172872
-0.5042323442834068	-1.352124579153582	-0.4749253965988009	1.0778369969376482	-0.5822295802245613	0.08619887660029851	0.740425725081086	-0.517934859825957	0.7871570163693592	-0.3410163540921515	-1.367250347900275	-0.8782831844406597	0.4014719769949294	-0.4613886086707368	-0.10607653987800836	0.5988289250165281	0.9196644798999729	0.35575131769719803	1.2305078965513552	0.1961410262248966	-0.8552623689964789	1.1958084961152895	-0.48881898126352036	0.6959236380994931	0.433960015074202	-1.885069118916871	1.7019799959537711	1.2372214012164382	0.11868929615631015	0.36704516354106076	0.7218249443972999
0.2768566220617889	-0.9700559417582045	-0.38977555001415315	0.5324306226006356	-0.8486164554334749	-0.039468336130146685	-1.2481461843841277	-0.34557829707295296	0.4009149049359612	-0.21087639585788853	-1.4174883080002643	-0.6741896259241679	0.3339211379356163	-0.5222834214018339	-0.0034238386069442663	0.973482616816675	-1.0241647090329427	-0.06022243508202372	1.1645893759490564	0.8099441442900078	-0.2892703031972351	0.9315440787250697	-0.21633739283921916	1.7147594636941552	0.9354344469050956	-1.5812082834158279	-0.7040356555613521	1.2425662882441837	0.033651438724864216	-0.2610591110231434	0.7837265834374721
0.27784611279472554	-1.1550485588421957	-0.43853575644382853	-1.1284085668880253	-0.6223928765681321	-0.2784227557167738	-0.8598066542244821	-0.0975212866252964	-0.22124929980146193	-0.19739655986223842	-1.4062028586097501	-0.11273360472625321	1.1708294442994975	0.7379811895147244	0.36325998669410187	1.1879197201648748	1.2066757205306498	-0.7550172434161477	1.2582635382011589	1.2014253923975444	0.18717616811778542	1.1212842429244227	0.18338727647688863	1.7628482633732991	0.917594838769585	-1.4540681119994148	-0.4347310269650799	1.4039198879762045	-0.08649939060223086	0.44476416953172615	0.6040051446211739
-0.17361231330967053	-0.36036472946030396	-0.49910154989457245	-0.9715117802100387	0.5443152495177646	-0.48733397418587215	0.8307103638388835	-0.38920271760420866	-0.4231154295907581	-0.07426178961572856	-1.562191441214451	0.15661936729133225	1.7028028924623846	0.6529678539936131	-0.25123127953260077	0.5301321879470339	-0.6030115238466621	-0.02791488860964639	1.5406286114291607	0.6225046107086957	1.7040574610286228	1.4022648454438573	1.0863132955143902	1.5888905403742921	0.27701132697511766	-0.7921456373714234	0.2838567754429923	1.1207759553822818	-0.1602555995157878	0.38164045344217384	-0.1326126838664439
-0.32726301075054565	-0.14164825704034764	-0.14484262111871563	0.3604559752418117	0.63265456726149	-0.6219725580429488	1.321260891212168	-0.3696163040856173	-0.5040299585391527	0.05613320537196421	-1.6479737538701587	-0.40800370535516794	1.3018198347185956	0.2823373288743494	-0.9775708179748096	0.43881396921286786	-0.4327053327471465	0.20779383471399204	1.2382345496048885	-0.3952088238627566	1.4211465732464106	1.4171479717281528	0.935237646188271	1.4270852238436507	0.27542059518304035	-0.34955190059646923	-0.34083483242853047	0.9887545391687969	-0.2809279837121413	0.7430587795427949	0.2390812650306253
0.08687056856764168	-0.2605443486893025	0.0002131147234053811	1.4477069756422374	0.5363494352779744	-0.30149896857325204	0.48383835858515234	-0.018586762672354578	-0.5378101241996455	-0.2622243699480892	-1.5681833053345549	-0.5779779035338656	1.3016535448556723	0.9211158148219492	-0.3306102375517084	0.30081731767335995	1.8450279424182212	-0.5663982270063856	0.6952212866069488	-0.5964921382072971	-0.19962363920385467	1.3162223878490005	0.02055817538235838	1.923348314223061	0.15252125553492765	-0.4550543790751547	0.02337450594585818	1.2178252648552714	-0.20350841642222256	-0.6179059323441726	0.3122484817567104
-0.09070630554273011	0.18410157607712593	1.1402587342026598	1.1928618608240775	-0.5686430784697755	0.12404875093289337	-1.0266901454409159	0.21800567700549564	0.49816166908268195	0.124599086216149	-1.518013850633336	-1.551731083647027	1.016621241948303	0.7461600766006439	-0.25882749033727986	0.15361735879100935	-0.132371563906907	0.725302905291321	-0.6603405015459689	0.36131791320155054	-0.545952273321766	0.3698682948356309	1.107730722144575	1.865383804008683	0.215975972525537	-0.1539761929754851	0.39487620053813316	1.13605776954917	0.3148894510258041	0.566758945796026	-0.15763759393182666
-0.5606180624118017	-0.11621002507479192	1.2100969926778966	-0.2995604925106184	-0.10186125359635707	-0.19098275487209354	-1.4287595979971701	-0.01744769067473541	1.2251794954414366	0.05162961602949837	-1.4859198005193934	-1.453100994271579	0.44860412996934795	0.6185759928446852	0.011770604857563344	-0.8900375528687183	-0.8951719914069715	0.6892923782681849	-0.33174480970845477	0.9946449083776526	-0.11617555943972406	0.09428014876778662	1.315163620630045	1.5374642112141628	0.600481645573822	-0.7327491381965183	0.6980078479961206	1.2250769314957946	0.05435051686015914	-0.3686497113693098	-0.2639508230756791
-0.5030327397945461	-0.22867194983947534	0.7149721893200828	-1.4074022622609637	0.5604081583095264	-0.9240090798709386	-0.323292941389238	-0.3312238133778661	-1.3482743158451584	0.008585892965239175	-1.4006042672321417	-0.7152155559708149	0.10161528275058573	-0.7365709617257328	0.8630073021934103	-0.856287240118449	1.5681957441582568	-0.12432556399913658	0.3079810701012804	-0.16698694337622624	-0.45055047301711615	-0.61336765699711	0.8058368778344972	0.8160284730861309	-0.11867772505412093	-1.0263676966966238	0.7346794957511019	1.219043676744197	0.21114507913010883	-1.0899077406652193	-0.275708816255013
-0.6292314440725338	-0.2613379127000265	0.6817647244903123	-0.491394656331715	-0.6356441331159031	-0.658612017318389	1.3470062161849086	-0.2733917666723328	0.22165948900059965	-0.06417434649378871	-1.4404781939558475	-0.0611536936949856	0.3861250763935345	-0.22932031400283334	0.9674419768974063	-0.02813622339660874	-1.3810979757384234	-0.5902989773771912	-0.0420482580484383	0.07296766460328107	-1.4477424381132518	-1.227034407847395	-0.13177217184297133	0.034598562960591876	-0.0536834884102495	-1.201396227309966	0.5867040151381291	1.0733113135116594	0.28599730169781973	-0.5091885175842074	0.5494147094348665
-0.3609320970560241	0.3284979991134502	0.28778765683703605	1.09329815030274	0.2949402182819101	-0.5247477178655812	1.1567275840377282	-0.38714248462374795	0.19728954962056136	-0.4247196837621546	-1.4566034756787092	0.1955305693640952	0.7366821589611893	-0.38964964850021117	0.7298612841318965	0.184787648580025	0.4685516040764101	-0.25787584638828737	0.014790526970166836	0.05015901954591842	0.2770315254153106	-1.1572169487283648	0.03216959999512787	-0.070517305953401	-0.2556006935285092	-1.3170692706014315	0.9697421201868419	1.0078931167196055	0.14613487407547954	-0.6537813863451098	0.3039190201807042
-0.21697463139200662	0.3100395133694386	0.404078509473716	1.454905694545939	-0.5343995286662464	-0.7295064430525753	-0.8011526378009652	-0.30566768646954273	-0.5082615050791643	-0.2759179740595357	-1.5302594637032474	0.2813305610720297	0.7355013327589306	-0.5455818112331449	0.22481409261053184	0.42448018068166693	0.19387186109798302	0.006958160254748923	-0.05902256839055203	0.2626057040745936	0.42291478884255385	-1.2951133759966136	0.29068111795062546	-0.49884792770403574	0.044171594586799395	-0.9217393954517787	-0.17921936477552092	0.8803023199439252	0.2964165963430583	-0.18156792656170426	0.4584741694047836
-0.5653401886686228	0.40804297764995956	0.27395401436994965	-0.641983338309719	-0.22727864000989098	-0.8513025943192957	-1.2744760639963058	-0.3808781157364606	0.7389592372701758	-0.15014533841558517	-1.5023417328241746	-0.003908643692922242	0.608221564225624	0.057137804008505974	-0.3727801221932864	-0.10310584477438563	0.3692145325748877	0.43581738309127716	-0.036108489803842625	1.0766083748230482	0.5448464836042345	-1.0154019408031434	0.15091544036455884	-0.4133692110735364	0.13675760092235614	-0.7923048621947166	0.45118879025579045	0.9159562074443751	0.24070057023301286	-0.6185035164610453	0.12444427355536729
-0.4988056801855528	0.5215790511497466	0.03837758439245418	-1.0754363222921917	0.7924632785299722	-0.7657632393778013	0.5386975579007052	-0.5944066008358232	-0.45079220579808704	0.19987398091457628	-1.477176356559051	-0.5464463469092004	0.36671834260799674	-0.4666870425044105	-0.9404676961084426	-0.8099375527993863	-0.018387603003682855	0.8602566832560282	0.14759129676197238	0.5382066189071979	1.1897649216307653	-0.19422968791081863	-0.19269477461240522	-0.09696629083235186	0.33864949198475486	-0.22678243276116616	1.152843848143883	0.7852506780397754	0.4096773243716002	-0.4039111405106929	0.0697942412668924
0.3141120356177971	0.5753480322349186	0.46269763947198617	0.3785521441486417	-0.057787098540349476	-0.8931668021403878	1.3144366808478252	-0.22421884167143205	0.4159448245287234	0.344806822154289	-1.4764852816361393	-1.4247537929818437	-0.5913612133035986	-0.05686798150486256	-0.5068299651745823	-0.01273151322126881	-0.21969491300995653	0.7417295458299296	-0.09023628769365759	-0.026277919359265014	-0.02881191446674518	0.11835435682730161	-0.4377813551573423	0.158642429090803	-0.023106744446503527	-0.12807871309371516	0.12559577753593074	0.9701072269267785	0.45434428228677426	0.8494116017798969	0.8964851782949013
0.1952530492957781	0.7793749598217411	0.2639219082109841	1.3286306306137365	0.48643328485520043	-0.5737649572313587	-0.25808055018338116	-0.28655451394284287	-0.0041712262188374856	0.4683480858661728	-1.4161935996696629	-1.2782924068208295	-0.832106577108035	-0.3379230238587943	0.8271936546490947	-0.11036176363585051	0.5862212796563441	0.11629395900788939	0.05594794650632562	-0.34113495058485055	0.5503430693881143	0.15271574862604012	0.16941922299720844	-0.17710803771554476	-0.4360905831345678	-0.4890108427728773	1.0233321551440082	1.2575769252847124	0.19361328576595865	0.4228524840979331	0.2787309207939835
0.5358223090208236	0.08854873836776456	-0.22353689377154465	-0.30191445221254337	0.635390009363439	-0.8471163805434864	-1.4515062329619839	-0.13095767622761587	0.7374245393115596	0.25499780085654644	-1.4381753874637098	-0.7643305086987846	-1.035083414974938	0.25209858180331923	1.2451273392176971	-0.057653610393621185	-0.7355001416047934	-0.39321656818911566	0.15493967626091654	-0.6173084751727616	-0.8271010480888541	-0.6992202018793753	-0.6914316376620743	-0.06442908646093759	-0.267836258361567	-0.39793203868755117	-0.5515485709003176	1.325918190413297	-0.12444663615222765	-0.5368349881350386	0.38103160844051326
0.1035966649184421	0.16604197878146904	-0.57963273928464	-1.3300983564027862	0.7989429195329141	-0.4045857516406977	-0.3171797230621576	-0.21261375082537187	-1.0940309847398118	0.47089959830671274	-1.4106837513468096	-0.8107618749534669	-1.3457991982374884	0.7093430714619944	1.025245850034371	-0.4253890778730806	1.4350362077706884	-0.7199388549146004	0.45644154054113756	0.1496854414212683	0.3961783990890168	0.009088719404602572	0.06131231960131123	-0.04270081928582947	0.6406039413778685	-0.1082843875474979	-0.21175273594409044	1.1774737514470572	-0.19931190808553756	-0.5535094012485057	-0.5673767406598353
-0.03947591105975575	1.714739512785539	-0.7510716128426038	-0.8254346769552259	0.323529363913894	-0.35425427750568056	1.039939666638482	-0.02266700037996248	0.5550084177638247	-0.018538501066818563	-1.4954355806223902	0.29423173248654666	-1.9564126235303054	1.3069474154304148	0.5034215500492515	-0.35780546285291476	-1.0193663903604921	-0.8090253965625581	-0.24118630100150446	-0.41206006829172803	0.6078054944399873	-0.9978985087325867	-0.27923561815372094	0.207639453192097	0.3843635263265313	0.30353948838410705	0.7241740581979438	1.086579387127487	-0.29775023951941243	-0.35057594635384676	-0.13531860483821576
0.6618166654949849	2.007690198067963	-0.9498057076335363	-0.23331291475978658	-0.5718811921847237	-0.6677151656748327	1.4551279397192123	-0.012126608699932527	0.8590107107346687	0.24305456158137123	-1.4242213445979766	0.0197431138496152	-2.1120920390657485	1.7658165716260157	-0.5190471785731701	-0.192998690980056	-1.0009022771099876	0.37575925666431603	-0.19787406080378173	0.08730493746338454	0.2678143055993056	-0.4866234292033548	0.09064856758286059	0.7544123996593163	0.02243609772485049	0.3653085328818078	1.195885034946648	0.9979380349401047	-0.2324453792346195	-0.6350868472948142	-0.047731618585003556
1.5529044236318128	2.7350263669210073	-0.28122476036372707	0.8176924709532887	-1.3248531227615246	-0.5902694631026338	1.2125489319879872	-0.26055420449069616	0.7305032066175395	0.45110428051159857	-1.5538234970288047	-0.670148044427762	-2.206119652379923	0.36375968876613496	-0.46557761810142095	-0.159715281078739	0.8121300345359908	0.9140046343887865	-0.19981912569146698	0.459044434289302	0.6401849270324462	-0.02574551601443621	0.9187417530383942	0.38810669293056926	-0.6417074253403681	0.3026378517593188	0.28000615880057766	0.7220102595041596	-0.24530249274711893	0.073410143273665	-0.42163265882476864
1.821982580453487	2.3958401648793375	0.10625279598721223	1.394566157003772	-1.7678616007907706	-0.569241558241413	-0.23753136376450493	-0.08181137042383994	0.315134107297406	0.5013344124238615	-1.5772876062252126	-0.6577543035653234	-2.016723622631488	-0.8223009022933985	-0.7217305300906427	-0.1263318649433017	1.22650830665409	1.0669351405968526	-0.13572491245953586	0.4324428582445155	-0.09695866563481582	-0.5418373168488794	0.08608837103420328	0.19469948753297747	-0.9312241774487429	-0.5227310157539854	0.736999588031979	0.8925449469238435	0.005062621033318191	-0.021256619581924666	-0.21053510571402495
0.6816659241389532	1.0364062482731105	0.4090897712647877	-0.04938291224417571	-1.5286540486697888	-0.41743443761258575	-1.4382477360269736	-0.07902883230990883	0.3602935604146894	0.5173956490166299	-1.5740028662005139	-0.7064356425896512	-0.6037451552096355	-0.5691796968592066	0.23798142926675792	0.34521011292459713	-1.3932869168625315	0.24775855725920767	-0.11961514467699058	0.6344148064531091	-1.1863463705041266	-1.1029110567005476	-0.76391596167147	-0.05193306845135674	-0.5447103062933758	-1.2717420396397285	-0.3603636274289974	1.0960074843876773	0.14223259659471832	-0.7404392566049955	0.3779843431860354
-0.17083741914099576	0.17678351151568555	0.5795989389609544	-1.3910044617616915	-0.7511584576320841	-0.3155671830786248	-0.6500625656307265	0.051405418114143585	-1.2246887395435802	0.5073122785237941	-1.4205855806667171	-0.831501511144773	0.27928061340520693	-0.5598685245530944	0.38793426387451596	0.3641725337247306	1.5091431859710325	-0.037189208385059076	-0.6054508774102968	1.2149315642101495	-0.7622992690534799	-1.0971808495685407	-0.8614021813914549	-0.041629094504737	0.21287987288762242	-0.9290878108130654	-0.5559210291399141	1.010625843555962	0.3496797055877666	-0.2418430313309505	0.40325357570387543
-0.2884076936389515	0.15202646570558598	0.42118166593886897	-0.9507283001312358	1.58363457910885	-0.4360873753418471	1.0817195483607394	-0.08906308108194289	-1.1339971438461764	0.3063603931763531	-1.5356904347076097	-0.7029175270486926	0.2750027079876472	-0.21509758252471187	1.2223833578725798	-0.44938525632290877	-1.1626825148849342	-0.21047947931293998	-0.15553481532309077	0.7818479037932293	-0.30858242359908417	-0.7235126470655925	-0.26954453741494866	-0.6609703224067744	0.3099610181262908	-1.04724215185003	-0.9242734258154329	1.0462439604712377	-0.0373460193259829	-0.4734219758464395	0.35560962607301094
0.08464832153108279	0.4039534473482326	-0.3023973595062312	0.8289632085758809	1.1797326051674086	-0.2974599555508902	1.098434584166253	-0.23084681842700522	0.04540813695575339	-0.40103943559025906	-1.5831461449843605	-0.352667356947197	0.29870752464196115	-0.9244041877972858	1.4964698651867205	-0.7509664205642377	0.49511301958934884	-0.33948035159630924	-0.030648288950289673	-1.0925252490762283	-0.32341438690639873	-0.4311907434131936	0.12666446133010872	-0.7194014260414543	0.24441624600290698	-1.1186800743297758	-0.4320296687597887	1.0450215461056882	0.01604299550595983	-0.027748870714795947	0.0039657932344866875
-0.4811768003946932	0.3998217739791084	-0.03330454291490393	1.2149162089824876	-0.11126817875872835	-0.31043332468735474	-0.6787432698065449	-0.39196861914688863	0.37700080490522214	0.11237048870777293	-1.5601024761836748	-0.10974824888976899	-0.5655928545918888	-1.2513229662603749	1.277192074266922	-0.09969740165636662	0.3883293061255127	-0.6077327192535781	0.09491983438442571	-0.7751330160803199	-0.05715311447910364	-0.38975012364078065	-0.04703783780887887	-0.8878866056388857	-0.3208475020208431	-0.5903154497332681	0.27133870162625395	1.0388315432575648	-0.05187734636599467	1.2722145265281755	0.12280087879804313
0.14731975255830196	0.5406207903527115	-0.8291792135926899	-0.25149731702710815	1.0944918495599114	-0.1277556602270137	-1.5161705516356734	-0.43778498633505886	1.3110179662298898	0.30457202704536335	-1.530586755728484	0.2816890105993298	-1.178350109621398	-0.6180580078886253	0.4159146595182593	-0.5174477982295674	-0.3211820082883973	0.3659060858136447	0.4326542333492378	-1.0207383434455346	0.6002144076819671	-0.8281000125976546	-0.9485126371994242	-0.6634771289488132	-1.5682775557307487	-0.8237305144821008	-0.8041438765189287	1.1784323747764547	0.1793365992635536	0.4518039069437491	-0.4322680021789037
-0.3886420206193872	0.05670787717278873	-1.2099548137661884	-1.2696398935938793	-0.05588111130949651	-0.19725444625352667	-0.2591844512235967	-0.45098123718325	-0.4804528705199723	0.3408233653379063	-1.5581958996722205	-0.6833303434993049	-0.7202881603849356	0.1634222075614679	-0.8155569364123512	-0.9109435977371577	1.1787909672543457	0.9010387677334143	0.25067421121671957	-0.6015122417190528	-0.07565956274115451	-0.8295614564044372	-0.8108022537599224	-0.759129679843798	-0.7103996703737743	-1.2606858332203374	0.7318308576759139	1.0786360134201898	0.3877411647403897	0.6982401779958562	0.29910424915689515
-0.818861967386399	0.1459800644913673	-1.1153573891879278	-0.597274081361509	0.36774471923115526	-0.15972596092522195	1.2582190044892663	-0.341836227704241	-0.9299259853149153	0.2543493048843573	-1.5117638151866772	-1.355829408868397	-0.022282218869757595	0.7813446110362282	-0.8087891006106838	-1.172941454513444	-1.1385579412197067	0.6781253574595754	-0.19472216056755523	-0.907383213459811	-0.10658629359972038	-0.7916262553288949	-1.0228177686622018	-1.1865563068366722	0.1913070483525629	-1.3323099950911041	-0.4572656863395096	1.1227429166694252	0.4855657194339749	0.18345149817920026	0.7596999148324738
-0.8198950810054694	0.5059423390234752	-1.500441497341432	0.9726011965191145	-0.18734020470234836	0.12183160053517572	1.0330811147840646	-0.3359356862298332	1.3568436418909906	-0.18639476719806125	-1.5311735129714799	-0.5632012949434443	-0.2955083016380032	0.973913706756236	1.033712052240875	-0.6287744960547738	0.9758424881542646	-0.5824283952537046	0.27961320350992197	-0.4819872072397508	-0.7758485837591419	-0.07577049877184193	-0.508818576580156	-1.3445652597122557	0.256710253930764	-1.769454364320403	0.6065226996330143	1.4543025519273025	-0.0819146210081244	0.5928715322532688	0.41042410139602653
-1.3852519583551455	1.4299392596591258	-1.44134259696418	1.1936675496611804	-0.0186915279004612	0.4176495990537651	-0.8552330706512742	-0.5520192784102269	0.3238936273730461	0.5284633631602977	-1.5588989299586489	-0.05510025666223326	-0.042985676195224226	-0.7359553443936042	0.06599978623022001	-0.41253234648541154	0.09901543551017587	0.03463551471831256	0.38882595912336015	-0.7079680002329067	0.9270945733719009	-0.025805399777553046	-0.05912355084644322	-0.8017409946272528	-0.42590179212479584	-1.0976827288908815	-0.18099413647832463	1.1631281551664523	-0.025165820354987888	0.8820970943695695	-0.5105151000763078
-1.0867396529811328	1.0999052047074183	-1.1234806287430834	-0.025618381133652224	0.9196126391709257	0.5587163199631768	-1.4843432204434108	-0.44705817035045464	1.4667176330985792	0.5653733305737446	-1.6169669514480476	-0.3727539325885144	-0.34579515777879993	-0.4616743681678737	-0.9580760558839206	-0.364421622389743	-0.6935659493867934	1.0120298724217356	0.18879214992598828	-1.5597083486184844	0.10531088487046256	-0.962163390755813	-1.168620760649459	-0.3806803118010328	-0.7388060122044375	-1.3392800016382864	-1.5993779154242218	1.1113420406764394	0.13328585095714984	-0.21787481024699054	-0.09365228646205227
-0.5185827043917055	0.43599976864293816	-1.0726170155552828	-1.2615943994906957	-0.5444958062042404	0.4309415294557917	-0.7957552614452533	-0.002623666448732445	-0.6915643730756478	0.45644958665325475	-1.6451144616771602	-1.1337517875142815	-0.06977314387520683	0.5755714046502871	-1.3768721298820081	0.25190708765256076	1.5030210147985608	0.8370023412200301	0.015723444512818475	-0.6990470400884149	-1.091464037460565	-1.0172392843013642	-1.512957642200017	-0.33337946869761054	-0.10979920675084598	-1.7462764718282024	-0.40074300911357386	1.2639701395885463	0.47149105248683676	0.053167880886532744	0.4128142396565323
-0.7229473625439713	0.22061576453793266	-0.7291941116890392	-1.0107152644296857	-1.2733212676651713	0.4211669910310713	1.1218963199511964	0.24772014121364258	-0.23537191643732536	0.5310611272788183	-1.570738037026309	-1.1448643531320097	0.7880438290073072	1.283302191777903	-0.15397353948525072	0.42256810305901876	-0.4862219423559825	0.21793170467872192	-0.3281036615212659	0.4853415448164381	-1.3259712108633488	-0.7728979755994885	-0.8048404509958708	-0.4539873591531548	0.6943175416874571	-2.133212518801162	-1.0798344187934856	1.43186810583199	0.5008595522000794	-0.74602977285751	0.3743284160652429
-1.1418222626537273	1.0721899234193144	-0.9609321715360024	1.0597779477138156	-1.5406606696814658	0.744913266541423	0.9714548076064106	0.1980033341034066	0.33978584831396247	-0.11423608252454302	-1.62590502741988	-0.03009109684889499	1.307724237538223	0.40229977721469007	0.6407876991880576	-0.2818620720006084	0.8680962216210076	-0.36124629097192806	-0.4437024640139779	1.057860840455882	0.39304448139318987	-0.5006773908295363	0.2293189789863155	-0.2945473886734415	0.7042379729043797	-2.107440147229627	-0.01632909894655188	1.2992089296416747	0.6682090010045165	-0.6189574003422693	-0.30096740605532535
-0.9362363937854067	1.1786056359080912	-0.472125514725955	0.9007404742347153	-1.515175455227098	0.8821253572596967	-1.14909770492601	0.07587601027025818	0.07039606498683676	0.03711224741417201	-1.5672032144270098	0.19294719710319497	1.416514024728784	-0.2377094185405981	-0.4051405961630063	-0.4244868694089025	-0.549287570418092	0.5177833483448465	-0.7696041108614345	0.7176198100057792	1.6522813990152385	-1.2964129888273919	-0.1834739024344547	-0.18122175555454234	0.9191888041666637	-1.441737899524428	-1.8384930735812637	0.9947880909718816	0.7304258843787578	-0.48020781460975054	-0.7963865870045157
-0.4280199725064165	0.6341851962857716	0.5274388556988154	-0.9618085033976259	-0.8624663923217628	0.5311961033765172	-1.2025954306719857	-0.17818271451042497	-0.19121544472742272	0.42298392155542874	-1.4770281377085797	-0.963369779618821	1.1650962894927437	-0.05327062304849215	-1.1974405150235277	-0.03193987392307991	0.5185362484248164	0.7471922210791033	-1.1890522420900704	0.8704716743281415	1.5585562996029254	-0.717810280271024	-0.40604295171472565	0.11239834822871902	0.6679270124810646	-1.1509650280399422	-0.0966036066295771	0.8305772409560137	0.6410692566158176	0.03803922800261445	-0.3326173662584857
0.05020155423939327	1.9337257141535493	1.64175152725005	-1.3342624846986102	0.4057954442969301	0.5874490460593617	-0.2758993225935319	-0.29020313205669707	-2.187857990682908	0.4367608620464084	-1.1771095554912092	-2.4510417531693474	0.32724546378189595	-1.0977977682251296	0.19767283950102063	0.08983353354057527	0.8188077453561735	-3.524515405754576	-1.6589935069365587	0.5794434844828386	2.398700874076455	0.08146876233765536	-0.43611137499694197	0.22190368027428525	0.7294630173445259	0.2763297559775998	-1.6515044390325309	0.4271736981734827	-0.34133829489675616	0.8301054825865763	1.4925068871087381
1.6460176449384074	1.0646109598636797	1.458845733183281	-1.3079472849772407	2.40065796184156	1.0413350037415865	0.243799920253509	-0.031349231408026555	1.156570653658407	0.4191545940465625	-1.312433034646544	1.2463668865733502	-0.49028621496677527	0.6891008378245875	-0.10638850173671117	-0.795631030639052	0.6844724258814253	1.1550041471076422	-1.3072059501924969	-0.6156202242677549	-0.6257343751446381	-0.5935477822796276	-0.42125810322795443	0.3708139867432511	0.5404646318674582	0.05640835668835509	0.45232653254551064	0.9301531751397091	-0.2652160282452273	0.5748214222526513	-1.0702393461505642
2.155095013895936	0.5329687615208561	0.60724562261305	-1.0224102448958559	1.5759520648170868	0.6775855671404022	0.7317105729204071	-0.35707262480193025	-2.0426207907926304	0.7656686595533979	-1.5045272549987945	-0.8007389872684028	-1.1089075131703168	0.07468793442573435	0.023235923991937083	-1.2017254774408936	-0.8670577699083761	0.46102805024125376	-1.1257343776439785	-1.871284644999709	0.23820441521235486	-0.9945601107552108	1.0912571232113557	-0.3448253042996185	0.20701652906301127	-0.2836102811042408	-1.189074699412693	0.6407522062987374	-0.42110551433637117	-0.16563228804986416	-0.5462158361023145
2.168972825213837	-0.565865404917649	-0.17510756267461974	-0.33319224017360183	0.8858728760555472	0.7408928311225738	1.1647561738769576	-0.3001014931982062	-0.9054809066370751	0.3528109850966175	-1.4545042705829994	-0.32134001425716235	-1.0418512498690264	-0.4576592041002238	0.7796215698828196	-0.8603821349512603	-1.1364457521803848	-0.476558741346891	-0.8006607257254702	-2.519849108771535	-1.65965215671013	-1.7188923621811898	0.6397040433015887	-0.7945921352434678	0.6071522388702407	-0.940948436955369	-1.8266852048079267	0.8249377081701305	0.17152004501971188	-1.0735462627350585	-0.24355505741069255
